:020000040800F2
:1000000000000220412E0008712B0008792B000807
:10001000812B0008892B0008912B000800000000AC
:1000200000000000000000000000000091EF010847
:10003000992B00080000000081F20108E9F2010894
:10004000912E0008912E0008912E0008912E000894
:10005000912E0008912E0008912E0008912E000884
:10006000A72B0008912E0008912E0008B52B000840
:10007000912E0008912E0008912E0008912E000864
:10008000C92B0008912E0008912E0008912E00081F
:10009000912E0008912E0008912E0008912E000844
:1000A000912E0008912E0008912E0008912E000834
:1000B000912E0008912E0008912E0008912E000824
:1000C000912E0008912E0008912E0008912E000814
:1000D000912E0008912E0008912E0008DD2B0008BB
:1000E000912E0008F12B0008912E0008912E000897
:1000F000912E0008912E0008912E0008912E0008E4
:10010000912E0008052C0008912E0008192C0008DB
:100110002D2C0008912E0008912E0008412C00087B
:10012000912E0008912E0008912E0008552C0008F1
:10013000912E0008912E0008912E0008912E0008A3
:10014000912E0008912E0008912E0008912E000893
:10015000912E0008692C0008912E00087D2C0008C3
:10016000912E0008912E0008912E0008912E000873
:10017000912E0008912E0008912E0008000000002A
:08018000912E0008912E0008E9
:1001900010B5054C237833B9044B13B10448AFF3C1
:1001A00000800123237010BDD8040020000000004F
:1001B000A8B0020808B5034B1BB103490348AFF3CD
:1001C000008008BD00000000DC040020A8B0020888
:1001D00010F8012B11F8013B012A28BF9A42F7D0F1
:1001E000D01A7047034613F8012B002AFBD1181AC6
:1001F000013870470000000000000000000000000F
:1002000001F0FF01102A2BDB10F0070F08D010F8C7
:10021000013B013A8B422DD010F0070F42B3F6D1CB
:10022000F0B441EA012141EA014122F007047FF0E4
:1002300000070023F0E80256083C85EA010586EA3B
:10024000010685FA47F5A3FA87F586FA47F6A5FA77
:1002500087F68EB9EED1F0BC01F0FF0102F0070283
:1002600032B110F8013B013A83EA010313B1F8D12E
:100270000020704701387047002D06BF354603380F
:10028000073815F0010F07D1013015F4807F02BF48
:10029000013015F4C03F0130F0BC0138704700BF99
:1002A00081F0004102E000BF83F0004330B54FEA27
:1002B00041044FEA430594EA050F08BF90EA020F94
:1002C0001FBF54EA000C55EA020C7FEA645C7FEA27
:1002D000655C00F0E2804FEA5454D4EB5555B8BF4A
:1002E0006D420CDD2C4480EA020281EA030382EABB
:1002F000000083EA010180EA020281EA0303362D4D
:1003000088BF30BD11F0004F4FEA01314FF4801C1F
:100310004CEA113102D0404261EB410113F0004F31
:100320004FEA03334CEA133302D0524263EB4303E8
:1003300094EA050F00F0A780A4F10104D5F1200E86
:100340000DDB02FA0EFC22FA05F2801841F10001E1
:1003500003FA0EF2801843FA05F359410EE0A5F1B5
:1003600020050EF1200E012A03FA0EFC28BF4CF0E6
:10037000020C43FA05F3C01851EBE37101F000459C
:1003800007D54FF0000EDCF1000C7EEB00006EEBA9
:100390000101B1F5801F1BD3B1F5001F0CD3490833
:1003A0005FEA30004FEA3C0C04F101044FEA44528A
:1003B00012F5800F80F09A80BCF1004F08BF5FEA11
:1003C000500C50F1000041EB045141EA050130BDF1
:1003D0005FEA4C0C404141EB0101013C28BFB1F503
:1003E000801FE9D291F0000F04BF01460020B1FA4E
:1003F00081F308BF2033A3F10B03B3F120020CDA21
:100400000C3208DD02F1140CC2F10C0201FA0CF0FE
:1004100021FA02F10CE002F11402D8BFC2F1200C63
:1004200001FA02F120FA0CFCDCBF41EA0C01904019
:10043000E41AA2BF01EB0451294330BD6FEA040462
:100440001F3C1CDA0C340EDC04F11404C4F120024D
:1004500020FA04F001FA02F340EA030021FA04F35F
:1004600045EA030130BDC4F10C04C4F1200220FAB6
:1004700002F001FA04F340EA0300294630BD21FAF4
:1004800004F0294630BD94F0000F83F4801306BFBA
:1004900081F480110134013D4EE77FEA645C18BFAE
:1004A0007FEA655C29D094EA050F08BF90EA020F45
:1004B00005D054EA000C04BF1946104630BD91EA3D
:1004C000030F1EBF0021002030BD5FEA545C05D140
:1004D0004000494128BF41F0004130BD14F580047F
:1004E0003CBF01F5801130BD01F0004545F0FE41F3
:1004F00041F470014FF0000030BD7FEA645C1ABF28
:10050000194610467FEA655C1CBF0B46024650EA5E
:10051000013406BF52EA033591EA030F41F400218A
:1005200030BD00BF90F0000F04BF0021704730B510
:100530004FF4806404F132044FF000054FF00001E5
:1005400050E700BF90F0000F04BF0021704730B5A6
:100550004FF4806404F1320410F0004548BF40427B
:100560004FF000013EE700BF42004FEAE2014FEAD0
:1005700031014FEA02701FBF12F07F4393F07F4FAB
:1005800081F06051704732F07F4208BF704793F0AE
:100590007F4F04BF41F40021704730B54FF46074C1
:1005A00001F0004521F000411CE700BF50EA0102C4
:1005B00008BF704730B54FF000050AE050EA01026D
:1005C00008BF704730B511F0004502D5404261EBDD
:1005D00041014FF4806404F132045FEA915C3FF41E
:1005E000D8AE4FF003025FEADC0C18BF03325FEABB
:1005F000DC0C18BF033202EBDC02C2F1200300FA6C
:1006000003FC20FA02F001FA03FE40EA0E0021FA90
:1006100002F11444BDE600BF70B54FF0FF0C4CF47E
:10062000E06C1CEA11541DBF1CEA135594EA0C0F30
:1006300095EA0C0F00F0DEF82C4481EA030621EA6B
:100640004C5123EA4C5350EA013518BF52EA0335A6
:1006500041F4801143F4801338D0A0FB02CE4FF058
:100660000005E1FB02E506F00042E0FB03E54FF088
:100670000006E1FB03569CF0000F18BF4EF0010E80
:10068000A4F1FF04B6F5007F64F5407404D25FEA7C
:100690004E0E6D4146EB060642EAC62141EA55512F
:1006A0004FEAC52040EA5E504FEACE2EB4F1FD0C71
:1006B00088BFBCF5E06F1ED8BEF1004F08BF5FEAEF
:1006C000500E50F1000041EB045170BD06F00046A1
:1006D00046EA010140EA020081EA0301B4EB5C044E
:1006E000C2BFD4EB0C0541EA045170BD41F4801146
:1006F0004FF0000E013C00F3AB8014F1360FDEBF6B
:10070000002001F0004170BDC4F10004203C35DA46
:100710000C341BDC04F11404C4F1200500FA05F3C9
:1007200020FA04F001FA05F240EA020001F000426A
:1007300021F0004110EBD37021FA04F642EB0601E0
:100740005EEA430E08BF20EAD37070BDC4F10C040A
:10075000C4F1200500FA04F320FA05F001FA04F2CE
:1007600040EA020001F0004110EBD37041F10001BA
:100770005EEA430E08BF20EAD37070BDC4F12005C5
:1007800000FA05F24EEA020E20FA04F301FA05F22D
:1007900043EA020321FA04F001F0004121FA04F2D5
:1007A00020EA020000EBD3705EEA430E08BF20EAA5
:1007B000D37070BD94F0000F0FD101F000464000DF
:1007C00041EB010111F4801F08BF013CF7D041EA61
:1007D000060195F0000F18BF704703F00046520065
:1007E00043EB030313F4801F08BF013DF7D043EA36
:1007F0000603704794EA0C0F0CEA135518BF95EAEC
:100800000C0F0CD050EA410618BF52EA4306D1D172
:1008100081EA030101F000414FF0000070BD50EA91
:10082000410606BF1046194652EA430619D094EA1B
:100830000C0F02D150EA013613D195EA0C0F05D105
:1008400052EA03361CBF104619460AD181EA030159
:1008500001F0004141F0FE4141F470014FF0000011
:1008600070BD41F0FE4141F4780170BD70B54FF0AC
:10087000FF0C4CF4E06C1CEA11541DBF1CEA13552C
:1008800094EA0C0F95EA0C0F00F0A7F8A4EB05040E
:1008900081EA030E52EA03354FEA013100F0888005
:1008A0004FEA03334FF0805545EA131343EA1263CE
:1008B0004FEA022245EA111545EA10654FEA002683
:1008C0000EF000419D4208BF964244F1FD0404F53C
:1008D000407402D25B084FEA3202B61A65EB030598
:1008E0005B084FEA32024FF480104FF4002CB6EB55
:1008F000020E75EB030E22BFB61A754640EA0C00D5
:100900005B084FEA3202B6EB020E75EB030E22BF14
:10091000B61A754640EA5C005B084FEA3202B6EB55
:10092000020E75EB030E22BFB61A754640EA9C0014
:100930005B084FEA3202B6EB020E75EB030E22BFE4
:10094000B61A754640EADC0055EA060E18D04FEAA2
:10095000051545EA16754FEA06164FEAC30343EA42
:1009600052734FEAC2025FEA1C1CC0D111F4801F0F
:100970000BD141EA00014FF000004FF0004CB6E708
:1009800011F4801F04BF01430020B4F1FD0C88BFA7
:10099000BCF5E06F3FF6AFAEB5EB030C04BFB6EBB2
:1009A000020C5FEA500C50F1000041EB045170BDA5
:1009B0000EF0004E4EEA113114EB5C04C2BFD4EBD2
:1009C0000C0541EA045170BD41F480114FF0000E56
:1009D000013C90E645EA060E8DE60CEA135594EAD2
:1009E0000C0F08BF95EA0C0F3FF43BAF94EA0C0FD5
:1009F0000AD150EA01347FF434AF95EA0C0F7FF44A
:100A000025AF104619462CE795EA0C0F06D152EA9D
:100A100003353FF4FDAE1046194622E750EA410681
:100A200018BF52EA43067FF4C5AE50EA41047FF492
:100A30000DAF52EA43057FF4EBAE12E74FF0FF3CF7
:100A400006E000BF4FF0010C02E000BF4FF0010CC8
:100A50004DF804CD4FEA410C7FEA6C5C4FEA430C41
:100A600018BF7FEA6C5C1BD001B050EA410C0CBF90
:100A700052EA430C91EA030F02BF90EA020F0020F2
:100A8000704710F1000F91EA030F58BF994208BF59
:100A900090422CBFD8176FEAE37040F00100704716
:100AA0004FEA410C7FEA6C5C02D150EA013C07D16D
:100AB0004FEA430C7FEA6C5CD6D152EA033CD3D0B8
:100AC0005DF8040B704700BF8446104662468C46B2
:100AD0001946634600E000BF01B5FFF7B7FF0028E5
:100AE00048BF10F1000F01BD4DF808EDFFF7F4FF0E
:100AF0000CBF012000205DF808FB00BF4DF808ED99
:100B0000FFF7EAFF34BF012000205DF808FB00BFBB
:100B10004DF808EDFFF7E0FF94BF012000205DF8DD
:100B200008FB00BF4DF808EDFFF7CEFF94BF012092
:100B300000205DF808FB00BF4DF808EDFFF7C4FF8B
:100B400034BF012000205DF808FB00BF4FEA410CD4
:100B50007FEA6C5C02D150EA013C0AD14FEA430CB7
:100B60007FEA6C5C02D152EA033C02D14FF00000F4
:100B700070474FF0010070474FEA410212F5001232
:100B800015D211D56FF47873B3EB625212D94FEAD4
:100B9000C12343F0004343EA505311F0004F23FABE
:100BA00002F018BF404270474FF00000704750EA13
:100BB000013005D111F0004008BF6FF000407047D0
:100BC0004FF00000704700BF4A0011D212F500122A
:100BD00011D20DD56FF47873B3EB62520ED44FEA95
:100BE000C12343F0004343EA505323FA02F0704715
:100BF0004FF00000704750EA013002D14FF0FF3053
:100C000070474FF0000070474FEA4102B2F1E043F5
:100C100024BFB3F5001CDCF1FE5C0DD901F0004CE3
:100C20004FEAC0024CEA5070B2F1004F40EB830033
:100C300008BF20F00100704711F0804F21D113F15F
:100C40003872BCBF01F00040704741F480114FEA98
:100C50005252C2F11802C2F1200C10FA0CF320FA21
:100C600002F018BF40F001004FEAC1234FEAD3233E
:100C700003FA0CFC40EA0C0023FA02F34FEA4303A8
:100C8000CCE77FEA625307D150EA01331EBF4FF031
:100C9000FE4040F44000704701F0004040F0FE404C
:100CA00040F40000704700BF7BB972B90029BEBF95
:100CB00000204FF0004106E008BF00281CBF6FF085
:100CC00000414FF0FF3000F009BAADF1080C6DE9BA
:100CD00004CE002909DB002B1ADB00F083F8DDF8D5
:100CE00004E0DDE9022304B07047404261EB4101BA
:100CF000002B1BDB00F076F8DDF804E0DDE90223D1
:100D000004B0404261EB4101524263EB4303704740
:100D1000524263EB430300F065F8DDF804E0DDE9DF
:100D2000022304B0404261EB41017047524263EB41
:100D3000430300F057F8DDF804E0DDE9022304B0D6
:100D4000524263EB4303704753B94AB9002908BFC5
:100D500000281CBF4FF0FF314FF0FF3000F0BEB94C
:100D6000ADF1080C6DE904CE00F03CF8DDF804E0CC
:100D7000DDE9022304B0704738B5002200230446A1
:100D80000D46FFF7BBFE28B920462946BDE838408E
:100D900000F00AB8204605F1004100F005F8404295
:100DA00061EB410138BD00BFD0B50C4B00220646B7
:100DB0000F46FFF731FCFFF707FF0446FFF7B2FBD2
:100DC000074B0022FFF728FC02460B463046394607
:100DD000FFF76AFAFFF7F8FE2146D0BD0000F03DAC
:100DE0000000F0412DE9F047089D8E4604468846F4
:100DF000002B4AD18A42174662D9B2FA82F64EB126
:100E0000C6F1200301FA06F820FA03F3B74043EADB
:100E10000808B4404FEA174E1FFA87FCB8FBFEF1F2
:100E2000230C0EFB118843EA084301FB0CF29A42A3
:100E300009D9FB1801F1FF3080F0EA809A4240F2B4
:100E4000E78002393B449A1AA3B2B2FBFEF00EFBD4
:100E5000102243EA024300FB0CFC9C4509D9FB1815
:100E600000F1FF3280F0D6809C4540F2D3803B44B5
:100E7000023840EA0140A3EB0C0300211DB1F3400E
:100E80000022C5E90032BDE8F0878B4205D90DB1DB
:100E9000C5E9000100210846F5E7B3FA83F100290E
:100EA00046D1734502D3824200F20581841A6EEB6B
:100EB000030201209046002DE5D0C5E90048E2E795
:100EC000002A00F09080B2FA82F6002E40F0A48052
:100ED0008A1A030C4FEA174E80B2BCB20121B2FB52
:100EE000FEFC0EFB1C2243EA024304FB0CF29A4276
:100EF00007D9FB180CF1FF3802D29A4200F2E080C9
:100F0000C4469B1AB3FBFEF20EFB123340EA0343C6
:100F100002FB04F49C4207D9FB1802F1FF3002D215
:100F20009C4200F2CA8002461B1B42EA0C40A5E725
:100F3000C1F120068B4022FA06F71F430EFA01F496
:100F400020FA06F32EFA06FE4FEA1749234300FA69
:100F500001F81FFA87FCBEFBF9F01C0C09FB10EE30
:100F600044EA0E4400FB0CFEA64502FA01F209D940
:100F70003C1900F1FF3A80F09C80A64540F2998030
:100F800002383C44A4EB0E041FFA83FEB4FBF9F3D1
:100F900009FB13444EEA044403FB0CFCA44508D9A6
:100FA0003C1903F1FF3E80F08280A4457FD9023BCB
:100FB0003C4443EA0040A4EB0C04A0FB02EC644573
:100FC0007346E14662D35FD05DB1B8EB030264EBD8
:100FD000090404FA06F622FA01F31E43CC40C5E9DF
:100FE000006400214FE7B1FBF2FC010C41EA0E4125
:100FF00080B240EA01423B4638463C46B846BE46CF
:101000002026B1FBF7F1A2EB080241EA0C4166E7AA
:10101000014618E710462CE7C6F120022EFA02F32B
:10102000B740B14020FA02F24FEA174E0A43B3FB31
:10103000FEF8BCB20EFB1833110C41EA034108FB69
:1010400004F9B04089454FEA104380B23ED979187F
:1010500008F1FF3C01D289451FD8A1EB0901B1FB82
:10106000FEF909FB04F80EFB191192B242EA0142A3
:10107000424529D2BA1809F1FF31C4D24245C2D241
:10108000A9F102013A44BEE7F0459DD2BEEB02034E
:101090006CEB070C0138E14696E7A7EB09094944D8
:1010A000A8F1020CB1FBFEF909FB04F8DBE773467B
:1010B0007FE7504666E70846FDE63B44023A33E7E1
:1010C000ACF1020C3B441CE749469CE7A1EB09014B
:1010D000C446B1FBFEF909FB04F8C4E7704700BF42
:1010E00080B584B004AF11F079FA00F0A5F900F0F2
:1010F0005FFC00F017FC00F03FFD00F01BFA00F071
:1011000047FA00F073FA00F035FB00F055FB00F0F1
:1011100089FB00F0DDFB1AF069F900F095FA00F0A8
:10112000ABFB00F0F3F902F009FD0346012219467A
:10113000844818F0C8FB02F0F7FC03460122194668
:10114000814818F0C0FB41F2883000F0F1FD08F052
:10115000F9F87E4B93F82F30012B18D1CE227C4921
:101160007A4802F0EAFD7A4B5B78F02B0FD1784B8E
:101170009B78052B0BD1774808F0F0FE744B1B7A57
:10118000012B0CBF01230023DAB2734B1A70724B90
:101190001B7883F00103DBB2002B03D00021002079
:1011A00002F064FC00F06EFF06F0C6FD6B4B1B788E
:1011B00042F6D07219466A4826F005FC64220021E6
:1011C000684826F000FC64220021674826F0FBFBFB
:1011D000664B0293664B01930323009300234FF465
:1011E0004072644964481BF0F0FC0346634A136094
:1011F000634B0293634B01930323009300234FF44B
:101200004072614961481BF0E0FC0346604A13608C
:10121000604B0293604B01930323009300234FF430
:1012200040725E495E481BF0D0FC03465D4A136085
:101230005D4B02935D4B01930323009300234FF416
:10124000A0625B495B481BF0C0FC03465A4A13602E
:101250005A4B02935A4B01930323009300234FF4FC
:101260004072584958481BF0B0FC0346574A136077
:10127000574B0293574B01930323009300234FF4E2
:101280004072554955481BF0A0FC0346544A136070
:10129000544B01930123009300234FF4A062524961
:1012A00052481BF0F6FC524B01930223009300239B
:1012B00040F6B8424F4950481BF0EBFC4F4B0193AE
:1012C0000223009300234FF410624D494D481BF058
:1012D000E0FC4D4B01930223009300234FF4007276
:1012E0004A494B481BF0D5FC4A4B0193022300931B
:1012F00000234FF44072484948481BF0CAFC484B51
:1013000001930223009300234FF40072454946489D
:101310001BF0BFFC454B01930123009300234FF4C6
:10132000A062434943481BF0B4FC04F0BBFF274BC9
:101330001B68184608F052F808F0B2FC1BF09CFE3F
:1013400000BFFDE7BC0800207408002098160020AC
:10135000081600200B160020750200208A020020CB
:10136000007D006484170020E8170020A010001002
:10137000A0040010C0B0020891A90008802200203B
:10138000401D001040110010C8B00208C9890008B3
:10139000001A0020E0290010E01D0010D4B002085F
:1013A000A1560008D8160020803E0010802A0010A8
:1013B000E0B00208E1E30008182A0020204B0010EA
:1013C000203F0010E8B0020841D60008B0220020FB
:1013D000C0570010C04B0010F0B002083D9200084A
:1013E0004C1C0020DC1C0020FCB002083D970008CB
:1013F000D01C002004B1020889950008D41C0020EC
:101400000CB10208FD9300084422002014B1020828
:10141000B9A200084822002018B1020879A40008E7
:10142000402200201CB10208A9A00008D81C0020FE
:1014300024B102088D58000880B594B000AF07F1C0
:10144000200330220021184626F0BDFA07F10C03D4
:1014500000221A605A609A60DA601A610023BB6049
:10146000284B1B6C274A43F080531364254B1B6C9D
:1014700003F08053BB60BB6800237B60224B1B687A
:10148000214A43F4804313601F4B1B6803F48043DD
:101490007B607B680A233B620123FB6210233B6372
:1014A00001237B630223BB630023FB6308233B64AC
:1014B00054237B640223BB640423FB6407F12003F1
:1014C000184614F0EFF80346002B01D000F048FE58
:1014D0000F23FB6002233B6180237B610023BB6100
:1014E0000023FB6107F10C030121184614F052FBA5
:1014F0000346002B01D000F033FE00BF5037BD463D
:1015000080BD00BF003802400070004080B500AFD1
:10151000064B074A1A60054811F0AAF90346002B4A
:1015200001D000F01DFE00BF80BD00BFF40400200C
:101530000030024080B500AF124B134A1A60114BC5
:10154000124A5A600F4B00229A600E4B0022DA605A
:101550000C4B4FF480421A610A4B00225A61094B2E
:1015600000229A61074B0022DA61064B00221A62C0
:10157000044812F0F3FB0346002B01D000F0F0FD0D
:1015800000BF80BDFC04002000540040A086010084
:1015900080B500AF124B134A1A60114B124A5A60C1
:1015A0000F4B00229A600E4B0022DA600C4B4FF476
:1015B00080421A610A4B00225A61094B00229A614B
:1015C000074B0022DA61064B00221A62044812F02F
:1015D000C5FB0346002B01D000F0C2FD00BF80BD5B
:1015E0005005002000580040A086010080B500AFE3
:1015F000124B134A1A60114B124A5A600F4B0022C9
:101600009A600E4B0022DA600C4B4FF480421A6154
:101610000A4B00225A61094B00229A61074B0022B3
:10162000DA61064B00221A62044812F097FB034667
:10163000002B01D000F094FD00BF80BDA405002068
:10164000005C0040A086010080B590B000AF07F1BB
:101650002C0300221A605A609A60DA601A61002333
:10166000BB623B4628220021184626F0ACF93F4BCE
:101670003F4A1A603D4B00225A603C4B7F229A60E1
:101680003A4BFF22DA60394B00221A61374B0022B5
:101690005A61364B00229A61344814F06FFD0346BC
:1016A000002B01D000F05CFD002387F82C300023D4
:1016B00087F82D30002387F82E300023BB630023EA
:1016C000FB6307F12C0301221946284814F0D9FDC9
:1016D0000346002B01D000F043FD022387F8283099
:1016E000042387F82930282387F82A30252387F810
:1016F0002B3007F12803012219461C4814F0B9FECB
:101700000346002B01D000F02BFD00233B7001238A
:101710007B700023BB7000237B600023FB600023F1
:101720003B614FF000437B610023BB610023FB6101
:10173000012387F820304FF480737B623B460122FF
:1017400019460A4814F068FF0346002B01D000F048
:1017500007FD00220521292011F052F8292011F05F
:101760006BF800BF4037BD4680BD00BFF8050020C4
:101770000028004080B400AF0D4B0E4A1A600C4B9D
:1017800000225A600A4B00229A60094B0022DA605C
:10179000074B00221A61064B4FF480425A61044BFA
:1017A00004229A6100BFBD465DF8047B704700BF0C
:1017B00018060020002C014080B500AF174B184AD6
:1017C0001A60164B4FF482725A60144B00229A60D2
:1017D000124B0022DA60114B00221A610F4B0022DB
:1017E0005A610E4B4FF400729A610C4B1022DA6171
:1017F0000A4B00221A62094B00225A62074B002250
:101800009A62064B0A22DA62044816F0C0FB0346CD
:10181000002B01D000F0A4FC00BF80BD5C070020BD
:10182000003C004080B500AF114B124A1A60104BCB
:101830004FF416525A600E4B00229A600C4B002255
:10184000DA600B4B00221A61094B0C225A61084BDB
:1018500000229A61064B0022DA61054817F058FF12
:101860000346002B01D000F07BFC00BF80BD00BF11
:1018700074080020004C004080B500AF124B134AA2
:101880001A60114B4FF4E1325A600F4B4FF4805203
:101890009A600D4B0022DA600B4B4FF480621A61A4
:1018A000094B0C225A61084B00229A61064B002218
:1018B000DA61054817F02CFF0346002B01D000F039
:1018C0004FFC00BF80BD00BFBC08002000480040A6
:1018D00080B500AF114B124A1A60104B4FF4E13241
:1018E0005A600E4B00229A600C4B0022DA600B4BC0
:1018F00000221A61094B0C225A61084B00229A619E
:10190000064B0022DA61054817F002FF0346002B60
:1019100001D000F025FC00BF80BD00BF04090020FD
:101920000014014080B582B000AF00237B601F4BE4
:101930001B6B1E4A43F4800313631C4B1B6B03F4A5
:1019400080037B607B6800233B60184B1B6B174A4E
:1019500043F400131363154B1B6B03F400133B603C
:101960003B68002205210B2010F04AFF0B2010F0ED
:1019700063FF00220521102010F042FF102010F01C
:101980005BFF002205213B2010F03AFF3B2010F0C6
:1019900053FF00220521452010F032FF452010F0B2
:1019A0004BFF00BF0837BD4680BD00BF0038024076
:1019B00080B58EB000AF07F1240300221A605A6090
:1019C0009A60DA601A6100233B62664B1B6B654AC2
:1019D00043F004031363634B1B6B03F004033B628C
:1019E0003B6A0023FB615F4B1B6B5E4A43F02003A5
:1019F00013635C4B1B6B03F02003FB61FB6900234B
:101A0000BB61584B1B6B574A43F080031363554B24
:101A10001B6B03F08003BB61BB6900237B61514BEF
:101A20001B6B504A43F0010313634E4B1B6B03F0D7
:101A300001037B617B6900233B614A4B1B6B494A75
:101A400043F002031363474B1B6B03F002033B613C
:101A50003B690023FB60434B1B6B424A43F040034E
:101A60001363404B1B6B03F04003FB60FB680023D8
:101A7000BB603C4B1B6B3B4A43F010031363394B79
:101A80001B6B03F01003BB60BB6800237B60354B0E
:101A90001B6B344A43F008031363324B1B6B03F098
:101AA00008037B607B68002242F230212E4812F04E
:101AB00017F900224FF440412C4812F011F942F27C
:101AC00030237B620123BB620023FB6200233B6364
:101AD00007F124031946244811F052FE04237B62C7
:101AE0004FF48813BB620023FB6207F124031946FD
:101AF0001F4811F045FE4FF400737B624FF48813CA
:101B0000BB620023FB6207F124031946174811F05A
:101B100037FE4FF480737B620023BB620023FB62BD
:101B200007F124031946134811F02AFE4FF44043ED
:101B30007B620123BB620023FB6200233B6307F14E
:101B400024031946094811F01BFE00220021082039
:101B500010F056FE082010F06FFE00BF3837BD466B
:101B600080BD00BF0038024000080240001C024057
:101B7000000402400018024080B588B000AF3B1D51
:101B800000221A605A609A60DA601A615A619A619A
:101B90004C4B4FF020421A604A4B4B4A5A60494B1B
:101BA00000229A60474B0022DA60464B00221A61FD
:101BB000444B10225A61434B00229A61414B002250
:101BC000DA61404B00221A623E4B00225A623D4BC2
:101BD0004FF480529A623B4B0022DA62394B00226A
:101BE0001A63384B00225A63364B00229A63354BF6
:101BF00000225A640F237B600F23BB60FF23FB602E
:101C00000F233B6110237B611123BB610023FB6128
:101C10003B1D002219462B4817F090FA0346002B73
:101C200001D000F09DFA294B4FF020421A60274B5B
:101C3000254A5A60254B02229A60244B0022DA6022
:101C4000224B00221A61214B10225A611F4B0022A5
:101C50009A611E4B0022DA611C4B00221A621B4B58
:101C600000225A62194B4FF480529A62174B00229D
:101C7000DA62164B00221A63144B00225A63134B8C
:101C800000229A63114B00225A640F237B600F23BA
:101C9000BB60FF23FB600F233B6110237B6111239B
:101CA000BB610023FB613B1D00221946074817F06A
:101CB00045FA0346002B01D000F052FA00BF20374E
:101CC000BD4680BD4C090020040100A09C090020F5
:101CD00080B485B000AF78607B681B68064A934289
:101CE00003D17B685B6DFB6000BF00BF1437BD464E
:101CF0005DF8047B704700BF003C004080B582B0B7
:101D000000AF1CF019F80346012B09D0EFF305834F
:101D10007B607B68002B03D11BF012FB034601E0C4
:101D2000024B1B6818460837BD4680BD282A002094
:101D30002DE9B04F86B000AF78601BF0FDFF034681
:101D4000012B42D0EFF30583FB60FB68002B3CD1F5
:101D50007B6800229846914642464B464FF0000071
:101D60004FF00001590141EAD261500102460B4691
:101D7000B2EB080463EB09054FF000024FF00003DB
:101D8000AB0043EA9473A20014461D4614EB080A04
:101D900045EB090B4FF000024FF000034FEACB0375
:101DA00043EA5A734FEACA0292469B465046594646
:101DB0004FF47A724FF00003FEF7C6FF02460B465F
:101DC000134618461BF0BAF818E0FFF797FF386182
:101DD0007B687B617B69B3F1FF3F05D00A4B1B78C1
:101DE0001A467B6913447B6100BFFFF787FF0246F9
:101DF0003B69D31A7A699A42F7D800BF00BF1837F7
:101E0000BD46BDE8B08F00BFA802002080B582B0FB
:101E100000AF00237B600B4B1B683A1D1146184630
:101E20001AF01CFA7B68002B07D0074B4FF080524A
:101E30001A60BFF34F8FBFF36F8F00BF0837BD46E7
:101E400080BD00BF0422002004ED00E080B582B018
:101E500000AF00237B600B4B1B683A1D11461846F0
:101E60001AF0FCF97B68002B07D0074B4FF080522B
:101E70001A60BFF34F8FBFF36F8F00BF0837BD46A7
:101E800080BD00BF0022002004ED00E080B584B0DA
:101E900000AF78600023FB607B681B680C4A9342AC
:101EA00012D10C4B1B6807F10C02114618461AF0B0
:101EB000D5F9FB68002B07D0074B4FF080521A6012
:101EC000BFF34F8FBFF36F8F00BF1037BD4680BD8C
:101ED000003C00400822002004ED00E080B584B002
:101EE00000AF78600023BB607B681B68544A934254
:101EF0002BD101F023FE03461B78FB73514B1B686B
:101F0000002B14D04F4B186807F1080207F10F019E
:101F100000231AF0EDF8BB68002B0DD04A4B4FF0B0
:101F200080521A60BFF34F8FBFF36F8F04E0FB7BCB
:101F30001946464801F00CFE01F000FE034601225E
:101F40001946434817F0BFFC5AE07B681B68414ABA
:101F500093422BD101F0E8FD03461B78FB733E4B07
:101F60001B68002B14D03C4B186807F1080207F1DE
:101F70000F0100231AF0BCF8BB68002B0DD0324BC8
:101F80004FF080521A60BFF34F8FBFF36F8F04E0A2
:101F9000FB7B19462D4801F0DBFD01F0C5FD034632
:101FA000012219462D4817F08EFC29E07B681B683A
:101FB0002B4A934224D105F0DFFE03461B78FB73C6
:101FC000254B1B68002B13D0264B186807F108021D
:101FD00007F10F0100231AF08BF8BB68002B07D024
:101FE000194B4FF080521A60BFF34F8FBFF36F8FC2
:101FF00005F0C2FE0346012219461B4817F063FC98
:102000001BF09AFE0346012B16D0184B1B68002BC1
:1020100012D0164B1B6807F10802002118461CF06D
:1020200011FBBB68002B07D0074B4FF080521A60A2
:10203000BFF34F8FBFF36F8F00BF1037BD4680BD1A
:1020400000480040501C002004ED00E098160020DD
:10205000BC080020004C0040541C002074080020E4
:1020600000140140581C002004090020182A0020F8
:1020700080B483B000AF786000BF0C37BD465DF818
:10208000047B704780B400AF114B1B68104A23F4E7
:10209000405313600E4B1B680D4A43F4805313608A
:1020A0000B4B5B680A4A23F040035360084B9B6864
:1020B000074A23F440539360054BDB68044A23F43A
:1020C0004053D36000BFBD465DF8047B704700BF3E
:1020D0000008024080B485B000AFF860B9607A6053
:1020E000FB68074A1A60BB68064A1A607B684FF4AF
:1020F00080721A6000BF1437BD465DF8047B7047DC
:10210000EC0900208C0A002080B485B000AFF86094
:10211000B9607A60FB68074A1A60BB68064A1A60B1
:102120007B684FF4C0721A6000BF1437BD465DF87B
:10213000047B70478C0E00202C0F002080B582B0ED
:1021400000AF78607B681B68044A934201D110F0AD
:1021500067FA00BF0837BD4680BD00BF00140040CD
:1021600080B400AF72B600BF00BFFDE780B483B09B
:1021700000AF00237B60104B5B6C0F4A43F480433D
:1021800053640D4B5B6C03F480437B607B680023DE
:102190003B60094B1B6C084A43F080531364064BA9
:1021A0001B6C03F080533B603B6800BF0C37BD469F
:1021B0005DF8047B704700BF0038024080B485B0F2
:1021C00000AF78607B681B680B4A93420DD10023F7
:1021D000FB600A4B1B6B094A43F480531363074BA4
:1021E0001B6B03F48053FB60FB6800BF1437BD46D4
:1021F0005DF8047B704700BF0030024000380240A9
:1022000080B58EB000AF786007F1240300221A6019
:102210005A609A60DA601A617B681B684B4A934285
:102220002CD100233B624A4B1B6B494A43F002030B
:102230001363474B1B6B03F002033B623B6AC023F3
:102240007B621223BB620023FB6203233B630423F4
:102250007B6307F1240319463E4811F091FA0023ED
:10226000FB613B4B1B6C3A4A43F400131364384B3D
:102270001B6C03F40013FB61FB6963E07B681B6864
:10228000354A93422CD10023BB61314B1B6B304A42
:1022900043F0800313632E4B1B6B03F08003BB6181
:1022A000BB6930237B621223BB620023FB620323E2
:1022B0003B6304237B6307F124031946274811F08D
:1022C0005FFA00237B61224B1B6C214A43F480039D
:1022D00013641F4B1B6C03F480037B617B6931E04B
:1022E0007B681B681E4A93422CD100233B61184B2C
:1022F0001B6B174A43F080031363154B1B6B03F0F2
:1023000080033B613B694FF4C0737B621223BB6265
:102310000023FB6203233B6304237B6307F1240355
:1023200019460E4811F02CFA0023FB60084B1B6C79
:10233000074A43F400031364054B1B6C03F40003CA
:10234000FB60FB6800BF3837BD4680BD00540040CD
:10235000003802400004024000580040001C0240C7
:10236000005C004080B586B000AF786007F10803DC
:1023700000221A605A609A60DA607B681B68104A13
:10238000934219D10223BB604FF400737B6107F1C4
:102390000803184613F010FE0346002B01D0FFF788
:1023A000DFFE084B01221A6000220521292010F0CF
:1023B00027FA292010F040FA00BF1837BD4680BD2B
:1023C000002800403C0E474280B58AB000AF7860DC
:1023D00007F1140300221A605A609A60DA601A61E9
:1023E0007B681B68764A934240F0E68000233B619D
:1023F000744B5B6C734A43F400635364714B5B6CC6
:1024000003F400633B613B690023FB606D4B1B6B76
:102410006C4A43F0040313636A4B1B6B03F0040321
:10242000FB60FB680023BB60664B1B6B654A43F097
:1024300008031363634B1B6B03F00803BB60BB68AB
:102440004FF480737B610223BB610123FB61032393
:102450003B620C237B6207F1140319465A4811F0C2
:102460008FF94FF480537B610223BB610023FB6132
:1024700003233B620C237B6207F114031946524885
:1024800011F07EF904237B610223BB610123FB6110
:1024900003233B620C237B6207F1140319464B486C
:1024A00011F06EF94A4B4B4A1A60494B4FF00062EB
:1024B0005A60474B00229A60454B0022DA60444B39
:1024C0004FF480621A61424B4FF480525A61404B84
:1024D0004FF480429A613E4B2022DA613C4B00224D
:1024E0001A623B4B04225A62394B03229A62384BE0
:1024F0000022DA62364B00221A63354810F008FADF
:102500000346002B01D0FFF72BFE7B68304A1A648C
:102510002F4A7B689363304B304A1A602E4B4FF042
:1025200000625A602C4B40229A602B4B0022DA60EA
:10253000294B4FF480621A61274B4FF480525A6145
:10254000254B4FF480429A61234B2022DA61224BC3
:1025500000221A62204B04225A621F4B03229A6205
:102560001D4B0022DA621C4B00221A631A4810F03D
:10257000CFF90346002B01D0FFF7F2FD7B68164A26
:10258000DA63154A7B68936300220521312010F03D
:1025900037F9312010F050F9002205213B2010F0CE
:1025A0002FF93B2010F048F900220521452010F0BA
:1025B00027F9452010F040F900BF2837BD4680BDFF
:1025C000002C01400038024000080240000C02408C
:1025D0009C06002058640240FC060020A0640240D3
:1025E00080B582B000AF78607B681B68114A934267
:1025F0001BD1114B5B6C104A23F4006353644FF4FE
:1026000088510E4811F058FA04210D4811F054FA7F
:102610007B681B6C184610F029FA7B68DB6B184648
:1026200010F024FA312010F015F900BF0837BD462C
:1026300080BD00BF002C014000380240000802406D
:10264000000C024080B58AB000AF786007F1140337
:1026500000221A605A609A60DA601A617B681B680F
:102660005A4A934240F0AD8000233B61584B1B6CAB
:10267000574A43F400431364554B1B6C03F4004367
:102680003B613B690023FB60514B1B6B504A43F09D
:10269000040313634E4B1B6B03F00403FB60FB68E6
:1026A0000023BB604A4B1B6B494A43F00203136390
:1026B000474B1B6B03F00203BB60BB684FF44063E6
:1026C0007B610223BB610023FB6103233B62062382
:1026D0007B6207F1140319463E4811F051F820239C
:1026E0007B610223BB610023FB6103233B62062362
:1026F0007B6207F114031946374811F041F8374B54
:10270000374A1A60354B00225A60344B00229A60D7
:10271000324B0022DA60314B4FF480621A612F4B4A
:1027200000225A612D4B00229A612C4B0022DA6163
:102730002A4B00221A62294B00225A62274810F0C5
:10274000E7F80346002B01D0FFF70AFD7B68234A18
:10275000DA64224A7B689363224B234A1A60214B36
:1027600000225A601F4B40229A601E4B0022DA6002
:102770001C4B4FF480621A611A4B00225A61194BAC
:1027800000229A61174B0022DA61164B00221A626E
:10279000144B00225A62134810F0BAF80346002B7B
:1027A00001D0FFF7DDFC7B680E4A9A640D4A7B6816
:1027B000936300220521332010F022F8332010F01B
:1027C0003BF800BF2837BD4680BD00BF003C00403D
:1027D000003802400008024000040240B407002014
:1027E00010600240140800208860024080B58EB05E
:1027F00000AF786007F1240300221A605A609A60E3
:10280000DA601A617B681B68574A934234D100230F
:102810003B62564B1B6C554A43F400231364534BE5
:102820001B6C03F400233B623B6A0023FB614F4BAC
:102830001B6B4E4A43F0010313634C4B1B6B03F0BD
:102840000103FB61FB6903237B620223BB6200235C
:10285000FB6203233B6308237B6307F124031946D0
:10286000434810F08DFF0022052134200FF0C8FFEF
:1028700034200FF0E1FF73E07B681B683D4A934210
:1028800035D10023BB61394B1B6C384A43F480239C
:102890001364364B1B6C03F48023BB61BB690023BC
:1028A0007B61324B1B6B314A43F0020313632F4BA6
:1028B0001B6B03F002037B617B694FF440637B6217
:1028C0000223BB620023FB6203233B6307237B637A
:1028D00007F124031946284810F052FF0022052171
:1028E00027200FF08DFF27200FF0A6FF38E07B6830
:1028F0001B68224A934233D100233B611B4B5B6C24
:102900001A4A43F020035364184B5B6C03F0200316
:102910003B613B690023FB60144B1B6B134A43F084
:1029200004031363114B1B6B03F00403FB60FB6890
:10293000C0237B620223BB620023FB6203233B6351
:1029400008237B6307F1240319460D4810F018FF94
:102950000022052147200FF053FF47200FF06CFFA6
:1029600000BF3837BD4680BD004C004000380240F3
:1029700000000240004800400004024000140140F2
:102980000008024080B586B000AF3B1D00221A60EF
:102990005A609A60DA601A612C4B1B68002B51D187
:1029A0002A4B01221A6000233B60294B9B6B284A6B
:1029B00043F001039363264B9B6B03F001033B60E1
:1029C0003B684FF23F037B600223BB600023FB6048
:1029D00003233B610C237B613B1D19461D4810F00E
:1029E000CFFE40F23F237B600223BB600023FB60ED
:1029F00003233B610C237B613B1D1946164810F0F5
:102A0000BFFE4FF683737B600223BB600023FB6035
:102A100003233B610C237B613B1D19460F4810F0DB
:102A2000AFFE4DF6B3737B600223BB600023FB60F7
:102A300003233B610C237B613B1D1946084810F0C2
:102A40009FFE00E000BF1837BD4680BD2C1500205A
:102A500000380240001402400018024000100240FA
:102A6000000C024080B582B000AF7860FFF78AFFAB
:102A700000BF0837BD4680BD80B58EB000AF78601E
:102A80000023FB620023BB620023FB60334B1B6C03
:102A9000324A43F020031364304B1B6C03F02003D5
:102AA000FB60FB6807F1100207F11403114618469A
:102AB00013F050FA3B6AFB62FB6A002B03D113F060
:102AC00021FA786304E013F01DFA03465B007B6390
:102AD0007B6B234AA2FB03239B0C013BBB62214B74
:102AE000214A1A601F4B40F2E732DA601D4ABB6A86
:102AF00053601C4B00221A611A4B00229A60194B3A
:102B000000229A61174816F061FB034687F83330BC
:102B100097F83330002B1BD1124816F0B1FB034657
:102B200087F8333097F83330002B11D137200FF06E
:102B300083FE7B680F2B08D80022796837200FF0BE
:102B40005FFE0A4A7B68136002E0012387F8333096
:102B500097F8333018463837BD4680BD00380240FC
:102B600083DE1B433015002000140040A402002027
:102B700080B400AF00BFFDE780B400AF00BFFDE749
:102B800080B400AF00BFFDE780B400AF00BFFDE739
:102B900080B400AF00BFFDE780B400AF00BFBD460A
:102BA0005DF8047B704780B500AF042011F0B2F8E7
:102BB00000BF80BD80B500AF024810F09FF800BF95
:102BC00080BD00BFB407002080B500AF024810F000
:102BD00095F800BF80BD00BF1408002080B500AF8D
:102BE000024816F095FE00BF80BD00BFBC08002063
:102BF00080B500AF024813F053FE00BF80BD00BF98
:102C0000F805002080B500AF024814F09BFB00BF20
:102C100080BD00BF1806002080B500AF024815F047
:102C200041FF00BF80BD00BF5C07002080B500AF42
:102C3000024816F06DFE00BF80BD00BF7408002082
:102C400080B500AF024816F08BFB00BF80BD00BF0F
:102C50003015002080B500AF024810F04FF800BFDB
:102C600080BD00BF9C06002080B500AF024810F078
:102C700045F800BF80BD00BFFC06002080B500AF56
:102C8000024816F045FE00BF80BD00BF04090020C9
:102C900080B400AF01231846BD465DF8047B704741
:102CA00080B582B000AF7860396025F037FD03460B
:102CB00016221A604FF0FF3318460837BD4680BD14
:102CC00080B582B000AF78604FF0FF317868FFF7D1
:102CD000E7FF00BFFDE780B586B000AFF860B960E0
:102CE0007A6000237B610AE0AFF300800146BB6895
:102CF0005A1CBA60CAB21A707B6901337B617A6967
:102D00007B689A42F0DB7B6818461837BD4680BD69
:102D100080B586B000AFF860B9607A6000237B614F
:102D200009E0BB685A1CBA601B781846AFF30080F4
:102D30007B6901337B617A697B689A42F1DB7B684E
:102D400018461837BD4680BD80B483B000AF7860A8
:102D50004FF0FF3318460C37BD465DF8047B7047D3
:102D600080B483B000AF786039603B684FF40052A4
:102D70005A60002318460C37BD465DF8047B704747
:102D800080B483B000AF7860012318460C37BD468D
:102D90005DF8047B704780B485B000AFF860B9601F
:102DA0007A60002318461437BD465DF8047B7047EF
:102DB00080B586B000AF7860144A154BD31A7B619A
:102DC0007B693B61134B1B68002B02D1114B124AEC
:102DD0001A60104B1A687B6813443A699A4207D20A
:102DE00025F09CFC03460C221A604FF0FF3309E0EB
:102DF000084B1B68FB60074B1A687B681344054A45
:102E00001360FB6818461837BD4680BD00000220DD
:102E1000000400007C1500200000006080B400AFBA
:102E2000064BD3F88830054A43F47003C2F8883063
:102E300000BFBD465DF8047B704700BF00ED00E0B9
:102E4000DFF834D0FFF7EAFF0C480D490D4A0023A4
:102E500002E0D458C4500433C4188C42F9D30A4A4F
:102E60000A4C002301E013600432A242FBD325F098
:102E70005BFCFEF735F970470000022000000020DF
:102E8000D804002028CF0208D80400209066012032
:102E9000FEE780B588B004AF78602323BB7364235A
:102EA00002930123019307F10E03009301232122D2
:102EB000D221786811F0C6FB0346FB73FB7B002B25
:102EC00001D0FB7B6EE000237B736423029301231C
:102ED000019307F10D03009301232222D221786888
:102EE00011F0B0FB0346FB73FB7B002B01D0FB7B97
:102EF00058E000233B73642302930123019307F1FD
:102F00000C03009301232322D221786811F09AFB4D
:102F10000346FB73FB7B002B01D0FB7B42E00023CD
:102F2000FB72642302930123019307F10B030093C7
:102F300001232522D221786811F084FB0346FB731C
:102F4000FB7B002B01D0FB7B2CE01323BB726423A3
:102F500002930123019307F10A0300930123242222
:102F6000D221786811F06EFB0346FB73FB7B002BCC
:102F700001D0FB7B16E00F237B72642302930123B5
:102F8000019307F10903009301232022D2217868DD
:102F900011F058FB0346FB73FB7B002B01D0FB7B3E
:102FA00000E0002318461037BD4680BD80B588B0CC
:102FB00004AF78603960364B1B684FF0FF3118461C
:102FC00019F0D6FA642302930623019307F108034C
:102FD00000930123A822D221786811F02DFC03462A
:102FE000002B01D001234FE0294B18680023002259
:102FF000002118F07BFF7B7A1BB21B021AB23B7ACE
:103000001BB213431AB23B685A84FB7A1BB21B02F1
:103010001AB2BB7A1BB213431AB23B689A847B7B09
:103020001BB21B021AB23B7B1BB213431AB23B68A2
:10303000DA843B68B3F9223007EE903AF8EEE77A8B
:103040009FED147A67EE877A3B68C3ED037A3B689D
:10305000B3F9243007EE903AF8EEE77A9FED0D7A57
:1030600067EE877A3B68C3ED047A3B68B3F9263094
:1030700007EE903AF8EEE77A9FED067A67EE877AE8
:103080003B68C3ED057A002318461037BD4680BD66
:1030900010220020295C0F3C80B588B004AF786016
:1030A0004FF40873FB81642302930223019307F119
:1030B0000E030093012301229021786811F0C2FAD7
:1030C00000BF1037BD4680BD80B588B004AF7860C2
:1030D0003960214B1B684FF0FF31184619F048FA50
:1030E000642302930223019307F10C03009301234D
:1030F00000229021786811F09FFB174B186800237D
:103100000022002118F0F2FE3B7B1BB21B021AB218
:103110007B7B1BB213431BB29AB23B681A853B6898
:103120001B8D1846FDF70EFA09A3D3E90023FDF71E
:1031300073FA02460B4610461946FDF765FD024636
:103140003B689A6100BF1037BD4680BDAFF3008079
:10315000DE718A8EE4F27F3F1022002080B582B0BB
:1031600000AF78607868FFF794FE7868FFF794FF07
:1031700000BF0837BD4680BD80B582B000AF786023
:10318000396039687868FFF711FF39687868FFF7A8
:103190009BFF322019F0D2FE3968786800F022F9DE
:1031A00000BF0837BD4680BD80B586B002AF7860ED
:1031B00048F20703BB8107F10C026423009302234A
:1031C0006021786810F00EFF3220FEF7B1FD202359
:1031D0007B7307F10C02642300930223602178685B
:1031E00010F000FF0120FEF7A3FD00BF1037BD4621
:1031F00080BD80B586B002AF786048F20703BB811E
:1032000007F10C026423009302236021786810F018
:10321000E9FE3220FEF78CFD40237B7307F10C02A0
:103220006423009302236021786810F0DBFE012004
:10323000FEF77EFD00BF1037BD4680BD80B58CB067
:1032400002AFF860B9607A603B60002387F82730EE
:103250000723FB77FB7F3B7501237B755F4B1B6867
:103260004FF0FF31184619F083F907F11402642377
:10327000009302236021F86810F0B4FE574B1868E1
:1032800000230022002118F031FE0A2019F056FE1A
:103290000623FB77514B1B684FF0FF31184619F09E
:1032A00067F907F11F026423009301236021F86886
:1032B00010F098FE07F11E026423009301236021A1
:1032C000F86810F08DFF454B18680023002200219C
:1032D00018F00CFE97F82730013387F82730BB7FB2
:1032E00003F00103002B03D197F82730042BCFD92B
:1032F000BB7F03F00103002B0CD13B684FF00002B1
:103300001A603B681A687B681A607B681A68BB6839
:103310001A6060E00023FB77304B1B684FF0FF31F1
:10332000184619F025F907F11F02642300930123C1
:103330006021F86810F056FE07F11802642300932C
:1033400006236021F86810F04BFF244B1868002317
:103350000022002118F0CAFD7B7E1BB21B021AB2AC
:103360003B7E1BB213431BB2BB84FB7E1BB21B0212
:103370001AB2BB7E1BB213431BB27B847B7F1BB292
:103380001B021AB23B7F1BB213431BB23B84BB8CA4
:1033900007EE903AB8EE677ADFED116AC7EE267A4B
:1033A000BB68C3ED007A7B8C07EE903AB8EE677A83
:1033B000DFED0B6AC7EE267A7B68C3ED007A3B8CA3
:1033C00007EE903AB8EE677ADFED056AC7EE267A27
:1033D0003B68C3ED007A2837BD4680BD102200202F
:1033E0000000004580B588B000AF7860396078682B
:1033F000FFF7DAFE07F1140307F1180207F11C01C9
:103400007868FFF71BFF7868FFF7F3FE07F1080302
:1034100007F10C0207F110017868FFF70FFF97ED35
:10342000077AD7ED047A37EE677AF0EE006AC7EED6
:10343000267A9FED3E7A67EE877A3B68C3ED007A85
:1034400097ED067AD7ED037A37EE677AF0EE006AE9
:10345000C7EE267A9FED357A67EE877A3B68C3ED33
:10346000017A97ED057AD7ED027A37EE677AF0EEBA
:10347000006AC7EE267A9FED2D7A67EE877A3B6861
:10348000C3ED027A386800F0D5F83968786800F042
:1034900051F83B68D3ED007AF0EEE77A17EE900A28
:1034A000FDF762F84FF00002214BFDF7DFF902460D
:1034B0000B4610461946FDF787FB03469AB23B6858
:1034C0009A833B68D3ED017AF0EEE77A17EE900A23
:1034D000FDF74AF84FF00002154BFDF7C7F9024619
:1034E0000B4610461946FDF76FFB03469AB23B6840
:1034F000DA833B68D3ED027AF0EEE77A17EE900AB2
:10350000FDF732F84FF00002094BFDF7AFF9024624
:103510000B4610461946FDF757FB03469AB23B6827
:103520001A8400BF2037BD4680BD00BF0050C3478E
:103530000000244080B485B000AF786039603B68FB
:10354000D3ED007AF5EEC07AF1EE10FAACBF0123AC
:103550000023FB733B68D3ED017AF5EEC07AF1EE00
:1035600010FAACBF01230023BB733B68D3ED027A92
:10357000F5EEC07AF1EE10FAACBF012300237B73A5
:1035800097F90F309B005AB297F90E305B005BB28F
:1035900013435AB297F90D3013435BB2DAB23B686A
:1035A00083F82A2000BF1437BD465DF8047B7047BE
:1035B00080B582B000AF78601C4B1B68002B31D007
:1035C0001A4B1B684FF0FF31184618F0D1FF7B688B
:1035D0001B68174A13607B685B68154A53607B68F9
:1035E0009B68134A93607B68DB68114AD3607B68F1
:1035F0001B690F4A13617B685B690D4A53617B68E5
:103600009B690B4A93617B68DB69094AD3617B68DC
:103610001B6A074A1362054B186800230022002129
:1036200018F064FC00BF0837BD4680BD2022002092
:103630003C02002080B52DED028B8AB000AF78608F
:103640007B681B68BB617B685B687B617B689B6890
:103650003B615A4B1B68002B00F09A80574B1B684C
:103660004FF0FF31184618F083FF554BD3ED007A29
:1036700097ED067A77EE676A514B93ED037AC6EEC3
:10368000877AC7ED097A4E4BD3ED017A97ED057A2B
:1036900037EE677A4A4BD3ED047A87EE278A484B98
:1036A000D3ED067AB0EE670A20F07AFAB0EE407AEF
:1036B000D7ED097A67EE277A38EE678A404BD3ED6B
:1036C000067AB0EE670A20F01FFAB0EE407AC8EE34
:1036D000077AC7ED087A3A4BD3ED087AB0EE670A5D
:1036E00020F012FAB0EE408A354BD3ED077AB0EEF7
:1036F000670A20F009FAF0EE407A28EE277AF7EE12
:10370000006AC6EE877AC7ED037A2D4BD3ED027AB5
:1037100097ED047A37EE677A294BD3ED057A87EE79
:10372000278A274BD3ED077AB0EE670A20F038FAE4
:10373000B0EE407AD7ED097A67EE277A38EE678ADD
:103740001F4BD3ED087AB0EE670A20F029FAB0EEED
:10375000407AD7ED087A67EE278A194BD3ED077ABE
:10376000B0EE670A20F0D0F9F0EE407A68EEA77A62
:1037700078EE677A97ED037A67EE277AC7ED077AD6
:103780000E4B186800230022002118F0AFFB05E063
:10379000BB697B627B693B623B69FB617B687A6AE0
:1037A0001A607B683A6A5A607B68FA699A6000BF5F
:1037B0002837BD46BDEC028B80BD00BF2022002013
:1037C0003C02002080B582B000AF0346FB71124B73
:1037D0001B684FF0FF31184618F0CAFEFB79012B29
:1037E00006D10E4B0E4A1A600E4B01221A7008E0E9
:1037F000FB79022B05D1094B0B4A1A60094B0222B7
:103800001A70054B186800230022002118F06EFB87
:1038100000BF0837BD4680BD28220020600200207E
:103820008015002064020020AC15002080B485B013
:1038300000AF786041F60F53FB817B6802331B7841
:1038400002333B7301237B7317E0FB891B0A9BB296
:103850007A7B79680A44127853407B817B890C4AD1
:1038600032F813301AB2B7F90E301B021BB25340B4
:103870001BB2FB817B7B01337B737A7B3B7B9A4260
:10388000E3D9FB8918461437BD465DF8047B7047C1
:10389000F0B1020880B485B000AF786039607B6811
:1038A000FB603B68BB600D4B00221A700AE0FB68AE
:1038B0001A780A4B1B785340DAB2084B1A70FB682F
:1038C0000133FB60FA68BB689A42F0D3034B1B7864
:1038D00018461437BD465DF8047B7047D8150020A4
:1038E00080B485B000AF78600023FB7302E0FB7BFF
:1038F0000133FB73FB7B7A6813441B78002BF6D1F2
:10390000FB7B18461437BD465DF8047B704780B5D5
:1039100086B000AFB9607B600346FB731346BB7390
:103920000023BB827B68CD221A707B680133FA7B4F
:103930001A70BB7B272B01D92723BB737B6802330B
:10394000BA7B1A700023FB750CE0FB7DBA681A4441
:10395000FB7D033319467B680B4412781A70FB7D9C
:103960000133FB75FA7DBB7B9A42EED37868FFF793
:103970005DFF0346BB82BB8A1B0A9AB2BB7B033343
:1039800019467B680B44D2B21A70BB7B04331A46CB
:103990007B681344BA8AD2B21A70BB7B05331A46CD
:1039A0007B6813440A221A70BB7B06331A467B6875
:1039B000134400221A7000BF1837BD4680BD80B482
:1039C00083B000AF03463960FB713B68CD221A70AB
:1039D0003B680133FA791A703B68023300221A708F
:1039E0003B680333FA791A703B680433FA791A702A
:1039F0003B6805330A221A703B68063300221A70AE
:103A000000BF0C37BD465DF8047B704780B582B0BF
:103A100000AF78600AF097FD7B6802331B780633AD
:103A20009AB24FF0FF337968034815F0C1FE00BF2A
:103A30000837BD4680BD00BFBC08002080B582B0FD
:103A400000AF78600AF078FD7B6802331B7806339C
:103A50009AB24FF0FF337968034815F0A9FE00BF12
:103A60000837BD4680BD00BF7408002080B58EB009
:103A700000AF03463960FB713868FFF731FF03463A
:103A80001A4607F10803F8793968FFF740FFBB7A57
:103A900006339AB207F108014FF0FF33034815F0DF
:103AA00087FE00BF3837BD4680BD00BF74080020C8
:103AB00080B582B000AF78600B46FB70FB78AB2B13
:103AC00008D17B6802331B78272B03D87868FFF76F
:103AD000B5FF0AE0FB78CE2B07D17B6802331B7859
:103AE000272B02D87868FFF791FF00BF0837BD4643
:103AF00080BD80B58EB000AF03460A46FB71134609
:103B0000BB7107F10802FB7911461846FFF757FF12
:103B1000BA7907F1080311461846FFF7C9FF00BF3D
:103B20003837BD4680BD000080B400AF024B184658
:103B3000BD465DF8047B70479516002080B400AF49
:103B4000024B1846BD465DF8047B70479416002072
:103B500080B483B000AF78600B46FB707B6893F84D
:103B60002D30062B00F2908001A252F823F000BF06
:103B70008D3B0008BB3B0008CB3B0008033C000822
:103B80003B3C00084D3C00085F3C0008FB78AB2B39
:103B900002D0FB78CE2B0BD17B68002283F82F203C
:103BA0007B68FA781A707B68012283F82D2075E013
:103BB0007B68002283F82D2070E07B68FA785A70C9
:103BC0007B68022283F82D2068E07B68FA789A707F
:103BD0007B68002283F82E20FB78002B04D17B68C1
:103BE000042283F82D2059E0FB78272B04D87B682A
:103BF000032283F82D2051E07B68022283F82F20D6
:103C00004CE07B6893F82E301A467B681344FA78B0
:103C1000DA707B6893F82E300133DAB27B6883F870
:103C20002E207B6893F82E207B689B789A4234D3B1
:103C30007B68042283F82D202FE07B68FA7883F8D4
:103C40002A207B68052283F82D2027E07B68FA78FC
:103C500083F82B207B68062283F82D201EE0FB785A
:103C60000A2B08D17B68012283F82F207B68FA7821
:103C700083F82C2012E07B68022283F82F207B68D7
:103C8000002283F82D2009E07B68022283F82F2090
:103C90007B68002283F82D2000E000BF00BF0C37B6
:103CA000BD465DF8047B704780B483B000AF786098
:103CB0000B46FB707B685B78FA789A4211D17B687F
:103CC0009B78002B0DD17B6893F82A30FA789A42C2
:103CD00007D17B6893F82B30FA789A4201D10123FF
:103CE00000E0002318460C37BD465DF8047B7047A2
:103CF00080B584B000AF78600023FB810023BB81D6
:103D00007868FFF793FD0346BB817B6893F82A3000
:103D10001BB21B021AB27B6893F82B301BB2134301
:103D20001BB2FB81FA89BB899A4201D1012300E0D1
:103D3000002318461037BD4680BD80B586B000AF61
:103D4000F860B9601346FB71FF21F868FFF7ACFF1C
:103D50000346012B0DD1FB681A78BB681A70BB684B
:103D6000FF225A70BB6800229A70BB680022DA708A
:103D70004CE0AA21F868FFF797FF0346012B0DD10D
:103D8000FB681A78BB681A70BB68AA225A70BB68B5
:103D900000229A70BB680022DA7037E0F868FFF7FB
:103DA000A7FF0346002B28D0FB681B78FA799A42BC
:103DB00023D1FB681A78BB681A70FB685A78BB6815
:103DC0005A70FB689A78BB689A7000237B610DE09B
:103DD000FA687B69134403331978BA687B69134422
:103DE00003330A461A707B6901337B61FB689B7859
:103DF0001A467B699342EBDB08E0BB68FA791A70DC
:103E0000BB6800225A70BB6800229A70FB680022CF
:103E100083F82F20FB68002283F82D20FB68002206
:103E20001A7000BF1837BD4680BD80B584B000AFA2
:103E300078603960FF217868FFF736FF0346012B71
:103E40000DD17B681A783B681A703B68FF225A7064
:103E50003B6800229A703B680022DA7048E0AA2191
:103E60007868FFF721FF0346012B0DD17B681A7894
:103E70003B681A703B68AA225A703B6800229A700D
:103E80003B680022DA7033E07868FFF731FF0346C1
:103E9000002B23D07B681A783B681A707B685A78AD
:103EA0003B685A707B689A783B689A700023FB6085
:103EB0000DE07A68FB681344033319783A68FB68AD
:103EC000134403330A461A70FB680133FB607B68B6
:103ED0009B781A46FB689342EBDB09E07B681A7813
:103EE0003B681A703B6800225A703B6800229A7047
:103EF0007B68002283F82F207B68002283F82D2026
:103F00007B6800221A7000BF1037BD4680BD0000DC
:103F100080B582B000AF7860114805F0F3FF03462A
:103F2000104A13600F4B1B681B0EDAB27B681A70C5
:103F30000C4B1B681A0C7B680133D2B21A70094B08
:103F40001B681A0A7B680233D2B21A70054B1A68D2
:103F50007B680333D2B21A7000BF0837BD4680BDFC
:103F60002C220020D416002080B584B000AF7860E9
:103F70008D4805F0C7FF03468C4A13608B4B1B68C6
:103F80001B0EDAB27B681A70884B1B681A0C7B68B0
:103F90000133D2B21A70854B1B681A0A7B68023350
:103FA000D2B21A70814B1A687B680333D2B21A708E
:103FB0007F4B9B8B1B0A9AB27B680433D2B21A7078
:103FC0007B4B9A8B7B680533D2B21A70784BDB8BB4
:103FD0001B0A9AB27B680633D2B21A70744BDA8B22
:103FE0007B680733D2B21A70714B1B8C1B0A9AB2D2
:103FF0007B680833D2B21A706D4B1A8C7B68093318
:10400000D2B21A706A4BB3F922301B121AB27B6813
:104010000A33D2B21A70664BB3F922207B680B3395
:10402000D2B21A70624BB3F924301B121AB27B68F9
:104030000C33D2B21A705E4BB3F924207B680D3377
:10404000D2B21A705A4BB3F926301B121AB27B68DF
:104050000E33D2B21A70564BB3F926207B680F3359
:10406000D2B21A70524B1B8D1B0A9AB27B68103366
:10407000D2B21A704E4B1A8D7B681133D2B21A70BD
:104080004B4B93F82A305BB21B015AB2494B93F861
:104090002A305BB203F00F035BB213435AB27B6862
:1040A0001233D2B21A70434B9B8B1B0A9AB27B68B5
:1040B0001333D2B21A703F4B9A8B7B681433D2B24F
:1040C0001A703C4BDB8B1B0A9AB27B681533D2B259
:1040D0001A70384BDA8B7B681633D2B21A70354BB4
:1040E0001B8C1B0A9AB27B681733D2B21A70314B01
:1040F0001A8C7B681833D2B21A702E4BB3F9223067
:104100001B121AB27B681933D2B21A70294BB3F959
:1041100022207B681A33D2B21A70264BB3F92430AE
:104120001B121AB27B681B33D2B21A70214BB3F93F
:1041300024207B681C33D2B21A701E4BB3F9263090
:104140001B121AB27B681D33D2B21A70194BB3F925
:1041500026207B681E33D2B21A70164B1B8D1B0AA9
:104160009AB27B681F33D2B21A70124B1A8D7B68D9
:104170002033D2B21A700023FB600CE0FB682133BD
:104180001A467B6813440C49FA680A4412781A707C
:10419000FB680133FB60FB68042BEFDD00BF00BF51
:1041A0001037BD4680BD00BF2C220020D416002051
:1041B00080150020AC150020C816002080B483B004
:1041C00000AF78607B684C221A707B68013349220B
:1041D0001A707B68023345221A707B6803335322BE
:1041E0001A707B68043345221A707B6805333222CB
:1041F0001A707B68063330221A707B6807333222CC
:104200001A707B68083336221A707B6809334122A2
:104210001A707B680A334C221A707B680B33522267
:104220001A707B680C334D221A707B680D33412263
:104230001A707B680E3353221A707B680F33452245
:104240001A707B68103343221A707B681133362250
:104250001A707B68123337221A707B6813334A2234
:104260001A707B68143343221A707B6815334A2214
:104270001A707B68163341221A707B6817335022FC
:104280001A707B6818337B221A707B6819334122BD
:104290001A707B681A335A221A707B681B33EC221F
:1042A0001A707B681C3324221A707B681D334C22E1
:1042B0001A707B681E3333221A707B681F334A22C0
:1042C0001A707B68203345221A707B6821334122A3
:1042D0001A707B68223341221A707B68233348228C
:1042E0001A707B68243342221A707B682533482277
:1042F0001A707B68263343221A7000BF0C37BD4604
:104300005DF8047B7047000080B582B000AF786034
:104310003E4805F0F7FD03463D4A13603C4B1B68E1
:104320001B0EDAB27B681A70394B1B681A0C7B685B
:104330000133D2B21A70364B1B681A0A7B680233FB
:10434000D2B21A70324B1A687B680333D2B21A7039
:104350007B6804332F4A12781A702F4B1B881B0A74
:104360009AB27B680533D2B21A702B4B1A887B68DD
:104370000633D2B21A70284B5B881B0A9AB27B684C
:104380000733D2B21A70244B5A887B680833D2B2F2
:104390001A70214B9B881B0A9AB27B680933D2B2F0
:1043A0001A701D4B9A887B680A33D2B21A701A4B66
:1043B000DB881B0A9AB27B680B33D2B21A70164B99
:1043C000DA887B680C33D2B21A70134B1B891B0A34
:1043D0009AB27B680D33D2B21A700F4B1A897B6880
:1043E0000E33D2B21A700C4B5B891B0A9AB27B68EF
:1043F0000F33D2B21A70084B5A897B681033D2B28D
:104400001A7000BF0837BD4680BD00BF2C220020B7
:10441000D4160020CD1600206C22002080B582B07A
:1044200000AF7860684805F06DFD0346674A136089
:10443000664B1B681B0EDAB27B681A70634B1B68F5
:104440001A0C7B680133D2B21A70604B1B681A0ACF
:104450007B680233D2B21A705C4B1A687B680333F4
:10446000D2B21A707B680433594A12781A70594BC9
:104470009B691A0E7B680533D2B21A70554B9B6943
:104480001A0C7B680633D2B21A70524B9B691A0A17
:104490007B680733D2B21A704E4B9A697B68083337
:1044A000D2B21A704B4BDB691A0E7B680933D2B259
:1044B0001A70484BDB691A0C7B680A33D2B21A7047
:1044C000444BDB691A0A7B680B33D2B21A70414B3A
:1044D000DA697B680C33D2B21A703E4BD3E90A0119
:1044E0004FF000024FF000030A0E002379680D31EF
:1044F000D3B20B70374BD3E90A014FF000024FF0F3
:1045000000030A0C002379680E31D3B20B70314BD3
:10451000D3E90A014FF000024FF000030A0A00231A
:1045200079680F31D3B20B702A4BD3E90A014FF0EF
:1045300000024FF000030A00002379681031D3B263
:104540000B70244BD3E90A014FF000024FF0000337
:10455000020E42EA01220B0E79681131D3B20B70C0
:104560001C4BD3E90A014FF000024FF00003020C8C
:1045700042EA01420B0C79681231D3B20B70154B31
:10458000D3E90A014FF000024FF00003020A42EAA9
:1045900001620B0A79681331D3B20B700D4BD3E96A
:1045A0000A2379681431D3B20B707B681533094A3A
:1045B00092F835201A707B681633054A12781A7003
:1045C00000BF0837BD4680BD2C220020D416002035
:1045D000CD160020C819002090B583B000AF7860D8
:1045E000674805F08FFC0346664A1360654B1B68FD
:1045F0001B0EDAB27B681A70624B1B681A0C7B6860
:104600000133D2B21A705F4B1B681A0A7B680233FF
:10461000D2B21A705B4B1A687B680333D2B21A703D
:104620007B680433584A12781A707B680533574AFE
:1046300012781A707B689C1D01F01CFD03462370E4
:104640007B68073300221A70514B1A887B68083345
:10465000D2B21A707B6809334C4A12781A707B68A0
:1046600003F10A0401F046FD034623707B680B3317
:1046700000221A70464B1A887B680C33D2B21A702B
:104680007B680D33414A12781A707B6803F10E047F
:1046900001F010FD034623707B680F3300221A706F
:1046A0003B4B1A887B681033D2B21A707B68113387
:1046B000364A12781A707B6803F1120401F03AFD51
:1046C000034623707B68133300221A70304B1A881C
:1046D0007B681433D2B21A707B6815332B4A127878
:1046E0001A707B6803F1160401F060FD0346237025
:1046F0007B68173300221A70254B1A887B681833A1
:10470000D2B21A707B681933204A12781A707B680B
:1047100003F11A0401F072FD034623707B681B331A
:1047200000221A701A4B1A887B681C33D2B21A7096
:104730007B681D33144A12781A707B681E33124A44
:1047400012781A707B681F330F4A12781A707B68D0
:1047500020330D4A12781A707B6821330A4A127886
:104760001A707B682233084A12781A707B682333E8
:10477000054A12781A7000BF0C37BD4690BD00BFC5
:104780002C220020D4160020CD160020CE160020AA
:10479000D016002080B582B000AF7860AC4805F03C
:1047A000B1FB0346AB4A1360AA4B1B681B0EDAB27F
:1047B0007B681A70A74B1B681A0C7B680133D2B256
:1047C0001A70A44B1B681A0A7B680233D2B21A70A3
:1047D000A04B1A687B680333D2B21A709E4B5B6899
:1047E0001A0E7B680433D2B21A709B4B5B681A0CAA
:1047F0007B680533D2B21A70974B5B681A0A7B68E4
:104800000633D2B21A70944B5A687B680733D2B21F
:104810001A70914B1B691A0E7B680833D2B21A705A
:104820008D4B1B691A0C7B680933D2B21A708A4B04
:104830001B691A0A7B680A33D2B21A70864B1A694E
:104840007B680B33D2B21A70834B9B681A0E7B685D
:104850000C33D2B21A70804B9B681A0C7B680D33F4
:10486000D2B21A707C4B9B681A0A7B680E33D2B2A4
:104870001A70794B9A687B680F33D2B21A70764BF4
:104880009B691A0E7B681033D2B21A70724B9B6907
:104890001A0C7B681233D2B21A706F4B9B691A0ADA
:1048A0007B681333D2B21A706B4B9A697B681433EE
:1048B000D2B21A707B681533684A12781A70684B46
:1048C0001B881B0A9AB27B681633D2B21A70644BEB
:1048D0001A887B681733D2B21A707B681833614A22
:1048E00012781A70604B1B881B0A9AB27B681933C6
:1048F000D2B21A705C4B1A887B681A33D2B21A7023
:104900005A4BD3E908014FF000024FF000030A00B0
:10491000002379681B31D3B20B70544BD3E90801E3
:104920004FF000024FF00003020E42EA01220B0E8C
:1049300079681C31D3B20B704C4BD3E908014FF0AE
:1049400000024FF00003020C42EA01420B0C7968AE
:104950001D31D3B20B70454BD3E908014FF0000273
:104960004FF00003020A42EA01620B0A79681E3125
:10497000D3B20B703D4BD3E9082379681F31D3B212
:104980000B703B4BD3E906014FF000024FF00003E0
:104990000A00002379682031D3B20B70344BD3E97D
:1049A00006014FF000024FF00003020E42EA01221E
:1049B0000B0E79682131D3B20B702D4BD3E9060170
:1049C0004FF000024FF00003020C42EA01420B0CD0
:1049D00079682231D3B20B70254BD3E906014FF031
:1049E00000024FF00003020A42EA01620B0A7968F2
:1049F0002331D3B20B701E4BD3E9062379682431DF
:104A0000D3B20B707B682533134A12781A70194B96
:104A10001B785AB2184B1B785BB25B005BB2134336
:104A20005AB2164B1B785BB29B005BB213435AB26F
:104A3000094B1B7F5BB2DB005BB213435AB2104BD6
:104A40001B785BB21B015BB213435AB21AE000BF82
:104A50002C220020D4160020B0180020102A00209C
:104A6000142A0020112A0020122A0020C822002027
:104A700030250020F1210020F021002050190020D5
:104A80006D1C00200A4B1B785BB25B015BB21343C9
:104A90005AB2084B1B785BB29B015BB213435AB20C
:104AA0007B682633D2B21A7000BF0837BD4680BD7E
:104AB0008B0200208C02002080B582B000AF7860AD
:104AC0007D4805F01FFA03467C4A13607B4B1B6848
:104AD0001B0EDAB27B681A70784B1B681A0C7B6865
:104AE0000133D2B21A70754B1B681A0A7B68023305
:104AF000D2B21A70714B1A687B680333D2B21A7043
:104B00006F4B1B681A0E7B680433D2B21A706C4B61
:104B10001B681A0C7B680533D2B21A70684B1B688D
:104B20001A0A7B680633D2B21A70654B1A687B6822
:104B30000733D2B21A70624B5B681A0E7B68083377
:104B4000D2B21A705E4B5B681A0C7B680933D2B222
:104B50001A705B4B5B681A0A7B680A33D2B21A7010
:104B6000574B5A687B680B33D2B21A70554B1B688F
:104B70001A0E7B680C33D2B21A70524B1B681A0C97
:104B80007B680D33D2B21A704E4B1B681A0A7B68D1
:104B90000E33D2B21A704B4B1A687B680F33D2B205
:104BA0001A70484B5B681A0E7B681033D2B21A70C9
:104BB000444B5B681A0C7B681133D2B21A70414BBC
:104BC0005B681A0A7B681233D2B21A703D4B5A687E
:104BD0007B681333D2B21A703B4B1B681A0E7B688A
:104BE0001433D2B21A70384B1B681A0C7B68153319
:104BF000D2B21A70344B1B681A0A7B681633D2B2D1
:104C00001A70314B1A687B681733D2B21A702E4B68
:104C10005B681A0E7B681833D2B21A702A4B5B6835
:104C20001A0C7B681933D2B21A70274B5B681A0AC8
:104C30007B681A33D2B21A70234B5A687B681B33D5
:104C4000D2B21A70214B1B681A0E7B681C33D2B289
:104C50001A701E4B1B681A0C7B681D33D2B21A7077
:104C60001A4B1B681A0A7B681E33D2B21A70174B94
:104C70001A687B681F33D2B21A70144B5B681A0E25
:104C80007B682033D2B21A70104B5B681A0C7B68B9
:104C90002133D2B21A700D4B5B681A0A7B6822333B
:104CA000D2B21A70094B5A687B682333D2B21A7099
:104CB00000BF0837BD4680BD2C220020D41600203E
:104CC00000170020F0160020F8160020081700201A
:104CD00080B58AB000AF7860B34B1B684FF0FF31EE
:104CE000184617F045FCB14B1B687B62AE4B186849
:104CF00000230022002117F0F9F8AD4B1B681B0EB2
:104D0000DAB27B681A70AA4B1B681A0C7B680133F5
:104D1000D2B21A70A64B1B681A0A7B680233D2B251
:104D20001A70A34B1A687B680333D2B21A707B6A7D
:104D3000D3ED007A9FED9F7A67EE877AFDEEE77AF2
:104D400017EE903A7B847B6AD3ED017A9FED997AD6
:104D500067EE877AFDEEE77A17EE903A3B847B6A3E
:104D6000D3ED027A9FED937A67EE877AFDEEE77ACC
:104D700017EE903AFB83B7F922301B121AB27B6808
:104D80000433D2B21A707B6805337A8CD2B21A70AF
:104D9000B7F920301B121AB27B680633D2B21A70F0
:104DA0007B6807333A8CD2B21A70B7F91E301B12E7
:104DB0001AB27B680833D2B21A707B680933FA8B57
:104DC000D2B21A707C4B1B881B0A9AB27B680A33DA
:104DD000D2B21A70784B1A887B680B33D2B21A7031
:104DE000754B5B881B0A9AB27B680C33D2B21A707F
:104DF000714B5A887B680D33D2B21A706E4B9B8808
:104E00001B0A9AB27B680E33D2B21A706A4B9A8828
:104E10007B680F33D2B21A70674BDB881B0A9AB2D9
:104E20007B681033D2B21A70634BDA887B68113317
:104E3000D2B21A70604B1B891B0A9AB27B6812337C
:104E4000D2B21A705C4B1A897B681333D2B21A70D3
:104E5000594B5B891B0A9AB27B681433D2B21A7021
:104E6000554B5A897B681533D2B21A70534BD3ED28
:104E7000007A9FED537A67EE877AFDEEE77A17EEB8
:104E8000903ABB614D4BD3ED017A9FED4D7A67EEC1
:104E9000877AFDEEE77A17EE903A7B61BB691A0ECE
:104EA0007B681633D2B21A70BB691A147B68173349
:104EB000D2B21A70BB691A127B681833D2B21A7058
:104EC0007B681933BA69D2B21A707B691A0E7B6893
:104ED0001A33D2B21A707B691A147B681B33D2B2B0
:104EE0001A707B691A127B681C33D2B21A707B6805
:104EF0001D337A69D2B21A70304B93ED027ADFED2E
:104F0000316AC7EE267AFCEEE77AC7ED007A3B7885
:104F1000FB747B681E33FA7C1A702B4BD3ED047A3A
:104F20009FED2A7A67EE877AFDEEE77A17EE903AE0
:104F30003B82254BD3ED057A9FED247A67EE877A85
:104F4000FDEEE77A17EE903AFB811F4BD3ED067A20
:104F50009FED1E7A67EE877AFDEEE77A17EE903ABC
:104F6000BB81194BD3ED077A9FED187A67EE877AEC
:104F7000FDEEE77A17EE903A7B81B7F910301B12FD
:104F80001AB27B681F33D2B21A707B6820333A8A18
:104F9000D2B21A70B7F90E301B121AB27B682133E5
:104FA000D2B21A707B6813E0282200206002002031
:104FB000D416002000007A446C220020C81900207A
:104FC0000024744900401C46842200200060EA4608
:104FD0002233FA89D2B21A70B7F90C301B121AB206
:104FE0007B682333D2B21A707B682433BA89D2B279
:104FF0001A70B7F90A301B121AB27B682533D2B285
:105000001A707B6826337A89D2B21A7000BF2837AB
:10501000BD4680BD80B588B000AF7860AE4B1B68E0
:105020004FF0FF31184617F0A3FAAC4B1B68FB6139
:10503000A94B186800230022002116F057FFA84B47
:105040001B681B0EDAB27B681A70A54B1B681A0C22
:105050007B680133D2B21A70A14B1B681A0A7B68B5
:105060000233D2B21A709E4B1A687B680333D2B2F5
:105070001A70FB69B3F922301B121AB27B68043331
:10508000D2B21A70FB69B3F922207B680533D2B221
:105090001A70FB69B3F924301B121AB27B6806330D
:1050A000D2B21A70FB69B3F924207B680733D2B2FD
:1050B0001A70FB69B3F926301B121AB27B680833E9
:1050C000D2B21A70FB69B3F926207B680933D2B2D9
:1050D0001A70FB69D3ED007A9FED827A67EE877ACA
:1050E000FDEEE77A17EE903A7B83FB69D3ED017A08
:1050F0009FED7C7A67EE877AFDEEE77A17EE903ABD
:105100003B83FB69D3ED027A9FED767A67EE877A6F
:10511000FDEEE77A17EE903AFB82B7F91A301B12D0
:105120001AB27B680A33D2B21A707B680B337A8B5F
:10513000D2B21A70B7F918301B121AB27B680C334E
:10514000D2B21A707B680D333A8BD2B21A70B7F9AB
:1051500016301B121AB27B680E33D2B21A707B68FB
:105160000F33FA8AD2B21A705F4B1B881B0A9AB2AD
:105170007B681033D2B21A705B4B1A887B6811338C
:10518000D2B21A70584B5B881B0A9AB27B681233F2
:10519000D2B21A70544B5A887B681333D2B21A7049
:1051A000514B9B881B0A9AB27B681433D2B21A7097
:1051B0004D4B9A887B681533D2B21A704A4BDB8804
:1051C0001B0A9AB27B681633D2B21A70464BDA8841
:1051D0007B681733D2B21A70434B1B891B0A9AB2F1
:1051E0007B681833D2B21A703F4B1A897B68193327
:1051F000D2B21A703D4BD3ED007A9FED3D7A67EE47
:10520000877AFDEEE77A17EE903A3B61374BD3EDA4
:10521000017A9FED377A67EE877AFDEEE77A17EE2F
:10522000903AFB603B691A0E7B681A33D2B21A704F
:105230003B691A147B681B33D2B21A703B691A128D
:105240007B681C33D2B21A707B681D333A69D2B2C4
:105250001A70FB681A0E7B681E33D2B21A70FB6894
:105260001A147B681F33D2B21A70FB681A127B685B
:105270002033D2B21A707B682133FA68D2B21A7026
:105280001A4B93ED027ADFED1B6AC7EE267A7B6834
:105290002233FCEEE77AC7ED007A3A78D2B21A7080
:1052A000FB691B8D1B0A9AB27B682333D2B21A703A
:1052B000FB691A8D7B682433D2B21A707B68253360
:1052C0000D4A12781A707B6826330B4A12781A70CE
:1052D00000BF2037BD4611E02822002060020020D8
:1052E000D416002000007A446C220020C819002047
:1052F0000024744900401C46CD16002080BD00BF2C
:1053000080B58CB000AF7860B34B1B684FF0FF31B5
:10531000184617F02DF9B14B1B683B62AE4B18686D
:1053200000230022002116F0E1FDAD4B1B681B0E8F
:10533000DAB27B681A70AA4B1B681A0C7B680133BF
:10534000D2B21A70A64B1B681A0A7B680233D2B21B
:105350001A70A34B1A687B680333D2B21A703B6A87
:10536000D3ED007A9FED9F7A67EE877AFDEEE77ABC
:1053700017EE903AFB833B6AD3ED017A9FED997A61
:1053800067EE877AFDEEE77A17EE903ABB833B6AC9
:10539000D3ED027A9FED937A67EE877AFDEEE77A96
:1053A00017EE903A7B83B7F91E301B121AB27B6856
:1053B0000433D2B21A707B680533FA8BD2B21A70FA
:1053C000B7F91C301B121AB27B680633D2B21A70BE
:1053D0007B680733BA8BD2B21A70B7F91A301B1236
:1053E0001AB27B680833D2B21A707B6809337A8BA1
:1053F000D2B21A707C4B9B891B0A9AB27B680A3323
:10540000D2B21A70784B9A897B680B33D2B21A7079
:10541000754BDB891B0A9AB27B680C33D2B21A70C7
:10542000714BDA897B680D33D2B21A706E4B1B8ACE
:105430001B0A9AB27B680E33D2B21A706A4B1A8A70
:105440007B680F33D2B21A703B6AB3F922301B1259
:105450001AB27B681033D2B21A703B6AB3F92220B9
:105460007B681133D2B21A703B6AB3F924301B1235
:105470001AB27B681233D2B21A703B6AB3F9242095
:105480007B681333D2B21A703B6AB3F926301B1211
:105490001AB27B681433D2B21A703B6AB3F9262071
:1054A0007B681533D2B21A70504BD3ED007A9FED62
:1054B000507A67EE877AFDEEE77A17EE903A7B61D5
:1054C0004A4BD3ED017A9FED4A7A67EE877AFDEE7B
:1054D000E77A17EE903A3B617B691A0E7B681633C8
:1054E000D2B21A707B691A147B681733D2B21A7061
:1054F0007B691A127B681833D2B21A707B68193331
:105500007A69D2B21A703B691A0E7B681A33D2B22A
:105510001A703B691A147B681B33D2B21A703B694C
:105520001A127B681C33D2B21A707B681D333A6939
:10553000D2B21A702D4B93ED027ADFED2E6AC7EED0
:10554000267AFCEEE77AC7ED007A3B78FB737B683E
:105550001E33FA7B1A70284B1B785BB21B015AB2C0
:10556000264B1B881B0A9BB25BB203F00F035BB296
:1055700013435AB27B681F33D2B21A701F4B1A887A
:105580007B682033D2B21A701D4BD3F8A030FB6277
:105590001B4BD3F8A430BB62194BD3F8A8307B6205
:1055A000174BD3ED277AF5EEC07AF1EE10FA2BD532
:1055B000D7ED0B7AF1EE677AC7ED0B7AD7ED0A7A61
:1055C000F1EE677AC7ED0A7AD7ED097AF1EE677ADC
:1055D000C7ED097A18E000BF2822002060020020F1
:1055E000D416002000007A446C220020C819002044
:1055F0000024744900401C463A1C00203C1C00203A
:10560000041A00200060EA46D7ED0B7A1FED037AFA
:1056100067EE877AFDEEE77A17EE903ABB81D7ED19
:105620000A7A1FED087A67EE877AFDEEE77A17EEC1
:10563000903A7B81D7ED097A1FED0E7A67EE877A73
:10564000FDEEE77A17EE903A3B81B7F90C301B126A
:105650001AB27B682133D2B21A707B682233BA89BE
:10566000D2B21A70B7F90A301B121AB27B68233310
:10567000D2B21A707B6824337A89D2B21A70B7F921
:1056800008301B121AB27B682533D2B21A707B68BD
:1056900026333A89D2B21A7000BF3037BD4680BD7A
:1056A0002DE9B04F9CB002AF7860012387F86330DA
:1056B0006F4B7B6600F0EAFB6E4804F09DFC02F045
:1056C00003F907F13C031846FEF786FF07F13C0398
:1056D000184600F0CDFD0346002B0DD007F13C032A
:1056E0001846FEF715FC07F10C0307F13C010422F4
:1056F0000120FEF70CF907E007F10C0307F13C016C
:1057000027220220FEF703F95B4B1B7883F001038D
:10571000DBB2002B04D007F10C031846FEF78EF91C
:105720007B6E00229846914642464B464FF0000061
:105730004FF00001590141EAD261500102460B4687
:10574000B2EB080463EB09054FF000024FF00003D1
:10575000AB0043EA9473A20014461D4614EB080AFA
:1057600045EB090B4FF000024FF000034FEACB036B
:1057700043EA5A734FEACA0292469B46504659463C
:105780004FF47A724FF00003FBF7DEFA02460B4645
:1057900007F1080300924FF0FF320021002018F0BB
:1057A00097FD0346012B2AD1BB6803F00103002BB0
:1057B00002D0324B01221A70BB6803F00203002BA7
:1057C00002D02E4B00221A70BB6803F00403002B9A
:1057D00015D02B4B1B684FF0FF31184616F0C8FE52
:1057E000284B1B781A464EF6602302FB03F37B66B8
:1057F000234B186800230022002116F077FB97F84E
:105800006330012B8CD100F041FB1A4804F0F4FB0B
:1058100002F05AF807F13C031846FEF7DDFE07F1E7
:105820003C03184600F024FD0346002B0DD007F181
:105830003C031846FEF76CFB07F10C0307F13C0133
:1058400004220120FEF763F807E007F10C0307F1DB
:105850003C0127220220FEF75AF80B4B186807F18B
:105860000C0100234FF0FF3216F040FB58E700BF59
:10587000C0270900F80500207502002074020020EE
:105880001C22002076020020601C00202DE9B04F71
:105890009CB002AF78606E4B7B667B6E00229846B0
:1058A000914642464B464FF000004FF0000159012F
:1058B00041EAD261500102460B46B2EB080463EBA9
:1058C00009054FF000024FF00003AB0043EA947368
:1058D000A20014461D4614EB080A45EB090B4FF0D5
:1058E00000024FF000034FEACB0343EA5A734FEA3A
:1058F000CA0292469B46504659464FF47A724FF080
:105900000003FBF721FA02460B4613460093514B66
:105910004FF0FF320021002018F0DAFC0346012B83
:105920002DD14C4B1B6803F00103002B02D04A4BD6
:1059300001221A70474B1B6803F00203002B02D0B0
:10594000454B00221A70434B1B6803F00403002BE5
:1059500015D0424B1B684FF0FF31184616F008FE79
:105960003F4B1B781A464EF6602302FB03F37B661F
:105970003A4B186800230022002116F0B7FA364B84
:105980001B78002B89D017F0DBFC0346354A1360E7
:105990003549364800F084F800F044F9344B1B7860
:1059A000002B41D0334807F015FF3349314800F050
:1059B00077F800F051F9314B03F5FA430C331A46EE
:1059C0002F4B1846114642F6D0731A4622F0DDFEE0
:1059D0002C492B4800F064F800F0F8F92A4B00221B
:1059E0001A60294B1B68FF222249184602F09CF8D6
:1059F0002649204800F054F800F04AF907F13C032A
:105A00001846FFF759F807F10C0307F13C0127226C
:105A10000D20FDF77CFF1E4B186807F10C010023D9
:105A20004FF0FF3216F062FA17F08AFC0346194A6B
:105A30001360184B1A680B4B1B68D31A164A136075
:105A4000144B1A68074B1B68D31A144A136024E7D7
:105A5000C0270900E4160020740200201C22002048
:105A600076020020002A002000170020007D00643C
:105A7000F0210020D0AC00640817002000000C08C2
:105A8000A0DC0064F0160020F0180020F8160020BA
:105A9000601C0020042A0020082A00200C2A002074
:105AA000F0B587B000AF786039600023FB60002359
:105AB000BB60544B00221A70524B00225A70514B5B
:105AC00000229A704F4B0022DA704F4B00221A606E
:105AD0004E4B1B689A684D4B1B6842F001029A605E
:105AE00040F6F432796849480CF0DEFE0346464A37
:105AF0001360474B1A68444B1B689A427ED00023C0
:105B00007B6178E07A6913461B029B1A1B01FB60DC
:105B1000FB687A6813443F4A104619464FF47F6386
:105B20001A4622F032FE394B1B689A68374B1B68C5
:105B300042F001029A60344B00221A604FF47F72E7
:105B4000344932480CF0B0FE03462F4A1360324B02
:105B50001A682D4B1B689A424AD000233B6144E0EF
:105B60003A6913465B0013441B011A46FB68134451
:105B7000BB60BB687A681344284A1C46164604F189
:105B8000300C35462346186859689A68DB680FC59B
:105B9000103410366445F4D11C4B1B689A681B4BBB
:105BA0001B6842F001029A60174B00221A600C2217
:105BB0001A4916480CF078FE0346134A1360184B36
:105BC0001A68114B1B689A420CD00E4A7B69134429
:105BD00001221A700B4B0122DA703A6830210F480B
:105BE00000F014F93B6901333B613B69542BB7DD8D
:105BF0007B6901337B617B69022B83DD00BF1C372E
:105C0000BD46F0BDE0160020DC160020F4040020A4
:105C100068020020700C01646C020020601C0164AA
:105C20007002002080B500AF084BDB78002B0AD053
:105C3000074B1B7842F6D0721946064821F0C3FE86
:105C4000024B0022DA7000BF80BD00BFE0160020CA
:105C50008A020020007D006480B500AF094BDB782C
:105C6000002B0DD0084B1B784FF4FF7219460748E4
:105C700021F0A9FE054807F015FD024B0022DA705D
:105C800000BF80BDE01600208A020020901C016445
:105C900080B500AF464B1B78002B3DD0444B5B7862
:105CA000002B39D0424B9B78002B35D0414B1B68E1
:105CB00010221946404800F0FBFF3E4B1A683F4B4C
:105CC0001B6813443B4A13603A4B1B681022194669
:105CD000394800F0EDFF374B1A68384B1B68134406
:105CE000344A1360334B1B6810221946324800F0C7
:105CF000DFFF334B1B7842F6D0721946314821F052
:105D000062FE314B1B68FF222E49184601F012FE3D
:105D10000A2017F013F949E0254B1B78002B10D00F
:105D2000294B00221A60234B1B6810221946224877
:105D300000F0BEFF244B1B6855222249184601F093
:105D4000F9FD1B4B5B78002B15D01F4B4FF4805295
:105D50001A601A4B1B68174A1360164B1B681022F7
:105D60001946154800F0A4FF174B1B68552215492A
:105D7000184601F0DFFD0E4B9B78002B16D0124B1E
:105D80004FF400521A600D4B1B685B00094A136008
:105D9000084B1B6810221946074800F089FF0A4B80
:105DA0001B6855220749184601F0C4FD00BF80BD9D
:105DB000E0160020801700205C07002080020020F1
:105DC0008A020020D0AC0064F418002080B500AF37
:105DD0000B4BDB78002B10D00A4B1B7842F6D072AD
:105DE0001946094821F0EFFD19F0ECF900F06CFAC2
:105DF00019F01AFA024B0022DA7000BF80BD00BF12
:105E0000E01600208A020020A0DC006480B487B085
:105E100000AFF860B9607A601B4B1B78BB7400233D
:105E20007B6126E0FA687B6913441B787B747A7C7B
:105E3000BB7C9A421AD07B681B685A1C7B681A602C
:105E40007A7CBB7C5340FB740DE0FB7C013BDBB2F6
:105E50005AB297F9133013405BB2FB747B685B68EE
:105E60005A1C7B685A60FB7C002BEED17B690133A6
:105E70007B617A69BB689A42D4D300BF00BF1C37EC
:105E8000BD465DF8047B70478A02002080B586B06D
:105E900004AF6C4B1B684FF0FF31184616F068FBDF
:105EA00064230293022301933B1D009301230F22DD
:105EB000902165480EF0C0FC03461A46634B1A70E9
:105EC000624B1B78002B0FD13B791B027A7913436D
:105ED00040F21712934203D15D4B00221A7006E084
:105EE0005B4B01221A7002E05A4B01221A706423A4
:105EF000029301230193FB1C009301230F22D32162
:105F000051480EF099FC03461A46504B1A704F4BFD
:105F10001B78002B09D1FB78D32B03D14E4B0022E9
:105F20001A7002E04C4B01221A7064230293012381
:105F30000193BB1C009301232022602142480EF0F4
:105F40007BFC03461A46414B1A70404B1B78002BD2
:105F500009D1BB78062B03D1404B00221A7002E016
:105F60003E4B01221A7064230293022301933B1DCE
:105F7000009301230F22902139480EF05DFC034667
:105F80001A46324B1A70314B1B78002B0FD13B79DC
:105F90001B027A79134340F21712934203D1314B1B
:105FA00000221A7006E02F4B01221A7002E02E4BDD
:105FB00001221A706423029301230193FB1C0093B6
:105FC00001230F22D32126480EF036FC03461A4641
:105FD0001E4B1A701D4B1B78002B09D1FB78D32B5D
:105FE00003D1224B00221A7002E0204B01221A70CA
:105FF0006423029301230193BB1C009301232022FD
:10600000602117480EF018FC03461A460F4B1A7011
:106010000E4B1B78002B09D1BB78062B03D1144BF8
:1060200000221A7002E0124B01221A70054B186808
:1060300000230022002115F059FF00BF0837BD469C
:1060400080BD00BF10220020FC040020101700209B
:1060500077020020E8160020790200207B02002051
:106060005005002078020020E91600207A02002066
:106070007C02002080B400AF0C4B1B78002B03D1B6
:106080000B4B1B78002B0BD0094B1B785BB25B00D2
:106090005AB2064B1B785BB213435BB2DBB200E033
:1060A00000231846BD465DF8047B70477B02002044
:1060B0007C02002080B400AF0C4B1B78002B03D176
:1060C0000B4B1B78002B0BD0094B1B785BB25B0092
:1060D0005AB2064B1B785BB213435BB2DBB200E0F3
:1060E00000231846BD465DF8047B70477702002008
:1060F0007802002080B400AF0C4B1B78002B03D13A
:106100000B4B1B78002B0BD0094B1B785BB25B0051
:106110005AB2064B1B785BB213435BB2DBB200E0B2
:1061200000231846BD465DF8047B704779020020C5
:106130007A02002080B400AF1A4B1B78002B0BD1E1
:10614000184B5B78002B07D1164B9B78002B03D1A3
:10615000144BDB78002B1CD0134B01221A70114B0F
:10616000DB785BB2DB005AB20E4B9B785BB29B00D4
:106170005BB213435AB20B4B5B785BB25B005BB212
:1061800013435AB2074B1B785BB213435BB2DBB2CB
:1061900003E0054B00221A7000231846BD465DF847
:1061A000047B7047141900207D02002080B400AFEA
:1061B0000F4B1B78002B03D10E4B1B78002B0ED0FE
:1061C0000D4B01221A700B4B1B785BB25B005AB26D
:1061D000074B1B785BB213435BB2DBB203E0064BA9
:1061E00000221A7000231846BD465DF8047B7047F4
:1061F000EA160020EB1600207E02002080B400AFDB
:10620000174B1B78002B0BD1164B1B78002B07D19B
:10621000154B1B78002B03D1144B1B78002B19D086
:106220000F4B1B785BB2DB005AB20E4B1B785BB294
:106230009B005BB213435AB20B4B1B785BB25B0003
:106240005BB213435AB2094B1B785BB213435BB288
:10625000DBB200E000231846BD465DF8047B7047C2
:10626000EC160020C0220020ED160020EE160020C3
:1062700080B485B000AF78600023FB7307E0FB7B40
:106280007A6813441B78002B01D0012303E0FB7BC9
:10629000262BF4D9002318461437BD465DF8047B3D
:1062A0007047000080B500AF15F05EFA0346044A5F
:1062B000136015F059FA0346024A136000BF80BD0F
:1062C00014170020181700202DE9B04F8CB000AF34
:1062D0000CF0D2FF484BF322DA600023BB600A23A4
:1062E0003B6101237B610223BB613A1D07F1080377
:1062F000114618460DF022F90346002B74D13F4B8E
:106300003B624FF4FA53FB610023FB6216E0FB6A29
:106310009B003B4A9918FB6A9B003A6A13441B682E
:1063200000229A46934652465B4602200CF050FFEC
:106330000346002B07D1FB6A0133FB62FA6AFB6953
:106340009A42E4D300E000BF2E4B3B6240F6F433A8
:10635000FB610023BB6219E0BB6A9A00284B03F57E
:10636000FA430C33D118BB6A9B003A6A13441B688A
:1063700000229846914642464B4602200CF028FFE8
:106380000346002B07D1BB6A0133BB62BA6AFB69C3
:106390009A42E1D300E000BF1B4B3B6240F277130F
:1063A000FB6100237B6219E07B6A9A00144B03F5C2
:1063B0002C43E833D1187B6A9B003A6A13441B686C
:1063C00000221C46154622462B4602200CF000FFF8
:1063D0000346002B07D17B6A01337B627A6AFB6933
:1063E0009A42E1D300E000BF0CF068FF00BF3037F5
:1063F000BD46BDE8B08F00BF003C02400000006415
:1064000000000C08A0DC0064901E016480B500AFA1
:106410000B4A0C4B104619464FF4FA431A4622F029
:10642000B4F9084B03F52C43E8331A46064B1846DB
:10643000114640F2DC531A4622F0A7F900BF80BD96
:106440000000006400000C08901E016480B586B056
:1064500002AF78600B467B800523BB8100233B8124
:106460007B88184600F0F2F807F1080207F10C01EA
:106470004FF0FF3300930223786812F06EF87B88A8
:10648000184600F0F5F87B7A03F00203002B0CBFEE
:1064900001230023DBB218461037BD4680BD80B50E
:1064A00000AF00F0C7F8102000F0E2F8202000F064
:1064B000DFF8402000F0DCF84FF4007000F0D8F86E
:1064C00000BF80BD80B500AF4FF4FA4200214848BC
:1064D00021F079FA464B0F225A70464B00221A805F
:1064E000454B00221A80454B00221A80444B002263
:1064F0001A80444B00221A81434B00221A70434BEE
:1065000000221A70424B00221A70424B00221A706D
:10651000414B00221A70414B00221A7000F08AF899
:10652000102000F0A5F8202000F0A2F8402000F094
:106530009FF84FF4007000F09BF8394B00221A705E
:10654000374B00225A70364B00225A60344B0022DF
:106550009A60334B0022DA60314B00221A61304BD3
:1065600000229A822E4B00229A612D4B00221A772C
:106570002B494FF000024FF00003C1E9082310211E
:10658000284800F0F1F84FF47A7016F0D7FC20217B
:10659000244800F0E9F84FF47A7016F0CFFC40215F
:1065A000204800F0E1F84FF47A7016F0C7FC4FF481
:1065B00000711C4800F0D8F84FF47A7016F0BEFC59
:1065C000194B1B7842F6D0721946184821F0FBF996
:1065D000174B00221A60164B1B68FF2213491846FE
:1065E00001F0A8F90A2016F0A9FC00BF80BD00BF89
:1065F00000000064F8180020FA180020FC180020A1
:10660000FE18002000190020081900200919002098
:106610000A1900200B1900200C1900200D19002068
:10662000B01800205C0700208A020020D0AC006473
:10663000F418002080B500AF01224FF40051024849
:106640000DF04EFB00BF80BD0008024080B582B057
:1066500000AF0346FB80FB880022194603480DF07B
:106660003FFB00BF0837BD4680BD00BF00080240A9
:1066700080B582B000AF0346FB80FB88012219463B
:1066800003480DF02DFB00BF0837BD4680BD00BF9D
:106690000008024080B584B000AF78600B467B8074
:1066A0009F23FB737B881846FFF7D0FF07F10F018C
:1066B0000A230122786811F0F3FC7B88102B06D1A5
:1066C0000A2303221549786811F02EFE1DE07B880D
:1066D000202B06D10A2303221149786811F024FEE9
:1066E00013E07B88402B06D10A2303220D497868EA
:1066F00011F01AFE09E07B88B3F5007F05D10A236B
:1067000003220949786811F00FFE7B881846FFF7CD
:10671000AFFF00BF1037BD4680BD00BFE0180020AE
:10672000E4180020E8180020EC18002080B586B09E
:1067300002AF78600B467B800623FB737B8818468C
:10674000FFF784FF07F10E0207F10F010A23009300
:106750000123786811F001FF7B881846FFF788FF56
:1067600000BF1037BD4680BD80B586B002AF7860EF
:106770000B467B800023BB607B681B68DB68BB60CB
:106780007B681B689B68BB60BB687B881946786820
:10679000FFF7CCFF7B8819467868FFF757FE034662
:1067A000002B05D07B881846FFF762FF01234CE0E1
:1067B000C723BB737B881846FFF748FF07F10E011C
:1067C0000A2300930123234A786811F0C6FE03468A
:1067D000FB737B881846FFF74BFFFB7B002B2CD10C
:1067E0004FF47A7016F0AAFB7B881846FFF72EFF4D
:1067F0000A2300930223184A1849786811F0ADFE65
:106800000346FB737B881846FFF732FFFB7B002BA8
:1068100015D1114B5A78124B1A70114B1B7803F09B
:106820000103002B02D0052016F088FB0C4B1B78CF
:1068300003F00103002BD7D102E000BF00E000BF4E
:106840007B881846FFF714FFFB7B18461037BD46C0
:1068500080BD00BF1C1700205419002084020020B6
:106860004C17002090B58FB002AFF860B9607A6025
:106870003B60024B1B7887F82F307CE1B01800207A
:10688000BB68DBB2BB62BB6AC3F580737B627A6AAA
:106890003B68934228BF13463B620023BB61FB6801
:1068A0001B68DB68BB61FB681B689B68BB61BB69DD
:1068B000B7F840301946F868FFF738FFB7F84030AE
:1068C0001946F868FFF7C2FD0346002B40F05981D6
:1068D000AD4B02221A70BB681B0CDAB2AA4B5A707D
:1068E000BB681B0ADAB2A84B9A70BB68DAB2A64B37
:1068F000DA703A6A7968A54821F047FFA44B1B7803
:10690000022B0BD9A24B00221A70A24B1B78013329
:10691000DAB2A04B1A70BB683033BB609D4B1B785A
:106920001D2B36D99C4B1B7818469C4B1B8819464F
:106930009B4A4FF47A6300FB03F30B445B00134460
:106940005B785AB2974B1B88194601238B405BB288
:1069500013435AB2904B1B781C46904B1B88184629
:10696000D1B28F4A4FF47A6304FB03F303445B0014
:1069700013440A465A708B4B1B8803F57F63BB6038
:10698000844B00221A70884B1B780133DAB2864B95
:106990001A70854B1B78042B42D97F4B1B78184605
:1069A0007E4B1B8819467E4A4FF47A6300FB03F343
:1069B0000B4412F81330784A12781446774A12883A
:1069C000104643F00103D9B2754A4FF47A6304FBD1
:1069D00003F3034402F813106F4B1B78734A32F829
:1069E0001320013291B2714A22F813106B4B1B88AD
:1069F00001339AB2694B1A80684B1B881A461346BA
:106A00001B029B1ADB01BB60614B00221A70614BB9
:106A100000221A70644B00221A70624B00221A8006
:106A20005D4B1B781A46614B33F81230B3F5FA6FA1
:106A300018D9594B1B780133DAB2574B1A7000231F
:106A4000BB60554B1B78184600F0CCF90346A7F8FD
:106A500040304F4B00221A704E4B00221A70524B9E
:106A600000221A70524B1B680021184615F080FD59
:106A700000BFFB681B689B6803F08003802BF8D085
:106A8000B7F840301846FFF7E1FD3B6A9BB204338C
:106A90009BB2484A3C49F86811F008FF0346FB776F
:106AA000FB7F002B40F08880414B1B684FF0FF318B
:106AB000184615F05DFD00BFFB681B689B6803F07E
:106AC0008003802BF8D0B7F840301846FFF7D0FD90
:106AD0000523BB8200233B82B7F840301846FFF7FE
:106AE000B5FD07F1100207F114010A2300930223F8
:106AF000F86811F032FD0346FB77B7F840301846CE
:106B0000FFF7B6FDFB7F002B58D17B7C03F0010320
:106B1000002B02D0012016F011FA7B7C03F0010358
:106B2000002BD9D1BA683B6A1344BB607A683B6AD0
:106B300013447B603A683B6AD31A3B60B7F8403035
:106B4000184600F0A5FD0346002B14BF01230023C7
:106B5000BB77BB7F002B05D00D4B1B780133DAB21E
:106B60000B4B1A70B7F84030184600F091FD034601
:106B7000002B7FF4C3AE3B68002B7FF481AE002373
:106B800023E000BF1BE000BF84170020881700200F
:106B90000819002009190020B0180020F81800205A
:106BA00000000064FC1800200A19002000190020D1
:106BB000082200204C18002000BF00E000BFB7F8FA
:106BC00040301846FFF754FD012318463437BD46C0
:106BD00090BD00BF80B586B000AFF860B9607A6044
:106BE0007B802F4B1B680021184615F0C1FC002349
:106BF0003B61FB681B68DB683B61FB681B689B684B
:106C00003B613B697B8804331A460021254820F00C
:106C1000DAFE244B03221A70BB681B0CDAB2214B3C
:106C20005A70BB681B0ADAB21E4B9A70BB68DAB2A4
:106C30001C4BDA703B8C1846FFF708FD7B88043349
:106C40009BB2194A1749F86811F030FE0346FB75EC
:106C5000FB7D002B1AD1124B1B684FF0FF311846F9
:106C600015F086FC00BFFB681B689B6803F080037F
:106C7000802BF8D03B8C1846FFF7FAFC7B881A462D
:106C80000A49786821F081FD002305E000BF3B8CB4
:106C90001846FFF7EDFC012318461837BD4680BDA6
:106CA0000822002084170020E8170020EC1700209D
:106CB00080B588B002AFF860B9601346FB8000234E
:106CC000FB7503237B75424B20221A70BB681B0C9B
:106CD000DAB23F4B5A70BB681B0ADAB23C4B9A706F
:106CE000BB68DAB23A4BDA7000233B61FB681B6881
:106CF000DB683B61FB681B689B683B613B69FB8809
:106D00001946F868FFF712FDFB881946F868FFF787
:106D10009DFB0346002B05D0FB881846FFF7A8FC17
:106D2000012351E0FB881846FFF790FC0A230093EB
:106D30000423284A2649F86811F00FFC0346BB7566
:106D4000FB881846FFF794FCBB7D002B32D16420F2
:106D500016F0F4F8FB881846FFF778FC0A23009336
:106D600002231D4A1D49F86811F0F7FB0346BB7565
:106D7000FB881846FFF77CFCBB7D002B1CD1164B13
:106D80005A78174B1A70164B1B7803F00103002B2F
:106D900002D0052016F0D2F8FB7D0133FB75104BB5
:106DA0001B7803F00103002B08D0FA7D7B7D9A420B
:106DB000D0D303E000BF02E000BF00E000BFFB88CB
:106DC0001846FFF755FCBB7D18461837BD4680BDF9
:106DD000581900201C1700205C1900208802002090
:106DE0004C17002080B483B000AF0346FB71FB79E1
:106DF000032B14D801A252F823F000BF0D6E000837
:106E0000116E0008156E0008196E0008102307E0C7
:106E1000202305E0402303E04FF4007300E010233B
:106E200018460C37BD465DF8047B7047F0B587B057
:106E300002AF7860884B1B684FF0FF31184615F0A1
:106E400097FB864B1B781846FFF7CCFF0346BB81A8
:106E5000824B1B781846824B1B881946814A4FF497
:106E60007A6300FB03F30B4412F81330002B13D0AA
:106E70007B4B1B8801339AB2794B1A80784B1B8865
:106E80001A4613461B029B1ADB011A46734B5A60C3
:106E9000754B00221A7002E0734B01221A706F4B7F
:106EA0001B7818466E4B1B8819466E4A4FF47A635E
:106EB00000FB03F30B445B0013445B781A466B4BF7
:106EC0001B8842FA03F303F00103002B14BF0123D4
:106ED0000023DAB2664B1A70654B1B78002B0FD07B
:106EE000624B1B8801339AB2604B1A805B4B5B6824
:106EF00003F57F63594A53605E4B00221A7002E02B
:106F00005C4B01221A70554B5B685B4A934208D96F
:106F1000524B00225A60514B1B780133DAB24F4B6F
:106F20001A70514B1B7883F00103DBB2002B8FD119
:106F3000504B1B7883F00103DBB2002B88D14F4B01
:106F40001B7883F00103DBB2002B34D0434B1B7F53
:106F5000002B30D0414B5968BB8900933023484AFD
:106F60004848FFF737FE0A2015F0E8FF444B1B782E
:106F7000CD2B15D10023FB73384B5B683033374A78
:106F80005360364BDB680133344AD360334B1B69A3
:106F90000133324A136100F061FE00F091FE01E01E
:106FA0000123FB73FB7B83F00103DBB2002BD1D108
:106FB000324B01221A703022FF21334820F003FDAA
:106FC000314A7B681C46164604F1300C3546234690
:106FD000186859689A68DB680FC510341036644524
:106FE000F4D11E4B5968BB8900933023264A2548AB
:106FF000FFF738FC0346002B08D0174B1868002316
:107000000022002114F072FF012320E0134B012223
:107010001A77124B5B683033104A53600F4BDB68B2
:1070200001330E4AD3600D4B1B6901330B4A1361C8
:1070300000F014FE00F044FE074B18680023002205
:10704000002114F053FF0D4B01221A700023184643
:107050001437BD46F0BD00BFF8210020B018002055
:10706000F8180020000000640C190020FC18002013
:107070001B1900200D190020ABAA2A001A190020A4
:10708000201900205C07002050170020F0B587B0C1
:1070900002AF78605F4B1B684FF0FF31184615F068
:1070A00067FA5D4B5B781846FFF79CFE0346FB8151
:1070B000594B5A78584B1B789A421ED1564B9A68B6
:1070C000554B5B689A4200D017E0534B00229A6000
:1070D000514B00225A60504B00229A604E4B0022C6
:1070E0005A604D4B00221A774A4B18680023002241
:1070F000002114F0FBFE0123B7E1474B5B781846F3
:10710000464B1B881946464A4FF47A6300FB03F34B
:107110000B4412F81330002B13D0404B1B88013363
:107120009AB23E4B1A803D4B1B881A4613461B02EF
:107130009B1ADB011A46384B9A603A4B00221A70B0
:1071400002E0384B01221A70334B5B781846334B00
:107150001B881946324A4FF47A6300FB03F30B4451
:107160005B0013445B781A462F4B1B8842FA03F3EB
:1071700003F00103002B14BF01230023DAB22B4BD1
:107180001A702A4B1B78002B0FD0274B1B8801331A
:107190009AB2254B1A80204B9B6803F57F631E4AE9
:1071A0009360234B00221A7002E0214B01221A70D7
:1071B000194B9B681F4A934208D9174B00229A60CB
:1071C000154B5B780133DAB2134B5A70154B1B78B1
:1071D00083F00103DBB2002B8FD1154B1B7883F0BA
:1071E0000103DBB2002B88D10B4B9968FB8900931C
:1071F0003023114A1148FFF7EDFC0346002B1FD046
:10720000044B186800230022002114F06FFE0123B4
:107210002BE100BFF8210020B0180020FA18002050
:10722000000000640C190020FE1800201B1900202B
:107230000D190020ABAA2A00501700205C0700207F
:107240002D228C49786821F0A0FAFB89184600F0BD
:10725000C5F90346042B05DD874B1B780133DAB2F1
:10726000854B1A70844B1B78282B29D9FB89013B4D
:10727000824A12881046824A4FF47A6101FB03F376
:1072800003445B0013445B785AB27E4B1B8819465B
:1072900001238B405BB2134359B2FB89013B774A10
:1072A00012881646C8B2764A4FF47A6101FB03F39E
:1072B00033445B00134402465A706F4B00221A702D
:1072C000FB89184600F08AF90346DAB26E4B1B7848
:1072D0001344DAB26C4B1A70FB89184600F032F98D
:1072E0006A4B9B683033694A9360684B9B8A0133D1
:1072F0009AB2664B9A82654B9B690133634A9361EC
:10730000624B9B8A542B37D9604B00229A825F4B89
:107310009B6803F6FF7323F47F6323F00F035B4A3C
:1073200093605A4B9A685A4B1B68D31A00221C462A
:107330001546564BC3E90845544BD3E9082311467B
:10734000FB891A465348FFF7B3FCFB89184600F047
:107350005BF94C4B1B8801339AB24A4B1A80494B5C
:107360001B88082B08D1474B00221A80434B1B88EF
:1073700001339AB2414B1A80444B9B69464A93426F
:1073800028D9424B00229A61404B00229A823F4BFF
:107390005B780133DAB23D4B5A703C494FF0000242
:1073A0004FF00003C1E90823364B00221A80334B0B
:1073B00000221A80354B5B78032B08D9334B00220F
:1073C0005A70304B00221A802C4B00221A802F4B0F
:1073D00000229A602D4B5A782C4B1B789A4236D15A
:1073E0002A4B9A68294B5B689A4230D1274B00227E
:1073F0009A60264B00225A60244B00229A60234B4D
:1074000000225A60214B00221A77204B00221A7763
:10741000224B00221A80224B00221A80174B002296
:107420001A80184B00221A80184B0022DA60174B82
:1074300000221A61154B00221A70144B00225A7058
:10744000124B00229A82114B00229A6102E00F4BEC
:1074500001221A77134B00221A70134B186800236D
:107460000022002114F042FD002318461437BD46C7
:10747000F0BD00BF501700200B190020FA180020A3
:1074800000000064FE180020DC180020B018002066
:10749000800200205C070020AAAA2A00F818002019
:1074A000FC18002050190020F821002080B584B07D
:1074B00000AF0346FB808123FB73FB881846FFF770
:1074C000C5F807F10F010A230122094810F0E8FD71
:1074D0000A2301220749064810F026FFFB881846B8
:1074E000FFF7C6F8034B1B7818461037BD4680BD22
:1074F0005C070020D918002080B584B000AF034697
:10750000FB80B323FB73FB881846FFF79FF807F156
:107510000F010A230122094810F0C2FD0A230122AB
:107520000749064810F000FFFB881846FFF7A0F84F
:10753000034B1B7818461037BD4680BD5C07002002
:10754000DA18002080B584B000AF0346FB80B62374
:10755000FB73FB881846FFF779F807F10F010A2340
:107560000122054810F09CFDFB881846FFF780F8C3
:1075700000BF1037BD4680BD5C07002080B584B0D9
:1075800000AF0346FB80FB881846FFF78FFF0346DA
:10759000DBB203F00803FB73FB7B082B01D1012353
:1075A00000E0002318461037BD4680BD80B584B08A
:1075B00000AF0346FB80FB881846FFF777FF0346C2
:1075C000DBB203F00403FB73FB7B042B01D101232B
:1075D00000E0002318461037BD4680BD80B584B05A
:1075E00000AF0346FB80FB881846FFF785FF034684
:1075F000DBB203F03C03FB73FB7B9B08FB73FB7B61
:1076000018461037BD4680BD80B584B000AF034634
:10761000FB8000233B73FB881846FFF7DFFF034620
:107620003B73FB881846FFF7A9FF0346FB723B7BC1
:10763000062B02D10123FB7301E00023FB73FB7ACD
:10764000002B02D00123BB7301E00023BB730F4B5F
:107650001B78142B02D101237B7301E000237B7381
:10766000FB7B002B05D1BB7B002B02D17B7B002B4E
:1076700001D0012300E00023BB72BB7A03F00103B9
:10768000BB72BB7A18461037BD4680BDD8180020A3
:1076900080B584B000AF0346FB80FB881846FFF737
:1076A00085FF0346BB73BB7B002B05D00C4B1B78BF
:1076B0000133DAB20A4B1A70094B1B78032B08D13D
:1076C0000123FB73074B1B780133DAB2054B1A70A9
:1076D00001E00023FB73FB7B18461037BD4680BDDD
:1076E000DB180020D818002080B500AF00224FF42E
:1076F000005102480CF0F4FA00BF80BD00080240BF
:1077000080B584B000AF0346FB800523FB73FB8884
:107710001846FEF79BFF07F10F010A238022074856
:1077200010F0BEFCFB881846FEF7A2FFFFF7DCFF57
:10773000FEF780FF00BF1037BD4680BD5C0700200C
:1077400080B584B000AF0346FB71FB791846FFF7A4
:1077500049FB0346BB81BB8919465348FEF79AFF94
:10776000BB89102B1AD1514B1B789D2B07D14F4B46
:107770005B78602B03D14D4B9B781B2B0AD04C4B75
:1077800001221A70FB7B0133FB73BB891846FFF79C
:10779000B7FF5DE0464B00221A7059E0BB89202BF1
:1077A0001AD1444B1B789D2B07D1424B5B78602B41
:1077B00003D1404B9B781B2B0AD03D4B01221A7002
:1077C000FB7B0133FB73BB891846FFF799FF3FE052
:1077D000374B00221A703BE0BB89402B1AD1364B45
:1077E0001B789D2B07D1344B5B78602B03D1324B38
:1077F0009B781B2B0AD02E4B01221A70FB7B013386
:10780000FB73BB891846FFF77BFF21E0284B002262
:107810001A701DE0BB89B3F5007F19D1274B1B7887
:107820009D2B07D1254B5B78602B03D1234B9B7895
:107830001B2B0AD01E4B01221A70FB7B0133FB73FA
:10784000BB891846FFF75CFF02E0194B00221A7053
:10785000FB7B012B04D8164B1B78002B7FF47BAFEE
:10786000BB89013B164A32F81330B3F5FA6F03D3E4
:10787000144B01221A7002E0124B00221A700C4BBA
:107880001B78002B03D10F4B1B78002B01D0012359
:1078900000E00023FB72FB7A03F00103FB72FB7A2A
:1078A00018461037BD4680BD5C070020E018002058
:1078B00018190020E4180020E8180020EC18002017
:1078C000001900201919002080B582B000AF174BB5
:1078D00000221A6000237B6019E07B68DBB2184647
:1078E000FFF72EFF03461946114A7B6813440A46E8
:1078F0001A700F4A7B6813441B78002B04D00B4B83
:107900001B680133094A13607B6801337B607B6825
:10791000032BE2DD054B1B68042B01D1012300E0A2
:10792000002318460837BD4680BD00BF101900204F
:107930001419002080B58EB002AFF860B96013460C
:10794000FB71724B1B684FF0FF31184614F010FEAC
:1079500005233B830023BB826D4AFB681360002331
:1079600087F82F30AFE03023BB62A3E0684B1B6881
:10797000DBB27B627B6AC3F580733B623A6ABB6AA7
:10798000934228BF1346FB6100233B61614B1B6898
:10799000DB683B615F4B1B689B683B613B69102167
:1079A0005C48FEF7C3FE10215A48FEF74FFD034620
:1079B000002B40F09780584B02221A70544B1B68E2
:1079C0001B0CDAB2544B5A70514B1B681B0ADAB2CB
:1079D000514B9A704E4B1B68DAB24F4BDA70BB6A50
:1079E000C3F13003BA681344FA6919464B4820F0D2
:1079F000CCFE4B4B1B680021184614F0B9FD00BFAC
:107A0000444B1B689B6803F08003802BF8D0102048
:107A1000FEF71CFEFB699BB204339BB2414A3E4910
:107A20003C4810F043FF0346FB76FB7E002B5BD106
:107A30003B4B1B684FF0FF31184614F099FD00BF17
:107A4000344B1B689B6803F08003802BF8D0102018
:107A5000FEF70EFE1020FEF7F9FD07F1140207F104
:107A600018010A23009302232A4810F076FD0346EA
:107A7000FB761020FEF7FCFDFB7E002B36D17B7DD4
:107A800003F00103002B02D0012015F057FA7B7D93
:107A900003F00103002BDDD11D4B1A68FB69134471
:107AA0001B4A1360BA6AFB69D31ABB62BA68FB69E6
:107AB0001344BB60BB6A002B7FF458AF97F82F309C
:107AC000013387F82F3097F82F20FB799A42FFF483
:107AD0004AAF0E4B186800230022002114F006FA6A
:107AE00000230FE000BF02E000BF00E000BF074B33
:107AF000186800230022002114F0F8F91020FEF786
:107B0000B7FD012318463037BD4680BDF82100205F
:107B10001C1900205C070020841700208817002013
:107B2000082200204C18002080B588B000AFF86013
:107B3000B9601346FB71434B1B684FF0FF31184689
:107B400014F016FD3023BB610023FB775CE03E4B55
:107B50001B680021184614F00BFD00233B613B4BD2
:107B60001B68DB683B61394B1B689B683B613B6969
:107B7000BB6904331A46002135481FF024FF344BFB
:107B800003221A70FB681B0CDAB2314B5A70FB6887
:107B90001B0ADAB22E4B9A70FB68DAB22C4BDA7001
:107BA0001020FEF753FDBB699BB204339BB2294AF8
:107BB0002749264810F07AFE0346FB75FB7D002B13
:107BC0002FD1214B1B684FF0FF31184614F0D0FC29
:107BD00000BF1E4B1B689B6803F08003802BF8D00E
:107BE0001020FEF745FDBA691B49B86820F0CDFDAD
:107BF000FB683033FB60BB683033BB600A2015F094
:107C00009DF9FB7F0133FB77FA7FFB799A429ED384
:107C10000C4B186800230022002114F067F90023A0
:107C20000BE000BF1020FEF723FD064B1868002371
:107C30000022002114F05AF9012318462037BD46CE
:107C400080BD00BFF8210020082200205C07002032
:107C500084170020E8170020EC17002080B400AF44
:107C6000144BDB68542B1FD9134B1B8801339AB27A
:107C7000114B1A80104B1B88082B08D10E4B002289
:107C80001A800E4B1B8801339AB20C4B1A80094B99
:107C90000022DA60074B5B6803F6FF7323F47F630F
:107CA00023F00F03034A536000BFBD465DF8047B19
:107CB000704700BFB0180020FC180020F818002002
:107CC00080B500AF164B1B69164A934224D9164B58
:107CD00000221A80154B00221A80114B00221A61D3
:107CE0000F4B0022DA600E4B1B780133DAB20C4BDB
:107CF0001A700B4B1B78032B0BD90D4B01221A70FA
:107D00000C4B186800230022002114F0EFF8012327
:107D100003E0034B00225A600023184680BD00BFD9
:107D2000B0180020AAAA2A00FC180020F818002089
:107D300050190020F821002080B500AF0A4802F059
:107D400021F80A4B00221A703822002108481FF03F
:107D50003AFE00F011F8034601221946054811F0D9
:107D6000B2FD00BF80BD00BF60190020C519002012
:107D7000C81900200409002080B400AF024B184647
:107D8000BD465DF8047B70475E19002080B582B067
:107D900000AF0346FB71FB791946064802F003F871
:107DA0000346012B02D1044B01221A7000BF083791
:107DB000BD4680BD60190020C519002080B400AF09
:107DC000074B1B78DBB2002B04D0054B00221A7046
:107DD000044B00E000231846BD465DF8047B704765
:107DE000C51900206019002080B487B000AF87ED6E
:107DF000010A0346FB7097ED017ADFED1E6AC7EEBC
:107E0000267AFDEEE77A17EE903A3B613B696422F1
:107E100002FB03F307EE903AF8EEE77A97ED017A6A
:107E200077EE677AC7ED037A3B6907EE903AB8EED2
:107E3000E77AD7ED036A9FED106AC6EE867A77EE91
:107E4000277AC7ED057AFB78532B02D0FB78572BA6
:107E500005D1D7ED057AF1EE677AC7ED057A7B6932
:107E600007EE903AB0EE670A1C37BD465DF8047B1A
:107E7000704700BF0000C8420000704280B487B065
:107E800000AFF8607A601A460B46FB721346BB726D
:107E90000023FB750023BB8200237B820BE0BB8A9F
:107EA000FA6813441B782C2B02D1FB7D0133FB7540
:107EB000BB8A0133BB82BB8AFA6813441B78002B50
:107EC00012D0FA7DFB7A9A42E9D30DE0BB8AFA68B8
:107ED0001A447B8A79680B4412781A70BB8A013382
:107EE000BB827B8A01337B82BB8AFA6813441B788E
:107EF000002B10D0BB8AFA6813441B782C2B0AD0B5
:107F0000BB8AFA6813441B782A2B04D07A8ABB7A7E
:107F1000013B9A42DADB7B8A7A68134400221A70AA
:107F200000BF1C37BD465DF8047B704780B483B04A
:107F300000AF78607B681B78303BDBB21A4692005A
:107F400013445B00DAB27B6801331B781344DBB265
:107F5000303BDBB218460C37BD465DF8047B7047FA
:107F60002DE9B04FF6B000AFC7F86C010622ED491D
:107F7000D7F86C011FF04DFD0346002B09D00622F7
:107F8000E949D7F86C011FF044FD0346002B40F08F
:107F9000578207F5C27202230221D7F86C01FFF75E
:107FA0006DFF97F88431412B40F04182DF4A012375
:107FB00082F8353007F5E0720F230121D7F86C0104
:107FC000FFF75CFF07F5B8720F230921D7F86C01A2
:107FD000FFF754FF07F5E0731846FFF7A7FF0346C6
:107FE00087F8D43107F5E07302331846FFF79EFF98
:107FF000034687F8D33107F5E07304331846FFF7DB
:1080000095FF034687F8D23107F5B8731846FFF796
:108010008DFF034687F8D13107F5B8730233184650
:10802000FFF784FF034687F8D03107F5B8730433B0
:108030001846FFF77BFF034687F8CF31BB4A97F816
:10804000CF3182F83030B94A97F8D03182F83130E8
:10805000B64A97F8D13182F83230B44A97F8D43121
:1080600082F83330B14A97F8D33182F83430AF4ACE
:1080700097F8D23182F8353097F8CF310022C7F81F
:108080004031C7F84421AA4BD7E950894A4603FB3F
:1080900002F20223414601FB03F31A44A44B41467A
:1080A000A1FB0313C7F864310B46C7F86031D7F85A
:1080B0006431D318C7F8643197F8D0310022C7F87B
:1080C0003831C7F83C219B4BD7E94E894A4603FB20
:1080D00002F20023414601FB03F31A44954B41464B
:1080E000A1FB0313C7F85C310B46C7F85831D7F82A
:1080F0005C31D318C7F85C31D7E958894346D7E9D2
:10810000560102469B18C7F830310B464A4642EBEF
:108110000303C7F8343197F8D4310022C7F8283167
:10812000C7F82C21D7E94A8942464B464FF0000058
:108130004FF00001990041EA9271900002460B460F
:1081400041465418494643EB01054FF000024FF0F9
:108150000003EB0043EA5473E20014461D46434615
:10816000B4EB030A404649460B4665EB030B4FF060
:1081700000024FF000034FEA0B1343EA1A734FEA71
:108180000A1292469B4603461AEB03033B670B46D3
:108190004BEB03037B674FF000024FF00003D7E97E
:1081A0001C4529460B01214643EA117321460A0169
:1081B00014461D4697F8D1310022C7F82031C7F880
:1081C0002421D7E9488942464B464FF000004FF042
:1081D0000001590141EAD261500102460B46414675
:1081E000511AB966494663EB0103FB664FF0000282
:1081F0004FF00003D7E91AAB59464B02514643EA08
:10820000D15351464A0210461946034642469B182E
:108210003B660B464A4642EB03037B664FF0000287
:108220004FF00003D7E918AB59468B01514643EA9A
:10823000916351468A015146511AB965594663EB1B
:108240000103FB65D7E91601034642469B18C7F8B0
:1082500018314B460A4642EB0303C7F81C31D7E9F5
:1082600046120B46E318C7F81031134645EB0303DB
:10827000C7F81431D7E94C452346D7E944010246F3
:108280009B18C7F808310B462A4642EB0303C7F890
:108290000C3197F8D3310022C7F80031C7F8042118
:1082A000D7E9404522462B46911839655B417B65ED
:1082B000D7E9142321465118B96429464B41FB6480
:1082C0004FF000024FF00003D7E9128949464B01F5
:1082D000414643EAD16341464A014146891839641F
:1082E000494643EB01017964D7E910010346224670
:1082F0009B18C7F8F8302B460A4642EB0303C7F831
:10830000FC30D7E942452346D7E93E0102469B1897
:10831000C7F8F0300B462A4642EB0303C7F8F430A7
:108320000AE000BF38B1020840B10208C8190020B5
:1083300000E40B5400E1F50597F8D2310022C7F8AC
:10834000E830C7F8EC20D7E93C452346D7E93A01A5
:1083500002469B18C7F8E0300B462A4642EB03035F
:10836000C7F8E430344BD7E93812C3E90A1207F5ED
:10837000D8720F230321D7F86C01FFF77FFD07F5B3
:10838000CE7202230421D7F86C01FFF777FD97F82E
:10839000B031002B1AD007F5D87318461EF052FBE7
:1083A00053EC102B10461946F8F72EFC024697F8AE
:1083B0009C31184600EE102AFFF716FDF0EE407AC9
:1083C0001D4BC3ED007A1C4A1B4B9A6107F5C67220
:1083D0000F230521D7F86C01FFF750FD07F5C47294
:1083E00002230621D7F86C01FFF748FD97F88C317E
:1083F000002B00F0A98207F5C67318461EF022FB79
:1084000053EC102B10461946F8F7FEFB024697F87E
:108410008831184600EE102AFFF7E6FCF0EE407AAD
:10842000054BC3ED017A054A034BDA618CE2024B3E
:10843000002283F8352087E2C8190020CC190020DB
:108440000622E349D7F86C011FF0E3FA0346002B3C
:1084500009D00622DF49D7F86C011FF0DAFA03468B
:10846000002B40F0748207F5C07202230621D7F872
:108470006C01FFF703FD97F88031302B00F05F822D
:1084800097F88031002B00F05A82D34A012382F8FA
:10849000353007F5E0720F230121D7F86C01FFF7A3
:1084A000EDFC07F5E0731846FFF740FD034687F83B
:1084B000D73107F5E07302331846FFF737FD03465F
:1084C00087F8D63107F5E07304331846FFF72EFD21
:1084D000034687F8D531C14B1B78BF4A82F830304C
:1084E000BE4B5B78BC4A82F83130BC4B9B78BA4AB1
:1084F00082F83230B84A97F8D73182F83330B64A2A
:1085000097F8D63182F83430B34A97F8D53182F8EB
:108510003530B24B1B78DBB20022C7F8D830C7F831
:10852000DC20AF4BD7E936452A4603FB02F2022393
:10853000214601FB03F31A44A94B2146A1FB031377
:10854000C7F854310B46C7F85031D7F85431D31817
:10855000C7F85431A14B5B78DBB20022C7F8D030AA
:10856000C7F8D4209F4BD7E934452A4603FB02F2D3
:108570000023214601FB03F31A449A4B2146A1FB39
:108580000313C7F84C310B46C7F84831D7F84C31C4
:10859000D318C7F84C31D7E954452346D7E95201DF
:1085A00002469B18C7F8C8300B462A4642EB030325
:1085B000C7F8CC3097F8D7310022C7F8C030C7F8D9
:1085C000C420D7E9304522462B464FF000004FF03B
:1085D0000001990041EA9271900002460B46214643
:1085E00012EB0108294643EB01094FF000024FF05E
:1085F00000034FEAC90343EA58734FEAC8029046A2
:1086000099462346B8EB0303BB632B4669EB030390
:10861000FB634FF000024FF00003D7E90E89494693
:108620000B01414643EA117341460A0110461946BF
:10863000034622469B183B632B460A4642EB030344
:108640007B634FF000024FF00003D7E90C45294649
:108650000B01214643EA117321460A0114461D46C7
:108660005E4B9B78DBB20022C7F8B830C7F8BC205D
:10867000D7E92E8942464B464FF000004FF00001EB
:10868000590141EAD261500102460B464146511A56
:10869000B962494663EB0103FB624FF000024FF001
:1086A0000003D7E90AAB59464B02514643EAD1537E
:1086B00051464A0210461946034642469B183B6201
:1086C0000B464A4642EB03037B624FF000024FF039
:1086D0000003D7E908AB59468B01514643EA916341
:1086E00051468A015146511AB961594663EB01035B
:1086F000FB61D7E90601034642469B18C7F8B03034
:108700004B460A4642EB0303C7F8B430D7E92C12B4
:108710000B46E318C7F8A830134645EB0303C7F828
:10872000AC30D7E932452346D7E92A0102469B18E7
:10873000C7F8A0300B462A4642EB0303C7F8A43023
:1087400097F8D6310022C7F89830C7F89C20D7E9AF
:10875000264522462B46911839615B417B61D7E95A
:10876000042321465118B96029464B41FB604FF064
:1087700000024FF00003D7E9028949464B01414608
:1087800043EAD16341464A01414689183960494666
:1087900043EB01017960D7E90001034622469B18AB
:1087A000C7F890302B460A4642EB0303C7F89430D3
:1087B000D7E928452346D7E9240102469B18C7F884
:1087C00088300B462A4642EB0303C7F88C300BE097
:1087D00048B1020850B10208C81900202C2200201C
:1087E00000E40B5400E1F50597F8D5310022C7F8F5
:1087F0008030C7F88420D7E922452346D7E92001F5
:1088000002469B18BB670B462A4642EB0303FB67F5
:10881000524BD7E91E12C3E90A12514BD3E9002388
:108820004E49C1E90A2307F5D8720F230221D7F870
:108830006C01FFF723FB07F5CE7202230321D7F863
:108840006C01FFF71BFB07F5D0720F230921D7F846
:108850006C01FFF713FB97F8B031002B1AD007F526
:10886000D87318461EF0EEF853EC102B104619463C
:10887000F8F7CAF9024697F89C31184600EE102A1C
:10888000FFF7B2FAF0EE407A344BC3ED007A334A88
:10889000324B9A6107F5D0720F230921D7F86C018A
:1088A000FFF7ECFA97F8A031002B11D007F5D07341
:1088B00018461EF0C7F853EC102B10461946F8F76F
:1088C000A3F90346254A9360264A244B1A6206E020
:1088D000224B4FF000029A60204B00221A6207F5EB
:1088E000C6720F230421D7F86C01FFF7C7FA07F50A
:1088F000C47202230521D7F86C01FFF7BFFA97F87D
:108900008C31002B22D007F5C67318461EF09AF85A
:1089100053EC102B10461946F8F776F9024697F8F3
:108920008831184600EE102AFFF75EFAF0EE407A22
:108930000A4BC3ED017A0C4A084BDA6106E0074B9B
:10894000002283F8352002E000BF00E000BF00BF36
:1089500007F5EC77BD46BDE8B08F00BFC819002011
:10896000D8190020D0190020CC19002080B582B081
:1089700000AFFFF723FA78607B68002B1AD0786885
:1089800001F04AFA0346002B14D006220C497868FD
:108990001FF03FF80346002B07D0062209497868EC
:1089A0001FF037F80346002B04D17868FFF7D8FA98
:1089B000012300E0002318460837BD4680BD00BFF4
:1089C00048B1020850B102082DE9B04FA6B002AF7D
:1089D000F861002387F88F300723C7F88830002319
:1089E000A7F88C300023A7F8863000F0F7F814F0D1
:1089F000A7FC034600223B617A61D7E904234FF0CC
:108A000000004FF00001590141EAD26150010246D5
:108A10000B463969B2EB0108796963EB01094FF044
:108A200000024FF000034FEA890343EA98734FEACC
:108A3000880290469946D7E904120B4618EB0303C7
:108A40003B60134649EB03037B604FF000024FF09D
:108A50000003D7E900894946CB00414643EA5173F8
:108A60004146CA00104619464FF47A724FF000038F
:108A7000F8F76AF902460B461346A7F88C30544BB8
:108A800018686423009301230122D7F8881012F09C
:108A900085FEC7F8800007F17C03642200924FF046
:108AA000FF320021002015F013FC0346012B0FD1EB
:108AB000FB6F03F00103002B02D0012387F88F30F6
:108AC000FB6F03F00203002B02D0002387F88F30E6
:108AD000D7F88020D7F888301340D7F888209A42FA
:108AE000CDD197F88F30002BC9D014F029FC034664
:108AF00000229A46934652465B464FF000004FF0E4
:108B00000001590141EAD261500102460B46B2EB25
:108B10000A0463EB0B054FF000024FF00003AB00BB
:108B200043EA9473A20014461D4614EB0A03BB608B
:108B300045EB0B03FB604FF000024FF00003D7E959
:108B400002894946CB00414643EA51734146CA0077
:108B5000C7E90223104619464FF47A724FF000031A
:108B6000F8F7F2F802460B461346A7F88630B7F836
:108B70008C20B7F886301146184600F0FBF807F154
:108B800024031846FCF7BCFB124B1B684FF0FF3167
:108B9000184613F0EDFC07F14C0307F124012722DE
:108BA0000B20FAF7B4FE0B4B1868002300220021BB
:108BB00013F09CF9084B186807F14C0100234FF0A3
:108BC000FF3213F093F9B7F88630A7F88C3056E7E8
:108BD0001817002014220020601C0020B0B59AB0A5
:108BE00002AF4FF07E537B634FF00003BB634FF047
:108BF0000003FB634FF00003BB624FF07E53FB6248
:108C00004FF000033B6307F1440300221946534829
:108C10000DF0D1FB07F14003002219464F480DF03B
:108C2000ACFC97F8433003F5FA6097F841301946E9
:108C300097F842301C4697F844301D4697F8453067
:108C400097F84620019200932B46224608F0B0FD8B
:108C500087ED170A07F13403184697ED170A02F05B
:108C600065FE3F4BD3ED007A3D4B93ED017A3C4BD3
:108C7000D3ED026A07F128031846F0EE661AB0EE4B
:108C8000471AF0EE670A97ED170A02F06DFE354BB2
:108C90001B684FF0FF31184613F06AFC324B1B681B
:108CA000BB65304B186800230022002113F01EF929
:108CB0002E4B1B8807EE903AB8EE677A2B4B5B88F9
:108CC00007EE903AF8EE677A77EE677AC7ED077AA3
:108CD000264B9B8807EE903AB8EE677A234BDB88E9
:108CE00007EE903AF8EE677A77EE677AC7ED087A82
:108CF0001E4B1B8907EE903AB8EE677A1B4B5B89D7
:108D000007EE903AF8EE677A77EE677AC7ED097A60
:108D1000BB6D1B683B61BB6D5B687B61BB6D9B681A
:108D2000BB61BB6DDB687B60BB6D1B69BB60BB6DF2
:108D30005B69FB6007F1280007F11C0207F13401B1
:108D40003B1D019307F1100300930346084805F00B
:108D500077FD00BF6037BD46B0BD00BFF8050020FD
:108D6000C819002028220020600200206C22002068
:108D7000041A0020B0B59CB002AF03460A46FB803F
:108D80001346BB804FF000037B664FF07E53BB63FE
:108D90004FF00003FB634FF000033B644FF0000310
:108DA000FB624FF07E533B634FF000037B6307F1A0
:108DB00048030022194668480DF0FDFA07F1440304
:108DC0000022194664480DF0D8FB97F8473003F5A8
:108DD000FA6097F84530194697F846301C4697F8E0
:108DE00048301D4697F8493097F84A200192009381
:108DF0002B46224608F0DCFC87ED180A07F1380301
:108E0000184697ED180A02F091FD544BD3ED007A05
:108E1000524B93ED017A514BD3ED026A07F12C03CB
:108E20001846F0EE661AB0EE471AF0EE670A97EDB4
:108E3000180A02F099FD4A4B1B684FF0FF311846A3
:108E400013F096FB474B1B68FB65454B18680023E6
:108E50000022002113F04AF8434B1B8807EE903A9A
:108E6000B8EE677A404B5B8807EE903AF8EE677A87
:108E700077EE677AC7ED087A3B4B9B8807EE903A0E
:108E8000B8EE677A384BDB8807EE903AF8EE677AEF
:108E900077EE677AC7ED097A334B1B8907EE903A74
:108EA000B8EE677A304B5B8907EE903AF8EE677A56
:108EB00077EE677AC7ED0A7AFB6D1B687B61FB6D05
:108EC0005B68BB61FB6D9B68FB61FB6DDB68BB6036
:108ED000FB6D1B69FB60FB6D5B693B61234B1B6892
:108EE0004FF0FF31184613F043FB214B04221A6068
:108EF000FA88BB88D31A9AB21E4B1A801D4B1B8866
:108F000007EE903AB8EE677ADFED1B6AC7EE267A75
:108F1000C7ED197A07F12C0007F1200207F138019B
:108F200007F10803019307F11403009397ED190A61
:108F300003460F4805F008FC03461A460F4B1A700B
:108F40000A4B186800230022002112F0CFFF00BF57
:108F50006837BD46B0BD00BFF8050020C819002025
:108F600028220020600200206C2200202422002001
:108F7000041A0020381C002000007A443A1C00200B
:108F800080B584B000AF786039607B681B78042BB3
:108F900000F2A68001A252F823F000BFB18F0008B2
:108FA0000D9000082F900008B9900008CD9000089F
:108FB0007B68986B7B6804330022194613F0F6F93E
:108FC0000346012B06D17B6800225A707B68012280
:108FD0001A7089E07B689B781A46474B9B5C002B94
:108FE00000F082807B680433002200210820FAF719
:108FF0008EFC7B689B781A463F4B002199547B6816
:1090000000225A707B6801221A706DE07B681A1D7D
:109010007B68DB7819461046FAF74AFD14F090F9A0
:1090200002467B685A637B6802221A705FE07B68A5
:109030009B785B00012202FA03F31A463B68134057
:10904000002B03D07B6803221A704FE07B689B786B
:109050005B000133012202FA03F31A463B68134016
:10906000002B0FD07B685B780133DAB27B685A70D3
:109070007B685B78022B01D8012200E004227B6828
:109080001A7033E014F05CF9F8607B685B6BFA6887
:10909000D31AB3F5FA6F29D97B685B780133DAB25A
:1090A0007B685A707B685B78022B01D8012200E054
:1090B00004227B681A7019E07B6800221A707B68B2
:1090C0009B781A460D4B0021995410E07B680022D2
:1090D0001A707B689B781A46084B0021995406E069
:1090E0007B6804221A7002E000BF00E000BF00BFEE
:1090F0001037BD4680BD00BF441C0020481C002026
:1091000080B584B002AF00233B603B463222009220
:109110004FF0FF320021002015F0DAF878607B680C
:10912000002B01D1002300E03B6818460837BD46FC
:1091300080BD000080B586B000AFF860B96013460E
:10914000FB710023FB756AE0FB7D04335B000122A9
:1091500002FA03F31A46FB681340002B09D0FB7D8B
:109160009B00BA6813441B68DB781946AA20FAF7FB
:10917000C0FCFB7D04335B000133012202FA03F3E0
:109180001A46FB681340002B09D0FB7D9B00BA6890
:1091900013441B68DB781946FF20FAF7AAFCFB7D15
:1091A00008335B00012202FA03F31A46FB681340FE
:1091B000002B03D0FB7D1E4A0121D154FB7D0833D7
:1091C0005B000133012202FA03F31A46FB681340E5
:1091D000002B03D0FB7D164A0021D154FB7D0C33BC
:1091E0005B00012202FA03F31A46FB681340002BCE
:1091F00003D0FB7D0F4A0121D154FB7D0E335B0070
:10920000012202FA03F31A46FB681340002B03D035
:10921000FB7D094A0121D154FB7D0133FB75FA7DA9
:10922000FB799A4290D300BF00BF1837BD4680BD7E
:10923000401C0020481C0020441C002080B5A4B025
:1092400000AF786007F14C033C22002118461EF065
:10925000BAFB012387F84E30CE2387F84F30344BCA
:109260001B68C7F8843007F110033C220021184620
:109270001EF0A9FBAB23FB742E4B1B68BB6407F1EC
:109280001003BB6007F14C03FB602B4B01225A70AB
:10929000294B00221A70294B00225A70274B0022BA
:1092A0001A70274B00225A70254B00221A70FFF7C4
:1092B00027FFC7F88800D7F88830002B07D007F1C0
:1092C000080302221946D7F88800FFF733FF00236E
:1092D00087F88F3026E097F88F30174AD35C002B41
:1092E0000FD197F88F30154AD35C002B09D197F82E
:1092F0008F309B0090333B4453F8883C1B78002B05
:109300000BD097F88F309B0090333B4453F8883C48
:10931000D7F888101846FFF733FE97F88F300133DF
:1093200087F88F3097F88F30012BD4D9BFE700BF73
:10933000641C0020681C0020401C0020481C0020E9
:10934000441C002080B500AF00220121642012F0EF
:1093500028FD03461A4A136000220121642012F0FE
:1093600020FD0346174A1360002201214FF4FA70D2
:1093700012F017FD0346144A136000222A210A2026
:1093800012F00FFD0346114A136000222D216420C4
:1093900012F007FD03460E4A136000222D216420BF
:1093A00012F0FFFC03460B4A136000222D216420BB
:1093B00012F0F7FC0346084A136000BF80BD00BFEF
:1093C000501C0020541C0020581C00205C1C002055
:1093D000601C0020641C0020681C002080B483B046
:1093E00000AF7860044A7B68136000BF0C37BD464D
:1093F0005DF8047B704700BFF421002080B586B083
:1094000002AF786007F10C03002200924FF0FF32A8
:109410000021002014F05CFF0346012B0FD1FB68F4
:1094200003F00803002B02D0484B00221A70FB689F
:1094300003F00403002B02D0444B01221A70434B6B
:109440001B7883F00103DBB2002B76D0FEF73CFAE9
:1094500003461A463E4B1A703D4B1B7883F00103BE
:10946000DBB2002B13D03B4B1B7F002B0FD03A4BB2
:109470001B78002B0BD03948FDF708FE384B1868D5
:1094800000234FF0FF32354912F030FD58E0354BE4
:109490001B7883F00103DBB2002B21D0324B1A780A
:1094A000324B1B789A420FD1314B1A88314B1B88B3
:1094B0009A4209D1304BD3E90601304BD3E9082356
:1094C000994208BF90420BD0244804F0F5FB244B8E
:1094D000186800234FF0FF32204912F007FD2FE0FB
:1094E000214B1A78214B1B789A4216D1204B1A88AF
:1094F000204B1B889A4210D11F4BD3E906011F4B0A
:10950000D3E90823994208BF904206D1114B1B7F33
:1095100083F00103DBB2002B08D1FEF7D5F9034637
:10952000002B0DD00F4B1B78002B09D0144B0022C1
:109530001A70144B01221A7002E0124B00221A70AA
:109540004FF4FA6013F0FAFC5CE700BF8B020020D6
:10955000CD1C0020B01800208C020020A01C002090
:10956000681C0020C0220020102A0020112A0020A0
:10957000122A0020142A002030250020C8220020B2
:109580006C1C00206D1C002080B586B002AF786096
:109590000023FB7300F008F9034683F00103DBB2FC
:1095A000002B0BD0FCF732FF00F01EF9FCF777FF21
:1095B00004F06AFA554B01221A7014E0FCF782FF9E
:1095C00004F076F9524B1B7842F6D0721946514896
:1095D0001EF0F9F915F0F6FDFCF776FE15F024FE05
:1095E0004A4B01221A704FF47A7013F0A7FC07F16E
:1095F0000803642200924FF0FF320021002014F093
:1096000067FE0346012B1DD1BB6803F04003002B0E
:1096100001D00123FB73BB6803F08003002B01D052
:109620000023FB73BB6803F48073002B02D03A4B1A
:1096300001221A70BB6803F40073002B02D0364B72
:1096400000221A70FB7B002B11D0344B1B680A22BE
:109650003349184612F0AAFE0346012B07D1314BBD
:10966000186800234FF0FF322D4912F03FFC2D4BBC
:109670001B680A222A49184612F098FE0346012B5D
:10968000B5D1FEF721F903461A46274B1A70274B2E
:109690001B78002B0BD0214B186800234FF0FF32B2
:1096A0001F4912F023FC0A2013F048FC9FE71E4BD1
:1096B0001B7883F00103DBB2002B14D01C4B1B780A
:1096C00083F00103DBB2002B0DD0134B1B78002B72
:1096D00009D01348FDF7AAFB164B01221A70134B51
:1096E00000221A7010E0144B1B7883F00103DBB2E8
:1096F000002B3FF47CAF0A4804F04AFA0D4B0222DB
:109700001A700A4B00221A7071E700BFF021002086
:109710008A020020A0DC00648C020020681C00206B
:10972000701C0020601C0020CD1C00206D1C00203F
:10973000501900206C1C0020C022002080B586B08B
:1097400002AF786007F10C034EF6602200924FF0F2
:10975000FF320021002014F0BBFD0346012B0FD186
:10976000FB6803F01003002B02D00D4B01221A708E
:10977000FB6803F02003002B02D0094B00221A7073
:10978000084B1B78002BDDD000F016F915F01AFD00
:10979000FCF79AFD00F0FAF915F046FDD2E700BF9C
:1097A000F1210020F021002080B483B000AF0D4BE8
:1097B0007B607B681B78002B09D07B685B78002B73
:1097C00005D07B689B78002B01D0012300E00023AB
:1097D00003F00103DBB218460C37BD465DF8047B8D
:1097E000704700BF00000E0880B500AF624B634AAF
:1097F000104619464FF4A2631A461EF0C6FF142203
:109800005F4960481EF017F95C4B1B6A5D4A536163
:109810005A4BD3E90A235B49C1E90623574BD3E9E5
:109820000C235849C1E90823544BD3E90E23554969
:10983000C1E90A23514B93F84020524B83F8302062
:10984000504B4E4A343302F144014FF40B72184628
:109850001EF09BFF14224C494C481EF0ECF8474B7D
:10986000D3F88432494A5361444BD3E9A223474990
:10987000C1E90623414BD3E9A4234449C1E90823A4
:109880003E4BD3E9A6234149C1E90A233B4B93F858
:10989000A0223E4B83F830203C4B384A343302F54B
:1098A00029714FF40B7218461EF06FFF334B93F87B
:1098B0000825374B1A70314B93F80925354B1A7030
:1098C0002E4BB3F80A25344B1A802C4BB3F80C25D9
:1098D000324B1A80294B93F8D024314B1A70274B06
:1098E00093F8D1242E4B5A70244BD3F8D4342C4AFD
:1098F0005360224BD3F8D834294A93601F4BD3F8D6
:10990000DC34274AD3601D4BD3F8E034244A13617A
:109910001A4BB3F8E424224B9A82184BD3F8E8345C
:109920001F4A9361154B93F8EC241D4B1A77134B88
:1099300003F59E63D3E900231949C1E908230F4BBE
:10994000B3F8F824174B1A800C4BB3F8FA24164BD3
:109950001A800A4BB3F8FC24144B1A80074BB3F857
:10996000FE24134B1A80134A044B03F5A06303CB68
:109970001060516000BF80BD00000E08E01C002098
:10998000EC1C0020C8220020501F002030250020A1
:10999000102A0020112A0020122A0020142A002058
:1099A000B0180020F8180020FA180020FC18002039
:1099B000FE1800200019002080B500AF634B1A7814
:1099C000634B1A70614B1A78614B5A705F4B1A786F
:1099D0005F4B9A705F4960481EF0CFFE5D4B5B693C
:1099E0005B4A13625B4BD3E906235949C1E90A2359
:1099F000584BD3E908235649C1E90C23554BD3E909
:109A00000A235349C1E90E23524B93F83020504B9F
:109A100083F840204E4B4F4A443302F134014FF457
:109A20000B7218461EF0B1FE4C494D481EF0A5FEC3
:109A30004A4B5B69464AC2F88432484BD3E9062355
:109A40004349C1E9A223454BD3E908234049C1E971
:109A5000A423424BD3E90A233D49C1E9A6233F4B46
:109A600093F830203A4B83F8A022394B3B4A03F558
:109A7000297302F134014FF40B7218461EF085FE73
:109A8000384B1A78324B83F80825374B1A78304B0D
:109A900083F80925354B1A882D4BA3F80A25344B3A
:109AA0001A882B4BA3F80C25324B1A78284B83F8D5
:109AB000D024304B5A78264B83F8D1242D4B5B6849
:109AC000234AC2F8D4342B4B9B68214AC2F8D834BD
:109AD000284BDB681E4AC2F8DC34264B1B691C4A43
:109AE000C2F8E034234B9A8A194BA3F8E424214BA3
:109AF0009B69174AC2F8E8341E4B1A7F144B83F84F
:109B0000EC241C4BD3E90823114901F59E61C1E9FE
:109B10000023194B1A880E4BA3F8F824174B1A8808
:109B20000B4BA3F8FA24164B1A88094BA3F8FC2414
:109B3000144B1A88064BA3F8FE24054B124A03F572
:109B4000A0631068516803C300BF80BDF1210020ED
:109B5000E01C0020C8220020EC1C00203025002042
:109B6000501F0020102A0020112A0020122A002055
:109B7000142A0020B0180020F8180020FA1800203D
:109B8000FC180020FE1800200019002080B485B0C9
:109B900000AF4FF4A2737B603C4B3B603C4BFB60DF
:109BA00000BF3C4BDB6803F48033002BF9D1394B09
:109BB0001B69002B05DA374B374A5A60354B374A59
:109BC0005A60344B1B69334A23F440731361314BA1
:109BD0001B69304A43F4007313612E4B1B692D4AF5
:109BE00043F0020313612B4B1B692A4A23F0F8034D
:109BF0001361284B1B69274A43F058031361254B17
:109C00001B69244A43F48033136100BF214BDB6896
:109C100003F48033002BF9D11E4B1B691D4A23F03E
:109C2000020313611B4B1B691A4A43F001031361C2
:109C30000023BB6013E0BB689B003A681A44FB68D2
:109C400012681A6000BF134BDB6803F48033002BEB
:109C5000F9D1FB680433FB60BB680133BB60BA68B1
:109C60007B689A42E7D30B4B1B690A4A23F0010336
:109C70001361084B1B69074A43F00043136100BF9F
:109C80001437BD465DF8047B704700BFE01C002020
:109C900000000E08003C024023016745AB89EFCD70
:109CA00080B500AF012012F008F90346284A13607E
:109CB000012012F002F90346264A1360012012F037
:109CC000FCF80346244A1360012012F0F6F803461C
:109CD000224A1360012012F0F0F80346204A136074
:109CE00003220021012012F05CF803461D4A136094
:109CF00003220021012012F054F803461A4A13608F
:109D000003220021012012F04CF80346174A136089
:109D1000012012F0D2F80346154A1360012012F018
:109D2000CCF80346134A1360012012F0C6F803462C
:109D3000114A1360012012F0C0F803460F4A136065
:109D4000012012F0BAF803460D4A136000BF80BD2F
:109D5000F8210020FC2100200C22002010220020ED
:109D600014220020082200200022002004220020CB
:109D7000182200201C220020242200202022002063
:109D80002822002080B483B000AF78607B68002276
:109D900083F864207B6800221A7000BF0C37BD4630
:109DA0005DF8047B704780B483B000AF78600B46E9
:109DB000FB70FB780D2B01D1002327E0FB780A2BE9
:109DC0000CD17B6893F864301A467B680021995463
:109DD0007B68002283F86420012317E07B6893F8F6
:109DE0006430622B0DD87B6893F864305A1CD1B272
:109DF0007A6882F8641019467B68FA785A5400230E
:109E000004E07B68002283F86420022318460C37A4
:109E1000BD465DF8047B704780B588B000AF7860C0
:109E2000242178681DF0D7FD78612A2178681DF01B
:109E3000D2FD38617B69002B06D03B69002B03D033
:109E40003A697B699A4201D2002321E00023FB7723
:109E50007B690133BB6107E0BB691A78FB7F534024
:109E6000FB77BB690133BB61BA693B699A42F3D3A3
:109E70003B6901331022002118461DF071FC034696
:109E8000FB73FA7FFB7B9A420CBF01230023DBB2FA
:109E900018462037BD4680BD80B58EB000AF7860D3
:109EA0007968096800200A460346C7E90C2307F1D0
:109EB0000C0207F13003114618461DF0CFFD3B6A36
:109EC000DBB2643BDAB20E4B1A70FB69DBB20133D2
:109ED000DAB20B4B5A70BB69DAB2094B9A707B69E4
:109EE000DAB2074BDA703B69DAB2054B1A71FB68DC
:109EF000DAB2034B5A7100BF3837BD4680BD00BF90
:109F00003422002080B58EB000AF78607B681B786B
:109F100064333B627B6801331B78013BFB617B68E8
:109F200002331B78BB617B6803331B787B617B68E2
:109F300004331B783B617B6805331B78FB6000238F
:109F4000FB6207F10C0318461DF002FFC7E90C0184
:109F50003B6B18463837BD4680BD000080B588B0E1
:109F600000AF786007F10C0300221A605A609A6013
:109F7000DA601A610023BB607B681B781A067B6875
:109F800001331B781B041A437B6802331B781B02C6
:109F900013437A68033212781343144A1360134848
:109FA000FFF77AFF124BDB783B73114B1B797B7306
:109FB0000F4B5B79BB7307F10C03002219460D4868
:109FC0000CF05FF90A4B1B78FB72094B5B787B72D4
:109FD000074B9B78BB7207F108030022194605481E
:109FE0000CF047FA00BF2037BD4680BD3C22002060
:109FF00034220020F805002080B588B000AF7860DA
:10A00000274B1B684FF0FF31184612F0B1FA034698
:10A01000012B41D17B68002B3DD007F10C030022BE
:10A02000194678680CF0C7F90346002B07D01C4B83
:10A03000186800230022002111F058FF2CE007F1DE
:10A0400008030022194678680CF097FA0346002BA3
:10A0500007D0134B186800230022002111F046FF9F
:10A060001AE0FA7A0F4B1A707A7A0E4B5A70BA7A53
:10A070000C4B9A703A7B0B4BDA707A7B094B1A7156
:10A08000BA7B084B5A71064B186800230022002146
:10A0900011F02CFF00E000BF2037BD4680BD00BF9F
:10A0A0000C2200202C2200202DE9B04F96B002AFE8
:10A0B00078604FF47A73A7F84E304FF4E153FB8782
:10A0C000002387F847306F48F9F748F86E48F9F7EA
:10A0D00045F807F10C034FF0FF32009200220021F7
:10A0E000002014F0F5F80346012B2ED1FB6803F095
:10A0F0000403002B02D0012387F84730FB6803F0EC
:10A100000803002B02D0002387F847305F4B1B6801
:10A110004FF0FF31184612F02BFA5D4B1B88A7F861
:10A120004E305C4B1B88FB87584B1868002300227D
:10A13000002111F0DBFEFB8F4FF47A7203FB02F279
:10A14000B7F84E30B2FBF3F3BB6400233B6473E01B
:10A15000B7F84E3000229846914642464B464FF0A3
:10A1600000004FF00001590141EAD261500102465E
:10A170000B46B2EB080463EB09054FF000024FF009
:10A180000003AB0043EA9473A20014461D4614EB8F
:10A19000080A45EB090B4FF000024FF000034FEAAD
:10A1A000CB0343EA5A734FEACA0292469B46504693
:10A1B00059464FF47A724FF00003F6F7C5FD024698
:10A1C0000B4607F10C0300924FF0FF3200210020F4
:10A1D00014F07EF8FB6803F00203002B31D197F8EE
:10A1E000473083F00103DBB2002B1AD007F11003D4
:10A1F000184600F045FA284B186807F110010023B3
:10A200004FF0FF3211F072FE244B1B6801211846FB
:10A2100011F096FB224B1B680121184611F090FBB0
:10A2200007E020491748F8F7A7FF1F491648F8F735
:10A23000A3FF3B6C01333B643A6CBB6C9A4287D3FF
:10A2400000E000BF002387F84730184B1868002350
:10A25000009303230122002114F0CCF8144B18685A
:10A260000023009303230222002114F0C3F8114BB2
:10A2700018680023009303230222002114F0BAF887
:10A2800027E700BFFC040020500500201822002012
:10A290008E02002090020020601C00201417002075
:10A2A0001817002080150020AC150020D81C0020B5
:10A2B00080220020001A00202DE9B04F94B002AF98
:10A2C0007860002387F847304FF47A73A7F844305A
:10A2D0004FF4E1537B8700F0C5FA07F108034FF014
:10A2E000FF32009200220021002013F0F1FF03460C
:10A2F000012B2ED1BB6803F00403002B02D00123F5
:10A3000087F84730BB6803F00803002B02D0002316
:10A3100087F84730524B1B684FF0FF31184612F058
:10A3200027F9504B1B88A7F844304F4B1B887B877D
:10A330004B4B186800230022002111F0D7FD7B8FC2
:10A340004FF47A7203FB02F2B7F84430B2FBF3F336
:10A350003B640023FB6379E0B7F844300022984661
:10A36000914642464B464FF000004FF00001590124
:10A3700041EAD261500102460B46B2EB080463EB9E
:10A3800009054FF000024FF00003AB0043EA94735D
:10A39000A20014461D4614EB080A45EB090B4FF0CA
:10A3A00000024FF000034FEACB0343EA5A734FEA2F
:10A3B000CA0292469B46504659464FF47A724FF075
:10A3C0000003F6F7C1FC02460B4607F108030092B2
:10A3D0004FF0FF320021002013F07AFFBB6803F03A
:10A3E0000203002B37D197F8473083F00103DBB22B
:10A3F000002B1AD007F10C03184600F07BF91B4B19
:10A40000186807F10C0100234FF0FF3211F06EFDC8
:10A41000174B1B680421184611F092FA154B1B6864
:10A420000421184611F08CFA0DE007F10C031846D0
:10A4300000F08CF90D4B186807F10C0100234FF068
:10A44000FF3211F053FDFB6B0133FB63FA6B3B6C86
:10A450009A4281D300E000BF002387F847303CE7F1
:10A46000182200208E02002090020020601C002094
:10A4700014170020181700202DE9B04F96B002AF36
:10A4800078604FF47A73A7F84E304FF4E153FB87AE
:10A49000002387F8473007F10C034FF0FF3200929A
:10A4A00000220021002013F013FF0346012B2ED1C0
:10A4B000FB6803F00403002B02D0012387F8473028
:10A4C000FB6803F00803002B02D0002387F8473015
:10A4D000434B1B684FF0FF31184612F049F8414BCF
:10A4E0001B88A7F84E30404B1B88FB873C4B1868F5
:10A4F00000230022002111F0F9FCFB8F4FF47A7247
:10A5000003FB02F2B7F84E30B2FBF3F3BB64002357
:10A510003B645BE0B7F84E300022984691464246D5
:10A520004B464FF000004FF00001590141EAD26163
:10A53000500102460B46B2EB080463EB09054FF0ED
:10A5400000024FF00003AB0043EA9473A2001446EC
:10A550001D4614EB080A45EB090B4FF000024FF0C3
:10A5600000034FEACB0343EA5A734FEACA0292460A
:10A570009B46504659464FF47A724FF00003F6F767
:10A58000E3FB02460B4607F10C0300924FF0FF324B
:10A590000021002013F09CFEFB6803F00203002B57
:10A5A00019D197F8473083F00103DBB2002B08D0B4
:10A5B0000E48FFF721FD07F11003184600F018F8C8
:10A5C00001E0FEF7D3F93B6C01333B643A6CBB6CA2
:10A5D0009A429FD300E000BF002387F847305AE734
:10A5E000182200208E02002090020020F805002092
:10A5F00080B58CB000AF78601C48FFF7FDFCFEF71B
:10A60000B5F90346002B2DD007F108031846F9F7DA
:10A6100005FF174B1B684FF0FF31184611F0A8FFDC
:10A6200007F108017B681A220520F9F770F9104B31
:10A63000186800230022002111F058FC0D4B186807
:10A6400000234FF0FF32796811F050FC0A4B1B6871
:10A650000221184611F074F9084B1B6802211846B4
:10A6600011F06EF900BF3037BD4680BDF8050020FF
:10A6700014220020601C002014170020181700204E
:10A6800080B58CB000AF78601448FFF7B5FC144972
:10A690001448F8F771FD14491448F8F76DFD07F1F7
:10A6A00008031846F9F760FC114B1B684FF0FF31A7
:10A6B000184611F05DFF07F108017B68272203208F
:10A6C000F9F725F90A4B186800230022002111F040
:10A6D0000DFC00BF3037BD4680BD00BFF80500202F
:10A6E00080150020FC040020AC150020500500203F
:10A6F0001422002080B58CB000AF78601148FFF7BD
:10A700007BFC00F0DFF807F108031846F9F7FCFDC1
:10A710000D4B1B684FF0FF31184611F029FF07F170
:10A7200008017B6813220420F9F7F1F8064B18683A
:10A7300000230022002111F0D9FB00BF3037BD46B5
:10A7400080BD00BFF80500201422002080B58CB029
:10A7500000AF786000F0B6F81048FFF74DFC07F145
:10A7600008031846FAF756FC0D4B1B684FF0FF31F3
:10A77000184611F0FDFE07F108017B6827220E2024
:10A78000F9F7C5F8064B186800230022002111F0E4
:10A79000ADFB00BF3037BD4680BD00BFF8050020CF
:10A7A0001422002080B586B002AF03460A46FB7132
:10A7B0001346BB7108233B73FB797B73BB79BB7377
:10A7C00007F10C026423009303232E21034809F0B0
:10A7D00009FC00BF1037BD4680BD00BFA4050020A6
:10A7E00080B586B002AF03460A46FB711346BB71C3
:10A7F00018233B73FB797B73BB79BB7307F10C02A6
:10A800006423009303232E21034809F0EBFB00BFD0
:10A810001037BD4680BD00BFA405002080B586B0BE
:10A8200002AF03463960FB711346BB7110233B73C3
:10A83000FB797B7307F10C026423009302232E2122
:10A84000074809F0CFFBBB799BB2642200923A68BB
:10A850002E21034809F0C4FC00BF1037BD4680BD5F
:10A86000A405002080B500AF3F211220FFF79AFF1A
:10A8700001211020FFF7B4FF10211020FFF7B0FFD7
:10A88000012203491020FFF7C9FF00BF80BD00BFB0
:10A890005C22002080B584B002AF78600B46FB706C
:10A8A000FB789BB25B009BB2642200927A682E21F7
:10A8B000034809F095FC00BF0837BD4680BD00BFC6
:10A8C000A405002080B500AF06212F48FFF7E2FF66
:10A8D0002D4B1B781BB21B011AB22B4B5B781B094B
:10A8E000DBB21BB213431BB29AB2284B1A80264B21
:10A8F0009B781BB21B011AB2234BDB781B09DBB21E
:10A900001BB213431BB29AB2204B5A801E4B1B79C9
:10A910001BB21B011AB21C4B5B791B09DBB21BB2C9
:10A9200013431BB29AB2194B9A80174B9B791BB2F7
:10A930001B011AB2144BDB791B09DBB21BB21343A8
:10A940001BB29AB2114BDA800F4B1B7A1BB21B0160
:10A950001AB20D4B5B7A1B09DBB21BB213431BB25D
:10A960009AB20A4B1A81084B9B7A1BB21B011AB28E
:10A97000054BDB7A1B09DBB21BB213431BB29AB245
:10A98000024B5A8100BF80BD4C2200206C22002067
:10A9900090B5B1B002AF7860002387F8B7304C486B
:10A9A00001F0AAFA4FF07E537B644FF00003BB64C2
:10A9B0004FF00003FB644FF00003BB634FF07E5386
:10A9C000FB634FF000033B644FF00003FB624FF06A
:10A9D00000033B634FF000037B634FF000033B62D7
:10A9E0004FF000037B624FF00003BB620723C7F800
:10A9F000B030384B18684FF47A730093012301226A
:10AA0000D7F8B01010F0CAFEC7F8AC0007F1A803E1
:10AA1000642200924FF0FF320021002013F058FC16
:10AA20000346012B11D1D7F8A83003F00103002B06
:10AA300002D0012387F8B730D7F8A83003F002031B
:10AA4000002B02D0002387F8B730D7F8AC20D7F816
:10AA5000B0301340D7F8B0209A42CAD197F8B73037
:10AA6000002BC6D007F1200407F12C0207F13801B2
:10AA700007F1440007F10803019307F10C03009369
:10AA8000234600F02DF807F150031846FAF720F995
:10AA9000114B1B684FF0FF31184611F069FD07F1AB
:10AAA000780307F1500127220620F8F730FF0A4B00
:10AAB000186800230022002111F018FA074B1868CB
:10AAC00007F1780100234FF0FF3211F00FFA90E701
:10AAD000842200201417002014220020601C002073
:10AAE000B0B588B002AFF860B9607A603B60314BB6
:10AAF0001B684FF0FF31184611F03AFD2E4B1B68D2
:10AB00007B612C4B186800230022002111F0EEF924
:10AB100079682A4800F05AF83968786900F0E8F84E
:10AB20000022B96A26480BF046FC0022F96A244844
:10AB30000BF023FDFB6ADB7803F5FA60FB6A5B78B8
:10AB40001946FB6A9B781C46BB6A1B781D46BB6A8C
:10AB50005B781A46BB6A9B78019300922B4622468B
:10AB600006F026FE87ED040AF86897ED040A00F067
:10AB7000DDFE144BD3ED007A124B93ED017A114BAD
:10AB8000D3ED026AB868F0EE661AB0EE471AF0EE3E
:10AB9000670A97ED040A00F0E7FE3B6800937B68C4
:10ABA000BA68F968084801F0CFF900BF1837BD4608
:10ABB000B0BD00BF28220020600200206C220020CF
:10ABC000F8050020C81900208422002080B586B036
:10ABD00000AF786039607B681B8807EE903AB8EE6A
:10ABE000677A7B685B8807EE903AF8EE677A77EED3
:10ABF000677AC7ED057A7B689B8807EE903AB8EED6
:10AC0000677A7B68DB8807EE903AF8EE677A77EE32
:10AC1000677AC7ED047A7B681B8907EE903AB8EE35
:10AC2000677A7B685B8907EE903AF8EE677A77EE91
:10AC3000677AC7ED037AD7ED057A27EEA77AD7EDC5
:10AC4000047A67EEA77A37EE277AD7ED037A67EEB4
:10AC5000A77A77EE277A17EE900AF5F785FC024679
:10AC60000B4643EC102B18F00FFE53EC102B104644
:10AC70001946F5F7C9FF0346BB60D7ED027A9FED91
:10AC80001B7AF4EEC77AF1EE10FA1DDDD7ED056AF6
:10AC900097ED027AC6EE877A3B68C3ED007A3B688F
:10ACA0000433D7ED046A97ED027AC6EE877AC3EDD6
:10ACB000007A3B680833D7ED036A97ED027AC6EE57
:10ACC000877AC3ED007A0DE03B684FF000021A600E
:10ACD0003B6804334FF000021A603B6808334FF0C2
:10ACE00000021A6000BF1837BD4680BDCDCCCC3DF8
:10ACF00080B586B000AF786039607B681B687B6187
:10AD00007B685B683B617B689B68FB60D7ED057A7D
:10AD100027EEA77AD7ED047A67EEA77A37EE277A7F
:10AD2000D7ED037A67EEA77A77EE277A17EE900AC7
:10AD3000F5F71AFC02460B4643EC102B18F0A4FD65
:10AD400053EC102B10461946F5F75EFF0346BB6027
:10AD5000D7ED027A9FED1B7AF4EEC77AF1EE10FA86
:10AD60001DDDD7ED056A97ED027AC6EE877A3B685E
:10AD7000C3ED007A3B680433D7ED046A97ED027A9D
:10AD8000C6EE877AC3ED007A3B680833D7ED036AD5
:10AD900097ED027AC6EE877AC3ED007A0DE03B6844
:10ADA0004FF000021A603B6804334FF000021A6053
:10ADB0003B6808334FF000021A6000BF1837BD46E9
:10ADC00080BD00BFBD37863580B582B000AF87ED4E
:10ADD000010A97ED010A18F02BFEF0EE407AB0EE72
:10ADE000670A0837BD4680BD80B582B000AF87EDE9
:10ADF000010AC7ED000AD7ED000A97ED010A18F025
:10AE000043FEF0EE407AB0EE670A0837BD4680BDDB
:10AE100080B582B000AF87ED010A97ED010A18F006
:10AE200073FEF0EE407AB0EE670A0837BD4680BD8B
:10AE300080B582B000AF87ED010AC7ED000AD7EDFB
:10AE4000000A97ED010A18F021FEF0EE407AB0EE0C
:10AE5000670A0837BD4680BD80B582B000AF87ED78
:10AE6000010A97ED010A18F09BFEF0EE407AB0EE71
:10AE7000670A0837BD4680BD80B582B000AF87ED58
:10AE8000010A97ED010A18F021FEF0EE407AB0EECB
:10AE9000670A0837BD4680BD80B487B000AFF86050
:10AEA000B9607A6087ED000A7B68C3F119037A689C
:10AEB00002FB03F3DA0F13445B101A46BB6813441A
:10AEC0007B61FA687B699B001344043393ED007A3D
:10AED000FB68D3ED007AD7ED006A76EEE76AFA6890
:10AEE0007B69B6339B0013440433D3ED007A66EEDE
:10AEF000A77A77EE277AB0EE670A1C37BD465DF871
:10AF0000047B704780B487B000AFF860B9607A60A6
:10AF100087ED000A7B68C3F119037A6802FB03F32B
:10AF2000DA0F13445B101A46BB6813447B61FA685E
:10AF30007B695C339B00134493ED007AFB68D3ED8F
:10AF4000007AD7ED006A76EEE76AFA687B6903F566
:10AF500089739B001344D3ED007A66EEA77A77EEEF
:10AF6000277AB0EE670A1C37BD465DF8047B704750
:10AF700080B598B000AF7861F0EE406AB0EE607ACC
:10AF8000F0EE417AC7ED011A87ED002AC7ED026A9B
:10AF900087ED037AC7ED047AD7ED027A9FED6D7ADB
:10AFA00067EE877AC7ED177AD7ED037A9FED697A56
:10AFB00067EE877AC7ED167AD7ED047A9FED657A4A
:10AFC00067EE877AC7ED157AD7ED017A9FED627A41
:10AFD00067EE877AC7ED147AD7ED007A9FED5E7A37
:10AFE00067EE877AC7ED137A97ED140A18F0D8FD4B
:10AFF00087ED120A97ED140A18F086FD87ED110A05
:10B0000097ED130A18F0CCFD87ED100A97ED130A9F
:10B0100018F07AFD87ED0F0A97ED0F7AD7ED177AC2
:10B0200027EE277AD7ED106AD7ED167A66EEA77A63
:10B0300077EE277AC7ED0E7AD7ED127AB1EE677AFE
:10B04000D7ED0E7A27EE277AD7ED116AD7ED157A6C
:10B0500066EEA77A77EE277AC7ED0D7AD7ED107AEC
:10B06000B1EE677AD7ED177A27EE277AD7ED0F6A18
:10B07000D7ED167A66EEA77A77EE277AC7ED0C7AC7
:10B08000D7ED117AB1EE677AD7ED0E7A27EE277AEF
:10B09000D7ED127AF1EE676AD7ED157A66EEA77AE8
:10B0A00077EE277AC7ED0B7AD7ED0D7A27EEA77AE0
:10B0B000D7ED0C7A67EEA77A77EE277AB0EE670ABB
:10B0C00018F004FD87ED0A0AD7ED0A7A27EEA77A71
:10B0D000D7ED0B7A67EEA77A77EE277AB0EE670A9C
:10B0E00018F0F4FC87ED090AD7ED0A0A97ED0B0A70
:10B0F00018F0CAFCF0EE407A9FED187A67EE877A76
:10B10000C7ED087AD7ED0D0A97ED0C0A18F0BCFCD4
:10B11000F0EE407A9FED117A67EE877AC7ED077AF5
:10B120007B697A6B1A607B693A6B5A607B69FA6A51
:10B130009A607B69BA6ADA607B697A6A1A617B69AC
:10B140003A6A5A617B69FA699A6178696037BD46E3
:10B1500080BD00BF286B6E4E35FA8E3CE12E6542F5
:10B1600080B598B000AF87ED070AC7ED060A87EDF6
:10B17000051AD7ED077A9FED427A67EE877AC7ED19
:10B18000177AD7ED067A9FED3E7A67EE877AC7ED9C
:10B19000167A3C4B7B653C4B3B653C4BFB6497ED27
:10B1A000170A18F0FDFC87ED120A97ED170A18F040
:10B1B000ABFC87ED110A97ED160A18F0F1FC87ED4C
:10B1C000100A97ED160A18F09FFC87ED0F0AD7EDCD
:10B1D000127A67EEA77A9FED2E7A67EE877AB7EE3E
:10B1E000007A77EE677AB0EE670A18F06FFCB0EE7F
:10B1F000407ADFED286AC6EE877AC7ED0E7AD7ED82
:10B200000E7A9FED257A27EE877AD7ED057A77EECD
:10B21000277A97ED127A67EE277AC7ED0D7A97EDC8
:10B220000E7AD7ED057A77EE277A97ED117A67EEE9
:10B23000277AC7ED0C7A97ED0C7AD7ED0F7A67EE87
:10B24000277AC7ED097A97ED0C7AD7ED107A67EE79
:10B25000277AC7ED0A7A7B6BFB62796ABA6AFB6A66
:10B2600006EE901A07EE102A07EE903AB0EE660A44
:10B27000F0EE470AB0EE671A6037BD4680BD00BFEA
:10B2800035FA8E3C32A5C24A885CDB3B47497E3F9B
:10B29000885CDB3B32A5C24A47497E3F80B52DED35
:10B2A000028BA2B000AF87ED090AF0EE606AB0EE43
:10B2B000417AF0EE617A7861C7ED066A87ED077A28
:10B2C000C7ED087ABB69BB65FB697B653B6A3B657B
:10B2D0004FF00003C7F884304FF00003C7F8803008
:10B2E0004FF00003FB67D7ED167A27EEA77AD7ED6C
:10B2F000157A67EEA77A37EE277AD7ED147A67EEDC
:10B30000A77A77EE277AC7ED137ADFED476A97EDD4
:10B31000137AC6EE877AC7ED127A97ED167AD7EDD3
:10B32000127A67EE277AC7ED117A97ED157AD7ED85
:10B33000127A67EE277AC7ED107A97ED147AD7ED77
:10B34000127A67EE277AC7ED0F7AD7ED127A9FED62
:10B35000367A67EE877AC7ED0E7A97ED130A18F002
:10B36000B5FBB0EE407ADFED306AC6EE877AC7ED06
:10B370001C7A4FF00003FB664FF00003BB664FF0F2
:10B3800000037B663B6F3B66FB6EFB6500237B67C0
:10B3900010E27B6FBB6706E2BA6F7B6F9A4245D1C2
:10B3A0007B6F002B00F0A5803B6FBB647B6F5B0065
:10B3B000013B07EE903AB8EEE77AD7ED116AD7ED88
:10B3C0001C7A66EEA76A97ED106AD7ED1B7A66EED7
:10B3D000277A76EEE77A67EE277AC7ED1C7A7B6FDD
:10B3E0005B00013B07EE903AB8EEE77AD7ED116AC1
:10B3F000D7ED1B7A66EEA76A97ED106AD7ED127A41
:10B4000066EE277A76EEA77A67EE277AC7ED1B7A83
:10B410004FF00003BB664FF000037B663B6F3B665B
:10B42000FB6EFB6565E000BF006FC24A3B6EBB640C
:10B43000BA6F7B6FD31A07EE903AB8EEE77AF7EE61
:10B44000006AC6EE877AC7ED0D7ABB6F5B00013BE1
:10B4500007EE903AB8EEE77AD7ED0F7A27EE277A23
:10B46000D7ED187A27EE277ABA6F7B6F1344013B2A
:10B4700007EE903AF8EEE76AD7ED0E7A66EEA76A25
:10B48000D7ED1A7A66EEA77A77EE677A97ED0D7A9E
:10B4900067EE277AC7ED187ABB6CBB66FB6DBB64A1
:10B4A000BB6F5B00013B07EE903AB8EEE77AD7ED51
:10B4B0000F7A27EE277AD7ED177A27EE277ABA6F19
:10B4C0007B6F1344013B07EE903AF8EEE76AD7ED45
:10B4D0000E7A66EEA76AD7ED197A66EEA77A77EE4E
:10B4E000677A97ED0D7A67EE277AC7ED177ABB6C0E
:10B4F0007B667B6F0B2B00F385807B6F0133BA6F0C
:10B500009A427FDDBA6F7B6FD31A07EE903AF8EE5E
:10B51000E77AB6EE007A27EE877ABA6F7B6FD31A96
:10B52000013B07EE903AF8EEE77A27EE278ABB6FE9
:10B53000591E7B6F013397ED090A1A467869FFF7A8
:10B54000ABFCB0EE407AD7ED187A67EE278ABB6F76
:10B55000591E7B6F013397ED090A1A467869FFF788
:10B56000D1FCB0EE407AD7ED177A67EE277A78EE05
:10B57000A77A68EE277A97ED217A77EE277AC7EDDA
:10B58000217ABA6F7B6FD31A07EE903AF8EEE77A1A
:10B59000B6EE007A27EE877ABA6F7B6FD31A013B3B
:10B5A00007EE903AF8EEE77A27EE278ABB6F591E2E
:10B5B0007B6F013397ED090A1A467869FFF76CFC37
:10B5C000F0EE407AB1EE677AD7ED177A67EE278A08
:10B5D000BB6F591E7B6F013397ED090A1A467869D4
:10B5E000FFF790FCB0EE407AD7ED187A67EE277A35
:10B5F00078EEA77A68EE277A97ED207A77EE277AA9
:10B60000C7ED207ABB6F012B5EDD7B6F012B5BDD0D
:10B61000BB6F591E7B6F013B97ED090A1A4678698B
:10B62000FFF73AFCF0EE407AB1EE677AD7ED187A80
:10B6300027EE278ABB6F591E7B6F013B97ED090AE6
:10B640001A467869FFF75EFCB0EE407AD7ED177ABC
:10B6500067EE277A78EE677AB6EE007A67EE877A39
:10B6600097ED217A77EE277AC7ED217ABB6F591EC5
:10B670007B6F013B97ED090A1A467869FFF70CFCCE
:10B68000F0EE407AB1EE677AD7ED177A27EE278A87
:10B69000BB6F591E7B6F013B97ED090A1A4678690B
:10B6A000FFF730FCB0EE407AD7ED187A67EE277AD4
:10B6B00078EE277AB6EE007A67EE877A97ED207AF1
:10B6C00077EE277AC7ED207A7B6F012B30D1BB6FE5
:10B6D000012B2DDDBB6F013B97ED090A00221946B6
:10B6E0007869FFF7D9FBF0EE407AB1EE677AD7EDD3
:10B6F000187A67EE277A97ED217A77EE277AC7EDE9
:10B70000217ABB6F013B97ED090A0022194678693F
:10B71000FFF7C2FBF0EE407AB1EE677AD7ED177A09
:10B7200067EE277A97ED207A77EE277AC7ED207AB1
:10B73000BB6F012B34DDBA6F7B6F9A4230DDBA6F7D
:10B740007B6FD31A07EE903AB8EEE78ABB6F013BE6
:10B7500097ED090A7A6F19467869FFF79DFBF0EEBD
:10B76000407AB1EE677AD7ED187A67EE278ABB6F19
:10B77000013B97ED090A7A6F19467869FFF7C2FB1A
:10B78000B0EE407AD7ED177A67EE277A78EEE77A4F
:10B7900068EE277A97ED1F7A77EE277AC7ED1F7A42
:10B7A000BB6F0133BB67BB6F0D2B7FF7F5AD7B6FB5
:10B7B00001337B677B6F0D2B7FF7EBADD7ED217AE4
:10B7C000F1EE677A9FED167A67EE877AC7ED0A7A0F
:10B7D000D7ED207AF1EE677A9FED117A67EE877ADE
:10B7E000C7ED0B7AD7ED1F7AF1EE677A9FED0C7AF1
:10B7F00067EE877AC7ED0C7AB96AFA6A3B6B06EE98
:10B80000901A07EE102A07EE903AB0EE660AF0EEB4
:10B81000470AB0EE671A8837BD46BDEC028B80BD83
:10B820005F70893080B485B000AFF860B9607A602D
:10B83000FB68043393ED007ABB680833D3ED007ADC
:10B8400027EE277AFB680833D3ED006ABB68043320
:10B85000D3ED007A66EEA77A77EE677A7B68C3ED60
:10B86000007AFB68083393ED007ABB68D3ED007A69
:10B8700027EE277AFB68D3ED006ABB680833D3ED67
:10B88000007A66EEA77A7B68043377EE677AC3EDB9
:10B89000007AFB6893ED007ABB680433D3ED007A3D
:10B8A00027EE277AFB680433D3ED006ABB68D3ED3B
:10B8B000007A66EEA77A7B68083377EE677AC3ED85
:10B8C000007A00BF1437BD465DF8047B704780B531
:10B8D00084B000AF78604FF00003FB600023BB60D2
:10B8E00016E0BB689B007A68134493ED007ABB684E
:10B8F0009B007A681344D3ED007A67EE277A97EDC0
:10B90000037A77EE277AC7ED037ABB680133BB6011
:10B91000BB68022BE5DD97ED030AFFF7ADFAF0EE09
:10B92000407AB0EE670A1037BD4680BD80B582B060
:10B9300000AF87ED010A386097ED010A06F050F874
:10B94000084B1A683B681A603B680433054A526822
:10B950001A603B680833034A92681A6000BF0837D0
:10B96000BD4680BD1C2A002080B52DED028BB6B0EF
:10B9700000AF87ED050AC7ED040A87ED031AC7ED8E
:10B98000021A786097ED021AD7ED030A97ED040AC0
:10B99000FFF7E6FBF0EE406AB0EE607AF0EE417A37
:10B9A000C7ED256A87ED267AC7ED277AD7ED057AA8
:10B9B0009FEDFB7A37EEC77ADFEDFA6AC7EE267A9B
:10B9C0009FEDF97A77EE877AC7ED357AD7ED256A5C
:10B9D00097ED267AD7ED277AF448F0EE660AB0EEB6
:10B9E000471AF0EE671A97ED350AFFF757FCF0EEAD
:10B9F000406AB0EE607AF0EE417AC7ED226A87EDD8
:10BA0000237AC7ED247A07F16C03D7ED226A97ED0C
:10BA1000237AD7ED247A97ED032AD7ED041AB0EEF6
:10BA2000660AF0EE470AB0EE671A1846FFF7A0FA6A
:10BA300097ED040A06F054FD87ED340A97ED030AEA
:10BA400006F04EFD87ED330A07F14803242200215A
:10BA500018461BF0B8FF97ED330AFFF7D9F9F0EE5F
:10BA6000407AB1EE678A97ED340AFFF7F5F9F0EE08
:10BA7000407A68EE277AC7ED127A97ED330AFFF71E
:10BA8000EBF9F0EE407AF1EE677AC7ED137A97EDB5
:10BA9000330AFFF7BDF9F0EE407AB1EE678A97ED11
:10BAA000340AFFF7B5F9F0EE407A68EE277AC7ED71
:10BAB000147A97ED330AFFF7CFF9F0EE407AB1EE42
:10BAC000678A97ED340AFFF7C7F9F0EE407A68EE1F
:10BAD000277AC7ED157A97ED330AFFF799F9F0EE5B
:10BAE000407AC7ED167A97ED330AFFF7B5F9F0EE15
:10BAF000407AB1EE678A97ED340AFFF789F9F0EEE4
:10BB0000407A68EE277AC7ED177A97ED340AFFF787
:10BB10007FF9F0EE407AC7ED187A97ED340AFFF717
:10BB20009BF9F0EE407AF1EE677AC7ED1A7A97ED5D
:10BB3000127AD7ED1B7A27EE277AD7ED136AD7ED65
:10BB40001C7A66EEA77A37EE277AD7ED146AD7ED1E
:10BB50001D7A66EEA77A77EE277AC7ED0F7A97ED12
:10BB6000157AD7ED1B7A27EE277AD7ED166AD7ED2F
:10BB70001C7A66EEA77A37EE277AD7ED176AD7EDEB
:10BB80001D7A66EEA77A77EE277AC7ED107A97EDE1
:10BB9000187AD7ED1B7A27EE277AD7ED196AD7EDF9
:10BBA0001C7A66EEA77A37EE277AD7ED1A6AD7EDB8
:10BBB0001D7A66EEA77A77EE277AC7ED117A7B6950
:10BBC000C7F8C830D7ED327A9FED797A77EE877A69
:10BBD000C7ED317AD7ED327A9FED717A77EEC77A79
:10BBE000C7ED307AD7ED307A9FED727A67EE877ABB
:10BBF0009FED717A77EE877AF3EE080AB0EE670A66
:10BC0000FFF716F987ED2F0AD7ED317A9FED647AA9
:10BC100077EEC77A9FED697A67EE877A9FED687A4B
:10BC200077EE677AB0EE670A06F05AFCF0EE407ADB
:10BC3000B0EE670AFFF710F9F0EE407A9FED617AF7
:10BC400027EE878AD7ED317A9FED557A77EEC77A5E
:10BC50009FED5D7A67EE877A9FED5C7A77EE877A63
:10BC600077EEA77AB0EE670A06F03AFCF0EE407A7B
:10BC7000B0EE670AFFF7F0F8F0EE407A9FED547AE5
:10BC800067EE877A78EE677AC7ED2E7AD7ED317A4C
:10BC90009FED437A77EEC77A9FED4E7A67EE877A0B
:10BCA0009FED4D7A77EE677AB0EE670A06F018FCE2
:10BCB00087ED2D0A97ED2D0AFFF7AAF8B0EE407A2E
:10BCC000D7ED2E7A67EE877AC7ED2C7A97ED2F7A2B
:10BCD000D7ED2C7A77EE277AC7ED2B7A3F4BC7F852
:10BCE000A83097ED2A7AD7ED2B7A67EE277AC7ED41
:10BCF000297A07F118032422002118461BF063FE5D
:10BD00004FF07E53BB6397ED290AFFF781F8F0EE01
:10BD1000407AC7ED067A97ED290AFFF79DF8F0EE15
:10BD2000407AF1EE677AC7ED077A97ED290AFFF7B7
:10BD300093F8F0EE407AC7ED097A97ED290AFFF7FC
:10BD400067F8F0EE407AC7ED0A7A97ED067AD7EDFC
:10BD50000F7A27EE277AD7ED076AD7ED107A66EECD
:10BD6000A77A37EE277AD7ED086AD7ED117A66EE13
:10BD7000A77A77EE277A7B68C3ED007A97ED097A88
:10BD8000D7ED0F7A27EE277AD7ED0A6AD7ED107A2A
:10BD900066EEA77A37EE277AD7ED0B6A22E000BF6E
:10BDA00064A1154A00A0B6430000FA44F0B30208AB
:10BDB000CDE8513A9386C041399495414BE6583DC0
:10BDC0007B14FA42753FA7B98F537C3F293C8C43C3
:10BDD0009C53C93795BFD634B083BB41920A863E87
:10BDE000BD378635D7ED117A66EEA77A7B680433C6
:10BDF00077EE277AC3ED007A97ED0C7AD7ED0F7ABC
:10BE000027EE277AD7ED0D6AD7ED107A66EEA77A7E
:10BE100037EE277AD7ED0E6AD7ED117A66EEA77A5C
:10BE20007B68083377EE277AC3ED007A7B6893ED61
:10BE3000007A7B68D3ED007A27EE277A7B6804339B
:10BE4000D3ED006A7B680433D3ED007A66EEA77AFF
:10BE500037EE277A7B680833D3ED006A7B680833B6
:10BE6000D3ED007A66EEA77A77EE277AB0EE670A0E
:10BE7000FFF702F887ED280AD7ED287A1FED287A18
:10BE8000F4EEC77AF1EE10FA22DD7B68D3ED006A9A
:10BE900097ED287AC6EE877A7B68C3ED007A7B68D7
:10BEA0000433D3ED006A7B68043397ED287AC6EE3D
:10BEB000877AC3ED007A7B680833D3ED006A7B682C
:10BEC000083397ED287AC6EE877AC3ED007A0DE045
:10BED0007B684FF000021A607B6804334FF0000269
:10BEE0001A607B6808334FF000021A6000BFD83731
:10BEF000BD46BDEC028B80BD80B483B000AF7860DE
:10BF00007B684FF07E521A607B684FF000025A60E7
:10BF10007B684FF000029A607B684FF00002DA60A5
:10BF20007B684FF000021A627B684FF000025A6291
:10BF30007B684FF000029A6200BF0C37BD465DF887
:10BF4000047B70470000000090B5C7B000AF07F554
:10BF50008C74A4F58674206007F58C70A0F5887049
:10BF6000016007F58C71A1F58A710A6007F58C7282
:10BF7000A2F58C72136007F58C73A3F588731B68A8
:10BF80001B68C7F8EC3007F58C73A3F588731B6842
:10BF90005B68C7F8F03007F58C73A3F588731B68EE
:10BFA0009B68C7F8F43007F1E00207F58C73A3F53E
:10BFB0008A7107F58C73A3F5887309681868FFF711
:10BFC00031FC07F1E0031846FFF781FC87ED410AD9
:10BFD000D7ED386A97ED417AC6EE877AC7ED357AA4
:10BFE000D7ED396A97ED417AC6EE877AC7ED367A92
:10BFF000D7ED3A6A97ED417AC6EE877AC7ED377A80
:10C0000007F1C80207F1E00107F58C73A3F5887307
:10C010001868FFF707FC07F1E0031846FFF757FC25
:10C0200087ED400AD7ED326A97ED407AC6EE877AFF
:10C03000C7ED2F7AD7ED336A97ED407AC6EE877A4F
:10C04000C7ED307AD7ED346A97ED407AC6EE877A3D
:10C05000C7ED317A07F58C73A3F58C731B681B68E9
:10C06000C7F8B03007F58C73A3F58C731B685B6859
:10C07000C7F8B43007F58C73A3F58C731B689B6805
:10C08000C7F8B83007F1A40207F58C73A3F58C73D9
:10C09000D7F828111868FFF7C5FB07F1A403184665
:10C0A000FFF715FC87ED3F0AD7ED296A97ED3F7A38
:10C0B000C6EE877AC7ED267AD7ED2A6A97ED3F7AE2
:10C0C000C6EE877AC7ED277AD7ED2B6A97ED3F7AD0
:10C0D000C6EE877AC7ED287A07F18C0207F1A40132
:10C0E00007F58C73A3F58C731868FFF79BFB07F1BA
:10C0F000A4031846FFF7EBFB87ED3E0AD7ED236A52
:10C1000097ED3E7AC6EE877AC7ED207AD7ED246A9E
:10C1100097ED3E7AC6EE877AC7ED217AD7ED256A8C
:10C1200097ED3E7AC6EE877AC7ED227AD7F8EC30E3
:10C13000FB65D7F8D4303B66D7F8BC307B66D7F8C0
:10C14000F030BB66D7F8D830FB66D7F8C0303B6715
:10C15000D7F8F4307B67D7F8DC30BB67D7F8C4304A
:10C16000FB67D7F8B030BB63D7F89830FB63D7F8DC
:10C1700080303B64D7F8B4307B64D7F89C30BB6424
:10C18000D7F88430FB64D7F8B8303B65D7F8A030D7
:10C190007B65D7F88830BB650023C7F8143159E0B8
:10C1A0000023C7F810314CE04FF00003C7F80C3102
:10C1B0000023C7F808312AE0D7F8142113465B00A2
:10C1C0001344D7F8082113449B0003F58C733B44B8
:10C1D000E03B93ED007AD7F8102113465B0013443F
:10C1E000D7F8082113449B0003F58C733B44BC3BF8
:10C1F000D3ED007A67EE277A97ED437A77EE277AC8
:10C20000C7ED437AD7F808310133C7F80831D7F8BA
:10C210000831022BD0DD07F58C73A3F58271D7F8B6
:10C22000102113465B001344D7F8142113449B00DC
:10C230000B44D7F80C211A60D7F810310133C7F836
:10C240001031D7F81031022BAEDDD7F8143101339D
:10C25000C7F81431D7F81431022BA1DD07F58C7320
:10C26000A3F58273D3ED007AB7EE007A37EE877AC2
:10C2700007F58C73A3F58273D3ED047A37EE277A32
:10C2800007F58C73A3F58273D3ED087A77EE277ADE
:10C29000F1EE006A87EEA67AB0EE470AFEF7ECFDF3
:10C2A000F0EE407A07F58C73A3F586731B68C3ED37
:10C2B000047A07F58C73A3F58273D3ED007AB7EE99
:10C2C000007A37EE877A07F58C73A3F58273D3ED86
:10C2D000047A37EE677A07F58C73A3F58273D3ED92
:10C2E000087A77EE677AF1EE006A87EEA67AB0EE0A
:10C2F000470AFEF7C1FDF0EE407A07F58C73A3F50F
:10C3000086731B68C3ED057A07F58C73A3F58273FA
:10C31000D3ED007AB7EE007A37EE677A07F58C73C3
:10C32000A3F58273D3ED047A37EE277A07F58C7381
:10C33000A3F58273D3ED087A77EE677AF1EE006A9F
:10C3400087EEA67AB0EE470AFEF796FDF0EE407A49
:10C3500007F58C73A3F586731B68C3ED067A07F5A2
:10C360008C73A3F58273D3ED007AB7EE007A37EEC3
:10C37000677A07F58C73A3F58273D3ED047A37EEF1
:10C38000677A07F58C73A3F58273D3ED087A77EE9D
:10C39000277AF1EE006A87EEA67AB0EE470AFEF73A
:10C3A0006BFDF0EE407A07F58C73A3F586731B687E
:10C3B000C3ED077A07F58C73A3F586731B681A69BA
:10C3C00007F58C73A3F586731B681A6007F58C73E9
:10C3D000A3F586731B685A6907F58C73A3F58673FA
:10C3E0001B685A6007F58C73A3F586731B689A69FE
:10C3F00007F58C73A3F586731B689A6007F58C7339
:10C40000A3F586731B68DA6907F58C73A3F5867349
:10C410001B68DA6007F58C73A3F586731B6893EDD0
:10C42000047A07F58C73A3F586731B68D3ED077A3E
:10C4300027EE277A07F58C73A3F586731B68D3ED77
:10C44000056A07F58C73A3F586731B68D3ED067A2E
:10C4500066EEA77A77EE277A37EEA76A07F58C7330
:10C46000A3F586731B6893ED067A07F58C73A3F525
:10C4700086731B68D3ED067A27EE277A07F58C734F
:10C48000A3F586731B68D3ED076A07F58C73A3F5D4
:10C4900086731B68D3ED077A66EEA77A77EE277A64
:10C4A00077EEA77AB7EE007A77EE677AF0EE670A52
:10C4B000B0EE460AFEF798FC10EE103A1846F4F774
:10C4C00053F85FA3D3E90023F4F7A6F802460B461E
:10C4D00010461946F4F798FB024607F58C73A3F54E
:10C4E00086731B681A6207F58C73A3F586731B6845
:10C4F00093ED047A07F58C73A3F586731B68D3ED6F
:10C50000067A27EE277A07F58C73A3F586731B68E6
:10C51000D3ED076A07F58C73A3F586731B68D3ED1B
:10C52000057A66EEA77A77EE677A77EEA77AB0EEAD
:10C53000670AFEF749FC10EE103A1846F4F714F8B3
:10C540003FA3D3E90023F4F767F802460B461046F1
:10C550001946F4F759FB024607F58C73A3F5867369
:10C560001B685A6207F58C73A3F586731B6893EDFD
:10C57000047A07F58C73A3F586731B68D3ED057AEF
:10C5800027EE277A07F58C73A3F586731B68D3ED26
:10C59000066A07F58C73A3F586731B68D3ED077ADB
:10C5A00066EEA77A77EE277A37EEA76A07F58C73DF
:10C5B000A3F586731B6893ED057A07F58C73A3F5D5
:10C5C00086731B68D3ED057A27EE277A07F58C73FF
:10C5D000A3F586731B68D3ED066A07F58C73A3F584
:10C5E00086731B68D3ED067A66EEA77A77EE277A14
:10C5F00077EEA77AB7EE007A77EE677AF0EE670A01
:10C60000B0EE460AFEF7F0FB10EE103A1846F3F7CC
:10C61000ABFF0BA3D3E90023F3F7FEFF02460B4663
:10C6200010461946F4F7F0FA024607F58C73A3F5A5
:10C6300086731B689A6200BF07F58E77BD4690BD72
:10C64000F8C1631ADCA54C4080B483B000AF7860B9
:10C650007B681B781A067B6801331B781B041A431E
:10C660007B6802331B781B0213437A68033212780B
:10C6700013431A4A13607B6804331B781A067B68DD
:10C6800005331B781B041A437B6806331B781B0297
:10C6900013437A68073212781343114A13607B6898
:10C6A00008331B781A067B6809331B781B041A436E
:10C6B0007B680A331B781B0213437A680B321278AB
:10C6C0001343084A13607B681A7B074B1A7000BF3C
:10C6D0000C37BD465DF8047B704700BF6802002040
:10C6E0006C020020700200208A02002084B080B515
:10C6F00082B000AF07F1100C8CE80F000A23FB7129
:10C70000FB7C002B02D10A23FB7104E0BB7C012BD4
:10C7100001D1FB7CFB710C4B1B684FF0FF311846BD
:10C720000FF026FF094AFB791370074B18680023A6
:10C73000002200210FF0DAFB00BF0837BD46BDE83C
:10C74000804004B0704700BF1C2200207602002009
:10C7500084B080B582B000AF07F1100C8CE80F00F8
:10C760004FF4E153FB804FF47A73BB80FB7C002BCA
:10C7700008D13B7D002B05D17B7D002B02D1BB7DF9
:10C78000002B02D0BB7C042B06D04FF47A73BB8005
:10C790004FF4E153FB800BE0FB7C1B029BB23A7D24
:10C7A0001343FB807B7D1B029BB2BA7D1343BB808E
:10C7B0000D4B1B684FF0FF3118460FF0D9FE0B4AA6
:10C7C000BB8813800A4AFB881380074B1868002334
:10C7D000002200210FF08AFB00BF0837BD46BDE8EC
:10C7E000804004B0704700BF182200208E02002055
:10C7F0009002002080B584B002AF0346FB71FB7944
:10C80000012B0AD10D4B18680023009303234FF42A
:10C810008072002111F0EEFD0CE0FB79022B09D1B2
:10C82000064B18680023009303234FF40072002185
:10C8300011F0E0FD00BF0837BD4680BDD01C0020D0
:10C8400084B0B0B5A2B008AF07F1780484E80F0057
:10C8500097F87830AB2B14BF01230023DBB287F8A5
:10C86000673097F87830AB2B40F0138597F8793024
:10C87000AA3B552B00F2FB8401A252F823F000BF23
:10C880004FD200086FD200086FD200086FD20008A4
:10C890006FD200086FD20008D9C900082FCA00085B
:10C8A00087CA00082BCB00089BCD0008D9CB000815
:10C8B0008BCC000835CD000805CE00086FD20008EB
:10C8C0006FD200086FD200086FD200086FD2000844
:10C8D0006FD200086FD2000867CE0008EDCE0008C6
:10C8E00061CF00081DD00008B5D00008D3D10008E2
:10C8F000FFD100083BD100086FD200086FD20008BA
:10C900006FD200086FD200086FD200086FD2000803
:10C910006FD200086FD200086FD200086FD20008F3
:10C920006FD200086FD200086FD200086FD20008E3
:10C930006FD200086FD200086FD200086FD20008D3
:10C940006FD200086FD200086FD200086FD20008C3
:10C950006FD200086FD200086FD200086FD20008B3
:10C960006FD200086FD200086FD200086FD20008A3
:10C970006FD200086FD200086FD200086FD2000893
:10C980006FD200086FD200086FD200086FD2000883
:10C990006FD200086FD200086FD200086FD2000873
:10C9A0006FD200086FD200086FD200086FD2000863
:10C9B0006FD200086FD200086FD200086FD2000853
:10C9C0006FD200086FD200086FD200086FD2000843
:10C9D0006FD200082DD20008CC4B186800230093BA
:10C9E00003230222002111F005FDC94B186897F8B6
:10C9F000673004335B0001229A4097F867300833B0
:10CA00005B00012101FA03F313431A46002300934C
:10CA10000123002111F0EEFCBE4B186800230093A7
:10CA200003230822002111F0E5FC00F0E9BDB74B1B
:10CA300018680023009301230122002111F0DAFC81
:10CA4000B34B186897F8673004335B0001229A40B3
:10CA500097F8673008335B000133012101FA03F3D3
:10CA600013431A46002300930123002111F0C2FC56
:10CA7000A84B18680023009303230422002111F01F
:10CA8000B9FC00F0BDBDA24B186897F867300433BD
:10CA90005B00012202FA03F31A46002300930123EC
:10CAA000002111F0A7FCF9F7F1F99B48FDF7A4FA72
:10CAB000FAF70AFF07F134031846F7F78DFD07F17F
:10CAC00034031846F9F7D4FB0346002B0CD007F1CA
:10CAD00034031846F7F71CFA3B1D07F13401042212
:10CAE0000120F6F714FF06E03B1D07F13401272271
:10CAF0000220F6F70CFF894B1868391D01234FF00F
:10CB0000FF320FF0F3F9824B186897F867300C3357
:10CB10005B00012202FA03F31A4600230093032369
:10CB2000002111F067FC00F06BBD794B186897F895
:10CB3000673004335B0001229A4097F8673008336E
:10CB40005B00012101FA03F31A4397F867300E33B3
:10CB50005B00012101FA03F313431A4600230093FB
:10CB60000123002111F046FC684B18680023009354
:10CB700003230222002111F03DFC694B18680023B9
:10CB8000009303230222002111F034FC654B186846
:10CB90000023009303230222002111F02BFC624B9F
:10CBA00018680023009303230222002111F022FCC5
:10CBB0005E4B18680023009303230222002111F02A
:10CBC00019FC544B1868002300930323042200210E
:10CBD00011F010FC00F014BD4D4B186897F8673049
:10CBE00004335B00012202FA03F31A460023009388
:10CBF0000123002111F0FEFB4C4B18680023009329
:10CC000001230122002111F0F5FB494B1868002394
:10CC1000009303238022002111F0ECFB97F87B3076
:10CC20001846F6F7CFFD97F87C301846FFF7E2FD7F
:10CC300097F87D3003F00103002B00F0DC8407F14E
:10CC400034031846F7F7BAFA3B1D07F134012722DF
:10CC5000FF20F6F75CFE314B1868391D01234FF0B9
:10CC6000FF320FF043F92A4B186897F867300C33FE
:10CC70005B00012202FA03F31A460023009301230A
:10CC8000002111F0B7FB00F0B6BC214B186897F8F3
:10CC9000673004335B00012202FA03F31A460023D3
:10CCA00000930123002111F0A5FB97F87B3003F0DE
:10CCB0000103002B08D01B4B1868002300930323AB
:10CCC0000222002111F096FB97F87B3003F002035B
:10CCD000002B08D0144B1868002300930323022272
:10CCE000002111F087FB97F87B3003F00403002B41
:10CCF00000F083840A4B1868002300930323022268
:10CD0000002111F077FB00F078BC00BFD81C002098
:10CD10004C1C0020D41C0020F8050020681C0020BA
:10CD2000402200204422002048220020D816002063
:10CD3000D01C0020B04B186897F8673004335B00B4
:10CD4000012202FA03F31A46002300930123002173
:10CD500011F050FB97F87B3003F00103002B0AD051
:10CD6000A64B18680023009303231022002111F022
:10CD700041FB00F044BC97F87B3003F00103002B2B
:10CD800040F03D849D4B186800230093032320222C
:10CD9000002111F02FFB00F032BC974B186897F878
:10CDA000673004335B00012202FA03F31A460023C2
:10CDB00000930123002111F01DFB07F134031846F5
:10CDC000F7F7E8FC3B1D07F1340127220C20F6F7AA
:10CDD0009EFD8B4B1868391D01234FF0FF320FF079
:10CDE00085F8854B186897F867300C335B00012293
:10CDF00002FA03F31A46002300930123002111F0E5
:10CE0000F9FAFDE37C4B186897F8673004335B0050
:10CE1000012202FA03F31A460023009301230021A2
:10CE200011F0E8FA6C4607F188050FCD0FC495E8BC
:10CE3000070003C4228007F178030FCBFFF756FCED
:10CE4000704B18680023009301230422002111F085
:10CE5000D1FA6D4B186800230093012304220021AE
:10CE600011F0C8FACCE3644B186897F867300433C4
:10CE70005B00012202FA03F31A4600230093012308
:10CE8000002111F0B7FA6C4607F188050FCD0FC4E9
:10CE900095E8070003C4228007F178030FCBFFF762
:10CEA00057FC594B186800230093032302220021EA
:10CEB00011F0A0FA554B18680023009303230522B4
:10CEC000002111F097FA524B1868002300930323B6
:10CED0000522002111F08EFA4E4B186800230093B2
:10CEE00003230522002111F085FA89E3424B1868DB
:10CEF00097F8673004335B00012202FA03F31A4605
:10CF0000002300930123002111F074FA6C4607F10D
:10CF100088050FCD0FC495E8070003C4228007F1F0
:10CF200078030FCBFFF714FC374B186800230093EE
:10CF300003230222002111F05DFA344B186800230C
:10CF4000009303230522002111F054FA304B186896
:10CF50000023009303230522002111F04BFA4FE335
:10CF6000254B186897F8673004335B00012202FAFA
:10CF700003F31A46002300930123002111F03AFA2B
:10CF80006C4607F188050FCD0FC495E8070003C470
:10CF9000228007F178030FCBFFF7DAFB1A4B1868F2
:10CFA0000023009303230222002111F023FA174BE0
:10CFB00018680023009303230922002111F01AFAB4
:10CFC000134B18680023009303230922002111F05A
:10CFD00011FA104B18680023009303230922002143
:10CFE00011F008FA0C4B1868002300930323012268
:10CFF000002111F0FFF903E34C1C0020DC1C002091
:10D00000681C0020D8160020D81C002040220020D8
:10D01000442200204822002080220020BA4B1868B9
:10D0200097F8673004335B00012202FA03F31A46D3
:10D03000002300930123002111F0DCF96C4607F175
:10D0400088050FCD0FC495E8070003C4228007F1BF
:10D0500078030FCBFFF77CFBAC4B186800230093E1
:10D0600003230222002111F0C5F9A94B18680023FF
:10D07000009303230922002111F0BCF9A54B186885
:10D080000023009303230922002111F0B3F9A24BDE
:10D0900018680023009303230922002111F0AAF944
:10D0A0009E4B18680023009303230122002111F0F6
:10D0B000A1F9A5E2944B186897F8673004335B0038
:10D0C000012202FA03F31A460023009301230021F0
:10D0D00011F090F96C4607F188050FCD0FC495E863
:10D0E000070003C4228007F178030FCBFFF730FB62
:10D0F000864B18680023009303230222002111F0BD
:10D1000079F9834B18680023009303230922002137
:10D1100011F070F9804B1868002300930323092253
:10D12000002111F067F97D4B186800230093032359
:10D130000122002111F05EF962E2734B186897F842
:10D14000673004335B00012202FA03F31A4600231E
:10D1500000930123002111F04DF96C4607F1880579
:10D160000FCD0FC495E8070003C4228007F17803B0
:10D170000FCBFFF7EDFA654B1868002300930323EC
:10D180000222002111F036F9614B18680023009348
:10D1900003230922002111F02DF95E4B18680023AA
:10D1A000009303230922002111F024F95A4B186837
:10D1B0000023009303230922002111F01BF9584B8F
:10D1C00018680023009303230122002111F012F9B3
:10D1D00016E24D4B186897F8673004335B00012264
:10D1E00002FA03F31A46002300930123002111F0F1
:10D1F00001F907F17B031846F6F7DAF900E2424B32
:10D20000186897F8673004335B00012202FA03F3D1
:10D210001A46002300930123002111F0EBF807F1D7
:10D220007B0319463F4801F07FFBE9E1364B186864
:10D2300097F867305B000133012202FA03F31A46C4
:10D24000002300930123002111F0D4F8D8E12E4BE4
:10D25000186897F867305B00012202FA03F31A4658
:10D26000002300930123002111F0C4F8C8E1264BEC
:10D27000186897F8673004335B000133012202FA23
:10D2800003F31A46002300930123002111F0B2F8A2
:10D29000B6E197F87830CE2B40F09C8197F8793042
:10D2A000AA2B00F07581AA2BC0F28281FF2B00F31C
:10D2B0007F81F02BC0F27C81F03B0F2B00F2788154
:10D2C00001A252F823F000BF29D3000867D3000859
:10D2D00019D4000857D40008AFD40008B1D500080D
:10D2E000B1D50008B1D50008B1D50008B1D5000806
:10D2F000B1D50008B1D50008B1D50008B1D50008F6
:10D30000B1D500086FD500084C1C0020D81C0020A7
:10D3100040220020442200204822002080220020B9
:10D32000001A0020041A0020B94B186897F86730DB
:10D3300004335B00012202FA03F31A460023009330
:10D340000123002111F056F8B24B1B7A012B0CBFC0
:10D3500001230023DAB2B04B1A7007F17B031846A1
:10D36000FCF7FCFD4CE197F87A30082B42D1A84B32
:10D37000186897F8673004335B00012202FA03F360
:10D380001A46002300930123002111F033F897F887
:10D390007B301A0697F87C301B041A4397F87D30CF
:10D3A0001B02134397F87E2013433B6697F87F30A8
:10D3B0001A0697F880301B041A4397F881301B0235
:10D3C000134397F882201343FB65F96D386EF6F727
:10D3D00061FA0346FB703B1DF91C0122E220F6F7BF
:10D3E00096FA8E4B1868391D00234FF0FF320EF06D
:10D3F0007DFD05E1864B186897F8673004335B00C4
:10D400000133012202FA03F31A4600230093012399
:10D41000002110F0EFFFF3E07D4B186897F86730BC
:10D4200004335B00012202FA03F31A46002300933F
:10D430000123002110F0DEFF3B1D00220021E0202F
:10D44000F6F765FA754B1868391D00234FF0FF3267
:10D450000EF04CFDD4E097F87A300D2B15D16C4BC3
:10D46000186897F8673004335B00012202FA03F36F
:10D470001A46002300930123002110F0BBFF07F19F
:10D480007B031846FFF7E0F8BAE0614B186897F89D
:10D49000673004335B000133012202FA03F31A46BA
:10D4A000002300930123002110F0A4FFA8E0584BB3
:10D4B000186897F8673004335B0001229A4097F8A8
:10D4C00067300E335B00012101FA03F313431A4660
:10D4D000002300930323002110F08CFF504B1868A9
:10D4E0000023009303234022002110F083FF4D4BC3
:10D4F00018680023009301230122002110F07AFF15
:10D50000494B18680023009303230222002110F0E6
:10D5100071FF464B18680023009303230222002169
:10D5200010F068FF424B1868002300930323022287
:10D53000002110F05FFF3F4B186800230093032386
:10D540000222002110F056FF3B4B18680023009385
:10D5500003230222002110F04DFF384B18680023EE
:10D56000009303230422002110F044FF48E0284BDD
:10D57000186897F867305B000133012202FA03F361
:10D580001A46002300930123002110F033FF37E0F7
:10D590001F4B186897F867305B00012202FA03F30B
:10D5A0001A46002300930123002110F023FF27E0F7
:10D5B000174B186897F8673004335B00013301227A
:10D5C00002FA03F31A46002300930123002110F00E
:10D5D00011FF15E00E4B186897F8673004335B00B5
:10D5E000012202FA03F31A460023009301230021CB
:10D5F00010F000FF04E000BF02E000BF00E000BF49
:10D6000000BF6837BD46BDE8B04004B0704700BFFA
:10D610004C1C00200816002075020020641C00200D
:10D62000D01C0020DC1C0020D81C00204022002040
:10D630004422002048220020D8160020D41C0020BC
:10D64000B0B596B008AF7860154B1B6818460FF060
:10D650008FF878631CE0124B1B6807F108014FF04C
:10D66000FF3218460EF0A2FE0346012B0DD16C4688
:10D6700007F118050FCD0FC495E8070003C42280F9
:10D6800007F108030FCBFFF7DBF87B6B013B7B63F4
:10D690007B6B002BDFD14FF4FA700FF04FFCD3E718
:10D6A0005C1C002090B585B000AF78602A4B1B68E9
:10D6B0004FF0FF3118460EF05BFF0023FB73274B42
:10D6C000274A02F2CD5420686168A26807C3A28984
:10D6D000A17B1A800A469A7013222049214814F02F
:10D6E0005DFA03461A46204B1A701F4B1B781B49E4
:10D6F000184600F04FFD1C4B1B78002B05D00A206C
:10D700000FF01CFCFB7B0133FB73FB7B032B03D86B
:10D71000154B1B78002BDFD1104B012283F86022C0
:10D720000023BB6006E079680C4800F01FF8BB6876
:10D730000133BB60BB68172BF5DD0A4814F0D4FF3A
:10D74000054B18680023002200210EF0CFFB00BF1C
:10D750001437BD4690BD00BFFC2100209827002053
:10D76000901E0164CC270020B422002080B584B034
:10D7700000AF786039604FF4FF73FB607B68012273
:10D7800083F83020786800F08FFC7B6803F1340068
:10D790000E4BFA68396814F0B4FD03461A460C4B78
:10D7A0001A700B4B1B787968184600F0F3FC084B95
:10D7B0001B78002B05D1064B1B787968184600F0C2
:10D7C000E9FC00BF1037BD4680BD00BFB822002075
:10D7D000B422002090B585B000AF78602E4B1B6856
:10D7E0004FF0FF3118460EF0C3FE2C4B2C4A02F2CC
:10D7F000CD5420686168A26807C3A289A17B1A8002
:10D800000A469A7001222549264814F0C7F90346B2
:10D810001A46254B1A70244B1B782049184600F0F5
:10D82000B9FC214B1B78002B2BD10023FB8111E08D
:10D83000FB895B021A467B6899181C4B4FF40072F7
:10D84000184814F01FFC03461A46174B1A70FB8940
:10D850000133FB81FB89172BEAD9124814F044FFEE
:10D860000E4B00225A630D494FF000024FF00003A7
:10D87000C1E9062309494FF000024FF00003C1E956
:10D880000823054B18680023002200210EF02EFB10
:10D8900000BF1437BD4690BDFC2100209827002012
:10D8A000901E0164CC270020B4220020BC2200205E
:10D8B00090B5ADF5037D02AF3B464FF40072009288
:10D8C0004FF400420221614815F0F2F903461A466E
:10D8D0005F4B1A705F4A604B1046194640F2DC53AA
:10D8E0001A461AF052FF5D4B00221A705C4B01225F
:10D8F0001A805C4B00221A705B4B01221A805B4B32
:10D9000000225A6159494FF000024FF00003C1E96B
:10D91000062356494FF000024FF00003C1E90823E7
:10D92000534B00225A6152494FF000024FF000035E
:10D93000C1E906234E494FF000024FF00003C1E950
:10D9400008234A4B002283F8302048494FF0000258
:10D950004FF00003C1E90A23454B002283F8302031
:10D9600043494FF000024FF00003C1E90A2364204D
:10D970000FF0E4FA012235493E4814F0CBF8034693
:10D980001A46334B1A7064200FF0D8FA304B1B78CC
:10D990003649184600F0FEFB344A2E4B14460FCB96
:10D9A00007C4238002341B0C237032222F493248D3
:10D9B00014F0F4F803461A46254B1A70244B1B78D2
:10D9C000002B04D1294B012283F8602203E0274B6E
:10D9D000002283F860221E4B1B782449184600F071
:10D9E000D9FB234A1B4B14460FCB07C423800234B8
:10D9F0001B0C237031221E49204814F0CFF8034637
:10DA00001A46134B1A70124B1B78002B04D1184B7B
:10DA1000012283F8602203E0154B002283F8602284
:10DA20000B4B1B781249184600F0B4FB144B1B78C3
:10DA30004FF4FF721946134819F0C5FF1148FFF75C
:10DA400031FE00BF07F50177BD4690BD58B1020811
:10DA5000B4220020901E0164A4B90208102A0020FC
:10DA6000142A0020112A0020122A0020C822002097
:10DA70003025002000000020FC220020642500202A
:10DA80008A020020901C016480B500AF0122364953
:10DA9000002014F03FF864200FF050FA01223249C0
:10DAA000324814F037F803461A46314B1A70642096
:10DAB0000FF044FA2E4B1B782E49184600F06AFBF3
:10DAC0002D4B1B781A4613461B019B1A2B4A1344F5
:10DAD0000F22194627481AF058FE322225492848B5
:10DAE00014F05CF803461A46214B1A70204B1B7841
:10DAF000002B04D11F4B012283F8602203E01D4B51
:10DB0000002283F860221A4B1B781A49184600F04D
:10DB100041FB1C4B1B781A4613461B019B1A174AE4
:10DB200013440F22194618481AF02FFE31221649C5
:10DB3000164814F033F803461A460D4B1A700C4B76
:10DB40001B78002B04D1104B012283F8602203E0E4
:10DB50000D4B002283F86022054B1B780A491846BA
:10DB600000F018FB00BF80BD58B102080000002083
:10DB7000B4220020C8220020102A0020901E016438
:10DB8000FC220020112A00203025002064250020DE
:10DB9000B0B584B000AF7860404B1B684FF0FF31E8
:10DBA00018460EF0E5FC0023FB6079683C4800F065
:10DBB0003DF93B4BD3E908013A4B1B889BB200224D
:10DBC0001C46154622462B46F3F7BEF802460B4686
:10DBD00013467B817B8947F61812934245D930481A
:10DBE00000F02AFB304B1B780133DAB22E4B1A704F
:10DBF0000A200FF0A3F92C4B1B781A4613461B0181
:10DC00009B1A2A4A13440F22194625481AF0BDFDD3
:10DC100033222349264813F0C1FF03461A46254BF9
:10DC20001A70244B1B78002B04D11D4B012283F862
:10DC3000602203E01A4B002283F860221D4B1B7800
:10DC40001749184600F0A6FA174B1B78622B05D12E
:10DC5000FB680133FB60144B00221A70FB68032B36
:10DC600003D0144B1B78002BBCD10F4B1B78622BBD
:10DC700008D10D4B00221A700A4B1B8801339AB24F
:10DC8000084B1A80054B18680023002200210EF073
:10DC90002DF900BF1037BD46B0BD00BFFC210020EC
:10DCA000C8220020142A0020102A0020901E01649F
:10DCB000FC220020B4220020B0B584B000AF786010
:10DCC000514B1B684FF0FF3118460EF051FC0023FA
:10DCD0007B810023FB604D4BD3E906014C4B1B8835
:10DCE0009BB200221C46154622462B46F3F72CF821
:10DCF00002460B4613467B817B8947F618129342F6
:10DD00000FD8424BD3E90601424BD3E9082399428D
:10DD100008BF90425CD1404B1A78404B1B789A4226
:10DD200056D13A4800F088FAC8200FF007F9374971
:10DD30004FF000024FF00003C1E9062333494FF0D2
:10DD400000024FF00003C1E90823344B1B78013374
:10DD5000DAB2324B1A700A200FF0F0F82F4B1B7812
:10DD60001A4613461B019B1A2D4A13440F221946CB
:10DD700026481AF00AFD312224492A4813F00EFFE2
:10DD800003461A46284B1A70274B1B78002B04D1E8
:10DD90001E4B012283F8602203E01C4B002283F813
:10DDA0006022214B1B781949184600F0F3F91B4BF0
:10DDB0001B78622B05D1FB680133FB60174B0022F7
:10DDC0001A70FB68032B03D0174B1B78002BABD1C9
:10DDD000124B1B78622B08D1104B00221A700C4B8F
:10DDE0001B8801339AB20A4B1A807968074800F001
:10DDF000D1F8054B18680023002200210EF076F8B8
:10DE000000BF1037BD46B0BDFC21002030250020EA
:10DE1000122A0020C8220020102A0020112A0020E7
:10DE2000901E016464250020B42200202DE9B04337
:10DE300082B000AF78603960324B012283F8302025
:10DE4000786800F031F97B6803F134027B681B6C61
:10DE50001946104614F068FC03461A462A4B1A70FD
:10DE6000294B1B787968184600F094F9264B1B78EB
:10DE7000002B41D17B6803F13400244BD3E900230C
:10DE8000234B396814F03DFA03461A461E4B1A70AC
:10DE90001D4B1B787968184600F07CF91A4B1B78EB
:10DEA000002B21D11A4B1B687968184600F092F9B3
:10DEB0007B68D3E90A23541C43F100057B68C3E95E
:10DEC0000A457B68D3E90A230B2A73F100030BD3BD
:10DED0007B683433184614F089FB79684FF00002F0
:10DEE0004FF00003C1E90A237B681B6C00229846AF
:10DEF00091467B68C3E9088900BF0837BD46BDE885
:10DF0000B08300BF30250020B422002098020020FA
:10DF1000B822002080B582B000AF78607B689A6C30
:10DF20007B681B6C9A420CBF01230023DAB2174BAB
:10DF30001A70174B1B787968184600F02BF9134BB1
:10DF40001B78002B1DD0786800F076F97B681846A6
:10DF500014F0F3FD0D4B00221A7064200EF0EEFF5A
:10DF60007B68343379683322184613F017FE034672
:10DF70001A46074B1A70064B1B787968184600F052
:10DF800009F900BF0837BD4680BD00BFC12200208F
:10DF9000B42200202DE9B04382B000AF7860396030
:10DFA0007B6893F83030002B25D03B4814F01EFBE3
:10DFB000786800F041F97B683433796801221846AB
:10DFC00013F0ECFD03461A46344B1A70334B1B78A2
:10DFD0007968184600F0DEF87B68012283F8602239
:10DFE0007B68002283F8302079684FF000024FF000
:10DFF0000003C1E90A237B681B6C00229846914606
:10E000007B68C3E90889786800F04EF87B6803F103
:10E0100034007B68D3E906231346194614F084FBC9
:10E0200003461A461D4B1A701C4B1B78796818461C
:10E0300000F0B0F8194B1B78002B28D17B6803F156
:10E040003400174BD3E90023164B396814F01AF843
:10E0500003461A46114B1A70104B1B787968184604
:10E0600000F098F80D4B1B78002B10D17B689B6C4F
:10E0700000221C4615467B68C3E90645094B1B6810
:10E080007968184600F0A6F87868FFF743FF00BFEC
:10E090000837BD46BDE8B083FC220020B422002032
:10E0A00098020020BC22002080B58AB002AF7860C0
:10E0B0007B685B69032B51DD786800F0BDF87B68F5
:10E0C000184614F03AFD2C4B1B781A4613461B01D8
:10E0D0009B1A2A4A13442A49184619F089FC034618
:10E0E000FB61254B1B781A4613461B019B1A234ADA
:10E0F0001A44244B1B6807F1080000931346FA6981
:10E10000214919F0F9FB7B6807F10802114618460E
:10E110001AF033FB79684FF000024FF00003C1E9B9
:10E12000082379684FF000024FF00003C1E906238D
:10E13000144B1B680133134A13607B6834337968CE
:10E140003322184613F02AFD03461A460F4B1A7065
:10E150000E4B1B787968184600F01CF87B685B69E9
:10E16000062B05DD0A4B01221A70786800F07AF858
:10E1700000BF2037BD4680BD102A0020901E0164DC
:10E180005CB10208C422002060B10208B422002061
:10E19000C022002080B483B000AF03463960FB7119
:10E1A000FB79002B08D00A4B01221A703B685B698F
:10E1B0005A1C3B685A6105E0054B00221A703B6807
:10E1C00000225A6100BF0C37BD465DF8047B7047E2
:10E1D000C322002080B483B000AF786039607B68D0
:10E1E0002D2B15D03B689A6C3B681B6C9A4206D16C
:10E1F0000F4B00221A703B6800225A6111E00C4B51
:10E2000001221A703B685B695A1C3B685A6108E03E
:10E21000074B00221A70074B00221A603B6800224D
:10E220005A6100BF0C37BD465DF8047B704700BFE4
:10E23000C2220020BC22002080B582B000AF7860EE
:10E240007B6893F86032002B08D07B683433184623
:10E2500014F04AFA7B68002283F8602200BF083776
:10E26000BD4680BD98B500AF01225049002013F093
:10E2700051FC4F4808F0D2FC4E4B5B6A4D4A43F4C8
:10E28000006353620A200EF059FE4A4B5B6A494A0A
:10E2900023F4006353620A200EF050FE444808F055
:10E2A0000DFC0346002B03D0434B01221A707CE087
:10E2B00064200EF043FE01223C49404813F02AFC42
:10E2C00003461A463E4B1A703D4B1B78002B52D129
:10E2D000394B00221A703B4A3B4B14460FCB07C404
:10E2E000238002341B0C237032223649374813F046
:10E2F00055FC03461A46324B1A70314B1B78002BE3
:10E3000004D1304B012283F8602203E02D4B002220
:10E3100083F860222A4B1B782A491846FFF73AFFF8
:10E320002B4A294B14460FCB07C4238002341B0C05
:10E33000237031222649274813F030FC03461A4641
:10E340001F4B1A701E4B1B78002B10D1204B012243
:10E3500083F860221A4B1B78002B10D11C4BD3E999
:10E360000623134619461B4814F0DEF907E0124B4A
:10E3700001221A7003E0164B002283F86022164B2C
:10E38000114A02F2CD5420686168A26807C3A289CD
:10E39000A17B1A800A469A7013220F490F4813F086
:10E3A000FDFB03461A46064B1A7098BD58B1020889
:10E3B0001806002000380240C02200200000002083
:10E3C000B4220020C8220020901E0164FC220020FC
:10E3D000302500206425002098270020CC2700202D
:10E3E00080B584B000AF78604B4B002283F82F20BB
:10E3F000494B002283F82D20484B002283F82F2020
:10E40000464B002283F82D20454B1B6818460EF022
:10E41000AFF9F86013E0424B1B684FF0FF324149FF
:10E4200018460DF0C3FF0346012B08D13D4B1B7866
:10E4300019463A48F5F78CFBFB68013BFB60FB682B
:10E44000002BE8D1354B93F82F30002B0ED000F085
:10E450007AF8CE2234493148F5F76FFC334B18680F
:10E4600000234FF0FF3230490DF040FD304B1B6868
:10E4700018460EF07DF9F86013E02D4B1B684FF045
:10E48000FF32284918460DF091FF0346012B08D1B1
:10E49000244B1B7819462048F5F75AFBFB68013BD3
:10E4A000FB60FB68002BE8D11B4B93F82F30002B4F
:10E4B0000DD000F041F81C491748F5F7B6FC1B4B8E
:10E4C000186800234FF0FF3217490DF00FFD194B6C
:10E4D0001B6818460EF04CF9F86012E0154B1B68EB
:10E4E0004FF0FF320F4918460DF060FF0346012B35
:10E4F00004D10C4B1B781846F9F748FCFB68013B2C
:10E50000FB60FB68002BE9D14FF0FF3201210020B6
:10E510000FF064FE78E700BF341600206416002078
:10E52000501C0020162A0020DC1500205C1C002056
:10E53000541C0020581C002080B400AF00BFBD4612
:10E540005DF8047B704780B400AF00BFBD465DF846
:10E55000047B704780B582B000AF78607B6804337D
:10E56000184601F0E8FF7B682833184601F0E3FF06
:10E570007B686A4A5A607B68694A9A607B68694A24
:10E58000DA607B68664A1A617B68674A5A617B6811
:10E59000664A9A617B68634ADA617B68634A1A62F9
:10E5A0007B68634A5A627B681A1D7B682833194668
:10E5B000104602F036FC7B68022283F84C207B6810
:10E5C0009033184601F07FFE7B68CC33184601F08B
:10E5D0007AFE7B68D833184601F075FE7B689C3361
:10E5E000184602F07EFC7B68BC33184602F079FCCA
:10E5F0007B68AC33184602F074FC7B68E433184641
:10E6000001F0C2FF7B6803F5BA73184601F0BCFF46
:10E610007B6803F50173184601F0B6FF7B6803F1D0
:10E62000E4027B68E43319469FED420A104602F08B
:10E6300046F87B6803F5BA727B6803F5BA7319462E
:10E640009FED3C0A104602F03AF87B6803F5017230
:10E650007B6803F5017319469FED360A104602F0F8
:10E660002EF87B6803F58473184601F064FF7B681D
:10E6700003F59673184601F05EFF7B6803F5CC73D3
:10E68000184601F058FF7B6803F5A873184601F09F
:10E6900052FF7B6803F5DE73184601F04CFF7B6880
:10E6A00003F5F073184601F046FF7B6850331846B7
:10E6B00001F009FE7B687033184601F004FE7B68A8
:10E6C0005C33184601F0FFFD7B687C33184601F08F
:10E6D000FAFD7B684FF07C529A667B684FF07C5263
:10E6E000C3F888207B68144ADA667B68134AC3F84B
:10E6F0008C207B68124AC3F828227B68104AC3F832
:10E700002C227B680F4AC3F830227B6807221A60EC
:10E71000002318460837BD4680BD00BFE7A90E3D5F
:10E72000AACA30362B732939554D103D4DC21B38BE
:10E73000E52B013CCDCCCC3DACC5A736ACC52737CD
:10E7400017B7D1386F12833A80B586B000AF7861C1
:10E750003961FA60BB6087ED010A7B695033396922
:10E76000184601F099FD7B695C33F968184601F0A1
:10E7700093FD7B697033B968184601F08DFD7B69A4
:10E780007C33396A184601F087FD7B69503318469F
:10E7900001F08FFE7B695C33184601F08AFE7B69CD
:10E7A0007033184601F085FE7B697C33184601F012
:10E7B00080FE7B699033796A184601F06DFD7B69B4
:10E7C00003F190021D4BD3ED007A7B69903319461B
:10E7D000B0EE670A104601F0B9FD7B691B6803F0D3
:10E7E0000103002B07D0786901F00BFA0346002BD8
:10E7F00001D001231EE07B691B6803F00203002B9C
:10E8000007D0786901F0D0FA0346002B01D002232B
:10E8100010E07B691B6803F00403002B09D097ED1F
:10E82000010A786900F036F90346002B01D0042371
:10E8300000E0002318461837BD4680BDA002002026
:10E8400080B584B000AFF860B9607A603B60F8686A
:10E85000FFF780FEFB685033B968184601F01CFDD5
:10E86000FB685C337968184601F016FDFB6870336D
:10E870003968184601F010FDFB687C33B969184609
:10E8800001F00AFDFB685033184601F012FEFB68E8
:10E890005C33184601F00DFEFB687033184601F03A
:10E8A00008FEFB687C33184601F003FEFB689033DA
:10E8B000F969184601F0F0FCFB6803F19002194B6E
:10E8C000D3ED007AFB6890331946B0EE670A104624
:10E8D00001F03CFDFB6803F19002FB68CC33194664
:10E8E000104601F011FEF86801F08BF90346002B89
:10E8F00001D0012312E0FB6803F1BC02FB689C33EA
:10E900001946104602F039FFFB6803F1BC02FB68B0
:10E91000AC331946104602F030FF0023184610377A
:10E92000BD4680BDA002002080B582B000AF7860F7
:10E930003960574B1B68002B00F0A480544B1B68B8
:10E940004FF0FF3118460DF013FE3B681B781A4656
:10E950007B681A603B6804331B781A063B680333F4
:10E960001B781B041A433B6802331B781B021A43B3
:10E970003B6801331B7819467B6803F50A730A4329
:10E980001A603B6808331B781A063B6807331B780C
:10E990001B041A433B6806331B781B021A433B686F
:10E9A00005331B7819467B6803F50B730A431A601D
:10E9B0003B680C331B781A063B680B331B781B042F
:10E9C0001A433B680A331B781B021A433B6809331E
:10E9D0001B7819467B6803F50C730A431A603B6881
:10E9E00010331B781A063B680F331B781B041A433D
:10E9F0003B680E331B781B021A433B680D331B78B0
:10EA000019467B686C330A431A603B6814331B78E1
:10EA10001A063B6813331B781B041A433B681233F6
:10EA20001B781B021A433B6811331B7819467B681D
:10EA30008C330A431A603B6818331B781A063B680C
:10EA400017331B781B041A433B6816331B781B02D1
:10EA50001A433B6815331B7819467B6868330A43B1
:10EA60001A607B68D3ED1A7AB7EE007A77EE677A90
:10EA70007B68C3ED227A064B186800230022002130
:10EA80000DF034FA002318460837BD4680BD00BF9C
:10EA900024220020B0B5ADF56A7D02AF07F568739A
:10EAA000A3F56773186007F56873A3F5687383EDC2
:10EAB000000A07F56873A3F567731A6807F55A73B8
:10EAC000CC3207CA83E8070007F56873A3F56773BC
:10EAD0001A6807F55773D83207CA83E8070007F5A5
:10EAE0006873A3F567731B68181D07F56873A3F5B2
:10EAF00067731B68CC3307F56372194601F054FE47
:10EB000007F56873A3F567731B68CC3307F560726C
:10EB100007F56371184601F06CFCD7EDE07AF1EE71
:10EB2000677AC7EDE07AD7EDE17AF1EE677AC7ED63
:10EB3000E17AD7EDE27AF1EE677AC7EDE27A07F58E
:10EB40006873A3F567731B68283307F55D7207F5D3
:10EB50006071184601F028FE97EDDA7AD7EDDD6A8C
:10EB600007F56873A3F56873D3ED007A66EEA77AAC
:10EB700077EE277AC7EDDA7A97EDDB7AD7EDDE6AA2
:10EB800007F56873A3F56873D3ED007A66EEA77A8C
:10EB900077EE277AC7EDDB7A97EDDC7AD7EDDF6A7F
:10EBA00007F56873A3F56873D3ED007A66EEA77A6C
:10EBB00077EE277AC7EDDC7A07F56873A3F56773FC
:10EBC0001B6803F19C0007F56873A3F567731B6866
:10EBD000CC3307F55372194602F0ABFA07F56873A8
:10EBE000A3F567731B6893ED277AD7EDD36A07F512
:10EBF0006873A3F56873D3ED007A66EEA77A77EEB3
:10EC0000677AC7EDCF7A07F56873A3F567731B685A
:10EC100093ED287AD7EDD46A07F56873A3F5687386
:10EC2000D3ED007A66EEA77A77EE677AC7EDD07AF1
:10EC300007F56873A3F567731B6893ED297AD7ED21
:10EC4000D56A07F56873A3F56873D3ED007A66EEAD
:10EC5000A77A77EE677AC7EDD17A07F56873A3F5DF
:10EC600067731B6893ED2A7AD7EDD66A07F5687348
:10EC7000A3F56873D3ED007A66EEA77A77EE677A2C
:10EC8000C7EDD27A07F54F73184602F044F907F53D
:10EC90004673184601F078FC07F53D7207F563737B
:10ECA0001146184602F082F807F56873A3F56773FA
:10ECB0001B68CC3307F534721146184602F076F81B
:10ECC00007F56873A3F567731B68191D07F5EA72EA
:10ECD00007F53473184601F0D0FD07F5EA7207F521
:10ECE000EA7107F53D73184601F0A7FC07F5687354
:10ECF000A3F567731B68283307F52B7207F5EA71D4
:10ED0000184601F0BAFD07F52B7107F56873A3F5F6
:10ED1000687307F52B7293ED000A104601F0CFFCE3
:10ED200007F52B7207F52B7107F54673184601F0AE
:10ED300042FC07F5227107F56873A3F5687307F5C0
:10ED4000347293ED000A104601F0B9FC07F5227207
:10ED500007F5227107F54673184601F06EFC07F5BA
:10ED60006873A3F567731B6803F1280207F519712F
:10ED700007F56873A3F5687393ED000A104601F078
:10ED80009EFC07F5EA7207F522731146184601F05A
:10ED9000D0FC07F56873A3F567731B6803F1E40102
:10EDA00007F5107207F52B73184601F066FD07F59D
:10EDB0006873A3F567731B6803F5847307F507721F
:10EDC00007F5EA71184601F058FD07F56873A3F5D9
:10EDD00067731B6803F5BA7107F5FC7207F52273B8
:10EDE000184601F04AFD07F5EA7207F52B73114644
:10EDF000184601F09EFC07F5C67207F5EA7107F5A3
:10EE00001073184601F039FD07F5EA7207F519731A
:10EE10001146184601F08DFC07F5D87207F5EA7126
:10EE200007F51973184601F028FD07F56873A3F577
:10EE300067731B68D3ED8A7A07F5D87207F5D87324
:10EE40001146B0EE670A184601F039FC07F5C672A4
:10EE500007F5D87107F5C673184601F0ACFB07F546
:10EE6000B47107F56873A3F5687307F5107293ED35
:10EE7000000A104601F023FC07F5EA7207F5077156
:10EE800007F52B73184601F0F8FC07F5B47207F587
:10EE9000EA7107F5B473184601F08DFB07F5687346
:10EEA000A3F567731B6803F5967107F5A27207F562
:10EEB0002B73184601F0E1FC07F56873A3F567733F
:10EEC0001B6803F1E40207F56873A3F56873D3EDDB
:10EED000007A67EEA77A07F590731946B0EE670AD5
:10EEE000104601F0ECFB07F56873A3F567731B6828
:10EEF00003F5A87207F5EA7107F56873A3F568735F
:10EF000093ED000A104601F0DAFB07F5907207F561
:10EF1000EA7107F59073184601F04DFB07F5EA71A9
:10EF200007F56873A3F5687307F5077293ED000A98
:10EF3000104601F0C4FB07F5907207F5EA7107F57A
:10EF40009073184601F037FB07F5EA7207F5227354
:10EF50001146184601F0EDFB07F5D87207F5EA7186
:10EF600007F5FC73184601F088FC07F5907207F569
:10EF7000D87107F59073184601F01DFB07F568730B
:10EF8000A3F567731B6803F5967207F1FC0107F59B
:10EF90006873A3F5687393ED000A104601F08FFBC8
:10EFA00007F56873A3F567731B6803F5CC7107F564
:10EFB000EA7207F52273184601F05FFC07F1FC02C4
:10EFC00007F5EA7107F1FC03184601F0F4FA07F5BA
:10EFD0006873A3F5327207F56873A3F567731B684E
:10EFE000154603F501740FCC0FC50FCC0FC5236870
:10EFF0002B6007F56873A3F56873D3ED007A27EEED
:10F00000A77A07F56873A3F567731B68D3ED8B7A4E
:10F0100067EE277A07F56873A3F5E673C3ED007A08
:10F0200007F56873A3F5E6734FF000025A6007F521
:10F030006873A3F5E6734FF000029A6007F56873F2
:10F04000A3F5E6734FF00002DA6007F56873A3F5E5
:10F050006873D3ED007A27EEA77A07F56873A3F5F6
:10F0600067731B68D3ED8B7A67EE277A07F56873B1
:10F07000A3F5E673C3ED047A07F56873A3F5E673A9
:10F080004FF000025A6107F56873A3F5E6734FF07D
:10F0900000029A6107F56873A3F5E6734FF000026A
:10F0A000DA6107F56873A3F56873D3ED007A27EE8C
:10F0B000A77A07F56873A3F567731B68D3ED8B7A9E
:10F0C00067EE277A07F56873A3F5E673C3ED087A50
:10F0D00007F1D80207F5EA7107F1D803184601F0E5
:10F0E0006AFA07F56873A3F567731B6807F568721A
:10F0F000A2F5057203F1E40415460FCD0FC40FCD40
:10F100000FC42B68236007F56873A3F567731B684A
:10F1100007F56872A2F50E7203F5847415460FCDDB
:10F120000FC40FCD0FC42B68236007F56873A3F5D8
:10F1300067731B6807F56872A2F5177203F596747A
:10F1400015460FCD0FC40FCD0FC42B68236007F5F4
:10F150006873A3F567731B6807F56872A2F52072E0
:10F1600003F5BA7415460FCD0FC40FCD0FC42B682D
:10F17000236007F56873A3F567731B6807F568726A
:10F18000A2F5297203F5CC7415460FCD0FC40FCD2F
:10F190000FC42B68236007F56873A3F567731B68BA
:10F1A00007F56872A2F5327203F5017415460FCDAA
:10F1B0000FC40FCD0FC42B68236007F56873A3F548
:10F1C00067731B6803F5847207F56873A3F56773AB
:10F1D0001B6803F5A8731946104601F0AAFA07F553
:10F1E0006873A3F567731B6803F5967207F5687378
:10F1F000A3F567731B6803F5DE731946104601F02B
:10F2000098FA07F56873A3F567731B6803F5CC726A
:10F2100007F56873A3F567731B6803F5F073194668
:10F22000104601F086FA07F56873A3F567731B684B
:10F2300003F19C0407F54F730FCB84E80F0007F52B
:10F240006873A3F567731B68CC3307F55A7207CA56
:10F2500083E8070007F56873A3F567731B68D83365
:10F2600007F5577207CA83E8070007F56873A3F527
:10F2700067731B6893ED247A07F56873A3F56773CA
:10F280001B68D3ED337A37EE677A07F56873A3F519
:10F2900067731B68D3ED367A77EE677A07F5687384
:10F2A000A3F53573C3ED007A07F56873A3F56773AB
:10F2B0001B6893ED257A07F56873A3F567731B68E0
:10F2C000D3ED347A37EE677A07F56873A3F5677381
:10F2D0001B68D3ED377A77EE677A07F56873A3F585
:10F2E0003573C3ED017A07F56873A3F567731B687F
:10F2F00093ED267A07F56873A3F567731B68D3ED62
:10F30000357A37EE677A07F56873A3F567731B687C
:10F31000D3ED387A77EE677A07F56873A3F535731E
:10F32000C3ED027A07F1A803184601F02DF907F1A1
:10F330008403184601F0FFF807F16003184601F056
:10F3400023F907F13C03184601F0F5F807F5687357
:10F35000A3F567731B68D3F8302207F56873A3F52C
:10F3600059731A6007F56873A3F567731B68D3F8C0
:10F37000302207F56873A3F559731A6107F56873AE
:10F38000A3F567731B68D3F8302207F56873A3F5FC
:10F3900059731A6207F1840407F1A80207F1CC013E
:10F3A00007F56873A3F5677007F13C03019307F154
:10F3B000600300932346006800F0C1F80346002B69
:10F3C00001D00423B6E007F1A803184601F0B3F812
:10F3D00007F16003184601F0AEF80023C7F89C332C
:10F3E0009AE007F56873A3F56772D7F89C335B0161
:10F3F0004833126813440833C7F8983307F5687325
:10F40000A3F567731B689C3307F118021146184671
:10F4100001F029FFD7F8981307F10C0207F1180340
:10F42000184601F0C1F9D7F8983393ED037A07F540
:10F430006873A3F56573D3ED007A77EE677A07F505
:10F440006873A3F53573C3ED007AD7F8983393ED5D
:10F45000047A07F56873A3F56573D3ED017A77EE47
:10F46000677A07F56873A3F53573C3ED017AD7F8AA
:10F47000983393ED057A07F56873A3F56573D3EDBB
:10F48000027A77EE677A07F56873A3F53573C3EDF3
:10F49000027A07F1840207F10C031146184601F0C5
:10F4A00085FC07F13C03184601F045F8D7F898337E
:10F4B000DA6907F56873A3F559731A60D7F89833BA
:10F4C000DA6907F56873A3F559731A61D7F89833A9
:10F4D000DA6907F56873A3F559731A6207F18404B2
:10F4E00007F1A80207F1CC0107F56873A3F567706F
:10F4F00007F13C03019307F1600300932346006882
:10F5000000F01DF80346002B01D0042312E0D7F8C9
:10F510009C330133C7F89C3307F56873A3F5677311
:10F520001B6893F84C301A46D7F89C339342FFF48B
:10F5300058AF0023184607F56877BD46B0BD90B5B3
:10F54000ADF5197D00AF07F51874A4F515742060AA
:10F5500007F51870A0F51670016007F51871A1F590
:10F5600017710A6007F51872A2F51872136007F593
:10F570000F7207F51873A3F517731146186801F099
:10F58000D8F807F5067207F51873A3F51873114636
:10F59000186801F0CEF807F5FA731946D7F870022B
:10F5A00001F0C7F807F51873A3F515731B6803F18D
:10F5B000E40107F1440207F51873A3F517731868FF
:10F5C00001F05BF907F51873A3F515731B6803F5D4
:10F5D000A87107F5E87207F51873A3F51873186892
:10F5E00001F04BF907F5E87207F5E87107F14403FC
:10F5F000184600F0E0FF07F51873A3F515731B68B4
:10F6000003F5DE7307F144021946D7F8700201F0E2
:10F6100034F907F5E87207F1440107F5E873184675
:10F6200000F0C9FF07F51873A3F515731B6803F500
:10F63000847107F1440207F51873A3F5177318686E
:10F6400001F01BF907F51873A3F515731B6803F593
:10F65000BA7107F5D67207F51873A3F51873186811
:10F6600001F00BF907F5D67207F5D67107F14403DF
:10F67000184600F0A0FF07F51873A3F515731B6873
:10F6800003F5F07307F144021946D7F8700201F050
:10F69000F4F807F5D67207F1440107F5D67318465A
:10F6A00000F089FF07F51873A3F515731B6803F5C0
:10F6B000967107F1440207F51873A3F517731868DC
:10F6C00001F0DBF807F51873A3F515731B6803F554
:10F6D000CC7107F5C47207F51873A3F51873186891
:10F6E00001F0CBF807F5C47207F5C47107F14403C4
:10F6F000184600F060FF07F51873A3F515731B6833
:10F7000003F5017307F144021946D7F8700201F0BE
:10F71000B4F807F5C47207F1440107F5C47318463D
:10F7200000F049FF07F1F80207F50F7107F5E873DC
:10F73000184601F0A2F807F1440207F5067107F533
:10F74000D673184601F099F807F1F80207F1440161
:10F7500007F1F803184600F02EFF07F1440207F501
:10F76000FA7107F5C473184601F087F807F1F8023B
:10F7700007F1440107F1F803184600F01CFF07F1F8
:10F78000F80207F1F803D7F87412184600F013FFD7
:10F7900007F1D40207F1F8031146184601F041FBC6
:10F7A0000346002B01D0042326E207F5B27207F5C9
:10F7B000E8731146184600F0BCFF07F5A07207F584
:10F7C000D6731146184600F0B4FF07F58E7207F5A0
:10F7D000C4731146184600F0ACFF07F1B00207F100
:10F7E000D40107F5B273184601F047F807F18C020F
:10F7F00007F1D40107F5A073184601F03EF807F1B0
:10F80000680207F1D40107F58E73184601F035F848
:10F8100007F1380207F51873A3F5167307F1B00066
:10F82000196800F0C1FF07F12C0207F51873A3F562
:10F83000167307F18C00196800F0B6FF07F120027B
:10F8400007F51873A3F5167307F16800196800F03F
:10F85000ABFF07F51873A3F515731B6893ED337AA7
:10F8600007F51873A3F50A73D3ED007A77EE277ABC
:10F8700007F51873A3F515731B68C3ED337A07F505
:10F880001873A3F515731B6893ED347A07F5187395
:10F89000A3F50A73D3ED017A77EE277A07F518738B
:10F8A000A3F515731B68C3ED347A07F51873A3F538
:10F8B00015731B6893ED357A07F51873A3F50A7372
:10F8C000D3ED027A77EE277A07F51873A3F515734F
:10F8D0001B68C3ED357A07F51873A3F515731B681C
:10F8E00093ED367A07F51873A3F51073D3ED007A0C
:10F8F00077EE277A07F51873A3F515731B68C3ED28
:10F90000367A07F51873A3F515731B6893ED377AEC
:10F9100007F51873A3F51073D3ED017A77EE277A04
:10F9200007F51873A3F515731B68C3ED377A07F550
:10F930001873A3F515731B6893ED387A07F51873E0
:10F94000A3F51073D3ED027A77EE277A07F51873D3
:10F95000A3F515731B68C3ED387A07F51873A3F583
:10F9600014734FF07E521A6007F51873A3F50D73E8
:10F97000D3ED007ABEEE007A67EE877A07F518734A
:10F98000A3F51473C3ED017A07F51873A3F50D738E
:10F99000D3ED017ABEEE007A67EE877A07F5187329
:10F9A000A3F51473C3ED027A07F51873A3F50D736D
:10F9B000D3ED027ABEEE007A67EE877A07F5187308
:10F9C000A3F51473C3ED037A07F51873A3F5157344
:10F9D0001B6803F19C0107F51873A3F515731B68E9
:10F9E00003F19C0207F11003184601F0F0FA07F545
:10F9F0001873A3F515731B689C33184601F08BFA36
:10FA000007F1440207F5E87107F1B003184600F06A
:10FA100034FF07F51873A3F515731B6803F1E400B1
:10FA200007F51873A3F515731B6803F1E40207F1DA
:10FA30004403194600F001FE07F1440207F5D671B0
:10FA400007F1B003184600F018FF07F51873A3F587
:10FA500015731B6803F5847007F51873A3F5157308
:10FA60001B6803F5847207F14403194600F0E5FDB5
:10FA700007F1440207F5C47107F1B003184600F01E
:10FA8000FCFE07F51873A3F515731B6803F5967054
:10FA900007F51873A3F515731B6803F5967207F144
:10FAA0004403194600F0C9FD07F1440207F5D67179
:10FAB00007F18C03184600F0E0FE07F51873A3F574
:10FAC00015731B6803F5BA7007F51873A3F5157362
:10FAD0001B6803F5BA7207F14403194600F0ADFD47
:10FAE00007F1440207F5C47107F18C03184600F0D2
:10FAF000C4FE07F51873A3F515731B6803F5CC70E6
:10FB000007F51873A3F515731B6803F5CC7207F19D
:10FB10004403194600F091FD07F1440207F5C47152
:10FB200007F16803184600F0A8FE07F51873A3F55F
:10FB300015731B6803F5017007F51873A3F51573AA
:10FB40001B6803F5017207F14403194600F075FDC7
:10FB500007F51873A3F515731B6803F5847207F591
:10FB60001873A3F515731B6803F5A873194610469F
:10FB700000F0DFFD07F51873A3F515731B6803F597
:10FB8000967207F51873A3F515731B6803F5DE73FA
:10FB90001946104600F0CDFD07F51873A3F515734F
:10FBA0001B6803F5CC7207F51873A3F515731B6872
:10FBB00003F5F0731946104600F0BBFD07F5187306
:10FBC000A3F515731B68E433184601F0A9F807F58F
:10FBD0001873A3F515731B6803F5BA73184601F083
:10FBE0009FF807F51873A3F515731B6803F50173E8
:10FBF000184601F095F80023184607F51977BD4619
:10FC000090BD80B5BCB000AF78607A6807F1E403BE
:10FC1000503207CA83E807007A6807F1C0035C32F4
:10FC200007CA83E8070007F1E403184600F041FC27
:10FC300007F1C003184600F03CFC7B6803F150005C
:10FC40007B68703307F1D802194600F0D2FB7B685D
:10FC500003F15C007B687C3307F1B402194600F0C5
:10FC6000C8FB07F1D803184600F023FC07F1B403E2
:10FC7000184600F01EFC07F1CC0207F1D80107F18D
:10FC8000E403184600F0B5FB07F1A80207F1B40140
:10FC900007F1C003184600F0ACFB07F1CC0318468F
:10FCA00000F007FC07F1A803184600F002FCD7F8A3
:10FCB000E430C7F88430D7F8E830C7F89030D7F888
:10FCC000EC30C7F89C30D7F8D830C7F88830D7F870
:10FCD000DC30C7F89430D7F8E030C7F8A030D7F858
:10FCE000CC30C7F88C30D7F8D030C7F89830D7F878
:10FCF000D430C7F8A430D7F8C0303B66D7F8C4304A
:10FD0000FB66D7F8C830BB67D7F8B4307B66D7F846
:10FD1000B8303B67D7F8BC30FB67D7F8A830BB6674
:10FD2000D7F8AC307B67D7F8B030C7F8803007F130
:10FD30003C0207F184031146184600F0FAFC07F173
:10FD4000180207F13C0107F16003184600F095FD29
:10FD500007F1080207F118031146184601F011FCDB
:10FD60007B6803F1BC0207F108031146184601F055
:10FD70007EFB7B68BC33D7ED027A97ED037AD7ED33
:10FD8000046A97ED056AF0EE461AB0EE661AF0EED8
:10FD9000470AB0EE670A184601F085F800231846B6
:10FDA000F037BD4680BD000080B52DED028BDEB082
:10FDB00000AF07F5BC73A3F5BA73186007F5847339
:10FDC000184600F0B8FB07F14803184600F07BFA2C
:10FDD0000023C7F870317CE007F5BC73A3F5BA7255
:10FDE000D7F870315B0148331268134403F10800FF
:10FDF00007F5BC73A3F5BA72D7F870315B015033C5
:10FE0000126813440C3307F15402194600F0E0FE67
:10FE100007F5BC73A3F5BA731A68D7F870310333CA
:10FE20005B0113440833D3ED007A07F1540207F164
:10FE300054031146B0EE670A184600F040FC07F57F
:10FE4000847207F1540107F58473184600F0B3FB80
:10FE500007F5BC73A3F5BA72D7F870315B0148336C
:10FE60001268134403F1080007F5BC73A3F5BA72D6
:10FE7000D7F870315B015033126813440C3307F12B
:10FE80003C02194600F0B5FA07F5BC73A3F5BA7346
:10FE90001A68D7F8703103335B0113440833D3ED8C
:10FEA000007A07F13C0207F13C031146B0EE670A05
:10FEB000184600F04BFA07F1480207F13C0107F140
:10FEC0004803184600F015FAD7F870310133C7F827
:10FED000703107F5BC73A3F5BA731B6893F84C3007
:10FEE0001A46D7F870319342FFF476AF07F5847362
:10FEF000184600F031FD87ED5A0A07F1C00207F5F8
:10FF000084731146184600F014FC07F1E40207F16F
:10FF1000C00107F58473184600F04DFB07F1E403B8
:10FF2000184600F031FD87ED590A07F1780207F114
:10FF3000E4031146184600F07BFD07F178031846EC
:10FF400000F00AFD87ED580AD7ED5A7A27EEA77A16
:10FF5000D7ED587A77EE677AC7ED577AD7ED5A7AA8
:10FF600027EEA78A07F1480207F148031146184611
:10FF700000F017FAF0EE407A78EE277AC7ED567A5D
:10FF800007F1300207F1480107F1E403184600F0D9
:10FF90000BFC07F1300207F148031146184600F048
:10FFA00000FAB0EE407AD7ED597A77EE877AC7ED4E
:10FFB000557A07F1240207F1300107F1E4031846EE
:10FFC00000F0F2FB07F1240207F14803114618463E
:10FFD00000F0E7F987ED540A97ED577AD7ED567A96
:10FFE00077EE277AF1EE677AC7ED537AD7ED557A37
:10FFF000F1EE677AC7ED527A97ED577AD7ED567AD8
:020000040801F1
:1000000027EE277AD7ED556AD7ED5A7A66EEA77AAA
:1000100037EE277AD7ED547A77EE677AC7ED517AC3
:100020004FF07E53C7F874310023C7F86C3172E08B
:10003000D7ED5D7A67EEA77AC7ED507A97ED507AE3
:10004000D7ED5D7A67EE277AC7ED4F7AD7ED507A14
:1000500067EEA77AC7ED4E7A97ED537AD7ED507ACF
:1000600027EE277AD7ED4E7A37EE277AD7ED526A08
:10007000D7ED5D7A66EEA77A77EE277A97ED517A1B
:1000800077EE277AC7ED4D7AD7ED4F7AB1EE007A49
:1000900027EE877AD7ED537A77EEA76AD7ED5D7AA8
:1000A00066EEA77A77EE277A97ED527A77EE277A7F
:1000B000C7ED4C7AD7ED4D6A97ED4C7AC6EE877A4C
:1000C00097ED5D7A77EE677AC7ED4B7A97ED4B7ACD
:1000D000D7ED5D7A77EE677AF0EEE77A9FED6D7A8D
:1000E000F4EEC77AF1EE10FA04D5D7F82C31C7F840
:1000F000743115E0D7F82C31C7F87431D7F86C316A
:1001000040F2F312934201D10223BBE0D7F86C31E5
:100110000133C7F86C31D7F86C31B3F5FA7F87DB60
:1001200097ED5D7AD7ED5A7A37EE277AD7ED397A9F
:1001300077EE677AC7ED277AD7ED3A7AF1EE677AEC
:10014000C7ED287AD7ED3B7AF1EE677AC7ED297AC9
:10015000D7ED3C7AF1EE677AC7ED2A7A97ED5D7AB2
:10016000D7ED5A7A37EE277AD7ED3D7A77EE677A70
:10017000C7ED2B7AD7ED3E7AF1EE677AC7ED2C7A90
:10018000D7ED3F7AF1EE677AC7ED2D7AD7ED407A59
:10019000F1EE677AC7ED2E7A97ED5D7AD7ED5A7A50
:1001A00037EE277AD7ED417A77EE677AC7ED2F7A67
:1001B00007F1180207F1480107F19C03184600F007
:1001C00076FD0346002B01D0FF235BE007F5BC73EF
:1001D000A3F5B073D3ED007A07F5BC73A3F5B07344
:1001E00093ED017A07F5BC73A3F5B073D3ED026A02
:1001F00007F10803F0EE661AB0EE471AF0EE670A50
:10020000B7EE000A184600F04EFE07F10803184644
:1002100000F081FE07F5BC73A3F5BA731B6803F108
:10022000AC0207F108031146184601F020F907F562
:10023000BC73A3F5BA731B6803F1AC0207F5BC737A
:10024000A3F5B873D3ED007A07F5BC73A3F5B873C3
:1002500093ED017A07F5BC73A3F5B873D3ED026A89
:1002600007F5BC73A3F5B87393ED036AF0EE461A75
:10027000B0EE661AF0EE470AB0EE670A104600F0DC
:1002800012FE0023184607F5BC77BD46BDEC028B75
:1002900080BD00BF77CC2B3280B483B000AF7860D4
:1002A00039603B681A687B681A603B685A687B68EB
:1002B0005A603B689A687B689A6000BF0C37BD46FD
:1002C0005DF8047B704780B483B000AF78607B68D2
:1002D0004FF000021A607B684FF000025A607B68A2
:1002E0004FF000029A6000BF0C37BD465DF8047BFA
:1002F000704780B485B000AFF860B9607A60FB6881
:1003000093ED007ABB68D3ED007A77EE277A7B68AD
:10031000C3ED007AFB6893ED017ABB68D3ED017AF7
:1003200077EE277A7B68C3ED017AFB6893ED027A5A
:10033000BB68D3ED027A77EE277A7B68C3ED027A49
:1003400000BF1437BD465DF8047B704780B485B0AC
:1003500000AFF86087ED020A7960FB6893ED007AE0
:10036000D7ED027A67EE277A7B68C3ED007AFB68E7
:1003700093ED017AD7ED027A67EE277A7B68C3EDB9
:10038000017AFB6893ED027AD7ED027A67EE277A5D
:100390007B68C3ED027A00BF1437BD465DF8047B6D
:1003A000704780B483B000AF786039607B6893EDAC
:1003B000007A3B68D3ED007A27EE277A7B68D3ED8D
:1003C000016A3B68D3ED017A66EEA77A37EE277AA9
:1003D0007B68D3ED026A3B68D3ED027A66EEA77ABA
:1003E00077EE277AB0EE670A0C37BD465DF8047BDE
:1003F000704780B485B000AFF860B9607A60FB6880
:1004000093ED017ABB68D3ED027A27EE277AFB6879
:10041000D3ED026ABB68D3ED017A66EEA77A77EE78
:10042000677A7B68C3ED007AFB6893ED027ABB685C
:10043000D3ED007A27EE277AFB68D3ED006ABB681C
:10044000D3ED027A66EEA77A77EE677A7B68C3ED22
:10045000017AFB6893ED007ABB68D3ED017A27EE51
:10046000277AFB68D3ED016ABB68D3ED007A66EEAC
:10047000A77A77EE677A7B68C3ED027A00BF1437FC
:10048000BD465DF8047B704780B582B000AF7860F0
:1004900079687868FFF785FFF0EE407AB0EE670A7A
:1004A00013F014FBF0EE407AB0EE670A0837BD4651
:1004B00080BD80B584B000AF78607868FFF7E4FF56
:1004C00087ED030A7B68D3ED006A97ED037AC6EEE9
:1004D000877A7B68C3ED007A7B68D3ED016A97ED7C
:1004E000037AC6EE877A7B68C3ED017A7B68D3ED29
:1004F000026A97ED037AC6EE877A7B68C3ED027ACB
:1005000000BF1037BD4680BD80B483B000AF7860B7
:1005100039607B681A683B681A607B685A683B6878
:100520005A607B689A683B689A6000BF0C37BD468A
:100530005DF8047B704780B485B000AF786000231D
:10054000FB6017E00023BB600EE07968FA68134691
:100550005B001344BA6813449B000B444FF0000245
:100560001A60BB680133BB60BB68022BEDDDFB6822
:100570000133FB60FB68022BE4DD00BF00BF1437D2
:10058000BD465DF8047B704780B582B000AF7860EF
:100590007868FFF7D0FF7B684FF07E521A607B6867
:1005A0004FF07E521A617B684FF07E521A6200BF94
:1005B0000837BD4680BD80B487B000AFF860B96031
:1005C0007A6000237B612EE000233B6125E0F9681F
:1005D0007A6913465B0013443A6913449B000B4449
:1005E00093ED007AB9687A6913465B0013443A695F
:1005F00013449B000B44D3ED007A77EE277A796899
:100600007A6913465B0013443A6913449B000B4418
:10061000C3ED007A3B6901333B613B69022BD6DDB8
:100620007B6901337B617B69022BCDDD00BF00BF9D
:100630001C37BD465DF8047B704780B487B000AFBF
:10064000F860B9607A6000237B612EE000233B6193
:1006500025E0F9687A6913465B0013443A6913444C
:100660009B000B4493ED007AB9687A6913465B00EE
:1006700013443A6913449B000B44D3ED007A77EEA0
:10068000677A79687A6913465B0013443A691344C0
:100690009B000B44C3ED007A3B6901333B613B692E
:1006A000022BD6DD7B6901337B617B69022BCDDDBB
:1006B00000BF00BF1C37BD465DF8047B704780B4A7
:1006C00087B000AFF86087ED020A796000237B6194
:1006D00025E000233B611CE0F9687A6913465B0062
:1006E00013443A6913449B000B4493ED007AD7ED11
:1006F000027A67EE277A79687A6913465B001344B9
:100700003A6913449B000B44C3ED007A3B69013303
:100710003B613B69022BDFDD7B6901337B617B69D8
:10072000022BD6DD00BF00BF1C37BD465DF8047B41
:100730007047B0B48FB000AF7860396000237B633E
:1007400020E000233B6317E079683A6B13465B00B7
:1007500013447A6B13449B000B4419687A6B13465D
:100760005B0013443A6B13449B0038333B442C3BEF
:1007700019603B6B01333B633B6B022BE4DD7B6B0E
:1007800001337B637B6B022BDBDD3B681D4607F18E
:100790000C040FCC0FC50FCC0FC523682B6000BF16
:1007A0003C37BD46B0BC704780B485B000AFF86040
:1007B000B9607A60FB6893ED007ABB68D3ED007A8C
:1007C00027EE277AFB68D3ED016ABB68D3ED017A87
:1007D00066EEA77A37EE277AFB68D3ED026ABB682C
:1007E000D3ED027A66EEA77A77EE277A7B68C3EDBF
:1007F000007AFB6893ED037ABB68D3ED007A27EEAD
:10080000277AFB68D3ED046ABB68D3ED017A66EE04
:10081000A77A37EE277AFB68D3ED056ABB68D3ED7C
:10082000027A66EEA77A77EE277A7B68C3ED017AC3
:10083000FB6893ED067ABB68D3ED007A27EE277A42
:10084000FB68D3ED076ABB68D3ED017A66EEA77A41
:1008500037EE277AFB68D3ED086ABB68D3ED027ADE
:1008600066EEA77A77EE277A7B68C3ED027A00BF3F
:100870001437BD465DF8047B7047B0B491B000AF4B
:10088000F860B9607A600023FB6353E00023BB6328
:100890004AE0FA6B13465B001344BA6B13449B00A7
:1008A00040333B44303B4FF000021A6000237B632F
:1008B00034E0FA6B13465B001344BA6B13449B009D
:1008C00040333B44303B93ED007AF968FA6B1346B2
:1008D0005B0013447A6B13449B000B44D3ED006A16
:1008E000B9687A6B13465B001344BA6B13449B00E0
:1008F0000B44D3ED007A66EEA77A77EE277AFA6B8F
:1009000013465B001344BA6B13449B0040333B44D3
:10091000303BC3ED007A7B6B01337B637B6B022B37
:10092000C7DDBB6B0133BB63BB6B022BB1DDFB6B64
:100930000133FB63FB6B022BA8DD7B681D4607F1CF
:1009400010040FCC0FC50FCC0FC523682B6000BF60
:100950004437BD46B0BC704780B483B000AF786008
:100960007B6893ED007A7B68D3ED047A37EE277AC3
:100970007B68D3ED087A77EE277AB0EE670A0C37FA
:10098000BD465DF8047B704780B483B000AF7860EB
:100990007B6893ED007A7B68D3ED046A7B68D3EDC6
:1009A000087A66EEA76A7B6893ED056A7B68D3EDEB
:1009B000077A66EE277A76EEE77A27EE277A7B6863
:1009C000D3ED016A7B6893ED036A7B68D3ED087A07
:1009D00026EE276A7B68D3ED055A7B68D3ED067A4D
:1009E00065EEA77A76EE677A66EEA77A37EE677AD3
:1009F0007B68D3ED026A7B6893ED036A7B68D3ED75
:100A0000077A26EE276A7B68D3ED045A7B68D3ED1C
:100A1000067A65EEA77A76EE677A66EEA77A77EEC3
:100A2000277AB0EE670A0C37BD465DF8047B704745
:100A300080B483B000AF786039607B6893ED047A4E
:100A40007B68D3ED087A27EE277A7B68D3ED056AB9
:100A50007B68D3ED077A66EEA77A77EE677A3B6814
:100A6000C3ED007A7B68D3ED017AB1EE677A7B68DB
:100A7000D3ED087A27EE277A7B68D3ED026A7B688C
:100A8000D3ED077A66EEA77A77EE277A3B68C3ED57
:100A9000017A7B6893ED017A7B68D3ED057A27EEC6
:100AA000277A7B68D3ED026A7B68D3ED047A66EE21
:100AB000A77A77EE677A3B68C3ED027A7B68D3ED5D
:100AC000037AB1EE677A7B68D3ED087A27EE277A4E
:100AD0007B68D3ED056A7B68D3ED067A66EEA77A6C
:100AE00077EE277A3B68C3ED037A7B6893ED007A53
:100AF0007B68D3ED087A27EE277A7B68D3ED026A0C
:100B00007B68D3ED067A66EEA77A77EE677A3B6864
:100B1000C3ED047A7B68D3ED007AB1EE677A7B6827
:100B2000D3ED057A27EE277A7B68D3ED026A7B68DE
:100B3000D3ED037A66EEA77A77EE277A3B68C3EDAA
:100B4000057A7B6893ED037A7B68D3ED077A27EE0D
:100B5000277A7B68D3ED046A7B68D3ED067A66EE6C
:100B6000A77A77EE677A3B68C3ED067A7B68D3EDA8
:100B7000007AB1EE677A7B68D3ED077A27EE277AA1
:100B80007B68D3ED016A7B68D3ED067A66EEA77ABF
:100B900077EE277A3B68C3ED077A7B6893ED007A9E
:100BA0007B68D3ED047A27EE277A7B68D3ED016A60
:100BB0007B68D3ED037A66EEA77A77EE677A3B68B7
:100BC000C3ED087A00BF0C37BD465DF8047B704763
:100BD00080B485B000AFF860B9607A60FB6893EDCF
:100BE000007ABB68D3ED007A67EE277A7B68C3EDA5
:100BF000007AFB6893ED007ABB68D3ED017A67EE6B
:100C0000277A7B68C3ED017AFB6893ED007ABB68B5
:100C1000D3ED027A67EE277A7B68C3ED027AFB6830
:100C200093ED017ABB68D3ED007A67EE277A7B6893
:100C3000C3ED037AFB6893ED017ABB68D3ED017ACB
:100C400067EE277A7B68C3ED047AFB6893ED017A3F
:100C5000BB68D3ED027A67EE277A7B68C3ED057A2D
:100C6000FB6893ED027ABB68D3ED007A67EE277AD2
:100C70007B68C3ED067AFB6893ED027ABB68D3ED1F
:100C8000017A67EE277A7B68C3ED077AFB6893EDFC
:100C9000027ABB68D3ED027A67EE277A7B68C3EDF0
:100CA000087A00BF1437BD465DF8047B704780B5F5
:100CB00092B000AFF860B9607A60F868FFF764FE40
:100CC00087ED110A07F120031946F868FFF7B0FE17
:100CD00007F1140207F12003B9681846FFF764FD15
:100CE000D7ED056A97ED117AC6EE877A7B68C3ED7A
:100CF000007AD7ED066A97ED117AC6EE877A7B689F
:100D0000C3ED017AD7ED076A97ED117AC6EE877ABF
:100D10007B68C3ED027A002318464837BD4680BD84
:100D200080B487B000AF78607B6893ED017A7B6810
:100D3000D3ED037A77EE277AB6EE007A67EE877AFC
:100D4000C7ED057A7B6893ED027A7B68D3ED067A6E
:100D500077EE277AB6EE007A67EE877AC7ED047AE7
:100D60007B6893ED057A7B68D3ED077A77EE277A77
:100D7000B6EE007A67EE877AC7ED037A7B687A6908
:100D80005A607B687A69DA607B683A699A607B6846
:100D90003A699A617B68FA685A617B68FA68DA6135
:100DA00000BF1C37BD465DF8047B704780B483B03C
:100DB00000AF786039603B684FF000021A607B68D2
:100DC000D3ED027AF1EE677A3B68C3ED017A7B6876
:100DD0005A683B689A607B689A683B68DA603B684F
:100DE0004FF000021A617B68D3ED007AF1EE677A6A
:100DF0003B68C3ED057A7B68D3ED017AF1EE677A43
:100E00003B68C3ED067A7B681A683B68DA613B6829
:100E10004FF000021A6200BF0C37BD465DF8047B3C
:100E2000704780B58EB000AF786039607868FFF7A2
:100E3000ABFD87ED0B0A07F1080319467868FFF749
:100E4000F7FD00237B6326E000233B631DE07A6B04
:100E500013465B0013443A6B13449B0038333B4406
:100E6000303BD3ED006A97ED0B7AC6EE877A39688E
:100E70007A6B13465B0013443A6B13449B000B449C
:100E8000C3ED007A3B6B01333B633B6B022BDEDD32
:100E90007B6B01337B637B6B022BD5DD0023184614
:100EA0003837BD4680BD80B487B000AF786187ED2C
:100EB000040AC7ED030A87ED021AC7ED011A7B6920
:100EC0003A691A607B69FA685A607B69BA689A6005
:100ED0007B697A68DA6000BF1C37BD465DF8047B29
:100EE000704780B483B000AF78607B684FF0000239
:100EF0001A607B684FF000025A607B684FF0000276
:100F00009A607B684FF00002DA6000BF0C37BD4684
:100F10005DF8047B704780B584B000AF78607B6873
:100F200093ED007A7B68D3ED007A27EE277A7B6811
:100F3000D3ED016A7B68D3ED017A66EEA77A37EECE
:100F4000277A7B68D3ED026A7B68D3ED027A66EE7E
:100F5000A77A37EE277A7B68D3ED036A7B68D3EDF7
:100F6000037A66EEA77A77EE277AB0EE670A12F078
:100F7000ADFD87ED030A7B68D3ED006A97ED037A38
:100F8000C6EE877A7B68C3ED007A7B68D3ED016A91
:100F900097ED037AC6EE877A7B68C3ED017A7B68AA
:100FA000D3ED026A97ED037AC6EE877A7B68C3EDCC
:100FB000027A7B68D3ED036A97ED037AC6EE877AEF
:100FC0007B68C3ED037A00BF1037BD4680BD90B487
:100FD00088B000AFF860B9607A60FB6893ED007A82
:100FE000BB68D3ED007A27EE277AFB68D3ED016A60
:100FF000BB68D3ED017A66EEA77A37EE677AFB68B5
:10100000D3ED026ABB68D3ED027A66EEA77A37EEBB
:10101000677AFB68D3ED036ABB68D3ED037A66EEAB
:10102000A77A77EE677AC7ED047AFB6893ED007ACA
:10103000BB68D3ED017A27EE277AFB68D3ED016A0E
:10104000BB68D3ED007A66EEA77A37EE277AFB68A5
:10105000D3ED026ABB68D3ED037A66EEA77A37EE6A
:10106000277AFB68D3ED036ABB68D3ED027A66EE9C
:10107000A77A77EE677AC7ED057AFB6893ED007A79
:10108000BB68D3ED027A27EE277AFB68D3ED016ABD
:10109000BB68D3ED037A66EEA77A37EE677AFB6812
:1010A000D3ED026ABB68D3ED007A66EEA77A37EE1D
:1010B000277AFB68D3ED036ABB68D3ED017A66EE4D
:1010C000A77A77EE277AC7ED067AFB6893ED007A68
:1010D000BB68D3ED037A27EE277AFB68D3ED016A6C
:1010E000BB68D3ED027A66EEA77A37EE277AFB6803
:1010F000D3ED026ABB68D3ED017A66EEA77A37EECC
:10110000677AFB68D3ED036ABB68D3ED007A66EEBD
:10111000A77A77EE277AC7ED077A7B681C4607F136
:1011200010030FCB84E80F0000BF2037BD4690BCF2
:10113000704780B485B000AFF860B9607A60FB6832
:1011400093ED017ABB68D3ED007A27EE277AFB682E
:10115000D3ED026ABB68D3ED017A66EEA77A37EE6B
:10116000277AFB68D3ED036ABB68D3ED027A66EE9B
:10117000A77A77EE277ABEEE007A67EE877A7B68E9
:10118000C3ED007AFB6893ED007ABB68D3ED007A7B
:1011900027EE277AFB68D3ED036ABB68D3ED017AAB
:1011A00066EEA77A37EE277AFB68D3ED026ABB6852
:1011B000D3ED027A66EEA77A77EE677AB6EE007A1A
:1011C00067EE877A7B68C3ED017AFB68D3ED037A1B
:1011D000B1EE677ABB68D3ED007A27EE277AFB6819
:1011E000D3ED006ABB68D3ED017A66EEA77A37EEDD
:1011F000277AFB68D3ED016ABB68D3ED027A66EE0D
:10120000A77A77EE277AB6EE007A67EE877A7B6860
:10121000C3ED027AFB6893ED027ABB68D3ED007AE6
:1012200027EE277AFB68D3ED016ABB68D3ED017A1C
:1012300066EEA77A37EE677AFB68D3ED006ABB6883
:10124000D3ED027A66EEA77A77EE277AB6EE007AC9
:1012500067EE877A7B68C3ED037A00BF1437BD461B
:101260005DF8047B704780B588B000AF7860396066
:101270007B6893ED007A7B68D3ED007A27EE277ABE
:101280007B68D3ED016A7B68D3ED017A66EEA77ABD
:1012900037EE277A7B68D3ED026A7B68D3ED027A5A
:1012A00066EEA77A37EE277A7B68D3ED036A7B6810
:1012B000D3ED037A66EEA77A77EE277AB0EE670A67
:1012C00012F004FC87ED070A7B68D3ED006A97ED06
:1012D000077AC6EE877AC7ED067A7B68D3ED016A96
:1012E00097ED077AC6EE877AC7ED057A7B68D3ED6E
:1012F000026A97ED077AC6EE877AC7ED047A7B68B3
:10130000D3ED036A97ED077AC6EE877AC7ED037AC5
:10131000D7ED047A27EEA77AD7ED037A67EEA77A9E
:1013200077EE277A77EEA77AB7EE007A77EE677ACC
:101330003B68C3ED007A97ED057AD7ED047A27EE86
:10134000277AD7ED066AD7ED037A66EEA77A77EEAD
:10135000677A77EEA77A3B68C3ED017A97ED057A55
:10136000D7ED037A27EE277AD7ED066AD7ED047A10
:1013700066EEA77A77EE277A77EEA77A3B68C3ED19
:10138000027A97ED057AD7ED047A27EE277AD7ED22
:10139000066AD7ED037A66EEA77A77EE277A77EEBC
:1013A000A77A3B68C3ED037AD7ED057A27EEA77AD3
:1013B000D7ED037A67EEA77A77EE277A77EEA77AEA
:1013C000B7EE007A77EE677A3B68C3ED047A97ED63
:1013D000047AD7ED037A27EE277AD7ED066AD7EDA0
:1013E000057A66EEA77A77EE677A77EEA77A3B689A
:1013F000C3ED057A97ED057AD7ED037A27EE277AC4
:10140000D7ED066AD7ED047A66EEA77A77EE677AAB
:1014100077EEA77A3B68C3ED067A97ED047AD7EDAD
:10142000037A27EE277AD7ED066AD7ED057A66EEBE
:10143000A77A77EE277A77EEA77A3B68C3ED077A2B
:10144000D7ED057A27EEA77AD7ED047A67EEA77A6B
:1014500077EE277A77EEA77AB7EE007A77EE677A9B
:101460003B68C3ED087A00BF2037BD4680BD80B41D
:1014700085B000AF786039607B6893ED007A3B6897
:10148000D3ED007A27EE277A7B68D3ED016A3B68BB
:10149000D3ED017A66EEA77A37EE277A7B68D3ED33
:1014A000026A3B68D3ED027A66EEA77A37EE277AB6
:1014B0007B68D3ED036A3B68D3ED037A66EEA77AC7
:1014C00077EE277AC7ED037AD7ED037AF5EE407A07
:1014D000F1EE10FA29D17B68D3ED007AF5EEC07AEF
:1014E000F1EE10FA00D447E07B68D3ED007AF1EE1C
:1014F000677A7B68C3ED007A7B68D3ED017AF1EE01
:10150000677A7B68C3ED017A7B68D3ED027AF1EEEE
:10151000677A7B68C3ED027A7B68D3ED037AF1EEDC
:10152000677A7B68C3ED037A26E0D7ED037AF5EEA0
:10153000C07AF1EE10FA1FD57B68D3ED007AF1EE98
:10154000677A7B68C3ED007A7B68D3ED017AF1EEB0
:10155000677A7B68C3ED017A7B68D3ED027AF1EE9E
:10156000677A7B68C3ED027A7B68D3ED037AF1EE8C
:10157000677A7B68C3ED037A1437BD465DF8047B58
:10158000704780B590B000AF786039607B681B68A9
:10159000FB627B685B68BB627B689B687B627B6885
:1015A000DB683B627B681B69FB617B685B69BB61D5
:1015B0007B689B697B617B68DB693B617B681B6A3D
:1015C000FB60D7ED0B7AB7EE007A37EE877AD7ED6E
:1015D000077A77EE277A97ED037A77EE277AC7EDC9
:1015E0000F7AD7ED0B7AB7EE007A37EE877AD7ED20
:1015F000077A37EE677AD7ED037A77EE677AC7ED29
:101600000E7AB7EE007AD7ED0B7A37EE677AD7ED20
:10161000077A37EE277AD7ED037A77EE677AC7ED48
:101620000D7AB7EE007AD7ED0B7A37EE677AD7ED01
:10163000077A77EE677A97ED037A77EE277AC7ED28
:101640000C7AD7ED0F7AF5EEC07AF1EE10FA02D5EA
:101650004FF00003FB63D7ED0E7AF5EEC07AF1EEA2
:1016600010FA02D54FF00003BB63D7ED0D7AF5EE0B
:10167000C07AF1EE10FA02D54FF000037B63D7ED8C
:101680000C7AF5EEC07AF1EE10FA02D54FF00003B5
:101690003B6397ED0F0A12F019FAF0EE407AB6EEBE
:1016A000007A67EE877A3B68C3ED007A97ED0E0A01
:1016B00012F00CFAF0EE407AB6EE007A67EE877A16
:1016C0003B68C3ED017A97ED047AD7ED067A77EEA1
:1016D000677AF5EEC07AF1EE10FA07D53B68D3EDE4
:1016E000017AF1EE677A3B68C3ED017A97ED0D0A56
:1016F00012F0ECF9F0EE407AB6EE007A67EE877AF7
:101700003B68C3ED027A97ED097AD7ED057A77EE5B
:10171000677AF5EEC07AF1EE10FA07D53B68D3EDA3
:10172000027AF1EE677A3B68C3ED027A97ED0C0A14
:1017300012F0CCF9F0EE407AB6EE007A67EE877AD6
:101740003B68C3ED037A97ED087AD7ED0A7A77EE16
:10175000677AF5EEC07AF1EE10FA07D53B68D3ED63
:10176000037AF1EE677A3B68C3ED037A3868FFF7D6
:10177000D2FB00BF4037BD4680BD80B483B000AF10
:10178000786039607B681A683B681A607B685A68C1
:101790003B685A607B689A683B689A607B68DA6845
:1017A0003B68DA6000BF0C37BD465DF8047B7047CC
:1017B0002DE9B04388B000AFF860B9607A603B6053
:1017C000BB68022B05DCFB68013BFB60BB680C338C
:1017D000BB60F868EEF7B6FE4FF000027C4BEFF707
:1017E00045F802460B4643EC172BB0EE470AF0EEE5
:1017F000670A12F009FB53EC102B10461946EFF75D
:1018000003FA0346FB61B0EE007AD7ED077A77EE74
:10181000677A17EE900AEEF7A7FE04460D46F869C0
:10182000EEF7A2FE4FF000026A4BEFF71FF80246F8
:101830000B4643EC172BB0EE470AF0EE670A12F0A6
:10184000E3FA53EC102B20462946EEF72FFD024613
:101850000B4610461946EFF7D7F90346BB61FB6804
:1018600003F593530C331846EEF76CFE50A3D3E9FF
:101870000023EEF7D1FE02460B4643EC172BB0EEE9
:10188000470AF0EE670A12F0BFFA55EC104BBB683E
:1018900001331846EEF756FE47A3D3E90023EEF7CF
:1018A000BBFE02460B4643EC172BB0EE470AF0EEA8
:1018B000670A12F0A9FA53EC102B20462946EEF7DE
:1018C000F5FC02460B4614461D467868EEF73AFED4
:1018D00002460B4620462946EEF7E8FC02460B4638
:1018E00014461D46B869EEF73FFE02460B462046F9
:1018F0002946EEF7DBFC02460B461046194630A39C
:10190000D3E90023EEF7D0FC02460B4610461946F9
:10191000EFF77AF903467B617869EEF725FE044616
:101920000D463868EEF70EFE80468946B86BEEF736
:1019300009FE4FF00002284BEEF798FF02460B46D7
:1019400040464946EEF7B2FC02460B4690469946A1
:10195000F86BEEF7F7FD1CA3D3E90023EEF786FF43
:1019600002460B4640464946EEF7A0FC02460B46AF
:10197000104619464FF00002184BEEF777FF02466B
:101980000B4620462946EEF791FC02460B461046D0
:101990001946EFF739F903467B617B6907EE903A08
:1019A000B0EE670A2037BD46BDE8B083AFF30080D4
:1019B0000000000000D4764061545227A0993E40B8
:1019C0000000000000D29740000000000020AC4062
:1019D000000059400000104000004E400000384018
:1019E000B0B52DED028BA4B000AF87ED010A786889
:1019F000EEF7BAFD0FF29443D3E90023EEF754FC5F
:101A000002460B46104619460FF28843D3E90023DD
:101A1000EEF72CFF02460B4610461946EFF7F4F896
:101A20000346C7F88030D7F88000EEF79DFD0FF22F
:101A30006C43D3E90023EEF7EFFD02460B46104658
:101A400019460FF26043D3E90023EEF72FFC02465C
:101A50000B4643EC172B4FF4B470B0EE470AF0EE90
:101A6000670A00F0FFFC53EC102B10461946EFF705
:101A7000CBF80346FB67D7F88000EEF775FD0FF251
:101A80002C43D3E90023EEF7C7FD02460B46104670
:101A900019460FF22043D3E90023EEF707FC024674
:101AA0000B4643EC172B4FF4B470B0EE470AF0EE40
:101AB000670A00F0D7FC53EC102B10461946EFF7DD
:101AC000A3F80346BB67F86FEEF74EFD04460D46DC
:101AD000B86FEEF749FDDEA3D3E90023EEF79CFDD6
:101AE00002460B46104619464FF00002E64BEEF751
:101AF000BDFE02460B4643EC172BB0EE470AF0EE54
:101B0000670A11F041FF51EC100BCFA3D3E900237A
:101B1000EEF782FD02460B4620462946EEF7C6FB4D
:101B200002460B4614461D46D7ED1E7A77EEA77A7D
:101B300017EE900AEEF718FDC5A3D3E90023EEF7E0
:101B40006BFD02460B46104619464FF00002CE4B85
:101B5000EEF78CFE02460B4643EC172BB0EE470A1D
:101B6000F0EE670A11F010FF51EC100BBAA3D3E9A5
:101B70000023EEF751FD02460B4620462946EEF7BC
:101B800095FB02460B4643EC172B4FF4B470B0EEB6
:101B9000470AF0EE670A00F065FC53EC102B104684
:101BA0001946EFF731F803467B67D7F88000EEF768
:101BB000DBFCABA3D3E90023EEF72EFD02460B4678
:101BC000A9A1D1E90001EEF76FFB02460B461046D2
:101BD0001946EFF719F803463B67B86FEEF7C4FCF8
:101BE0009BA3D3E90023EEF717FD02460B461046F0
:101BF00019464FF00002A44BEEF738FE02460B46A2
:101C000043EC172BB0EE470AF0EE670A11F068FEBE
:101C100051EC100B96A3D3E90023EEF7FDFC02462E
:101C20000B4695A1D1E90001EEF73EFB02460B46BB
:101C300014461D46D7ED1E7A77EEA77A17EE900A66
:101C4000EEF792FC82A3D3E90023EEF7E5FC02460F
:101C50000B46104619464FF000028B4BEEF706FE7E
:101C600002460B4643EC172BB0EE470AF0EE670A2C
:101C700011F036FE51EC100B81A3D3E90023EEF7EF
:101C8000CBFC02460B4620462946EEF70DFB0246EA
:101C90000B4610461946EEF7B7FF0346FB66F86E93
:101CA000EEF762FC04460D46786FEEF75DFC68A324
:101CB000D3E90023EEF7B0FC02460B461046194666
:101CC0004FF00002704BEEF7D1FD02460B4643EC9D
:101CD000172BB0EE470AF0EE670A11F001FE53EC45
:101CE000102B20462946EEF797FC02460B4610467D
:101CF0001946EEF789FF03467B64F86EEEF734FC75
:101D000004460D46386FEEF72FFC51A3D3E90023AC
:101D1000EEF782FC02460B46104619464FF00002D1
:101D2000594BEEF7A3FD02460B4643EC172BB0EEE2
:101D3000470AF0EE670A11F0D3FD53EC102B204652
:101D40002946EEF769FC02460B4614461D46786F9D
:101D5000EEF70AFC3EA3D3E90023EEF75DFC024652
:101D60000B46104619464FF00002474BEEF77EFD3A
:101D700002460B4643EC172BB0EE470AF0EE670A1B
:101D800011F002FE53EC102B20462946EEF744FCDE
:101D900002460B4610461946EEF736FF0346BB6473
:101DA000F86EEEF7E1FB04460D46386FEEF7DCFB0C
:101DB00027A3D3E90023EEF72FFC02460B4610467B
:101DC00019464FF00002304BEEF750FD02460B462D
:101DD00043EC172BB0EE470AF0EE670A11F0D4FD82
:101DE00053EC102B20462946EEF716FC02460B4614
:101DF00014461D46786FEEF7B7FB15A3D3E9002311
:101E0000EEF70AFC02460B46104619464FF0000258
:101E10001D4BEEF72BFD02460B4643EC172BB0EEA5
:101E2000470AF0EE670A11F0AFFD53EC102B204685
:101E30002946EEF7F1FB02460B4610461946EEF72F
:101E4000E3FE0346FB643BE06F153B4F79A2FE3F88
:101E5000182D4454FB21094086EB1EC77979943F25
:101E6000B465AF2DF2A18A3F596DFE5F75703740A2
:101E700015394E4E101C913F14103F719300F03FE6
:101E8000A5203861D44B223F0080664000000080CE
:101E90002CB4424100000000A0D5E140273108AC3D
:101EA0001894E1408FC2F5285C877140B6A1629C0E
:101EB000E193E1403460353B77587640EBAA0E4D14
:101EC0000023C7F88C3018E0D7F88C309B00903393
:101ED0003B444C3BD3ED007A1FED087A67EE877ADE
:101EE000D7F88C309B0090333B44583BC3ED007ACD
:101EF000D7F88C300133C7F88C30D7F88C30022BF0
:101F0000E2DDD7F88000EEF72FFB0FF20853D3E99C
:101F10000023EEF781FB02460B4614461D460220C5
:101F200097ED200A00F0BAFA51EC100B0FF2EC43D7
:101F3000D3E90023EEF770FB02460B462046294604
:101F4000EEF7B4F902460B4614461D46032097ED02
:101F5000200A00F0A3FA51EC100B0FF2C843D3E9AA
:101F60000023EEF759FB02460B4620462946EEF7C2
:101F70009DF902460B4610461946EEF745FE03460C
:101F8000BB66D7F88000EEF7EFFA0FF2A043D3E973
:101F90000023EEF741FB02460B4614461D46022085
:101FA00097ED200A00F07AFA51EC100B0FF28443FF
:101FB000D3E90023EEF730FB02460B4620462946C4
:101FC000EEF772F902460B4614461D46032097EDC4
:101FD000200A00F063FA51EC100B0FF26043D3E9D2
:101FE0000023EEF719FB02460B4620462946EEF782
:101FF0005BF902460B4610461946EEF705FE03460E
:102000007B66D7F88000EEF7AFFA0FF20843D3E90A
:102010000023EEF701FB02460B4614461D46022044
:1020200097ED200A00F03AFA51EC100B0FF214432E
:10203000D3E90023EEF7F0FA02460B462046294684
:10204000EEF734F902460B4614461D46032097ED81
:10205000200A00F023FA51EC100BFCA3D3E9002373
:10206000EEF7DAFA02460B4620462946EEF71EF94D
:1020700002460B4610461946EEF7C6FD03463B6680
:10208000B86EEEF771FAF3A3D3E90023EEF7C4FAC2
:1020900002460B4610461946F0A3D3E90023EEF79B
:1020A000E5FB02460B4610461946EEF7ADFD03462A
:1020B000FB65786EEEF758FAE6A3D3E90023EEF756
:1020C000ABFA02460B4610461946E4A3D3E90023B7
:1020D000EEF7CCFB02460B4610461946EEF794FD90
:1020E0000346BB65386EEEF73FFADAA3D3E9002367
:1020F000EEF792FA02460B4610461946D7A3D3E9EB
:102100000023EEF7B3FB02460B4610461946EEF7E6
:102110007BFD03467B6597ED160AF8F779FEB0EE76
:10212000408A97ED150AF8F773FEF0EE407A28EE34
:10213000278A97ED170AF8F76BFEF0EE407A28EE43
:10214000278A97ED150AF8F787FEF0EE408A97ED9B
:10215000170AF8F781FEF0EE407A68EEA77A78EE7B
:10216000677AC7ED057A97ED150AF8F775FEB0EEB8
:10217000408A97ED160AF8F74BFEF0EE407A28EE0B
:10218000278A97ED170AF8F743FEF0EE407A28EE1B
:10219000278A97ED170AF8F75FFEF0EE408A97ED71
:1021A000150AF8F735FEF0EE407A68EEA77A78EE79
:1021B000277AC7ED067A97ED160AF8F74DFEB0EECE
:1021C000408A97ED170AF8F723FEF0EE407A68EEA2
:1021D000277AC7ED077A97ED170AF8F73DFEF0EE7C
:1021E000407AB1EE678A97ED160AF8F711FEF0EE25
:1021F000407A28EE278A97ED150AF8F709FEF0EEE7
:10220000407A28EE278A97ED150AF8F725FEF0EEBA
:10221000408A97ED170AF8F7FBFDF0EE407A68EE7A
:10222000A77A78EE677AC7ED087A97ED150AF8F77E
:1022300013FEF0EE407AB1EE678A97ED170AF8F7D1
:102240000BFEF0EE407A28EE278A97ED160AF8F793
:10225000DFFDF0EE407A28EE278A97ED150AF8F7B1
:10226000D7FDF0EE408A97ED170AF8F7D1FDF0EEB2
:10227000407A68EEA77A78EE277AC7ED097A97ED6B
:10228000160AF8F7E9FDF0EE407AB1EE678A97EDAD
:10229000170AF8F7E1FDF0EE407A68EE277AC7ED0D
:1022A0000A7A97ED160AF8F7D7FDF0EE407AB1EE0C
:1022B000678A97ED150AF8F7ABFDF0EE407A68EE05
:1022C000277AC7ED0B7A97ED160AF8F7C5FDF0EE01
:1022D000407AB1EE678A97ED150AF8F7BDFDF0EE8A
:1022E000407A68EE277AC7ED0C7A97ED160AF8F770
:1022F0008FFDF0EE407AC7ED0D7A0023C7F88830E5
:1023000044E0D7F888309B0090333B44883B4FF043
:1023100000021A600023C7F884302EE0D7F8883016
:102320009B0090333B44883B93ED007AD7F888209C
:1023300013465B001344D7F8842013449B0090336A
:102340003B447C3BD3ED006AD7F884309B0090334C
:102350003B44583BD3ED007A66EEA77A77EE277AB6
:10236000D7F888309B0090333B44883BC3ED007A1C
:10237000D7F884300133C7F88430D7F88430022B83
:10238000CCDDD7F888300133C7F88830D7F88830EB
:10239000022BB6DD97ED027AD7ED027A27EE277A87
:1023A000D7ED036AD7ED037A66EEA77A37EE277A80
:1023B000D7ED046AD7ED047A66EEA77A77EE277A2E
:1023C000B0EE670AF8F758FD87ED140AD7ED026AF8
:1023D00097ED147AC6EE877A0D4BC3ED007AD7EDF0
:1023E000036A97ED147AC6EE877A094BC3ED017A3A
:1023F000D7ED046A97ED147AC6EE877A044BC3EDE5
:10240000027A00BF9037BD46BDEC028BB0BD00BF65
:102410001C2A0020849ECDAA6F04A2403541D47DA1
:102420000052D33F8CD99255116E923F4ED1915CA0
:102430003E519F4058A835CD3B4EDB3FBF81C98DF3
:10244000226BA53F4F5DF92CCF83F13F49A0C1A678
:10245000CEA3923F182D4454FB21094000000000F8
:1024600080C6234180B584B000AF87ED020B786051
:102470007868EEF767F802460B4643EC112B97EDB0
:10248000020B11F063F9B0EE407AF0EE607AB0EE34
:10249000470AF0EE670A1037BD4680BDB0B582B07E
:1024A00000AF87ED010A38607868EEF75DF8044602
:1024B0000D463868EEF746F802460B4643EC112B02
:1024C00045EC104B11F070F9B0EE407AF0EE607A06
:1024D000B0EE470AF0EE670A0837BD46B0BD00000F
:1024E00080B584B000AF87ED010AD7ED017AF5EE33
:1024F000C07AF1EE10FA19DBD7ED017A9FED367A4A
:10250000F4EEC77AF1EE10FA10D87868EEF72CF8EE
:102510002FA3D3E90023EEF77FF802460B461046BF
:102520001946EEF771FB0346FB6049E0D7ED017AEF
:10253000F5EEC07AF1EE10FA20D507E0D7ED017A7A
:102540009FED257A77EE877AC7ED017AD7ED017A8C
:10255000F5EEC07AF1EE10FAF0D47868EEF704F8F0
:102560001BA3D3E90023EEF757F802460B461046AB
:102570001946EEF749FB0346FB6021E007E0D7ED83
:10258000017A9FED157A77EEC77AC7ED017AD7ED1C
:10259000017A9FED117AF4EEC77AF1EE10FAEEDCD3
:1025A0007868EDF7E1FF0AA3D3E90023EEF734F8EA
:1025B00002460B4610461946EEF726FB0346FB6023
:1025C000FB6807EE903AB0EE670A1037BD4680BD53
:1025D000399D52A246DF913F0000B44380B500AF61
:1025E0000E4B1B680D4A43F4007313600B4B1B68C2
:1025F0000A4A43F480631360084B1B68074A43F49C
:1026000080731360032000F0F0F80F20F0F734FA25
:10261000EFF7ACFD0023184680BD00BF003C024030
:1026200080B400AF064B1B781A46064B1B68134458
:10263000044A136000BFBD465DF8047B704700BFCD
:10264000A8020020282A002080B485B000AF78605E
:102650007B6803F00703FB600C4BDB68BB60BA6868
:102660004FF6FF031340BB60FB681A02BB681343BD
:1026700043F0BF6343F40033BB60044ABB68D360DC
:1026800000BF1437BD465DF8047B704700ED00E0E5
:1026900080B400AF044BDB681B0A03F00703184645
:1026A000BD465DF8047B704700ED00E080B483B068
:1026B00000AF0346FB7197F90730002B0BDBFB796A
:1026C00003F01F02074997F907305B09012000FA60
:1026D00002F241F8232000BF0C37BD465DF8047BB1
:1026E000704700BF00E100E080B483B000AF034654
:1026F000FB7197F90730002B12DBFB7903F01F0207
:102700000A4997F907305B09012000FA02F22033E9
:1027100041F82320BFF34F8F00BFBFF36F8F00BF7F
:1027200000BF0C37BD465DF8047B704700E100E058
:1027300080B483B000AF03463960FB7197F907306E
:10274000002B0ADB3B68DAB20C4997F9073012011B
:10275000D2B20B4483F800230AE03B68DAB208499E
:10276000FB7903F00F03043B1201D2B20B441A763B
:1027700000BF0C37BD465DF8047B704700E100E008
:1027800000ED00E080B489B000AFF860B9607A6015
:10279000FB6803F00703FB61FB69C3F10703042B2C
:1027A00028BF0423BB61FB690433062B02D9FB69F4
:1027B000033B00E000237B614FF0FF32BB6902FA6C
:1027C00003F3DA43BB681A407B699A404FF0FF314C
:1027D0007B6901FA03F3D9437B680B401343184626
:1027E0002437BD465DF8047B704780B582B000AFEA
:1027F00078607868FFF728FF00BF0837BD4680BDC6
:1028000080B586B000AF0346B9607A60FB730023E1
:102810007B61FFF73DFF78617A68B9687869FFF7F7
:10282000B1FF024697F90F3011461846FFF780FFB7
:1028300000BF1837BD4680BD80B582B000AF0346EB
:10284000FB7197F907301846FFF730FF00BF0837D4
:10285000BD4680BD80B582B000AF0346FB7197F9DD
:1028600007301846FFF740FF00BF0837BD4680BD60
:1028700080B582B000AF78607B68002B01D1012366
:102880000EE07B685B79DBB2002B05D17B68002210
:102890001A717868EFF792FC7B6801225A71002365
:1028A00018460837BD4680BD80B487B000AFF860D9
:1028B000B9607A6000233B61FB6802225A71FB68B1
:1028C0001B689A68FB681B6842F001029A6000234B
:1028D0007B610AE07B699B00BA681A44FB681B684D
:1028E00012681A607B6901337B617A697B689A425E
:1028F000F0D3FB681B681B683B61FB6801225A71BF
:102900003B6918461C37BD465DF8047B70470000E4
:1029100080B586B000AF786000237B61EFF7EEF9F9
:1029200038617B68002B01D1012399E07B6802228A
:1029300083F835207B68002283F834207B681B688D
:102940001A687B681B6822F001021A600FE0EFF73B
:10295000D5F902463B69D31A052B08D97B6820229A
:102960005A657B68032283F83520032378E07B686F
:102970001B681B6803F00103002BE8D17B681B6810
:102980001B687B617A69384B13407B617B685A68AE
:102990007B689B681A437B68DB681A437B681B690A
:1029A0001A437B685B691A437B689B691A437B689F
:1029B000DB691A437B681B6A13437A6913437B61A3
:1029C0007B685B6A042B07D17B68DA6A7B681B6BC8
:1029D00013437A6913437B617B681B687A691A60C9
:1029E0007B681B685B697B617B6923F007037B6104
:1029F0007B685B6A7A6913437B617B685B6A042B43
:102A000017D17B689B6A7A6913437B617B68DB6AB9
:102A1000002B0ED0786800F05FFB0346002B08D037
:102A20007B6840225A657B68012283F835200123A8
:102A300016E07B681B687A695A61786800F016FBBB
:102A40000346FB607B68DB6D3F229A40FB689A601F
:102A50007B6800225A657B68012283F835200023B9
:102A600018461837BD4680BD3F8010F080B584B051
:102A700000AF78607B68002B01D1012350E07B68B8
:102A800093F83530DBB2022B01D1022348E07B689A
:102A90001B681A687B681B6822F001021A607B6859
:102AA0001B6800221A607B681B6800225A607B68E2
:102AB0001B6800229A607B681B680022DA607B68D2
:102AC0001B6800221A617B681B6821225A617868A2
:102AD00000F0CCFA0346FB607B680022DA637B6877
:102AE00000221A647B6800225A647B6800229A6480
:102AF0007B680022DA647B6800221A657B68DB6DE4
:102B00003F229A40FB689A607B6800225A657B6886
:102B1000002283F835207B68002283F834200023CC
:102B200018461037BD4680BD80B586B000AFF8604E
:102B3000B9607A603B600023FB75FB689B6D3B616D
:102B4000FB6893F83430012B01D1022340E0FB688D
:102B5000012283F83420FB6893F83530DBB2012B77
:102B60002FD1FB68022283F83520FB6800225A65CA
:102B70003B687A68B968F86800F04AFAFB68DB6D70
:102B80003F229A403B699A60FB681B681A68FB68A1
:102B90001B6842F016021A60FB681B6C002B07D002
:102BA000FB681B681A68FB681B6842F008021A6021
:102BB000FB681B681A68FB681B6842F001021A6018
:102BC00005E0FB68002283F834200223FB75FB7DBF
:102BD00018461837BD4680BD80B584B000AF786018
:102BE0007B689B6DFB60EFF789F8B8607B6893F8B2
:102BF0003530DBB2022B08D07B6880225A657B68B7
:102C0000002283F83420012352E07B681B681A6895
:102C10007B681B6822F016021A607B681B685A6981
:102C20007B681B6822F080025A617B681B6C002B5A
:102C300003D17B689B6C002B07D07B681B681A68EC
:102C40007B681B6822F008021A607B681B681A68A0
:102C50007B681B6822F001021A6013E0EFF74EF860
:102C60000246BB68D31A052B0CD97B6820225A6513
:102C70007B68032283F835207B68002283F83420A8
:102C8000032315E07B681B681B6803F00103002B1E
:102C9000E4D17B68DB6D3F229A40FB689A607B68D9
:102CA000012283F835207B68002283F8342000233A
:102CB00018461037BD4680BD80B483B000AF786041
:102CC0007B6893F83530DBB2022B04D07B6880221E
:102CD0005A6501230CE07B68052283F835207B6868
:102CE0001B681A687B681B6822F001021A600023C7
:102CF00018460C37BD465DF8047B704780B586B03A
:102D000000AF78600023BB608E4B1B688E4AA2FB2D
:102D100003239B0A7B617B689B6D3B613B691B685E
:102D2000FB607B68DB6D08229A40FB681340002B38
:102D30001AD07B681B681B6803F00403002B13D0B8
:102D40007B681B681A687B681B6822F004021A60A3
:102D50007B68DB6D08229A403B699A607B685B6DFB
:102D600043F001027B685A657B68DB6D01229A4063
:102D7000FB681340002B12D07B681B685B6903F073
:102D80008003002B0BD07B68DB6D01229A403B69EE
:102D90009A607B685B6D43F002027B685A657B68D2
:102DA000DB6D04229A40FB681340002B12D07B6835
:102DB0001B681B6803F00203002B0BD07B68DB6DE4
:102DC00004229A403B699A607B685B6D43F0040281
:102DD0007B685A657B68DB6D10229A40FB68134064
:102DE000002B43D07B681B681B6803F00803002B93
:102DF0003CD07B68DB6D10229A403B699A607B680F
:102E00001B681B6803F48023002B18D07B681B68A9
:102E10001B6803F40023002B08D17B681B6C002B7C
:102E200024D07B681B6C786898471FE07B689B6C9C
:102E3000002B1BD07B689B6C7868984716E07B68FA
:102E40001B681B6803F48073002B07D17B681B6829
:102E50001A687B681B6822F008021A607B681B6C8A
:102E6000002B03D07B681B6C786898477B68DB6D10
:102E700020229A40FB681340002B00F08F807B6873
:102E80001B681B6803F01003002B00F087807B6831
:102E9000DB6D20229A403B699A607B6893F835305D
:102EA000DBB2052B36D17B681B681A687B681B6810
:102EB00022F016021A607B681B685A697B681B68DF
:102EC00022F080025A617B681B6C002B03D17B6867
:102ED0009B6C002B07D07B681B681A687B681B689B
:102EE00022F008021A607B68DB6D3F229A403B6942
:102EF0009A607B68012283F835207B68002283F882
:102F000034207B681B6D002B7ED07B681B6D78683E
:102F1000984779E07B681B681B6803F48023002BCB
:102F20001DD07B681B681B6803F40023002B0DD1A8
:102F30007B685B6C002B31D07B685B6C7868984752
:102F40002CE000BF38020020B5814E1B7B68DB6B94
:102F5000002B23D07B68DB6B786898471EE07B688A
:102F60001B681B6803F48073002B0FD17B681B6800
:102F70001A687B681B6822F010021A607B680122C5
:102F800083F835207B68002283F834207B68DB6B74
:102F9000002B03D07B68DB6B786898477B685B6DA0
:102FA000002B32D07B685B6D03F00103002B22D035
:102FB0007B68052283F835207B681B681A687B686C
:102FC0001B6822F001021A60BB680133BB607A699A
:102FD0009A4207D37B681B681B6803F00103002B30
:102FE000F2D100E000BF7B68012283F835207B68C6
:102FF000002283F834207B68DB6C002B05D07B68D3
:10300000DB6C7868984700E000BF1837BD4680BD8C
:1030100080B485B000AFF860B9607A603B60FB684F
:103020001B681A68FB681B6822F480221A60FB6820
:103030001B683A685A60FB689B68402B08D1FB68A4
:103040001B687A689A60FB681B68BA68DA6007E0F8
:10305000FB681B68BA689A60FB681B687A68DA606C
:1030600000BF1437BD465DF8047B704780B485B05F
:1030700000AF78607B681B68DBB2103B144AA2FB90
:1030800003231B09FB60134AFB6813441B781A4691
:103090007B68DA65FB68032B09D97B681B6823F41E
:1030A0007F7323F003031A1D7B689A6507E07B6832
:1030B0001B6823F47F7323F003037A6893657B68AE
:1030C0009B6D18461437BD465DF8047B704700BF02
:1030D000ABAAAAAA80BF020880B485B000AF78600E
:1030E0000023FB737B689B6ABB607B689B69002B3A
:1030F0001FD1BB68032B56D801A252F823F000BFA2
:10310000113101082331010811310108A7310108EB
:103110007B68DB6A03F08073002B46D00123FB73CE
:1031200043E07B68DB6AB3F1C07F40D10123FB73CE
:103130003DE07B689B69B3F5005F21D1BB68032B41
:1031400037D801A252F823F0593101085F31010844
:1031500059310108713101080123FB7330E07B68AC
:10316000DB6A03F08073002B25D00123FB7322E080
:103170007B68DB6AB3F1C07F1FD10123FB731CE0C6
:10318000BB68022B03D9BB68032B03D018E00123D3
:10319000FB7315E07B68DB6A03F08073002B0ED0B5
:1031A0000123FB730BE000BF0AE000BF08E000BF93
:1031B00006E000BF04E000BF02E000BF00E000BF87
:1031C000FB7B18461437BD465DF8047B704700BF93
:1031D00080B586B000AFF860B960C7E9002301236D
:1031E000FB75234B1B7E012B01D102233BE0204BBF
:1031F00001221A764CF2503000F070F80346FB754D
:10320000FB7D002B2BD1FB68002B05D13B781946A9
:10321000B86800F01BF916E0FB68012B05D13B886C
:103220001946B86800F0EEF80DE0FB68022B05D1F6
:103230003B681946B86800F0C3F804E0D7E90023FA
:10324000B86800F08BF84CF2503000F047F80346B5
:10325000FB75084B1B69074A23F001031361044BFC
:1032600000221A76FB7D18461837BD4680BD00BF88
:103270002C2A0020003C024080B483B000AF002321
:10328000FB710B4B1B69002B0BDA094B094A5A6087
:10329000074B094A5A60064B1B69002B01DA0123D0
:1032A000FB71FB7918460C37BD465DF8047B70470F
:1032B000003C024023016745AB89EFCD80B400AFED
:1032C000054B1B69044A43F0004313610023184671
:1032D000BD465DF8047B7047003C024080B584B079
:1032E00000AF78600023FB601A4B0022DA61EEF732
:1032F00005FDF86010E07B68B3F1FF3F0CD07B6800
:10330000002B07D0EEF7FAFC0246FB68D31A7A6866
:103310009A4201D2032319E00F4BDB6803F4803398
:10332000002BE8D10C4BDB6803F00103002B02D02B
:10333000094B0122DA60084BDB6803F0F203002B33
:1033400003D000F0A5F8012300E000231846103751
:10335000BD4680BD2C2A0020003C024080B485B0D0
:1033600000AFF860C7E90023144B1B69134A23F42C
:1033700040731361114B1B69104A43F4407313618E
:103380000E4B1B690D4A43F001031361FB683A6859
:103390001A60BFF36F8F00BFD7E900014FF0000242
:1033A0004FF000030A000023F968043113460B6054
:1033B00000BF1437BD465DF8047B7047003C0240F7
:1033C00080B483B000AF786039600D4B1B690C4A44
:1033D00023F4407313610A4B1B69094A43F40073D9
:1033E0001361074B1B69064A43F0010313617B68B5
:1033F0003A681A6000BF0C37BD465DF8047B704721
:10340000003C024080B483B000AF78600B467B8004
:103410000D4B1B690C4A23F4407313610A4B1B6963
:10342000094A43F480731361074B1B69064A43F052
:10343000010313617B687A881A8000BF0C37BD4690
:103440005DF8047B704700BF003C024080B483B04D
:1034500000AF78600B46FB700C4B1B690B4A23F4E2
:1034600040731361094B094A1B691361074B1B69C0
:10347000064A43F0010313617B68FA781A7000BFB3
:103480000C37BD465DF8047B704700BF003C02402E
:1034900080B400AF274BDB6803F01003002B08D08B
:1034A000254BDB6943F01003234AD361214B1022E3
:1034B000DA60204BDB6803F02003002B08D01E4BA2
:1034C000DB6943F008031C4AD3611A4B2022DA60FF
:1034D000184BDB6803F04003002B08D0164BDB6968
:1034E00043F00403144AD361124B4022DA60114BBB
:1034F000DB6803F08003002B08D00F4BDB6943F03F
:1035000002030D4AD3610B4B8022DA60094BDB6862
:1035100003F00203002B08D0074BDB6943F02003C4
:10352000054AD361034B0222DA6000BFBD465DF855
:10353000047B7047003C02402C2A002080B584B0F8
:1035400000AF786039600123FB730023BB60314B0F
:103550001B7E012B01D1022358E02E4B01221A764B
:103560004CF25030FFF7BAFE0346FB73FB7B002B97
:1035700048D13B684FF0FF321A607B681B68012B13
:1035800015D17B681B69DAB27B685B681946104607
:1035900000F044F84CF25030FFF7A0FE0346FB73F6
:1035A0001D4B1B691C4A23F00403136128E07B6850
:1035B0009B68BB601CE07B681B69DBB21946B8687E
:1035C00000F050F84CF25030FFF788FE0346FB73D2
:1035D000114B1B69104A23F0FA031361FB7B002B8C
:1035E00003D03B68BA681A600AE0BB680133BB606D
:1035F0007B68DA687B689B681344BA689A42DAD3BE
:1036000000F078F8034B00221A76FB7B184610373F
:10361000BD4680BD2C2A0020003C024080B483B00F
:1036200000AF03463960FB710D4B1B690C4A23F454
:10363000407313610A4B1B69094A43F00403136189
:10364000074B1A69FB791B021343054A43F4803385
:10365000136100BF0C37BD465DF8047B704700BFA7
:10366000003C024080B485B000AF78600B46FB7030
:103670000023FB60FB78002B02D10023FB6010E0ED
:10368000FB78012B03D14FF48073FB6009E0FB78DA
:10369000022B03D14FF40073FB6002E04FF4407340
:1036A000FB60134B1B69124A23F440731361104BE8
:1036B0001A690F49FB6813430B610D4B1B690C4AD8
:1036C00023F0F80313610A4B1A697B68DB0013438C
:1036D000074A43F002031361054B1B69044A43F494
:1036E0008033136100BF1437BD465DF8047B70471B
:1036F000003C024080B400AF204B1B6803F4007311
:10370000002B17D01D4B1B681C4A23F40073136059
:103710001A4B1B68194A43F400631360174B1B686C
:10372000164A23F400631360144B1B68134A43F4D6
:1037300000731360114B1B6803F48063002B17D0D8
:103740000E4B1B680D4A23F4806313600B4B1B6800
:103750000A4A43F480531360084B1B68074A23F45A
:1037600080531360054B1B68044A43F48063136065
:1037700000BFBD465DF8047B704700BF003C0240BF
:1037800080B489B000AF7860396000237B6100238A
:103790003B610023BB610023FB616BE10122FB69FC
:1037A00002FA03F37B613B681B687A6913403B6153
:1037B0003A697B699A4240F05A813B685B6803F042
:1037C0000303012B05D03B685B6803F00303022B66
:1037D00030D17B689B68BB61FB695B00032202FA06
:1037E00003F3DB43BA691340BB613B68DA68FB69EA
:1037F0005B0002FA03F3BA691343BB617B68BA69E1
:103800009A607B685B68BB610122FB6902FA03F383
:10381000DB43BA691340BB613B685B681B0903F07B
:103820000102FB6902FA03F3BA691343BB617B68C7
:10383000BA695A603B685B6803F00303032B17D037
:103840007B68DB68BB61FB695B00032202FA03F360
:10385000DB43BA691340BB613B689A68FB695B0054
:1038600002FA03F3BA691343BB617B68BA69DA6091
:103870003B685B6803F00303022B23D1FB69DA0882
:103880007B68083253F82230BB61FB6903F0070301
:103890009B000F2202FA03F3DB43BA691340BB61BA
:1038A0003B681A69FB6903F007039B0002FA03F304
:1038B000BA691343BB61FB69DA087B680832B969EE
:1038C00043F822107B681B68BB61FB695B00032225
:1038D00002FA03F3DB43BA691340BB613B685B68E0
:1038E00003F00302FB695B0002FA03F3BA691343B6
:1038F000BB617B68BA691A603B685B6803F440335C
:10390000002B00F0B4800023FB60604B5B6C5F4ACF
:1039100043F4804353645D4B5B6C03F48043FB6072
:10392000FB685B4AFB699B08023352F82330BB619A
:10393000FB6903F003039B000F2202FA03F3DB434E
:10394000BA691340BB617B68524A93422BD07B68B3
:10395000514A934225D07B68504A93421FD07B68DE
:103960004F4A934219D07B684E4A934213D07B68EA
:103970004D4A93420DD07B684C4A934207D07B68F6
:103980004B4A934201D107230EE008230CE00623A3
:103990000AE0052308E0042306E0032304E00223F1
:1039A00002E0012300E00023FA6902F00302920022
:1039B0009340BA691343BB613549FB699B080233E5
:1039C000BA6941F823203B4B9B68BB613B69DB43F1
:1039D000BA691340BB613B685B6803F48013002B3A
:1039E00003D0BA693B691343BB61324ABB69936038
:1039F000304BDB68BB613B69DB43BA691340BB6199
:103A00003B685B6803F40013002B03D0BA693B6981
:103A10001343BB61274ABB69D360264B5B68BB611C
:103A20003B69DB43BA691340BB613B685B6803F4E5
:103A30000033002B03D0BA693B691343BB611D4AB5
:103A4000BB6953601B4B1B68BB613B69DB43BA69B5
:103A50001340BB613B685B6803F48033002B03D0E9
:103A6000BA693B691343BB61124ABB691360FB69C6
:103A70000133FB61FB690F2B7FF690AE00BF00BFE7
:103A80002437BD465DF8047B704700BF0038024014
:103A900000380140000002400004024000080240DB
:103AA000000C0240001002400014024000180240C6
:103AB000001C0240003C014080B487B000AF786039
:103AC000396000233B610023FB600023BB600023BF
:103AD0007B61CDE001227B6902FA03F33B613A6826
:103AE0003B691340FB60FA683B699A4240F0BD8035
:103AF000654A7B699B08023352F82330BB607B69BF
:103B000003F003039B000F2202FA03F3BA68134089
:103B1000BB607B685D4A93422BD07B685C4A9342D2
:103B200025D07B685B4A93421FD07B685A4A9342F8
:103B300019D07B68594A934213D07B68584A934204
:103B40000DD07B68574A934207D07B68564A934210
:103B500001D107230EE008230CE006230AE0052329
:103B600008E0042306E0032304E0022302E001232B
:103B700000E000237A6902F0030292009340BA68E1
:103B80009A4232D1494B1A68FB68DB4347491340DC
:103B90000B60464B5A68FB68DB43444913404B605B
:103BA000424BDA68FB68DB4340491340CB603F4B34
:103BB0009A68FB68DB433D4913408B607B6903F0E7
:103BC00003039B000F2202FA03F3BB602E4A7B69BA
:103BD0009B08023352F82310BB68DA432A487B69FA
:103BE0009B080A40023340F823207B681A687B69EF
:103BF0005B00032101FA03F3DB431A407B681A6080
:103C00007B69DA087B68083253F822107B6903F07D
:103C100007039B000F2202FA03F3DB437A69D20801
:103C200019407B68083243F822107B68DA687B69A8
:103C30005B00032101FA03F3DB431A407B68DA607F
:103C40007B685A6801217B6901FA03F3DB431A4060
:103C50007B685A607B689A687B695B00032101FA84
:103C600003F3DB431A407B689A607B6901337B6115
:103C70007B690F2B7FF62EAF00BF00BF1C37BD4600
:103C80005DF8047B704700BF00380140000002402F
:103C90000004024000080240000C024000100240F4
:103CA0000014024000180240001C0240003C014089
:103CB00080B485B000AF78600B467B807B681A6962
:103CC0007B881340002B02D00123FB7301E000230B
:103CD000FB73FB7B18461437BD465DF8047B7047C9
:103CE00080B483B000AF78600B467B8013467B7056
:103CF0007B78002B03D07A887B689A6103E07B880D
:103D00001A047B689A6100BF0C37BD465DF8047BDE
:103D10007047000080B582B000AF0346FB80084BBF
:103D20005A69FB881340002B06D0054AFB88536173
:103D3000FB88184600F006F800BF0837BD4680BD76
:103D4000003C014080B483B000AF0346FB8000BF5D
:103D50000C37BD465DF8047B7047000080B584B029
:103D600000AF78607B68002B01D101232BE17B68D9
:103D700093F83D30DBB2002B06D17B68002283F83C
:103D80003C207868EEF73CFA7B68242283F83D20DB
:103D90007B681B681A687B681B6822F001021A6046
:103DA0007B681B681A687B681B6842F400421A60D3
:103DB0007B681B681A687B681B6822F400421A60E3
:103DC00002F0A0F8F8607B685B68814A934207D8EC
:103DD000FB68804A934294BF01230023DBB206E0D4
:103DE000FB687D4A934294BF01230023DBB2002B82
:103DF00001D00123E7E0FB68784AA2FB03239B0C78
:103E0000BB607B681B685B6823F03F017B681B68B5
:103E1000BA680A435A607B681B681B6A23F03F013B
:103E20007B685B686A4A934202D8BB68013309E049
:103E3000BB684FF4967202FB03F3694AA2FB0323AB
:103E40009B0901337A6812680B4313627B681B6815
:103E5000DB6923F44F4222F0FF027B685B685C4918
:103E60008B4219D8FB68591E7B685B685B00B1FB0D
:103E7000F3F3591C40F6FC730B40002B0AD0FB688F
:103E8000591E7B685B685B00B1FBF3F30133C3F33E
:103E90000B0351E004234FE07B689B68002B11D19A
:103EA000FB68581E7B6859680B465B000B44B0FBEF
:103EB000F3F30133C3F30B03002B0CBF01230023E7
:103EC000DBB212E0FB68581E7B6859680B469B000A
:103ED0000B4499000B44B0FBF3F30133C3F30B0322
:103EE000002B0CBF01230023DBB2002B01D00123E8
:103EF00022E07B689B68002B0ED1FB68581E7B6814
:103F000059680B465B000B44B0FBF3F30133C3F37A
:103F10000B0343F400430FE0FB68581E7B685968AD
:103F20000B469B000B4499000B44B0FBF3F30133A9
:103F3000C3F30B0343F44043796809681343CB612F
:103F40007B681B681B6823F0C0017B68DA697B68AB
:103F50001B6A1A437B681B680A431A607B681B68EC
:103F60009B6823F4034323F0FF037A6811697A689E
:103F7000D26811437A6812680B4393607B681B68B0
:103F8000DB6823F0FF017B685A697B689B691A43F1
:103F90007B681B680A43DA607B681B681A687B6869
:103FA0001B6842F001021A607B6800221A647B6879
:103FB000202283F83D207B6800221A637B68002260
:103FC00083F83E20002318461037BD4680BD00BF51
:103FD000A08601007F841E00FF083D0083DE1B4396
:103FE000D34D621080B588B002AFF8607A601A468F
:103FF0000B467B8113463B81EDF780FE7861FB68C1
:1040000093F83D30DBB2202B40F0E0807B690093D9
:10401000192301227049F86801F00EF90346002BBC
:1040200001D00223D3E0FB6893F83C30012B01D18F
:104030000223CCE0FB68012283F83C20FB681B686C
:104040001B6803F00103012B07D0FB681B681A688B
:10405000FB681B6842F001021A60FB681B681A6863
:10406000FB681B6822F400621A60FB68212283F857
:104070003D20FB68102283F83E20FB6800221A6472
:10408000FB687A685A62FB683A895A85FB685B8DDF
:104090009AB2FB681A85FB68504ADA6279897B69B3
:1040A0003A6AF86800F0FAFD0346002B01D00123BC
:1040B0008DE000233B61FB681B685B693B61FB682B
:1040C0001B689B693B613B6966E07A69396AF868FD
:1040D00001F0CCF90346002B0DD0FB681B6C042BC0
:1040E00007D1FB681B681A68FB681B6842F4007202
:1040F0001A6001236BE0FB685B6A1A78FB681B6837
:104100001A61FB685B6A5A1CFB685A62FB685B8D2C
:104110009BB2013B9AB2FB685A85FB681B8D013B41
:104120009AB2FB681A85FB681B685B6903F004039D
:10413000042B1BD1FB681B8D002B17D0FB685B6A1F
:104140001A78FB681B681A61FB685B6A5A1CFB687B
:104150005A62FB685B8D9BB2013B9AB2FB685A8541
:10416000FB681B8D013B9AB2FB681A857A69396A34
:10417000F86801F0C3F90346002B0DD0FB681B6CF7
:10418000042B07D1FB681B681A68FB681B6842F4A4
:1041900000721A6001231AE0FB681B8D002B94D17A
:1041A000FB681B681A68FB681B6842F400721A609F
:1041B000FB68202283F83D20FB68002283F83E2024
:1041C000FB68002283F83C20002300E0022318460D
:1041D0001837BD4680BD00BF020010000000FFFF81
:1041E00080B58CB002AFF8607A601A460B467B81CE
:1041F00013463B81EDF782FD7862FB6893F83D3012
:10420000DBB2202B40F017827B6A00931923012236
:104210007C49F86801F010F80346002B01D0022316
:104220000AE2FB6893F83C30012B01D1022303E240
:10423000FB68012283F83C20FB681B681B6803F0C5
:104240000103012B07D0FB681B681A68FB681B6819
:1042500042F001021A60FB681B681A68FB681B6861
:1042600022F400621A60FB68222283F83D20FB687A
:10427000102283F83E20FB6800221A64FB687A68EB
:104280005A62FB683A895A85FB685B8D9AB2FB6873
:104290001A85FB685C4ADA6279897B6A3A6BF8684E
:1042A00000F07EFD0346002B01D00123C4E1FB6832
:1042B0001B8D002B13D100233B62FB681B685B69DD
:1042C0003B62FB681B689B693B623B6AFB681B683F
:1042D0001A68FB681B6842F400721A6098E1FB6878
:1042E0001B8D012B1BD1FB681B681A68FB681B68C0
:1042F00022F480621A600023FB61FB681B685B6923
:10430000FB61FB681B689B69FB61FB69FB681B68C1
:104310001A68FB681B6842F400721A6078E1FB6857
:104320001B8D022B1BD1FB681B681A68FB681B687E
:1043300022F480621A60FB681B681A68FB681B68BD
:1043400042F400621A600023BB61FB681B685B6972
:10435000BB61FB681B689B69BB61BB6958E1FB687B
:104360001B681A68FB681B6842F480621A600023AD
:104370007B61FB681B685B697B61FB681B689B69F1
:104380007B617B6944E1FB681B8D032B00F2F180AC
:10439000FB681B8D012B23D17A6A396BF86801F019
:1043A000F5F80346002B01D0012345E1FB681B68AB
:1043B0001A69FB685B6AD2B21A70FB685B6A5A1CA6
:1043C000FB685A62FB681B8D013B9AB2FB681A8539
:1043D000FB685B8D9BB2013B9AB2FB685A8517E183
:1043E000FB681B8D022B4ED17B6A00933B6B002236
:1043F0000649F86800F020FF0346002B08D001238F
:104400001AE100BF020010000000FFFF04000100DD
:10441000FB681B681A68FB681B6842F400721A602C
:10442000FB681B681A69FB685B6AD2B21A70FB688A
:104430005B6A5A1CFB685A62FB681B8D013B9AB28F
:10444000FB681A85FB685B8D9BB2013B9AB2FB68E7
:104450005A85FB681B681A69FB685B6AD2B21A70DE
:10446000FB685B6A5A1CFB685A62FB681B8D013B48
:104470009AB2FB681A85FB685B8D9BB2013B9AB2CE
:10448000FB685A85C4E07B6A00933B6B00226C4951
:10449000F86800F0D1FE0346002B01D00123CBE0E9
:1044A000FB681B681A68FB681B6822F480621A604C
:1044B000FB681B681A69FB685B6AD2B21A70FB68FA
:1044C0005B6A5A1CFB685A62FB681B8D013B9AB2FF
:1044D000FB681A85FB685B8D9BB2013B9AB2FB6857
:1044E0005A857B6A00933B6B00225549F86800F0BF
:1044F000A3FE0346002B01D001239DE0FB681B684F
:104500001A68FB681B6842F400721A60FB681B683B
:104510001A69FB685B6AD2B21A70FB685B6A5A1C44
:10452000FB685A62FB681B8D013B9AB2FB681A85D7
:10453000FB685B8D9BB2013B9AB2FB685A85FB68B6
:104540001B681A69FB685B6AD2B21A70FB685B6A07
:104550005A1CFB685A62FB681B8D013B9AB2FB68D0
:104560001A85FB685B8D9BB2013B9AB2FB685A854A
:104570004EE07A6A396BF86801F008F80346002BC0
:1045800001D0012358E0FB681B681A69FB685B6A6D
:10459000D2B21A70FB685B6A5A1CFB685A62FB68ED
:1045A0001B8D013B9AB2FB681A85FB685B8D9BB241
:1045B000013B9AB2FB685A85FB681B685B6903F094
:1045C0000403042B24D1FB681B8D032B07D1FB684C
:1045D0001B681A68FB681B6822F480621A60FB681B
:1045E0001B681A69FB685B6AD2B21A70FB685B6A67
:1045F0005A1CFB685A62FB681B8D013B9AB2FB6830
:104600001A85FB685B8D9BB2013B9AB2FB685A85A9
:10461000FB681B8D002B7FF4B6AEFB68202283F86D
:104620003D20FB68002283F83E20FB68002283F8CF
:104630003C20002300E0022318462837BD4680BDF9
:104640000400010080B588B002AFF860084611464A
:104650001A4603467B810B463B811346FB80EDF7F0
:104660004DFB7861FB6893F83D30DBB2202B40F0C6
:10467000D9807B690093192301226D49F86800F005
:10468000DBFD0346002B01D00223CCE0FB6893F84E
:104690003C30012B01D10223C5E0FB68012283F8E5
:1046A0003C20FB681B681B6803F00103012B07D04B
:1046B000FB681B681A68FB681B6842F001021A60FD
:1046C000FB681B681A68FB681B6822F400621A60AA
:1046D000FB68212283F83D20FB68402283F83E20BE
:1046E000FB6800221A64FB683A6A5A62FB68BA8C5B
:1046F0005A85FB685B8D9AB2FB681A85FB684D4A48
:10470000DA62F8883A8979897B690193BB6A0093F8
:104710000346F86800F012FC0346002B52D0012338
:1047200081E07A69B96AF86800F0A0FE0346002BC0
:104730000DD0FB681B6C042B07D1FB681B681A6843
:10474000FB681B6842F400721A6001236BE0FB688F
:104750005B6A1A78FB681B681A61FB685B6A5A1C03
:10476000FB685A62FB681B8D013B9AB2FB681A8595
:10477000FB685B8D9BB2013B9AB2FB685A85FB6874
:104780001B685B6903F00403042B1BD1FB681B8DC2
:10479000002B17D0FB685B6A1A78FB681B681A61EC
:1047A000FB685B6A5A1CFB685A62FB681B8D013B05
:1047B0009AB2FB681A85FB685B8D9BB2013B9AB28B
:1047C000FB685A85FB681B8D002BAAD17A69B96AF0
:1047D000F86800F093FE0346002B0DD0FB681B6CBD
:1047E000042B07D1FB681B681A68FB681B6842F43E
:1047F00000721A60012316E0FB681B681A68FB68E8
:104800001B6842F400721A60FB68202283F83D2086
:10481000FB68002283F83E20FB68002283F83C20DE
:10482000002300E0022318461837BD4680BD00BFB4
:10483000020010000000FFFF80B58CB002AFF860EE
:10484000084611461A4603467B810B463B811346B8
:10485000FB80EDF753FA7862FB6893F83D30DBB2EA
:10486000202B40F014827B6A0093192301227B499C
:10487000F86800F0E1FC0346002B01D0022307E2B8
:10488000FB6893F83C30012B01D1022300E2FB6866
:10489000012283F83C20FB681B681B6803F00103BE
:1048A000012B07D0FB681B681A68FB681B6842F085
:1048B00001021A60FB681B681A68FB681B6822F417
:1048C00000621A60FB68222283F83D20FB684022C8
:1048D00083F83E20FB6800221A64FB683A6B5A6238
:1048E000FB68BA8E5A85FB685B8D9AB2FB681A85A5
:1048F000FB685B4ADA62F8883A8979897B6A0193B6
:10490000BB6B00930346F86800F0AEFB0346002B38
:1049100001D00123BCE1FB681B8D002B13D10023C8
:104920003B62FB681B685B693B62FB681B689B69B9
:104930003B623B6AFB681B681A68FB681B6842F4B1
:1049400000721A6090E1FB681B8D012B1BD1FB6884
:104950001B681A68FB681B6822F480621A600023D7
:10496000FB61FB681B685B69FB61FB681B689B69FB
:10497000FB61FB69FB681B681A68FB681B6842F4F3
:1049800000721A6070E1FB681B8D022B1BD1FB6863
:104990001B681A68FB681B6822F480621A60FB6857
:1049A0001B681A68FB681B6842F400621A600023E7
:1049B000BB61FB681B685B69BB61FB681B689B692B
:1049C000BB61BB6950E100237B61FB681B685B69CD
:1049D0007B61FB681B689B697B617B6944E1FB68C9
:1049E0001B8D032B00F2F180FB681B8D012B23D163
:1049F0007A6AB96BF86800F0C9FD0346002B01D054
:104A0000012345E1FB681B681A69FB685B6AD2B247
:104A10001A70FB685B6A5A1CFB685A62FB681B8D44
:104A2000013B9AB2FB681A85FB685B8D9BB2013B28
:104A30009AB2FB685A8517E1FB681B8D022B4ED199
:104A40007B6A0093BB6B00220649F86800F0F4FB18
:104A50000346002B08D001231AE100BF020010001A
:104A60000000FFFF04000100FB681B681A68FB6878
:104A70001B6842F400721A60FB681B681A69FB68C5
:104A80005B6AD2B21A70FB685B6A5A1CFB685A6296
:104A9000FB681B8D013B9AB2FB681A85FB685B8D36
:104AA0009BB2013B9AB2FB685A85FB681B681A6986
:104AB000FB685B6AD2B21A70FB685B6A5A1CFB68BF
:104AC0005A62FB681B8D013B9AB2FB681A85FB6832
:104AD0005B8D9BB2013B9AB2FB685A85C4E07B6A4E
:104AE0000093BB6B00226C49F86800F0A5FB0346FD
:104AF000002B01D00123CBE0FB681B681A68FB6820
:104B00001B6822F480621A60FB681B681A69FB68E4
:104B10005B6AD2B21A70FB685B6A5A1CFB685A6205
:104B2000FB681B8D013B9AB2FB681A85FB685B8DA5
:104B30009BB2013B9AB2FB685A857B6A0093BB6BC0
:104B400000225549F86800F077FB0346002B01D09E
:104B500001239DE0FB681B681A68FB681B6842F430
:104B600000721A60FB681B681A69FB685B6AD2B244
:104B70001A70FB685B6A5A1CFB685A62FB681B8DE3
:104B8000013B9AB2FB681A85FB685B8D9BB2013BC7
:104B90009AB2FB685A85FB681B681A69FB685B6AF6
:104BA000D2B21A70FB685B6A5A1CFB685A62FB68D7
:104BB0001B8D013B9AB2FB681A85FB685B8D9BB22B
:104BC000013B9AB2FB685A854EE07A6AB96BF86885
:104BD00000F0DCFC0346002B01D0012358E0FB6809
:104BE0001B681A69FB685B6AD2B21A70FB685B6A61
:104BF0005A1CFB685A62FB681B8D013B9AB2FB682A
:104C00001A85FB685B8D9BB2013B9AB2FB685A85A3
:104C1000FB681B685B6903F00403042B24D1FB6869
:104C20001B8D032B07D1FB681B681A68FB681B6888
:104C300022F480621A60FB681B681A69FB685B6A71
:104C4000D2B21A70FB685B6A5A1CFB685A62FB6836
:104C50001B8D013B9AB2FB681A85FB685B8D9BB28A
:104C6000013B9AB2FB685A85FB681B8D002B7FF4D1
:104C7000B6AEFB68202283F83D20FB68002283F853
:104C80003E20FB68002283F83C20002300E0022342
:104C900018462837BD4680BD0400010080B588B0A5
:104CA00002AFF8607A603B600B467B81FB68DB6A91
:104CB0007B617B69082B06D07B69012B03D07B6964
:104CC00013F5803F08D1FB681B681A68FB681B68F6
:104CD00042F480721A600BE0FB681B6B122B07D149
:104CE000FB681B681A68FB681B6842F480721A60D4
:104CF0003B6800937B6800224FF00111F86800F0D8
:104D00009BFA0346002B0DD0FB681B681B6803F45D
:104D10008073B3F5807F03D1FB684FF400721A648F
:104D2000032335E0FB681B69B3F5804F08D17B890D
:104D3000DBB21A46FB681B6802F0FE021A611BE038
:104D40007B89DB11DBB203F00603DBB263F00F03F8
:104D5000DAB2FB681B681A613B687A680E49F8682A
:104D600000F0E4FA0346002B01D0012310E07B8918
:104D7000DAB2FB681B681A613B687A680749F86811
:104D800000F0D4FA0346002B01D0012300E00023F9
:104D900018461837BD4680BD08000100020001001A
:104DA00080B588B002AFF8607A603B600B467B81CB
:104DB000FB68DB6A7B61FB681B681A68FB681B6821
:104DC00042F480621A607B69082B06D07B69012B54
:104DD00003D07B6913F5803F08D1FB681B681A6814
:104DE000FB681B6842F480721A600BE0FB681B6B67
:104DF000112B07D1FB681B681A68FB681B6842F41B
:104E000080721A603B6800937B6800224FF00111AA
:104E1000F86800F011FA0346002B0DD0FB681B6800
:104E20001B6803F48073B3F5807F03D1FB684FF4F4
:104E300000721A64032379E0FB681B69B3F5804FA5
:104E400008D17B89DBB243F00103DAB2FB681B684F
:104E50001A615FE07B89DB11DBB203F00603DBB292
:104E600063F00F03DAB2FB681B681A613B687A686B
:104E70003049F86800F05AFA0346002B01D00123AC
:104E800054E07B89DAB2FB681B681A613B687A6878
:104E90002949F86800F04AFA0346002B01D00123A3
:104EA00044E000233B61FB681B685B693B61FB6876
:104EB0001B689B693B613B69FB681B681A68FB6860
:104EC0001B6842F480721A603B6800937B68002282
:104ED0004FF00111F86800F0AFF90346002B0DD038
:104EE000FB681B681B6803F48073B3F5807F03D1F4
:104EF000FB684FF400721A64032317E07B89DB110F
:104F0000DBB203F00603DBB263F00E03DAB2FB6838
:104F10001B681A613B687A680749F86800F006FA6E
:104F20000346002B01D0012300E000231846183768
:104F3000BD4680BD080001000200010080B588B0B8
:104F400002AFF860084611461A4603467B810B46BD
:104F50003B811346FB80FB681B681A68FB681B6873
:104F600042F480721A607B6A00933B6A00224FF021
:104F70000111F86800F060F90346002B0DD0FB68C2
:104F80001B681B6803F48073B3F5807F03D1FB6853
:104F90004FF400721A6403235FE07B89DBB21A4688
:104FA000FB681B6802F0FE021A617B6A3A6A2D49AF
:104FB000F86800F0BBF90346002B01D001234CE058
:104FC00000237B61FB681B685B697B61FB681B6876
:104FD0009B697B617B697A6A396AF86800F046FAF6
:104FE0000346002B0DD0FB681B6C042B07D1FB681C
:104FF0001B681A68FB681B6842F400721A60012380
:105000002BE0FB88012B05D13B89DAB2FB681B68DA
:105010001A6121E03B891B0A9BB2DAB2FB681B686C
:105020001A617A6A396AF86800F020FA0346002BA0
:105030000DD0FB681B6C042B07D1FB681B681A683A
:10504000FB681B6842F400721A60012305E03B898B
:10505000DAB2FB681B681A61002318461837BD4690
:1050600080BD00BF0200010080B588B002AFF860CB
:10507000084611461A4603467B810B463B81134680
:10508000FB80FB681B681A68FB681B6842F480623F
:105090001A60FB681B681A68FB681B6842F4807220
:1050A0001A607B6A00933B6A00224FF00111F86896
:1050B00000F0C2F80346002B0DD0FB681B681B688C
:1050C00003F48073B3F5807F03D1FB684FF4007263
:1050D0001A640323AAE07B89DBB21A46FB681B68CB
:1050E00002F0FE021A617B6A3A6A5249F86800F0DF
:1050F0001DF90346002B01D0012397E000237B61BB
:10510000FB681B685B697B61FB681B689B697B6153
:105110007B697A6A396AF86800F0A8F90346002BBF
:105120000DD0FB681B6C042B07D1FB681B681A6849
:10513000FB681B6842F400721A60012376E0FB886A
:10514000012B05D13B89DAB2FB681B681A6121E0AB
:105150003B891B0A9BB2DAB2FB681B681A617A6A48
:10516000396AF86800F082F90346002B0DD0FB681D
:105170001B6C042B07D1FB681B681A68FB681B6853
:1051800042F400721A60012350E03B89DAB2FB68F6
:105190001B681A617A6A396AF86800F067F9034691
:1051A000002B0DD0FB681B6C042B07D1FB681B6820
:1051B0001A68FB681B6842F400721A60012335E02C
:1051C000FB681B681A68FB681B6842F480721A60EF
:1051D0007B6A00933B6A00224FF00111F86800F0EF
:1051E0002BF80346002B0DD0FB681B681B6803F4EB
:1051F0008073B3F5807F03D1FB684FF400721A64AB
:10520000032313E07B89DBB243F00103DAB2FB68CE
:105210001B681A617B6A3A6A0649F86800F086F8EA
:105220000346002B01D0012300E000231846183765
:10523000BD4680BD0200010080B584B000AFF860BB
:10524000B9603B601346FB7148E03B68B3F1FF3F38
:1052500044D0ECF753FD0246BB69D31A3A689A4230
:1052600002D33B68002B39D1BB681B0CDBB2012B8E
:105270000DD1FB681B685B69DA43BB6813409BB2C6
:10528000002B0CBF01230023DBB21A460CE0FB68A5
:105290001B689B69DA43BB6813409BB2002B0CBFB1
:1052A00001230023DBB21A46FB799A4216D1FB6830
:1052B00000221A63FB68202283F83D20FB6800224D
:1052C00083F83E20FB681B6C43F02002FB681A64E5
:1052D000FB68002283F83C20012323E0BB681B0C01
:1052E000DBB2012B0DD1FB681B685B69DA43BB683D
:1052F00013409BB2002B0CBF01230023DBB21A46E4
:105300000CE0FB681B689B69DA43BB6813409BB2E7
:10531000002B0CBF01230023DBB21A46FB799A4213
:1053200093D0002318461037BD4680BD80B584B0A9
:1053300000AFF860B9607A603B6071E0FB681B68A1
:105340005B6903F48063B3F5806F23D1FB681B684E
:105350001A68FB681B6842F400721A60FB681B68DD
:105360006FF480625A61FB6800221A63FB68202296
:1053700083F83D20FB68002283F83E20FB681B6C0D
:1053800043F00402FB681A64FB68002283F83C20A7
:10539000012367E07B68B3F1FF3F41D0ECF7AEFC3F
:1053A00002463B68D31A7A689A4202D37B68002B84
:1053B00036D1BB681B0CDBB2012B0CD1FB681B6820
:1053C0005B69DA43BB6813409BB2002B14BF012317
:1053D0000023DBB20BE0FB681B689B69DA43BB6808
:1053E00013409BB2002B14BF01230023DBB2002B20
:1053F00016D0FB6800221A63FB68202283F83D2048
:10540000FB68002283F83E20FB681B6C43F02002FF
:10541000FB681A64FB68002283F83C20012321E02A
:10542000BB681B0CDBB2012B0CD1FB681B685B69F2
:10543000DA43BB6813409BB2002B14BF0123002347
:10544000DBB20BE0FB681B689B69DA43BB68134067
:105450009BB2002B14BF01230023DBB2002B7FF48F
:105460006DAF002318461037BD4680BD80B584B0AF
:1054700000AFF860B9607A6034E0F86800F0E3F8F3
:105480000346002B01D0012334E0BB68B3F1FF3F9A
:1054900028D0ECF733FC02467B68D31ABA689A42EC
:1054A00002D3BB68002B1DD1FB681B685B6903F04E
:1054B0008003802B16D0FB6800221A63FB68202231
:1054C00083F83D20FB68002283F83E20FB681B6CBC
:1054D00043F02002FB681A64FB68002283F83C203A
:1054E000012307E0FB681B685B6903F08003802BE6
:1054F000C3D1002318461037BD4680BD80B584B0A7
:1055000000AFF860B9607A6034E0F86800F09BF8AA
:105510000346002B01D0012334E0BB68B3F1FF3F09
:1055200028D0ECF7EBFB02467B68D31ABA689A42A4
:1055300002D3BB68002B1DD1FB681B685B6903F0BD
:105540000403042B16D0FB6800221A63FB68202298
:1055500083F83D20FB68002283F83E20FB681B6C2B
:1055600043F02002FB681A64FB68002283F83C20A9
:10557000012307E0FB681B685B6903F00403042B4D
:10558000C3D1002318461037BD4680BD80B584B016
:1055900000AFF860B9607A6049E0FB681B685B693E
:1055A00003F01003102B19D1FB681B686FF0100279
:1055B0005A61FB6800221A63FB68202283F83D20B1
:1055C000FB68002283F83E20FB681A6CFB681A64B3
:1055D000FB68002283F83C20012330E0ECF78EFBCF
:1055E00002467B68D31ABA689A4202D3BB68002B82
:1055F0001DD1FB681B685B6903F04003402B16D08C
:10560000FB6800221A63FB68202283F83D20FB68B8
:10561000002283F83E20FB681B6C43F02002FB68ED
:105620001A64FB68002283F83C20012307E0FB6832
:105630001B685B6903F04003402BAED10023184682
:105640001037BD4680BD80B483B000AF78607B6802
:105650001B685B6903F48063B3F5806F1BD17B68C3
:105660001B686FF480625A617B6800221A637B6852
:10567000202283F83D207B68002283F83E207B684F
:105680001B6C43F004027B681A647B68002283F879
:105690003C20012300E0002318460C37BD465DF88E
:1056A000047B704780B586B000AF78607B68002BC4
:1056B00001D1012367E27B681B6803F00103002B23
:1056C00075D0884B9B6803F00C03042B0CD0854BE2
:1056D0009B6803F00C03082B12D1824B5B6803F428
:1056E0008003B3F5800F0BD17E4B1B6803F40033AE
:1056F000002B5BD07B685B68002B57D1012342E213
:105700007B685B68B3F5803F06D1764B1B68754AB2
:1057100043F4803313601DE07B685B68B3F5A02F12
:105720000CD1704B1B686F4A43F4802313606D4BA0
:105730001B686C4A43F4803313600BE0694B1B68B1
:10574000684A23F480331360664B1B68654A23F470
:10575000802313607B685B68002B13D0ECF7CEFAD4
:10576000386108E0ECF7CAFA02463B69D31A642BA9
:1057700001D9032307E25B4B1B6803F40033002BC2
:10578000F0D014E0ECF7BAFA386108E0ECF7B6FABA
:1057900002463B69D31A642B01D90323F3E1514B31
:1057A0001B6803F40033002BF0D100E000BF7B68DE
:1057B0001B6803F00203002B63D04A4B9B6803F085
:1057C0000C03002B0BD0474B9B6803F00C03082BFA
:1057D0001CD1444B5B6803F48003002B16D1414B72
:1057E0001B6803F00203002B05D07B68DB68012BEC
:1057F00001D00123C7E13B4B1B6823F0F8027B6813
:105800001B69DB00374913430B603AE07B68DB68B8
:10581000002B20D0344B01221A60ECF76FFA38616C
:1058200008E0ECF76BFA02463B69D31A022B01D968
:105830000323A8E12B4B1B6803F00203002BF0D0DD
:10584000284B1B6823F0F8027B681B69DB002549A5
:1058500013430B6015E0244B00221A60ECF74EFA5C
:10586000386108E0ECF74AFA02463B69D31A022B8A
:1058700001D9032387E11B4B1B6803F00203002BB4
:10588000F0D17B681B6803F00803002B36D07B68DF
:105890005B69002B16D0154B01221A60ECF72EFA2B
:1058A000386108E0ECF72AFA02463B69D31A022B6A
:1058B00001D9032367E10B4B5B6F03F00203002B5D
:1058C000F0D01BE0094B00221A60ECF717FA3861A0
:1058D0000EE0ECF713FA02463B69D31A022B07D904
:1058E000032350E10038024000004742800E474247
:1058F000884B5B6F03F00203002BEAD17B681B68C7
:1059000003F00403002B00F097800023FB75814B0C
:105910001B6C03F08053002B0FD10023BB607D4B29
:105920001B6C7C4A43F0805313647A4B1B6C03F06E
:105930008053BB60BB680123FB75774B1B6803F486
:105940008073002B18D1744B1B68734A43F4807327
:105950001360ECF7D3F9386108E0ECF7CFF90246B1
:105960003B69D31A022B01D903230CE16A4B1B6854
:1059700003F48073002BF0D07B689B68012B06D169
:10598000644B1B6F634A43F0010313671CE07B68A1
:105990009B68052B0CD15F4B1B6F5E4A43F00403E1
:1059A00013675C4B1B6F5B4A43F0010313670BE00B
:1059B000584B1B6F574A23F001031367554B1B6F5E
:1059C000544A23F0040313677B689B68002B15D0AF
:1059D000ECF794F938610AE0ECF790F902463B697C
:1059E000D31A41F28832934201D90323CBE0494BC9
:1059F0001B6F03F00203002BEED014E0ECF77EF9EE
:105A000038610AE0ECF77AF902463B69D31A41F2B1
:105A10008832934201D90323B5E03E4B1B6F03F05C
:105A20000203002BEED1FB7D012B05D1394B1B6C02
:105A3000384A23F0805313647B689B69002B00F085
:105A4000A180344B9B6803F00C03082B5CD07B686F
:105A50009B69022B41D1314B00221A60ECF74EF9C1
:105A6000386108E0ECF74AF902463B69D31A022B89
:105A700001D9032387E0274B1B6803F00073002B39
:105A8000F0D17B68DA697B681B6A1A437B685B6AC2
:105A90009B011A437B689B6A5B08013B1B041A430A
:105AA0007B68DB6A1B061B4913434B601B4B0122BF
:105AB0001A60ECF723F9386108E0ECF71FF90246A9
:105AC0003B69D31A022B01D903235CE0114B1B68FD
:105AD00003F00073002BF0D054E0104B00221A604A
:105AE000ECF70CF9386108E0ECF708F902463B697D
:105AF000D31A022B01D9032345E0064B1B6803F0A0
:105B00000073002BF0D13DE07B689B69012B07D12E
:105B1000012338E000380240007000406000474236
:105B20001B4B5B68FB607B689B69012B28D0FB6883
:105B300003F480027B68DB699A4221D1FB6803F0A1
:105B40003F027B681B6A9A421AD1FA6847F6C07313
:105B500013407A68526A9201934211D1FB6803F4B0
:105B600040327B689B6A5B08013B1B049A4207D169
:105B7000FB6803F070627B68DB6A1B069A4201D007
:105B8000012300E0002318461837BD4680BD00BF42
:105B90000038024080B584B000AF786039607B681F
:105BA000002B01D10123CCE0684B1B6803F00703F5
:105BB0003A689A420CD9654B3A68D2B21A70634B74
:105BC0001B6803F007033A689A4201D00123B8E04A
:105BD0007B681B6803F00203002B20D07B681B68E6
:105BE00003F00403002B05D0594B9B68584A43F43B
:105BF000E05393607B681B6803F00803002B05D01B
:105C0000534B9B68524A43F460439360504B9B68EC
:105C100023F0F0027B689B684D4913438B607B68DF
:105C20001B6803F00103002B44D07B685B68012BE9
:105C300007D1474B1B6803F40033002B19D1012314
:105C40007FE07B685B68022B03D07B685B68032B7B
:105C500007D13F4B1B6803F00073002B09D10123D0
:105C60006FE03B4B1B6803F00203002B01D10123C3
:105C700067E0374B9B6823F003027B685B6834491D
:105C800013438B60ECF73AF8F8600AE0ECF736F86B
:105C90000246FB68D31A41F28832934201D90323AA
:105CA0004FE02B4B9B6803F00C027B685B689B000A
:105CB0009A42EBD1254B1B6803F007033A689A42DE
:105CC0000CD2224B3A68D2B21A70204B1B6803F0F8
:105CD00007033A689A4201D0012332E07B681B68CF
:105CE00003F00403002B08D0194B9B6823F4E05207
:105CF0007B68DB68164913438B607B681B6803F085
:105D00000803002B09D0124B9B6823F460427B6888
:105D10001B69DB000E4913438B6000F021F802463B
:105D20000B4B9B681B0903F00F030A49CB5C22FA5B
:105D300003F3094A1360094B1B681846ECF79CFEF5
:105D4000002318461037BD4680BD00BF003C02400E
:105D500000380240D8B1020838020020A402002016
:105D60002DE9B04F90B000AF00237B630023FB63AD
:105D700000233B630023BB63594B9B6803F00C0378
:105D8000082B0DD0082B00F2A180002B02D0042B91
:105D900003D09BE0534BBB639BE0534BBB6398E04A
:105DA0004F4B5B6803F03F037B634D4B5B6803F431
:105DB0008003002B28D04A4B5B689B0900223B6282
:105DC0007A623B6AC3F308000021474B03FB01F2F0
:105DD000002300FB03F31344434AA0FB0212FA62C0
:105DE0000A46BA62FA6A1344FB627B6B0022BB610B
:105DF000FA61D7E90623D7E90A01EAF7A5FF0246C7
:105E00000B461346FB6353E0354B5B689B0900224E
:105E10003B617A613B69C3F3080A4FF0000B5246BD
:105E20005B464FF000004FF00001590141EAD2619A
:105E3000500102460B46B2EB0A0863EB0B094FF028
:105E400000024FF000034FEA891343EA98634FEAD8
:105E50008812B2EB080463EB09054FF000024FF023
:105E60000003EB0043EA5473E20014461D4614EBB2
:105E70000A033B6045EB0B037B604FF000024FF0E1
:105E80000003D7E9004529468B02214643EA915396
:105E900021468A02104619467B6B0022BB60FA60DD
:105EA000D7E90223EAF750FF02460B461346FB638D
:105EB0000B4B5B681B0C03F0030301335B003B637C
:105EC000FA6B3B6BB2FBF3F3BB6302E0054BBB63C6
:105ED00000BFBB6B18464037BD46BDE8B08F00BF62
:105EE000003802400024F40040787D0180B400AF07
:105EF000034B1B681846BD465DF8047B704700BF26
:105F00003802002080B500AFFFF7F0FF0246054BD6
:105F10009B689B0A03F007030349CB5C22FA03F357
:105F2000184680BD00380240E8B1020880B500AFD5
:105F3000FFF7DCFF0246054B9B685B0B03F0070392
:105F40000349CB5C22FA03F3184680BD00380240B7
:105F5000E8B1020880B483B000AF786039607B6834
:105F60000F221A60124B9B6803F003027B685A6091
:105F70000F4B9B6803F0F0027B689A600C4B9B68A8
:105F800003F4E0527B68DA60094B9B68DB0803F49A
:105F9000E0527B681A61074B1B6803F007023B68FD
:105FA0001A6000BF0C37BD465DF8047B704700BF28
:105FB00000380240003C024080B586B000AF7860F7
:105FC00000237B6100233B617B681B6803F00103B6
:105FD000002B05D17B681B6803F00403002B35D030
:105FE000624B00221A60EBF789FE786108E0EBF75C
:105FF00085FE02467B69D31A022B01D90323B0E048
:106000005B4B1B6803F00063002BF0D17B685B687F
:106010009A017B689B681B0755491343C1F884307C
:10602000524B01221A60EBF769FE786108E0EBF74A
:1060300065FE02467B69D31A022B01D9032390E047
:106040004B4B1B6803F00063002BF0D07B681B6890
:1060500003F00203002B00F083800023FB60444B1D
:106060001B6C434A43F080531364414B1B6C03F099
:106070008053FB60FB683F4B1B683E4A43F48073D0
:106080001360EBF73BFE786108E0EBF737FE024662
:106090007B69D31A022B01D9032362E0354B1B68BD
:1060A00003F48073002BF0D0314B1B6F03F440736B
:1060B0003B613B69002B2FD07B68DB6803F44073A6
:1060C0003A699A4228D02A4B1B6F23F440733B61F4
:1060D000294B01221A60284B00221A60244A3B698E
:1060E0001367234B1B6F03F00103012B14D1EBF754
:1060F00005FE78610AE0EBF701FE02467B69D31AE0
:1061000041F28832934201D903232AE0184B1B6FD6
:1061100003F00203002BEED07B68DB6803F44073CE
:10612000B3F5407F0DD1124B9B6823F4F8127B68C6
:10613000DB6823F0704323F440730D4913438B60F5
:1061400005E00B4B9B680A4A23F4F8139360084B55
:106150001A6F7B68DB68C3F30B03054913430B67B6
:10616000002318461837BD4680BD00BF680047426F
:106170000038024000700040400E474280B584B0B5
:1061800000AF78600123FB737B68002B01D10123F2
:1061900073E07B685B7FDBB2002B05D17B6800225C
:1061A0001A777868ECF7DEF87B6802225A777B680A
:1061B0001B68DB6803F01003102B55D07B681B684D
:1061C000CA225A627B681B6853225A62786800F0C0
:1061D000D3FB0346FB73FB7B002B2CD17B681B6836
:1061E0009B687A68126823F4E00323F0400393600D
:1061F0007B681B6899687B685A687B681B691A43CF
:106200007B685B691A437B681B680A439A607B68FA
:106210001B687A68D2681A617B681B6819697B6899
:106220009B681A047B681B680A431A61786800F04F
:10623000DAFB0346FB73FB7B002B10D17B681B68EA
:106240001A6C7B681B6822F480221A647B681B68C6
:10625000196C7B689A697B681B680A431A647B68BF
:106260001B68FF225A6201E00023FB73FB7B002BBB
:1062700002D17B6801225A77FB7B18461037BD4656
:1062800080BD90B587B000AFF860B9607A60002338
:106290007B61FB681B7F012B01D1022387E0FB6838
:1062A00001221A77FB6802225A777B68002B26D1DD
:1062B000FB681B689B6803F04003002B02D1BB689E
:1062C0000022DA70BB681B78184600F0B1FB034669
:1062D0001C04BB685B78184600F0AAFB03461B024F
:1062E0001C43BB689B78184600F0A2FB034644EAB7
:1062F0000302BB68DB789B0513437B6118E0FB68F6
:106300001B689B6803F04003002B02D1BB6800228E
:10631000DA70BB681B781A04BB685B781B021343F6
:10632000BA6892781A43BB68DB789B0513437B619C
:10633000FB681B68CA225A62FB681B6853225A62B8
:10634000F86800F019FB0346FB74FB7C002B20D19E
:10635000FB681A687B6903F07F3323F0FE43136008
:10636000FB681B689A68FB681B6822F480229A60AD
:10637000FB681B689968BB68DA68BB681B691A43CD
:10638000FB681B680A439A60F86800F02CFB034620
:10639000FB74FB7C002B02D1FB6801225A77FB685F
:1063A0001B68FF225A62FB6800221A77FB7C1846A2
:1063B0001C37BD4690BD80B586B000AFF860B960AF
:1063C0007A6000237B61FB681B689A6ABB685A602D
:1063D000FB681B681B69C3F30E02BB689A60FB680D
:1063E0001B681B6803F07F3323F0FE437B617B69EE
:1063F0001B0CDBB203F03F03DAB2BB681A707B6997
:106400001B0ADBB203F07F03DAB2BB685A707B6908
:10641000DBB203F07F03DAB2BB689A707B699B0D35
:10642000DBB203F00103DAB2BB68DA707B68002BE1
:106430001AD1BB681B78184600F018FB03461A46B1
:10644000BB681A70BB685B78184600F00FFB034608
:106450001A46BB685A70BB689B78184600F006FB6A
:1064600003461A46BB689A70002318461837BD4683
:1064700080BD90B587B000AFF860B9607A60002346
:106480007B61FB681B7F012B01D1022371E0FB685C
:1064900001221A77FB6802225A777B68002B0ED103
:1064A000BB685B7803F01003002B08D0BB685B78F7
:1064B00023F01003DBB20A33DAB2BB685A707B6890
:1064C000002B1CD1BB68DB78184600F0B1FA0346FC
:1064D0001C04BB685B78184600F0AAFA03461B024E
:1064E0001C43BB689B78184600F0A2FA034644EAB6
:1064F0000302BB681B785B0313437B610EE0BB6840
:10650000DB781A04BB685B781B021343BA68927885
:106510001A43BB681B785B0313437B61FB681B68F2
:10652000CA225A62FB681B6853225A62F86800F05C
:1065300023FA0346FB74FB7C002B0CD1FB681A6822
:106540007B6923F07F4323F0C0035360F86800F0B9
:106550004AFA0346FB74FB7C002B02D1FB68012244
:106560005A77FB681B68FF225A62FB6800221A7781
:10657000FB7C18461C37BD4690BD80B586B000AF89
:10658000F860B9607A6000237B61FB681B685B6818
:1065900023F07F4323F0C0037B617B691B0CDAB2DD
:1065A000BB68DA707B691B0ADBB203F01F03DAB247
:1065B000BB685A707B69DBB203F03F03DAB2BB6899
:1065C0009A707B695B0BDBB203F00703DAB2BB683E
:1065D0001A707B68002B1AD1BB68DB78184600F074
:1065E00045FA03461A46BB68DA70BB685B78184602
:1065F00000F03CFA03461A46BB685A70BB689B78A9
:10660000184600F033FA03461A46BB689A70002316
:1066100018461837BD4680BD90B589B000AFF86008
:10662000B9607A609B4B1B689B4AA2FB0323DB0A81
:106630004FF47A7202FB03F37B610023FB610023BA
:10664000BB61FB681B7F012B01D102231EE1FB68AC
:1066500001221A77FB6802225A777B68002B37D118
:10666000FB681B689B6803F04003002B02D1BB68EA
:106670000022DA70BB681B78184600F0D9F903468F
:106680001C04BB685B78184600F0D2F903461B0275
:106690001C43BB689B78184600F0CAF9034644EADD
:1066A0000302BB68DB789B0542EA0304BB6893F8EE
:1066B0002030184600F0BCF903461B0644EA0302EA
:1066C000BB68DB691A43BB685B691343FB6123E06A
:1066D000FB681B689B6803F04003002B02D1BB687A
:1066E0000022DA70BB681B781A04BB685B781B0257
:1066F0001343BA6892781A43BB68DB789B051A4348
:10670000BB6893F820301B061A43BB68DB691A4349
:10671000BB685B691343FB61BB685A68BB689B69D4
:106720001343BB61FB681B68CA225A62FB681B6883
:1067300053225A62BB685B6AB3F5807F42D1FB6823
:106740001B689A68FB681B6822F480729A60FB6879
:106750001B68DB68DAB2FB681B6862F4C072DA603F
:106760007B69013B7B617B69002B0BD1FB681B685C
:10677000FF225A62FB6803225A77FB6800221A77CD
:10678000032383E0FB681B68DB6803F00103002B35
:10679000E6D0FB681B68FA69DA61FB681B68BA69B6
:1067A0005A64FB681B689A68FB681B6842F4807235
:1067B0009A60FB681B689A68FB681B6842F4805209
:1067C0009A604CE0FB681B689A68FB681B6822F4BF
:1067D00000729A60FB681B68DB68DAB2FB681B68B2
:1067E00062F42072DA602B4B1B682B4AA2FB032356
:1067F000DB0A4FF47A7202FB03F37B617B69013B96
:106800007B617B69002B0BD1FB681B68FF225A62FE
:10681000FB6803225A77FB6800221A77032335E0CE
:10682000FB681B68DB6803F00203002BE6D0FB6803
:106830001B68FA691A62FB681B68BA699A64FB688C
:106840001B689A68FB681B6842F400729A60FB68D8
:106850001B689A68FB681B6842F400529A600F4BF1
:106860001B680E4A43F4003313600C4B9B680B4AC1
:1068700043F400339360FB681B68FF225A62FB6895
:1068800001225A77FB6800221A7700231846243722
:10689000BD4690BD38020020D34D6210003C01403F
:1068A00080B582B000AF78601F4B4FF400325A6160
:1068B0007B681B689B6803F48053002B12D07B68B5
:1068C0001B68DB6803F48073002B0BD07B681B68AC
:1068D000DB68DAB27B681B6862F4C072DA607868E1
:1068E000EBF7C6FB7B681B689B6803F40053002B27
:1068F00012D07B681B68DB6803F40073002B0BD09D
:106900007B681B68DB68DAB27B681B6862F4207204
:10691000DA60786800F0C8F87B6801225A7700BF17
:106920000837BD4680BD00BF003C014080B584B043
:1069300000AF78600023FB607B681B680D4ADA605B
:10694000EBF7DCF9F86009E0EBF7D8F90246FB68F1
:10695000D31AB3F57A7F01D9032307E07B681B685C
:10696000DB6803F02003002BEED00023184610371D
:10697000BD4680BD5F7F010080B584B000AF786008
:106980000023BB600023FB737B681B68DB6803F09C
:106990004003002B22D17B681B68DA687B681B6888
:1069A00042F08002DA60EBF7A9F9B8600CE0EBF78F
:1069B000A5F90246BB68D31AB3F57A7F04D97B6880
:1069C00004225A770123FB737B681B68DB6803F0A2
:1069D0004003002B02D1FB7B012BE8D1FB7B184647
:1069E0001037BD4680BD80B584B000AF786000230D
:1069F000FB737B681B68DA687B681B6822F0800287
:106A0000DA607B681B689B6803F02003002B0AD1C7
:106A10007868FFF78BFF0346002B04D07B680422C5
:106A20005A770123FB73FB7B18461037BD4680BDA8
:106A300080B485B000AF0346FB710023FB6005E026
:106A4000FB680133FB60FB790A3BFB71FB79092B87
:106A5000F6D8FB68DBB21B01DAB2FB791343DBB279
:106A600018461437BD465DF8047B704780B485B086
:106A700000AF0346FB710023FB60FB791B09DBB20F
:106A80001A4613469B0013445B00FB60FB68DAB2B6
:106A9000FB7903F00F03DBB21344DBB21846143763
:106AA000BD465DF8047B704780B483B000AF78606A
:106AB00000BF0C37BD465DF8047B704780B582B0DF
:106AC00000AF78607B68002B01D1012322E07B6856
:106AD00093F83430DBB2002B05D17B6800221A77A3
:106AE0007868EBF771FC7B68032283F834207868C0
:106AF00000F014F80346002B01D001230AE07B6864
:106B000000229A637B6800221A637B68012283F863
:106B10003420002318460837BD4680BDB0B58EB07E
:106B200004AF78600023BB600023FB6000233B615F
:106B300000237B610023BB617623FB617B681D68BA
:106B40006C4607F1140393E8070084E8070007F197
:106B500008030ECB284603F009FF034687F82730C9
:106B600097F82730002B01D001234FE0294B00225A
:106B70001A607B681B68184603F041FF254B012211
:106B80001A600220EBF7D4F8786801F097F83862C1
:106B90003B6A002B0BD07B68012283F834207B6892
:106BA0009A6B3B6A1A437B689A6301232EE07868EC
:106BB00000F0B6FF38623B6A002B0BD07B680122E5
:106BC00083F834207B689A6B3B6A1A437B689A632C
:106BD00001231BE07B681B684FF40071184603F02B
:106BE000AEFF38623B6A002B0FD07B681B680A4AF5
:106BF0009A637B689A6B3B6A1A437B689A637B68EB
:106C0000012283F83420012300E0002318462837AE
:106C1000BD46B0BDA0802542FF05400080B582B0D2
:106C200000AF78607B68002B01D1012311E07B6805
:106C3000032283F83420786801F0CEF87868EBF707
:106C4000CFFC7B6800229A637B68002283F83420A3
:106C5000002318460837BD4680BD000080B592B0BD
:106C600000AFF860B9607A603B60EBF747F83863D3
:106C70007B68BB63BB687B63BB68002B07D1FB6889
:106C80009B6B43F00062FB689A630123C5E1FB68DC
:106C900093F83430DBB2012B40F0B881FB6800225E
:106CA0009A63BA6B3B681A44FB68DB6D9A4207D95A
:106CB000FB689B6B43F00072FB689A630123ACE1B5
:106CC000FB68032283F83420FB681B680022DA6229
:106CD000FB685B6C012B02D0BB6B5B02BB634FF0AC
:106CE000FF337B613B685B02BB619023FB61022346
:106CF0003B6200237B620123BB62FB681B6807F1D8
:106D000014021146184603F0EEFE3B68012B0AD927
:106D1000FB6802221A63FB681B68B96B184603F014
:106D200052FF786409E0FB6801221A63FB681B6864
:106D3000B96B184603F025FF78647B6C002B12D0EA
:106D4000FB681B687E4A9A63FB689A6B7B6C1A43EC
:106D5000FB689A63FB68012283F83420FB680022F9
:106D60001A63012359E1BB69FB6361E0FB681B689F
:106D70005B6B03F40043002B3CD0FB6B002B39D042
:106D800000233B6433E0FB681B68184603F019FEE0
:106D9000F862FB6ADAB27B6B1A707B6B01337B6340
:106DA000FB6B013BFB63FB6A1B0ADAB27B6B1A705D
:106DB0007B6B01337B63FB6B013BFB63FB6A1B0C4F
:106DC000DAB27B6B1A707B6B01337B63FB6B013B2D
:106DD000FB63FB6A1B0EDAB27B6B1A707B6B0133B1
:106DE0007B63FB6B013BFB633B6C01333B643B6CA4
:106DF000072BC8D9EAF782FF02463B6BD31A3A6DDC
:106E00009A4202D93B6D002B12D1FB681B684C4A99
:106E10009A63FB689B6B43F00042FB689A63FB68D4
:106E2000012283F83420FB6800221A630323F4E074
:106E3000FB681B685A6B40F22A331340002B95D035
:106E4000FB681B685B6B03F48073002B22D03B68EC
:106E5000012B1FD9FB685B6C032B1BD0FB681B68E5
:106E6000184603F017FF78647B6C002B12D0FB6888
:106E70001B68334A9A63FB689A6B7B6C1A43FB6806
:106E80009A63FB68012283F83420FB6800221A63AE
:106E90000123C2E0FB681B685B6B03F00803002B57
:106EA00006D1FB681B685B6B03F40073002B12D0E8
:106EB000FB681B68224A9A63FB689B6B43F00802DD
:106EC000FB689A63FB68012283F83420FB68002288
:106ED0001A630123A1E0FB681B685B6B03F00203EC
:106EE000002B12D0FB681B68154A9A63FB689B6BEA
:106EF00043F00202FB689A63FB68012283F83420A6
:106F0000FB6800221A63012387E0FB681B685B6B48
:106F100003F02003002B64D0FB681B68084A9A63C7
:106F2000FB689B6B43F02002FB689A63FB680122BD
:106F300083F83420FB6800221A6301236DE000BF50
:106F4000FF054000FB681B68184603F03AFDF86235
:106F5000FB6ADAB27B6B1A707B6B01337B63FB6B72
:106F6000013BFB63FB6A1B0ADAB27B6B1A707B6B1B
:106F700001337B63FB6B013BFB63FB6A1B0CDAB2E7
:106F80007B6B1A707B6B01337B63FB6B013BFB6399
:106F9000FB6A1B0EDAB27B6B1A707B6B01337B636F
:106FA000FB6B013BFB63EAF7A9FE02463B6BD31A7E
:106FB0003A6D9A4202D93B6D002B12D1FB681B68D7
:106FC000184A9A63FB689B6B43F00042FB689A6324
:106FD000FB68012283F83420FB6800221A63012336
:106FE0001BE0FB681B685B6B03F40013002B02D0F3
:106FF000FB6B002BA6D1FB681B6840F23A529A63E8
:10700000FB68012283F83420002306E0FB689B6BB9
:1070100043F00052FB689A63012318464837BD4687
:1070200080BD00BFFF05400080B592B000AFF860A2
:10703000B9607A603B60EAF761FE38637B68BB63E6
:10704000BB687B63BB68002B07D1FB689B6B43F07D
:107050000062FB689A6301236DE1FB6893F83430AA
:10706000DBB2012B40F06081FB6800229A63BA6BAF
:107070003B681A44FB68DB6D9A4207D9FB689B6B3F
:1070800043F00072FB689A63012354E1FB6803221A
:1070900083F83420FB681B680022DA62FB685B6CB3
:1070A000012B02D0BB6B5B02BB634FF0FF33BB61B4
:1070B0003B685B02FB6190233B6200237B62002301
:1070C000BB620123FB62FB681B6807F118021146D3
:1070D000184603F008FD3B68012B0AD9FB68202203
:1070E0001A63FB681B68B96B184603F0B0FD78643F
:1070F00009E0FB6810221A63FB681B68B96B18462D
:1071000003F083FD78647B6C002B12D0FB681B6856
:107110008B4A9A63FB689A6B7B6C1A43FB689A6391
:10712000FB68012283F83420FB6800221A630123E4
:1071300001E1FB69FB6365E0FB681B685B6B03F4C3
:107140008043002B40D0FB6B002B3DD000233B64E1
:1071500037E07B6B1B787B617B6B01337B63FB6B65
:10716000013BFB637B6B1B781A027B6913437B61DA
:107170007B6B01337B63FB6B013BFB637B6B1B789E
:107180001A047B6913437B617B6B01337B63FB6B6D
:10719000013BFB637B6B1B781A067B6913437B61A6
:1071A0007B6B01337B63FB6B013BFB63FB681B6801
:1071B00007F114021146184603F010FC3B6C013332
:1071C0003B643B6C072BC4D9EAF798FD02463B6B46
:1071D000D31A3A6D9A4202D93B6D002B12D1FB684B
:1071E0001B68574A9A63FB689A6B7B6C1A43FB686F
:1071F0009A63FB68012283F83420FB6800221A633B
:10720000032398E0FB681B685A6B40F21A33134063
:10721000002B91D0FB681B685B6B03F48073002B21
:1072200022D03B68012B1FD9FB685B6C032B1BD062
:10723000FB681B68184603F02DFD78647B6C002BFF
:1072400012D0FB681B683E4A9A63FB689A6B7B6CA2
:107250001A43FB689A63FB68012283F83420FB68B9
:1072600000221A63012366E0FB681B685B6B03F076
:107270000803002B06D1FB681B685B6B03F40073EB
:10728000002B12D0FB681B682D4A9A63FB689B6B2E
:1072900043F00802FB689A63FB68012283F83420FC
:1072A000FB6800221A63012345E0FB681B685B6BE7
:1072B00003F00203002B12D0FB681B68204A9A637C
:1072C000FB689B6B43F00202FB689A63FB68012238
:1072D00083F83420FB6800221A6301232BE0FB684B
:1072E0001B685B6B03F01003002B12D0FB681B685C
:1072F000134A9A63FB689B6B43F01002FB689A6326
:10730000FB68012283F83420FB6800221A63012302
:1073100011E0FB681B6840F23A529A63FB68012255
:1073200083F83420002306E0FB689B6B43F0005297
:10733000FB689A63012318464837BD4680BD00BFED
:10734000FF05400080B584B000AF78607B681B6BA0
:10735000FB607B681B685B6B03F40043002B08D069
:10736000FB6803F00803002B03D0786800F069FD88
:1073700065E17B681B685B6B03F48073002B00F096
:107380008F807B681B684FF480729A637B681B68F0
:10739000DB6B7A68126823F4434323F03A03D36328
:1073A0007B681B68DA6A7B681B6822F00102DA627C
:1073B000FB6803F00803002B39D0FB6803F00203DD
:1073C000002B04D1FB6803F02003002B11D07B6855
:1073D0001B68184603F05EFCB860BB68002B08D041
:1073E0007B689A6BBB681A437B689A63786800F085
:1073F0002FF97B681B6840F23A529A637B6801223E
:1074000083F834207B6800221A63FB6803F00103D1
:10741000002B04D1FB6803F00203002B03D0786833
:1074200004F084F80BE1786804F076F807E1FB6873
:1074300003F08003002B00F00281FB6803F02003BF
:10744000002B11D07B681B68184603F023FCB86042
:10745000BB68002B08D07B689A6BBB681A437B68BB
:107460009A63786800F0F4F8FB6803F00103002BDE
:1074700040F0E580FB6803F00203002B40F0DF8062
:107480007B681B68DA6A7B681B6822F00802DA6294
:107490007B68012283F83420786804F03DF8CEE060
:1074A0007B681B685B6B03F48043002B08D0FB6890
:1074B00003F00803002B03D0786800F013FDBEE052
:1074C0007B681B685A6B40F23A231340002B00F094
:1074D000B6807B681B685B6B03F00203002B05D052
:1074E0007B689B6B43F002027B689A637B681B6836
:1074F0005B6B03F00803002B05D07B689B6B43F0AC
:1075000008027B689A637B681B685B6B03F020034F
:10751000002B05D07B689B6B43F020027B689A634D
:107520007B681B685B6B03F01003002B05D07B6846
:107530009B6B43F010027B689A637B681B685B6BF4
:1075400003F40073002B05D07B689B6B43F00802AB
:107550007B689A637B681B6840F23A729A637B6827
:107560001B68DB6B7A68126823F44E7323F0020306
:10757000D3637B681B68184603F08CFB02467B686C
:107580009B6B1A437B689A63FB6803F00803002B2C
:107590000AD07B68012283F834207B6800221A63BA
:1075A000786800F055F84AE0FB6803F08003002B90
:1075B00045D0FB6803F01003002B04D1FB6803F0F7
:1075C0002003002B11D07B68DB6B1F4A1A657B6898
:1075D000DB6B1846FBF770FB0346002B2FD07B6854
:1075E000DB6B184600F02EFA29E0FB6803F001037C
:1075F000002B04D1FB6803F00203002B11D07B6841
:107600001B6C124A1A657B681B6C1846FBF754FB0F
:107610000346002B13D07B681B6C184600F049FA18
:107620000DE07B6800229A637B68012283F8342096
:107630007B6800221A63786803F064FFFFE700BFED
:107640001037BD4680BD00BF457A0108B37A0108F6
:1076500080B483B000AF786000BF0C37BD465DF8E2
:10766000047B704780B483B000AF786039607B687A
:107670005B6E9B0FDAB23B681A707B685B6E9B0E89
:10768000DBB203F00F03DAB23B685A707B685B6EC3
:107690001B0EDBB203F00303DAB23B689A707B681F
:1076A0005B6E1B0CDAB23B68DA707B685B6E1B0AA0
:1076B000DAB23B681A717B685B6EDAB23B685A716A
:1076C0007B689B6E1B0D9AB23B68DA807B689B6E71
:1076D0001B0CDBB203F00F03DAB23B681A727B6853
:1076E0009B6EDB0BDBB203F00103DAB23B685A722C
:1076F0007B689B6E9B0BDBB203F00103DAB23B6845
:107700009A727B689B6E5B0BDBB203F00103DAB20B
:107710003B68DA727B689B6E1B0BDBB203F00103E4
:10772000DAB23B681A733B6800225A737B685B6C61
:10773000002B63D17B689B6E9A0040F6FC7313406C
:107740007A68D26E920F1A433B681A617B68DB6ECF
:10775000DB0EDBB203F00703DAB23B681A757B6815
:10776000DB6E1B0EDBB203F00703DAB23B685A751F
:107770007B68DB6E5B0DDBB203F00703DAB23B68BC
:107780009A757B68DB6E9B0CDBB203F00703DAB201
:107790003B68DA757B68DB6EDB0BDBB203F007035B
:1077A000DAB23B681A763B681B695A1C7B685A65DB
:1077B0003B681B7EDBB203F007030233012202FAAF
:1077C00003F37A68526D03FB02F27B685A653B68EB
:1077D0001B7ADBB203F00F0301229A407B689A65A3
:1077E0007B685B6D7A68926D520A03FB02F27B68DC
:1077F000DA657B684FF400721A6631E07B685B6C77
:10780000012B1DD17B689B6E1B0403F47C127B68EB
:10781000DB6E1B0C1A433B681A613B681B69013322
:107820009A027B685A657B685A6D7B68DA657B686B
:107830004FF400729A657B689A6D7B681A660FE058
:107840007B681B68584A9A637B689B6B43F0805245
:107850007B689A637B68012283F8342001239DE0D2
:107860007B68DB6E9B0BDBB203F00103DAB23B6893
:107870005A767B68DB6EDB09DBB203F07F03DAB29A
:107880003B689A767B68DB6EDBB203F07F03DAB28B
:107890003B68DA767B681B6FDB0FDAB23B681A77DE
:1078A0007B681B6F5B0FDBB203F00303DAB23B684C
:1078B0005A777B681B6F9B0EDBB203F00703DAB2CB
:1078C0003B689A777B681B6F9B0DDBB203F00F035D
:1078D000DAB23B68DA777B681B6F5B0DDBB203F0D3
:1078E0000103DAB23B6883F820203B68002283F86A
:1078F00021207B681B6F1B0CDBB203F00103DAB2A3
:107900003B6883F822207B681B6FDB0BDBB203F044
:107910000103DAB23B6883F823207B681B6F9B0B63
:10792000DBB203F00103DAB23B6883F824207B6802
:107930001B6F5B0BDBB203F00103DAB23B6883F829
:1079400025207B681B6F1B0BDBB203F00103DAB24F
:107950003B6883F826207B681B6F9B0ADBB203F031
:107960000303DAB23B6883F827207B681B6F1B0A8E
:10797000DBB203F00303DAB23B6883F828207B68AC
:107980001B6F5B08DBB203F07F03DAB23B6883F85E
:1079900029203B68012283F82A20002318460C374F
:1079A000BD465DF8047B7047FF05400080B483B09E
:1079B00000AF786039607B685A6C3B681A607B68FE
:1079C0009A6C3B685A607B68DA6C3B689A607B68AB
:1079D0001A6D3B68DA607B685A6D3B681A617B6898
:1079E0009A6D3B685A617B68DA6D3B689A617B6887
:1079F0001A6E3B68DA61002318460C37BD465DF805
:107A0000047B704780B586B000AF78600023FB60D0
:107A100007F10C031946786800F0EBF978617B698F
:107A2000002B05D07B689A6B7B691A437B689A634D
:107A3000FB685B0A03F00F033B613B69184618378C
:107A4000BD4680BD80B584B000AF78607B689B6B1D
:107A5000FB60FB681B6840F23A529A63F868FFF7D4
:107A6000D1FFB860FB68012283F83420FB68002254
:107A70001A63BB68062B02D0BB68052B0AD1FB68D2
:107A80001B68184603F006F90246FB689B6B1A4315
:107A9000FB689A63FB689B6B002B03D1F86803F0CB
:107AA00031FD02E0F868FFF7D3FD00BF1037BD4697
:107AB00080BD80B584B000AF78607B689B6BFB6055
:107AC000FB681B6840F23A529A63F868FFF79AFF26
:107AD000B860FB68012283F83420FB6800221A6337
:107AE000BB68062B02D0BB68052B0AD1FB681B685C
:107AF000184603F0CFF80246FB689B6B1A43FB68FD
:107B00009A63FB689B6B002B03D1F86803F0FAFCC7
:107B100002E0F868FFF79CFD00BF1037BD4680BD4E
:107B2000B0B594B004AF78600123FB817B681B681B
:107B3000184602F080FF0346002B02D14FF080630D
:107B4000B8E07B685B6C032B2FD07B681B68184602
:107B500003F067F9F863FB6B002B01D0FB6BA9E026
:107B60007B681B680021184602F0AAFF02467B686A
:107B70005A677B681B680421184602F0A1FF024681
:107B80007B689A677B681B680821184602F098FF9B
:107B900002467B68DA677B681B680C21184602F096
:107BA0008FFF02467B68C3F880207B685B6C032BE9
:107BB0000DD07B681B6807F10E021146184603F0D2
:107BC0006DF9F863FB6B002B01D0FB6B72E07B68F7
:107BD0005B6C032B36D0FB891A467B681A657B6881
:107BE0001A687B681B6D1B041946104603F037F9B1
:107BF000F863FB6B002B01D0FB6B5BE07B681B68C1
:107C00000021184602F05CFF02467B685A667B68DA
:107C10001B680421184602F053FF02467B689A66EF
:107C20007B681B680821184602F04AFF02467B6801
:107C3000DA667B681B680C21184602F041FF024699
:107C40007B681A677B681B680421184602F038FFBE
:107C500003461A0D7B68DA6407F110031946786849
:107C6000FFF700FD0346002B02D04FF0805321E0C8
:107C70007B6819687B681B6D1B0400221C46154637
:107C800022462B46084603F027F8F863FB6B002BCF
:107C900001D0FB6B0EE07B681D687B686C4603F1CE
:107CA000100207CA84E8070004330ECB284602F00E
:107CB0005DFE002318464037BD46B0BD80B586B096
:107CC00000AF78600023BB6000237B6100233B6131
:107CD0007B681B68184603F022F8F860FB68002BED
:107CE00001D0FB6872E07B681B68184603F035F82A
:107CF000F860FB68002B0DD07B6800229A647B68DB
:107D00001B68184603F00BF8F860FB68002B04D0E2
:107D1000FB685BE07B6801229A647B689B6C012BAB
:107D200037D17B681B680021184603F035F8F860EE
:107D3000FB68002B2DD04FF0805347E07B681B6819
:107D40000021184603F028F8F860FB68002B01D0EA
:107D5000FB683BE07B681B681E49184603F03EF851
:107D6000F860FB68002B02D04FF080532EE07B6858
:107D70001B680021184602F0A3FE78617B69DB0FC7
:107D8000012B01D1012300E000233B61BB680133DB
:107D9000BB60BB684FF6FE72934202D83B69002B72
:107DA000CCD0BB684FF6FE72934202D94FF080737D
:107DB0000CE07B6903F08043002B03D07B68012239
:107DC0005A6402E07B6800225A6400231846183780
:107DD000BD4680BD000010C180B582B000AF7860A4
:107DE0007B681B68184602F018FE00BF0837BD46C6
:107DF00080BD80B584B000AF786039603B68002BEF
:107E000002D14FF0006318E07B681A687B681B6D35
:107E10001B041946104603F062F8F860FB68002B5B
:107E200001D0FB6809E07B681B680021184602F05E
:107E300047FE02463B681A60002318461037BD46CD
:107E400080BD80B586B000AF78607B689B6AFB60C0
:107E50007B68DB6A3B613B69002B3FD000237B6181
:107E600033E07B681B68184602F0ABFDB860BB6866
:107E7000DAB2FB681A70FB680133FB603B69013BB7
:107E80003B61BB681B0ADAB2FB681A70FB680133FE
:107E9000FB603B69013B3B61BB681B0CDAB2FB68D2
:107EA0001A70FB680133FB603B69013B3B61BB68B7
:107EB0001B0EDAB2FB681A70FB680133FB603B698A
:107EC000013B3B617B6901337B617B69072BC8D92F
:107ED0007B68FA689A627B683A69DA6200BF183791
:107EE000BD4680BD80B586B000AF78607B681B6AF8
:107EF000FB607B685B6A3B613B69002B43D00023DE
:107F00007B6137E0FB681B78BB60FB680133FB607B
:107F10003B69013B3B61FB681B781A02BB6813435A
:107F2000BB60FB680133FB603B69013B3B61FB6865
:107F30001B781A04BB681343BB60FB680133FB600A
:107F40003B69013B3B61FB681B781A06BB68134326
:107F5000BB60FB680133FB603B69013B3B617B68B5
:107F60001B6807F108021146184602F037FD7B69CD
:107F700001337B617B69072BC4D97B68FA681A627D
:107F80007B683A695A6200BF1837BD4680BD80B52C
:107F900082B000AF78607B68002B01D101237BE0C9
:107FA0007B685B6A002B08D17B685B68B3F5827FD6
:107FB00009D07B680022DA6105E07B6800221A6143
:107FC0007B6800225A617B6800229A627B6893F882
:107FD0005130DBB2002B06D17B68002283F85020A1
:107FE0007868EAF72FFB7B68022283F851207B68D0
:107FF0001B681A687B681B6822F040021A607B6865
:108000005B6803F482727B689B6803F404431A4341
:108010007B68DB6803F400631A437B681B6903F029
:1080200002031A437B685B6903F001031A437B6810
:108030009B6903F400731A437B68DB6903F0380320
:108040001A437B681B6A03F0800342EA03017B68E2
:108050009B6A03F400527B681B680A431A607B68C2
:108060009B691B0C03F004017B685B6A03F0100240
:108070007B681B680A435A607B681B68DA697B6807
:108080001B6822F40062DA617B6800225A657B6813
:10809000012283F85120002318460837BD4680BDD1
:1080A00080B588B000AFF860B9603B601346FB80D4
:1080B000E9F724FEF861FB887B83FB6893F8513075
:1080C000DBB2012B01D002232AE1BB68002B02D0D6
:1080D000FB88002B01D1012322E1FB6893F850308B
:1080E000012B01D102231BE1FB68012283F8502000
:1080F000FB68032283F85120FB6800225A65FB6865
:10810000BA681A63FB68FA889A86FB68FA88DA8686
:10811000FB6800229A63FB6800229A87FB680022B2
:10812000DA87FB6800225A64FB6800221A64FB6845
:108130009B68B3F5004F0FD1FB681B681A68FB689A
:108140001B6822F040021A60FB681B681A68FB6813
:108150001B6842F480421A60FB681B681B6803F0CE
:108160004003402B07D0FB681B681A68FB681B683C
:1081700042F040021A60FB68DB68B3F5006F52D131
:10818000FB685B68002B02D07B8B012B45D1FB6821
:108190001B6B1A88FB681B68DA60FB681B6B9A1CF8
:1081A000FB681A63FB68DB8E9BB2013B9AB2FB68EB
:1081B000DA8632E0FB681B689B6803F00203022B3F
:1081C00012D1FB681B6B1A88FB681B68DA60FB68BE
:1081D0001B6B9A1CFB681A63FB68DB8E9BB2013B2E
:1081E0009AB2FB68DA8618E0E9F788FD0246FB6977
:1081F000D31A3A689A4203D83B68B3F1FF3F02D1E1
:108200003B68002B09D1FB68012283F85120FB68F1
:10821000002283F85020032382E0FB68DB8E9BB2B0
:10822000002BC7D153E0FB685B68002B02D07B8B2F
:10823000012B47D1FB681A6BFB681B680C33127863
:108240001A70FB681B6B5A1CFB681A63FB68DB8E99
:108250009BB2013B9AB2FB68DA8633E0FB681B688D
:108260009B6803F00203022B13D1FB681A6BFB68B7
:108270001B680C3312781A70FB681B6B5A1CFB6866
:108280001A63FB68DB8E9BB2013B9AB2FB68DA860D
:1082900018E0E9F733FD0246FB69D31A3A689A42BF
:1082A00003D83B68B3F1FF3F02D13B68002B09D1F3
:1082B000FB68012283F85120FB68002283F85020DC
:1082C00003232DE0FB68DB8E9BB2002BC6D1FA693D
:1082D0003968F86800F0DEFE0346002B02D0FB6828
:1082E00020225A65FB689B68002B0AD100237B6122
:1082F000FB681B68DB687B61FB681B689B687B61B4
:108300007B69FB68012283F85120FB68002283F817
:108310005020FB685B6D002B01D0012300E000239F
:1083200018462037BD4680BD80B588B002AFF860E2
:10833000B9603B601346FB80FB6893F85130DBB2B9
:10834000012B01D0022304E1FB685B68B3F5827F57
:1083500012D1FB689B68002B0ED1FB68042283F8C6
:108360005120FA883B6800931346BA68B968F868E8
:1083700000F0F3F80346ECE0E9F7C0FC7861BB6875
:10838000002B02D0FB88002B01D10123E1E0FB6828
:1083900093F85030012B01D10223DAE0FB6801226F
:1083A00083F85020FB68042283F85120FB680022E8
:1083B0005A65FB68BA689A63FB68FA889A87FB6813
:1083C000FA88DA87FB6800221A63FB6800229A8623
:1083D000FB680022DA86FB6800221A64FB68002230
:1083E0005A64FB689B68B3F5004F0FD1FB681B68AC
:1083F0001A68FB681B6822F040021A60FB681B6861
:108400001A68FB681B6822F480421A60FB681B68CC
:108410001B6803F04003402B07D0FB681B681A68F9
:10842000FB681B6842F040021A60FB68DB68002BA7
:1084300070D135E0FB681B689B6803F00103012BDA
:1084400015D1FB681B6803F10C02FB689B6B12786B
:10845000D2B21A70FB689B6B5A1CFB689A63FB686C
:10846000DB8F9BB2013B9AB2FB68DA8718E0E9F731
:1084700045FC02467B69D31A3A689A4203D83B68A6
:10848000B3F1FF3F02D13B68002B09D1FB68012209
:1084900083F85120FB68002283F85020032358E022
:1084A000FB68DB8F9BB2002BC4D138E0FB681B68F4
:1084B0009B6803F00103012B13D1FB681B68DA688A
:1084C000FB689B6B92B21A80FB689B6B9A1CFB68E3
:1084D0009A63FB68DB8F9BB2013B9AB2FB68DA8739
:1084E00018E0E9F70BFC02467B69D31A3A689A4216
:1084F00003D83B68B3F1FF3F02D13B68002B09D1A1
:10850000FB68012283F85120FB68002283F8502089
:1085100003231EE0FB68DB8F9BB2002BC6D17A6978
:108520003968F86800F050FD0346002B02D0FB6864
:1085300020225A65FB68012283F85120FB68002243
:1085400083F85020FB685B6D002B01D0012300E015
:10855000002318461837BD4680BD80B58AB000AFED
:10856000F860B9607A607B8001237B62E9F7C6FB23
:108570003862FB6893F85130FB77FB685B68BB613E
:108580007B88FB82FB7F012B0CD0BB69B3F5827F1C
:1085900006D1FB689B68002B02D1FB7F042B01D026
:1085A00002237FE1BB68002B05D07B68002B02D043
:1085B0007B88002B01D1012374E1FB6893F85030D4
:1085C000012B01D102236DE1FB68012283F85020C9
:1085D000FB6893F85130DBB2042B03D0FB68052213
:1085E00083F85120FB6800225A65FB687A689A6319
:1085F000FB687A88DA87FB687A889A87FB68BA68AA
:108600001A63FB687A88DA86FB687A889A86FB6840
:1086100000221A64FB6800225A64FB681B681B680E
:1086200003F04003402B07D0FB681B681A68FB6807
:108630001B6842F040021A60FB68DB68B3F5006F0C
:108640007ED1FB685B68002B02D0FB8A012B6CD1CA
:10865000FB681B6B1A88FB681B68DA60FB681B6B86
:108660009A1CFB681A63FB68DB8E9BB2013B9AB2D3
:10867000FB68DA8659E0FB681B689B6803F002031D
:10868000022B1BD1FB68DB8E9BB2002B16D07B6AC2
:10869000012B13D1FB681B6B1A88FB681B68DA601F
:1086A000FB681B6B9A1CFB681A63FB68DB8E9BB232
:1086B000013B9AB2FB68DA8600237B62FB681B6889
:1086C0009B6803F00103012B19D1FB68DB8F9BB280
:1086D000002B14D0FB681B68DA68FB689B6B92B2B6
:1086E0001A80FB689B6B9A1CFB689A63FB68DB8FA4
:1086F0009BB2013B9AB2FB68DA8701237B62E9F700
:10870000FDFA02463B6AD31A3A6B9A420DD83B6B8C
:10871000B3F1FF3F09D0FB68012283F85120FB68C9
:10872000002283F850200323BCE0FB68DB8E9BB261
:10873000002BA0D1FB68DB8F9BB2002B9BD182E08A
:10874000FB685B68002B02D0FB8A012B71D1FB68B0
:108750001A6BFB681B680C3312781A70FB681B6B72
:108760005A1CFB681A63FB68DB8E9BB2013B9AB212
:10877000FB68DA865DE0FB681B689B6803F0020318
:10878000022B1CD1FB68DB8E9BB2002B17D07B6ABF
:10879000012B14D1FB681A6BFB681B680C33127831
:1087A0001A70FB681B6B5A1CFB681A63FB68DB8E34
:1087B0009BB2013B9AB2FB68DA8600237B62FB68BE
:1087C0001B689B6803F00103012B19D1FB68DB8F49
:1087D0009BB2002B14D0FB681B68DA68FB689B6BAC
:1087E000D2B21A70FB689B6B5A1CFB689A63FB68D9
:1087F000DB8F9BB2013B9AB2FB68DA8701237B6275
:10880000E9F77CFA02463B6AD31A3A6B9A4203D8DC
:108810003B6BB3F1FF3F02D13B6B002B09D1FB68EF
:10882000012283F85120FB68002283F850200323A3
:1088300038E0FB68DB8E9BB2002B9CD1FB68DB8FA2
:108840009BB2002B97D13A6A396BF86800F022FC92
:108850000346002B08D0FB6820225A65FB680022E3
:1088600083F8502001231DE0FB689B68002B0AD190
:1088700000233B61FB681B68DB683B61FB681B688E
:108880009B683B613B69FB68012283F85120FB68D0
:10889000002283F85020FB685B6D002B01D0012380
:1088A00000E0002318462837BD4680BD80B586B05D
:1088B00000AFF860B9607A607B80FB6893F8513054
:1088C000FB75FB685B683B61FB7D012B0CD03B6952
:1088D000B3F5827F06D1FB689B68002B02D1FB7D3C
:1088E000042B01D00223CFE0BB68002B05D07B68AE
:1088F000002B02D07B88002B01D10123C4E0FB6850
:1089000093F85030012B01D10223BDE0FB68012216
:1089100083F85020FB6893F85130DBB2042B03D06E
:10892000FB68052283F85120FB6800225A65FB682A
:10893000BA681A63FB687A889A86FB687A88DA864E
:10894000FB687A689A63FB687A889A87FB687A88FA
:10895000DA87FB6800221A64FB6800225A64FB680D
:1089600093F85130DBB2042B08D1FB68DB6C484A2A
:108970001A64FB68DB6C474ADA6307E0FB68DB6C70
:10898000454A1A64FB68DB6C444ADA63FB68DB6CBB
:10899000434ADA64FB68DB6C00221A65FB68D86C1A
:1089A000FB681B680C331946FB689B6B1A46FB6817
:1089B000DB8F9BB2FAF7B8F80346002B0BD0FB68AD
:1089C0005B6D43F01002FB685A65FB68002283F878
:1089D0005020012358E0FB681B685A68FB681B683D
:1089E00042F001025A60FB689B6C00221A64FB682B
:1089F0009B6C0022DA63FB689B6C0022DA64FB68E4
:108A00009B6C00221A65FB68986CFB681B6B19460F
:108A1000FB681B680C331A46FB68DB8E9BB2FAF7C7
:108A200083F80346002B0BD0FB685B6D43F010020C
:108A3000FB685A65FB68002283F85020012323E07D
:108A4000FB681B681B6803F04003402B07D0FB68E2
:108A50001B681A68FB681B6842F040021A60FB68DA
:108A6000002283F85020FB681B685A68FB681B686B
:108A700042F020025A60FB681B685A68FB681B685A
:108A800042F002025A60002318461837BD4680BDE6
:108A9000198E0108E18C0108358E0108898D0108C5
:108AA000518E010880B588B000AF78607B681B6884
:108AB0005B68FB617B681B689B68BB61BB699B094A
:108AC00003F00103002B0FD1BB6903F00103002B5E
:108AD0000AD0FB699B0903F00103002B04D07B68DB
:108AE0001B6C78689847D7E0BB695B0803F001030B
:108AF000002B0AD0FB69DB0903F00103002B04D033
:108B00007B685B6C78689847C6E0BB695B0903F0DB
:108B10000103002B0CD1BB699B0903F00103002B5F
:108B200006D1BB691B0A03F00103002B00F0B480DF
:108B3000FB695B0903F00103002B00F0AD80BB690A
:108B40009B0903F00103002B23D07B6893F851307D
:108B5000DBB2032B11D07B685B6D43F004027B68B2
:108B60005A6500237B617B681B68DB687B617B68DF
:108B70001B689B687B617B690BE000233B617B6822
:108B80001B68DB683B617B681B689B683B613B69DA
:108B900082E0BB695B0903F00103002B14D07B6802
:108BA0005B6D43F001027B685A650023FB607B68C4
:108BB0001B689B68FB607B681B681A687B681B6886
:108BC00022F040021A60FB68BB691B0A03F0010334
:108BD000002B0CD07B685B6D43F008027B685A6504
:108BE0000023BB607B681B689B68BB60BB687B68BD
:108BF0005B6D002B4FD07B681B685A687B681B68D5
:108C000022F0E0025A607B68012283F85120FB6960
:108C100003F00203002B04D1FB6903F00103002BD6
:108C200034D07B681B685A687B681B6822F003029B
:108C30005A607B68DB6C002B11D07B68DB6C184AB8
:108C40001A657B68DB6C1846FAF736F80346002B8A
:108C500005D07B685B6D43F040027B685A657B689A
:108C60009B6C002B16D07B689B6C0D4A1A657B6849
:108C70009B6C1846FAF720F80346002B0AD07B6855
:108C80005B6D43F040027B685A6503E07868E9F762
:108C90001FF800E000BF00BF2037BD4680BD00BF09
:108CA000918E010880B483B000AF786000BF0C37AC
:108CB000BD465DF8047B704780B483B000AF786038
:108CC00000BF0C37BD465DF8047B704780B483B0AD
:108CD00000AF786000BF0C37BD465DF8047B70477D
:108CE00080B584B000AF78607B689B6BFB60E9F770
:108CF00005F8B8607B681B681B6803F48073B3F5E4
:108D0000807F3BD0FB681B685A68FB681B6822F0B9
:108D100020025A60FB689B68002B0DD1FB685B68E2
:108D2000B3F5827F08D1FB681B685A68FB681B6833
:108D300022F003025A6007E0FB681B685A68FB6870
:108D40001B6822F001025A60BA686421F86800F0DA
:108D50003BF90346002B02D0FB6820225A65FB68D2
:108D60000022DA87FB68012283F85120FB685B6DE3
:108D7000002B03D0F868E8F7ABFF02E0F868FFF7D4
:108D800091FF1037BD4680BD80B584B000AF7860DC
:108D90007B689B6BFB60E8F7B1FFB8607B681B6882
:108DA0001B6803F48073B3F5807F2FD0FB681B68CA
:108DB0005A68FB681B6822F020025A60BA68642176
:108DC000F86800F067F90346002B05D0FB685B6D7F
:108DD00043F02002FB685A65FB681B685A68FB6811
:108DE0001B6822F003025A60FB680022DA86FB68E7
:108DF0000022DA87FB68012283F85120FB685B6D53
:108E0000002B03D0F868E8F763FF02E0F868E9F7A1
:108E10003DF81037BD4680BD80B584B000AF7860A6
:108E20007B689B6BFB60F868FFF746FF00BF10375D
:108E3000BD4680BD80B584B000AF78607B689B6B19
:108E4000FB60F868FFF742FF00BF1037BD4680BDEA
:108E500080B584B000AF78607B689B6BFB60FB687B
:108E60001B685A68FB681B6822F003025A60FB68A3
:108E70005B6D43F01002FB685A65FB68012283F8C2
:108E80005120F868E8F724FF00BF1037BD4680BDC9
:108E900080B584B000AF78607B689B6BFB60FB683B
:108EA0000022DA87FB680022DA86F868E8F710FF0C
:108EB00000BF1037BD4680BD80B588B000AFF860F8
:108EC000B9603B601346FB71E8F718FF0246BB6AC6
:108ED0009B1A3A681344FB61E8F710FFB861394BFD
:108EE0001B685B011B0DFA6902FB03F37B6154E015
:108EF0003B68B3F1FF3F50D0E8F700FF0246BB6983
:108F0000D31AFA699A4202D9FB69002B3DD1FB685A
:108F10001B685A68FB681B6822F0E0025A60FB6815
:108F20005B68B3F5827F11D1FB689B68B3F5004F96
:108F300004D0FB689B68B3F5806F07D1FB681B68A2
:108F40001A68FB681B6822F040021A60FB689B6A83
:108F5000B3F5005F0FD1FB681B681A68FB681B68DC
:108F600022F400521A60FB681B681A68FB681B68D1
:108F700042F400521A60FB68012283F85120FB681A
:108F8000002283F85020032317E07B69002B01D1D6
:108F90000023FB617B69013B7B61FB681B689A686E
:108FA000BB681340BA689A420CBF01230023DBB2AE
:108FB0001A46FB799A429BD1002318462037BD46BA
:108FC00080BD00BF3802002080B586B002AFF860D7
:108FD000B9607A60FB685B68B3F5827F11D1FB688A
:108FE0009B68B3F5004F04D0FB689B68B3F5806FB6
:108FF00007D1FB681B681A68FB681B6822F04002F7
:109000001A60FB685B68B3F5827F2AD1FB689B68B6
:10901000B3F5806F12D07B680093BB68002280217B
:10902000F868FFF749FF0346002B2DD0FB685B6D06
:1090300043F02002FB685A65032326E07B68009317
:10904000BB6800220121F868FFF736FF0346002BBA
:109050001AD0FB685B6D43F02002FB685A6503235E
:1090600013E07B680093BB6800220121F868FFF7DA
:1090700023FF0346002B07D0FB685B6D43F0200203
:10908000FB685A65032300E0002318461037BD46ED
:1090900080BD000080B588B002AFF860B9607A602A
:1090A0007B680093BB6801220221F868FFF704FF88
:1090B0000346002B07D0FB685B6D43F02002FB6882
:1090C0005A65032332E01B4B1B681B4AA2FB032398
:1090D0005B0D4FF47A7202FB03F37B61FB685B6804
:1090E000B3F5827F12D17B680093BB680022802198
:1090F000F868FFF7E1FE0346002B16D0FB685B6DB6
:1091000043F02002FB685A6503230FE07B69002BC4
:109110000AD07B69013B7B61FB681B689B6803F09D
:109120008003802BF2D000E000BF002318461837E0
:10913000BD4680BD38020020819F5E1680B584B098
:1091400000AFF860B9607A60FB68002B01D10123A1
:1091500038E0FB6893F84930DBB2002B06D1FB689E
:10916000002283F84820F868E9F77CFCFB681A685D
:10917000FB6808331946104601F020FBFB681868AD
:10918000FB689B681A46B96801F082FBFB68586867
:10919000FB689A68FB681B6B796801F0AFFBFB68A2
:1091A0001B68FA68926853F82210FB681B68FA681B
:1091B000926841F0010143F82210FB68012283F814
:1091C0004920002318461037BD4680BD80B582B0C7
:1091D00000AF78607B68002B01D1012341E07B6800
:1091E00093F83D30DBB2002B06D17B68002283F878
:1091F0003C20786800F039F87B68022283F83D2033
:109200007B681A687B6804331946104600F0C0F981
:109210007B68012283F846207B68012283F83E2088
:109220007B68012283F83F207B68012283F840207D
:109230007B68012283F841207B68012283F8422069
:109240007B68012283F843207B68012283F8442055
:109250007B68012283F845207B68012283F83D204A
:10926000002318460837BD4680BD80B483B000AFE8
:10927000786000BF0C37BD465DF8047B7047000086
:1092800080B485B000AF78607B6893F83D30DBB286
:10929000012B01D001234EE07B68022283F83D20A0
:1092A0007B681B68DA687B681B6842F00102DA6041
:1092B0007B681B68234A934222D07B681B68B3F10A
:1092C000804F1DD07B681B681F4A934218D07B6873
:1092D0001B681E4A934213D07B681B681C4A93424A
:1092E0000ED07B681B681B4A934209D07B681B68C1
:1092F000194A934204D07B681B68184A934211D1E3
:109300007B681B689B6803F00703FB60FB68062B08
:1093100010D07B681B681A687B681B6842F00102EA
:109320001A6007E07B681B681A687B681B6842F05C
:1093300001021A60002318461437BD465DF8047B0D
:10934000704700BF000001400004004000080040DA
:10935000000C0040000401400040014000180040A3
:1093600080B584B000AF78607B681B68DB68FB6009
:109370007B681B681B69BB60BB6803F00203002BA2
:1093800020D0FB6803F00203002B1BD07B681B6816
:109390006FF002021A617B6801221A777B681B68F2
:1093A0009B6903F00303002B03D0786800F0D2F828
:1093B00005E0786800F0C4F8786800F0D5F87B68BC
:1093C00000221A77BB6803F00403002B20D0FB684F
:1093D00003F00403002B1BD07B681B686FF00402B2
:1093E0001A617B6802221A777B681B689B6903F409
:1093F0004073002B03D0786800F0ACF805E0786883
:1094000000F09EF8786800F0AFF87B6800221A77C9
:10941000BB6803F00803002B20D0FB6803F00803AF
:10942000002B1BD07B681B686FF008021A617B68F9
:1094300004221A777B681B68DB6903F00303002BA7
:1094400003D0786800F086F805E0786800F078F8D6
:10945000786800F089F87B6800221A77BB6803F00F
:109460001003002B20D0FB6803F01003002B1BD04F
:109470007B681B686FF010021A617B6808221A77FC
:109480007B681B68DB6903F44073002B03D07868AA
:1094900000F060F805E0786800F052F8786800F0B5
:1094A00063F87B6800221A77BB6803F00103002B86
:1094B0000CD0FB6803F00103002B07D07B681B680E
:1094C0006FF001021A617868E8F738FEBB6803F0B4
:1094D0008003002B0CD0FB6803F08003002B07D027
:1094E0007B681B686FF080021A61786800F006F9EB
:1094F000BB6803F04003002B0CD0FB6803F0400373
:10950000002B07D07B681B686FF040021A617868F7
:1095100000F034F8BB6803F02003002B0CD0FB688C
:1095200003F02003002B07D07B681B686FF020023C
:109530001A61786800F0D8F800BF1037BD4680BDCA
:1095400080B483B000AF786000BF0C37BD465DF8D3
:10955000047B704780B483B000AF786000BF0C37E5
:10956000BD465DF8047B704780B483B000AF78607F
:1095700000BF0C37BD465DF8047B704780B483B0F4
:1095800000AF786000BF0C37BD465DF8047B7047C4
:1095900080B485B000AF786039607B681B68FB6081
:1095A0007B68464A934213D07B68B3F1804F0FD05B
:1095B0007B68434A93420BD07B68424A934207D070
:1095C0007B68414A934203D07B68404A934208D16A
:1095D000FB6823F07003FB603B685B68FA68134329
:1095E000FB607B68354A93422BD07B68B3F1804F98
:1095F00027D07B68324A934223D07B68314A93421A
:109600001FD07B68304A93421BD07B682F4A93421D
:1096100017D07B682E4A934213D07B682D4A934221
:109620000FD07B682C4A93420BD07B682B4A934225
:1096300007D07B682A4A934203D07B68294A934229
:1096400008D1FB6823F44073FB603B68DB68FA6871
:109650001343FB60FB6823F080023B685B691343A4
:10966000FB607B68FA681A603B689A687B68DA621C
:109670003B681A687B689A627B68104A934203D001
:109680007B68124A934203D13B681A697B681A636C
:109690007B6801225A617B681B6903F00103012B7F
:1096A00005D17B681B6923F001027B681A6100BF4A
:1096B0001437BD465DF8047B704700BF00000140D1
:1096C0000004004000080040000C0040000401407D
:1096D00000400140004401400048014000180040A3
:1096E000001C00400020004080B483B000AF7860D0
:1096F00000BF0C37BD465DF8047B704780B483B073
:1097000000AF786000BF0C37BD465DF8047B704742
:1097100080B582B000AF78607B68002B01D1012357
:1097200042E07B6893F84130DBB2002B06D17B68C6
:10973000002283F840207868E9F758F87B682422F3
:1097400083F841207B681B68DA687B681B6822F419
:109750000052DA60786800F0BDFD7B681B681A690A
:109760007B681B6822F490421A617B681B685A6907
:109770007B681B6822F02A025A617B681B68DA68E2
:109780007B681B6842F40052DA607B6800225A64EE
:109790007B68202283F841207B68202283F84220C6
:1097A0007B6800225A63002318460837BD4680BDF7
:1097B00080B58AB002AFF860B9603B601346FB80A9
:1097C00000237B61FB6893F84130DBB2202B75D11D
:1097D000BB68002B02D0FB88002B01D101236EE077
:1097E000FB6800225A64FB68212283F84120E8F7D5
:1097F00085FA7861FB68FA889A84FB68FA88DA84CB
:10980000FB689B68B3F5805F08D1FB681B69002B80
:1098100004D10023FB61BB68BB6103E0BB68FB6153
:109820000023BB612EE03B6800937B69002280210E
:10983000F86800F01FFB0346002B05D0FB682022D0
:1098400083F8412003233AE0FB69002B0BD1BB696D
:109850001B881A46FB681B68C2F308025A60BB6982
:109860000233BB6107E0FB691A78FB681B685A602A
:10987000FB690133FB61FB68DB8C9BB2013B9AB255
:10988000FB68DA84FB68DB8C9BB2002BCBD13B6896
:1098900000937B6900224021F86800F0EBFA034650
:1098A000002B05D0FB68202283F84120032306E02B
:1098B000FB68202283F84120002300E002231846A1
:1098C0002037BD4680BD80B584B000AFF860B96078
:1098D0001346FB80FB6893F84230DBB2202B12D199
:1098E000BB68002B02D0FB88002B01D101230BE0C9
:1098F000FB6800221A63FB881A46B968F86800F012
:1099000012FB034600E0022318461037BD4680BD17
:1099100080B5BAB000AF78607B681B681B68C7F879
:10992000E4307B681B68DB68C7F8E0307B681B6845
:109930005B69C7F8DC300023C7F8D8300023C7F8CC
:10994000D430D7F8E43003F00F03C7F8D830D7F895
:10995000D830002B0FD1D7F8E43003F02003002BD0
:1099600009D0D7F8E03003F02003002B03D078684B
:1099700000F0F2FB5BE2D7F8D830002B00F0DE807D
:10998000D7F8DC3003F00103002B06D1D7F8E03024
:1099900003F49073002B00F0D180D7F8E43003F08B
:1099A0000103002B0BD0D7F8E03003F48073002BB9
:1099B00005D07B685B6C43F001027B685A64D7F882
:1099C000E43003F00403002B0BD0D7F8DC3003F0B5
:1099D0000103002B05D07B685B6C43F002027B68BF
:1099E0005A64D7F8E43003F00203002B0BD0D7F809
:1099F000DC3003F00103002B05D07B685B6C43F087
:109A000004027B685A64D7F8E43003F00803002BA3
:109A100011D0D7F8E03003F02003002B05D1D7F8A0
:109A2000DC3003F00103002B05D07B685B6C43F056
:109A300008027B685A647B685B6C002B00F0F28143
:109A4000D7F8E43003F02003002B08D0D7F8E0303B
:109A500003F02003002B02D0786800F07DFB7B68C8
:109A60001B685B6903F04003402B0CBF01230023FC
:109A7000DBB2C7F8D4307B685B6C03F00803002BC3
:109A800003D1D7F8D430002B4FD0786800F085FA96
:109A90007B681B685B6903F04003402B41D17B6806
:109AA0001B681433C7F89C30D7F89C3053E8003F4C
:109AB000C7F89830D7F8983023F04003C7F8D03073
:109AC0007B681B681433D7F8D020C7F8A820C7F8E4
:109AD000A430D7F8A410D7F8A82041E80023C7F88D
:109AE000A030D7F8A030002BD9D17B68DB6B002BDE
:109AF00013D07B68DB6B7E4A1A657B68DB6B18468C
:109B0000F9F7DAF80346002B16D07B68DB6B1B6D88
:109B10007A68D26B104698470EE0786800F094F9A6
:109B20000AE0786800F090F906E0786800F08CF9B7
:109B30007B6800225A6475E100BF73E17B681B6B90
:109B4000012B40F04F81D7F8E43003F01003002BD5
:109B500000F04881D7F8E03003F01003002B00F04C
:109B600041810023BB607B681B681B68BB607B680E
:109B70001B685B68BB60BB687B681B685B6903F044
:109B80004003402B40F0B6807B68DB6B1B685B6852
:109B9000A7F8BE30B7F8BE30002B00F045817B68D7
:109BA0009B8DB7F8BE209A4280F03E817B68B7F863
:109BB000BE20DA857B68DB6BDB69B3F5807F00F064
:109BC00088807B681B680C33C7F88830D7F88830EA
:109BD00053E8003FC7F88430D7F8843023F480730B
:109BE000C7F8B8307B681B680C33D7F8B820C7F8C3
:109BF0009420C7F89030D7F89010D7F8942041E817
:109C00000023C7F88C30D7F88C30002BD9D17B6873
:109C10001B6814337B677B6F53E8003F3B673B6FE8
:109C200023F00103C7F8B4307B681B681433D7F8FE
:109C3000B420C7F88020FB67F96FD7F8802041E88F
:109C40000023BB67BB6F002BE1D17B681B6814331B
:109C50003B663B6E53E8003FFB65FB6D23F0400322
:109C6000C7F8B0307B681B681433D7F8B020FA66A9
:109C7000BB66B96EFA6E41E800237B667B6E002BF3
:109C8000E3D17B68202283F842207B6800221A639C
:109C90007B681B680C33FB64FB6C53E8003FBB64C0
:109CA000BB6C23F01003C7F8AC307B681B680C3327
:109CB000D7F8AC20BA657B65796DBA6D41E80023B1
:109CC0003B653B6D002BE3D17B68DB6B1846F8F7F7
:109CD00083FF7B6802225A637B689A8D7B68DB8DE9
:109CE0009BB2D31A9BB21946786800F0B7F89BE094
:109CF00061A001087B689A8D7B68DB8D9BB2D31ACB
:109D0000A7F8CE307B68DB8D9BB2002B00F08E80F5
:109D1000B7F8CE30002B00F089807B681B680C33CD
:109D2000BB63BB6B53E8003F7B637B6B23F4907397
:109D3000C7F8C8307B681B680C33D7F8C8207A6432
:109D40003B64396C7A6C41E80023FB63FB6B002BAE
:109D5000E3D17B681B6814337B627B6A53E8003F66
:109D60003B623B6A23F00103C7F8C4307B681B6881
:109D70001433D7F8C4203A63FB62F96A3A6B41E8BE
:109D80000023BB62BB6A002BE3D17B68202283F8EF
:109D900042207B6800221A637B681B680C333B619E
:109DA0003B6953E8003FFB60FB6823F01003C7F8F2
:109DB000C0307B681B680C33D7F8C020FA61BB61E8
:109DC000B969FA6941E800237B617B69002BE3D123
:109DD0007B6802225A63B7F8CE301946786800F0E3
:109DE0003DF823E0D7F8E43003F08003002B09D0DE
:109DF000D7F8E03003F08003002B03D0786800F040
:109E000043F914E0D7F8E43003F04003002B0ED000
:109E1000D7F8E03003F04003002B08D0786800F05A
:109E200083F904E000BF02E000BF00E000BFE837B4
:109E3000BD4680BD80B483B000AF786000BF0C37F2
:109E4000BD465DF8047B704780B483B000AF786096
:109E500000BF0C37BD465DF8047B704780B483B00B
:109E600000AF78600B467B8000BF0C37BD465DF8C5
:109E7000047B704780B586B000AFF860B9603B6086
:109E80001346FB713BE03B6AB3F1FF3F37D0E7F786
:109E900035FF02463B68D31A3A6A9A4202D33B6ABC
:109EA000002B01D103233AE0FB681B68DB6803F059
:109EB0000403002B23D0BB68802B20D0BB68402B31
:109EC0001DD0FB681B681B6803F00803082B16D124
:109ED00000237B61FB681B681B687B61FB681B6858
:109EE0005B687B617B69F86800F057F8FB680822C3
:109EF0005A64FB68002283F8402001230FE0FB68CE
:109F00001B681A68BB681340BA689A420CBF0123E9
:109F10000023DBB21A46FB799A42B4D000231846DC
:109F20001837BD4680BD80B485B000AFF860B96019
:109F30001346FB80FB68BA689A62FB68FA889A85C8
:109F4000FB68FA88DA85FB6800225A64FB682222E3
:109F500083F84220FB681B69002B07D0FB681B6855
:109F6000DA68FB681B6842F48072DA60FB681B6881
:109F70005A69FB681B6842F001025A61FB681B6862
:109F8000DA68FB681B6842F02002DA60002318469A
:109F90001437BD465DF8047B704780B495B000AFC0
:109FA00078607B681B680C337B637B6B53E8003FF6
:109FB0003B633B6B23F49073FB647B681B680C333F
:109FC000FA6C3A64FB63F96B3A6C41E80023BB63BB
:109FD000BB6B002BE5D17B681B6814333B623B6A8B
:109FE00053E8003FFB61FB6923F00103BB647B681E
:109FF0001B681433BA6CFA62BB62B96AFA6A41E848
:10A0000000237B627B6A002BE5D17B681B6B012BF5
:10A0100019D17B681B680C33FB60FB6853E8003F79
:10A02000BB60BB6823F010037B647B681B680C3348
:10A030007A6CBA617B617969BA6941E800233B6156
:10A040003B69002BE5D17B68202283F842207B68A6
:10A0500000221A6300BF5437BD465DF8047B704789
:10A0600080B584B000AF78607B689B6BFB60FB6859
:10A070000022DA85FB680022DA84F868FFF7E4FE44
:10A0800000BF1037BD4680BD80B485B000AF78609A
:10A090007B6893F84130DBB2212B3ED17B689B6813
:10A0A000B3F5805F14D17B681B69002B10D17B68EE
:10A0B0001B6AFB60FB681B881A467B681B68C2F33F
:10A0C00008025A607B681B6A9A1C7B681A6208E067
:10A0D0007B681B6A591C7A6811621A787B681B6856
:10A0E0005A607B68DB8C9BB2013B9BB27A68194655
:10A0F000D184002B0FD17B681B68DA687B681B68F2
:10A1000022F08002DA607B681B68DA687B681B6873
:10A1100042F04002DA60002300E0022318461437C0
:10A12000BD465DF8047B704780B582B000AF7860B3
:10A130007B681B68DA687B681B6822F04002DA6083
:10A140007B68202283F841207868FFF773FE0023A4
:10A1500018460837BD4680BD80B58CB000AF78602A
:10A160007B6893F84230DBB2222B40F0AE807B68F4
:10A170009B68B3F5805F17D17B681B69002B13D1F7
:10A180000023FB627B689B6ABB627B681B685B6821
:10A190009BB2C3F308039AB2BB6A1A807B689B6ABE
:10A1A0009A1C7B689A6226E07B689B6AFB620023AC
:10A1B000BB627B689B68B3F5805F07D07B689B6858
:10A1C000002B0AD17B681B69002B06D17B681B68BA
:10A1D0005B68DAB2FB6A1A7008E07B681B685B6830
:10A1E000DBB203F07F03DAB2FB6A1A707B689B6A0A
:10A1F0005A1C7B689A627B68DB8D9BB2013B9BB2E9
:10A200007A681946D185002B5DD17B681B68DA68B6
:10A210007B681B6822F02002DA607B681B68DA68C2
:10A220007B681B6822F48072DA607B681B685A695D
:10A230007B681B6822F001025A617B68202283F848
:10A2400042207B6800225A637B681B6B012B35D14F
:10A250007B6800221A637B681B680C337B617B6917
:10A2600053E8003F3B613B6923F010037B627B684E
:10A270001B680C337A6A3A62FB61F9693A6A41E811
:10A280000023BB61BB69002BE5D17B681B681B68A1
:10A2900003F01003102B0AD10023FB607B681B68BE
:10A2A0001B68FB607B681B685B68FB60FB687B6806
:10A2B0009B8D19467868FFF7D1FD02E07868E7F7D3
:10A2C0000DFE002302E0002300E002231846303791
:10A2D000BD4680BD2DE9B04FC0B000AFC7F8F40057
:10A2E000D7F8F4301B681B6923F44050D7F8F430DA
:10A2F000D968D7F8F4301A6840EA01031361D7F837
:10A30000F4309A68D7F8F4301B691A43D7F8F43060
:10A310005B691A43D7F8F430DB691343C7F8F830A8
:10A32000D7F8F4301B68DB6823F4164121F00C01E8
:10A33000D7F8F4301A68D7F8F8300B43D360D7F861
:10A34000F4301B685B6923F44070D7F8F4309969E6
:10A35000D7F8F4301A6840EA01035361D7F8F430B3
:10A360001A688F4B9A4205D0D7F8F4301A688D4B93
:10A370009A4204D1FBF7DAFDC7F8FC0003E0FBF7D3
:10A38000C1FDC7F8FC00D7F8F430DB69B3F5004F26
:10A3900040F00C81D7F8FC300022C7F8E830C7F84D
:10A3A000EC20D7E93A4522462B469118B9655B4126
:10A3B000FB65D7E91623214612EB0108294643EB3A
:10A3C00001094FF000024FF000034FEAC90343EACE
:10A3D00058734FEAC80290469946234618EB030388
:10A3E000C7F8E0302B4649EB0303C7F8E430D7F851
:10A3F000F4305B680022C7F8D830C7F8DC20D7E912
:10A4000036120B46DB183B65134642EB03037B65B4
:10A41000D7E91423D7E93801E6F796FC02460B4644
:10A42000614BA3FB02235B091C01D7F8FC3000221F
:10A43000C7F8D030C7F8D420D7E9348942464B4614
:10A440009118B9645B41FB64D7E91223414612EBD2
:10A45000010A494643EB010B4FF000024FF00003A5
:10A460004FEACB0343EA5A734FEACA0292469B462D
:10A4700043461AEB0303C7F8C8304B464BEB0303C4
:10A48000C7F8CC30D7F8F4305B680022C7F8C0308A
:10A49000C7F8C420D7E930120B46DB183B641346DB
:10A4A00042EB03037B64D7E91023D7E93201E6F7D7
:10A4B0004BFC02460B4611463B4BA3FB01235B09B9
:10A4C000642202FB03F3CB1ADB0003F13202364BAA
:10A4D000A3FB02235B095B0003F4F8731C44D7F869
:10A4E000FC300022C7F8B830C7F8BC20D7E92E8965
:10A4F00042464B469118B9635B41FB63D7E90E2393
:10A5000041465118396349464B417B634FF0000285
:10A510004FF00003D7E90CAB5946CB00514643EA54
:10A5200051735146CA0010461946034642469B18CD
:10A53000C7F8B0304B460A4642EB0303C7F8B430C5
:10A54000D7F8F4305B680022C7F8A830C7F8AC2011
:10A55000D7E92A120B46DB18BB62134642EB030312
:10A56000FB62D7E90A23D7E92C01E6F7EDFB0246A7
:10A570000B460D4BA3FB02135B09642101FB03F3A4
:10A58000D31ADB003233084AA2FB03235B0903F032
:10A590000702D7F8F4301B6822449A6006E100BF36
:10A5A00000100140001401401F85EB51D7F8FC302A
:10A5B0000022C7F8A030C7F8A420D7E9288942466E
:10A5C0004B46911839625B417B62D7E908234146CB
:10A5D0005418494643EB01054FF000024FF00003C9
:10A5E000EB0043EA5473E20014461D464346E31869
:10A5F000C7F898304B4645EB0303C7F89C30D7F8B3
:10A60000F4305B680022C7F89030C7F894204FF010
:10A6100000024FF00003D7E9244529468B0021466C
:10A6200043EA917321468A00D7E92601E6F78CFBBD
:10A6300002460B46604BA3FB02235B091C01D7F8C3
:10A64000FC300022C7F88830C7F88C20D7E922896F
:10A6500042464B469118B9615B41FB61D7E906233D
:10A6600041465118396149464B417B614FF0000228
:10A670004FF00003D7E904AB5946CB00514643EAFB
:10A6800051735146CA0010461946034642469B186C
:10A69000C7F880304B460A4642EB0303C7F88430C4
:10A6A000D7F8F4305B680022BB67FA674FF000020E
:10A6B0004FF00003D7E91E8949468B00414643EA23
:10A6C000917341468A00D7E92001E6F73DFB024637
:10A6D0000B461146384BA3FB01235B09642202FBA6
:10A6E00003F3CB1A1B013233334AA2FB03235B096A
:10A6F00003F0F0031C44D7F8FC3000223B677A6774
:10A70000D7E91C8942464B469118B9605B41FB6012
:10A71000D7E9022341465118396049464B417B60D5
:10A720004FF000024FF00003D7E900AB5946CB00D1
:10A73000514643EA51735146CA0010461946034632
:10A7400042469B18BB664B460A4642EB0303FB6638
:10A75000D7F8F4305B6800223B667A664FF000025F
:10A760004FF00003D7E9188949468B00414643EA78
:10A77000917341468A00D7E91A01E6F7E5FA0246E5
:10A780000B460D4BA3FB02135B09642101FB03F392
:10A79000D31A1B013233084AA2FB03235B0903F0DF
:10A7A0000F02D7F8F4301B6822449A6000BF07F507
:10A7B0008077BD46BDE8B08F1F85EB5180B487B070
:10A7C00000AF786039603B681A687B6853F82230C4
:10A7D0003A68126823F001017B6843F822103B6855
:10A7E0009B68082B02D140237B6101E000237B6141
:10A7F0003B685A687B691A433B689B681A433B680D
:10A80000DB681A433B681B691A433B685B691A4360
:10A810003B68DB691A433B681B6A1A433B685B6A07
:10A820001A433B689B6A1A433B68DB6A1A433B68DE
:10A830001B6B13433B613B689B693A6913433B6164
:10A840003B68DB6B3A6913433B61104BFB60FB6871
:10A8500043F48063FB60FB6843F4E023FB603B68E8
:10A860001A687B6853F82220FB68DB4302EA030185
:10A870003B681A683B6919437B6843F82210002340
:10A8800018461C37BD465DF8047B70477FFB080007
:10A8900080B485B000AFF860B9607A607B685A1CFC
:10A8A000FB6853F8223003F04041BB681A68BB686C
:10A8B0005B681B011A43BB689B681B021A43BB6899
:10A8C000DB681B041A43BB681B69013B1B051A4369
:10A8D000BB685B69023B1B061A43BB689B69134359
:10A8E0007A6801321943FB6843F8221000231846A6
:10A8F0001437BD465DF8047B7047000080B485B016
:10A9000000AFF860B9607A603B603B68B3F5804F98
:10A910001DD1FB687A6853F82220134B1340BA68A4
:10A920001168BA68526812011143BA68926812023B
:10A930001143BA6892691143BA68D26812040A4393
:10A9400043EA0201FB687A6843F8221005E0FB68DD
:10A950007A686FF0704143F82210002318461437CC
:10A96000BD465DF8047B70470000F0CF84B080B432
:10A9700085B000AF786007F11C0080E80E0000236E
:10A98000FB60FA693B6A1A437B6A1A43BB6A1A4343
:10A99000FB6A1A433B6B1343FA681343FB607B6803
:10A9A0005B6823F4FD4323F07F03FA681A437B6856
:10A9B0005A60002318461437BD465DF8047B04B086
:10A9C000704780B483B000AF78607B68D3F8803084
:10A9D00018460C37BD465DF8047B704780B483B0E1
:10A9E00000AF786039603B681A687B68C3F88020E4
:10A9F000002318460C37BD465DF8047B704780B4D1
:10AA000083B000AF78607B6803221A600023184689
:10AA10000C37BD465DF8047B704780B483B000AF4F
:10AA200078607B6800221A60002318460C37BD4608
:10AA30005DF8047B704780B483B000AF78607B68BA
:10AA40001B6803F0030318460C37BD465DF8047B12
:10AA5000704780B485B000AF786039600023FB6038
:10AA60003B681A687B689A603B685A683B689B68D9
:10AA70001A433B68DB681A433B681B691343FA6857
:10AA80001343FB607B68DB6823F47F6323F00F03D1
:10AA9000FA681A437B68DA60002318461437BD460B
:10AAA0005DF8047B704780B483B000AF78607B684A
:10AAB0001B69DBB218460C37BD465DF8047B704756
:10AAC00080B485B000AF786039607B6814331A4673
:10AAD0003B681344FB60FB681B6818461437BD468F
:10AAE0005DF8047B704780B485B000AF7860396052
:10AAF0000023FB603B681A687B685A623B685A68AF
:10AB00007B689A623B689A683B68DB681A433B68DB
:10AB10001B691A433B685B691343FA681343FB6084
:10AB20007B68DB6A23F0F702FB681A437B68DA6212
:10AB3000002318461437BD465DF8047B704780B586
:10AB400088B000AF786039603B68BB601023FB6061
:10AB500040233B6100237B614FF48063BB6107F1BD
:10AB6000080319467868FFF774FF41F28832102114
:10AB7000786800F0D7F9F861FB6918462037BD46C0
:10AB800080BD80B588B000AF786039603B68BB603D
:10AB90001123FB6040233B6100237B614FF4806302
:10ABA000BB6107F1080319467868FFF752FF41F2CD
:10ABB00088321121786800F0B5F9F861FB69184610
:10ABC0002037BD4680BD80B588B000AF7860396061
:10ABD0003B68BB601223FB6040233B6100237B6129
:10ABE0004FF48063BB6107F1080319467868FFF7EB
:10ABF00030FF41F288321221786800F093F9F86151
:10AC0000FB6918462037BD4680BD80B588B000AFCF
:10AC1000786039603B68BB601823FB6040233B6170
:10AC200000237B614FF48063BB6107F10803194681
:10AC30007868FFF70EFF41F288321821786800F03B
:10AC400071F9F861FB6918462037BD4680BD80B5B3
:10AC500088B000AF786039603B68BB601923FB6047
:10AC600040233B6100237B614FF48063BB6107F1AC
:10AC7000080319467868FFF7ECFE41F28832192183
:10AC8000786800F04FF9F861FB6918462037BD4637
:10AC900080BD000080B588B000AF78600023BB6045
:10ACA0000C23FB6040233B6100237B614FF48063F6
:10ACB000BB6107F1080319467868FFF7CAFE054A29
:10ACC0000C21786800F02EF9F861FB6918462037EE
:10ACD000BD4680BD00E1F50580B58AB000AFF860E3
:10ACE000C7E900233B683B6107237B614023BB61CD
:10ACF0000023FB614FF480633B6207F110031946A8
:10AD0000F868FFF7A6FE41F288320721F86800F0E4
:10AD100009F978627B6A18462837BD4680BD80B540
:10AD200088B000AF78600023BB600023FB60002385
:10AD30003B6100237B614FF48063BB6107F1080333
:10AD400019467868FFF785FE786800F023FBF86104
:10AD5000FB6918462037BD4680BD80B588B000AF7E
:10AD600078604FF4D573BB600823FB6040233B61E0
:10AD700000237B614FF48063BB6107F10803194630
:10AD80007868FFF766FE786800F0B6FAF861FB694C
:10AD900018462037BD4680BD80B588B000AF7860CA
:10ADA00039603B68BB603723FB6040233B61002375
:10ADB0007B614FF48063BB6107F108031946786833
:10ADC000FFF747FE41F288323721786800F0AAF891
:10ADD000F861FB6918462037BD4680BD80B588B054
:10ADE00000AF786039603B6843F0004343F4801360
:10ADF000BB602923FB6040233B6100237B614FF450
:10AE00008063BB6107F1080319467868FFF721FEEC
:10AE1000786800F0BDF9F861FB6918462037BD4637
:10AE200080BD80B588B000AF78600023BB6002238E
:10AE3000FB60C0233B6100237B614FF48063BB61F7
:10AE400007F1080319467868FFF703FE786800F0F9
:10AE500057F9F861FB6918462037BD4680BD80B5BB
:10AE600088B000AF786039603B68BB600923FB6045
:10AE7000C0233B6100237B614FF48063BB6107F11A
:10AE8000080319467868FFF7E4FD786800F038F9A0
:10AE9000F861FB6918462037BD4680BD80B588B093
:10AEA00000AF786039600023BB600323FB60402360
:10AEB0003B6100237B614FF48063BB6107F10803B2
:10AEC00019467868FFF7C5FD3A680321786800F0F5
:10AED0009DF9F861FB6918462037BD4680BD80B5F5
:10AEE00088B000AF786039603B68BB600D23FB60C1
:10AEF00040233B6100237B614FF48063BB6107F11A
:10AF0000080319467868FFF7A4FD41F288320D2145
:10AF1000786800F007F8F861FB6918462037BD46ED
:10AF200080BD000080B588B000AFF8600B467A6045
:10AF3000FB72704B1B68704AA2FB03235A0A7B68A2
:10AF400002FB03F3FB61FB695A1EFA61002B02D17D
:10AF50004FF00043C9E0FB685B6BBB61BB6903F06A
:10AF60004503002BEFD0BB6903F40063002BEAD14B
:10AF7000FB685B6B03F00403002B04D0FB68042226
:10AF80009A630423B1E0FB685B6B03F00103002BC1
:10AF900004D0FB6801229A630123A6E0FB68C52266
:10AFA0009A63F868FFF77FFD03461A46FB7A9342DF
:10AFB00001D0012399E00021F868FFF781FD786155
:10AFC0007A694E4B1340002B01D100238DE07B6941
:10AFD000002B02DA4FF0007387E07B6903F08043B7
:10AFE000002B01D0402380E07B6903F00053002B4D
:10AFF00001D0802379E07B6903F08053002B02D0DD
:10B000004FF4807371E07B6903F00063002B02D082
:10B010004FF4007369E07B6903F08063002B02D07A
:10B020004FF4806361E07B6903F08073002B02D0F2
:10B030004FF4006359E07B6903F40003002B02D056
:10B040004FF4805351E07B6903F48003002B02D05E
:10B050004FF4005349E07B6903F40013002B02D046
:10B060004FF4804341E07B6903F48013002B02D04E
:10B070004FF4004339E07B6903F48023002B02D0B6
:10B080004FF4003331E07B6903F40033002B02D02E
:10B090004FF4802329E07B6903F48033002B02D036
:10B0A0004FF4002321E07B6903F40043002B02D01E
:10B0B0004FF4801319E07B6903F48043002B02D026
:10B0C0004FF4001311E07B6903F40053002B02D00E
:10B0D0004FF4800309E07B6903F00803002B02D0E2
:10B0E0004FF4000301E04FF4803318462037BD468B
:10B0F00080BD00BF38020020D34D621008E0FFFD84
:10B1000080B485B000AF78601F4B1B681F4AA2FB5C
:10B1100003235B0A41F2883202FB03F3FB60FB6806
:10B120005A1EFA60002B02D14FF0004326E07B68E4
:10B130005B6BBB60BB6803F04503002BEFD0BB68C3
:10B1400003F40063002BEAD17B685B6B03F004031C
:10B15000002B04D07B6804229A6304230EE07B68F2
:10B160005B6B03F00103002B04D07B6801229A6320
:10B17000012303E07B68C5229A6300231846143735
:10B18000BD465DF8047B704738020020D34D621045
:10B1900080B485B000AF78601A4B1B681A4AA2FBD6
:10B1A00003235B0A41F2883202FB03F3FB60FB6876
:10B1B0005A1EFA60002B02D14FF000431BE07B685F
:10B1C0005B6BBB60BB6803F04503002BEFD0BB6833
:10B1D00003F40063002BEAD17B685B6B03F004038C
:10B1E000002B04D07B6804229A63042303E07B686D
:10B1F000C5229A63002318461437BD465DF8047BC8
:10B20000704700BF38020020D34D621080B588B06F
:10B2100000AFF8600B467A60FB72354B1B68354A0D
:10B22000A2FB03235B0A41F2883202FB03F3FB61BA
:10B23000FB695A1EFA61002B02D14FF0004352E025
:10B24000FB685B6BBB61BB6903F04503002BEFD070
:10B25000BB6903F40063002BEAD1FB685B6B03F06E
:10B260000403002B04D0FB6804229A6304233AE011
:10B27000FB685B6B03F00103002B04D0FB68012229
:10B280009A6301232FE0F868FFF70DFC03461A4686
:10B29000FB7A934201D0012325E0FB68C5229A6323
:10B2A0000021F868FFF70CFC78617B6903F46043C8
:10B2B000002B06D17B691B0C9AB27B681A80002395
:10B2C00011E07B6903F48043002B02D04FF400535C
:10B2D00009E07B6903F40043002B02D04FF4805354
:10B2E00001E04FF4803318462037BD4680BD00BFD3
:10B2F00038020020D34D621080B485B000AF786072
:10B30000224B1B68224AA2FB03235B0A41F28832CC
:10B3100002FB03F3FB60FB685A1EFA60002B02D1AC
:10B320004FF000432CE07B685B6BBB60BB6803F0B5
:10B330004503002BEFD0BB6803F40063002BEAD178
:10B340007B685B6B03F00403002B04D07B68042252
:10B350009A63042314E07B685B6B03F00103002B0A
:10B3600004D07B6801229A63012309E07B685B6B50
:10B3700003F04003002B02D07B6840229A63002335
:10B3800018461437BD465DF8047B7047380200202C
:10B39000D34D621080B485B000AF7860114B1B684C
:10B3A000114AA2FB03235B0A41F2883202FB03F33A
:10B3B000FB60FB685A1EFA60002B02D14FF000437D
:10B3C00009E07B685B6B03F08003002BF1D07B68A6
:10B3D000C5229A63002318461437BD465DF8047BE6
:10B3E000704700BF38020020D34D621080B500AF17
:10B3F0000449054808F0D4F803461A46034B1A706E
:10B4000000BF80BD502A002088BF02084C2A0020BF
:10B4100080B400AF00231846BD465DF8047B70473A
:10B4200080B582B000AF0023FB7100F090F80346B6
:10B43000012B01D0012305E00448FBF73FFB034645
:10B44000FB71FB7918460837BD4680BD1806002001
:10B4500080B588B002AFF860B9607A603B600023C5
:10B46000FB753B6800937B68BA68F9680648FBF790
:10B47000F5FB0346002B01D00123FB75FB7D18462D
:10B480001837BD4680BD00BF1806002080B588B0C3
:10B4900002AFF860B9607A603B600023FB753B68DF
:10B4A00000937B68BA68F9680648FBF7BDFD034660
:10B4B000002B01D00123FB75FB7D18461837BD46D4
:10B4C00080BD00BF1806002080B500AF0548FCF71E
:10B4D00099FA0346042B14BF01230023DBB218465C
:10B4E00080BD00BF1806002080B582B000AF786034
:10B4F00079680348FCF75AFA00BF0837BD4680BD9B
:10B500001806002080B582B000AF786000F018F80F
:10B5100000BF0837BD4680BD80B582B000AF7860FF
:10B52000E6F774FC00BF0837BD4680BD80B582B029
:10B5300000AF7860E6F78AFC00BF0837BD4680BDE3
:10B5400080B400AF00BFBD465DF8047B704780B596
:10B5500082B000AF0123FB7100F00CF80346002B12
:10B5600001D10023FB71FB79DBB218460837BD46D9
:10B5700080BD000080B582B000AF0123FB714FF4A5
:10B5800080710648F8F794FB0346002B01D0002396
:10B59000FB71FB7918460837BD4680BD0018024094
:10B5A00080B582B000AF0346FB710B4B01221A70CD
:10B5B000FFF78AFF0346002B07D1074B1B78DBB24E
:10B5C00023F00103DAB2044B1A70034B1B78DBB291
:10B5D00018460837BD4680BDA902002080B582B05C
:10B5E00000AF0346FB710B4B01221A70FFF718FFE7
:10B5F0000346002B07D1FB791846FFF7D1FF03461E
:10B600001A46044B1A70034B1B78DBB218460837F6
:10B61000BD4680BDA902002080B582B000AF0346C0
:10B62000FB71FB791846FFF7BBFF03461846083746
:10B63000BD4680BD80B586B000AFB9607A603B6022
:10B640000346FB730123FB754FF0FF333A687968BB
:10B65000B868FFF7FDFE0346002B07D100BFFFF7D8
:10B6600033FF0346002BFAD10023FB75FB7D184600
:10B670001837BD4680BD80B586B000AFB9607A602E
:10B680003B600346FB730123FB754FF0FF333A68C1
:10B690007968B868FFF7FAFE0346002B07D100BFB0
:10B6A000FFF712FF0346002BFAD10023FB75FB7D49
:10B6B00018461837BD4680BD80B58CB000AF034634
:10B6C0003A60FB710B46BB71012387F82F30254B85
:10B6D0001B78DBB203F00103002B01D003233CE015
:10B6E000BB79032B34D801A252F823F0FDB6010830
:10B6F00005B701081DB7010837B70108002387F80F
:10B700002F3028E007F10C031846FFF7EDFE7A6AA8
:10B710003B681A60002387F82F301CE007F10C0308
:10B720001846FFF7E1FEBB6A9AB23B681A80002315
:10B7300087F82F300FE007F10C031846FFF7D4FE0F
:10B74000BB6A5A0A3B681A60002387F82F3002E070
:10B75000042387F82F3097F82F3018463037BD462E
:10B7600080BD00BFA902002080B582B000AF1C20C0
:10B7700003F04EFE78607B68002B0AD07B680022C5
:10B780001A607B680433184600F088F97B68002251
:10B790001A767B6818460837BD4680BD80B590B0E4
:10B7A00000AFF860B9607A603B60FB687B630023A0
:10B7B000BB6300233B63FB68002B0BD14FF05003AE
:10B7C00083F31188BFF36F8FBFF34F8F3B6200BFCE
:10B7D00000BFFDE7BB68B3F1807F0BD34FF0500390
:10B7E00083F31188BFF36F8FBFF34F8FFB6100BFEF
:10B7F00000BFFDE7BB68002B0BD14FF0500383F374
:10B800001188BFF36F8FBFF34F8FBB6100BF00BFC5
:10B81000FDE702F091FA0346002B02D1BB6C002B2E
:10B8200001D1012300E00023002B0BD14FF0500386
:10B8300083F31188BFF36F8FBFF34F8F7B6100BF1E
:10B8400000BFFDE701F066FC7B6B1B68FB623A689A
:10B85000B968F86A00F000F9B862BB6A002B0ED034
:10B86000FB6AFB630023BB647B68002B28D07B6BE7
:10B870001A68BB68DB431A407B6B1A6020E0BB6C24
:10B88000002B04D1FB6AFB6301233B6318E07B6858
:10B89000002B03D0BB6B43F08073BB633B68002B72
:10B8A00003D0BB6B43F08063BB637B6B181DBA682E
:10B8B000BB6B1343BA6C194601F002FF0023FB6314
:10B8C00001F036FC7862BB6C002B31D07B6A002B18
:10B8D00007D11A4B4FF080521A60BFF34F8FBFF35E
:10B8E0006F8F02F04BFCF863FB6B03F00073002BCF
:10B8F0001AD103F067FC7B6B1B68FB633A68B9687D
:10B90000F86B00F0A9F80346002B09D07B68002BE8
:10B9100006D07B6B1A68BB68DB431A407B6B1A60EE
:10B9200001233B6303F080FCFB6B23F07F43FB634D
:10B93000FB6B18464037BD4680BD00BF04ED00E0FC
:10B9400080B58EB000AF7860396000233B637B68C0
:10B95000BB620023FB627B68002B0BD14FF05003CE
:10B9600083F31188BFF36F8FBFF34F8F3B6100BF2D
:10B9700000BFFDE73B68B3F1807F0BD34FF050036E
:10B9800083F31188BFF36F8FBFF34F8FFB6000BF4E
:10B9900000BFFDE7BB6A04337B627B6A08333B620E
:10B9A00001F0B8FB7B6ADB687B63BB6A1A683B68A3
:10B9B0001A43BB6A1A603CE07B6B5B68FB617B6B84
:10B9C0001B68BB610023FB62BB6903F07F437B61A3
:10B9D000BB6923F07F43BB617B6903F08063002B6D
:10B9E00008D1BB6A1A68BB691340002B0BD0012336
:10B9F000FB6208E0BB6A1A68BB691340BA699A42E5
:10BA000001D10123FB62FB6A002B10D07B6903F09C
:10BA10008073002B03D03A6BBB6913433B63BB6A53
:10BA20001B6843F000731946786B01F0C1FFFB6996
:10BA30007B637A6B3B6A9A42BED1BB6A1A683B6BE6
:10BA4000DB431A40BB6A1A6001F072FBBB6A1B68D9
:10BA500018463837BD4680BD80B487B000AFF86067
:10BA6000B9607A6000237B617B68002B07D1FA689C
:10BA7000BB681340002B0AD001237B6107E0FA6802
:10BA8000BB681340BA689A4201D101237B617B698C
:10BA900018461C37BD465DF8047B704780B483B000
:10BAA00000AF78607B6803F108027B685A607B68AE
:10BAB0004FF0FF329A607B6803F108027B68DA601E
:10BAC0007B6803F108027B681A617B6800221A60B8
:10BAD00000BF0C37BD465DF8047B704780B483B06F
:10BAE00000AF78607B6800221A6100BF0C37BD464A
:10BAF0005DF8047B704780B485B000AF7860396032
:10BB00003B681B68BB60BB68B3F1FF3F03D17B6838
:10BB10001B69FB600CE07B680833FB6002E0FB689C
:10BB20005B68FB60FB685B681B68BA689A42F6D288
:10BB3000FB685A683B685A603B685B683A689A6081
:10BB40003B68FA689A60FB683A685A603B687A68B2
:10BB50001A617B681B685A1C7B681A6000BF143727
:10BB6000BD465DF8047B704780B485B000AF786057
:10BB70007B681B69FB607B685B687A6892689A6087
:10BB80007B689B687A6852685A60FB685B687A6871
:10BB90009A4203D17B689A68FB685A607B680022EE
:10BBA0001A61FB681B685A1EFB681A60FB681B68F9
:10BBB00018461437BD465DF8047B704780B586B0E3
:10BBC00000AF7860396001237B617B683B613B6932
:10BBD000002B0BD14FF0500383F31188BFF36F8F0D
:10BBE000BFF34F8FFB6000BF00BFFDE73B69002B39
:10BBF0005DD03B69DB6B002B59D03B691A6C3B690C
:10BC0000DB6B0021A3FB0223002B00D001210B469C
:10BC1000002B4CD103F0D6FA3B691A683B69DB6B09
:10BC20003969096C01FB03F31A443B699A603B696B
:10BC300000229A633B691A683B695A603B691A683B
:10BC40003B69DB6B013B3969096C01FB03F31A4467
:10BC50003B69DA603B69FF2283F844203B69FF229D
:10BC600083F845203B68002B14D13B691B69002BEE
:10BC70001AD03B691033184601F0C0FD0346002B73
:10BC800012D0164B4FF080521A60BFF34F8FBFF3A4
:10BC90006F8F09E03B6910331846FFF7FFFE3B69E1
:10BCA00024331846FFF7FAFE03F0BEFA01E0002342
:10BCB0007B617B69002B0BD14FF0500383F311881C
:10BCC000BFF36F8FBFF34F8FBB6000BF00BFFDE7B7
:10BCD0007B6918461837BD4680BD00BF04ED00E003
:10BCE00080B58CB002AFF860B9607A603B60002329
:10BCF0007B623B68002B0BD14FF0500383F311881C
:10BD0000BFF36F8FBFF34F8F3B6200BF00BFFDE7F4
:10BD1000FB68002B31D03B68002B2ED07B68002BBA
:10BD200002D0BB68002B28D07B68002B02D1BB68F7
:10BD3000002B22D148237B617B69482B0BD04FF02D
:10BD4000500383F31188BFF36F8FBFF34F8FFB61F5
:10BD500000BF00BFFDE77B693B687B627B6A012215
:10BD600083F8462097F830207B6A009313467A6860
:10BD7000B968F86800F068F80EE07B6A002B0BD118
:10BD80004FF0500383F31188BFF36F8FBFF34F8FD2
:10BD9000BB6100BF00BFFDE77B6A18462837BD4680
:10BDA00080BD80B58AB002AFF860B9601346FB7100
:10BDB0000023FB61FB68002B32D00021BA68FB68CE
:10BDC000A3FB0223002B00D001210B46002B27D11F
:10BDD000FB68BA6802FB03F313F1490F20D8FB6834
:10BDE000BA6802FB03F3BB61BB694833184603F032
:10BDF0000FFBF861FB69002B21D0FB697B617B693C
:10BE000048337B61FB69002283F84620FA79FB699D
:10BE1000009313467A69B968F86800F015F80EE0E7
:10BE2000FB69002B0BD14FF0500383F31188BFF354
:10BE30006F8FBFF34F8F3B6100BF00BFFDE7FB6912
:10BE400018462037BD4680BD80B584B000AFF8608D
:10BE5000B9607A60FB70BB68002B03D1BB69BA691B
:10BE60001A6002E0BB697A681A60BB69FA68DA6333
:10BE7000BB69BA681A640121B869FFF79FFE00BF69
:10BE80001037BD4680BD80B582B000AF78607B685A
:10BE9000002B0ED07B6800229A607B6800221A601B
:10BEA0007B680022DA60002300220021786800F01D
:10BEB0001DF800BF0837BD4680BD80B586B000AF15
:10BEC0000346FB7101237B6100233B61FB791A462A
:10BED00039697869FFF765FFF860F868FFF7D3FF05
:10BEE000FB6818461837BD4680BD000080B58EB08F
:10BEF00000AFF860B9607A603B6000237B63FB6849
:10BF00003B633B6B002B0BD14FF0500383F3118845
:10BF1000BFF36F8FBFF34F8FBB6200BF00BFFDE762
:10BF2000BB68002B03D13B6B1B6C002B01D10123A1
:10BF300000E00023002B0BD14FF0500383F3118856
:10BF4000BFF36F8FBFF34F8F7B6200BF00BFFDE772
:10BF50003B68022B03D13B6BDB6B012B01D101232F
:10BF600000E00023002B0BD14FF0500383F3118826
:10BF7000BFF36F8FBFF34F8F3B6200BF00BFFDE782
:10BF800001F0DAFE0346002B02D17B68002B01D1C1
:10BF9000012300E00023002B0BD14FF0500383F36B
:10BFA0001188BFF36F8FBFF34F8FFB6100BF00BFDE
:10BFB000FDE703F007F93B6B9A6B3B6BDB6B9A4237
:10BFC00002D33B68022B29D13A68B968386B00F07C
:10BFD00006FCF8623B6B5B6A002B10D03B6B243392
:10BFE000184601F00BFC0346002B13D03F4B4FF0DB
:10BFF00080521A60BFF34F8FBFF36F8F0AE0FB6A66
:10C00000002B07D0394B4FF080521A60BFF34F8F8F
:10C01000BFF36F8F03F008F9012363E07B68002B07
:10C0200003D103F001F900235CE07B6B002B06D108
:10C0300007F11403184601F07FFD01237B6303F031
:10C04000F3F801F067F803F0BDF83B6B93F8443068
:10C050005BB2B3F1FF3F03D13B6B002283F8442076
:10C060003B6B93F845305BB2B3F1FF3F03D13B6BC1
:10C07000002283F8452003F0D7F83A1D07F1140396
:10C080001146184601F06EFD0346002B24D1386B93
:10C0900000F09DFC0346002B18D03B6B10337A68F0
:10C0A0001146184601F0E6FA386B00F028FC01F062
:10C0B0003FF80346002B7FF47CAF0C4B4FF08052CF
:10C0C0001A60BFF34F8FBFF36F8F72E7386B00F0CA
:10C0D00016FC01F02DF86CE7386B00F010FC01F055
:10C0E00027F8002318463837BD4680BD04ED00E030
:10C0F00080B592B000AFF860B9607A603B60FB68D1
:10C100003B643B6C002B0BD14FF0500383F3118841
:10C11000BFF36F8FBFF34F8FFB6200BF00BFFDE720
:10C12000BB68002B03D13B6C1B6C002B01D101239E
:10C1300000E00023002B0BD14FF0500383F3118854
:10C14000BFF36F8FBFF34F8FBB6200BF00BFFDE730
:10C150003B68022B03D13B6CDB6B012B01D101232C
:10C1600000E00023002B0BD14FF0500383F3118824
:10C17000BFF36F8FBFF34F8F7B6200BF00BFFDE740
:10C1800003F004F9EFF311824FF0500383F31188A9
:10C19000BFF36F8FBFF34F8F3A62FB613B6AFB6364
:10C1A0003B6C9A6B3B6CDB6B9A4202D33B68022B75
:10C1B00047D13B6C93F8453087F83B303B6C9B6B29
:10C1C0007B633A68B968386C00F009FB97F93B303B
:10C1D000B3F1FF3F12D13B6C5B6A002B2ED03B6C5E
:10C1E0002433184601F00AFB0346002B26D07B6857
:10C1F000002B23D07B6801221A601FE001F0B0F809
:10C20000386397F93B303A6B9A4217D997F93B302C
:10C210007F2B0BD14FF0500383F31188BFF36F8F47
:10C22000BFF34F8FBB6100BF00BFFDE797F83B3006
:10C230000133DBB25AB23B6C83F8452001237B64A7
:10C2400001E000237B64FB6B7B617B6983F31188D6
:10C2500000BF7B6C18464837BD4680BD80B590B0A6
:10C2600000AF786039607B68BB63BB6B002B0BD180
:10C270004FF0500383F31188BFF36F8FBFF34F8FDD
:10C280007B6200BF00BFFDE7BB6B1B6C002B0BD0BC
:10C290004FF0500383F31188BFF36F8FBFF34F8FBD
:10C2A0003B6200BF00BFFDE7BB6B1B68002B03D1E7
:10C2B000BB6B9B68002B01D1012300E00023002B06
:10C2C0000BD14FF0500383F31188BFF36F8FBFF38F
:10C2D0004F8FFB6100BF00BFFDE703F057F8EFF39E
:10C2E00011824FF0500383F31188BFF36F8FBFF3B8
:10C2F0004F8FBA617B61BB697B63BB6B9B6B3B639D
:10C30000BB6BDB6B3A6B9A4243D2BB6B93F8453005
:10C3100087F82F303B6B5A1CBB6B9A6397F92F3011
:10C32000B3F1FF3F12D1BB6B5B6A002B2ED0BB6B0E
:10C330002433184601F062FA0346002B26D03B68EE
:10C34000002B23D03B6801221A601FE001F008F89F
:10C35000B86297F92F30BA6A9A4217D997F92F30F5
:10C360007F2B0BD14FF0500383F31188BFF36F8FF6
:10C37000BFF34F8F3B6100BF00BFFDE797F82F3041
:10C380000133DBB25AB2BB6B83F845200123FB6358
:10C3900001E00023FB637B6BFB60FB6883F3118888
:10C3A00000BFFB6B18464037BD4680BD80B58CB0E2
:10C3B00000AFF860B9607A600023FB62FB68BB6283
:10C3C000BB6A002B0BD14FF0500383F31188BFF3EE
:10C3D0006F8FBFF34F8F3B6200BF00BFFDE7BB68AD
:10C3E000002B03D1BB6A1B6C002B01D1012300E0A1
:10C3F0000023002B0BD14FF0500383F31188BFF3C0
:10C400006F8FBFF34F8FFB6100BF00BFFDE701F0EF
:10C4100093FC0346002B02D17B68002B01D1012342
:10C4200000E00023002B0BD14FF0500383F3118861
:10C43000BFF36F8FBFF34F8FBB6100BF00BFFDE73E
:10C4400002F0C0FEBB6A9B6B7B627B6A002B1FD035
:10C45000B968B86A00F02DFA7B6A5A1EBB6A9A6303
:10C46000BB6A1B69002B0FD0BB6A1033184601F062
:10C47000C5F90346002B07D03C4B4FF080521A60A1
:10C48000BFF34F8FBFF36F8F02F0CEFE012369E041
:10C490007B68002B03D102F0C7FE002362E0FB6A39
:10C4A000002B06D107F11003184601F045FB0123CC
:10C4B000FB6202F0B9FE00F02DFE02F083FEBB6AC3
:10C4C00093F844305BB2B3F1FF3F03D1BB6A002263
:10C4D00083F84420BB6A93F845305BB2B3F1FF3F69
:10C4E00003D1BB6A002283F8452002F09DFE3A1D6D
:10C4F00007F110031146184601F034FB0346002BE8
:10C5000023D1B86A00F04DFA0346002B17D0BB6A5E
:10C5100024337A681146184601F0ACF8B86A00F086
:10C52000EEF900F005FE0346002B89D10F4B4FF0CA
:10C5300080521A60BFF34F8FBFF36F8F80E7B86AE6
:10C5400000F0DDF900F0F4FD7AE7B86A00F0D7F901
:10C5500000F0EEFDB86A00F024FA0346002B3FF429
:10C560006FAF002318463037BD4680BD04ED00E0B4
:10C5700080B58CB000AF786039600023FB627B68C7
:10C580007B620023BB627B6A002B0BD14FF0500310
:10C5900083F31188BFF36F8FBFF34F8FBB6100BF71
:10C5A00000BFFDE77B6A1B6C002B0BD04FF05003E4
:10C5B00083F31188BFF36F8FBFF34F8F7B6100BF91
:10C5C00000BFFDE701F0B8FB0346002B02D13B683A
:10C5D000002B01D1012300E00023002B0BD14FF0F1
:10C5E000500383F31188BFF36F8FBFF34F8F3B610D
:10C5F00000BF00BFFDE702F0E5FD7B6A9B6B3B627D
:10C600003B6A002B24D03B6A5A1E7B6A9A637B6A82
:10C610001B68002B04D101F0C9FD02467B6A9A60B9
:10C620007B6A1B69002B0FD07B6A1033184601F020
:10C63000E5F80346002B07D04C4B4FF080521A60B0
:10C64000BFF34F8FBFF36F8F02F0EEFD012389E040
:10C650003B68002B03D102F0E7FD002382E0FB6A78
:10C66000002B06D107F10803184601F065FA0123F3
:10C67000FB6202F0D9FD00F04DFD02F0A3FD7B6AE4
:10C6800093F844305BB2B3F1FF3F03D17B6A0022E1
:10C6900083F844207B6A93F845305BB2B3F1FF3FE7
:10C6A00003D17B6A002283F8452002F0BDFD3A46A3
:10C6B00007F108031146184601F054FA0346002B0F
:10C6C00032D1786A00F06DF90346002B26D07B6AE0
:10C6D0001B68002B09D102F075FD7B6A9B68184628
:10C6E00001F048FBB86202F09FFD7B6A24333A6890
:10C6F0001146184600F0BEFF786A00F000F900F01D
:10C7000017FD0346002B7FF476AF184B4FF0805295
:10C710001A60BFF34F8FBFF36F8F6CE7786A00F03A
:10C72000EEF800F005FD66E7786A00F0E8F800F042
:10C73000FFFC786A00F035F90346002B3FF45BAF4D
:10C74000BB6A002B0DD002F03DFD786A00F02FF897
:10C75000F8617B6A9B68F969184601F053FC02F0A6
:10C7600063FD002318463037BD4680BD04ED00E070
:10C7700080B584B000AF78607B68002B0BD14FF0A0
:10C78000500383F31188BFF36F8FBFF34F8FBB60EC
:10C7900000BF00BFFDE702F015FD7B689B6BFB60EF
:10C7A00002F042FDFB6818461037BD4680BD80B4DC
:10C7B00085B000AF78607B685B6A002B06D07B6831
:10C7C0001B6B1B68C3F10703FB6001E00023FB60E8
:10C7D000FB6818461437BD465DF8047B704780B58A
:10C7E00086B000AFF860B9607A6000237B61FB68B7
:10C7F0009B6B3B61FB681B6C002B0DD1FB681B68BE
:10C80000002B4DD1FB689B68184601F053FB786103
:10C81000FB6800229A6043E07B68002B19D1FB681B
:10C820005868FB681B6C1A46B9680BF0AEFFFB68D2
:10C830005A68FB681B6C1A44FB685A60FB685A68AC
:10C84000FB689B689A422BD3FB681A68FB685A60A6
:10C8500026E0FB68D868FB681B6C1A46B9680BF0C9
:10C8600094FFFB68DA68FB681B6C5B421A44FB6848
:10C87000DA60FB68DA68FB681B689A4207D2FB68DB
:10C880009A68FB681B6C5B421A44FB68DA607B6841
:10C89000022B05D13B69002B02D03B69013B3B6178
:10C8A0003B695A1CFB689A637B6918461837BD467A
:10C8B00080BD80B582B000AF786039607B681B6C4A
:10C8C000002B18D07B68DA687B681B6C1A447B6885
:10C8D000DA607B68DA687B689B689A4203D37B687E
:10C8E0001A687B68DA607B68D9687B681B6C1A46BB
:10C8F00038680BF04AFF00BF0837BD4680BD80B5E1
:10C9000084B000AF786002F05DFC7B6893F845303E
:10C91000FB7311E07B685B6A002B12D07B682433C9
:10C92000184600F06BFF0346002B01D001F082F99E
:10C93000FB7B013BDBB2FB7397F90F30002BE9DC8B
:10C9400000E000BF7B68FF2283F8452002F06CFC0A
:10C9500002F038FC7B6893F84430BB7311E07B68CD
:10C960001B69002B12D07B681033184600F046FF7D
:10C970000346002B01D001F05DF9BB7B013BDBB22C
:10C98000BB7397F90E30002BE9DC00E000BF7B6839
:10C99000FF2283F8442002F047FC00BF1037BD4659
:10C9A00080BD80B584B000AF786002F00BFC7B687E
:10C9B0009B6B002B02D10123FB6001E00023FB6095
:10C9C00002F032FCFB6818461037BD4680BD80B5CA
:10C9D00084B000AF786002F0F5FB7B689A6B7B68EF
:10C9E000DB6B9A4202D10123FB6001E00023FB6074
:10C9F00002F01AFCFB6818461037BD4680BD0000E7
:10CA000080B487B000AF7860396000233B617B68F9
:10CA1000002B0BD14FF0500383F31188BFF36F8FBE
:10CA2000BFF34F8FFB6000BF00BFFDE73B68002BEB
:10CA300024D000237B611EE0184A7B69DB0013448D
:10CA40005B687A689A4205D17B69DB00134A13441C
:10CA50003B6113E03B69002B0AD1104A7B6952F815
:10CA60003330002B04D17B69DB000C4A13443B615B
:10CA70007B6901337B617B69072BDDD93B69002B27
:10CA800005D03B693A681A603B697A685A6000BF12
:10CA90001C37BD465DF8047B704700BF542A002058
:10CAA00080B586B000AFF860B9607A60FB687B61E2
:10CAB00002F088FB7B6993F844305BB2B3F1FF3F2F
:10CAC00003D17B69002283F844207B6993F84530C9
:10CAD0005BB2B3F1FF3F03D17B69002283F84520AD
:10CAE00002F0A2FB7B699B6B002B06D17B69243390
:10CAF0007A68B968184600F03BFE7869FFF7FFFED8
:10CB000000BF1837BD4680BD80B58EB004AFF86059
:10CB1000B9607A603B607B6B002B0BD14FF0500308
:10CB200083F31188BFF36F8FBFF34F8F3B6200BF5A
:10CB300000BFFDE7BB6B002B0BD14FF0500383F31D
:10CB40001188BFF36F8FBFF34F8FFB6100BF00BF32
:10CB5000FDE7A0237B617B69A02B0BD04FF0500336
:10CB600083F31188BFF36F8FBFF34F8FBB6100BF9B
:10CB700000BFFDE77B69BB6B002B1FD07B6B002BDD
:10CB80001CD0BB6B7B62A0220021786A0AF01BFFDD
:10CB90007B6A7A6B1A637B6A022283F89D200023EA
:10CBA00003937B6A0293FB6B01933B6B00933B689F
:10CBB0007A68B968F86800F08FF801E000237B62BA
:10CBC0007B6A18462837BD4680BD80B58AB004AF61
:10CBD000F860B9607A603B6000233B6107F11003A5
:10CBE0000393BB6A02937B6A01933B6A00933B68A1
:10CBF0007A68B968F868FFF787FF78617B69002B6E
:10CC000002D0786900F006F93B6918461837BD462E
:10CC100080BD80B58AB004AFF860B9607A603B60CF
:10CC20007B689B00184602F0F3FB38613B69002BE0
:10CC300013D0A02002F0ECFB78617B69002B08D0B8
:10CC4000A022002178690AF0BEFE7B693A691A6366
:10CC500005E0386902F014FD01E000237B617B6987
:10CC6000002B11D07B69002283F89D2000230393C1
:10CC70007B6902937B6A01933B6A00933B687A6805
:10CC8000B968F86800F028F87B6918461837BD467F
:10CC900080BD80B588B002AFF860B9607A603B6053
:10CCA0007B6A01933B6A00933B687A68B968F868CD
:10CCB000FFF7AFFF38613B69002B05D0386900F002
:10CCC000A9F801237B6102E04FF0FF337B617B69B0
:10CCD00018461837BD4680BD80B588B000AFF860F3
:10CCE000B9607A603B603B6B1A6B7B6803F18043F1
:10CCF000013B9B001344BB61BB6923F00703BB618D
:10CD0000BB6903F00703002B0BD04FF0500383F3F4
:10CD10001188BFF36F8FBFF34F8F7B6100BF00BFE0
:10CD2000FDE7BB68002B1ED00023FB6112E0BA6850
:10CD3000FB69134419783A6BFB69134434330A4690
:10CD40001A70BA68FB6913441B78002B06D0FB6984
:10CD50000133FB61FB690F2BE9D900E000BF3B6B9E
:10CD6000002283F84320BB6A062B0BD94FF05003F7
:10CD700083F31188BFF36F8FBFF34F8F3B6100BF09
:10CD800000BFFDE7BB6A062B01D90623BB623B6BE4
:10CD9000BA6ADA623B6BBA6A5A643B6B0433184670
:10CDA000FEF79CFE3B6B18331846FEF797FE3B6B75
:10CDB0003A6B1A61BB6AC3F107023B6B9A613B6B2A
:10CDC0003A6B5A623B6B4C334C22002118460AF0F6
:10CDD000FAFD3B6B0C4A1A653B6B0C4A5A653B6B80
:10CDE0000B4A9A653A68F968B86902F069F8024630
:10CDF0003B6B1A60FB6A002B02D0FB6A3A6B1A602D
:10CE000000BF2037BD4680BD206501208865012018
:10CE1000F065012080B584B000AF786002F0D2F9EF
:10CE20003F4B1B6801333E4A13603E4B1B68002B8F
:10CE300009D13C4A7B681360394B1B68012B10D128
:10CE400000F01CFF0DE0384B1B68002B09D1354B5F
:10CE50001B68DA6A7B68DB6A9A4202D8314A7B68CF
:10CE60001360324B1B680133304A13607B68DB6A06
:10CE700001229A402E4B1B6813432D4A13607B6896
:10CE8000DA6A2C4913469B0013449B000B4404337D
:10CE90001B68FB607B68FA689A60FB689A687B682D
:10CEA000DA60FB689B687A6804325A607B681A1DF6
:10CEB000FB689A607B68DA6A13469B0013449B0008
:10CEC0001C4A1A447B685A617B68DA6A194913461E
:10CED0009B0013449B000B441B687A68D26A591C60
:10CEE000144813469B0013449B000344196002F04E
:10CEF0009BF90D4B1B68002B0ED00A4B1B68DA6A9E
:10CF00007B68DB6A9A4207D20B4B4FF080521A6063
:10CF1000BFF34F8FBFF36F8F00BF1037BD4680BD8B
:10CF20007C2B0020942A0020882B0020982B0020A6
:10CF3000842B0020982A002004ED00E080B584B006
:10CF400000AF78600023FB607B68002B18D000F0F6
:10CF5000E1F8134B1B68012B0BD04FF0500383F308
:10CF60001188BFF36F8FBFF34F8FBB6000BF00BF4F
:10CF7000FDE70021786801F06FFC00F0D9F8F86057
:10CF8000FB68002B07D1074B4FF080521A60BFF3AC
:10CF90004F8FBFF36F8F00BF1037BD4680BD00BFFE
:10CFA000A42B002004ED00E080B590B004AF012375
:10CFB000FB6200233B6200237B6213E02B4A7B6A07
:10CFC0001344197807F110027B6A13440A461A7059
:10CFD00007F110027B6A13441B78002B06D07B6A92
:10CFE00001337B627B6A0F2BE8DD00E000BF00238A
:10CFF000BB6231E01E4B3B620023FB600023BB6041
:10D000003A1D07F1080107F10C031846E5F762F82D
:10D010007868BB68FA6807F1100102920193002357
:10D02000009300230246386AFFF7CFFD02461149FC
:10D03000BB6A41F823200F4ABB6A52F82330002B09
:10D0400002D00123FB6201E00023FB62FB6A002B9C
:10D0500006D0BB6A0133BB62BB6A002BCADD00E0AD
:10D0600000BFFB6A18463037BD4680BD6CB1020870
:10D070004DDC0108A02B002080B584B000AFFFF785
:10D0800093FFF860FB68012B02D101F067FCF860A8
:10D09000FB68012B1BD14FF0500383F31188BFF3C2
:10D0A0006F8FBFF34F8FBB6000BF144B1B684C33B7
:10D0B000134A1360134B4FF0FF321A60124B0122D8
:10D0C0001A60124B00221A6001F08CFF0FE0FB681F
:10D0D000B3F1FF3F0BD14FF0500383F31188BFF33F
:10D0E0006F8FBFF34F8F7B6000BF00BFFDE7084B22
:10D0F0001B6800BF1037BD4680BD00BF942A0020CA
:10D10000300400209C2B0020882B0020802B002046
:10D110009CBF020880B400AF044B1B680133034A74
:10D12000136000BFBD465DF8047B7047A42B002050
:10D1300080B588B000AF0023FB610023BB6102F023
:10D1400041F800233B61754B1B68002B0BD14FF05E
:10D15000500383F31188BFF36F8FBFF34F8F3B6092
:10D1600000BF00BFFDE76D4B1B68013B6B4A1360BE
:10D170006A4B1B68002B40F0CA80694B1B68002B70
:10D1800000F0C5808EE0674BDB68DB68FB61FB6904
:10D190009B6AFB60FB69DB69FA69126A9A60FB694A
:10D1A0001B6AFA69D2695A60FB685A68FB691833CE
:10D1B0009A4203D1FB691A6AFB685A60FB69002234
:10D1C0009A62FB681B685A1EFB681A60FB695B6900
:10D1D000BB60FB699B68FA69D2689A60FB69DB688F
:10D1E000FA6992685A60BB685A68FB6904339A42CC
:10D1F00003D1FB69DA68BB685A60FB6900225A6197
:10D20000BB681B685A1EBB681A60FB69DB6A012297
:10D210009A40454B1B681343434A1360FB69DA6A23
:10D22000424913469B0013449B000B4404331B6884
:10D230007B60FB697A689A607B689A68FB69DA6050
:10D240007B689B68FA6904325A60FB691A1D7B6827
:10D250009A60FB69DA6A13469B0013449B00334AC9
:10D260001A44FB695A61FB69DA6A304913469B002C
:10D2700013449B000B441B68FA69D26A591C2B4863
:10D2800013469B0013449B0003441960FB69DA6A50
:10D29000274B1B68DB6A9A4204D9264A3B69012165
:10D2A00042F823101F4B1B68002B7FF46CAFFB6907
:10D2B000002B01D000F024FD1F4B1B687B617B69B4
:10D2C000002B12D000F058F80346002B04D0194A66
:10D2D0003B69012142F823107B69013B7B617B693B
:10D2E000002BEFD1144B00221A60124A3B6952F80E
:10D2F0002330002B0BD00123BB610D4B1B680F4B60
:10D300004FF080521A60BFF34F8FBFF36F8F01F061
:10D310008BFFBB6918462037BD4680BDA42B00207B
:10D320007C2B0020542B0020842B0020982A0020E6
:10D33000942A0020902B00208C2B002004ED00E08C
:10D3400080B483B000AF054B1B687B607B681846D8
:10D350000C37BD465DF8047B704700BF802B002072
:10D3600080B400AF034B1B681846BD465DF8047BD4
:10D37000704700BF7C2B002080B58AB000AF00232F
:10D380007B627F4B1B68002B40F0EF807D4B1B685E
:10D3900001333B627B4A3B6A13603B6A002B21D11D
:10D3A000794B1B681B68002B0BD04FF0500383F3A5
:10D3B0001188BFF36F8FBFF34F8F7B6000BF00BF3B
:10D3C000FDE7714B1B68FB61704B1B686E4A136075
:10D3D0006E4AFB6913606E4B1B6801336C4A136025
:10D3E00000F08EFC6B4B1B683A6A9A42C0F0A88032
:10D3F000654B1B681B68002B04D1664B4FF0FF3256
:10D400001A609DE0604B1B68DB68DB68BB61BB6931
:10D410005B687B613A6A7B699A4203D25D4A7B69A9
:10D4200013608DE0BB695B693B61BB699B68BA694E
:10D43000D2689A60BB69DB68BA6992685A603B69D6
:10D440005A68BB6904339A4203D1BB69DA683B6905
:10D450005A60BB6900225A613B691B685A1E3B69CE
:10D460001A60BB699B6A002B1ED0BB699B6AFB607C
:10D47000BB69DB69BA69126A9A60BB691B6ABA69DF
:10D48000D2695A60FB685A68BB6918339A4203D163
:10D49000BB691A6AFB685A60BB6900229A62FB6822
:10D4A0001B685A1EFB681A60BB69DB6A01229A403E
:10D4B000394B1B681343384A1360BB69DA6A374932
:10D4C00013469B0013449B000B4404331B68BB6052
:10D4D000BB69BA689A60BB689A68BB69DA60BB6866
:10D4E0009B68BA6904325A60BB691A1DBB689A60AE
:10D4F000BB69DA6A13469B0013449B00274A1A440F
:10D50000BB695A61BB69DA6A244913469B0013441C
:10D510009B000B441B68BA69D26A591C1F4813460A
:10D520009B0013449B0003441960BB69DA6A1C4BDF
:10D530001B68DB6A9A427FF65BAF01237B6257E789
:10D54000174B1B68DA6A154913469B0013449B006E
:10D550000B441B68012B01D901237B62114B1B6813
:10D56000002B07D001237B6204E00F4B1B680133C3
:10D570000D4A13607B6A18462837BD4680BD00BF40
:10D58000A42B0020802B00204C2B0020502B0020AF
:10D59000942B00209C2B0020842B0020982A002014
:10D5A000942A0020902B00208C2B002080B487B080
:10D5B00000AF2A4B1B68002B03D0294B01221A60B5
:10D5C00046E0274B00221A60264B1B68FB60FB6875
:10D5D000B3FA83F3FB72FB7AC3F11F037B61224929
:10D5E0007A6913469B0013449B000B441B68002B75
:10D5F0000BD14FF0500383F31188BFF36F8FBFF34C
:10D600004F8F7B6000BF00BFFDE77A6913469B0028
:10D6100013449B00144A13443B613B695B685A689E
:10D620003B695A603B695A683B6908339A4203D1A7
:10D630003B69DA683B695A603B695B68DB680B4AA7
:10D6400013600A4B1B68094B1B684C33084A136074
:10D6500000BF1C37BD465DF8047B7047A42B00203B
:10D66000902B0020842B0020982A0020942A002050
:10D670003004002080B584B000AF786039607B68EA
:10D68000002B0BD14FF0500383F31188BFF36F8F42
:10D69000BFF34F8FFB6000BF00BFFDE7074B1B6868
:10D6A000183319467868FEF726FA0121386801F028
:10D6B000D3F800BF1037BD4680BD00BF942A0020BC
:10D6C00080B588B000AFF860B9607A60FB68002B65
:10D6D0000BD14FF0500383F31188BFF36F8FBFF36B
:10D6E0004F8FBB6100BF00BFFDE71F4B1B68002BC6
:10D6F0000BD14FF0500383F31188BFF36F8FBFF34B
:10D700004F8F7B6100BF00BFFDE7184B1B68BA68F5
:10D7100042F000429A61FB685B68FB61134B1B6837
:10D72000FA69DA61114B1B68FA6992681A620F4B49
:10D730001A68FB699B6818325A600C4B1B6803F12E
:10D740001802FB699A60094B1B68FA689A62FB68C9
:10D750001B685A1CFB681A600121786801F07CF88C
:10D7600000BF2037BD4680BDA42B0020942A002096
:10D7700080B586B000AFF860B9607A60FB68002BB6
:10D780000BD14FF0500383F31188BFF36F8FBFF3BA
:10D790004F8F3B6100BF00BFFDE7FB685B687B61AB
:10D7A000154B1B687A69DA61134B1B687A699268BA
:10D7B0001A62114B1A687B699B6818325A600E4BCB
:10D7C0001B6803F118027B699A600B4B1B68FA68AF
:10D7D0009A62FB681B685A1CFB681A607B68002B06
:10D7E00002D04FF0FF33BB607968B86801F034F8BD
:10D7F00000BF1837BD4680BD942A002080B48BB08E
:10D8000000AF78607B68DB68DB683B623B6A002BBB
:10D810000BD14FF0500383F31188BFF36F8FBFF329
:10D820004F8FFB6000BF00BFFDE73B6A9B6AFB6157
:10D830003B6ADB693A6A126A9A603B6A1B6A3A6A17
:10D84000D2695A60FB695A683B6A18339A4203D11D
:10D850003B6A1A6AFB695A603B6A00229A62FB695A
:10D860001B685A1EFB691A604B4B1B68002B60D16A
:10D870003B6A5B697B613B6A9B683A6AD2689A60E3
:10D880003B6ADB683A6A92685A607B695A683B6A0D
:10D8900004339A4203D13B6ADA687B695A603B6A77
:10D8A00000225A617B691B685A1E7B691A603B6AB9
:10D8B000DB6A01229A40394B1B681343374A1360D5
:10D8C0003B6ADA6A364913469B0013449B000B44BB
:10D8D00004331B683B613B6A3A699A603B699A680A
:10D8E0003B6ADA603B699B683A6A04325A603B6A79
:10D8F0001A1D3B699A603B6ADA6A13469B0013441F
:10D900009B00274A1A443B6A5A613B6ADA6A2449F7
:10D9100013469B0013449B000B441B683A6AD26A6F
:10D92000591C1F4813469B0013449B000344196075
:10D930001BE01C4B5B68BB613B6ABA69DA61BB697F
:10D940009A683B6A1A62BB699B683A6A18325A60E5
:10D950003B6A03F11802BB699A603B6A114A9A62FA
:10D96000104B1B6801330F4A13603B6ADA6A0E4B97
:10D970001B68DB6A9A4205D901237B620B4B0122AB
:10D980001A6001E000237B627B6A18462C37BD4693
:10D990005DF8047B704700BFA42B0020842B00207F
:10D9A000982A0020542B0020942A0020902B00203D
:10D9B00080B489B000AF786039605A4B1B68002B87
:10D9C0000BD14FF0500383F31188BFF36F8FBFF378
:10D9D0004F8FFB6000BF00BFFDE73B6843F0004294
:10D9E0007B681A607B68DB68FB61FB69002B0BD1ED
:10D9F0004FF0500383F31188BFF36F8FBFF34F8F46
:10DA0000BB6000BF00BFFDE77B681B69BB617B6833
:10DA10005B687A6892689A607B689B687A685268EB
:10DA20005A60BB695B687A689A4203D17B689A68DE
:10DA3000BB695A607B6800221A61BB691B685A1E69
:10DA4000BB691A60FB695B697B61FB699B68FA696A
:10DA5000D2689A60FB69DB68FA6992685A607B69F0
:10DA60005A68FB6904339A4203D1FB69DA687B691F
:10DA70005A60FB6900225A617B691B685A1E7B69E8
:10DA80001A60FB69DB6A01229A40274B1B6813432B
:10DA9000254A1360FB69DA6A244913469B00134444
:10DAA0009B000B4404331B683B61FB693A699A6035
:10DAB0003B699A68FB69DA603B699B68FA690432E2
:10DAC0005A60FB691A1D3B699A60FB69DA6A134662
:10DAD0009B0013449B00154A1A44FB695A61FB6979
:10DAE000DA6A124913469B0013449B000B441B68DF
:10DAF000FA69D26A591C0D4813469B0013449B00D7
:10DB000003441960FB69DA6A094B1B68DB6A9A42B5
:10DB100002D9084B01221A6000BF2437BD465DF8C8
:10DB2000047B7047A42B0020842B0020982A00201F
:10DB3000942A0020902B002080B483B000AF78603E
:10DB4000064B1A687B681A60054B1A687B685A6036
:10DB500000BF0C37BD465DF8047B7047942B002056
:10DB6000802B002080B588B000AF786039607B687A
:10DB7000002B0BD14FF0500383F31188BFF36F8F4D
:10DB8000BFF34F8F3B6100BF00BFFDE73B68002B39
:10DB90000BD14FF0500383F31188BFF36F8FBFF3A6
:10DBA0004F8FFB6000BF00BFFDE701F00BFB1F4B79
:10DBB0001B68BB617B685B68BA69D31A7B613B6891
:10DBC0001B68B3F1FF3F02D10023FB6126E07B68B5
:10DBD0001A68174B1B689A420AD07B685B68BA695F
:10DBE0009A4205D30123FB613B6800221A6015E0CD
:10DBF0003B681B687A699A420BD23B681A687B695A
:10DC0000D21A3B681A607868FFF796FF0023FB6121
:10DC100004E03B6800221A600123FB6101F004FB71
:10DC2000FB6918462037BD4680BD00BF802B002011
:10DC3000942B002080B400AF034B01221A6000BF78
:10DC4000BD465DF8047B7047902B002080B582B004
:10DC500000AF786000F04CF8064B1B68012BF9D937
:10DC6000054B4FF080521A60BFF34F8FBFF36F8F99
:10DC7000F0E700BF982A002004ED00E080B582B0F4
:10DC800000AF00237B600CE07A6813469B001344CE
:10DC90009B00104A13441846FDF700FF7B680133D0
:10DCA0007B607B68062BEFD90B48FDF7F7FE0B482E
:10DCB000FDF7F4FE0A48FDF7F1FE0A48FDF7EEFE17
:10DCC000094B054A1A60094B044A1A6000BF08371D
:10DCD000BD4680BD982A0020242B0020382B002030
:10DCE000542B0020682B00204C2B0020502B0020B0
:10DCF00080B400AF00BFBD465DF8047B70470000F4
:10DD000080B400AF0A4B1B681B68002B04D1094B81
:10DD10004FF0FF321A6005E0054B1B68DB681B689B
:10DD2000044A136000BFBD465DF8047B704700BF26
:10DD30004C2B00209C2B002080B483B000AF0B4BF9
:10DD40001B68002B02D101237B6008E0084B1B6895
:10DD5000002B02D102237B6001E000237B607B6803
:10DD600018460C37BD465DF8047B7047882B0020B1
:10DD7000A42B002080B586B000AF78607B683B6143
:10DD800000237B617B68002B00F089803B69DA6AA5
:10DD9000454B1B68DB6A9A4278D23B699B69002B32
:10DDA00006DB414B1B68DB6AC3F107023B699A61E2
:10DDB0003B6959693B69DA6A13469B0013449B002F
:10DDC0003A4A1344994259D13B6904331846FDF746
:10DDD000CBFE0346002B0AD13B69DB6A012202FA23
:10DDE00003F3DA43324B1B681340314A13602E4B66
:10DDF0001B68DA6A3B69DA623B69DB6A01229A4096
:10DE00002B4B1B6813432A4A13603B69DA6A274984
:10DE100013469B0013449B000B4404331B68FB60B8
:10DE20003B69FA689A60FB689A683B69DA60FB684C
:10DE30009B683A6904325A603B691A1DFB689A6014
:10DE40003B69DA6A13469B0013449B00174A1A4445
:10DE50003B695A613B69DA6A144913469B001344D3
:10DE60009B000B441B683A69D26A591C0F48134641
:10DE70009B0013449B000344196004E00A4B1B6899
:10DE8000DA6A3B69DA6201237B6108E03B695A6C1C
:10DE9000054B1B68DB6A9A4201D201237B617B69D7
:10DEA00018461837BD4680BD942A0020982A0020C5
:10DEB000842B002080B588B000AF78607B68BB61A0
:10DEC0000023FB617B68002B00F090804A4B1B68AD
:10DED000BA699A420BD04FF0500383F31188BFF315
:10DEE0006F8FBFF34F8F3B6100BF00BFFDE7BB6982
:10DEF0009B6C002B0BD14FF0500383F31188BFF3C1
:10DF00006F8FBFF34F8FFB6000BF00BFFDE7BB69A2
:10DF10009B6C5A1EBB699A64BB69DA6ABB695B6C0D
:10DF20009A4263D0BB699B6C002B5FD1BB69043301
:10DF30001846FDF719FE0346002B0AD1BB69DB6AC0
:10DF4000012202FA03F3DA432C4B1B6813402B4ADD
:10DF50001360BB695A6CBB69DA62BB69DB6AC3F1E7
:10DF60000702BB699A61BB69DB6A01229A40234BB5
:10DF70001B681343214A1360BB69DA6A20491346C0
:10DF80009B0013449B000B4404331B687B61BB69FB
:10DF90007A699A607B699A68BB69DA607B699B6879
:10DFA000BA6904325A60BB691A1D7B699A60BB6901
:10DFB000DA6A13469B0013449B00114A1A44BB695A
:10DFC0005A61BB69DA6A0E4913469B0013449B00F1
:10DFD0000B441B68BA69D26A591C094813469B0056
:10DFE00013449B00034419600123FB61FB6918463D
:10DFF0002037BD4680BD00BF942A0020842B00201E
:10E00000982A002080B58AB000AF786039607B68BC
:10E010003B620123FB617B68002B00F0A5803B6A1B
:10E020009B6C002B0BD14FF0500383F31188BFF38F
:10E030006F8FBFF34F8F3B6100BF00BFFDE73B6AAF
:10E040005B6C3A689A4202D93B687B6202E03B6AA9
:10E050005B6C7B623B6ADB6A7A6A9A4200F084807E
:10E060003B6A9B6CFA699A427ED1414B1B683A6AC3
:10E070009A420BD14FF0500383F31188BFF36F8F97
:10E08000BFF34F8FFB6000BF00BFFDE73B6ADB6A59
:10E09000BB613B6A7A6ADA623B6A9B69002B04DBEC
:10E0A0007B6AC3F107023B6A9A613B6A5969BA69A4
:10E0B00013469B0013449B002E4A1344994253D1AC
:10E0C0003B6A04331846FDF74FFD0346002B0AD187
:10E0D0003B6ADB6A012202FA03F3DA43264B1B6830
:10E0E0001340254A13603B6ADB6A01229A40224BA7
:10E0F0001B681343204A13603B6ADA6A1D491346C2
:10E100009B0013449B000B4404331B687B613B6AF8
:10E110007A699A607B699A683B6ADA607B699B6876
:10E120003A6A04325A603B6A1A1D7B699A603B6AFC
:10E13000DA6A13469B0013449B000E4A1A443B6A5A
:10E140005A613B6ADA6A0B4913469B0013449B00F1
:10E150000B441B683A6AD26A591C064813469B0056
:10E1600013449B000344196000BF2837BD4680BD9F
:10E17000942A0020982A0020842B002080B483B0A9
:10E1800000AF094B1B689B697B60074B1B68DA6A11
:10E19000054B1B68C2F107029A617B6818460C3771
:10E1A000BD465DF8047B7047942A002080B483B09C
:10E1B00000AF094B1B687B607B68002B04D07B6839
:10E1C0009B6C5A1C7B689A647B6818460C37BD466A
:10E1D0005DF8047B704700BF942A002080B588B0AA
:10E1E00000AFF860B9607A600023FB61FB68002B28
:10E1F0000BD04FF0500383F31188BFF36F8FBFF341
:10E200004F8F3B6100BF00BFFDE7FEF783FF00F0CB
:10E21000D9FF2D4B1B68FA68263253F82230002BA9
:10E220000BD1294B1A68FB6813449C3301221A70E6
:10E230007B68002B01D00123FB6100F0F5FFFB6937
:10E24000012B03D10121786800F006FBFEF770FF77
:10E25000B861FB69012B0AD1BB69002B07D11B4BAD
:10E260004FF080521A60BFF34F8FBFF36F8F00F0F3
:10E27000A9FF154B1B68FA68263253F822307B61E0
:10E280007B69002B12D0BB68002B07D00E4B1B689C
:10E29000FA682632002143F8221007E00A4B1B6877
:10E2A0007A69511EFA68263243F82210064B1A6822
:10E2B000FB6813449C3300221A7000F0B5FF7B69A1
:10E2C00018462037BD4680BD942A002004ED00E0AA
:10E2D00080B588B000AFF860B9607A603B60002319
:10E2E000BB61FB68002B0BD04FF0500383F3118808
:10E2F000BFF36F8FBFF34F8F3B6100BF00BFFDE7E0
:10E30000FEF708FF00F05EFF384B1A68FB68134405
:10E310009C331B78DBB2022B18D0344B1B68FA6895
:10E32000263253F82210BA68D2431140FA682632D6
:10E3300043F822102D4B1A68FB6813449C330122CA
:10E340001A70BB6A002B01D00123BB6100F06CFF87
:10E35000BB69012B03D10121B86A00F07DFAFEF7F9
:10E36000E7FE7861BB69012B0AD17B69002B07D1DD
:10E370001F4B4FF080521A60BFF34F8FBFF36F8F68
:10E3800000F020FF3B68002B07D0184B1B68FA6891
:10E39000263253F822203B681A60144B1A68FB6837
:10E3A00013449C331B78DBB2022B02D00023FB61A9
:10E3B0000EE00E4B1B68FA68263253F822107A687A
:10E3C000D2431140FA68263243F822100123FB6140
:10E3D000064B1A68FB6813449C3300221A7000F045
:10E3E00023FFFB6918462037BD4680BD942A0020D4
:10E3F00004ED00E080B58EB000AFF860B9607A60DF
:10E40000FB7001237B63BB68002B0BD04FF05003E4
:10E4100083F31188BFF36F8FBFF34F8F3B6200BF51
:10E4200000BFFDE7FB68002B0BD14FF0500383F3D7
:10E430001188BFF36F8FBFF34F8FFB6100BF00BF29
:10E44000FDE7FB683B6300F0BDFE3B6C002B06D094
:10E450003B6BBA68263253F822203B6C1A603A6B49
:10E46000BB6813449C331B7887F82F303A6BBB682A
:10E4700013449C3302221A70FB78042B3BD801A270
:10E4800052F823F017E5010899E40108B5E4010802
:10E49000CDE40108DBE401083B6BBA68263253F88F
:10E4A00022207B6842EA03013B6BBA68263243F8BC
:10E4B000221033E03B6BBA68263253F82230591CE5
:10E4C0003B6BBA68263243F8221027E03B6BBA68F0
:10E4D0002632796843F8221020E097F82F30022B7B
:10E4E00006D03B6BBA682632796843F8221015E0F3
:10E4F00000237B6312E04E4B1B68002B0DD04FF0C6
:10E50000500383F31188BFF36F8FBFF34F8FBB614D
:10E5100000BF00BFFDE700BF00E000BF97F82F304D
:10E52000012B7ED13B6B5B69BB623B6B9B683A6B9B
:10E53000D2689A603B6BDB683A6B92685A60BB6A40
:10E540005A683B6B04339A4203D13B6BDA68BB6A6F
:10E550005A603B6B00225A61BB6A1B685A1EBB6A39
:10E560001A603B6BDB6A01229A40324B1B681343F3
:10E57000304A13603B6BDA6A2F4913469B00134401
:10E580009B000B4404331B687B623B6B7A6A9A6086
:10E590007B6A9A683B6BDA607B6A9B683A6B0432F1
:10E5A0005A603B6B1A1D7B6A9A603B6BDA6A1346B2
:10E5B0009B0013449B00204A1A443B6B5A613B6BFF
:10E5C000DA6A1D4913469B0013449B000B441B68E9
:10E5D0003A6BD26A591C184813469B0013449B009F
:10E5E000034419603B6B9B6A002B0BD04FF0500328
:10E5F00083F31188BFF36F8FBFF34F8F7B6100BF31
:10E6000000BFFDE70D4B1B68DA6A3B6BDB6A9A4281
:10E6100007D20B4B4FF080521A60BFF34F8FBFF3FE
:10E620006F8F00F001FE7B6B18463837BD4680BD0A
:10E63000802B0020842B0020982A0020942A002080
:10E6400004ED00E080B590B000AFF860B9607A608A
:10E65000FB68002B0BD14FF0500383F31188BFF3FD
:10E660006F8FBFF34F8F7B6200BF00BFFDE7BB68BA
:10E67000002B0BD04FF0500383F31188BFF36F8F43
:10E68000BFF34F8F3B6200BF00BFFDE700F07EFE8F
:10E69000FB68FB63EFF311824FF0500383F31188A3
:10E6A000BFF36F8FBFF34F8FFA61BB61FB69BB6331
:10E6B000FA6BBB6813449C331B7887F83730FA6BCE
:10E6C000BB6813449C3302221A70FB6BBA68263273
:10E6D00053F82230591CFB6BBA68263243F82210DB
:10E6E00097F83730012B40F0A180FB6B9B6A002B21
:10E6F0000BD04FF0500383F31188BFF36F8FBFF33C
:10E700004F8F7B6100BF00BFFDE74D4B1B68002BA7
:10E7100060D1FB6B5B69FB62FB6B9B68FA6BD26839
:10E720009A60FB6BDB68FA6B92685A60FB6A5A6806
:10E73000FB6B04339A4203D1FB6BDA68FB6A5A60C5
:10E74000FB6B00225A61FB6A1B685A1EFB6A1A6047
:10E75000FB6BDB6A01229A403A4B1B681343394A30
:10E760001360FB6BDA6A384913469B0013449B0025
:10E770000B4404331B68BB62FB6BBA6A9A60BB6ACA
:10E780009A68FB6BDA60BB6A9B68FA6B04325A606A
:10E79000FB6B1A1DBB6A9A60FB6BDA6A13469B001F
:10E7A00013449B00284A1A44FB6B5A61FB6BDA6ADC
:10E7B000254913469B0013449B000B441B68FA6BCE
:10E7C000D26A591C204813469B0013449B00034403
:10E7D00019601BE01D4B5B683B63FB6B3A6BDA61B6
:10E7E0003B6B9A68FB6B1A623B6B9B68FA6B183247
:10E7F0005A60FB6B03F118023B6B9A60FB6B134A88
:10E800009A62124B1B680133104A1360FB6BDA6A81
:10E810000F4B1B68DB6A9A4208D97B68002B02D039
:10E820007B6801221A600B4B01221A60BB6B3B61B3
:10E830003B6983F3118800BF00BF4037BD4680BDF0
:10E84000A42B0020842B0020982A0020542B002089
:10E85000942A0020902B002080B588B000AF78600B
:10E860003960374B1B68FB61364B1B68BB61364B0D
:10E870001B687B61354B1B6804331846FDF774F940
:10E880000346002B0BD1314B1B68DB6A012202FAD5
:10E8900003F3DA432E4B1B6813402D4A13607B6849
:10E8A000B3F1FF3F24D13B68002B21D0294B5B689B
:10E8B0003B61264B1B683A699A60244B1B683A6996
:10E8C0009268DA60214B1A683B699B6804325A608F
:10E8D0001E4B1B681A1D3B699A601C4B1B681D4A26
:10E8E0005A611C4B1B6801331A4A136000BF22E0B7
:10E8F000FA697B681344FB60144B1B68FA685A6022
:10E90000FA68FB699A4207D2104B1B680433194618
:10E910007869FDF7F0F80EE00C4B1B6804331946DC
:10E92000B869FDF7E8F80C4B1B68FA689A4202D206
:10E93000094AFB68136000BF2037BD4680BD00BF99
:10E94000802B00204C2B0020502B0020942A0020EC
:10E95000842B0020682B00209C2B002080B58AB0DF
:10E9600004AF00237B6100F06BFA1D4B1B68002B8A
:10E9700021D00023FB600023BB603A1D07F1080192
:10E9800007F10C031846E3F7BFFB7968BB68FA6828
:10E99000029201930623009300230A46114912486C
:10E9A000FEF713F90346114A1360104B1B68002B46
:10E9B00001D001237B617B69002B0BD14FF0500309
:10E9C00083F31188BFF36F8FBFF34F8F3B6100BF9D
:10E9D00000BFFDE77B6918461837BD4680BD00BF04
:10E9E000D82B002074B1020895EA0108DC2B002026
:10E9F00080B584B000AFF860B9607A6008E0FB6869
:10EA00009B69BA681344BB60FB681B6AF868984747
:10EA1000FB689A69BB68D118BB687A68F86800F02F
:10EA2000DFF80346002BEAD100BF00BF1037BD4618
:10EA300080BD000080B584B000AF78603960144BB1
:10EA40001B68DB68DB68FB60FB6804331846FDF776
:10EA50008BF8FB6893F8243003F00403002B05D0F7
:10EA60003A687968F868FFF7C3FF08E0FB6893F835
:10EA7000243023F00103DAB2FB6883F82420FB681A
:10EA80001B6AF868984700BF1037BD4680BD00BFBD
:10EA9000D02B002080B584B000AF786007F1080368
:10EAA000184600F059F8F860BB681946F86800F09D
:10EAB00005F800F0D7F800BFF0E7000080B584B09B
:10EAC00000AF78603960FEF725FB07F108031846B0
:10EAD00000F066F8F860BB68002B30D13B68002B73
:10EAE0000AD17A68FB689A4206D8FEF721FBF968DA
:10EAF0007868FFF79FFF24E03B68002B08D0134B9A
:10EB00001B681B68002B01D1012300E000233B6040
:10EB10000F4B18687A68FB68D31A3A681946FDF7F4
:10EB2000BFFFFEF705FB0346002B0AD1094B4FF050
:10EB300080521A60BFF34F8FBFF36F8F01E0FEF773
:10EB4000F7FA00BF1037BD4680BD00BFD42B0020B0
:10EB5000D82B002004ED00E080B485B000AF7860D1
:10EB60000E4B1B681B68002B01D1012200E0002224
:10EB70007B681A607B681B68002B05D1074B1B68FC
:10EB8000DB681B68FB6001E00023FB60FB68184644
:10EB90001437BD465DF8047B704700BFD02B0020C2
:10EBA00080B584B000AF7860FEF7CAFBF8600B4B0D
:10EBB0001B68FA689A4205D200F01CF97B680122B2
:10EBC0001A6002E07B6800221A60044AFB68136046
:10EBD000FB6818461037BD4680BD00BFE02B002003
:10EBE00080B586B000AFF860B9607A603B60002302
:10EBF0007B61FB68BA685A60FB68FA681A61BA6898
:10EC00007B689A4212D87A683B68D21AFB689B6983
:10EC10009A4202D301237B611BE0104B1A68FB6808
:10EC2000043319461046FCF766FF12E07A683B6829
:10EC30009A4206D2BA683B689A4202D301237B61AA
:10EC400007E0074B1A68FB68043319461046FCF7C7
:10EC500052FF7B6918461837BD4680BDD42B002073
:10EC6000D02B002080B588B000AF07F10803002248
:10EC70001A605A609A60A9E0BB68002BC0F2A680B7
:10EC80003B69FB61FB695B69002B04D0FB690433C2
:10EC90001846FCF769FF3B1D1846FFF781FFB86176
:10ECA000BB68013B082B00F28E8001A252F823F0D2
:10ECB000D5EC0108D5EC01083DED010851ED010846
:10ECC0009DED0108D5EC0108D5EC01083DED0108EA
:10ECD00051ED0108FB6993F8243043F00103DAB2E7
:10ECE000FB6983F82420FA68FB699B69D118FB68EB
:10ECF000BA69F869FFF774FF0346002B65D0FB691A
:10ED000093F8243003F00403002B09D0FA68FB6960
:10ED10009B691344BA691946F869FFF769FE08E070
:10ED2000FB6993F8243023F00103DAB2FB6983F81E
:10ED30002420FB691B6AF869984746E0FB6993F851
:10ED4000243023F00103DAB2FB6983F824203DE08C
:10ED5000FB6993F8243043F00103DAB2FB6983F8CE
:10ED60002420FA68FB699A61FB699B69002B0BD12F
:10ED70004FF0500383F31188BFF36F8FBFF34F8FB2
:10ED80007B6100BF00BFFDE7FB699A69BB69D118D1
:10ED9000BB69BA69F869FFF723FF17E0FB6993F8CD
:10EDA000243003F00203002B03D1F86900F068FC63
:10EDB0000CE0FB6993F8243023F00103DAB2FB691D
:10EDC00083F8242002E000BF00E000BF084B1B686E
:10EDD00007F1080100221846FDF7E8FA0346002B68
:10EDE0007FF44AAF00BF00BF2037BD4680BD00BFE3
:10EDF000D82B002080B582B000AF09E00E4B1B6815
:10EE0000DB681B683B604FF0FF313868FFF712FE8C
:10EE1000094B1B681B68002BF0D1074B1B687B60FC
:10EE2000064B1B68044A1360044A7B68136000BFEA
:10EE30000837BD4680BD00BFD02B0020D42B00205A
:10EE400080B582B002AF00F0BDF9154B1B68002BF6
:10EE500020D11448FCF722FE1348FCF71FFE134B89
:10EE6000104A1A60124B104A1A6000230093114B8B
:10EE7000114A0C210520FCF733FF0346084A1360B2
:10EE8000074B1B68002B05D0054B1B680B49184628
:10EE9000FDF7B6FD00F0C8F900BFBD4680BD00BF5C
:10EEA000D82B0020A82B0020BC2B0020D02B00202A
:10EEB000D42B0020202C0020E42B00207CB1020861
:10EEC00080B485B000AFF860B9607A60FB68043B3D
:10EED000FB60FB684FF080721A60FB68043BFB60CC
:10EEE000BB6823F00102FB681A60FB68043BFB600F
:10EEF0000C4AFB681A60FB68143BFB607A68FB688D
:10EF00001A60FB68043BFB60FB686FF002021A604A
:10EF1000FB68203BFB60FB6818461437BD465DF874
:10EF2000047B704729EF010880B485B000AF00234F
:10EF30007B60134B1B68B3F1FF3F0BD04FF05003C6
:10EF400083F31188BFF36F8FBFF34F8FFB6000BF58
:10EF500000BFFDE74FF0500383F31188BFF36F8FBD
:10EF6000BFF34F8FBB6000BF00BF7B68002BFCD09E
:10EF700000BF00BF1437BD465DF8047B704700BF7B
:10EF8000AC020020000000000000000000000000B3
:10EF9000074B19680868B0E8F04F80F30988BFF3A1
:10EFA0006F8F4FF0000080F311887047AFF300803F
:10EFB000942A002000BF00BF08480068006880F362
:10EFC00008884FF0000080F3148862B661B6BFF382
:10EFD0004F8FBFF36F8F00DF00BF000008ED00E030
:10EFE00000BF00BF80B58CB000AF694B1B68694A99
:10EFF00093420BD14FF0500383F31188BFF36F8F0F
:10F00000BFF34F8F3B6200BF00BFFDE7604B1B6843
:10F01000614A93420BD14FF0500383F31188BFF341
:10F020006F8FBFF34F8F7B6200BF00BFFDE75B4B6D
:10F030001B68FB62FB6A2C331B68594A93420BD056
:10F040004FF0500383F31188BFF36F8FBFF34F8FDF
:10F05000FB6100BF00BFFDE7FB6A38331B68514A04
:10F0600093420BD04FF0500383F31188BFF36F8F9F
:10F07000BFF34F8FBB6100BF00BFFDE70023BB6044
:10F08000494BBB62BB6A1B78DBB2FB73BB6AFF22D6
:10F090001A70BB6A1B78DBB2FB71FB79DBB203F041
:10F0A0005003DAB2414B1A70404B1B78002B0BD146
:10F0B0004FF0500383F31188BFF36F8FBFF34F8F6F
:10F0C0007B6100BF00BFFDE7FB79DBB2DB4303F0F0
:10F0D0005003002B13D04FF0500383F31188BFF37C
:10F0E0006F8FBFF34F8F3B6100BF00BFFDE7BB6871
:10F0F0000133BB60FB79DBB25B00DBB2FB71FB79F8
:10F10000DBB203F08003802BF1D0BB68082B03D166
:10F11000274B00221A6004E0BB68C3F10703244AAE
:10F120001360234B1B681B02214A1360204B1B6892
:10F1300003F4E0631E4A1360FB7BDAB2BB6A1A7009
:10F140001C4B1B681B4A43F47F031360194B1B685D
:10F15000184A43F07F431360174B00221A6000F0F7
:10F16000E5F8164B00221A6000F004F9144B1B68F6
:10F17000134A43F040431360FFF71EFFFEF716FAF1
:10F18000FFF7D2FE002318463037BD4680BD00BFD2
:10F1900000ED00E071C20F4170C20F4108ED00E0C8
:10F1A00091EF010881F2010800E400E0682C0020E2
:10F1B0006C2C002020ED00E01CED00E0AC020020F3
:10F1C00034EF00E080B483B000AF4FF0500383F31E
:10F1D0001188BFF36F8FBFF34F8F7B6000BF104B61
:10F1E0001B6801330E4A13600D4B1B68012B10D1B5
:10F1F0000C4B1B68DBB2002B0BD04FF0500383F39A
:10F200001188BFF36F8FBFF34F8F3B6000BF00BF0C
:10F21000FDE700BF0C37BD465DF8047B704700BFBB
:10F22000AC02002004ED00E080B483B000AF124BCC
:10F230001B68002B0BD14FF0500383F31188BFF3F1
:10F240006F8FBFF34F8F7B6000BF00BFFDE70A4B9E
:10F250001B68013B084A1360074B1B68002B05D154
:10F2600000233B603B6883F3118800BF00BF0C376D
:10F27000BD465DF8047B7047AC0200200000000032
:10F28000EFF30980BFF36F8F154B1A681EF0100F54
:10F2900008BF20ED108A20E9F04F10602DE9090029
:10F2A0004FF0500080F31188BFF34F8FBFF36F8F83
:10F2B000FEF77CF94FF0000080F3118809BC196853
:10F2C0000868B0E8F04F1EF0100F08BFB0EC108ACD
:10F2D00080F30988BFF36F8F704700BFAFF30080E2
:10F2E000942A002000BF00BF80B582B000AF4FF06D
:10F2F000500383F31188BFF36F8FBFF34F8F7B6091
:10F3000000BFFEF739F80346002B03D0064B4FF041
:10F3100080521A6000233B603B6883F3118800BF72
:10F3200000BF0837BD4680BD04ED00E080B400AFEB
:10F330000B4B00221A600B4B00221A600A4B1B6811
:10F340000A4AA2FB03239B09094A013B1360044BB1
:10F3500007221A6000BFBD465DF8047B704700BFFE
:10F3600010E000E018E000E038020020D34D621009
:10F3700014E000E0DFF80C00016841F47001016066
:10F380007047000088ED00E000BF00BF80B485B08A
:10F3900000AFEFF30583FB60FB680F2B15D9184A0C
:10F3A000FB6813441B78FB72164B1B78FA7A9A425F
:10F3B0000BD24FF0500383F31188BFF36F8FBFF36D
:10F3C0004F8F7B6000BF00BFFDE70F4B1B6803F44E
:10F3D000E0620E4B1B689A420BD94FF0500383F347
:10F3E0001188BFF36F8FBFF34F8F3B6000BF00BF2B
:10F3F000FDE700BF1437BD465DF8047B704700BFD2
:10F40000F0E300E0682C00200CED00E06C2C002004
:10F4100080B58EB000AF78600023FB620023BB6232
:10F420007B68002B22D00823DB437A689A421BD8E2
:10F4300008227B6813447B607B6803F00703002B82
:10F4400014D07B6803F00703C3F108037B627B6A77
:10F45000DB437A689A4204D87A687B6A13447B60FB
:10F4600004E000237B6001E000237B60FDF752FE97
:10F470007C4B1B68002B01D100F078F97B68002BD6
:10F48000C0F2D7807B68002B00F0D380764B1B68DE
:10F490007A689A4200F2CD80744B3B63734B1B68D1
:10F4A0007B637B6B724A934205D37B6B714A9342B9
:10F4B00001D8012300E00023002B29D14FF0500395
:10F4C00083F31188BFF36F8FBFF34F8FFB6100BFD2
:10F4D00000BFFDE77B6B3B637B6B1B687B637B6BD8
:10F4E000634A934205D37B6B624A934201D801235E
:10F4F00000E00023002B0BD14FF0500383F3118861
:10F50000BFF36F8FBFF34F8FBB6100BF00BFFDE73D
:10F510007B6B5B687A689A4203D97B6B1B68002B14
:10F52000D8D1504B1B687A6B9A4200F082803B6BBB
:10F530001B6808221344FB62FB6A4D4A934205D3C1
:10F54000FB6A4C4A934201D8012300E00023002BC0
:10F550000BD14FF0500383F31188BFF36F8FBFF3CC
:10F560004F8F7B6100BF00BFFDE77B6B1A683B6B71
:10F570001A607B6B5B687A689A420BD94FF0500334
:10F5800083F31188BFF36F8FBFF34F8F3B6100BFD1
:10F5900000BFFDE77B6B5A687B68D21A08235B00CB
:10F5A0009A4224D97A6B7B6813443B623B6A03F02E
:10F5B0000703002B0BD04FF0500383F31188BFF3E8
:10F5C0006F8FBFF34F8FFB6000BF00BFFDE77B6B0A
:10F5D0005A687B68D21A3B6A5A607B6B7A685A60B9
:10F5E0003B6B1A683B6A1A603B6B3A6A1A601E4BA7
:10F5F0001A687B6B5B68D31A1B4A13601A4B1A6834
:10F600001D4B1B689A4203D2174B1B681A4A1360A2
:10F610007B6B5B68BB627B6B5B6843F000427B6B20
:10F620005A607B6B00221A60144B1B680133134A2B
:10F630001360FDF77DFDFB6A03F00703002B0BD081
:10F640004FF0500383F31188BFF36F8FBFF34F8FD9
:10F65000BB6000BF00BFFDE7FB6A18463837BD46F8
:10F6600080BD00BFF8640120FC640120F06401202B
:10F67000702C0020EF64012000650120046501204A
:10F6800080B588B000AF78607B68FB617B68002B39
:10F6900060D008235B42FA691344FB61FB69BB61DC
:10F6A000BB692E4A934205D3BB692D4A934201D8C8
:10F6B000012300E00023002B0BD14FF0500383F314
:10F6C0001188BFF36F8FBFF34F8F7B6100BF00BF07
:10F6D000FDE7BB695B68002B0BDB4FF0500383F346
:10F6E0001188BFF36F8FBFF34F8F3B6100BF00BF27
:10F6F000FDE7BB691B68002B0BD04FF0500383F371
:10F700001188BFF36F8FBFF34F8FFB6000BF00BF47
:10F71000FDE7BB695B68002B1CDABB691B68002B2B
:10F7200018D1BB695B6823F00042BB695A60FDF7E2
:10F73000F1FCBB695A680B4B1B681344094A136000
:10F74000B86900F06FF8084B1B680133064A136074
:10F75000FDF7EEFC00BF2037BD4680BD702C0020B9
:10F76000EF640120FC6401200865012080B485B0AD
:10F7700000AF264BBB60264BFB60FB6803F0070322
:10F78000002B0CD0FB680733FB60FB6823F00703FA
:10F79000FB60BA68FB68D31A1D4A1344BB60FB6860
:10F7A0001C4A13601B4B00225A60FA68BB68134462
:10F7B0007B6008227B689B1A7B607B6823F00703D1
:10F7C0007B607B68144A1360134B1B6800225A60ED
:10F7D000114B1B6800221A60FB683B603B687A682B
:10F7E000D21A3B685A600C4B1A683B681A603B6837
:10F7F0005B680A4A13603B685B68094A136000BF94
:10F800001437BD465DF8047B704700BF80380100A7
:10F81000702C0020F0640120F864012000650120B4
:10F82000FC64012080B487B000AF7860364B7B6108
:10F8300002E07B691B687B617B691B687A689A427E
:10F84000F7D87B69304A934218D07B692F4A93429C
:10F8500005D37B692E4A934201D8012300E000239F
:10F86000002B0BD14FF0500383F31188BFF36F8F40
:10F87000BFF34F8FFB6000BF00BFFDE77B693B61BB
:10F880007B695B683A6913447A689A4208D17B695C
:10F890005A687B685B681A447B695A607B697B6045
:10F8A0007B683B617B685B683A691A447B691B68CB
:10F8B0009A4218D17B691A68164B1B689A420DD080
:10F8C0007B685A687B691B685B681A447B685A606E
:10F8D0007B691B681A687B681A6008E00D4B1A6820
:10F8E0007B681A6003E07B691A687B681A607A6932
:10F8F0007B689A4202D07B697A681A6000BF1C3725
:10F90000BD465DF8047B7047F0640120702C002038
:10F91000EF640120F864012080B584B000AF034695
:10F92000FB71FB79084A9B0013445B685B68FA79BA
:10F9300005490A44127A104698470346FB73FB7B3D
:10F9400018461037BD4680BD1465012080B584B0CF
:10F9500000AF0346FB710023FB73FB790E4AD35CB7
:10F96000002B14D1FB790C4A9B0013445B681B6885
:10F97000FA7909490A44127A104698470346FB73FC
:10F98000FB7B002B03D1FB79034A0121D154FB7B84
:10F9900018461037BD4680BD1465012090B587B06C
:10F9A00000AFB9607A603B600346FB73FB7B0A4A99
:10F9B0009B0013445B689C68FB7B074A1344187ADE
:10F9C0003B687A68B968A0470346FB75FB7D18461B
:10F9D0001C37BD4690BD00BF1465012090B587B0AF
:10F9E00000AFB9607A603B600346FB73FB7B0A4A59
:10F9F0009B0013445B68DC68FB7B074A1344187A5E
:10FA00003B687A68B968A0470346FB75FB7D1846DA
:10FA10001C37BD4690BD00BF1465012080B584B081
:10FA200000AF03463A60FB710B46BB71FB79094A94
:10FA30009B0013445B681B69FA7906490A44107AF3
:10FA4000B9793A6898470346FB73FB7B1846103731
:10FA5000BD4680BD1465012080B485B000AF7860DC
:10FA60007B6801331B78FB81B7F90E301B021AB299
:10FA70007B681B781BB213431BB2FB81FB891846C2
:10FA80001437BD465DF8047B704780B485B000AF85
:10FA900078607B6803331B78FB60FB681B027A6825
:10FAA000023212781343FB60FB681B027A68013252
:10FAB00012781343FB60FB681B027A6812781343C9
:10FAC000FB60FB6818461437BD465DF8047B704741
:10FAD00080B483B000AF78600B467B807B685A1C93
:10FAE0007A607A88D2B21A707B881B0A7B807B6826
:10FAF0005A1C7A607A88D2B21A7000BF0C37BD46A1
:10FB00005DF8047B704780B483B000AF78603960E3
:10FB10007B685A1C7A603A68D2B21A703B681B0A3A
:10FB20003B607B685A1C7A603A68D2B21A703B68B4
:10FB30001B0A3B607B685A1C7A603A68D2B21A7022
:10FB40003B681B0A3B607B685A1C7A603A68D2B2F9
:10FB50001A7000BF0C37BD465DF8047B704780B457
:10FB600087B000AFF860B9607A60FB687B61BB6802
:10FB70003B617B68002B0DD03A69531C3B617B696C
:10FB8000591C796112781A707B68013B7B607B6835
:10FB9000002BF1D100BF1C37BD465DF8047B7047D8
:10FBA00080B487B000AFF860B9607A60FB687B61B1
:10FBB0007B695A1C7A61BA68D2B21A707B68013BC1
:10FBC0007B607B68002BF3D100BF00BF1C37BD46B4
:10FBD0005DF8047B704780B489B000AFF860B9600D
:10FBE0007A60FB68FB61BB68BB6100237B61FB69DA
:10FBF0005A1CFA611B781946BB695A1CBA611B78FA
:10FC0000CB1A7B617B68013B7B607B68002B02D059
:10FC10007B69002BEBD07B6918462437BD465DF825
:10FC2000047B704780B483B000AF7860396002E035
:10FC30007B6801337B607B681B78002B05D07B6879
:10FC40001B781A463B689342F2D17B681B781846B2
:10FC50000C37BD465DF8047B704780B586B000AFB9
:10FC600078600023FB737B68DB78002B34D07B68E3
:10FC70001B6B7B617B6858787B6803F1340101233F
:10FC80007A69FFF7ABFE0346002B02D00123FB731A
:10FC900022E07B680022DA707B685B6A7A69D21A9C
:10FCA0007B68DB699A4217D27B689B783B6110E0E6
:10FCB0007B68DB697A6913447B617B6858787B6871
:10FCC00003F1340101237A69FFF788FE3B69013BA8
:10FCD0003B613B69012BEBD8FB7B18461837BD46CF
:10FCE00080BD80B584B000AF786039600023FB73BD
:10FCF0007B681B6B3A689A421BD07868FFF7ADFFB0
:10FD00000346FB73FB7B002B13D17B6858787B6821
:10FD100003F1340101233A68FFF740FE0346002B4C
:10FD200004D04FF0FF333B600123FB737B683A68DC
:10FD30001A63FB7B18461037BD4680BD80B584B082
:10FD400000AF78607868FFF788FF0346FB73FB7BA2
:10FD5000002B58D17B681B78032B48D17B681B791B
:10FD6000012B44D17B6834334FF4007200211846D4
:10FD7000FFF716FF7B68343303F5FF734AF655210E
:10FD80001846FFF7A5FE7B68343321491846FFF774
:10FD9000BAFE7B68343303F5F2731E491846FFF749
:10FDA000B2FE7B68343303F5F4727B685B691946F5
:10FDB0001046FFF7A8FE7B68343303F5F6727B68C4
:10FDC0001B6919461046FFF79EFE7B681B6A5A1C8A
:10FDD0007B681A637B6858787B6803F134017B6821
:10FDE0001A6B0123FFF7FAFD7B6800221A717B680A
:10FDF0005B78002200211846FFF710FE0346002B17
:10FE000001D00123FB73FB7B18461037BD4680BD34
:10FE1000525261417272416180B483B000AF786028
:10FE200039603B68023B3B607B689B69023B3A68F8
:10FE30009A4201D3002308E07B685B891A463B683D
:10FE400003FB02F27B68DB6A134418460C37BD469D
:10FE50005DF8047B704780B586B000AF786039608C
:10FE60007B681B683B613B68012B04D93B699B693C
:10FE70003A689A4202D301237B618EE04FF0FF3350
:10FE80007B613B691B78032B61D0032B7BDC012B4F
:10FE900002D0022B41D076E03B68FB60FB685B0838
:10FEA000FA681344FB603B695A6AFB685B0A1344B7
:10FEB00019463869FFF715FF0346002B66D1FB682A
:10FEC0005A1CFA60C3F308033A69134493F83430B8
:10FED000BB603B695A6AFB685B0A13441946386980
:10FEE000FFF7FFFE0346002B52D1FB68C3F3080364
:10FEF0003A69134493F834301B02BA681343BB6069
:10FF00003B6803F00103002B02D0BB681B0902E031
:10FF1000BB68C3F30B037B613FE03B695A6A3B68F4
:10FF20001B0A134419463869FFF7DBFE0346002B12
:10FF300030D13B6903F134023B685B0003F4FF738B
:10FF400013441846FFF788FD03467B6125E03B69B3
:10FF50005A6A3B68DB09134419463869FFF7C1FE4A
:10FF60000346002B18D13B6903F134023B689B0028
:10FF700003F4FE7313441846FFF787FD034623F08E
:10FF800070437B6109E001237B6106E000BF04E070
:10FF900000BF02E000BF00E000BF7B6918461837D1
:10FFA000BD4680BD90B589B000AFF860B9607A6099
:10FFB0000223FB77BB68012B40F2D980FB689B6969
:10FFC000BA689A4280F0D380FB681B78032B00F05C
:10FFD0009680032B00F3CB80012B02D0022B6ED036
:10FFE000C5E0BB68BB61BB695B08BA691344BB6110
:10FFF000FB685A6ABB695B0A13441946F868FFF745
:020000040802F0
:1000000070FE0346FB77FB7F002B40F0A980FB6866
:1000100003F13402BB69591CB961C3F308031344EB
:100020007B61BB6803F00103002B0DD07B691B785B
:100030005BB203F00F035AB27B685BB21B015BB289
:1000400013435BB2DBB201E07B68DBB27A69137009
:10005000FB680122DA70FB685A6ABB695B0A1344C9
:100060001946F868FFF73DFE0346FB77FB7F002B40
:1000700078D1FB6803F13402BB69C3F3080313446E
:100080007B61BB6803F00103002B03D07B681B0975
:10009000DBB20EE07B691B785BB223F00F035AB230
:1000A0007B681B0A5BB203F00F035BB213435BB2C6
:1000B000DBB27A691370FB680122DA7057E0FB68E3
:1000C0005A6ABB681B0A13441946F868FFF709FE11
:1000D0000346FB77FB7F002B46D1FB6803F134021C
:1000E000BB685B0003F4FF7313447A6892B2114655
:1000F0001846FFF7EDFCFB680122DA7037E0FB6879
:100100005A6ABB68DB0913441946F868FFF7E9FD32
:100110000346FB77FB7F002B28D17B6823F07044DC
:10012000FB6803F13402BB689B0003F4FE731344C5
:100130001846FFF7AAFC034603F0704323437B6095
:10014000FB6803F13402BB689B0003F4FE731344A5
:1001500079681846FFF7D7FCFB680122DA7006E0E1
:1001600000BF04E000BF02E000BF00E000BFFB7F73
:1001700018462437BD4690BD80B588B000AFF86002
:10018000B9607A600023FB77FB681B68BB61BB68C2
:10019000012B04D9BB699B69BA689A4201D3022337
:1001A0004BE07B68002B0CD04FF0FF327968B869C8
:1001B000FFF7F8FE0346FB77FB7F002B01D0FB7FA8
:1001C0003BE0B968F868FFF746FE78617B69002B71
:1001D00031D07B69012B01D102232EE07B69B3F181
:1001E000FF3F01D1012328E00022B968B869FFF779
:1001F000D9FE0346FB77FB7F002B01D0FB7F1CE081
:10020000BB695A69BB699B69023B9A420BD2BB69C5
:100210005B695A1CBB695A61BB691B7943F00103D6
:10022000DAB2BB691A717B69BB60BB699B69BA684A
:100230009A42C6D300E000BF002318462037BD46CF
:1002400080BD80B588B000AF786039607B681B687E
:100250003B613B68002B0DD13B691B69BB61BB69EE
:10026000002B04D03B699B69BA699A421BD30123D6
:10027000BB6118E039687868FFF7EDFDF860FB684E
:10028000012B01D8012370E0FB68B3F1FF3F01D1DE
:10029000FB686AE03B699B69FA689A4201D2FB6895
:1002A00063E03B68BB61BB69FB61FB690133FB61D8
:1002B0003B699B69FA699A4207D30223FB61FA6999
:1002C000BB699A4201D900234FE0F9697868FFF7CA
:1002D000C2FDF860FB68002B0ED0FB68012B03D039
:1002E000FB68B3F1FF3F01D1FB683EE0FA69BB69EF
:1002F0009A42DAD1002338E000BF4FF0FF32F969AB
:100300003869FFF74FFE0346FB75FB7D002B09D1D3
:100310003B68002B06D0FA6939683869FFF742FE5E
:100320000346FB75FB7D002B16D13B69FA691A6108
:100330003B695A693B699B69023B9A4204D83B6915
:100340005B695A1E3B695A613B691B7943F00103A3
:10035000DAB23B691A7107E0FB7D012B02D14FF045
:10036000FF3300E00123FB61FB6918462037BD46DF
:1003700080BD80B487B000AF786039607B681B684F
:10038000FB607B689B6A04333B613B685B0AFA68ED
:100390005289B3FBF2F37B613B691A1D3A611B681A
:1003A000BB60BB68002B01D1002310E07A69BB68F9
:1003B0009A4207D37A69BB68D31A7B613B690433DD
:1003C0003B61E9E700BF3B691A687B691344184643
:1003D0001C37BD465DF8047B704780B586B000AF22
:1003E000786039607B681B683B613B68B3F5001F30
:1003F00004D23B6803F01F03002B01D0022363E00B
:100400007B683A681A617B689B687B617B69002B1B
:1004100006D13B691B78022B02D93B699B6A7B6141
:100420007B69002B0CD13B685B093A6912899342C6
:1004300001D3022348E03B699A6A7B689A6129E00C
:100440003B695B895B02FB6019E07B687969184650
:10045000FFF701FD78617B69B3F1FF3F01D1012313
:1004600032E07B69012B04D93B699B697A699A4226
:1004700001D3022328E03A68FB68D31A3B603A684C
:10048000FB689A42E1D279693869FFF7C5FC0246F8
:100490007B689A617B687A695A617B689B69002BEB
:1004A00001D1022310E07B689A693B685B0A1A4419
:1004B0007B689A613B6903F134023B68C3F308032C
:1004C0001A447B68DA61002318461837BD4680BDA0
:1004D00080B586B000AF786039607B681B68FB60D0
:1004E0007B681B692033BB607B689B69002B03D052
:1004F000BB68B3F5001F01D30423AAE0BB68C3F3B4
:100500000803002B40F098807B689B695A1C7B682D
:100510009A617B685B69002B0BD1BB685B09FA6849
:1005200012899342C0F088807B6800229A6104237C
:100530008FE0BB685B0AFA685289013A1340002BCE
:100540007AD17A687B685B6919461046FFF783FCAD
:1005500078617B69012B01D802237AE07B69B3F1D2
:10056000FF3F01D1012374E0FB689B697A699A42DD
:1005700058D33B68002B04D17B6800229A61042386
:1005800067E07A687B685B6919461046FFF759FE99
:1005900078617B69002B01D107235AE07B69012B2D
:1005A00001D1022355E07B69B3F1FF3F01D1012363
:1005B0004FE0F868FFF751FB0346002B01D0012301
:1005C00047E0FB6834334FF4007200211846FFF710
:1005D000E7FA00233B617969F868FFF71DFC0246E2
:1005E000FB681A6312E0FB680122DA70F868FFF713
:1005F00034FB0346002B01D001232AE03B69013381
:100600003B61FB681B6B5A1CFB681A63FB685B89C8
:100610001A463B699342E6D3FB681A6B3B69D21AD0
:10062000FB681A637B687A695A617969F868FFF731
:10063000F3FB02467B689A617B68BA681A61FB68C3
:1006400003F13402BB68C3F308031A447B68DA6120
:10065000002318461837BD4680BD80B586B000AF70
:10066000786039607B681B68FB6000217868FFF761
:10067000B4FE0346FB75FB7D002B2BD100233B61B1
:100680007B689B691946F868FFF72BFB0346FB75EF
:10069000FB7D002B1DD17B68DB691B78E52B04D02B
:1006A0007B68DB691B78002B07D13B6901333B6119
:1006B0003A693B689A4202D10CE000233B61012178
:1006C0007868FFF705FF0346FB75FB7D002BD7D04D
:1006D00000E000BFFB7D042B01D10723FB75FB7DF0
:1006E00018461837BD4680BD80B584B000AF78602D
:1006F00039603B681A331846FFF7AEF90346FB60D2
:100700007B681B78032B09D13B6814331846FFF72D
:10071000A3F903461B04FA681343FB60FB68184601
:100720001037BD4680BD80B584B000AFF860B960B9
:100730007A60BB681A337A6892B211461846FFF79E
:10074000C7F9FB681B78032B09D1BB6803F11402BE
:100750007B681B0C9BB219461046FFF7B9F900BF26
:100760001037BD4680BD000090B587B000AF7860FF
:1007700039603B681A331846FFF76EF90346002BC1
:1007800001D0002359E03B681B7803F03F035A1E59
:1007900013465B0013449B0013447B610123FB81E0
:1007A00000233B6133E0274A3B6913441B781A4618
:1007B0003B6813441846FFF74FF90346BB81FB899A
:1007C000002B1AD07B69FE2B12D8BB89184602F089
:1007D00033FF03461C467B695A1C7A615B007A68CA
:1007E00013441B88184602F027FF03469C4201D0A1
:1007F000002322E0BB89FB8106E0BB894FF6FF7234
:10080000934201D0002318E03B6901333B613B690F
:100810000C2BC8D93B681B7803F04003002B0BD08E
:10082000FB89002B08D07B695B007A6813441B8826
:10083000002B01D0002300E0012318461C37BD46E1
:1008400090BD00BF20C0020880B586B000AF7860C0
:1008500039603B681A331846FFF7FEF80346002B51
:1008600001D000234DE03B681B7823F040035A1E63
:1008700013465B0013449B0013447B610123FB81FF
:1008800000233B6128E0214A3B6913441B781A4648
:100890003B6813441846FFF7DFF80346BB81FB892A
:1008A000002B0FD07B69FE2B01D9002329E0BB89E7
:1008B000FB817B695A1C7A615B007A681344FA8970
:1008C0001A8006E0BB894FF6FF72934201D00023E5
:1008D00017E03B6901333B613B690C2BD3D93B6883
:1008E0001B7803F04003002B0AD07B69FE2B01D953
:1008F000002306E07B695B007A68134400221A80BB
:10090000012318461837BD4680BD00BF20C002082D
:1009100080B588B000AFF860B96011461A460B4642
:10092000FB711346BB71BB680D33BA791A70BB6893
:100930000B330F221A70BB680C3300221A70BB688D
:100940001A3300211846FFF7C3F8FB795A1E1346E5
:100950005B0013449B001344FB610023FB820023D4
:10096000BB61FB8A4FF6FF72934207D0FB695A1CAA
:10097000FA615B00FA6813441B88FB82174ABB6963
:1009800013441B781A46BB681344FA8A114618466A
:10099000FFF79EF8FB8A002B02D14FF6FF73FB8214
:1009A000BB690133BB61BB690C2BDAD9FB8A4FF6FB
:1009B000FF72934206D0FB695B00FA6813441B8800
:1009C000002B03D1FB7943F04003FB71BB68FA793C
:1009D0001A7000BF2037BD4680BD00BF20C002088E
:1009E00080B58CB000AFF860B9607A603B600B22D4
:1009F000B968F868FFF7B3F83B68052B2BD93B685B
:100A0000FB6122E07B689A1C7A601B887B84002350
:100A1000BB6217E0FB695A007B8C03F001031344AF
:100A2000FB617B8C5B087B84FB6903F48033002BC8
:100A300005D0FB6983F4883383F02103FB61BB6A33
:100A40000133BB62BB6A0F2BE4D97B681B88002B88
:100A5000D8D1FB693B600723BB623B68DBB203F084
:100A60000F03DBB2303387F82F3097F82F30392B54
:100A700004D997F82F30073387F82F30BB6A5A1EF6
:100A8000BA6230333B4497F82F2003F81C2C3B68A4
:100A90001B093B603B68002BDFD107F11402BB6AE6
:100AA00013447E221A7000237B6202E07B6A0133CA
:100AB0007B627A6ABB6A9A4205D2FA687B6A1344FF
:100AC0001B78202BF2D1BB6A072B07D8BB6A5A1CB4
:100AD000BA6230333B4413F81C1C00E020217B6ACF
:100AE0005A1C7A62FA6813440A461A707B6A072B0A
:100AF000E9D900BF00BF3037BD4680BD80B485B0A6
:100B000000AF78600023FB730B23BB60FB7BDAB282
:100B10005208DB011343DAB27B68591C79601B78F9
:100B20001344FB73BB68013BBB60BB68002BEDD17A
:100B3000FB7B18461437BD465DF8047B704780B5D3
:100B400086B000AF786039600423FB757B681B6852
:100B50003B61FF237B75FF233B7581E07B689B69CD
:100B600019463869FFF7BDF80346FB75FB7D002B7E
:100B70007CD17B68DB691B78BB75BB7D002B02D108
:100B80000423FB7577E07B68DB690B331B7803F08C
:100B90003F03FB737B68FA7B9A71BB7DE52B0ED01C
:100BA000BB7D2E2B0BD0FB7B23F02003082B0CBF2F
:100BB00001230023DBB21A463B68934202D0FF2395
:100BC0007B7544E0FB7B0F2B2FD1BB7D03F04003F3
:100BD000002B0DD07B68DB695B7B3B75BB7D23F015
:100BE0004003BB75BB7D7B757B681A697B68DA62E5
:100BF000BA7D7B7D9A4215D17B68DB690D331B780A
:100C00003A7D9A420ED13B69DA687B68DB69194606
:100C10001046FFF719FE0346002B03D07B7D013BF6
:100C2000DBB200E0FF237B7511E07B7D002B09D157
:100C30007B68DB691846FFF761FF03461A463B7D78
:100C4000934215D07B684FF0FF32DA6210E000214A
:100C50007868FFF73DFC0346FB75FB7D002B09D14F
:100C60007B689B69002B7FF479AF04E000BF02E052
:100C700000BF00E000BFFB7D002B02D07B6800229C
:100C80009A61FB7D18461837BD4680BD80B586B099
:100C900000AF78607B681B683B6100217868FFF7D4
:100CA0009CFB0346FB75FB7D002B01D0FB7DA9E07F
:100CB000FF233B753B7D7B757B684FF0FF32DA622B
:100CC0007B689B6919463869FFF70BF80346FB758B
:100CD000FB7D002B40F090807B68DB691B78BB7547
:100CE000BB7D002B02D10423FB758AE07B68DB69A6
:100CF0000B331B7803F03F03FB737B68FA7B9A711D
:100D0000BB7DE52B07D0FB7B03F00803002B09D04C
:100D1000FB7B0F2B06D0FF237B757B684FF0FF32E8
:100D2000DA625EE0FB7B0F2B36D17B6893F82B30C9
:100D300003F04003002B54D1BB7D03F04003002B94
:100D40000DD07B68DB695B7B3B75BB7D23F040038B
:100D5000BB75BB7D7B757B681A697B68DA62BA7D7F
:100D60007B7D9A4215D17B68DB690D331B783A7D18
:100D70009A420ED13B69DA687B68DB6919461046F6
:100D8000FFF7F2FC0346002B03D07B7D013BDBB277
:100D900000E0FF237B7524E07B7D002B09D17B687D
:100DA000DB691846FFF7AAFE03461A463B7D9342CD
:100DB00024D07B6893F82B3003F00103002B0AD179
:100DC0007B68D8697B6820330B221946FEF703FF46
:100DD0000346002B14D0FF237B757B684FF0FF3256
:100DE000DA6200217868FFF773FB0346FB75FB7D31
:100DF000002B3FF465AF04E000BF02E000BF00E05D
:100E000000BFFB7D18461837BD4680BD80B58CB04D
:100E100000AF78607B681B68FB617B6893F82B30C0
:100E200003F0A003002B01D00623E0E000237B6247
:100E300002E07B6A01337B62FB69DA687B6A5B00F4
:100E400013441B88002BF4D17B6803F1200107F1C8
:100E50000C030C221846FEF782FEFB7D03F0010313
:100E6000002B32D07B68402283F82B200123BB6209
:100E700016E07B6803F12000FB69DA6807F10C01DA
:100E8000BB6AFFF7ADFD7868FFF700FF034687F800
:100E90002F3097F82F30002B06D1BB6A0133BB628D
:100EA000BB6A632BE5D900E000BFBB6A642B01D1AC
:100EB00007239CE097F82F30042B02D097F82F30AF
:100EC00095E0FA7D7B6883F82B20FB7D03F002031D
:100ED000002B07D07B6A0C33474AA2FB03239B08F5
:100EE000013300E001233B62396A7868FFF7B5FB04
:100EF000034687F82F3097F82F30002B48D13B6AF4
:100F0000013B3B623B6A002B42D07B681A693B6A1B
:100F10005B01D31A19467868FFF75FFA034687F832
:100F20002F3097F82F30002B32D17B6820331846B2
:100F3000FFF7E4FD0346FB767B689B691946F86979
:100F4000FEF7CFFE034687F82F3097F82F30002B9F
:100F50001DD1FB69D8687B68D9693B6ADAB2FB7E30
:100F6000FFF7D6FCFB690122DA7000217868FFF7F1
:100F7000AFFA034687F82F3097F82F30002B07D1B0
:100F80003B6A013B3B623B6A002BD5D100E000BFCE
:100F900097F82F30002B28D17B689B691946F86998
:100FA000FEF79FFE034687F82F3097F82F30002B6F
:100FB0001BD17B68DB69202200211846FEF7F0FD7B
:100FC0007B68D8697B6820330B221946FEF7C7FD82
:100FD0007B6893F82B207B68DB690C3302F01802E6
:100FE000D2B21A70FB690122DA7097F82F301846D6
:100FF0003037BD4680BD00BF4FECC44E80B586B0D3
:1010000000AF78607B681B683B617B681B69FB6095
:101010007B68DB6AB3F1FF3F07D07B68DB6A194668
:101020007868FFF7DAF9034600E00023FB75FB7DE3
:10103000002B28D17B689B6919463869FEF751FE61
:101040000346FB75FB7D002B15D17B68DB69E52230
:101050001A703B690122DA707B681B69FA689A4250
:101060000BD900217868FFF733FA0346FB75FB7D47
:10107000002BDFD002E000BF00E000BFFB7D042BAF
:1010800001D10223FB75FB7D18461837BD4680BD94
:1010900080B58AB000AF786039603B681B683B61FF
:1010A0007B681B68DB68FB6000237B617B69BB613D
:1010B000BB695A1CBA613A6913441B78BB84BB8C68
:1010C0001F2B40D9BB8C2F2B06D0BB8C5C2B10D197
:1010D00002E0BB690133BB613A69BB6913441B7809
:1010E0002F2BF6D03A69BB6913441B785C2BF0D0E8
:1010F0002AE07B69FE2B01D906237DE1BB8CDBB2A4
:10110000BB84BB8C0121184602F05AFA0346BB840B
:10111000BB8C002B01D106236EE1BB8C7F2B09D841
:10112000BB8C19468D48FEF77DFD0346002B01D090
:10113000062361E17B695A1C7A615B00FA681344FB
:10114000BA8C1A80B4E700BF3A69BB691A443B689D
:101150001A60BB8C1F2B01D8042300E0002387F802
:10116000273011E07B6903F10043013B5B00FA6823
:1011700013441B88BB84BB8C202B02D0BB8C2E2B32
:1011800006D17B69013B7B617B69002BEAD100E0E2
:1011900000BF7B695B00FA68134400221A807B69F8
:1011A000002B01D1062327E17B6820330B2220216D
:1011B0001846FEF7F5FC0023BB6102E0BB69013372
:1011C000BB61BB695B00FA6813441B88202BF5D018
:1011D000BB695B00FA6813441B882E2BEED0BB69F9
:1011E000002B09D097F8273043F0030387F8273006
:1011F00002E07B69013B7B617B69002B09D07B6945
:1012000003F10043013B5B00FA6813441B882E2B5B
:10121000EFD1002387F8263000233B620823FB61CF
:10122000BB695A1CBA615B00FA6813441B88BB8413
:10123000BB8C002B00F09080BB8C202B06D0BB8C8D
:101240002E2B0AD1BA697B699A4206D097F82730CB
:1012500043F0030387F827307DE03A6AFB699A423E
:1012600003D2BA697B699A4223D1FB690B2B06D161
:1012700097F8273043F0030387F8273075E0BA6901
:101280007B699A4205D097F8273043F0030387F82B
:101290002730BA697B699A4266D87B69BB610823AB
:1012A0003B620B23FB6197F826309B0087F82630C2
:1012B00051E0BB8C7F2B14D9BB8C0021184602F067
:1012C0007FF90346BB84BB8C002B04D0BB8C803BD6
:1012D000234AD35CBB8497F8273043F0020387F896
:1012E0002730BB8C002B07D0BB8C19461D48FEF75E
:1012F00099FC0346002B08D05F23BB8497F8273066
:1013000043F0030387F827301BE0BB8C402B09D93F
:10131000BB8C5A2B06D897F8263043F0020387F887
:1013200026300EE0BB8C602B0BD9BB8C7A2B08D8F7
:1013300097F8263043F0010387F82630BB8C203B1A
:10134000BB843B6A5A1C3A62BA8CD1B27A681344A5
:101350000A4683F8202063E700BF06E084B1020854
:10136000A0BF020890B1020800BF7B6893F820304C
:10137000E52B03D17B68052283F82020FB69082B2D
:1013800004D197F826309B0087F8263097F826304E
:1013900003F00C030C2B05D097F8263003F0030361
:1013A000032B05D197F8273043F0020387F8273045
:1013B00097F8273003F00203002B17D197F8263057
:1013C00003F00303012B05D197F8273043F01003F6
:1013D00087F8273097F8263003F00C03042B05D14B
:1013E00097F8273043F0080387F827307B6897F891
:1013F000272083F82B20002318462837BD4680BDC0
:1014000080B586B000AF786039607B683B613B692E
:101410001B68FB6002E03B6801333B603B681B7864
:101420002F2BF8D03B681B785C2BF4D03B69002253
:101430009A603B681B781F2B0AD87B68802283F850
:101440002B2000217868FEF7C8FF0346FB7543E0B8
:101450003B4619467868FFF71BFE0346FB75FB7D8C
:10146000002B34D17868FFF711FC0346FB757B68CD
:1014700093F82B30FB72FB7D002B0AD0FB7D042BF5
:1014800027D1FB7A03F00403002B22D10523FB753F
:101490001FE0FB7A03F00403002B1CD13B699B790E
:1014A00003F01003002B02D10523FB7514E0FB6849
:1014B00003F134027B681B69C3F308031344194624
:1014C000F868FFF711F902463B699A60C0E700BF70
:1014D00002E000BF00E000BFFB7D18461837BD46A4
:1014E00080BD80B487B000AF78604FF0FF333B61C0
:1014F0007B681B68002B31D07B681B687B6102E036
:101500007B6901337B617B691B781F2B03D97B6966
:101510001B783A2BF4D17B691B783A2B1CD17B6862
:101520001B68FB60FB685A1CFA601B78303BBB6091
:10153000BB68092B0ED8FA687B699A420AD1BB684E
:10154000002B07D1BB683B617B6901337B617B6802
:101550007A691A603B6902E000233B613B691846E7
:101560001C37BD465DF8047B7047000080B582B033
:1015700000AF786039607B680022DA707B684FF0DA
:10158000FF321A6339687868FEF7ABFB0346002B1D
:1015900001D0042338E07B68343303F5FF73184629
:1015A000FEF75AFA03461A464AF655239A4201D0E4
:1015B000032329E07B6893F83430E92B09D07B685A
:1015C00093F83430EB2B1ED17B6893F83630902B98
:1015D00019D17B68343336331846FEF756FA034682
:1015E00023F07F430A4A934201D100230CE07B6839
:1015F000343352331846FEF748FA0346054A9342FD
:1016000001D1002300E0022318460837BD4680BD03
:10161000464154004641543380B596B000AFF8605F
:10162000B9601346FB71BB6800221A60F868FFF7C7
:1016300058FFF863FB6B002B01DA0B232AE2A14A67
:10164000FB6B52F82330BB63BB6B002B01D10C2327
:1016500020E2BB68BA6B1A60FB7923F00103FB71CF
:10166000BB6B1B78002B1AD0BB6B5B781846FEF760
:1016700053F9034687F8373097F8373003F0010302
:10168000002B0CD1FB79002B07D097F8373003F0F3
:101690000403002B01D00A23FCE10023FAE1BB6B19
:1016A00000221A70FB6BDAB2BB6B5A70BB6B5B78B3
:1016B0001846FEF74BF9034687F8373097F837306E
:1016C00003F00103002B01D00323E3E1FB79002B9E
:1016D00007D097F8373003F00403002B01D00A231A
:1016E000D8E100233B65396DB86BFFF73FFF034638
:1016F00087F8573097F85730022B49D100233B64C5
:101700001EE0BB6B03F134023B6C1B0103F5DF737E
:1017100013443B633B6B04331B78002B06D03B6BBD
:1017200008331846FEF7B1F9024600E000223B6C90
:101730009B0058333B4443F8442C3B6C01333B64DF
:101740003B6C032BDDD900233B643B6C002B02D0A8
:101750003B6C013B3B643B6C9B0058333B4453F870
:10176000443C3B653B6D002B05D0396DB86BFFF7F2
:10177000FDFE034600E0032387F8573097F8573003
:10178000012B05D93B6C01333B643B6C032BE2D945
:1017900097F85730042B01D101237BE197F857309C
:1017A000012B01D90D2375E1BB6B34330B33184684
:1017B000FEF752F90346B3F5007F01D00D2369E12E
:1017C000BB6B343316331846FEF746F90346FB6409
:1017D000FB6C002B06D1BB6B343324331846FEF769
:1017E00054F9F864BB6BFA6CDA61BB6B93F8442074
:1017F000BB6B9A70BB6B9B78012B05D0BB6B9B7846
:10180000022B01D00D2345E1BB6B9B781A46FB6C84
:1018100002FB03F3FB64BB6B93F841301A46BB6BCE
:101820005A81BB6B5B89002B08D0BB6B5B891A4666
:10183000BB6B5B89013B1340002B01D00D2329E1D9
:10184000BB6B343311331846FEF706F903461A46CC
:10185000BB6B1A81BB6B1B8903F00F039BB2002B80
:1018600001D00D2316E1BB6B343313331846FEF75A
:10187000F3F80346BB64BB6C002B06D1BB6B34335F
:1018800020331846FEF701F9B864BB6B34330E33CE
:101890001846FEF7E1F80346FB85FB8D002B01D1CE
:1018A0000D23F7E0FA8DFB6C1344BA6B1289120911
:1018B00092B21344BB62BA6CBB6A9A4204D20D2343
:1018C000E8E000BF0C650120BA6CBB6AD31ABA6BA2
:1018D0005289B3FBF2F37B627B6A002B01D10D23AB
:1018E000D8E0032387F857307B6A4FF6F5729342AE
:1018F00002D8022387F857307B6A40F6F57293428C
:1019000002D8012387F857307B6A9A1CBB6B9A6117
:10191000BB6B3A6D1A62FA8D3B6D1A44BB6B5A620F
:101920003A6DBB6A1A44BB6BDA6297F85730032BE7
:101930001ED1BB6B34332A331846FEF78DF80346AD
:10194000002B01D00D23A5E0BB6B1B89002B01D020
:101950000D239FE0BB6B34332C331846FEF795F80C
:101960000246BB6B9A62BB6B9B699B007B641FE06A
:10197000BB6B1B89002B01D10D238BE0BB6B5A6A1B
:10198000FB6C1A44BB6B9A6297F85730022B03D159
:10199000BB6B9B695B000AE0BB6B9A6913465B00FB
:1019A00013445A08BB6B9B6903F0010313447B6427
:1019B000BB6BDA697B6C03F2FF135B0A9A4201D2BC
:1019C0000D2367E0BB6B4FF0FF325A61BB6B5A6966
:1019D000BB6B1A61BB6B80221A7197F85730032BCF
:1019E00049D1BB6B343330331846FEF735F8034624
:1019F000012B40D13B6D01331946B86BFEF771F9ED
:101A00000346002B37D1BB6B00221A71BB6B3433FA
:101A100003F5FF731846FEF71FF803461A464AF609
:101A200055239A4227D1BB6B34331846FEF72DF865
:101A300003461A4A93421ED1BB6B343303F5F2734B
:101A40001846FEF722F80346154A934213D1BB6BA2
:101A5000343303F5F4731846FEF717F80246BB6BF0
:101A60005A61BB6B343303F5F6731846FEF70DF875
:101A70000246BB6B1A61BB6B97F857201A70094B73
:101A80001B8801339AB2074B1A80064B1A88BB6B2E
:101A9000DA80002318465837BD4680BD5252614156
:101AA000727241611065012080B584B000AF78602A
:101AB00039600923FB737B68002B1CD07B681B6893
:101AC000002B18D07B681B681B78002B13D07B6819
:101AD0009A887B681B68DB889A420CD17B681B68FC
:101AE0005B781846FDF718FF034603F00103002B4F
:101AF00001D10023FB73FB7B002B02D17B681B68A9
:101B000000E000233A681360FB7B18461037BD469F
:101B100080BD000080B588B000AFF860B9601346A2
:101B2000FB71BB683B6107F110031846FFF7D9FC56
:101B3000F861FB69002B01DA0B2328E0164AFB69E8
:101B400052F82330BB61BB69002B02D0BB69002275
:101B50001A70FB68002B02D0FB6800221A70FA682A
:101B60000D49FB6941F82320FB68002B02D0FB796B
:101B7000012B01D000230AE007F10C0107F1080353
:101B800000221846FFF748FD0346FB75FB7D18460B
:101B90002037BD4680BD00BF0C65012080B5ADF586
:101BA000187D00AF07F51873A3F51573186007F5D6
:101BB0001873A3F51673196007F51873A3F2592368
:101BC0001A7007F51873A3F515731B68002B01D164
:101BD000092352E207F51873A3F2592307F5187287
:101BE000A2F25922127802F03F021A7007F5187318
:101BF000A3F259231A7807F5047107F10803184670
:101C0000FFF70AFD034687F85F3297F85F32002B33
:101C100040F02682D7F81032C7F81432D7F81032C5
:101C200007F11002DA6007F51873A3F516731A6846
:101C300007F5057311461846FFF7E2FB034687F8E0
:101C40005F3297F85F32002B07D197F83F325BB2D3
:101C5000002B02DA062387F85F3207F51873A3F228
:101C600059231B7803F01C03002B00F0A08097F889
:101C70005F32002B18D097F85F32042B07D107F59D
:101C800005731846FFF7C2F8034687F85F3207F579
:101C90001873A3F2592307F51872A2F25922127889
:101CA00042F008021A7015E097F81A3203F0110397
:101CB000002B03D0072387F85F320BE007F518737A
:101CC000A3F259231B7803F00403002B02D008234E
:101CD00087F85F3297F85F32002B40F0888007F575
:101CE0001873A3F259231B7803F00803002B7ED04E
:101CF000F9F78EFBC7F85002D7F830320E33D7F819
:101D000050121846FDF7FFFED7F830321633D7F8D9
:101D100050121846FDF7F7FED7F830320B33202269
:101D20001A70D7F81032D7F8302211461846FEF74D
:101D3000DBFCC7F84C02D7F81032D7F8301200227B
:101D40001846FEF7F0FCD7F830321C330021184655
:101D5000FDF7D9FED7F810320122DA70D7F84C32ED
:101D6000002B44D0D7F810321B6BC7F8503207F560
:101D700005730022D7F84C121846FEF7FDF903460A
:101D800087F85F3297F85F32002B30D1D7F81032E6
:101D9000D7F850121846FDF7A4FF034687F85F32C4
:101DA000D7F81032D7F84C22013A1A611FE097F8A1
:101DB0005F32002B1BD197F81A3203F01003002B6F
:101DC00003D0042387F85F3211E007F51873A3F2FC
:101DD00059231B7803F00203002B08D097F81A321E
:101DE00003F00103002B02D0072387F85F3297F836
:101DF0005F32002B25D107F51873A3F259231B7806
:101E000003F00803002B0BD007F51873A3F2592336
:101E100007F51872A2F25922127842F040021A70A5
:101E2000D7F810321A6B07F51873A3F515731B68F2
:101E30001A62D7F8302207F51873A3F515731B68DB
:101E40005A6297F85F32002B40F00A81D7F81032BF
:101E5000D7F8302211461846FEF746FC024607F531
:101E60001873A3F515731B689A60D7F830321C33CA
:101E70001846FDF70AFE024607F51873A3F5157319
:101E80001B68DA6007F51873A3F515731B68002249
:101E90009A62D7F8102207F51873A3F515731B681B
:101EA0001A60D7F81032DA8807F51873A3F515739E
:101EB0001B689A8007F51873A3F515731B6807F55F
:101EC0001872A2F2592212781A7407F51873A3F542
:101ED00015731B6800225A7407F51873A3F5157360
:101EE0001B680022DA6107F51873A3F515731B68E8
:101EF00000225A6107F51873A3F515731B682C337C
:101F00004FF4007200211846FDF74AFE07F51873DA
:101F1000A3F259231B7803F02003002B00F0A080CC
:101F200007F51873A3F515731B68DB68002B00F029
:101F3000978007F51873A3F515731B68DA6807F522
:101F40001873A3F515731B685A61D7F810325B89B3
:101F50005B02C7F8483207F51873A3F515731B68C1
:101F60009B68C7F8583207F51873A3F515731B68FB
:101F7000DB68C7F8543221E007F51873A3F5157331
:101F80001B68D7F858121846FDF765FFC7F85802C6
:101F9000D7F85832012B02D8022387F85F32D7F8DE
:101FA0005832B3F1FF3F02D1012387F85F32D7F8EF
:101FB0005422D7F84832D31AC7F8543297F85F3210
:101FC000002B05D1D7F85422D7F848329A42D3D8FB
:101FD00007F51873A3F515731B68D7F858229A6193
:101FE00097F85F32002B3BD1D7F85432C3F3080384
:101FF000002B35D0D7F81032D7F858121846FDF715
:102000000BFFC7F84402D7F84432002B03D1022358
:1020100087F85F3224E0D7F854325A0AD7F84432AE
:102020001A4407F51873A3F515731B68DA61D7F81E
:102030001032587807F51873A3F515731B6803F170
:102040002C0107F51873A3F515731B68DA690123D2
:10205000FDF7A4FC0346002B02D0012387F85F3272
:1020600097F85F32002B06D007F51873A3F51573A8
:102070001B6800221A6097F85F32184607F5187738
:10208000BD4680BD80B58EB000AFF860B9607A60A3
:102090003B60BB687B623B6800221A60FB6807F10B
:1020A000140211461846FFF7FFFC034687F8373045
:1020B00097F83730002B07D1FB685B7C87F8373007
:1020C00097F83730002B02D097F8373015E1FB68CE
:1020D0001B7C03F00103002B01D107230DE1FB68FA
:1020E000DA68FB685B69D31A3B627A683B6A9A429A
:1020F00040F2FE803B6A7B60FAE0FB685B69C3F3F9
:102100000803002B40F0C680FB685B695B0A7A69B4
:102110005289013A1340FB61FB69002B2FD1FB6808
:102120005B69002B03D1FB689B683B6313E0FB6892
:102130009B6A002B07D0FB685B691946F868FEF7BD
:1021400018F9386307E0FA68FB689B69194610467E
:10215000FDF781FE38633B6B012B04D8FB6802223C
:102160005A740223C9E03B6BB3F1FF3F04D1FB6813
:1021700001225A740123C0E0FB683A6B9A617A69C4
:10218000FB689B6919461046FDF746FEB861BB69BE
:10219000002B04D1FB6802225A740223ADE0BA6915
:1021A000FB691344BB617B685B0ABB62BB6A002BA3
:1021B00039D0FA69BB6A13447A695289934205D9C6
:1021C0007B695B891A46FB69D31ABB627B695878C5
:1021D000BB6ABA69796AFDF7E1FB0346002B04D0BC
:1021E000FB6801225A74012387E0FB681B7C5BB209
:1021F000002B14DAFB68DA69BB69D31ABA6A9A420F
:102200000DD9FB68DA69BB69D31A5B027A6AD01808
:10221000FB682C334FF400721946FDF7A0FCBB6A33
:102220005B02FB6250E0FB68DB69BA699A422ED020
:10223000FB681B7C5BB2002B18DA7B695878FB6863
:1022400003F12C01FB68DA690123FDF7C7FB0346A4
:10225000002B04D0FB6801225A7401234DE0FB6877
:102260001B7C03F07F03DAB2FB681A747B69587831
:10227000FB6803F12C010123BA69FDF78FFB0346CC
:10228000002B04D0FB6801225A74012335E0FB685F
:10229000BA69DA61FB685B69C3F30803C3F50073CD
:1022A000FB62FA6A7B689A4201D97B68FB62FB6831
:1022B00003F12C02FB685B69C3F308031344FA6A59
:1022C0001946786AFDF74BFC7A6AFB6A13447B6215
:1022D000FB685A69FB6A1A44FB685A613B681A68D2
:1022E000FB6A1A443B681A607A68FB6AD31A7B60FF
:1022F0007B68002B7FF401AF002318463837BD46BA
:1023000080BD80B58CB000AFF860B9607A603B608A
:10231000BB68FB613B6800221A60FB6807F1100292
:1023200011461846FFF7C0FB034687F82F3097F891
:102330002F30002B07D1FB685B7C87F82F3097F894
:102340002F30002B02D097F82F304BE1FB681B7C1D
:1023500003F00203002B01D1072343E1FB685A6914
:102360007B681A44FB685B699A4280F02D81FB68A8
:102370005B69DB437B6027E1FB685B69C3F30803B0
:10238000002B40F0E380FB685B695B0A3A69528985
:10239000013A1340BB61BB69002B43D1FB685B6909
:1023A000002B0CD1FB689B68BB62BB6A002B1AD167
:1023B000FB6800211846FDF744FFB86213E0FB6894
:1023C0009B6A002B07D0FB685B691946F868FDF72C
:1023D000D0FFB86207E0FA68FB689B6919461046AF
:1023E000FDF72FFFB862BB6A002B00F0F280BB6ADA
:1023F000012B04D1FB6802225A740223F2E0BB6A6B
:10240000B3F1FF3F04D1FB6801225A740123E9E0D4
:10241000FB68BA6A9A61FB689B68002B02D1FB6873
:10242000BA6A9A60FB681B7C5BB2002B18DA3B69C6
:102430005878FB6803F12C01FB68DA690123FDF78A
:10244000CDFA0346002B04D0FB6801225A74012305
:10245000C8E0FB681B7C03F07F03DAB2FB681A74E8
:102460003A69FB689B6919461046FDF7D5FC78610F
:102470007B69002B04D1FB6802225A740223B1E06D
:102480007A69BB6913447B617B685B0A3B623B6A88
:10249000002B3CD0BA693B6A13443A695289934293
:1024A00005D93B695B891A46BB69D31A3B623B6914
:1024B00058783B6A7A69F969FDF790FA0346002B70
:1024C00004D0FB6801225A7401238BE0FB68DA69AF
:1024D0007B69D31A3A6A9A4215D9FB6803F12C003A
:1024E000FB68DA697B69D31A5B02FA6913444FF41B
:1024F00000721946FDF733FBFB681B7C03F07F037A
:10250000DAB2FB681A743B6A5B027B623FE0FB68ED
:10251000DB697A699A4216D0FB685A69FB68DB6806
:102520009A4210D23B695878FB6803F12C010123D1
:102530007A69FDF733FA0346002B04D0FB680122C9
:102540005A7401234EE0FB687A69DA61FB685B69C3
:10255000C3F30803C3F500737B627A6A7B689A420F
:1025600001D97B687B62FB6803F12C02FB685B6925
:10257000C3F3080313447A6AF9691846FDF7EFFAC2
:10258000FB681B7C63F07F03DAB2FB681A74FA699C
:102590007B6A1344FB61FB685A697B6A1A44FB68D7
:1025A0005A61FB68DA68FB685B699A4238BF1A4671
:1025B000FB68DA603B681A687B6A1A443B681A60F9
:1025C0007A687B6AD31A7B607B68002B7FF4D4AE79
:1025D00000E000BFFB681B7C43F04003DAB2FB68FD
:1025E0001A74002318463037BD4680BD80B586B0CA
:1025F00000AF78607B6807F1080211461846FFF7C4
:1026000053FA0346FB75FB7D002B68D17B681B7C6E
:1026100003F04003002B62D07B681B7C5BB2002B75
:1026200015DABB6858787B6803F12C017B68DA699E
:102630000123FDF7D3F90346002B01D001234FE01E
:102640007B681B7C03F07F03DAB27B681A74F8F7AF
:10265000DFFE3861BA687B681B6A19461046FDF7D1
:1026600040FB0346FB75FB7D002B38D17B685B6A22
:10267000FB60FB680B331A78FB680B3342F02002D7
:10268000D2B21A707B6818687B689B681A46F96832
:10269000FEF749F8FB6803F11C027B68DB6819460A
:1026A0001046FDF730FAFB68163339691846FDF716
:1026B0002AFAFB68123300211846FDF709FABB68B5
:1026C0000122DA70BB681846FDF738FB0346FB753C
:1026D0007B681B7C23F04003DAB27B681A74FB7DB5
:1026E00018461837BD4680BD80B584B000AF78600D
:1026F0007868FFF77BFF0346FB73FB7B002B0ED153
:102700007B6807F1080211461846FFF7CDF903462A
:10271000FB73FB7B002B02D17B6800221A60FB7BE2
:1027200018461037BD4680BD80B590B000AF7860C8
:1027300039607B6807F1080211461846FFF7B4F9C3
:10274000034687F83F3097F83F30002B03D17B6872
:102750005B7C87F83F3097F83F30002B02D097F82A
:102760003F30E6E17B689B6A002B00F0D1803B683C
:10277000B3F1FF3F5AD17B689B6A7B627B6A1A1D6B
:102780007A621B687B610223BB627B689B683B6348
:102790003B6B002B3AD03B6B3B610023FB62BB6A77
:1027A0000233BB623B6BFB60FB6A0133FB627B68FD
:1027B000396B1846FDF74FFB38633B6B012B04D890
:1027C0007B6802225A740223B3E13B6BB3F1FF3FF3
:1027D00004D17B6801225A740123AAE1FB6801330A
:1027E0003A6B9A42DED0BA6A7B699A4209D87B6A10
:1027F0001A1D7A62FA6A1A607B6A1A1D7A623A694D
:102800001A60BB689B693A6B9A42C4D37B689B6A27
:10281000BA6A1A60BA6A7B699A4203D87B6A002254
:102820001A6084E1112387F83F3080E17B68DB6820
:102830003A689A4202D97B68DB683B607B683A68F9
:102840005A613B68002B00F072813B68013B1946DE
:102850007868FDF78EFD02467B689A61BA687B68EE
:102860009B6919461046FDF7D7FAB861BB69002B82
:1028700004D17B6802225A7402235AE13B68013B6F
:102880005B0ABA685289013A1340BA691344BB61C2
:102890007B685B69C3F30803002B00F048817B6809
:1028A000DB69BA699A4200F042817B681B7C5BB2AB
:1028B000002B18DABB6858787B6803F12C017B6821
:1028C000DA690123FDF78AF80346002B04D07B6800
:1028D00001225A7401232CE17B681B7C03F07F03E7
:1028E000DAB27B681A74BB6858787B6803F12C01F4
:1028F0000123BA69FDF752F80346002B04D07B6828
:1029000001225A74012314E17B68BA69DA610EE18D
:102910007B68DB683A689A4208D97B681B7C03F0C5
:102920000203002B02D17B68DB683B607B685B693C
:102930003B6200237B637B687A6B5A613B68002BA8
:1029400000F0A780BB685B895B02FB613B6A002BE0
:102950001BD03B685A1EFB69B2FBF3F23B6A591E5F
:10296000FB69B1FBF3F39A420FD33B6A5A1EFB6932
:102970005B421A407B685A617B685B693A68D31A8C
:102980003B607B689B69BB6322E07B689B68BB63A1
:10299000BB6B002B19D17B6800211846FDF751FC59
:1029A000B863BB6B012B04D17B6802225A740223EB
:1029B000BFE0BB6BB3F1FF3F04D17B6801225A74C7
:1029C0000123B6E07B68BA6B9A607B68BA6B9A6148
:1029D000BB6B002B5DD03AE03A68FB69D31A3B60D1
:1029E0007B685A69FB691A447B685A617B681B7C67
:1029F00003F00203002B0BD07B68B96B1846FDF780
:102A000020FCB863BB6B002B08D100233B6022E0A5
:102A10007B68B96B1846FDF71EFAB863BB6BB3F160
:102A2000FF3F04D17B6801225A74012381E0BB6B14
:102A3000012B04D9BB689B69BA6B9A4204D37B68AB
:102A400002225A74022374E07B68BA6B9A613A6876
:102A5000FB699A42C0D87B685A693B681A447B6814
:102A60005A613B68C3F30803002B12D0BB68B96BF3
:102A70001846FDF7D1F978637B6B002B04D17B6896
:102A800002225A74022354E03B685B0A7A6B1344B7
:102A90007B637B685A697B68DB689A420AD97B68EA
:102AA0005A697B68DA607B681B7C43F04003DAB2CA
:102AB0007B681A747B685B69C3F30803002B36D00C
:102AC0007B68DB697A6B9A4231D07B681B7C5BB296
:102AD000002B18DABB6858787B6803F12C017B68FF
:102AE000DA690123FCF77AFF0346002B04D07B68E8
:102AF00001225A7401231CE07B681B7C03F07F03D6
:102B0000DAB27B681A74BB6858787B6803F12C01D1
:102B100001237A6BFCF742FF0346002B04D07B684D
:102B200001225A74012304E07B687A6BDA6197F81A
:102B30003F3018464037BD4680BD80B5ADF51E7D9F
:102B400000AF07F51E73A3F51D7318600023C7F8C7
:102B5000703207F503713B1D02221846FEF75CFD3B
:102B6000034687F87732D7F80C32C7F8403297F827
:102B70007732002B40F09480D7F80C3207F10C022A
:102B8000DA6007F51E73A3F51D731A6807F5107355
:102B900011461846FEF734FC034687F8773297F85B
:102BA0007732002B7CD197F86B325BB2002B03DAC3
:102BB000062387F8773208E097F8463203F00103DE
:102BC000002B02D0072387F8773297F87732002B53
:102BD0003BD1D7F80C32D7F85C2211461846FDF7E6
:102BE00083FDC7F8700297F8463203F01003002BFC
:102BF0002BD0D7F80C32C7F81032D7F87032C7F89C
:102C0000183207F5047300211846FDF7E6FB03466A
:102C100087F8773297F87732002B16D107F50473CF
:102C200000211846FDF78BFF034687F8773297F8A7
:102C30007732002B02D1072387F8773297F8773263
:102C4000042B02D1002387F8773297F87732002BD4
:102C500026D107F510731846FEF7D0F9034687F81A
:102C6000773297F87732002B0ED1D7F87032002BDD
:102C70000AD007F510730022D7F870121846FDF736
:102C80007BFA034687F8773297F87732002B07D123
:102C9000D7F80C321846FDF751F8034687F877321B
:102CA00097F87732184607F51E77BD4680BD0000BD
:102CB00090B59DB000AFF8607A603B600B46FB7248
:102CC00001237B644FF400733B6407F10C03184647
:102CD000FEF707FCF863FB6B002B02DA0B2300F016
:102CE0000DBC944AFB6B52F82330002B05D0914A5F
:102CF000FB6B52F8233000221A70FB6B87F83B30D5
:102D0000002387F83A3097F83B301846FCF71EFE50
:102D1000034687F8393097F8393003F00103002B68
:102D200001D00323EAE397F8393003F00403002BC2
:102D300001D00A23E2E307F1140297F83B300321A4
:102D40001846FCF76BFE0346002B0CD17B69002B69
:102D500009D07B69B3F5004F05D87B695A1E7B69A2
:102D60001340002B01D001237B614FF40073FB86DD
:102D70007B68002B03D0FB8E7A689A4209D37B686C
:102D8000B3F1807F05D87B685A1E7B681340002B07
:102D900001D01323B2E3FB8E7A68B2FBF3F37B60BE
:102DA0003B683B63FB8ED7F88020B2FBF3F3FB62FA
:102DB000FA8EFB6A02FB03F3BB62BB6A002B01D1F4
:102DC0000E239BE307F1100297F83B3001211846D0
:102DD000FCF724FE0346002B01D001238EE3FB7A8F
:102DE00003F00803002B01D0002300E03F237B62A7
:102DF0003B697A6A9A4201D90E237FE33A697B6A7A
:102E0000D31A3B613B697F2B01D80E2376E37B68A5
:102E1000802B01D9132371E3FB7A03F00203002B0B
:102E20000DD0FB7A03F00703022B04D0FB7A03F0EA
:102E30000103002B03D1032387F84F3009E0FB7A0D
:102E400003F00103002B01D1132357E3022387F87A
:102E50004F307B683B6597F84F30032B3CD13B6D7F
:102E6000002B1BD13B695B0CFB650023BB6401237A
:102E70003B6505E0BB6C0133BB643B6D5B003B65B0
:102E80002D4ABB6C32F81330002B07D02A4ABB6C9A
:102E900032F813301A46FB6D9342EBD23A693B6D20
:102EA000B2FBF3F33B623B6A02339A00FB8E13449E
:102EB0005A1EFB8EB2FBF3F3BB6620237B65002317
:102EC000FB663B6A4FF6F572934203D93B6A1B4A95
:102ED000934252D90E2311E33B6D002B1BD13B696A
:102EE0001B0BFB650023BB6401233B6505E0BB6C4A
:102EF0000133BB643B6D5B003B65114ABB6C32F830
:102F00001330002B07D00E4ABB6C32F813301A4630
:102F1000FB6D9342EBD23A693B6DB2FBF3F33B623C
:102F20003B6A40F6F57293420CD93B6A02335B0070
:102F3000FB6512E00C65012030C00208F5FFFF0FB1
:102F400040C00208012387F84F303A6A13465B00FD
:102F5000134401335B080333FB65FA8EFB6D1344A6
:102F60005A1EFB8EB2FBF3F3BB6601237B653B6C01
:102F70005A01FB8EB2FBF3F3FB667A6A7B6D134456
:102F8000BB65BB6E7A6C03FB02F2BB6D1344FA6E39
:102F90001344FB617A69FB6913445A1E7B695B42E7
:102FA0001A40FB69D31AFB6597F84F30032B08D101
:102FB0007A6DFB6D13447B65BA6DFB6D1344BB6585
:102FC00006E0FA6D7B6CB2FBF3F3BA6E1344BB669A
:102FD0003B6D1A01FB691A447B6AD21A3B699A421B
:102FE00001D90E238AE23A697B6DD21ABB6E796CE5
:102FF00001FB03F3D21AFB6ED21A3B6DB2FBF3F363
:103000003B6297F84F30032B0FD13B6A4FF6F572B6
:1030100093420AD87B68002B05D13B6D5B087B602F
:103020007B68002B44D10E2368E297F84F30022BC7
:1030300033D13B6A4FF6F57293421ED97B68002B61
:1030400007D13B6D5B00402B03D83B6D5B007B6081
:1030500033E0FB7A03F00203002B03D0032387F84D
:103060004F302AE07B68002B05D13B6D5B007B6015
:103070007B68802B1ED90E2340E23B6A40F6F57236
:1030800093420AD87B68002B05D13B6D5B007B60C7
:103090007B68802B10D90E2330E297F84F30012B3C
:1030A0000CD13B6A40F6F572934207D90E2325E214
:1030B00000BFCEE600BFCCE600BFCAE600BFFB8E75
:1030C0001A460021386BFCF76BFD0B22B249386BB6
:1030D000FCF745FD3B6B0B33FA8E11461846FCF7A7
:1030E000F7FC3B6B0D333A6DD2B21A703B6B0E336B
:1030F0007A6D92B211461846FCF7EAFC3B6B10332E
:103100007A6CD2B21A703B6B03F1110297F84F3010
:10311000032B02D03B6C9BB200E000231946104603
:10312000FCF7D6FC3B69B3F5803F08D23B6B133309
:103130003A6992B211461846FCF7CAFC06E03B6BAE
:1031400020333A6911461846FCF7DDFC3B6B15331A
:10315000F8221A703B6B18333F211846FCF7B8FC75
:103160003B6B1A33FF211846FCF7B2FC3B6B1C3358
:10317000796A1846FCF7C7FC97F84F30032B31D11A
:103180003B6B03F14304F8F743F903461946204625
:10319000FCF7B9FC3B6B2433B96E1846FCF7B3FC63
:1031A0003B6B2C3302211846FCF7ADFC3B6B3033F4
:1031B00001211846FCF78CFC3B6B32330621184684
:1031C000FCF786FC3B6B403380221A703B6B42332A
:1031D00029221A703B6B4733132270491846FCF7BB
:1031E000BEFC20E03B6B03F12704F8F711F903461E
:1031F00019462046FCF787FC3B6B1633BA6E92B239
:1032000011461846FCF764FC3B6B243380221A708D
:103210003B6B263329221A703B6B2B3313226049F8
:103220001846FCF79CFC3B6B03F5FF734AF65521EF
:103230001846FCF74DFC97F83B0001237A6A396B7E
:10324000FCF7CCFB0346002B01D0012356E197F895
:103250004F30032B40D17B6A9A1D97F83B00012326
:10326000396BFCF7BBFBFB8E1A460021386BFCF771
:1032700097FC4C49386BFCF746FC3B6B03F5F2734B
:1032800049491846FCF73FFC3B6B03F5F4723B6A77
:10329000013B19461046FCF736FC3B6B03F5F67311
:1032A00002211846FCF72FFC3B6B03F5FF734AF62F
:1032B00055211846FCF70CFC7B6ADA1D97F83B0099
:1032C0000123396BFCF78AFB7B6A5A1C97F83B0099
:1032D0000123396BFCF782FBBA6A0021386BFCF7DB
:1032E0005FFCBB6D7B660023BB644BE097F84F30FF
:1032F000032B13D16FF00701386BFCF704FC3B6B19
:1033000004334FF0FF311846FCF7FDFB3B6B0833ED
:103310006FF070411846FCF7F6FB0BE097F84F3062
:10332000012B01D1214B01E06FF007031946386BE7
:10333000FCF7E9FBBB6E3B663A6EFB6A934228BF23
:103340001346FB6597F83B00FB6D7A6E396BFCF713
:1033500045FB0346002B01D00123CFE0FB8E1A462C
:103360000021386BFCF71CFC7A6EFB6D13447B6606
:103370003A6EFB6DD31A3B663B6E002BDCD1BB6C07
:103380000133BB64BA6C7B6C9A42AFD397F84F3071
:10339000032B0DD13B6D0CE098B10208A4B10208DB
:1033A000B8B102085252614172724161F8FFFF00E8
:1033B000FB6E3B663A6EFB6A934228BF1346FB6581
:1033C00097F83B00FB6D7A6E396BFCF707FB034601
:1033D000002B01D0012391E07A6EFB6D13447B66D4
:1033E0003A6EFB6DD31A3B663B6E002BE2D197F829
:1033F0004F30032B03D10C2387F84E3010E03B698C
:10340000B3F5803F03D3062387F84E3008E097F8E2
:103410004F30022B01D1042300E0012387F84E3006
:10342000FB7A03F00803002B5BD1FB8E1A460021C8
:10343000386BFCF7B5FB3B6B03F5FF734AF6552180
:103440001846FCF745FB3B6B03F5DF73BB61BB69BB
:1034500000221A70BB69013301221A70BB69023362
:1034600001221A70BB69033300221A70BB6904334E
:1034700097F84E201A703A697B6A1A44214BA3FBD5
:103480000213D21A520813445B0BFB65BB69053368
:10349000FE221A70FB6D9B08DAB2BB69063342F05C
:1034A0003F02D2B21A70BB690733FA6DD2B21A70FA
:1034B000BB690833796A1846FCF725FBBB690C33F6
:1034C0003A6911461846FCF71EFB97F83B000123AA
:1034D0000022396BFCF782FA0346002B01D001234E
:1034E0000CE097F83B30002200211846FCF796FAD2
:1034F0000346002B01D0012300E000231846743757
:10350000BD4690BD5B56150580B487B000AFF8602E
:10351000B9601346FB710123FB750023BB751F4B7C
:103520005B7ADBB2002B31D11C4B5B7ADBB21A46E3
:103530001A4B00219954194B5B7ADBB2174A9B0056
:103540001344FA685A60154B5B7ADBB21A46134B88
:103550001344FA791A72114B5B7ADBB25A1CD1B25E
:103560000E4A5172BB75BB7D3033DAB2BB681A703C
:10357000BB6801333A221A70BB6802332F221A70DB
:10358000BB68033300221A700023FB75FB7D1846CD
:103590001C37BD465DF8047B704700BF14650120F1
:1035A00080B582B000AF78603960002239687868F1
:1035B000FFF7AAFF034618460837BD4680BD000046
:1035C00080B485B000AF03463960FB80FB887F2B59
:1035D00002D8FB88FB8125E03B68002B0BD0FB88E1
:1035E000FF2B05D8FB88803B124A32F8133000E0ED
:1035F0000023FB8116E00023FB8109E0FB890D4AD3
:1036000032F81330FA889A4206D0FB890133FB81E5
:10361000FB897F2BF2D900E000BFFB8980339BB28E
:10362000DBB2FB81FB8918461437BD465DF8047B8D
:10363000704700BF50C0020880B487B000AF034697
:10364000FB80FB88B3F5805F01D23E4B00E03E4B30
:103650007B617B699A1C7A611B887B827B8A002B49
:1036600068D0FA887B8A9A4264D37B699A1C7A6113
:103670001B883B823B8A1B0AFB813B8ADBB23B8275
:10368000FA88798A3B8A0B449A4249DAFB89082BEB
:103690004FD801A252F823F0BD360208CF360208F7
:1036A000E5360208ED360208F5360208FD36020856
:1036B000053702080D37020815370208FA887B8A99
:1036C000D31A5B007A6913441B88FB8027E0FA88D1
:1036D0007B8AD31A9BB203F001039BB2FA88D31AF8
:1036E000FB801CE0FB88103BFB8018E0FB88203B44
:1036F000FB8014E0FB88303BFB8010E0FB881A3B2A
:10370000FB800CE0FB880833FB8008E0FB88503B23
:10371000FB8004E0FB88A3F5E353FB8000BF08E0D7
:10372000FB89002B95D13B8A5B007A6913447B614E
:103730008FE700BFFB8818461C37BD465DF8047B49
:10374000704700BF50C1020844C30208F8B52DED10
:10375000028B57EC106B55EC114B00F053FD2246D9
:103760002B4630463946B0EE408AF0EE608ADDF7EF
:10377000EDF990B90022002320462946DDF7B4F97F
:1037800058B104F0CBFF2123036000220023104630
:103790001946DDF76BF841EC180BB0EE480AF0EE75
:1037A000680ABDEC028BF8BDF8B52DED028BB0EECA
:1037B000408AF0EE608A55EC114B00F02DFE224657
:1037C0002B462046294657EC106BDDF7BFF9002841
:1037D0003BD151EC180B00220023DDF785F9B8B17D
:1037E0000022002320462946DDF77EF9002846D135
:1037F00045EC104B00F01AFA38B3002200232046A3
:103800002946DDF77BF900B304F088FF22231BE093
:1038100047EC106B00F00AFAE0B9B0EE480AF0EE9F
:10382000680A00F003FAA8B145EC104B00F0FEF96D
:1038300080B132463B4630463946DDF787F90028ED
:10384000E2D004F06BFF21230360BDEC028B47EC58
:10385000106BF8BD0022002330463946DDF744F9ED
:103860000028F2D0B0EE480AF0EE680A00F0DEF967
:103870000028EAD045EC104B00F0D8F9C3E7014F1F
:103880000026E2E70000F03F38B52DED028B55EC45
:10389000104B00F0DDF922462B4620462946B0EEBB
:1038A000408AF0EE608ADDF751F990B900220023DA
:1038B00020462946DDF722F958B104F02FFF2123D5
:1038C00003600022002310461946DCF7CFFF41ECCD
:1038D000180BB0EE480AF0EE680ABDEC028B38BD5A
:1038E0001FB553EC102B264823F00041814206D827
:1038F0009FED211B05B05DF804EB00F001BB2148F2
:10390000814208D910461946DCF7CEFC41EC100B79
:1039100005B05DF804FB684601F0CAFA00F0030048
:1039200001280BD0022815D0D8B99DED021B9DEDC2
:10393000000B00F0E5FA51EC100BE7E79DED021BE0
:103940009DED000B00F0A4FB53EC102B104603F18F
:103950000041DBE79DED021B9DED000B00F0D0FA6E
:10396000F2E79DED021B9DED000B012000F090FBA6
:10397000E1E700BFAFF3008000000000000000009E
:10398000FB21E93FFFFFEF7F1FB553EC102B2648CB
:1039900023F00041814207D89FED211B002005B094
:1039A0005DF804EB00F074BB2048814208D9104652
:1039B0001946DCF779FC41EC100B05B05DF804FB0F
:1039C000684601F075FA00F0030001280CD00228C7
:1039D00011D0E8B99DED021B9DED000B012000F018
:1039E00057FB51EC100BE6E79DED021B9DED000B24
:1039F00000F086FAF5E79DED021B9DED000B01201E
:103A000000F046FB53EC102B104603F10041D2E7C7
:103A10009DED021B9DED000B00F072FAF2E700BF76
:103A20000000000000000000FB21E93FFFFFEF7FE6
:103A300008B52DED028BB0EE408A01F0DDFCB4EE4E
:103A4000488AF1EE10FAF0EE408A15D6B0EE480A38
:103A500000F09EF8F7EE007AB4EEE70AF1EE10FA05
:103A60000ADD04F05BFEBDEC028B21230360BDE8A0
:103A70000840044800F0E6B8B0EE680ABDEC028BDE
:103A800008BD00BF9FC4020801F09ABD08B52DED26
:103A9000028BF0EE408AB0EE608A01F031FEF4EE67
:103AA000488AF1EE10FA0CD6DFED078AB4EE688A88
:103AB000F1EE10FA05D104F031FE88EEA80A2123B8
:103AC0000360BDEC028B08BD0000000008B52DEDC1
:103AD000028BB0EE408A00F091F9B4EE488AF1EE24
:103AE00010FA0CD6DFED078AB4EEE88AF1EE10FA90
:103AF00005D504F013FE88EEA80A21230360BDEC6F
:103B0000028B08BD0000000010EE103A07B51E4AF7
:103B100023F00043934206D8DFED1C0A03B05DF8A2
:103B200004EB01F0C9BBB3F1FF4F04D330EE400A00
:103B300003B05DF804FB684601F064FE00F003008A
:103B4000012809D0022810D0B0B9DDED010A9DEDA1
:103B5000000A01F0B1FBEBE7DDED010A9DED000A83
:103B600001F002FCB1EE400AE2E7DDED010A9DED55
:103B7000000A01F0A1FBF5E7DDED010A9DED000A69
:103B8000012001F0F1FBD3E7D80F493F000000000E
:103B900010EE103A23F0004300EE103A7047000098
:103BA00010EE103A07B51F4A23F00043934207D89E
:103BB000DFED1D0A002003B05DF804EB01F0D4BB7B
:103BC000B3F1FF4F04D330EE400A03B05DF804FBBD
:103BD000684601F017FE00F0030001280AD0022811
:103BE0000FD0C0B9DDED010A9DED000A012001F002
:103BF000BBFBEAE7DDED010A9DED000A01F05CFB8D
:103C0000E3E7DDED010A9DED000A012001F0ACFBC8
:103C1000B1EE400AD9E7DDED010A9DED000A01F0A1
:103C20004BFBF5E7D80F493F0000000082B08DED57
:103C3000000B019840F0004000F58010C00F02B06A
:103C4000704700009FED010A704700BF0000C07F71
:103C50002DE9F84F664A55EC104BAA432B462146F6
:103C600010D1224620462946DCF7D6FC02460B46F8
:103C700020462946DCF71AFB04460D4645EC104B5E
:103C8000BDE8F88F002D0EDC25F000422243F5D070
:103C90009DB1224620462946DCF706FB02460B462C
:103CA000DCF7E4FDE8E72A1515D1002009E0CB0A8E
:103CB000153A4905002BFAD0F7E72A46FAE75B00E8
:103CC0000130DC02FBD5441E121BC0F1200421FA96
:103CD00004F423438140C3F31303A2F2FF3743F4F8
:103CE0008013D2075CBF5B0003EBD1734FEA430341
:103CF00058BF4900002603EBD1737F1049001620FE
:103D000032464FF4001415199D42DEBF2A195B1B81
:103D10003619CD0F013805EB43034FEA41014FEA55
:103D20005404F0D1054620244FF0004C93420CEB94
:103D3000000E02DC13D18E4511D8BEF1000F0EEB40
:103D40000C003FDA00283DDB02F101089B1A8E458A
:103D500088BF03F1FF33A1EB0E01654442464FEAF1
:103D6000D17E013C0EEB43034FEA41014FEA5C0C6C
:103D7000DCD119431BD0DFF87CA0DFF87CB0DAE996
:103D80000001DBE90023DCF78FFADAE9008902465B
:103D90000B4640464946DCF7BBFE40B1B5F1FF3F5C
:103DA000DAE90001DBE900230ED101362546731064
:103DB00003F17F5303F5001303EB07516B0843EA4C
:103DC000C67059E79046C1E7DCF770FADAE9008976
:103DD00002460B4640464946DCF790FE20B1AB1C3C
:103DE00008BF01360235E2E76B1C23F00105DEE770
:103DF0000000F07FD8C50208D0C50208B1EEC00AA5
:103E0000704700000000000051EC100BC1F30A5392
:103E10002DE9F041A3F2FF36132E0C4605468046ED
:103E200034DC002E17DA32A3D3E90023DCF73EFAA4
:103E300000220023DCF780FE50B1002C55DA24F07C
:103E400000442C430025AC422B4C08BF4FF00044EB
:103E50002146284623E0294F374101EA070303435F
:103E60001DD023A3D3E90023DCF720FA002200238E
:103E7000DCF762FE0028EBD0002CBEBF4FF48013AD
:103E80003341E41824EA07040025E1E7332E0ADD74
:103E9000B6F5806F03D102460B46DCF707FA41EC1A
:103EA000100BBDE8F081A3F213434FF0FF37DF4062
:103EB0000742F4D00EA3D3E90023DCF7F7F9002280
:103EC0000023DCF739FE0028C2D0002C0ADA142EB9
:103ED00001D1013406E0C6F134060123B3401D448C
:103EE0004545F6D325EA0705B2E700252C46AFE79E
:103EF0009C7500883CE4377E0000F0BFFFFF0F0098
:103F00002DE9F74F57EC106B27F00048B8F1795FB7
:103F10008DED001B06D230463946DCF72DFE002819
:103F200000F0888032463B4630463946DCF774FB69
:103F3000514B002204460D46DCF76EFB40A3D3E94B
:103F4000002382468B4620462946DCF765FB3EA3CC
:103F5000D3E90023DCF7AAF922462B46DCF75CFB09
:103F60003BA3D3E90023DCF79FF922462B46DCF77D
:103F700053FB39A3D3E90023DCF798F922462B46FB
:103F8000DCF74AFB36A3D3E90023DCF78DF92246A0
:103F90002B46DCF741FB34A3D3E90023DCF786F999
:103FA00022462B46DCF738FB22462B46DCF734FB57
:103FB000DDE9002304460D4630463946DCF72CFB8C
:103FC0000B46024629462046DCF76EF92B4B9845F6
:103FD00006460F4610D802460B4650465946DCF7B7
:103FE00063F90B46264902460020DCF75DF941ECF7
:103FF000100B03B0BDE8F08F224B214998458CBFD0
:10400000214DA8F50015002422462B460020DCF7A0
:104010004BF92246804689462B4650465946DCF7E6
:1040200043F932463B46DCF73FF902460B46404631
:104030004946DAE79FED0E0BDBE700BFAFF30080E8
:10404000D43888BEE9FAA8BDC4B1B4BD9EEE213E05
:10405000AD529C804F7E923E9015CB19A001FA3E46
:104060007751C1166CC1563F4C5555555555A53F16
:10407000000000000000F03F0000E03F3233D33F7B
:104080000000F03F0000E93F0000D23F00000000C8
:104090002DE9F04F55EC104B25F0004385B0B3F1FE
:1040A000795F8DED021B804605D220462946DCF75C
:1040B00063FD002852D022462B4620462946DCF7D5
:1040C000ABFA82468B4602460B4620462946DCF771
:1040D000A3FA42A3D3E90023CDE900015046594693
:1040E000DCF79AFA3FA3D3E90023DCF7DDF8524668
:1040F0005B46DCF791FA3DA3D3E90023DCF7D6F861
:1041000052465B46DCF788FA3AA3D3E90023DCF792
:10411000CBF852465B46DCF77FFA38A3D3E900239D
:10412000DCF7C4F806460F46B8F1000F1BD1024673
:104130000B4650465946DCF76FFA25A3D3E9002316
:10414000DCF7B2F8DDE90023DCF766FA02460B463D
:1041500020462946DCF7AAF804460D4645EC104BEC
:1041600005B0BDE8F08FDDE902011B4B0022DCF752
:1041700053FA3246804689463B46DDE90001DCF7CA
:104180004BFA02460B4640464946DCF78DF852464C
:104190005B46DCF741FADDE90223DCF785F80CA386
:1041A000D3E9002306460F46DDE90001DCF734FAC7
:1041B00002460B4630463946DCF778F802460B4695
:1041C00020462946DCF770F8C6E700BFAFF3008051
:1041D000495555555555C53F0000E03F7CD5CF5A50
:1041E0003AD9E53DEB9C2B8AE6E55A3E7DFEB15778
:1041F000E31DC73ED561C119A0012A3FA6F81011E1
:104200001111813F53EC112B2DE9F04723F00048A9
:1042100052EA080451EC100B1E46964694460CD008
:10422000764D21F00049A9450C4606D85542744FF9
:10423000154348EAD575BD4209D9DCF7EDF90246C8
:104240000B46DCF713FB41EC100BBDE8F087C145D2
:104250008246074601F0004509DCF4DB8242F2D8D1
:1042600005D1684B03EB1573D3E90001EBE7644913
:104270000C4248D1B9F1000F3DD1634A5346002B9F
:1042800036DC0E424FD1B8F1000F44D15E4B71467F
:1042900000293DDC5D4882424ADBC4F3130141F44E
:1042A00080115A48834257DBC6F3130646F4801642
:1042B000D01A8A1BA7EB0C04002862D1674538BFCF
:1042C00002F1FF32002ABCBF3C460A4652EA040112
:1042D000C7D0B2F5801F69DB4C498B426CDBA2F57D
:1042E00080122A4303F2FF3342EA03512046AAE731
:1042F000013A5B00C3E7454A4FEAC923002BC0DD02
:10430000013A5B00FAE74FEA2952A2F2FF32B8E71E
:10431000013B4900BCE73D4B4FEAC8210029B9DD0C
:10432000013B4900FAE74FEA2853A3F2FF33B1E714
:10433000801A1F280ADC02F21E4109FA00F92AFA43
:1043400001F141EA09010AFA00F7AAE73049891A9E
:104350000AFA01F10027A4E7C01A1F280ADC03F2B9
:104360001E4608FA00F82EFA06F646EA08060EFA85
:1043700000FC9DE7264EF61A0EFA06F64FF0000CEA
:1043800096E7674538BF02F1FF32002A05DAFA0FD7
:1043900002EB41017F0001388BE752EA04013FF450
:1043A00060AFE10F01EB42016700F4E7E10F01EBC1
:1043B00042026400013B8CE7C91A14290ADC03F2AB
:1043C0001E4302FA03F3CC4023430A4142EA0501AB
:1043D000184638E71F2907DC03F21E43CC4002FAD7
:1043E00003F323432A46F1E7C3F17F4303F57F0339
:1043F00003F57B43E23342FA03F3F3E7FFFFEF7F7A
:104400000000F07FE0C50208EDFBFFFF02FCFFFFAC
:10441000E2FBFFFF000000002DE9F04F91B08DEDB1
:10442000001BDDE9001929F0004A5AEA010057ECA7
:10443000106B13D1B31987F40022524198429A4B62
:10444000934180F0EE84DDE9002330463946DBF706
:104450002DFF41EC100B11B0BDE8F08F934A27F00F
:1044600000459542B84633460AD804D1002EEAD119
:10447000AA45E8D801E0924502D892450FD171B122
:1044800008F1404808F5801858EA0308DBD1DDE957
:104490000032DB1882F4002252419845CFE7B8F190
:1044A000000FAB4643DA824A924556D8A2F15472C5
:1044B000924540F2C5844FEA2A52A2F2FF32142AF2
:1044C00018DDC2F1340221FA02F404FA02F28A423F
:1044D00040F0B68404F00104C4F10204002959D16B
:1044E000B9F1804F48D132463B4630463946DCF779
:1044F00093F8AEE700294CD1C2F114024AFA02F453
:1045000004FA02F2524540F0988404F00104C4F128
:104510000204684A9245E3D1B9F1000F80F2898420
:10452000644932463B460020DCF7A0F991E70024BD
:1045300081BB5E4A9245ECD105F1404202F5801202
:104540001A4300F06E845C4B9D4208D9B9F1000F0C
:1045500080F26B84002000217BE70224E8E7B9F1B8
:10456000000F4FF000004FF00001BFF672AFDDE921
:10457000000303F100416CE7504A91450AD1B8F1BC
:10458000000F07DB47EC106B11B0BDE8F04FFFF7F1
:104590005FBB002447EC106B029300F085FE029B8A
:1045A00051EC100B43BB434B28F040429A4200D0E1
:1045B00015BBB9F1000F05DA02460B4600203D4954
:1045C000DCF754F9B8F1000FBFF643AF05F14045F1
:1045D00005F58015254308D102460B4610461946BD
:1045E000DBF762FE02460B469EE7012C7FF431AFFB
:1045F00001F1004319462CE74FEAD873013B53EA17
:10460000040202D132463B46E8E7013C1C4316D087
:104610009FED217BBAF1844F8DED027B40F210813A
:10462000274B9A45244B16D99D420BD8B9F1000F60
:104630000BDA002011B0BDE8F04F01F099BB9FEDFF
:10464000187BE7E7B9F1000FF3DC002011B0BDE8FB
:10465000F04F01F085BB9D420CD2DDE90201002242
:104660000023DCF74BFA003818BF0120B9F1000F26
:10467000ECDADFE70F4B9D424FF0000222D9DDE973
:1046800002010023DCF73AFA003818BF0120B9F123
:10469000000FCFDCDAE700BF000000000000F03FB1
:1046A000000000000000F0BF0000F0FF0000F07FFD
:1046B000FFFF3F430000F03FFFFFEF3F0000E03F00
:1046C0000000F0435A4BDBF7EFFD51A3D3E9002381
:1046D00004460D46DBF7A0FF4FA3D3E900230646AF
:1046E0000F4620462946DBF797FF524B82468B4602
:1046F000002220462946DBF78FFF02460B4648A1E1
:10470000D1E90001DBF7D0FD22462B46DBF784FF21
:1047100002460B4600204849DBF7C6FD224680468C
:1047200089462B4620462946DBF776FF02460B4694
:1047300040464946DBF770FF3BA3D3E90023DBF794
:104740006BFF02460B4650465946DBF7ADFD02466D
:104750000B468046894630463946DBF7A7FD0024E4
:1047600032463B4620460D46DBF79EFD02460B4691
:1047700040464946DBF798FDDDE90023CDE90423F7
:1047800000230493DDE904AB06460F465B46524620
:10479000DDE90001DBF788FD22462B46DBF73CFF15
:1047A000DDE900238046894630463946DBF734FF91
:1047B00002460B4640464946DBF778FD5B46064617
:1047C0000F46524620462946DBF726FF0B46024697
:1047D0008046894630463946DBF768FD174B9942DB
:1047E00004460D468B4640F30B8201F13F4303F52F
:1047F000E003034300F0EA81DDE902010022002327
:10480000DCF77CF9003818BF012013E7AFF3008014
:10481000000000604715F73F44DF5DF80BAE543EE3
:10482000555555555555D53FFE822B654715F73FD4
:104830000000F03F0000D03F0000E03FFFFF8F404E
:10484000D54B08EA030300222BB9D44BDBF7E4FE77
:104850006FF034028B464FEA2B53A3F2FF3313441D
:104860000A93CF4BCBF3130B4BF07F559B4545F48D
:10487000401508DDCB4B9B4540F3A5810A9B0133D6
:104880000A93A5F580154FF0000A4FEACA030B936F
:10489000C54B03EBCA0393ED007B294653EC172B62
:1048A0008DED067BCDE90801DBF7FEFCDDE9082391
:1048B00006460F46DDE90601DBF7F8FC02460B462B
:1048C0000020BA49DBF7D2FFCDE90C0102460B46C6
:1048D00030463946DBF7A0FECDE90401DDE904BC32
:1048E0006D1045F000554FF0000B05F500256146B1
:1048F000002205EB8A435846E146CDE90EBC14463A
:104900001D46DBF789FE02460B4630463946DBF78B
:10491000CBFCDDE9062306460F4620462946DBF799
:10492000C3FC02460B46DDE90801DBF7BDFC5A4635
:104930004B46DBF771FE02460B4630463946DBF745
:10494000B3FCDDE90C23DBF767FEDDE90423CDE9E9
:10495000060110461946DBF75FFE7DA3D3E900236D
:1049600004460D46DBF758FE7BA3D3E90023DBF7B3
:104970009DFC22462B46DBF74FFE79A3D3E90023AB
:10498000DBF794FC22462B46DBF746FE76A3D3E901
:104990000023DBF78BFC22462B46DBF73DFE74A39E
:1049A000D3E90023DBF782FC22462B46DBF734FEFB
:1049B00071A3D3E90023DBF779FC224606460F46B4
:1049C0002B4620462946DBF727FE02460B4630469B
:1049D0003946DBF721FE5A4604460D464B46DDE9D3
:1049E0000401DBF763FCDDE90623DBF715FE224655
:1049F0002B46DBF75BFC5A46CDE908014B4658468F
:104A00004946DBF709FE6A4B002206460F46DBF7F4
:104A10004DFCDDE90823DBF749FCD846DDE90EBC97
:104A20000D465A460B4640464946CDE90CBCDBF7DD
:104A3000F3FD5C46804689465D4B002220462946B0
:104A4000DBF732FC32463B46DBF72EFC02460B46D8
:104A5000DDE90801DBF728FCDDE90423DBF7DCFDF9
:104A6000224606460F462B46DDE90601DBF7D4FD5C
:104A700002460B4630463946DBF718FC06460F4621
:104A800002460B4640464946DBF710FCDDE90CBC0C
:104A90003BA3D3E900235846CDE908BC0D46DBF71C
:104AA000BBFD5C46CDE9040142464B462046294603
:104AB000DBF7FAFB02460B4630463946DBF7F4FBE0
:104AC00031A3D3E90023DBF7A7FD31A3D3E900230A
:104AD00006460F4620462946DBF79EFD02460B465A
:104AE00030463946DBF7E2FB0B9A324B1344D3E9ED
:104AF0000023DBF7DBFBCDE906010A98DBF722FD9B
:104B00000B9A2D4B1344D3E900890646DDE90623B1
:104B10000F46DDE90401DBF7C9FB42464B46DBF7F4
:104B2000C5FB32463B46DBF7C1FBDDE908BC32463C
:104B30003B4658460D46DBF7B7FB42464B46DBF794
:104B4000B3FBDDE90423DBF7AFFB5C4636E000BFD7
:104B5000EF4E454A287ECA3F65DBC9934A86CD3F62
:104B600001411DA96074D13F4D268F515555D53F48
:104B7000FFAB6FDBB66DDB3F033333333333E33FE0
:104B8000000000E009C7EE3FFD033ADC09C7EE3F35
:104B9000F5015B14E02F3EBE0000F07F00004043B3
:104BA0008E98030079B60B0010C602080000F03F93
:104BB00000000840F0C5020800C6020802460B4685
:104BC000DDE90601D6E54FF0010A5EE6B5A3D3E9BB
:104BD000002330463946DBF769FB4246CDE9000148
:104BE0004B4620462946DBF75FFB02460B46DDE9D4
:104BF0000001DBF7A1FF00287FF4FEADA24B22E00D
:104C0000A24C21F00043A34219D9A14B0B4403430A
:104C100009D0DDE9020100220023DBF76FFF003835
:104C200018BF012012E542464B46DBF73DFB3246FA
:104C30003B46DBF777FF0028EBD1964B03E0964A23
:104C4000934240F2E7801B15A3F2FE334FF4801A23
:104C50004AFA03FADA44CAF30A519048A1F2FF3142
:104C6000084100EA0A03CAF3130AC1F114014AF425
:104C7000801A4AFA01FABBF1000F404649464FF04C
:104C80000002B8BFCAF1000ADBF70EFB8046894676
:104C900032463B4640464946DBF708FB00246AA300
:104CA000D3E9002320460D46DBF7B6FC4246CDE9AA
:104CB00000014B4620462946DBF7F6FA02460B4632
:104CC00030463946DBF7F0FA61A3D3E90023DBF77E
:104CD000A3FC61A3D3E900238046894620462946E8
:104CE000DBF79AFC02460B4640464946DBF7DEFA04
:104CF00004460D4602460B46DDE90001DBF7D6FA15
:104D0000DDE9002380468946DBF7CEFA02460B46F2
:104D100020462946DBF7C8FA424606460F464B4670
:104D200040464946DBF778FC4DA3D3E9002304460F
:104D30000D46DBF771FC4CA3D3E90023DBF7B4FA93
:104D400022462B46DBF768FC49A3D3E90023DBF7B7
:104D5000ADFA22462B46DBF75FFC47A3D3E90023DD
:104D6000DBF7A2FA22462B46DBF756FC44A3D3E935
:104D70000023DBF79BFA22462B46DBF74DFC02466D
:104D80000B4640464946DBF78FFA04460D4602467D
:104D90000B4640464946DBF73FFC0022CDE90001C7
:104DA0004FF0804320462946DBF77EFA02460B4649
:104DB000DDE90001DBF75AFD324604460D463B466D
:104DC00040464946DBF728FC32463B46DBF76EFAA5
:104DD00002460B4620462946DBF766FA42464B461A
:104DE000DBF762FA0B4602462D490020DBF75CFA3E
:104DF00041EC100B10EE903A03EB0A53B3F5801F11
:104E00000BDA504600F004FF51EC100BDDE90223F1
:104E1000FFF76DBBDDF810A03AE751EC100B194617
:104E2000F4E71F490020FFF714BBDDE90001FFF79D
:104E300010BB30463946FFF70CBB0C46FFF769BB89
:104E40000024FFF74BBB00BF00000000432EE63FED
:104E5000EF39FAFE422EE63F396CA80C615C20BEA9
:104E6000D0A4BE726937663EF16BD2C541BDBB3E70
:104E70002CDE25AF6A56113F93BDBE166CC1663F4E
:104E80003E5555555555C53F00009040FFCB9040CD
:104E900000346F3F00CC90400000E03F0000F0FF86
:104EA0000000F03FFE822B654715973C0000000094
:104EB0002DE9F04F57EC106BC54B8DB027F0004833
:104EC00098450446049707D80022002380ED000B84
:104ED000C0E90223002528E0BE4B984578D8049B02
:104EE000BD4D002B3046ACA3D3E90023394638DD55
:104EF000DBF7DAF9A84506460F461AD0A8A3D3E98E
:104F00000023DBF7D1F902460B468046894630463E
:104F10003946DBF7C9F9A2A3D3E90023DBF7C4F9CB
:104F2000C4E90089C4E90201012528460DB0BDE8A5
:104F3000F08F9DA3D3E90023DBF7B6F99CA3D3E957
:104F4000002306460F46DBF7AFF902460B468046C4
:104F5000894630463946DBF7A7F995A3D3E9002304
:104F6000DCE7DBF7A3F9A84506460F4618D08CA36B
:104F7000D3E90023DBF79AF902460B4680468946BF
:104F800030463946DBF790F985A3D3E90023DBF7F8
:104F90008DF94FF0FF35C4E90089C4E90201C4E787
:104FA00081A3D3E90023DBF781F981A3D3E90023AF
:104FB00006460F46DBF77AF902460B4680468946DD
:104FC00030463946DBF770F979A3D3E90023DEE7F1
:104FD000824B984500F2D18000F066F957EC106BD7
:104FE00075A3D3E9002330463946DBF715FB7C4B2C
:104FF0000022DBF75BF9DBF7BFFD0546DBF7A2FA22
:1050000002460B46CDE9022363A3D3E90023DBF775
:1050100003FB02460B4630463946DBF745F960A3F1
:10502000D3E9002382468B46DDE90201DBF7F4FA7F
:105030001F2D06460F460CDC6A4B6A1E53F82230C1
:10504000434506D032463B4650465946DBF72CF9DD
:105050000EE03B46324650465946DBF725F94FEA0B
:1050600028530593C1F30A53C3EB1853102B02DCEA
:10507000C4E9000139E04CA3D3E90023DDE90201D2
:10508000DBF7CAFA06460F4602460B46504659461B
:10509000DBF70AF902460B468046894650465946D8
:1050A000DBF702F932463B46DBF7FEF840A3D3E9D3
:1050B000002306460F46DDE90201DBF7ADFA324672
:1050C0003B46DBF7F1F802460B4606460F464046E4
:1050D0004946DBF7E9F8059AC1F30A53D31A312B95
:1050E00020DCC4E90001C246CB46D4E90089504621
:1050F00042464B465946DBF7D7F83B463246DBF78C
:10510000D3F8049B002BC4E90201BFF60EAF09F1EE
:105110000043636001F10043C4F80080A060E360D5
:105120006D4202E726A3D3E90023DDE90201DBF7A4
:1051300073FA06460F4602460B4640464946DBF7E1
:10514000B3F802460B4682468B4640464946DBF79B
:10515000ABF832463B46DBF7A7F81BA3D3E90023A5
:1051600006460F46DDE90201DBF756FA32463B46BA
:10517000DBF79AF806460F4664E71B4B984535D98E
:1051800032463B4630463946DBF78EF8C4E9020129
:10519000C4E900019EE600BF00004054FB21F93F36
:1051A0003163621A61B4D03D0000601A61B4D03D31
:1051B0007370032E8A19A33B83C8C96D305FE43F27
:1051C0000000002E8A19A33BC14920259A837B3910
:1051D000FB21E93F7BD90240FB21F93FFB2139410B
:1051E0000000E03F20C60208FFFFEF7F4FEA28558E
:1051F000A5F21645A8EB055130460F46DBF7BCFC7F
:10520000DBF7A0F902460B4630463946CDE90623C6
:10521000DBF74AF8224B0022DBF7FEF90F46064681
:10522000DBF7AAFCDBF78EF902460B46304639461F
:10523000CDE90823DBF738F8194B0022DBF7ECF94E
:10524000CDE90A010DF130094FF0030800260027CF
:1052500079E9020132463B46C24608F1FF38DBF7E6
:1052600043FC0028F4D10F4B0193022300932A46FC
:105270005346214606A800F083FD049B002B0546FB
:10528000BFF653AED4E9002101F10043C4E9002385
:10529000D4E9022101F10043C4E9022340E700BF41
:1052A00000007041A0C6020851EC100B024621F02C
:1052B000004343EC102B704710EE103A23F00043EC
:1052C000B3F1485FF0EE406AB7EE000A04D2FDEE9B
:1052D000E67A17EE902A42B326EEA67ADFED1A7A26
:1052E0009FED1A6A1A4AA7EE276A9342DFED197AF0
:1052F000E6EE077A9FED186AA7EE876ADFED177A68
:10530000E6EE077A9FED166AA7EE876A60EEE60A78
:1053100026EE076AF6EE007AE7EE060A67EE277ACF
:1053200004D877EEE07A30EE670A70470D4A934270
:105330009ABF03F17F4307EE103AB5EE027A30EEE2
:10534000470A77EEC77AECE74ED747ADF6740F31D0
:105350009999993E7CF293B4010DD037610BB6BA9E
:10536000ABAA2A3D0000483F10EE103A23F000435C
:10537000B3F1485F04D2FDEEC07A17EE903A5BB30A
:1053800020EE007ADFED157A9FED156AA7EE276A09
:10539000DFED147AE6EE077A9FED136AA7EE876ACF
:1053A000DFED127A60EE076AE6EE077A30B99FED1C
:1053B000106AA7EE276AA6EE260A704767EEE67A1D
:1053C000B6EE006AE0EE867AD7EE870ADFED097A5C
:1053D000E6EEA70A30EE600A704700BFD3C92E2F51
:1053E000342FD7B21BEF3836010D50B98988083CED
:1053F000ABAA2ABEABAA2A3E38B510EE105A25F049
:105400000044B4F17E5F2DED048B0CD1DFED5C7AAE
:105410009FED5C7A60EE277AE0EE077AB0EE670ADD
:10542000BDEC048B38BD04D970EE407A87EEA70A34
:10543000F6E7B4F17C5FF7EE008A0BD2B4F1485F77
:1054400052D2DFED517A70EE277AF4EEE87AF1EE7F
:1054500010FAE5DCFEF79CFB38EEC08AF6EE007A27
:1054600028EE278A9FED497ADFED497A9FED499A28
:10547000A8EE277ADFED487AE7EE087A9FED477AC3
:10548000A7EE887ADFED467AE7EE087A9FED457A57
:10549000A7EE889ADFED447AE8EE077A9FED437A2B
:1054A000A7EE887ADFED427AE7EE087AB0EE480A96
:1054B000E7EE888AFEF7A2FC3E4B29EE089A9C4252
:1054C00089EE286AF0EE006A3DD9A0EE060ADFED0B
:1054D0003A7AE0EE267A9FED2B0A30EE670A002D2D
:1054E000D8BFB1EE400A9BE760EE007ADFED286A94
:1054F0009FED267A9FED2B6AA7EEA67ADFED266A4E
:10550000E7EE276A9FED257AA6EEA77ADFED246AFB
:10551000E7EE276A9FED1F7AA6EEA77ADFED226AF3
:10552000E7EE866A9FED216AA6EEA76ADFED206AA4
:10553000E6EE276A27EE277AE6EEA78AC7EE287AF4
:10554000A0EE270A6CE710EE103A6FF30B0307EE9C
:10555000103AA7EE478A70EE005A30EE070ADFEDE8
:10556000087A88EE005A9FED150AE5EE667AD5EEC8
:10557000867AB0EE406AA7EE666A77EEC67AACE746
:105580002EBD3BB3DB0FC93FCAF24971047F4F3ACE
:1055900008EF1138ABAA2A3E461124BDA80A4E3E98
:1055A00090B0A6BE2EC69D3D613330BF2D57014041
:1055B00039D119C09999793F2EBD3B33DB0F493F53
:1055C00010EE902A22F00041B1F1FF4F10B5F0EE3D
:1055D000407A06D810EE100A20F00043B3F1FF4FD6
:1055E00004D977EEA07AB0EE670A10BDB2F17E5F03
:1055F00003D1BDE8104000F035BA941704F002045E
:1056000044EAD07443B9022C5ED09FED347A032C67
:1056100008BFF0EE477AE6E741B9DFED317A9FED5A
:10562000317A0028A8BFF0EE477ADCE7B1F1FF4FEE
:1056300010D1B3F1FF4F04F1FF3407D1022C46D84B
:10564000294B03EB8403D3ED007ACCE7022C41D83D
:10565000264BF6E7B3F1FF4FDFD05B1AB3F1F45FEF
:105660004FEAE3511ADA002A01DA3C3119DB87EEFE
:10567000A00AFEF78DFA00F0F5F9F0EE407A012C61
:1056800012D0022C17D0002CADD09FED197A77EEF6
:10569000877A9FED187A77EEC77AA4E7DFED117A63
:1056A000EDE7DFED157AEAE717EE903A03F10043F4
:1056B00007EE903A97E79FED0E7A77EE877A9FEDA7
:1056C0000D7A77EE677A8EE7DFED0A7A8BE7DFED0A
:1056D0000B7A88E7DFED087A85E700BFDB0F49C06A
:1056E000DB0FC9BFDB0FC93FB4C70208A8C7020858
:1056F0002EBDBB33DB0F494000000000DB0F493FEC
:1057000070B510EE906A26F000435A1EB2F1FF4FBA
:1057100006D210EE104A24F00041B1F1FF4F04D33D
:1057200060EE200A80EEA00A70BD9942FCDB04F016
:10573000004505D1324B03EB557393ED000AF3E7B7
:1057400014F0FF4F46D10A026FF07D00002A3EDCC4
:1057500016F0FF4F01BF1A02B2FA82F2C2F1FF2225
:1057600002F57F0216BFDA1582327F3A10F17E0F02
:10577000BBBF6FF07D04241AC4F31604A140A8BF78
:1057800044F4000112F17E0FB5BF6FF07D04C6F343
:105790001606A41A46F40004B8BF03FA04F4801AEB
:1057A0000B1BD0B933EA230328BF0B46002BC1D013
:1057B000B3F5000F19DB12F17E0F19DBA3F500031F
:1057C0007F322B4343EAC25300EE103AACE7013874
:1057D0005200BBE7C8157F38BAE7002B02DA490050
:1057E0000138DDE7A6D05900FAE75B00013ADFE7B0
:1057F000C2F1FF2202F57F02823213412B43E3E71D
:10580000C0C70208F0B510EE106A884B26F00045BC
:105810009D4287B0044605D8002380ED000A43600E
:10582000002022E0824B9D423AD826F00043002E11
:105830009FED807A804A23F00F0318DD934270EECB
:10584000477A09BF9FED7D7ADFED7D6ADFED7D6AE6
:1058500077EEC77A37EEE67A77EEC77A80ED007A90
:1058600077EEE67AC0ED017A012007B0F0BD9342F1
:1058700070EE077A09BF9FED717ADFED716ADFED97
:10588000716A77EE877A37EEA67A77EEC77A80ED7F
:10589000007A77EEA67AC0ED017A4FF0FF30E4E7A8
:1058A000694B9D4273D8FEF773F99FED687AF6EE67
:1058B000007AE0EE077AFDEEE77AB8EEE77A17EEC7
:1058C000900ADFED5C7AA7EE670A1F28DFED5C7AAD
:1058D00067EE277AB1EE476A70EE676A16EE901AA5
:1058E00009DC5B4A471E26F0004352F8272023F0CC
:1058F000FF03934207D1C1F3C752C2EBD552082A26
:105900004FEAE55314DC216094ED007A30EE470A4B
:10591000002E30EE670A84ED010AA6DAB1EE477A6E
:10592000B1EE400A84ED007A84ED010A40429CE722
:10593000DFED425AF0EE406AE6EE256A70EE667AD6
:10594000E6EE257ADFED3F5AD7EE257A76EEE75A76
:1059500015EE902AC2F3C7515B1A192B04DCC4ED73
:10596000005AB0EE660ACFE7DFED3A5AB0EE660AAB
:10597000A6EE250A76EEC07ADFED376AE6EE257AE6
:10598000D7EE267A30EE677A84ED007ABCE7B5F17F
:10599000FF4F06D370EE407AC0ED017AC0ED007A79
:1059A0003EE7EA15863AA5EBC25307EE903ABDEE04
:1059B000E77ADFED2A6AB8EEC77A77EEC77A8DED1F
:1059C000037A67EEA67ABDEEE77AB8EEC77A77EE8D
:1059D000C77A8DED047A67EEA67AF5EE407AF1EE9D
:1059E00010FACDED057A1ED1B5EE407AF1EE10FA3F
:1059F0000CBF012302231A4901910221009103A83F
:105A0000214600F00DFD002EBFF62FAFD4ED007A39
:105A1000F1EE677AC4ED007AD4ED017AF1EE677A9F
:105A2000C4ED017A82E70323E5E700BFD80F493FC1
:105A3000E3CB1640800FC93FD00FC93F0044353734
:105A40004344353708A3852E800F494384F9223F0C
:105A5000C8C7020800A3852E32318D240000804380
:105A600048C8020838B510EE105A25F00044B4F1C9
:105A7000A14FF0EE407A10D3B4F1FF4F04D970EE8D
:105A8000007AB0EE670A38BDDFED4D7A9FED4D7AB2
:105A9000002DC8BFF0EE477AF3E74B4B9C4210D87D
:105AA000B4F1445F0AD29FED497A30EE077AF7EEFF
:105AB000006AB4EEE67AF1EE10FAE2DC4FF0FF3362
:105AC00013E0FEF765F8424B9C424FD8A3F5D00394
:105AD0009C4241D8F0EE007ABFEE007AA0EE277A21
:105AE000002330EE270AC7EE007A5A1C27EEA76A79
:105AF0009FED387ADFED385A9FED385A66EE066A28
:105B0000E6EE875A9FED367AA5EEA67ADFED355A96
:105B1000E7EE265A9FED347AA5EEA67ADFED335AEA
:105B2000E7EE265A9FED327AA6EE875A9FED317A3C
:105B3000A5EE267A9FED305AA7EE265A9FED2F7AD2
:105B4000A5EE267A27EE267AA5EE867A27EE877AC4
:105B500021D177EEC77A94E7F7EE007A30EE677AD4
:105B600030EE270A0123C7EE007ABEE7244B9C42A1
:105B70000BD8F7EE087AB7EE007AA0EE277A022368
:105B800070EE676AC6EE877AAFE7BFEE007AC7EEBF
:105B9000007A0323A9E71B4A1B4902EB830201EBAE
:105BA0008303D3ED006A37EE667A002D37EE677A0D
:105BB000D2ED007A77EEC77AB8BFF1EE677A60E788
:105BC000DB0FC9BFDB0FC93FFFFFDF3ECAF24971E0
:105BD000FFFF973FD769853C59DA4B3D6BF16EBDAE
:105BE000356B883D6E2EBA3D2549123EABAAAA3EC2
:105BF00021A215BD95879DBD388EE3BDCDCC4CBE91
:105C0000FFFF1B4070CB020860CB020800000000C1
:105C100070B555EC104BC5F30A5106462B4691B9A9
:105C200025F0004323433BD0334B20462946002236
:105C3000DAF7F2FC314B9E4204460D460FDA26A3FA
:105C4000D3E900231EE040F2FF7291420BD12246BD
:105C500020462946DAF72AFB04460D4620E00B468B
:105C6000C1F30A5136394CF2503296420DDD002D07
:105C70001BA1D1E9000102DA1BA1D1E9000118A39F
:105C8000D3E90023DAF7C8FCE6E7721840F2FE71A8
:105C90008A42ECDC002A06DD6FF31E5343EA02550C
:105CA00045EC104B70BD12F1350F08DA002D0AA13A
:105CB000D1E90001C3DA0EA1D1E90001BFE7363214
:105CC0006FF31E5343EA025520460D4B294600222E
:105CD000D8E700BFAFF3008059F3F8C21F6EA501EB
:105CE0009C7500883CE4377E9C7500883CE437FE58
:105CF00059F3F8C21F6EA58100005043B03CFFFF6E
:105D00000000903C10B52DED028BB0EE408AF0EE15
:105D1000608A044602F002FDB0EE480AF0EE680A1E
:105D2000BDEC028B046010BD034607B551EC100BAF
:105D300083B1024601F10043CDE90023DDE90023F0
:105D4000DAF76AFC41EC100B222003B05DF804EB9B
:105D5000FFF7D8BF02460B46EEE700000000000048
:105D60009FED010BFFF7E0BF0000000000000010F6
:105D70009FED010BFFF7D8BF00000000000000708E
:105D80002DE9F04F2DED028BADF5197D12F1140FB9
:105D900006930491C24BA499089053F821300093C4
:105DA000069B03F1FF33A8BFD41E0593B2BF0024A6
:105DB000182394FBF3F46FF0170304FB033303EB96
:105DC000020B009B059A9FEDB28B03EB0208A59B8B
:105DD000A71A20AE03EB87090025454512DD069B77
:105DE00020AA02EBC3050DF5E07A0027009B9F4235
:105DF0002EDC9FEDA77BDDF820908DED027BA84681
:105E000000261BE0EF4207D459F82500DAF79AFB89
:105E1000E6E802010135E0E751EC180BF8E778E914
:105E20000223F9E80201DAF7F7FB02460B46DDE947
:105E30000201DAF73BFACDE902010136059B9E42E9
:105E4000EDDD9DED027B0137AAEC027B0835CDE745
:105E5000009BDDF800800CAA02EB83030A93A59B4C
:105E600003EB840309934FEAC8030B9398AB03EB4E
:105E7000C80313ED287B8DED027B0CAC70AB03EBFC
:105E8000C805A146C246BAF1000F77DC58469DED21
:105E9000020BFFF7BDFE57EC106B00224FF07F5353
:105EA00030463946DAF7B8FB41EC100BFDF7ACFF92
:105EB0007C4B51EC100B0022DAF7AEFB02460B468E
:105EC00030463946DAF7F0F90F460646DAF754FE5F
:105ED0000290DAF737FB02460B4630463946DAF7CE
:105EE000E3F9BBF1000F06460F466CDD08F1FF3108
:105EF0000CAB029D53F82130CBF1180043FA00F2AD
:105F0000154482409B1A0CAA029542F82130CBF12D
:105F1000170243FA02F9B9F1000F64DD029B002277
:105F20000133029315466FF07F41904500F3A18045
:105F3000BBF1000F07DDBBF1010F00F0C180BBF129
:105F4000020F00F0C880B9F1020F4CD132463B4637
:105F500055490020DAF7A8F906460F46002D42D031
:105F600058469FED4D0BFFF753FE3046394653EC34
:105F7000102BDAF799F906460F4634E04B4B002216
:105F8000DDE90201DAF748FBDAF7F6FDDAF7DAFACB
:105F9000474B002206460F46DAF73EFB02460B4609
:105FA000DDE90201DAF780F9DAF7E6FD75E90223A7
:105FB00049F8040B39463046DAF778F90AF1FF3A26
:105FC000CDE902015FE707D108F1FF330CAA52F8CF
:105FD00023304FEAE3599EE7364B0022DAF7A2FD61
:105FE000002843D181460022002330463946DAF7A3
:105FF0007BFD002800F0C18008F1FF3300220099EA
:106000008B4270DA002A00F08B8008F1FF380CAB6D
:10601000ABF1180B53F82830002BF6D058469FED03
:106020001E0BFFF7F5FD08F10103DA00059255ECB0
:10603000104B70AADFF874B002EBC30746464FF06E
:10604000000A002E80F2D1804446002CC0F2FF806E
:10605000194B1F4670AB03EBC40306934FF0000AC5
:106060004FF0000B0026A8EB0405E4E04FF0020916
:1060700054E754F8043B0DBB23B1C3F1807344F8DB
:10608000043C012301321D464FE700BFAFF30080FF
:106090000000000000000000000000000000F03FD1
:1060A000C0CB0208000020400000F03F0000703E1E
:1060B000000070410000E03F80CB0208CB1ADEE711
:1060C00008F1FF320CAB53F82230C3F316030CA9CE
:1060D00041F8223037E708F1FF320CAB53F8223099
:1060E000C3F31503F3E70CA951F82310013B0A434E
:1060F00085E7013453F8042D002AFAD00B9B03F5F1
:1061000018730DEB0305069B20AA434408F1010711
:10611000983D02EBC3064444BC4204DAA046A2E622
:106120000A9B0124E6E7099B53F82700DAF70AFAED
:106130009FEDAF7BE6E802018DED027BDDF820905C
:10614000B2464FF00008059B984505DD9DED027BAA
:106150000137A5EC027BDFE77AE90223F9E80201C7
:10616000DAF75AFA02460B46DDE90201DAF79EF841
:1061700008F10108CDE90201E5E7CBF1000047ECA9
:10618000106BFFF745FD55EC104B9B4B0022204652
:106190002946DAF7C7FC00B3984B0022204629466F
:1061A000DAF73AFADAF7E8FC0646DAF7CBF9924B77
:1061B0000022DAF731FA0B46024629462046DAF782
:1061C00073F8DAF7D9FC0CAB0BF1180B43F8280085
:1061D00008F1010843F8286020E720462946DAF74D
:1061E000CBFC0CAB43F8280018E70CAB53F82600A7
:1061F000DAF7A8F922462B46DAF70EFA524667E993
:1062000002015B4620462946DAF706FA013E0446BB
:106210000D4616E70699F1E802230691F7E8020118
:10622000DAF7FAF902460B4650465946DAF73EF8D5
:10623000013682468B46009B9E4201DCAE42E9DD80
:1062400048AB03EBC505C5E900AB013CFDE6A49BEB
:10625000022B0BDC002B35DC59D0029B03F007002E
:106260000DF5197DBDEC028BBDE8F08FA49B032BCF
:10627000F3D1059B03F518730DEB0304A4F5A47487
:106280002546C246BAF1000F69DC4546012D00F3F0
:106290008780059C48AB1C4400200021B8F1010F09
:1062A00000F39C80DDE94856DDE94A78B9F1000F3A
:1062B00040F0A680049BC3E90056C3E90278C3E915
:1062C0000401CAE7059D48AB1D4444460020002157
:1062D000002C35DAB9F1000F38D0024601F1004345
:1062E000049CC4E9002302460B46DDE94801D9F7C6
:1062F000DBFF4AAD0124A0452BDAB9F1000F02D033
:1063000001F100431946049BC3E90201A5E7059C7E
:1063100048AB1C4400200021B8F1000F09DAB9F1A4
:10632000000F02D001F100431946049BC3E90001AC
:1063300093E774E90223D9F7B9FF08F1FF38EBE7D7
:1063400075E90223D9F7B2FF013CC1E702460B46CB
:10635000C6E7F5E80223D9F7A9FF0134CBE735ED0D
:10636000027B8DED007B95ED027BDDE9000153ECB6
:10637000172B8DED067BD9F799FF02460B46064693
:106380000F46DDE90001D9F78FFFDDE90623D9F7D4
:106390008DFF0AF1FF3AC5E90201C5E9006771E71F
:1063A00034ED027BD4E902AB51EC170B52465B464D
:1063B0008DED007BD9F77AFF02460B4606460F4665
:1063C000DDE90001D9F770FF52465B46D9F76EFF51
:1063D000013DC4E90201C4E9006757E774E90223FB
:1063E000D9F764FF08F1FF3858E700BFAFF300802A
:1063F0000000000000000000000070410000703E3E
:10640000049B049A1D6006F100445C609F6008F1E3
:106410000043D36001F10043106153611DE700BFE9
:106420002DE9F04F2DED048BD9B090460190B64A7E
:10643000669818F1040F52F820A00F4603F1FF3BB5
:1064400026DBB8F1030248BF08F10402D210551C44
:1064500067999FEDB17AE800A2EB0B060290A8EBDA
:10646000C5050AEB0B0C1CAC01EB860E0020604549
:1064700010DD1CA901EB83000DF588790026564537
:1064800024DCDDF804E0DFEDA47A8446002416E085
:106490000022DCE7C6425DBF5EF8201007EE901ACE
:1064A000F8EEE77AF0EE477AE4EC017A0130DEE7C5
:1064B000FEEC016A3CED017AE6EE877A01345C4538
:1064C000F6DDE9EC017A01360430D8E708A901EBE2
:1064D0008A0104916799DFED8F8A9FED8D9A01EB18
:1064E000820203925446A200059258AA02EB84024B
:1064F00012ED140A44A908AA01EB8400944626462A
:10650000002E4CDC2846CDE9062300F0F1F9B0EE70
:10651000408AB4EE000A28EE000A00F04FFAF2EECC
:10652000007AA0EE678A002DDDE90623FDEEC87A29
:1065300017EE909AF8EEE77A38EE678A41DD04F1BB
:10654000FF3C08A9C5F1080E51F82C6046FA0EF080
:10655000814400FA0EF0361AC5F1070041F82C60AC
:106560000641002E3CDD4FF0000E09F10109704696
:10657000744568DC002D03DD012D74D0022D7DD023
:10658000022E2DD1B7EE000A30EE488A40B32846DD
:10659000069300F0ADF9069B38EE408A20E060EEED
:1065A000287A013EFDEEE77AF8EEE77AA7EEC90A0F
:1065B000BDEEC00AACEC010A30ED010A37EE800AEC
:1065C0009EE705D1601E08A951F82060F611C8E7C2
:1065D000F6EE007AB4EEE78AF1EE10FA31DA002630
:1065E000B5EE408AF1EE10FA40F09880601E00226D
:1065F00050454BDA002A65D0013C08AB083D53F802
:106600002430002BF8D02846B7EE000A00F070F9CD
:10661000631C44AA9FED3F7A990002EB8302234654
:10662000002B80F2A9802346002BC0F2C78044AA29
:1066300002EB8305DFF8D4C0DFED377A0020E21AE1
:10664000B1E002268FE752F8041B48B921B1C1F529
:10665000807142F8041C01210EF1010E084687E703
:10666000C1F1FF01F5E704F1FF3C08AA52F82C2024
:1066700002F07F0208A941F82C2081E704F1FF3CD9
:1066800008AA52F82C2002F03F02F3E708A951F8BB
:10669000201001380A43ABE7013250F8046D002E98
:1066A000FAD0059901F5B0710DEB0100E6181CA9AF
:1066B00004F1010C4C3801EB86062244624504DAF1
:1066C000144610E704980122E7E70399DDF804E097
:1066D00051F82C10059107EE901AF8EEE77A002495
:1066E000E6EC017ADFED0C7AB1465C4504DDE0ECC6
:1066F000017A0CF1010CE1E7FEEC016A39ED017A57
:106700000134E6EE877AF0E7FCCB0208D0CB020832
:10671000000080430000803B00000000029BB0EEC0
:10672000480AA3EB080000F0E3F81FED077AB4EE87
:10673000C70AF1EE10FA19DB5FED0A7A60EE277AEC
:1067400008AAFDEEE77A0835F8EEE77AA7EEC70A61
:10675000FDEEE77ABDEEC00A10EE103A42F82430A2
:1067600017EE903A013442F824304CE7BDEEC00AEF
:1067700008AA10EE103AF6E708A850F82300019096
:1067800007EE900AF8EEE77A013B67EE807A20EE9A
:10679000070A62ED017A43E7FCEC016AB5EC017A85
:1067A000E6EE877A0130504501DC9042F4DD58A8CE
:1067B00000EB820242ED287A013B35E7669B022B13
:1067C00009DC002B27DC40D009F0070059B0BDECF4
:1067D000048BBDE8F08F669B032BF5D130AA0B1F0D
:1067E00013441A462046002850DC2246012A5DDC6C
:1067F00030AB5FED377A0B44012C67DCDDED306A9E
:106800009DED317A002E67D1C7ED006A87ED017AE0
:10681000C7ED027AD8E730AB1FED417A0B44224630
:10682000002A24DA4EB3F1EE477AC7ED007ADDEDA7
:10683000307A77EEC77A31AA01239C4220DA0EB172
:10684000F1EE677AC7ED017ABEE730AB5FED4E7AC5
:106850000B44002C05DA0EB1F1EE677AC7ED007A31
:10686000B2E733ED017A013C77EE877AF1E773ED19
:10687000017A013A37EE277AD2E7F0EE477AD4E789
:10688000B2EC017A013377EE877AD6E772ED017ABE
:10689000D2ED016A37EEA67A013877EEC77A82ED3B
:1068A000007A77EEA67AC2ED017A9CE773ED017A61
:1068B000D3ED016A37EEA67A013A77EEC77A83ED17
:1068C000007A77EEA67AC3ED017A8FE733ED017A8D
:1068D000013C77EE877A8FE7F1EE666AB1EE477A90
:1068E000C7ED006A87ED017AF1EE677A90E700BFA5
:1068F00010EE103A33F000422BD0B2F1FF4F02D32A
:1069000030EE000A704713F0FF4F23D1244BDFED28
:10691000257A984220EE270A17DB10EE103AC3F3CF
:10692000C752193A4CF25031884215DDDFED1E7A1C
:10693000DFED1E6A10EE103AB0EE677A002BB8BF9A
:10694000F0EE667A27EE870A7047DFED197A27EEB8
:10695000800A7047D20DE5E71044FE28E6DC0028E7
:1069600006DD23F0FF4343EAC05300EE103A7047C0
:1069700010F1160F09DADFED0E7ADFED0E6A10EE78
:10698000103AB0EE677A002BD9E7193023F0FF43B5
:1069900043EAC0539FED080A07EE903AD7E700BFDD
:1069A000B03CFFFF0000004CCAF24971CAF249F145
:1069B0006042A20D6042A28D0000003310EE103A3A
:1069C000C3F3C7527F3A162A23F000412BDC002A7A
:1069D00012DADFED197A30EE270AB5EEC00AF1EED1
:1069E00010FA06DD002B24DA0029144B08BF4FF003
:1069F000004300EE103A7047114911410B42FAD0A2
:106A0000DFED0D7A30EE270AB5EEC00AF1EE10FA8E
:106A1000EFDD002BBEBF4FF4000040FA02F29B18DE
:106A200023EA0103E5E7B1F1FF4FE4D330EE000ABA
:106A300070470023DDE700BFCAF24971000080BF44
:106A4000FFFF7F00002100F003BE70B504460D4635
:106A500045EC104B164602F0D9FE51EC100B7EB1FE
:106A6000C5F30A53C3F16B03002B09DD1B0503F1CA
:106A70007F55002405F5401522462B46D9F7CCFD5D
:106A800041EC100B70BD00002DE9F04F9FB00C469B
:106A9000179200221A9205904FF0000A4FF0000B57
:106AA0000A46199211782B294AD038D80D2932D8A4
:106AB000082932D800293BD000220E92199D2A784D
:106AC000302A40F0B2806A7802F0DF02582A6ED194
:106AD00002930E9B01931AAB00938F4A05981BAB50
:106AE00019A901F041FF10F00F06044605D0062E4B
:106AF00028D10135002319950E93179B002B40F0E8
:106B00008E850E9BCBB152460BF1004343EC102B0C
:106B10001FB0BDE8F08F2029CED10132C1E72D2969
:106B2000CAD101210E91511C19915278002AC5D168
:106B3000179B1994002B40F0708552465B46E5E7A1
:106B40000021EFE71A9A3AB135211CA802F058FF4C
:106B50001A99059802F02EFB013E1B9A042E06D8C6
:106B6000DFE806F014031D201400DDE91CABE1058D
:106B700048BF4BF0004B2BF000431B0D1B05002BB7
:106B8000BBD101F0CBFD22230360B6E7DDE91CA3F6
:106B900002F2334223F4801343EA025BE7E7DFF8B3
:106BA00080B1E4E76FF0004B4FF0FF3ADFE7199B4D
:106BB0005A1C19925B78302BF9D0002B9DD0012301
:106BC00000270893199B0C930B97B9460A22199832
:106BD0000578A5F13003D9B2092928D94F490122F6
:106BE00000F017FF002832D000202A460A904D46B8
:106BF0000346652A01D0452A14D11DB9089A0243DB
:106C000096D00025199C621C199262782B2A7AD0A2
:106C10002D2A7ED04FF0000CA2F13001092940F25C
:106C2000858019944FF00008A5E00023C8E7B9F16A
:106C3000080FD8BF0B9900F10100DABF02FB013346
:106C40000B9302FB073709F101091990BFE7199B64
:106C50005A1C19925A78B9F1000F3BD00A904D4650
:106C6000A2F13003092B12D90123C2E7199B5A1C48
:106C700019925A780130302AF8D0A2F13103082B4A
:106C800000F2D284199B0A9000200C930546303AFA
:106C900000F1010318D00A9919440A912E464FF0C9
:106CA0000A0E711CA1EB050C634515DC20EAE070AF
:106CB0002B18082B05F1010505441ADC0B990A2352
:106CC00003FB01230B930023199A511C199152784D
:106CD0001846C5E74846CEE7082E05DC0B9E0EFB9E
:106CE00006F60B960E46DCE71029D8BF0EFB07F719
:106CF000F8E70F2BDCBF0A2303FB0727E3E700239A
:106D00000A9301237AE74FF0000CA21C1992A27893
:106D100082E74FF0010CF8E71CCC020800C402081F
:106D20000000F07F199A511C19915278302AF9D03D
:106D3000A2F1310108293FF675AF303A0992199A4C
:106D40000F924FF00A08199A561C19965278A2F120
:106D5000300EBEF1090F39D90F99761A082E44F674
:106D60001F6803DC09998845A8BF8846BCF1000F5D
:106D700001D0C8F10008002D4ED1089908437FF4D6
:106D8000BCAE002B7FF4D4AE692A28D025DC492A7A
:106D900025D04E2A7FF4CCAE9A4919A802F006F805
:106DA00000283FF4C5AE199B1B78282B2ED196499D
:106DB0001CAA19A802F00EF8052827D11D9BDDF8A2
:106DC00070A043F0FF4B4BF4E00B96E6099908FBEB
:106DD0000121A1F130020992B5E76E2ADAE78B4969
:106DE00019A801F0E3FF00283FF4A2AE199B8849DF
:106DF000013B19A8199301F0D9FF10B9199B013370
:106E00001993DFF81CB24FF0000A76E6814801F0D2
:106E1000CBFC5BEC10AB70E60A9B0B98A8EB030372
:106E2000B9F1000F08BFA946102D09932C46A8BF41
:106E30001024D9F777FB092D82468B4613DC099B7A
:106E4000002B3FF45AAE099B78DD162B5FDC7249AC
:106E500001EBC301D1E9000152465B46D9F7DCFBE7
:106E600082468B4649E66C4B03EBC40353E912237D
:106E7000D9F7D2FB824638468B46D9F753FB0246F8
:106E80000B4650465946D9F711FA0F2D82468B46CC
:106E9000D5DD099B2C1B1C44002C40F3938014F07F
:106EA0000F030AD05C4901EBC30152465B46D1E9AE
:106EB0000001D9F7B1FB82468B4634F00F0473D042
:106EC000B4F59A7F49DD0024A0460B94A146059AAB
:106ED000DFF84CB1222313604FF0000A0B9B002B0C
:106EE0003FF40BAE1A99059802F064F905984946EB
:106EF00002F060F90598414602F05CF90B9905989B
:106F000002F058F90598214602F054F9F5E5099A7E
:106F1000C5F125039342BCDB3F4CC5F10F0504EBE3
:106F2000C50152465B46D1E90001D9F775FB099BC3
:106F30005D1B04EBC504D4E900238FE71633A8DBFF
:106F40000A9BA3EB0808344B03EBC808D8E90023DD
:106F500050465946D9F78AFC82E700232F4F241167
:106F6000504659461E46012C21DC0BB182468B4609
:106F70002A49ABF1547B01EBC60152465B46D1E98D
:106F80000001D9F749FB264B0A460B4025498B42A5
:106F9000824698D8A1F580118B4286BFDFF888B071
:106FA0004FF0FF3A02F1547B0023089376E0E207AA
:106FB00004D5D7E90023D9F72FFB0123013664104C
:106FC0000837D0E7F0D0644214F00F020AD0124B19
:106FD00003EBC20350465946D3E90023D9F746FCD8
:106FE00082468B462411DFD01F2C1FDD0024A046D3
:106FF0000B94A146059A22234FF0000A4FF0000B94
:1070000013606BE70BC4020808CC020802C4020834
:1070100005C402089FC40208F0CD0208C8CD0208CA
:107020000000F07F0000A07CFFFFEF7F14F0100352
:1070300018BF6A23A94E0893504659460023E70714
:1070400004D5D6E90023D9F7E7FA0123641006F145
:107050000806F4D10BB182468B46089BB3B1CBF343
:107060000A52C2F16B03002B59460FDD1F2B56DD70
:10707000342BDEBF4FF0FF33C2F14B0293404FF091
:10708000000ACCBF4FF05C7B03EA010B0022002317
:1070900050465946D9F728FD0028A7D10B9B0093ED
:1070A0000C9905982B464A4602F0ECF80B90002804
:1070B0003FF409AF099A0A9B002AA3EB0803A8BF73
:1070C00000231293002422EAE2731693A0460B9B3E
:1070D0000598596802F02EF8814600283FF4F7AE73
:1070E0000B9B1A69023203F10C0192000C3001F083
:1070F0004CFB4BEC10AB05981CAA1BA9CDE90CABC3
:1071000002F0F4FB1A9000283FF4E1AE059801214B
:1071100002F04EF9804648B94FF00008D7E64FF02C
:10712000FF3202FA03F303EA0A0AAFE71B9D1C9A37
:10713000002DABBF129B169B169E129FACBFEF1883
:107140005E1B089BED1A1544654B013D9D42C2F143
:10715000360250DA5B1B1F2BA2EB03024FF001013A
:107160003DDC01FA03F3139300231093BD18089B31
:10717000AF4216441E443B46A8BF2B46B342A8BFAD
:107180003346002BC2BFED1AF61AFF1A129B002BD2
:1071900016DD414605981A4602F0C2F980460028DD
:1071A000BAD001461A9A059802F018F90A900028F8
:1071B0003FF48DAE1A99059801F0FCFF0A9B1A93D3
:1071C000002D1DDC099B002B23DD4946169A0598EE
:1071D00002F0A6F98146E0B94FF0000977E6C5F163
:1071E0007F4505F57F0505F57B45E23501FA05F399
:1071F00010931391BAE70023109301231393B5E77B
:107200001A9905982A4602F0E5F91A900028D9D172
:107210005DE6002E07DD49460598324602F0DAF9B0
:1072200081460028D8D0002F08DD414605983A460F
:1072300002F0D0F9804600283FF449AE1A9905982B
:107240004A4602F04FFA044600283FF440AEC368B5
:107250000F930023C360414602F028FA002845DA64
:107260000F9B53EA0A036BD1CBF31303002B67D1B7
:107270002BF000431B0D1B05B3F1D66F60D963697A
:1072800013B92369012B5BDD21460122059802F029
:10729000A1F94146044602F009FA002850DD2BF01E
:1072A0000043089A1B0D1B05002A6AD0B3F1D66F64
:1072B00067D8B3F15C7F7FF69DAE0A4B50465946C6
:1072C0000022D9F7A9F9084B0B4082468B46002BC8
:1072D0007FF408AE059A2223136003E630CC02083F
:1072E00002FCFFFF000050390000F07FCDF828B00D
:1072F00065D10F9ACBF313035AB39F4A93422BD114
:10730000089B514603B39D4B5A461340B3F1D46FCB
:107310004FF0FF321BD81B0DC3F16B0302FA03F3CE
:10732000994219D1964B0A9A9A4202D101313FF4FF
:10733000CEAD924B0A9A1A4002F5801B4FF0000A1C
:10734000089B002BB9D1CDE54FF0FF33E8E713469A
:10735000E6E753EA0A03A2D0109BDBB10A9A134274
:10736000EED00F9B089A50465946BBB1FFF76DFB14
:10737000DDE90C0153EC102BD8F798FF82468B46C1
:10738000DEE7A3F580136FEA135B6FEA0B5B4FF048
:10739000FF3AD5E7139B13EA0A0FE1E7FFF755FB26
:1073A000DDE90C0153EC102BD8F77EFF00220023FF
:1073B00082468B46D9F798FB0028C1D01AE6414691
:1073C000204602F0EBFA57EC106B00224FF080439E
:1073D00030463946D9F79CFB00286FD00F9B002B15
:1073E0007AD1BAF1000F58D10A9BC3F31303002BD3
:1073F0005AD1644B002230463946D9F77FFB00282A
:1074000059D130463946604B0022D9F705F9064676
:107410000F4607F1004306960793DDE90623574D13
:10742000CDE910230A9B1D40584B9D4240F0B2808D
:107430000A9BA3F1547B4BEC10AB02F0E7F9DDE9BA
:10744000062351EC100BD9F7E7F852465B46D8F704
:107450002DFF0B4649494E4A19409142824642D976
:107460000D9A474B9A4203D10C9B01333FF42FAD49
:10747000DFF80CB14FF0FF3A1A99059801F09AFE27
:107480000598494601F096FE0598414601F092FEA6
:107490000598214601F08EFE19E6BAF1010F03D1DD
:1074A0000A9B002B3FF4A6AD9FED2B7B354F8DED56
:1074B000067B0026B1E7344F0026AAE7324B304660
:1074C00039460022D9F7A8F80F9B06460F46002B35
:1074D0009FD0CDE90667A0E79FED217B8DED067B70
:1074E00057EC176B99E703F1547B089BCDF828B054
:1074F000002BC1D12BF000431B0D1B059D42BBD1BE
:1075000030463946D9F738FCD9F758F802460B46C9
:1075100030463946D8F7C8FE0B460246CDE90C2363
:10752000CBF313060F9B46EA0A061E436FD00EA349
:10753000D3E90023D9F7E2FA00287FF4D3AC0CA3F7
:10754000D3E90023DDE90C01D9F7F6FA002893D03E
:10755000C8E400BFAFF30080000000000000F0BFEF
:10756000000000000000F03F9535A094FFFFDF3FD2
:1075700035E5AF350000E03FFFFF0F000000F07F72
:10758000FFFFEF7F0000F03F0000E03F0000E07FE2
:10759000FFFF9F7C089B23B3B5F1D46F21D828A3AC
:1075A000D3E9002330463946D9F7B2FAA0B13946BB
:1075B0003046D9F709FB012838BF0120D8F7B2FFC0
:1075C0000F9B06460F46FBB901F10043149015933B
:1075D000DDE91423CDE91023119B03F1D6635B1B76
:1075E00011939DED0C0BDDE910AB02F00FF9504645
:1075F00053EC102B5946D9F70FF8DDE90C23D8F7D7
:1076000055FE82468B4670E7CDE91467E0E70EA38E
:10761000D3E90023D9F772FA98E700230E93179A5B
:10762000199B1360FFF76DBA652A3FF468AB452AD2
:107630003FF465AB0123FFF7A0BB00BFAFF30080B1
:107640000000C0FFFFFFDF419535A094FFFFCF3F53
:107650000A4601460248034B0068FFF715BA00BF0F
:1076600030040020C4020020242B2DE9F047864678
:10767000904601D8012B06D101F050F81623036083
:107680000020BDE8F08734480D462A4615F8014B26
:10769000065D16F00806F8D12D2C10D12C780126A5
:1076A000951C33F0100215D1302C0DD12A7802F040
:1076B000DF02582A08D16C78023510230AE02B2CFF
:1076C00004BF2C78951CECE7002BF6D1302C14BFAE
:1076D0000A23082306F1004C0CF1FF3C0022BCFBFE
:1076E000F3F9104603FB19CAA4F13007092F0FD88C
:1076F0003C46A3421BDD571C07D0814514D301D162
:10770000A24511DB00FB0340012215F8014BEBE71A
:10771000A4F14107192F01D8373CEAE7A4F161072A
:10772000192F04D8573CE4E74FF0FF32EDE7531C24
:1077300008D12223CEF800306046B8F1000FA0D067
:10774000691E06E006B14042B8F1000F99D0002A48
:10775000F6D1C8F8001094E759CC0208FFF784BFAF
:1077600013460A46014602480068FFF77DBF00BF86
:1077700030040020002310B50446C0E90033C0E9FE
:107780000433836081814366C28183611946082284
:107790005C3000F018F90D4B63620D4BA3620D4B8A
:1077A000E3620D4B23630D4B24629C4206D003F130
:1077B0006802944202D0D0339C4205D104F15800B3
:1077C000BDE8104000F0D4BF10BD00BF3D790208F5
:1077D000637902089B790208BF79020820650120BD
:1077E000024A0349034800F069B800BFB002002014
:1077F00065A202083404002041680C4B994210B580
:10780000044601D002F02EFDA168094B994202D036
:10781000204602F027FDE168064B994204D020463D
:10782000BDE8104002F01EBD10BD00BF2065012064
:1078300088650120F065012010B50B4B0B4C0C4AFC
:107840001A60204600220421FFF794FF04F168002B
:1078500001220921FFF78EFF04F1D0000222BDE8CA
:1078600010401221FFF786BF5866012020650120D5
:10787000E1770208014800F07DBF00BF8766012064
:10788000014800F079BF00BF8766012010B50446AB
:10789000FFF7F0FF236A1BB1BDE81040FFF7F0BF10
:1078A000044B2362044B1B68002BF5D1FFF7C4FF88
:1078B000F2E700BFF9770208586601202DE9F84386
:1078C0000746884614460026D4E90195B9F1010916
:1078D00005D52468002CF7D13046BDE8F883AB8984
:1078E000012B07D9B5F90E30013303D029463846AC
:1078F000C04706436835E9E70EB410B59DB01FAB2D
:10790000029006906FF000410A48079104910A49DD
:1079100053F8042B0591002402A9006801931B94DD
:1079200002F094F9029B1C701DB0BDE8104003B03A
:10793000704700BF300400200802FFFF10B50C465E
:10794000B1F90E1000F0C6FE0028ABBF636DA3892D
:107950001B1823F48053ACBF6365A38110BD0020C6
:1079600070472DE9F0411F468B89DB0505460C4623
:10797000164605D5B1F90E100223002200F098FE3C
:10798000A389B4F90E1023F48053A38132463B46F9
:107990002846BDE8F04100F0AFBE10B50C46B1F985
:1079A0000E1000F085FE431CA38915BF606523F40B
:1079B000805343F48053A38118BFA38110BDB1F954
:1079C0000E1000F065BE02440346934200D170479A
:1079D00003F8011BF9E7C9B20346184613F8012B57
:1079E00012B18A42F9D17047002918BF00207047B0
:1079F00070B503461E4613F8014B44B14A1E01E020
:107A0000A54204D012F8015F002DF9D1F2E7301A37
:107A100070BD10B56AB10139841810F8012B11F846
:107A2000013F9A4203D1A04201D0002AF5D1D01AD9
:107A300010BD1046FCE710B50139034632B111F80C
:107A4000014F03F8014B013A002CF7D11A440021F1
:107A5000934200D110BD03F8011BF9E72DE9F04175
:107A60004D4A0C460023D0E90001D9F71DF9002A40
:107A7000BCBF02F5A83202F5C0724FF4616100F597
:107A80002F20B2FBF1F301FB13224FF03C01ACBFFE
:107A900000F66C2000F66B20A360B2FBF1F301FB53
:107AA000132263602260C31C072293FBF2F2C2EB35
:107AB000C2029B1A394955D50733A361A0F50E338D
:107AC000A3F52C7393FBF1F1354B03FB010048F652
:107AD000AC63B0FBF3F3034440F2B45CB0FBFCF2E4
:107AE0009B1A40F26D172F4AB0FBF2F264269B1AE4
:107AF000B3FBF7F2B3FBFCF3B2FBF6F5EB1A03446E
:107B000007FB1233992003EB8307023703F1010EC1
:107B1000B7FBF0FC00FB0CF002304FF00508B0FBA7
:107B2000F8F0AEEB000040F2F95E77458CBF6FF0E5
:107B30000907022767444FF4C87C0CFB0121012F81
:107B400098BF0131B3F5997F12D3A3F59973E3611F
:107B5000A1F26C710023E060C4E904712362204645
:107B6000BDE8F0810028A361A8DB90FBF1F1ABE751
:107B700012F0030F02D106FB15255DB94FF4C8754D
:107B8000B2FBF5F605FB1622B2FA82F252093B333C
:107B90001344DCE70122FAE780510100B13A020008
:107BA0004FC5FDFFB03A0200F7B501683B29044616
:107BB00011D93C22684600F01DFE019A63680099C5
:107BC000002A0B446360BBBF3C3203F1FF332260E9
:107BD0002260B8BF636061683B2911D93C226846C6
:107BE00000F008FE019AA3680099002A0B44A360E4
:107BF000BBBF3C3203F1FF3362606260B8BFA36079
:107C0000A168172911D91822684600F0F3FD019ADE
:107C1000E3680099002A0B44E360BBBF183203F10C
:107C2000FF33A260A260B8BFE36021690B2911D9BC
:107C30000C22684600F0DEFD019A63690099002A73
:107C40000B446361BBBF0C3203F1FF33226122613D
:107C5000B8BF636163699A071CD1642193FBF1F299
:107C600001FB1232C2B903F26C734FF4C87293FB7A
:107C7000F2F102FB1133002B0CBF1D231C23E26821
:107C8000002A0BDC314D0B206421E668002E30DD2C
:107C900003B0F0BD1C23F2E71D23F0E72B4DD4E920
:107CA0000312012A14BF55F8220018468142EFDD65
:107CB0000132091A0C2AE1602261F0D163690021C6
:107CC0005A1C2161910762613CD1642192FBF1F061
:107CD00001FB1022002A37D103F26D734FF4C872F2
:107CE00093FBF2F102FB1133002B0CBF1D231C236D
:107CF000D5E72269013A2261013216D163695A1E21
:107D00009707C4E9040219D192FBF1F701FB17228E
:107D1000B2B903F26B734FF4C87293FBF2F702FB34
:107D20001733002B0CBF1D231C232269012A14BF0B
:107D300055F822201A463244E260A6E71C23F4E7F5
:107D40001D23F2E71C23AAE71D23A8E78CCD020818
:107D50002DE9F04F85B0074602F004FB8146384616
:107D6000FFF722FFD7E900433C2202FB0344BB6834
:107D70007D694FF4616202FB0344D7E90363C34AA0
:107D800052F82320013E012B164411DDA9070FD123
:107D9000642295FBF2F302FB135343B905F26C73B3
:107DA0004FF4C87293FBF2F102FB113303B90136B1
:107DB00005F51C53103344F620629342FE6100F235
:107DC0007081462D40F3B680462340F26D1C64213D
:107DD0004FF4C8709A0740F0A78093FBF1F201FBC3
:107DE0001232002A40F0A38003F26C7292FBF0FE84
:107DF00000FB1E22002A0CBF4FF4B772624601330B
:107E00009D421644E6D1A24B4FEAE478C6FB0348F4
:107E100000F00AFA00F014FA9E4B1B68002B00F0E9
:107E20004781D7F820A078695346012BA8BF0123CA
:107E30000193D9F8043000F26C70834240F0BD80A9
:107E4000D9E90821D9F85000D9F84CC0131A039386
:107E5000D9F848300293029AD9F8283061EBE07BD8
:107E6000B2EB030E6CEBE371744578EB010280F228
:107E7000C780D9F80020002A00F0D080039A9442ED
:107E800078EB0B02C0F21181744578EB0101B4BFAD
:107E90004FF0010B4FF0000BBAF1000FC0F29480CD
:107EA000019A82EA0B0ABAF1010F40F08D80BBF112
:107EB000000F00F0C2801B1A3A681A441C193A607D
:107EC0003846FA68019248EBE378FFF76DFEFB68ED
:107ED000019A9B1A78D0012B00F3B180B3F1FF3FD8
:107EE000A8BF9A46FB691AEB0303564440F1B080E1
:107EF0006B1E990740F0A680642293FBF2F102FB0F
:107F00001133002B40F0A1804FF4C87305F26B755C
:107F100095FBF3F203FB1255002D40F26D1318BFD1
:107F20004FF4B673FB614FE040F26D1267E74FF418
:107F3000B77264E73FF467AF452340F26D1C6421DC
:107F40004FF4C87012E062BB93FBF1F201FB1232F6
:107F500052BB03F26C7292FBF0FE00FB1E22002A61
:107F60000CBF4FF4B7726246B61A013B9D4203F054
:107F70000302E8DBDAB9642295FBF2F302FB135348
:107F8000C3B905F26C734FF4C87293FBF2F102FBB4
:107F90001133002B40F26D1308BF4FF4B773F61A7C
:107FA00031E740F26D12DFE74FF4B772DCE740F2E1
:107FB0006D13F4E74FF4B773F1E700F081F8002890
:107FC0007FF43EAFDDF804B0BBF1010F72D1D9F8F8
:107FD00050301C1948EBE3784FF0010B00F02AF900
:107FE0000436072396FBF3F3C3EBC303F61A56D408
:107FF000C7F820B0BE612046414605B0BDE8F08F0D
:10800000029A121A02924FEAE0726CEB020C029A88
:10801000944278EB0C0CBFF62CAFD3E7039A944252
:1080200078EB0B02FFF630AFBAF1000FCFDB4FF069
:10803000010B35E74FF0000B32E7C31A3CE74FF076
:10804000FF3A4FE74FF4B6736CE740F26D1369E700
:10805000AA0717D1642195FBF1F201FB1252DAB99C
:108060004FF4C87205F26C7595FBF2F102FB1155E5
:10807000002D40F26D1208BF4FF4B7729342A8BFB3
:108080009B1A4FE740F26D12F8E700BF5CCD020883
:10809000805101007C6601204FF4B772EEE707368D
:1080A000A6E74FF0FF34A046A5E7BAF1000FC1DA0A
:1080B0004FF0000BD9F828301C1948EBE3788DE716
:1080C0002DE9F843044602F04DF940F2B1739C42A9
:1080D00040F3A3806FF4F6616518A4F2B27340F226
:1080E0006D12AD1002FB03556FF4C8666FF06302AA
:1080F000A4F26D7393FBF2F31D44A319484E446040
:108100004FF4C8720146B3FBF2F300F150071D446F
:108110000B7AD1F814C04A2B38D1A20705EB0C0317
:1081200006D14FF0640E94FBFEF20EFB124232B900
:108130004FF4C87E94FBFEF20EFB12421ABBBCF158
:108140003B0FD4BF4FF0000C4FF0010C6344013BD8
:108150008A694FEAE27CC3FB062C8B6AD2184CEB8F
:10816000E373C1E9082328318F42D1D1D0E9084314
:10817000D0E912128C429341B4BF01230023036063
:108180000120BDE8F8834FF0000CDFE7442B02D15B
:1081900005EB0C03DCE7A30705D1642294FBF2F3A3
:1081A00002FB134393BB4FF4C87294FBF2F302FB40
:1081B0001343B3FA83F35B09DFF868E0D1F80C905E
:1081C0005B4203F030032A464FF00008734408F185
:1081D0000108C14553F828E01ADC02F1040807231E
:1081E00098FBF3F3C3EBC303A8EB0303BCEB030C53
:1081F0000B6903F1FF3348BF0CF1070CC3EBC3035A
:108200009C44F44506DA02EB0C03A1E70123D3E713
:108210007244DCE7ACF1070CF3E70020B1E700BFE4
:1082200080510100B4CE0208014800F0A2BA00BF9C
:1082300084660120014800F09EBA00BF84660120D8
:10824000014B186800F002B8300400202DE9F04F0F
:108250008DB0074602F086F8BC49BD4D044638464D
:1082600000F090FE064610BBBA4BBB4A1860BB4BF1
:10827000A0621860BA4B2065C3E900224A2100229F
:108280000023C4E90300C4E90500C4E90D00C4E902
:108290000F00C4E90823C4E912232868217284F876
:1082A000301000F07FFE2E600DB0BDE8F08F296821
:1082B000002940F08E80286800F074FE3046D7F721
:1082C00091FF411C384600F097FE2860002840F0DE
:1082D0008680A24ADFF88882DFF878A20023136044
:1082E000A04ACAF8003000200021C8E90022C4E9F1
:1082F0000333C4E90533C4E90801C4E90D33C4E913
:108300000F33C4E912014A222272A36284F830209A
:10831000236533783A2B08BF013633783C2B62D182
:10832000751C914A91490AAB284601F0D5FF0028F7
:10833000BADD0A9BDA1E072AB6D8EB5C3E2BB3D116
:1083400002360A9BF518F35C2D2B5AD101354FF0FC
:10835000FF390023ADF81E30ADF8203008AF0AAB6E
:10836000CDE9013703930DF11E03009380490AAB59
:1083700007AA284601F0B0FF002895DDBDF81E30A1
:10838000BDF820603C2202FB0366BDF81C304FF4B0
:10839000616202FB03660A9B09FB06F605EB030913
:1083A000EB5C3C2B40F0EE8009F10105714A6F490E
:1083B0000AAB284601F090FF002828DC99F801302C
:1083C0003E2B24D1684BA662C8E90033CAF800608E
:1083D0006AE7D7F7FDFE00287FF46DAF64E731460A
:1083E00000F0CBF975E7604A63490AAB304601F00B
:1083F00073FF00287FF758AF0A9B033B072BA0D9D8
:1084000052E72B2B08BF01354FF00109A1E70A9B6A
:10841000DA1E072A3FF648AFEB5C3E2B7FF444AFF1
:1084200009F102090A9B09EB030519F803302D2B0A
:1084300040F0B78001354FF0FF390023ADF81C3014
:10844000ADF81E30ADF820300A930AABCDE90273C7
:1084500001930DF11E03009345490AAB07AA284674
:1084600001F03AFF002800F3A280A6F561630493AF
:108470000A9B27461D444FF0000B2B782C2B08BF7E
:10848000013595F80090B9F14D0F40F0A3800AAB8B
:108490000DF12602CDE9013209AA00923749039372
:1084A0000DF12202284601F017FF03287FF4FCAEED
:1084B000BDF822104B1E0B2B3FF6F6AEBDF8242064
:1084C000531E042B3FF6F0AEBDF82630062B3FF6C8
:1084D000EBAEC7E9031287F808907B610A9B05EBB6
:1084E000030900254FF00203ADF81C30ADF81E5013
:1084F000ADF820500A9599F800302F2B40F0968067
:108500000AAB08AACDE901320DF11E0200921C4906
:10851000039307AA484601F0DFFEA84200F38680D5
:108520004A2100220023C4E90355C4E90555C4E9E2
:108530000823C4E90D55C4E90F55C4E9122321727B
:10854000A56284F830102565AEE600BF0EC40208AF
:108550005C6601207866012011C402087C66012057
:10856000BC0200209FC402086C66012015C40208EA
:108570004AC402086066012028C4020836C4020802
:1085800049C402083E4A3F490AAB484601F0A4FEEE
:1085900000287FF717AF0A9B033B072B7FF642AFFC
:1085A00082E62B2B08BF01354FF0010945E7BDF8E6
:1085B0001E20BDF820303C2101FB0233BDF81C20F9
:1085C0004FF4616101FB023309FB03F34FE74FF006
:1085D000010B52E7B9F14A0F06BF01354B46442360
:1085E0000A220BA92846059301F0BEFADDF82C906B
:1085F000059BADF82600A94514D14D23BBF1000F12
:1086000007D1237203210223C4E90313C4F814B071
:1086100067E784F830300B220123C4E90D230023DF
:10862000E3635EE780B23B7278615AE7BDF81E20D3
:10863000BDF820303C2101FB0233BDF81C204FF473
:10864000616101FB0233BB610A9D28374D44BBF1D8
:10865000000FBCD0049B23650B4BC8F8003060684A
:10866000074BA662C8F80430FFF72AFDA26A236D03
:10867000CAF800209B1A054A18BF0123136013E6AD
:108680006066012028C402086C6601207C66012017
:1086900038B5064D0023044608462B60DAF754FB34
:1086A000431C02D12B6803B1236038BD80660120D2
:1086B00038B5074D04460846114600222A601A467E
:1086C000DAF769FB431C02D12B6803B1236038BD84
:1086D0008066012038B5074D044608461146002241
:1086E0002A601A46DAF7F7FA431C02D12B6803B165
:1086F000236038BD8066012038B5074D0446084622
:10870000114600222A601A46DAF702FB431C02D106
:108710002B6803B1236038BD80660120014B1868C7
:10872000704700BF3004002070B50D4D0D4C641B28
:10873000A4100026A64209D10B4D0C4C02F0B4FC4B
:10874000641BA4100026A64205D170BD55F8043B59
:1087500098470136EEE755F8043B98470136F2E7B3
:1087600020CF020820CF020820CF020824CF020821
:1087700070477047704770477047034611F8012BE8
:1087800003F8012B002AF9D170470A44914200F105
:10879000FF3300D1704710B511F8014B03F8014FBA
:1087A0009142F9D110BD00009FED010B704700BF51
:1087B000000000000000F87F1FB514461A46094B60
:1087C0001B680546D8684CB1074B0091CDE90134D0
:1087D00006492B4601F06EFD01F0D8FD044B1C4606
:1087E000F3E700BF3004002064C4020871C402082B
:1087F0009FC4020810B591FBF2F402FB141104604F
:10880000416010BD38B50546002941D051F8043CFF
:108810000C1F002BB8BFE41800F080FC1D4A136841
:1088200033B9636014602846BDE8384000F07CBC72
:10883000A34208D9206821188B4201BF19685B68E0
:1088400009182160EDE71A465B680BB1A342FAD91B
:1088500011685018A0420BD120680144501883427F
:108860001160E0D118685B68536008441060DAE773
:1088700002D90C232B60D6E7206821188B4204BF55
:1088800019685B68636004BF091821605460CAE717
:1088900038BD00BF8C6601200369B3EB611F2DE971
:1088A000F0434FEA611200F1140445DD11F01F019D
:1088B00004EB830604EB82050CD100F11007294676
:1088C000B14234D39B1A9B00EA1E964238BF002364
:1088D000234415E054F82270C1F12008CF4005F17F
:1088E000040EA1467645F44615D89A1A9200043A29
:1088F0000135AE4238BF0022A318A75007B1043398
:108900001A1BA3424FEAA20208BF0023026108BF5C
:108910004361BDE8F083DCF800C00CFA08FC4CEAC7
:10892000070749F8047B5EF8047BCF40DAE751F88B
:1089300004CB47F804CFC3E72346E1E7A0F13003B7
:10894000092B02D82038C0B27047A0F16103052B73
:1089500001D84738F7E7A0F14103052B01D82738A4
:10896000F1E70020704700002DE9F04F85B08A46FE
:1089700002930B68019090469C1CA14614F8010BD1
:108980003028FAD0A9EB0303A3F1020BFFF7D6FFBF
:108990000546002868D1A04901224846FFF739F86A
:1089A0000746002867D199F801002646FFF7C6FF61
:1089B000002862D0234618783028994603F1010335
:1089C000F9D0FFF7BBFFB0FA80F56D094FF0010B4E
:1089D0004A46164601323078FFF7B0FF0028F8D13A
:1089E0008D4901223046FFF714F800283FD144B9E1
:1089F000741C2246164601323078FFF79FFF00288C
:108A0000F8D1A41BA700337803F0DF03502B3ED12D
:108A100073782B2B33D02D2B34D0711C0024087885
:108A2000FFF78CFF431EDBB2182B30D8A0F11002E9
:108A300011F8010FFFF782FF00F1FF3C5FFA8CFC99
:108A4000BCF1180F4FF00A031ED904B1524217446B
:108A5000CAF80010EDB1BBF1000F0CBF06250025D0
:108A6000284605B0BDE8F08F00252C46B0E7002C65
:108A7000C7D12746C7E74E462F460125C3E7002446
:108A8000B11CCCE70124FBE703FB0200CEE7314633
:108A9000DEE7A6EB0903013B2946072B0ADC019818
:108AA00000F048FB044640B95C4B0246E4215C48B8
:108AB000FFF782FE01315B10EFE700F1140A00239B
:108AC00055469B46B14537D345F804BBA5EB0A058F
:108AD000AD102561584600F01FFC6D01D8F800600C
:108AE0002D1AB54254DDAD1B2946204600F0ABFFE0
:108AF000814678B16B1E591103F01F025AF82110FC
:108B00004FF0010909FA02F20A4203D04B4536DC64
:108B10004FF0020929462046FFF7BEFE2F44D8F841
:108B20000830BB4242DA0198214600F043FB0E9A1E
:108B300000231360A32593E716F8012D2E2A12D0E7
:108B4000202B04D145F804BB4FF0000B5B46307876
:108B50000393FFF7F3FE039B00F00F0098404BEAEE
:108B6000000B0433AEE7B145EAD82B490393012249
:108B70003046FEF74EFF039B0028E1D1A2E7A91E75
:108B8000204600F060FF0028C2D04FF00309C1E783
:108B900009DA751B214601982A4600F01BFD7F1B50
:108BA000044600F1140A4FF00009B8E7D8F8045061
:108BB000BD426FDDED1BAE4234DCD8F80C30022B29
:108BC00022D0032B24D0012B15D1AE4213D1012E7C
:108BD0000BD1029AD8F80430136001232361CAF83C
:108BE00000300E9B62251C603AE7711E204600F0A3
:108BF0002AFF0028EDD10198214600F0DBFA0E9AF9
:108C00000023136050252BE70F9B002BF3D1E0E7E7
:108C10000F9B002BDDD1EEE700C40208A0C40208C0
:108C2000B1C402086F1EB9F1000F30D127B1394627
:108C3000204600F008FF81467A1101235AF82220CD
:108C400007F01F07BB4013422946204618BF49F0D2
:108C50000209FFF721FED8F80470761B0225B9F14E
:108C6000000F47D0D8F80C30022B15D0032B17D0AB
:108C7000012B09D119F0020F06D0DAF8003049EAC9
:108C8000030919F0010F0ED145F0100532E04FF045
:108C90000109D1E70125E2E70F9BC3F101030F931F
:108CA0000F9B002BF0D0D4F810B004F114034FEA5E
:108CB0008B0A03EB8B014FF0000C184653F8042B82
:108CC000B2F1FF3F1BD001320260022D04F1140308
:108CD0003CD1D8F80020013AB24209D171110122E9
:108CE00053F8213006F01F0602FA06F61E423AD16A
:108CF00045F020050E9B1C60029B1F60B0E6994268
:108D000043F804CCD9D8A3689B4517DB6168019868
:108D1000013100F00FFA814618B91A4B024684213E
:108D2000C5E62269023204F10C0192000C30FFF713
:108D30002CFD2146019800F03DFA4C4623695A1C4F
:108D400004EB8303226101225A61BEE722695A457E
:108D50000BDD01212046FFF79FFDD8F808300137D1
:108D6000BB42FFF6E0AE0125C2E716F01F06FAD0BF
:108D70005344C6F1200653F8040C00F0CDFAB0427B
:108D8000E7DBF0E7A0C40208C2F10802920070B568
:108D9000C2F120064368046803FA06F52C43D34069
:108DA000046040F8043F8842F4D370BD30B50368D6
:108DB000013311F8014B14B90360012030BD13F8E1
:108DC000012BA2F14105192D98BF2032A242F0D00B
:108DD0000020F3E72DE9F04F0B6801685E1102EB0C
:108DE000860613F01F0387B018BF04360025371F0F
:108DF00082469046019346F8045CB9463C4602958B
:108E0000AB464A784B1C039342B31046059104923B
:108E1000FFF794FD002851D1049A0599202A18D80B
:108E2000029B9B4513DD4C4506D2072D04DC2A46E8
:108E300049462046FFF7A8FF444552D90023A4F134
:108E4000040944F8043CCDF808B04C461D4603998B
:108E5000D7E7292A57D10231CAF80010BBF1000F19
:108E600051D04C4506D2072D04DC2A4649462046FF
:108E7000FFF78AFF444536D9A8F10402234653F888
:108E8000041B42F8041F9F42F9D23B1B23F003034B
:108E900004330134033EB44288BF04234344002218
:108EA00043F8042B9F42FBD23B681BB9474528D1AE
:108EB00001233B60052007B0BDE8F08F0135082D88
:108EC0000BF1010B06DD4445C1D9002344F8043CF5
:108ED0000125043C226800F00F0040EA02102060E7
:108EE000B5E70825B3E7019B002BDDD0C3F12003D4
:108EF0004FF0FF32DA4056F8043C134046F8043C89
:108F0000D2E7043FD0E70420D5E700002DE9F84F71
:108F1000DFF86CA006468946174601F053FADAF8E6
:108F2000004034B14B46984613F8012B3AB13D2A24
:108F3000F9D1304601F04CFA0020BDE8F88FA8EBDB
:108F40000908A34654F8040B0028F2D042464946CB
:108F5000FEF75FFD0028F4D154F8043C03EB08054C
:108F600013F808303D2BECD1DAF80030ABEB0303FB
:108F70009B1030463B6001F02BFA681CDDE700BF18
:108F80003402002007B501AAFFF7C0FF03B05DF867
:108F900004FB0000024B0146186800F02DB800BF2A
:108FA00030040020024B01461868FFF72BBC00BFBD
:108FB0003004002070B50F4E0C463168054611B9DB
:108FC00001F0D4F930602146284601F0CFF9431C66
:108FD00003D14FF0FF34204670BDC41C24F00304BD
:108FE000A042F8D0211A284601F0C0F90130F2D190
:108FF000EFE700BF886601202DE9F843CD1C25F07E
:10900000030508350C2D38BF0C25002D064601DB65
:10901000A94204D90C2333600020BDE8F883DFF8AF
:10902000D48000F07BF8D8F800301C4644BB2946B9
:109030003046FFF7BFFF431C044658D1D8F8004024
:109040002746002F43D1002C4BD0236839463046A9
:1090500004EB030901F08AF9814542D121686D1AB8
:1090600029463046FFF7A6FF01303AD023682B444B
:109070002360D8F800305A6862BBC8F800700FE06F
:109080002268521B20D40B2A17D96119A3422560EC
:1090900018BF5960636808BFC8F8001062514B6080
:1090A000304600F041F804F10B00231D20F00700CA
:1090B000C21A1CBF1B1AA350AFE76268A3420CBFC1
:1090C000C8F800205A60EBE723466468AEE73C46E8
:1090D0007F68B6E71A465B68A342FBD10023536062
:1090E000DEE70C233360304600F01EF894E705609D
:1090F000D6E700BF8C66012082B001B901A942B158
:109100004BB113780B601278101E18BF012002B00B
:1091100070471046FBE76FF00100F8E70148FFF7E2
:1091200029BB00BF866601200148FFF725BB00BFB1
:109130008666012070B5C66904460D4676B91020D2
:10914000FFF728FF0246E06120B9184B18486B2151
:10915000FFF732FBC0E901660660C660E669F368A6
:1091600083B1E369DB6853F82500B8B9012101FA3E
:1091700005F6721D9200204601F00FF960B1C0E9BA
:1091800001560EE021220421204601F006F9E36990
:10919000F060DB68002BE4D1002070BD026843F86A
:1091A00025200023C0E90333F7E700BF11C50208FB
:1091B00028C5020870B5C66905460C4676B9102068
:1091C000FFF7E8FE0246E86120B9094B09488F2104
:1091D000FFF7F2FAC0E901660660C6603CB1EB69D0
:1091E0006268DB6853F82210216043F8224070BDAA
:1091F00011C5020828C502082DE9F0410D6907468E
:109200000C461E4601F1140C0020DCF8003099B227
:1092100002FB01611E0C0B0C02FB063389B201300C
:1092200001EB034185424CF8041B4FEA1346ECDC8A
:109230000EB3A368AB4219DC616838460131FFF711
:1092400079FF804628B902460C4B0D48BA21FFF73A
:10925000B3FA2269023204F10C0192000C30FFF7DC
:1092600094FA21463846FFF7A5FF444604EB8503F0
:1092700001355E6125612046BDE8F081A0C4020889
:1092800028C502082DE9F8430C4615461F46092259
:109290000833064693FBF2F3002101229A4209DBD0
:1092A0003046FFF747FF40B90246194B1948D32112
:1092B000FFF782FA52000131F0E7089B4361092D64
:1092C0004FF00103036116DD04F10909C8462C447F
:1092D00018F8013B0146303B0A223046FFF78CFF6D
:1092E000A045F5D1A5F108044C442D1B6319BB42E0
:1092F00004DBBDE8F8830A340925F6E714F8013BDE
:109300000146303B0A223046FFF776FFEEE700BF0A
:10931000A0C4020828C50208B0F5803F034636BF46
:10932000030400201020B3F1807F3CBF1B020830F3
:10933000B3F1805F3CBF1B010430B3F1804F3CBFF1
:109340009B000230002B05DB13F0804F00F1010081
:1093500008BF202070470368024613F007000BD0B7
:10936000D90721D4980749BF5B089B0801201360E7
:109370005CBF13600220704799B209B91B0C102022
:10938000D9B209B908301B0A190704BF1B090430F8
:10939000990704BF9B080230D90703D45B0800F18A
:1093A000010003D0136070470020704720207047F1
:1093B00010B50C460121FFF7BDFE024628B9054B4A
:1093C000054840F24511FFF7F7F9012344610361B5
:1093D00010BD00BFA0C4020828C502082DE9F04F47
:1093E00017460A693B699A42A8BF3B468946A4BF13
:1093F0000F4699463D69D9F810A0BB68796805EB1E
:109400000A06B34285B0B8BF0131FFF793FE30B909
:109410000246414B41484FF4B171FFF7CDF900F1DD
:10942000140404EB860E23460022734520D307F173
:10943000140809F1140108EB850501EB8A03029376
:10944000EB1B153B23F0030304331537BD4238BF34
:1094500004230193029B03918B420CD8002E03DD61
:109460005EF8043D002B55D0066105B0BDE8F08FD5
:1094700043F8042BD9E7B1F800A0BAF1000F1FD0D0
:10948000C446A14600275CF8042BD9F800301FFA27
:1094900082FB9BB20AFB0B333B44D9F80070120CE1
:1094A0003F0C0AFB027202EB13429BB243EA0243F7
:1094B000654549F8043B4FEA1247E4D8019BE75061
:1094C000039BB3F802900431B9F1000F20D0236858
:1094D0004746A4464FF0000AB7F800B0BCF8022097
:1094E00009FB0B2252449BB243EA02434CF8043B73
:1094F00057F8043B4FEA134ABCF8003009FB0A3323
:1095000003EB1243BD424FEA134AE5D8019AA35038
:1095100004349FE7013EA1E7A0C4020828C5020861
:109520002DE9F843154612F0030207460E4607D010
:10953000254C013A002354F82220FFF75DFE064631
:10954000AD103DD0FC697CB91020FFF723FD024629
:10955000F86128B91D4B1E4840F2B311FFF72CF9F2
:10956000C0E901440460C460D7F81C80D8F8084002
:109570004CB940F271213846FFF71AFF0023C8F8B2
:109580000800044603604FF00009EB070AD5314696
:1095900022463846FFF722FF314680463846FFF71D
:1095A00009FE46466D100BD0206838B92246214688
:1095B0003846FFF713FF2060C0F800900446E4E748
:1095C0003046BDE8F88300BFBCCD020811C50208D3
:1095D00028C502082DE9F0470C464968236903EBCA
:1095E0006218A368074691464FEA621A08F101061D
:1095F000B3420BDB3846FFF79DFD054648B90246EE
:10960000284B29484FF4EF71FFF7D6F801315B0082
:10961000EEE7002300F1140100F110021846534553
:1096200033DB20692AEAEA7A04F1140319F01F09EE
:1096300001EB8A0103EB800C2BD0C9F1200E8A4686
:109640000022186800FA09F010434AF8040B53F896
:10965000042B9C4522FA0EF2F3D8ACEB0403153B25
:1096600023F00303043304F11500604588BF04238D
:10967000CA500AB108F10206013E38462E61214661
:10968000FFF798FD2846BDE8F08742F8040F013344
:10969000C5E7043953F8042B41F8042F9C45F9D849
:1096A000EAE700BFA0C4020828C502080A69034609
:1096B0000069801A30B50ED11433143103EB8204E3
:1096C00001EB820154F8045D51F8042D954203D05A
:1096D00005D24FF0FF3030BDA342F3D3FBE70120AA
:1096E000F9E700002DE9F74F89460646114648463E
:1096F0001446FFF7DBFF051E12D129463046FFF75F
:1097000019FD024628B93F4B40F237213E48FFF78A
:1097100053F80123C0E90435104603B0BDE8F08FCB
:10972000BCBF4B46A1463046D9F80410BABF1C4610
:1097300001250025FFF7FEFC024618B9314B40F227
:109740004521E3E7D9F810702669C56009F11003D7
:1097500009F1140504F1140E00F1140B05EB870850
:109760000EEB86060193D9464FF0000C019B5EF884
:10977000040B53F804AF01931FFA8AF3194683B21E
:10978000CB1A000C6344C0EB1A4000EB23409BB2A1
:1097900043EA0043764549F8043B4FEA204CE5D8BC
:1097A000331B153B23F0030315340433A64238BFA3
:1097B00004231D445B441E462C4644450ED308F149
:1097C0000301491B21F00301033DA84538BF0021D7
:1097D0000B4453F8041D91B117619DE754F8041B25
:1097E000E646080C1CFA81FC714400EB2C4089B25F
:1097F00041EA004146F8041B4FEA204CDDE7013FF7
:10980000E7E700BFA0C4020828C5020882B08DEDBA
:10981000000B019A0F4B1340A3F15073002B08DC8F
:109820005B42B3F1A07F4FEA235204DA4FF40023E6
:109830001341002208E0A2F114031E2BDABF4FF0FF
:109840000042DA40012200231946104641EC100B79
:1098500002B070470000F07F2DE9F041066900F189
:10986000140808EB8606371F56F8042C1046FFF73D
:1098700053FDC0F120030A280B601B4915DCC0F121
:109880000B0C22FA0CF3B84543EA010534BF56F835
:10989000083C0023153002FA00F023FA0CF30343CE
:1098A0001C4645EC104BBDE8F081B8453ABF56F870
:1098B000083CA6F1080700230B3812D0C0F12001A4
:1098C00023FA01F482402243474542F07F558CBF82
:1098D00057F8042C00228340CA4045F44015134336
:1098E000DEE742EA0105DBE70000F03F2DE9F74340
:1098F0000F46012159EC108B1646FFF71BFC04465E
:1099000030B90246234B244840F20F31FEF754FF92
:10991000C9F30A55C9F313030DB143F4801301933E
:10992000B8F1000323D068460093FFF714FDDDE98A
:109930000012D0B1C0F1200302FA03F30B43C2407E
:1099400063610192019BA361002B0CBF01220222E3
:109950002261A5B1A5F2334505443D60C0F1350053
:109960003060204603B0BDE8F0836161EAE701A8FA
:10997000FFF7F1FC019B636120300122E8E704EB73
:109980008203A0F2324038601869FFF7C5FCC0EBD3
:109990004210E5E7A0C4020828C502082DE9F04FEF
:1099A00085B0CDE9001002A9FFF756FF009803A982
:1099B00055EC104BFFF750FF019B1969009B1B6989
:1099C000C91ADDE902329B1A5BEC10AB03EB4113C1
:1099D000002BCEBF2A46C3EB03335A462F46D94647
:1099E000CCBF02EB035702EB03594B4652462046CD
:1099F0003946D6F73BFF41EC100B05B0BDE8F08FC0
:109A0000013970B549111469013102F1140300EBF9
:109A1000810103EB8404051FA3420CD3A31A113B5D
:109A200023F003031132A24288BF0023184400230D
:109A3000884205D370BD53F8046B45F8046FEBE71B
:109A400040F8043BF4E700F1140200694B1198421E
:109A500010B511DB0ADD11F01F0107D052F82340C9
:109A600024FA01F000FA01F18C420BD102EB8303DE
:109A7000934203D8002010BD0346F7E753F8041DB6
:109A80000029F5D00120F6E72DE9F043344E864653
:109A90000D46284615F8014B375D17F00807F8D139
:109AA0002D2C10D12C780127851C33F0100015D1F6
:109AB000302C0DD1287800F0DF00582808D16C78C0
:109AC000023510230AE02B2C04BF2C78851CECE710
:109AD000002BF6D1302C14BF0A2308234FF0FF3897
:109AE0000026B8FBF3F803FB08F96FEA09093046D2
:109AF000A4F1300CBCF1090F10D86446A3421EDD5E
:109B0000B6F1FF3F07D0804516D301D1A14513DB45
:109B100000FB0340012615F8014BE9E7A4F1410CD5
:109B2000BCF1190F01D8373CE8E7A4F1610CBCF196
:109B3000190F04D8573CE1E74FF0FF36EBE7731CF1
:109B400006D12223CEF80030304632B9BDE8F0838A
:109B500007B14042002AF9D006B1691E1160F5E74D
:109B600059CC0208FFF790BF13460A460146024847
:109B70000068FFF789BF00BF300400200346084695
:109B800041B1FF2A04D98A221A604FF0FF30704792
:109B90000A70012070472DE9F0478E681F46BE42CB
:109BA0000B6882460C4690462DD8B1F90C2012F471
:109BB000906F26D06569096905EB4505A3EB01099E
:109BC00005EBD5757B1C4B446D109D4238BF1D467F
:109BD000530527D52946FFF70FFA064660B32169DA
:109BE0004A46FEF7D2FDA38923F4906343F0800335
:109BF000A381266165614E44A5EB09052660A56039
:109C00003E46BE4200D93E4620683246414600F0FC
:109C10008FFBA3689B1BA360236833442360002051
:109C2000BDE8F0872A4600F0D9FB06460028E0D1BF
:109C300021695046FEF7E6FD0C23CAF80030A389DF
:109C400043F04003A3814FF0FF30E9E72DE9F04FE7
:109C500098468B891B069DB007460D46144610D5C5
:109C60000B6973B94021FFF7C7F92860286130B943
:109C70000C233B604FF0FF301DB0BDE8F08F402358
:109C80006B610023099320238DF82930CDF80C80D7
:109C90003023DFF89C818DF82A304FF001092346EC
:109CA0009A4613F8012B0AB1252AF9D1BAEB040B15
:109CB0000BD05B46224629463846FFF76CFF013041
:109CC00000F0A780099A5A4409929AF80030002BB4
:109CD00000F09F8000234FF0FF32CDE905230AF109
:109CE000010A049307938DF853301A9354460522C2
:109CF00014F8011B4E48D6F783FA049AD8B9D00657
:109D000044BF20238DF85330110744BF2B238DF817
:109D100053309AF800302A2B15D0079A5446002069
:109D20004FF00A0C214611F8013B303B092B4BD96F
:109D3000B0B1079214E0A0EB080309FA03F3134350
:109D40000493A246D2E7039B191D1B680391002BC5
:109D5000BBBF5B4242F0020207930793B8BF049275
:109D600023782E2B0AD163782A2B32D1039B1A1D1C
:109D70001B68039243EAE37302340593DFF8C0A043
:109D8000217803225046D6F73BFA38B1049BA0EB6A
:109D90000A004022824013430134049314F8011B4B
:109DA00024488DF828100622D6F72AFA002836D043
:109DB000214B1BBB039B073323F00703083303939B
:109DC000099B334409936AE70CFB02320C460120DD
:109DD000A8E700230134059319464FF00A0C2046EA
:109DE00010F8012B303A092A03D9002BC6D005916F
:109DF000C4E70CFB012104460123F0E703AB009309
:109E00002A460E4B04A93846AFF30080421C064692
:109E1000D6D1AB895B063FF52DAF09982CE703AB94
:109E200000932A46054B04A9384600F079F8EDE77F
:109E300081C502088BC5020800000000979B02083C
:109E400087C502082DE9F047164698468A680B69CF
:109E5000DDF820909342B8BF1346336091F8432059
:109E600007460C460AB1013333602368990642BFA6
:109E7000336802333360256815F0060506D104F116
:109E8000190AE36832689B1AAB4226DC94F8433027
:109E90002268003B18BF012392062BD404F1430231
:109EA00041463846C84701301ED02368226903F076
:109EB0000603042B02BFE5683368ED1AA3680CBFE4
:109EC00025EAE57500259342C4BF9B1AED180026CC
:109ED0001A34B5421AD1002008E001235246414607
:109EE0003846C847013003D14FF0FF30BDE8F08756
:109EF0000135C6E7E1185A1C302081F8430022449E
:109F000094F8451082F843100233C7E70123224634
:109F100041463846C8470130E6D00136D9E700004F
:109F20002DE9FF470F7E0C9E782F914680460C4608
:109F30009A4601F1430207D8622F0AD8002F00F099
:109F4000D180582F00F0B88004F1420684F84270A6
:109F50003AE0A7F16303152BF6D801A151F823F0DD
:109F6000B99F0208CD9F0208499F0208499F020835
:109F7000499F0208499F0208CD9F0208499F020895
:109F8000499F0208499F0208499F0208CBA0020886
:109F9000F79F020885A00208499F0208499F02080E
:109FA000EDA00208499F0208F79F0208499F020896
:109FB000499F02088DA0020833681A1D1B68326091
:109FC00004F1420684F8423001239CE033682068A3
:109FD000191D3160060601D51D6803E04506FBD555
:109FE000B3F90050002D03DA2D236D4284F843307D
:109FF00058480A2311E021683368080653F8045BC7
:10A0000002D4490648BFADB26F2F5248336014BF27
:10A010000A230823002184F843106668A660002EF6
:10A0200005DB21682E4321F0040121604BD0164648
:10A03000B5FBF3F103FB1157C75D06F8017D2F4611
:10A04000BB420D46F4D9082B0BD12368DF0708D596
:10A05000236961689942DEBF302306F8013C06F1AE
:10A06000FF36921B2261CDF800A04B4603AA214681
:10A070004046FFF7E7FE01304AD14FF0FF3004B011
:10A08000BDE8F087236843F0200323603248782737
:10A0900084F84570236831681F0651F8045B02D4C8
:10A0A0005F0648BFADB23160D90744BF43F020031B
:10A0B00023601DB11023ADE72648E9E7236823F0AC
:10A0C00020032360F6E71646BDE73368256861691B
:10A0D000181D30602E061B6801D5196002E0680665
:10A0E000FBD51980002323611646BCE733681A1D8F
:10A0F00032601E68626800213046D6F781F808B1E8
:10A10000801B606063682361002384F84330AAE702
:10A110002369324649464046D0470130ADD02368D6
:10A120009B0713D4E068039B9842B8BF1846A6E784
:10A130000123324649464046D04701309DD0013583
:10A14000E36803995B1AAB42F2DCEBE7002504F10C
:10A150001906F5E792C50208A3C50208B1F90C205B
:10A160002DE9F041160705460C4654D44B68002BE8
:10A1700002DC0B6C002B48DDE66A002E45D0002384
:10A1800012F480522F68216A2B6030D0626DA3894F
:10A19000590705D56368D21A636B0BB1236CD21AC9
:10A1A0000023E66A216A2846B047431CA38906D1EA
:10A1B00029681D292BD82A4ACA40D60727D500224C
:10A1C0006260D9042269226004D5421C01D12B6847
:10A1D00003B96065616B2F60B9B104F14403994222
:10A1E00002D02846FEF70EFB002363630DE0012337
:10A1F0002846B0470246501CC9D12B68002BC6D058
:10A200001D2B01D0162B1ED12F60002022E043F021
:10A2100040031BB21BE00F69002FF6D093070E68B6
:10A2200008BF4B690F6018BF0023A6EB07088B60BF
:10A23000B8F1000FE9DD216AA66A43463A4628468E
:10A24000B047002808DCB4F90C3043F04003A38188
:10A250004FF0FF30BDE8F0810744A8EB0008E7E7C6
:10A260000100402038B50B6905460C4613B900259E
:10A27000284638BD18B1036A0BB9FDF707FBB4F9DE
:10A280000C30002BF3D0626ED00704D4990502D4B1
:10A29000A06DFEF76FFA28462146FFF75FFF636E59
:10A2A000DA070546E4D4A3899B05E1D4A06DFEF747
:10A2B00063FADDE70EB403B5014603AB054853F876
:10A2C000042B0068019300F0B1FA02B05DF804EBD2
:10A2D00003B07047300400200EB470B59DB021ACBF
:10A2E00000254FF4017254F8046BADF814201B954F
:10A2F00002900690D5F776FF0B4B039007900B4822
:10A300000B934FF6FF73ADF816303246234602A981
:10A3100000680F951495019400F0E8F81DB0BDE8B1
:10A32000704003B0704700BF5F790208300400201E
:10A33000884210B501EB020402D98442234607D8B3
:10A34000431EA14208D011F8012B03F8012FF8E7B2
:10A35000024401468A4200D110BD13F8014D02F8B3
:10A36000014DF7E7004870478004002038B5064DDE
:10A370000023044608462B60D8F71AFD431C02D17F
:10A380002B6803B1236038BD8066012008B5062024
:10A3900000F0E2FD0120D8F793FC70B5A1FB025458
:10A3A00034B92946FEF728FE064628B9304670BD66
:10A3B0000C2202600026F9E72A462146FDF703FB3E
:10A3C000F4E700000148FEF7D5B900BF856601201B
:10A3D0000148FEF7D1B900BF856601202DE9F041A3
:10A3E000074614460D4621B9BDE8F0411146FEF777
:10A3F00003BE2AB9FEF706FA25462846BDE8F081D5
:10A4000000F0C6FD8442064602D8B4EB500FF4D8E3
:10A4100021463846FEF7F0FD804608B94546ECE790
:10A42000B4422246294628BF3246FEF7AEF92946F5
:10A430003846FEF7E7F9F1E738B54B1C144603D16F
:10A440004FF0FF35284638BD938923F020039381D0
:10A45000636B5268CDB28BB1A36B934208DD236866
:10A460005A1E226003F8015C636801336360E9E708
:10A47000214600F07AFC0028F1D0E1E72169236849
:10A4800051B1994208D213F8011CA94204D1013BF1
:10A49000013223606260D5E7C4E90F3204F144035E
:10A4A00063630323A363234603F8465F236001230A
:10A4B000DCE710B50C46496B69B104F144039942DD
:10A4C00001D0FEF79FF9236C63600020606313B135
:10A4D000E36B236010BD2369236000236360A389BD
:10A4E00043F02003A3814FF0FF30F3E72DE9F04F55
:10A4F0000C46ADF5237D0021CDE94411A649A0917C
:10A500000DF10408A549A64FCDF818810646A19182
:10A51000009392F80090B9F1000F00F0588117F8FD
:10A52000093013F0080302F1010519D06368002B0C
:10A530000FDD23681A78BA5C120701D42A46E8E7CF
:10A54000459A0132459262680133013A62602360A4
:10A55000ECE7A19B2146304698470028E9D0EDE77B
:10A56000B9F1250F40F085804193439353782A2B0E
:10A5700002BF1023951C41930A22AA461AF8011B18
:10A58000A1F13003092B1ED9DFF818B20322584677
:10A59000D5F736FE38B1419AA0EB0B00012383407A
:10A5A00013434193554615F8013B782B06D8572B9A
:10A5B00010D8252B5DD057D8002B75D00323479397
:10A5C0000A23429388E0439B02FB031130394391F5
:10A5D0005546D2E7A3F15802202AEFD801A151F83D
:10A5E00022F000BFB7A60208BDA50208BDA502085B
:10A5F00011A70208BDA50208BDA50208BDA5020855
:10A60000BDA50208BDA50208BDA50208BDA502089A
:10A6100027A702080DA702086FA602086FA6020866
:10A620006FA60208BDA50208C9A60208BDA50208BA
:10A63000BDA50208BDA50208BDA5020837A70208EE
:10A64000D1A60208AFA60208BDA50208BDA5020852
:10A6500033A70208BDA502080DA70208BDA5020880
:10A66000BDA50208B7A60208453B022BA6D80523C4
:10A6700031E06368002B0DDD23681A784A4540F00D
:10A68000A680013362682360459B013A0133626012
:10A69000459353E7A19B2146304698470028EBD0CD
:10A6A0004498002840F08B804FF0FF308BE0419AB7
:10A6B00042F020024192419A42F4007241921022EB
:10A6C0006E2B429202D905E000234293032302E05D
:10A6D00008234293042347936368002B39DD419B91
:10A6E000590604D423681A78BA5C120738D4479BF9
:10A6F000022B47DC6B46224641A9304600F0AEF9FA
:10A70000012864D002287FF419AFC9E70A22D7E7ED
:10A710002946404600F0F0FA419B43F04003419344
:10A7200005460123D7E7419B43F0400341930023B3
:10A73000D1E70223CFE74198C3063FF5FFAE009B68
:10A74000459A191D00911B68C0074CBF1A801A60FA
:10A75000F4E6A19B2146304698470028BFD09FE7EA
:10A76000459A013245926268013A002A626002DD30
:10A7700001332360B6E7A19B214630469847002865
:10A78000B0D08DE7042B0FDC6B46224641A9304642
:10A7900000F0BEF9B4E700BF39A40208B3A4020870
:10A7A00059CC020887C502080A4B002B3FF4C6AEFD
:10A7B0006B46224641A93046AFF30080A0E7A3894B
:10A7C0005B063FF571AF0DF5237DBDE8F08F449832
:10A7D000F9E700BF000000009368013B002B10B4B4
:10A7E000936008DA9469A34201DB0A2903D15DF87A
:10A7F000044B00F0F4BA1368581C10601970084636
:10A800005DF8044B7047F8B506460F461446D51858
:10A81000AC4201D1002007E014F8011B3A46304653
:10A82000FFF7DAFF431CF3D1F8BD00002DE9F04F2C
:10A830000D469DB014469846064618B1036A0BB9FA
:10A84000FDF724F86B6ED90705D4AB899A0502D4BD
:10A85000A86DFDF78FFFAB891B0701D52B699BB94D
:10A860002946304600F0FAFA70B16B6EDC0704D569
:10A870004FF0FF301DB0BDE8F08FAB899805F7D4DD
:10A88000A86DFDF779FFF3E70023099320238DF8E6
:10A890002930CDF80C803023DFF8AC818DF82A30D8
:10A8A0004FF0010923469A4613F8012B0AB1252AD5
:10A8B000F9D1BAEB040B0BD05B4622462946304651
:10A8C000FFF7A1FF013000F0A780099A5A440992CE
:10A8D0009AF80030002B00F09F8000234FF0FF32E9
:10A8E000CDE905230AF1010A049307938DF853304B
:10A8F0001A935446052214F8011B5348D5F780FCDF
:10A90000049AD8B9D10644BF20238DF853301307D9
:10A9100044BF2B238DF853309AF800302A2B15D0E2
:10A92000079A544600204FF00A0C214611F8013BCB
:10A93000303B092B4BD9B0B1079214E0A0EB0803D0
:10A9400009FA03F313430493A246D2E7039B191DAC
:10A950001B680391002BBBBF5B4242F002020793CE
:10A960000793B8BF049223782E2B0AD163782A2B41
:10A9700032D1039B1A1D1B68039243EAE37302342E
:10A980000593DFF8D4A0217803225046D5F738FC90
:10A9900038B1049BA0EB0A004022824013430134EB
:10A9A000049314F8011B29488DF828100622D5F7C6
:10A9B00027FC00283FD0264B1BBB039B073323F00B
:10A9C000070308330393099B3B4409936AE70CFB95
:10A9D00002320C460120A8E70023013405931946F2
:10A9E0004FF00A0C204610F8012B303A092A03D9FF
:10A9F000002BC6D00591C4E70CFB012104460123BE
:10AA0000F0E703AB00932A46124B04A93046AFF39C
:10AA100000800746781CD6D16B6ED90705D4AB8968
:10AA20009A0502D4A86DFDF7A7FEAB895B063FF53A
:10AA30001FAF09981EE703AB00932A46054B04A9F4
:10AA40003046FFF76DFAE4E781C502088BC50208BE
:10AA50000000000007A8020887C502082DE9F84396
:10AA600015468A6880460C4632B98A69002A14BFA6
:10AA70004FF0FF3201228A602268DFF89090D10601
:10AA80005FBF1A68111D196016680027A06988B198
:10AA9000012807D12B681A7863699B5C53B9002F92
:10AAA00031D022E0022820D12B681B7819F803301E
:10AAB0001B071AD42368DA065EBF2B681B7806F8DA
:10AAC000013B2A686B6801322A60A268013B013AA7
:10AAD0006B600137A26042B1002BD7DCD4F8803123
:10AAE0002946404698470028D0D0236813F0100329
:10AAF00005D1E2680132E260A26902B133702369D4
:10AB00003B4423610020BDE8F88300BF59CC020814
:10AB10002DE9F04F9846744B0C468246164693E852
:10AB2000070087B003AB83E80700704BA169704A48
:10AB3000032908BF1A46A36801925A1EB2F5AE7FD8
:10AB400088BF6FF4AE75274682BF03EB050940F25C
:10AB50005D13A36057F81C3B43F4506398BF4FF05C
:10AB6000000923603D464FF0000B316803AB0978C4
:10AB700053F82B000222D5F743FB28B3BBF1010F9A
:10AB800059D162682AB92268082142F400726160D2
:10AB90002260226822F4A0622260A268511EA16095
:10ABA00092B13268511C3160127805F8012B72683D
:10ABB000013A002A726007DCD4F880213146504601
:10ABC0009047002840F085800BF1010BBBF1030F8B
:10ABD000CBD163680BB90A23636063684549606938
:10ABE000C91A00F089F84FF0000BA3682268002B07
:10ABF0003DD03168606991F800C010F80C00002861
:10AC000035D0BCF1300F24D1100522D50BF1010B4A
:10AC1000B9F1000F03D0013309F1FF39A360736864
:10AC2000013B002B73601BDD336801333360A36885
:10AC3000013BA360D9E7BBF1020FAED1226802F459
:10AC4000C061B1F5007FC4D11021616042F480720F
:10AC5000A2E722F4106222600B7805F8013BDEE7E0
:10AC6000D4F880313146504698470028DFD0236819
:10AC7000D9050DD5BD4209D915F8011CD4F87C3190
:10AC800032465046984705F1FF394D46BD4228D01F
:10AC9000226812F0100213D12A706368019E3946AF
:10ACA0005046B047D8F8003021681A1DC8F8002077
:10ACB00011F0200F1B680FD01860E3680133E360C8
:10ACC0002369ED1B5D442B442361002007B0BDE8E0
:10ACD000F08F4FF0000BCAE7CA074CBF188018600E
:10ACE000EBE70120F2E700BFCCB102085D77020874
:10ACF000659B0208C4C5020870B50B7804465E2B3C
:10AD00000BBF4B784A1C8A1C002108BF0121013867
:10AD100004F1FF0500F8011FA842FBD10BB9501E3A
:10AD200070BD81F00101E1541046024612F8015B4A
:10AD30002D2D05D05D2D16D0002DF1D02B46F2E73C
:10AD400046785D2EFAD0B342F8DC02301A46013262
:10AD50009642A154FBDCF21A013A5D1CB342A8BF33
:10AD60000022AB18E1E71046DAE72DE9F0410C4686
:10AD7000496B04F1440399421DD14FF48061FEF701
:10AD80003BF918B94FF0FF30BDE8F0814FF4806314
:10AD9000A36394F84630606380F8FF3394F845303D
:10ADA00080F8FE3394F8443080F8FD3300F2FD3033
:10ADB00020600020E8E7A66B77003A46FFF70EFB1D
:10ADC00005460028DED000EB060801463246404624
:10ADD000FDF7DBFCC4E90D57C4F80080E9E7F8B5DE
:10ADE0000E461446054618B1036A0BB9FCF74EFD32
:10ADF000A369A360A3891A0701D5236943B9214632
:10AE0000284600F02BF818B14FF0FF373846F8BD50
:10AE100023682269981A6369F6B28342374605DCD3
:10AE200021462846FFF71EFA0028EDD1A368013B12
:10AE3000A36023685A1C22601E706269431C9A42F8
:10AE400004D0A389DB07E1D50A2EDFD121462846AD
:10AE5000FFF708FA0028D9D0D6E7000038B5294B0B
:10AE6000054618680C4618B1036A0BB9FCF70EFDCD
:10AE7000B4F90C30190722D4DA0607D409222A6063
:10AE800043F04003A3814FF0FF3033E0580712D561
:10AE9000616B41B104F14403994202D02846FDF7A9
:10AEA000B1FC00236363A38923F02403A38100235F
:10AEB000636023692360A38943F00803A3812369A6
:10AEC0004BB9A38903F42073B3F5007F03D0214667
:10AED000284600F08BF8B4F90C3013F001020AD0C8
:10AEE0000022A26062695242A261226942B913F053
:10AEF0008000C5D138BD990758BF6269A260F4E7E8
:10AF00000020F7E7300400201F2938B505460C461D
:10AF100004D9162303604FF0FF3038BDC26B12B165
:10AF200052F821304BB9284600F030F8224601464D
:10AF30002846BDE8384000F017B8012B0AD0591C4C
:10AF400003D1162303600120E7E7002142F8241013
:10AF5000204698470020E0E7024B01461868FFF7BB
:10AF6000D3BF00BF3004002038B5074D002304468E
:10AF7000084611462B60D7F793FE431C02D12B687D
:10AF800003B1236038BD00BF80660120D7F780BEC3
:10AF900051F8043C181F002BBCBF0B58C018704759
:10AFA00070B50C46B1F90E10002996B015461E4634
:10AFB0000DDAA38913F0800F4FF0000114BF402376
:10AFC0004FF48063002031602B6016B070BD6A467C
:10AFD00000F048F80028ECDB019901F47041A1F57C
:10AFE0000053594259414FF48063EBE78B89F7B521
:10AFF0009D0706460C4607D504F1470323602361ED
:10B000000123636103B0F0BD01AB6A46FFF7C8FFDF
:10B01000009F054639463046FDF7EEFF48B9B4F9C2
:10B020000C309A05EED423F0030343F00203A3810E
:10B03000E2E7A389206043F08003A381019BC4E978
:10B0400004075BB1B4F90E10304600F01DF828B1CA
:10B05000A38923F0030343F00103A381A3891D43C4
:10B06000A581CFE738B5074D0023044608461146B1
:10B070002B60D7F775FE431C02D12B6803B1236008
:10B0800038BD00BF8066012038B5064D0023044658
:10B0900008462B60D7F774FE431C02D12B6803B11E
:10B0A000236038BD80660120F8B500BFF8BC08BC3D
:10B0B0009E467047F8B500BFF8BC08BC9E46704776
:10B0C00054524941440000004B616C6D616E5175F2
:10B0D00065737400446961676E6F73697300000083
:10B0E000556E5061636B0000436F6E74726F6C003D
:10B0F0004D61737465725478000000004D656D6F8A
:10B1000072790000536176654D656D0053656E641C
:10B110004D656D0053756E004750530041444353D5
:10B1200000000000446961676E6F7369735F4D656D
:10B130006D6F72790000000024474E524D430000AD
:10B14000244750524D43000024474E4747410000DA
:10B150002447504747410000000000002E00000037
:10B16000252E2A7325642E62696E000049444C45E1
:10B1700000000000546D722053766300546D7251CC
:10B1800000000000222A3A3C3E3F7C7F0000000085
:10B190002B2C3B3D5B5D0000EBFE904D53444F5329
:10B1A000352E30004E4F204E414D45202020204668
:10B1B00041543332202020004E4F204E414D452037
:10B1C000202020464154202020202000C6C502080F
:10B1D000C9C50208CCC5020800000000000000003C
:10B1E000010203040607080900000000010203042D
:10B1F00000002110422063308440A550C660E770F3
:10B20000088129914AA16BB18CC1ADD1CEE1EFF19A
:10B210003112100273325222B5529442F772D66242
:10B22000399318837BB35AA3BDD39CC3FFF3DEE3EA
:10B230006224433420040114E664C774A444855492
:10B240006AA54BB528850995EEE5CFF5ACC58DD53A
:10B250005336722611163006D776F6669556B446E2
:10B260005BB77AA719973887DFF7FEE79DD7BCC78A
:10B27000C448E5588668A778400861180228233832
:10B28000CCC9EDD98EE9AFF9488969990AA92BB9DA
:10B29000F55AD44AB77A966A711A500A333A122A82
:10B2A000FDDBDCCBBFFB9EEB799B588B3BBB1AAB2A
:10B2B000A66C877CE44CC55C222C033C600C411CD2
:10B2C000AEED8FFDECCDCDDD2AAD0BBD688D499D7A
:10B2D000977EB66ED55EF44E133E322E511E700E22
:10B2E0009FFFBEEFDDDFFCCF1BBF3AAF599F788FCA
:10B2F0008891A981CAB1EBA10CD12DC14EF16FE1AA
:10B300008010A100C230E3200450254046706760E1
:10B31000B9839893FBA3DAB33DC31CD37FE35EF3F9
:10B32000B1029012F322D232354214527762567231
:10B33000EAB5CBA5A89589856EF54FE52CD50DC549
:10B34000E234C324A0148104667447642454054481
:10B35000DBA7FAB79987B8975FE77EF71DC73CD799
:10B36000D326F2369106B0165766767615463456D1
:10B370004CD96DC90EF92FE9C899E9898AB9ABA9E9
:10B380004458654806782768C018E1088238A32821
:10B390007DCB5CDB3FEB1EFBF98BD89BBBAB9ABB39
:10B3A000754A545A376A167AF10AD01AB32A923A71
:10B3B0002EFD0FED6CDD4DCDAABD8BADE89DC98D89
:10B3C000267C076C645C454CA23C832CE01CC10CC1
:10B3D0001FEF3EFF5DCF7CDF9BAFBABFD98FF89FD9
:10B3E000176E367E554E745E932EB23ED10EF01E11
:10B3F0000020FD44000000009A4FE5C69AC91FC511
:10B400000020AA4400C05F44333369C3CDCC8042DE
:10B4100000009F429A99B941333393406666A6BFB4
:10B420009A993940000000C09A59B0C430FAD44407
:10B43000105E75C4F8D27C43C87FBE42BFC15E4176
:10B440007CD368C16666E63F2BD5943FFCEB5CBFBE
:10B450008B113DBE2483B9BC530EEE43EA922043C8
:10B460002DDA84409A261241B4CF294039BE67BEF6
:10B47000CB7CB2BEE644433DD1102A3B4819DDBC2B
:10B480005863333B2A41BF414D30B3C081D4B0BF74
:10B490009B532ABF20D95C3E6DB2A03BD1CEB5B93B
:10B4A0005CC3263BF645173B015A6A3AAD87AE3D71
:10B4B00000AFAABEDDE22FBD62EF0D3CC917E1BBB4
:10B4C0001AA900BAD4C306B9E3F25CB80141A9B81D
:10B4D000D2367E3C91935A3B8B8D6F39207B423A1A
:10B4E000FF28A1B95F5F08B708B25EB5105A56369B
:10B4F000368680BB909750B90515D5385DF3F33685
:10B5000086F6B6B5024D04B58FC49834CFA28E38F6
:10B510006949AEB7E4587C36B3EA933424C114B217
:10B5200008C6BE327E639534251F2FB5DA3CC13282
:10B5300045B23B32AE30F4AF12D074B471153CB2A8
:10B54000A43AB0B08A2555AFB1FE72B193082EAEC1
:10B550006EE451AD2B2DF12EB22749AD5FE0B0ABBB
:10B5600000000000000000000000000000000000DB
:10B5700000000000000000000000000000000000CB
:10B5800000000000000000000000000000000000BB
:10B5900000000000330B8E45EA25E2C4D6DAB8C1BC
:10B5A000BE33B042418E3B41987C80C015DC13C154
:10B5B0007777973F169B6CC05CD3E33E000000009A
:10B5C0008DBA16BE924C6BC3F849F54161AF1FC1ED
:10B5D00020EA2B414664143FA39BBDBED08280BEAF
:10B5E0000C86463E00000000BE3C003D3C49D13B7D
:10B5F00086B0E7C1F9238740BFAF9CBF4CAE8F3EFA
:10B60000255A6EBB41FEE43C36C86B3CA21D483B4C
:10B61000F64517BA014B433A224D29C057BECE3DDD
:10B62000F39480BD2A35523C323C49BBF9D429BA47
:10B630004690323A984C93370146B6B80751A13D2F
:10B64000F0E51F3BE74431BAFE25123A4BE3FFB861
:10B65000124501B9452F8B3600000080C5EE993B9D
:10B660002ED7EBB9EF199F3686F6B6373EA22235B4
:10B67000024D84B48FC49834F7D238B79AC8D7B67D
:10B6800050D88CB461154FB5B521DFB36D9E98B11C
:10B6900073D6A1353CD380331FF9CBB3C10991B226
:10B6A000AE30743100C73D3442C77A313A887FB139
:10B6B0008A25552E3DBF0DB2A6C9C3AFC52E83AE98
:10B6C0003059D5AE5193772BFE24CA2A00000000D2
:10B6D000000040419A9939C16666A6BFCDCCCCBF67
:10B6E0009A99193FCDCC4CBE00000080CDCCCCBD8A
:10B6F00000000080CDCCCC3D000000000000000028
:10B7000033331B41652440C06A79DBBF544A42BFD2
:10B71000B413B93E9CC3B2BD73D09ABC8988083DAE
:10B72000FE3C74BC0000000000000080000000002F
:10B730003ACD13C03B84533D2EF9E4BE0000000017
:10B74000C262FE3C588A28BB000000007E49D03A05
:10B75000D110AA3A0000000000000080307B52BFE8
:10B76000C676E43D85D3C33BE51EE23B255AEE3A5F
:10B770006DB2A03A1C5B083A176905390000000059
:10B78000000000807EEF49BDBF3DA93BEBB377BA17
:10B7900085F865B811C604B83B0777B8000000808B
:10B7A0000000000000000080FF262F3AE9D38C380B
:10B7B000595099B8E3F25C37000000005F5F88B62B
:10B7C00008B25EB500000080BDEB7338E08970B749
:10B7D0007FD4B5355DF37335000000000000000034
:10B7E000BFB04B33C29280360000008015CB3BB314
:10B7F00026C79DB2000000800000008037CA843355
:10B800003CD3003250C42BB1A68188B000000000A8
:10B810003DEAF2B000000080B6FB0CAF0000000073
:10B82000000000809308AEAD6EE4D1AC916A94AC98
:10B8300000000080FE244AAA000000000000000072
:10B8400000000000000000000000000000000000F8
:10B8500000000000000000000000000000000000E8
:10B860000000000000000000000000000000ACC16B
:10B87000B3E17FC1EC05D13F7719B2BEA53204BE5A
:10B88000B512863DAC38E83D898808BDBF2D37BD6F
:10B89000000000000000008000000080CE8C5FC02F
:10B8A0002DA31EBD13779C3ECCD9DB3DE51E62BDAA
:10B8B000EEAC523C4530233C1F379C3B00000080DF
:10B8C000D2808D3A000000006E465DBE048D023DC0
:10B8D000048D823B43BF16BB84AE3EBBBD8E80BA97
:10B8E0001C5B08BA176985B900000080013C9CB850
:10B8F0009FDCFDBCFDC6823BEBB3773A0000000045
:10B9000011C604393B077738BA9F5737984C13371D
:10B910000150D0360DE2B83A904C24396FA4BFB82C
:10B92000BE1FB8B72E789D367FD4B5B50000008015
:10B9300000000080BDEB7338686734375F5F88B6FE
:10B940003EA2A2B43EA2223400000080000000808B
:10B95000C29280B5532FC73415CBBBB30000000093
:10B9600024C114320000008037CA84333CD3003332
:10B9700050C42BB100000080000000003DEAF2300E
:10B9800002EA5E300000000000000080000000803D
:10B990000000000000000080000000000000000027
:10B9A000FE244AAA46696C65412E62696E00000059
:10B9B00000000046696C65422E62696E000000005E
:10B9C000000046696C65432E62696E00000000004D
:10B9D0000046696C65442E62696E0000000000003C
:10B9E00046696C65452E62696E00000000000046E5
:10B9F000696C65462E62696E0000000000004669B1
:10BA00006C65472E62696E00000000000046696C9C
:10BA100065482E62696E00000000000046696C6592
:10BA2000492E62696E00000000000046696C654A9C
:10BA30002E62696E00000000000046696C654B2EA6
:10BA400062696E00000000000046696C654C2E6261
:10BA5000696E00000000000046696C654D2E626949
:10BA60006E00000000000046696C654E2E62696E33
:10BA700000000000000046696C654F2E62696E0090
:10BA8000000000000046696C65502E62696E00007F
:10BA90000000000046696C65512E62696E0000006E
:10BAA00000000046696C65522E62696E000000005D
:10BAB000000046696C65532E62696E00000000004C
:10BAC0000046696C65542E62696E0000000000003B
:10BAD00046696C65552E62696E00000000000046E4
:10BAE000696C65562E62696E0000000000004669B0
:10BAF0006C65572E62696E00000000000046696C9C
:10BB000065582E62696E00000000000046696C6591
:10BB1000592E62696E00000000000046696C655A8B
:10BB20002E62696E00000000000046696C654141AC
:10BB30002E62696E000000000046696C6541422E6D
:10BB400062696E000000000046696C6541432E6228
:10BB5000696E000000000046696C6541442E626910
:10BB60006E000000000046696C6541452E62696EFA
:10BB7000000000000046696C6541462E62696E0057
:10BB80000000000046696C6541472E62696E000046
:10BB900000000046696C6541482E62696E00000035
:10BBA000000046696C6541492E62696E0000000024
:10BBB0000046696C65414A2E62696E000000000013
:10BBC00046696C65414B2E62696E000000000046BC
:10BBD000696C65414C2E62696E0000000000466988
:10BBE0006C65414D2E62696E000000000046696C74
:10BBF00065414E2E62696E000000000046696C656A
:10BC0000414F2E62696E000000000046696C65417C
:10BC1000502E62696E000000000046696C6541515B
:10BC20002E62696E000000000046696C6541522E6C
:10BC300062696E000000000046696C6541532E6227
:10BC4000696E000000000046696C6541542E62690F
:10BC50006E000000000046696C6541552E62696EF9
:10BC6000000000000046696C6541562E62696E0056
:10BC70000000000046696C6541572E62696E000045
:10BC800000000046696C6541582E62696E00000034
:10BC9000000046696C6541592E62696E0000000023
:10BCA0000046696C65415A2E62696E000000000012
:10BCB00046696C6542412E62696E000000000046D4
:10BCC000696C6542422E62696E00000000004669A0
:10BCD0006C6542432E62696E000000000046696C8C
:10BCE0006542442E62696E000000000046696C6582
:10BCF00042452E62696E000000000046696C654294
:10BD0000462E62696E000000000046696C6542477D
:10BD10002E62696E000000000046696C6542482E84
:10BD200062696E000000000046696C6542492E623F
:10BD3000696E000000000046696C65424A2E626927
:10BD40006E000000000046696C65424B2E62696E11
:10BD5000000000000046696C65424C2E62696E006E
:10BD60000000000046696C65424D2E62696E00005D
:10BD700000000046696C65424E2E62696E0000004C
:10BD8000000046696C65424F2E62696E000000003B
:10BD90000046696C6542502E62696E00000000002A
:10BDA00046696C6542512E62696E000000000046D3
:10BDB000696C6542522E62696E000000000046699F
:10BDC0006C6542532E62696E000000000046696C8B
:10BDD0006542542E62696E000000000046696C6581
:10BDE00042552E62696E000000000046696C654293
:10BDF000562E62696E000000000046696C6542576D
:10BE00002E62696E000000000046696C6542582E83
:10BE100062696E000000000046696C6542592E623E
:10BE2000696E000000000046696C65425A2E626926
:10BE30006E000000000046696C6543412E62696E29
:10BE4000000000000046696C6543422E62696E0086
:10BE50000000000046696C6543432E62696E000075
:10BE600000000046696C6543442E62696E00000064
:10BE7000000046696C6543452E62696E0000000053
:10BE80000046696C6543462E62696E000000000042
:10BE900046696C6543472E62696E000000000046EB
:10BEA000696C6543482E62696E00000000004669B7
:10BEB0006C6543492E62696E000000000046696CA3
:10BEC00065434A2E62696E000000000046696C6599
:10BED000434B2E62696E000000000046696C6543AA
:10BEE0004C2E62696E000000000046696C65434D8F
:10BEF0002E62696E000000000046696C65434E2E9C
:10BF000062696E000000000046696C65434F2E6256
:10BF1000696E000000000046696C6543502E62693E
:10BF20006E000000000046696C6543512E62696E28
:10BF3000000000000046696C6543522E62696E0085
:10BF40000000000046696C6543532E62696E000074
:10BF500000000046696C6543542E62696E00000063
:10BF6000000046696C6543552E62696E0000000052
:10BF70000046696C6543562E62696E000000000041
:10BF80000006101600061016DDB5010819B60108E6
:10BF900035B6010877B60108B9B6010806000000F9
:10BFA0004355454141414143454545494949414141
:10BFB0004592924F4F4F5555594F554F9C4F9E9F0D
:10BFC00041494F55A5A5A6A7A8A9AAABACADAEAF50
:10BFD000B0B1B2B3B4414141B8B9BABBBCBDBEBF48
:10BFE000C0C1C2C3C4C54141C8C9CACBCCCDCECFE4
:10BFF000D1D145454549494949D9DADBDCDD49DF3D
:10C000004FE14F4F4F4FE6E8E85555555959EEEF80
:10C01000F0F1F2F3F4F5F6F7F8F9FAFBFCFDFEFFA8
:10C0200001030507090E10121416181C1E0000004B
:10C0300001000200040008001000200000000000C1
:10C040000100040010004000000100020000000098
:10C05000C700FC00E900E200E400E000E500E700C2
:10C06000EA00EB00E800EF00EE00EC00C400C500C1
:10C07000C900E600C600F400F600F200FB00F9007B
:10C08000FF00D600DC00F800A300D800D700920122
:10C09000E100ED00F300FA00F100D100AA00BA00BF
:10C0A000BF00AE00AC00BD00BC00A100AB00BB00F7
:10C0B00091259225932502252425C100C200C000A8
:10C0C000A9006325512557255D25A200A50010254F
:10C0D000142534252C251C2500253C25E300C30010
:10C0E0005A25542569256625602550256C25A40010
:10C0F000F000D000CA00CB00C8003101CD00CE0056
:10C10000CF0018250C2588258425A600CC00802585
:10C11000D300DF00D400D200F500D500B500FE004A
:10C12000DE00DA00DB00D900FD00DD00AF00B40066
:10C13000AD00B1001720BE00B600A700F700B800A0
:10C14000B000A800B700B900B300B200A025A0005D
:10C1500061001A03E0001703F8000703FF00010065
:10C1600078010001300132010601390110014A0154
:10C170002E017901060180014D00430281018201F7
:10C1800082018401840186018701870189018A0176
:10C190008B018B018D018E018F0190019101910125
:10C1A00093019401F60196019701980198013D02CF
:10C1B0009B019C019D0120029F01A001A001A20101
:10C1C000A201A401A401A601A701A701A901AA0136
:10C1D000AB01AC01AC01AE01AF01AF01B101B201E5
:10C1E000B301B301B501B501B701B801B801BA0196
:10C1F000BB01BC01BC01BE01F701C001C101C2010C
:10C20000C301C401C501C401C701C801C701CA01F6
:10C21000CB01CA01CD011001DD0101008E01DE015B
:10C220001201F3010300F101F401F401F801280106
:10C23000220212013A020900652C3B023B023D0238
:10C24000662C3F0240024102410246020A015302AB
:10C25000400081018601550289018A0158028F013F
:10C260005A0290015C025D025E025F02930161026C
:10C2700062029401640265026602670297019601F8
:10C280006A02622C6C026D026E029C0170027102E5
:10C290009D01730274029F0176027702780279028F
:10C2A0007A027B027C02642C7E027F02A60181025C
:10C2B0008202A9018402850286028702AE0144023D
:10C2C000B101B20145028D028E028F0290029102ED
:10C2D000B7017B030300FD03FE03FF03AC0304006F
:10C2E0008603880389038A03B1031103C203020092
:10C2F000A303A303C4030803CC0303008C038E032E
:10C300008F03D8031801F2030A00F903F303F403BF
:10C31000F503F603F703F703F903FA03FA0330040E
:10C32000200350041007600422018A043601C1046E
:10C330000E01CF040100C004D004440161052604AD
:10C34000000000007D1D0100632C001E9601A01E50
:10C350005A01001F0806101F0606201F0806301F7E
:10C360000806401F0606511F0700591F521F5B1F7A
:10C37000541F5D1F561F5F1F601F0806701F0E00B1
:10C38000BA1FBB1FC81FC91FCA1FCB1FDA1FDB1F65
:10C39000F81FF91FEA1FEB1FFA1FFB1F801F08067B
:10C3A000901F0806A01F0806B01F0400B81FB91F81
:10C3B000B21FBC1FCC1F0100C31FD01F0206E01F0D
:10C3C0000206E51F0100EC1FF21F0100FC1F4E21B9
:10C3D0000100322170211002842101008321D02428
:10C3E0001A05302C2F04602C0201672C0601752CD5
:10C3F0000201802C6401002D260841FF1A03000071
:10C400002E006E6600696E69747900616E00545A80
:10C4100000474D54002531315B2D2B302D39412DF6
:10C420005A612D7A5D256E002531315B412D5A61AF
:10C430002D7A5D256E004D256875256E2E25687553
:10C44000256E2E256875256E002F256875256E3A98
:10C45000256875256E3A256875256E004300504F96
:10C46000534958002C2066756E6374696F6E3A20CC
:10C4700000617373657274696F6E202225732220C8
:10C480006661696C65643A2066696C652022257373
:10C49000222C206C696E65202564257325730A00A3
:10C4A00042616C6C6F63207375636365656465647A
:10C4B000002F6275696C642F676E752D746F6F6CD9
:10C4C000732D666F722D73746D33325F31332E337B
:10C4D0002E72656C312E32303234303932362D3195
:10C4E0003731352F7372632F6E65776C69622F6EEB
:10C4F00065776C69622F6C6962632F7374646C6911
:10C50000622F6764746F612D6765746865782E6348
:10C51000005245454E54206D616C6C6F63207375FD
:10C5200063636565646564002F6275696C642F6779
:10C530006E752D746F6F6C732D666F722D73746DC5
:10C5400033325F31332E332E72656C312E323032FE
:10C5500034303932362D313731352F7372632F6EC7
:10C5600065776C69622F6E65776C69622F6C6962A2
:10C57000632F7374646C69622F6D707265632E63D0
:10C5800000232D302B2000686C4C00656667454603
:10C59000470030313233343536373839414243443D
:10C5A00045460030313233343536373839616263CD
:10C5B00064656600412D46612D663839303132336D
:10C5C000343536375D002B2D0030300078580000B0
:10C5D00059F3F8C21F6EA501000000000000F03FF3
:10C5E00000000000000000000000000000000080CB
:10C5F000000000000000000006D0CF43EBFD4C3EE1
:10C6000000000000000000000000004003B8E23F0E
:10C61000000000000000F03F000000000000F83FB4
:10C62000FB21F93FFB2109407CD91240FB21194035
:10C630007A6A1F407CD92240BBFD2540FB2129405E
:10C640003A462C407A6A2F405C4731407CD93240D0
:10C650009C6B3440BBFD3540DB8F3740FB213940BC
:10C660001BB43A403A463C405AD83D407A6A3F4073
:10C670004C7E40405C4741406C1042407CD9424077
:10C680008CA243409C6B4440AC344540BBFD4540CC
:10C69000CBC64640DB8F4740EB584840FB21494022
:10C6A00083F9A200444E6E00FC291500D1572700E3
:10C6B000DD34F50062DBC0003C99950041904300F9
:10C6C0006351FE00BBDEAB00B761C5003A6E2400CB
:10C6D000D24D42004906E00009EA2E001C92D1002A
:10C6E000EB1DFE0029B11C00E83EA700F5358200D5
:10C6F00044BB2E009CE98400B4267000417E5F009C
:10C70000D6913900538339009CF439008B5F840043
:10C7100028F9BD00F81F3B00DEFF97000F980500C9
:10C72000112FEF000A5A8B006D1F6D00CF7E36006F
:10C7300009CB2700464FB7009E663F002DEA5F00F9
:10C74000BA277500E5EBC7003D7BF100F73907001C
:10C7500092528A00FB6BEA001FB15F00085D8D00FA
:10C76000300356007BFC4600F0AB6B0020BCCF00D2
:10C7700036F49A00E3A91D005E619100081BE600F3
:10C7800085996500A0145F008D40680080D8FF0087
:10C7900027734D0006063100CA561500C9A873005C
:10C7A0007BE260006B8CC00000000080DB0F494022
:10C7B000DB0F49C0DB0F49BFE4CB1640E4CB16C00A
:10C7C0000000000000000080000FC93F000F49403A
:10C7D00000CB9640000FC9400053FB4000CB1641F0
:10C7E00000ED2F41000F49410031624100537B4170
:10C7F000003A8A4100CB9641005CA34100EDAF4175
:10C80000007EBC41000FC94100A0D5410031E2418A
:10C8100000C2EE410053FB4100F20342003A0A42DB
:10C820000083104200CB164200141D42005C2342DC
:10C8300000A5294200ED2F4200363642007E3C42E0
:10C8400000C74242000F4942A2000000F900000068
:10C85000830000006E0000004E0000004400000055
:10C860001500000029000000FC0000002700000067
:10C8700057000000D1000000F50000003400000067
:10C88000DD000000C0000000DB00000062000000CE
:10C8900095000000990000003C00000043000000EB
:10C8A0009000000041000000FE0000005100000068
:10C8B00063000000AB000000DE000000BB000000D1
:10C8C000C500000061000000B70000002400000067
:10C8D0006E0000003A000000420000004D00000021
:10C8E000D2000000E0000000060000004900000047
:10C8F0002E000000EA00000009000000D100000046
:10C90000920000001C000000FE0000001D0000005E
:10C91000EB0000001C000000B10000002900000036
:10C92000A70000003E000000E800000082000000B8
:10C9300035000000F50000002E000000BB000000E4
:10C940004400000084000000E90000009C0000009A
:10C950007000000026000000B40000005F0000002E
:10C960007E0000004100000039000000910000003E
:10C97000D6000000390000008300000053000000D2
:10C9800039000000F40000009C000000840000005A
:10C990005F0000008B000000BD000000F9000000F7
:10C9A000280000003B0000001F000000F80000000D
:10C9B00097000000FF000000DE00000005000000FE
:10C9C000980000000F000000EF0000002F000000A2
:10C9D000110000008B0000005A0000000A00000057
:10C9E0006D0000001F0000006D0000003600000018
:10C9F0007E000000CF00000027000000CB000000F8
:10CA000009000000B70000004F00000046000000D1
:10CA10003F000000660000009E0000005F00000074
:10CA2000EA0000002D000000750000002700000053
:10CA3000BA000000C7000000EB000000E5000000A5
:10CA4000F10000007B0000003D0000000700000036
:10CA500039000000F70000008A00000052000000CA
:10CA600092000000EA0000006B000000FB000000E4
:10CA70005F000000B10000001F0000008D000000FA
:10CA80005D000000080000005600000003000000E8
:10CA90003000000046000000FC0000007B000000A9
:10CAA0006B000000AB000000F0000000CF000000B1
:10CAB000BC000000200000009A000000F40000000C
:10CAC000360000001D000000A9000000E300000087
:10CAD00091000000610000005E000000E600000020
:10CAE0001B00000008000000650000009900000025
:10CAF000850000005F00000014000000A00000009E
:10CB000068000000400000008D000000FF000000F1
:10CB1000D8000000800000004D00000073000000FD
:10CB200027000000310000000600000006000000A1
:10CB30001500000056000000CA000000730000004D
:10CB4000A8000000C900000060000000E200000032
:10CB50007B000000C00000008C0000006B000000A3
:10CB60006937AC3168212233B40F14336821A23302
:10CB70003863ED3EDA0F493F5E987B3FDA0FC93FDD
:10CB800000000040FB21F93F000000002D44743EEE
:10CB9000000000809846F83C0000006051CC783BD3
:10CBA00000000080831BF0390000004020257A3807
:10CBB000000000802282E336000000001DF369358A
:10CBC0000200000003000000040000000600000056
:10CBD0000000C93F0000F0390000DA370000A2333E
:10CBE0000000842E0000502B0000C2270000D0223D
:10CBF0000000C41F0000C61B000044170400000012
:10CC0000070000000900000034000000CEFBFFFF19
:10CC1000CB03000001000000000000003500000010
:10CC2000CEFBFFFFCB03000001000000000000006E
:10CC3000BC89D897B2D29C3C33A7A8D523F64939F2
:10CC40003DA7F444FD0FA5329D978CCF08BA5B2514
:10CC5000436FAC642806681100202020202020208B
:10CC6000202028282828282020202020202020209C
:10CC700020202020202020202088101010101010AC
:10CC800010101010101010101004040404040404F8
:10CC90000404041010101010101041414141414192
:10CCA0000101010101010101010101010101010174
:10CCB0000101010110101010101042424242424284
:10CCC0000202020202020202020202020202020244
:10CCD00002020202101010102000000000000000EC
:10CCE0000000000000000000000000000000000044
:10CCF0000000000000000000000000000000000034
:10CD00000000000000000000000000000000000023
:10CD10000000000000000000000000000000000013
:10CD20000000000000000000000000000000000003
:10CD300000000000000000000000000000000000F3
:10CD400000000000000000000000000000000000E3
:10CD500000000000000000000000000000000000D3
:10CD60001F0000003B0000005A0000007800000097
:10CD700097000000B5000000D4000000F3000000A0
:10CD800011010000300100004E0100001F000000F2
:10CD90001C0000001F0000001E0000001F0000001B
:10CDA0001E0000001F0000001F0000001E00000009
:10CDB0001F0000001E0000001F0000000500000012
:10CDC000190000007D0000000080E03779C3414376
:10CDD000176E05B5B5B89346F5F93FE9034F384DE1
:10CDE000321D30F94877825A3CBF737FDD4F15758D
:10CDF000000000000000F03F0000000000002440A0
:10CE000000000000000059400000000000408F407A
:10CE1000000000000088C34000000000006AF840E5
:10CE20000000000080842E4100000000D012634109
:10CE30000000000084D797410000000065CDCD417F
:10CE4000000000205FA00242000000E87648374260
:10CE5000000000A2941A6D42000040E59C30A242FE
:10CE60000000901EC4BCD64200003426F56B0C4373
:10CE70000080E03779C3414300A0D885573476431A
:10CE800000C84E676DC1AB43003D9160E458E1437B
:10CE9000408CB5781DAF154450EFE2D6E41A4B44F0
:10CEA00092D54D06CFF08044F64AE1C7022DB54435
:10CEB000B49DD9794378EA441F0000001C000000AB
:10CEC0001F0000001E0000001F0000001E000000E8
:10CED0001F0000001F0000001E0000001F000000D7
:10CEE0001E0000001F0000001F0000001D000000C9
:10CEF0001F0000001E0000001F0000001E000000B8
:10CF00001F0000001F0000001E0000001F000000A6
:08CF10001E0000001F000000DC
:08CF1800B832FD7F01000000AA
:04CF2000B50100084F
:04CF2400910100086F
:10CF280000000000000000000000000000000000F9
:10CF380000000000000000000000000000000000E9
:10CF480000000000000000000000000000000000D9
:10CF580000000000000000000000000000000000C9
:10CF680000000000000000000000000000000000B9
:10CF780000000000000000000000000000000000A9
:10CF88000000000000000000000000000000000099
:10CF98000000000000000000000000000000000089
:10CFA8000000000000000000000000000000000079
:10CFB8000000000000000000000000000000000069
:10CFC8000000000000000000000000000000000059
:10CFD8000000000000000000000000000000000049
:10CFE8000000000000000000000000000000000039
:10CFF8000000000000000000000000000000000029
:10D008000000000000000000000000000000000018
:10D018000000000000000000000000000000000008
:10D0280000000000000000000000000000000000F8
:10D0380000000000000000000000000000000000E8
:10D0480000000000000000000000000000000000D8
:10D0580000000000000000000000000000000000C8
:10D0680000000000000000000000000000000000B8
:10D0780000000000000000000000000000000000A8
:10D088000000000000000000000000000000000098
:10D098000000000000000000000000000000000088
:10D0A8000000000000000000000000000000000078
:10D0B8000000000000000000000000000000000068
:10D0C8000000000000000000000000000000000058
:10D0D8000000000000000000000000000000000048
:10D0E8000000000000000000000000000000000038
:10D0F8000000000000000000000000000000000028
:10D108000000000000000000000000000000000017
:10D118000000000000000000000000000000000007
:10D1280000000000000000000000000000000000F7
:10D1380000000000000000000000000000000000E7
:10D1480000000000000000000000000000000000D7
:10D1580000000000781500200024F4000000000002
:10D1680000000000000000000000803F0000803F39
:10D178000000803F000000000000000000000000E8
:10D1880080150020010000004EB03A6C8E81459554
:10D19800C5E26EE40101050101010101010101007F
:10D1A8000010000005000000050055010100E8031B
:10D1B800201C0000000000002D00000000000000FE
:10D1C80098F98E3C1000000001010000AAAAAAAA42
:10D1D80000000000030000002065012011C40208BF
:10D1E80011C4020843000000000000000000000015
:10D1F8000000000000000000000000000000000027
:10D2080000000000430000000000000000000000D3
:10D218000000000000000000000000000000000006
:10D2280000000000430000000000000000000000B3
:10D2380000000000000000000000000000000000E6
:10D248000000000043000000000000000000000093
:10D2580000000000000000000000000000000000C6
:10D268000000000043000000000000000000000073
:10D2780000000000000000000000000000000000A6
:10D288000000000043000000000000000000000053
:10D298000000000000000000000000000000000086
:10D2A8000000000043000000000000000000000033
:10D2B8000000000000000000000000000000000066
:10D2C800000000007D9B0208F990020800000000A1
:10D2D80058CC020800C402089FC402089FC4020870
:10D2E8009FC402089FC402089FC402089FC4020882
:10D2F8009FC402089FC402089FC40208FFFFFFFFE3
:10D30800FFFFFFFFFFFFFFFFFFFF0000010041538A
:10D318004349490000000000000000000000000030
:10D328000000000000000000000000000000415361
:10D338004349490000000000000000000000000010
:10D3480000000000000000000000000000000000D5
:10D3580034040020000000002065012088650120B9
:10D36800F06501200000000000000000000000003F
:10D3780000000000000000000000000000000000A5
:10D388000000000000000000000000000000000095
:10D398000000000000000000000000000000000085
:10D3A80001000000000000004A000000000000002A
:10D3B8000000000000000000000000000000000065
:10D3C8000000000000000000000000000000000055
:10D3D8004A000000000000000000000000000000FB
:10D3E8000000000000000000000000000000000035
:08D3F80000000000000000002D
:10D40000000000000000000000000000000000001C
:10D41000000000000000000000000000000000000C
:10D4200000000000000000000000000000000000FC
:10D4300000000000000000000000000000000000EC
:10D4400000000000000000000000000000000000DC
:10D4500000000000000000000000000000000000CC
:10D4600000000000000000000000000000000000BC
:10D4700000000000000000000000000000000000AC
:10D48000000000000000000000000000000000009C
:10D49000000000000000000000000000000000008C
:10D4A000000000000000000000000000000000007C
:10D4B000000000000000000000000000000000006C
:10D4C000000000000000000000000000000000005C
:10D4D000000000000000000000000000000000004C
:10D4E000000000000000000000000000000000003C
:10D4F000000000000000000000000000000000002C
:10D50000000000000000000000000000000000001B
:10D51000000000000000000000000000000000000B
:10D5200000000000000000000000000000000000FB
:10D5300000000000000000000000000000000000EB
:10D5400000000000000000000000000000000000DB
:10D5500000000000000000000000000000000000CB
:10D5600000000000000000000000000000000000BB
:10D5700000000000000000000000000000000000AB
:10D58000000000000000000000000000000000009B
:10D59000000000000000000000000000000000008B
:10D5A000000000000000000000000000000000007B
:10D5B000000000000000000000000000000000006B
:10D5C000000000000000000000000000000000005B
:10D5D000000000000000000000000000000000004B
:10D5E000000000000000000000000000000000003B
:10D5F000000000000000000000000000000000002B
:10D60000000000000000000000000000000000001A
:10D61000000000000000000000000000000000000A
:10D6200000000000000000000000000000000000FA
:10D6300000000000000000000000000000000000EA
:10D6400000000000000000000000000000000000DA
:10D6500000000000000000000000000000000000CA
:10D6600000000000000000000000000000000000BA
:10D6700000000000000000000000000000000000AA
:10D68000000000000000000000000000000000009A
:10D69000000000000000000000000000000000008A
:10D6A000000000000000000000000000000000007A
:10D6B000000000000000000000000000000000006A
:10D6C000000000000000000000000000000000005A
:10D6D000000000000000000000000000000000004A
:10D6E000000000000000000000000000000000003A
:10D6F000000000000000000000000000000000002A
:10D700000000000000000000000000000000000019
:10D710000000000000000000000000000000000009
:10D7200000000000000000000000000000000000F9
:10D7300000000000000000000000000000000000E9
:10D7400000000000000000000000000000000000D9
:10D7500000000000000000000000000000000000C9
:10D7600000000000000000000000000000000000B9
:10D7700000000000000000000000000000000000A9
:10D780000000000000000000000000000000000099
:10D790000000000000000000000000000000000089
:10D7A0000000000000000000000000000000000079
:10D7B0000000000000000000000000000000000069
:10D7C0000000000000000000000000000000000059
:10D7D0000000000000000000000000000000000049
:10D7E0000000000000000000000000000000000039
:10D7F0000000000000000000000000000000000029
:10D800000000000000000000000000000000000018
:10D810000000000000000000000000000000000008
:10D8200000000000000000000000000000000000F8
:10D8300000000000000000000000000000000000E8
:10D8400000000000000000000000000000000000D8
:10D8500000000000000000000000000000000000C8
:10D8600000000000000000000000000000000000B8
:10D8700000000000000000000000000000000000A8
:10D880000000000000000000000000000000000098
:10D890000000000000000000000000000000000088
:10D8A0000000000000000000000000000000000078
:10D8B0000000000000000000000000000000000068
:10D8C0000000000000000000000000000000000058
:10D8D0000000000000000000000000000000000048
:10D8E0000000000000000000000000000000000038
:10D8F0000000000000000000000000000000000028
:10D900000000000000000000000000000000000017
:10D910000000000000000000000000000000000007
:10D9200000000000000000000000000000000000F7
:10D9300000000000000000000000000000000000E7
:10D9400000000000000000000000000000000000D7
:10D9500000000000000000000000000000000000C7
:10D9600000000000000000000000000000000000B7
:10D9700000000000000000000000000000000000A7
:10D980000000000000000000000000000000000097
:10D990000000000000000000000000000000000087
:10D9A0000000000000000000000000000000000077
:10D9B0000000000000000000000000000000000067
:10D9C0000000000000000000000000000000000057
:10D9D0000000000000000000000000000000000047
:10D9E0000000000000000000000000000000000037
:10D9F0000000000000000000000000000000000027
:10DA00000000000000000000000000000000000016
:10DA10000000000000000000000000000000000006
:10DA200000000000000000000000000000000000F6
:10DA300000000000000000000000000000000000E6
:10DA400000000000000000000000000000000000D6
:10DA500000000000000000000000000000000000C6
:10DA600000000000000000000000000000000000B6
:10DA700000000000000000000000000000000000A6
:10DA80000000000000000000000000000000000096
:10DA90000000000000000000000000000000000086
:10DAA0000000000000000000000000000000000076
:10DAB0000000000000000000000000000000000066
:10DAC0000000000000000000000000000000000056
:10DAD0000000000000000000000000000000000046
:10DAE0000000000000000000000000000000000036
:10DAF0000000000000000000000000000000000026
:10DB00000000000000000000000000000000000015
:10DB10000000000000000000000000000000000005
:10DB200000000000000000000000000000000000F5
:10DB300000000000000000000000000000000000E5
:10DB400000000000000000000000000000000000D5
:10DB500000000000000000000000000000000000C5
:10DB600000000000000000000000000000000000B5
:10DB700000000000000000000000000000000000A5
:10DB80000000000000000000000000000000000095
:10DB90000000000000000000000000000000000085
:10DBA0000000000000000000000000000000000075
:10DBB0000000000000000000000000000000000065
:10DBC0000000000000000000000000000000000055
:10DBD0000000000000000000000000000000000045
:10DBE0000000000000000000000000000000000035
:10DBF0000000000000000000000000000000000025
:10DC00000000000000000000000000000000000014
:10DC10000000000000000000000000000000000004
:10DC200000000000000000000000000000000000F4
:10DC300000000000000000000000000000000000E4
:10DC400000000000000000000000000000000000D4
:10DC500000000000000000000000000000000000C4
:10DC600000000000000000000000000000000000B4
:10DC700000000000000000000000000000000000A4
:10DC80000000000000000000000000000000000094
:10DC90000000000000000000000000000000000084
:10DCA0000000000000000000000000000000000074
:10DCB0000000000000000000000000000000000064
:10DCC0000000000000000000000000000000000054
:10DCD0000000000000000000000000000000000044
:10DCE0000000000000000000000000000000000034
:10DCF0000000000000000000000000000000000024
:10DD00000000000000000000000000000000000013
:10DD10000000000000000000000000000000000003
:10DD200000000000000000000000000000000000F3
:10DD300000000000000000000000000000000000E3
:10DD400000000000000000000000000000000000D3
:10DD500000000000000000000000000000000000C3
:10DD600000000000000000000000000000000000B3
:10DD700000000000000000000000000000000000A3
:10DD80000000000000000000000000000000000093
:10DD90000000000000000000000000000000000083
:10DDA0000000000000000000000000000000000073
:10DDB0000000000000000000000000000000000063
:10DDC0000000000000000000000000000000000053
:10DDD0000000000000000000000000000000000043
:10DDE0000000000000000000000000000000000033
:10DDF0000000000000000000000000000000000023
:10DE00000000000000000000000000000000000012
:10DE10000000000000000000000000000000000002
:10DE200000000000000000000000000000000000F2
:10DE300000000000000000000000000000000000E2
:10DE400000000000000000000000000000000000D2
:10DE500000000000000000000000000000000000C2
:10DE600000000000000000000000000000000000B2
:10DE700000000000000000000000000000000000A2
:10DE80000000000000000000000000000000000092
:10DE90000000000000000000000000000000000082
:10DEA0000000000000000000000000000000000072
:10DEB0000000000000000000000000000000000062
:10DEC0000000000000000000000000000000000052
:10DED0000000000000000000000000000000000042
:10DEE0000000000000000000000000000000000032
:10DEF0000000000000000000000000000000000022
:10DF00000000000000000000000000000000000011
:10DF10000000000000000000000000000000000001
:10DF200000000000000000000000000000000000F1
:10DF300000000000000000000000000000000000E1
:10DF400000000000000000000000000000000000D1
:10DF500000000000000000000000000000000000C1
:10DF600000000000000000000000000000000000B1
:10DF700000000000000000000000000000000000A1
:10DF80000000000000000000000000000000000091
:10DF90000000000000000000000000000000000081
:10DFA0000000000000000000000000000000000071
:10DFB0000000000000000000000000000000000061
:10DFC0000000000000000000000000000000000051
:10DFD0000000000000000000000000000000000041
:10DFE0000000000000000000000000000000000031
:10DFF0000000000000000000000000000000000021
:10E000000000000000000000000000000000000010
:10E010000000000000000000000000000000000000
:10E0200000000000000000000000000000000000F0
:10E0300000000000000000000000000000000000E0
:10E0400000000000000000000000000000000000D0
:10E0500000000000000000000000000000000000C0
:10E0600000000000000000000000000000000000B0
:10E0700000000000000000000000000000000000A0
:10E080000000000000000000000000000000000090
:10E090000000000000000000000000000000000080
:10E0A0000000000000000000000000000000000070
:10E0B0000000000000000000000000000000000060
:10E0C0000000000000000000000000000000000050
:10E0D0000000000000000000000000000000000040
:10E0E0000000000000000000000000000000000030
:10E0F0000000000000000000000000000000000020
:10E10000000000000000000000000000000000000F
:10E1100000000000000000000000000000000000FF
:10E1200000000000000000000000000000000000EF
:10E1300000000000000000000000000000000000DF
:10E1400000000000000000000000000000000000CF
:10E1500000000000000000000000000000000000BF
:10E1600000000000000000000000000000000000AF
:10E17000000000000000000000000000000000009F
:10E18000000000000000000000000000000000008F
:10E19000000000000000000000000000000000007F
:10E1A000000000000000000000000000000000006F
:10E1B000000000000000000000000000000000005F
:10E1C000000000000000000000000000000000004F
:10E1D000000000000000000000000000000000003F
:10E1E000000000000000000000000000000000002F
:10E1F000000000000000000000000000000000001F
:10E20000000000000000000000000000000000000E
:10E2100000000000000000000000000000000000FE
:10E2200000000000000000000000000000000000EE
:10E2300000000000000000000000000000000000DE
:10E2400000000000000000000000000000000000CE
:10E2500000000000000000000000000000000000BE
:10E2600000000000000000000000000000000000AE
:10E27000000000000000000000000000000000009E
:10E28000000000000000000000000000000000008E
:10E29000000000000000000000000000000000007E
:10E2A000000000000000000000000000000000006E
:10E2B000000000000000000000000000000000005E
:10E2C000000000000000000000000000000000004E
:10E2D000000000000000000000000000000000003E
:10E2E000000000000000000000000000000000002E
:10E2F000000000000000000000000000000000001E
:10E30000000000000000000000000000000000000D
:10E3100000000000000000000000000000000000FD
:10E3200000000000000000000000000000000000ED
:10E3300000000000000000000000000000000000DD
:10E3400000000000000000000000000000000000CD
:10E3500000000000000000000000000000000000BD
:10E3600000000000000000000000000000000000AD
:10E37000000000000000000000000000000000009D
:10E38000000000000000000000000000000000008D
:10E39000000000000000000000000000000000007D
:10E3A000000000000000000000000000000000006D
:10E3B000000000000000000000000000000000005D
:10E3C000000000000000000000000000000000004D
:10E3D000000000000000000000000000000000003D
:10E3E000000000000000000000000000000000002D
:10E3F000000000000000000000000000000000001D
:10E40000000000000000000000000000000000000C
:10E4100000000000000000000000000000000000FC
:10E4200000000000000000000000000000000000EC
:10E4300000000000000000000000000000000000DC
:10E4400000000000000000000000000000000000CC
:10E4500000000000000000000000000000000000BC
:10E4600000000000000000000000000000000000AC
:10E47000000000000000000000000000000000009C
:10E48000000000000000000000000000000000008C
:10E49000000000000000000000000000000000007C
:10E4A000000000000000000000000000000000006C
:10E4B000000000000000000000000000000000005C
:10E4C000000000000000000000000000000000004C
:10E4D000000000000000000000000000000000003C
:10E4E000000000000000000000000000000000002C
:10E4F000000000000000000000000000000000001C
:10E50000000000000000000000000000000000000B
:10E5100000000000000000000000000000000000FB
:10E5200000000000000000000000000000000000EB
:10E5300000000000000000000000000000000000DB
:10E5400000000000000000000000000000000000CB
:10E5500000000000000000000000000000000000BB
:10E5600000000000000000000000000000000000AB
:10E57000000000000000000000000000000000009B
:10E58000000000000000000000000000000000008B
:10E59000000000000000000000000000000000007B
:10E5A000000000000000000000000000000000006B
:10E5B000000000000000000000000000000000005B
:10E5C000000000000000000000000000000000004B
:10E5D000000000000000000000000000000000003B
:10E5E000000000000000000000000000000000002B
:10E5F000000000000000000000000000000000001B
:10E60000000000000000000000000000000000000A
:10E6100000000000000000000000000000000000FA
:10E6200000000000000000000000000000000000EA
:10E6300000000000000000000000000000000000DA
:10E6400000000000000000000000000000000000CA
:10E6500000000000000000000000000000000000BA
:10E6600000000000000000000000000000000000AA
:10E67000000000000000000000000000000000009A
:10E68000000000000000000000000000000000008A
:10E69000000000000000000000000000000000007A
:10E6A000000000000000000000000000000000006A
:10E6B000000000000000000000000000000000005A
:10E6C000000000000000000000000000000000004A
:10E6D000000000000000000000000000000000003A
:10E6E000000000000000000000000000000000002A
:10E6F000000000000000000000000000000000001A
:10E700000000000000000000000000000000000009
:10E7100000000000000000000000000000000000F9
:10E7200000000000000000000000000000000000E9
:10E7300000000000000000000000000000000000D9
:10E7400000000000000000000000000000000000C9
:10E7500000000000000000000000000000000000B9
:10E7600000000000000000000000000000000000A9
:10E770000000000000000000000000000000000099
:10E780000000000000000000000000000000000089
:10E790000000000000000000000000000000000079
:10E7A0000000000000000000000000000000000069
:10E7B0000000000000000000000000000000000059
:10E7C0000000000000000000000000000000000049
:10E7D0000000000000000000000000000000000039
:10E7E0000000000000000000000000000000000029
:10E7F0000000000000000000000000000000000019
:10E800000000000000000000000000000000000008
:10E8100000000000000000000000000000000000F8
:10E8200000000000000000000000000000000000E8
:10E8300000000000000000000000000000000000D8
:10E8400000000000000000000000000000000000C8
:10E8500000000000000000000000000000000000B8
:10E8600000000000000000000000000000000000A8
:10E870000000000000000000000000000000000098
:10E880000000000000000000000000000000000088
:10E890000000000000000000000000000000000078
:10E8A0000000000000000000000000000000000068
:10E8B0000000000000000000000000000000000058
:10E8C0000000000000000000000000000000000048
:10E8D0000000000000000000000000000000000038
:10E8E0000000000000000000000000000000000028
:10E8F0000000000000000000000000000000000018
:10E900000000000000000000000000000000000007
:10E9100000000000000000000000000000000000F7
:10E9200000000000000000000000000000000000E7
:10E9300000000000000000000000000000000000D7
:10E9400000000000000000000000000000000000C7
:10E9500000000000000000000000000000000000B7
:10E9600000000000000000000000000000000000A7
:10E970000000000000000000000000000000000097
:10E980000000000000000000000000000000000087
:10E990000000000000000000000000000000000077
:10E9A0000000000000000000000000000000000067
:10E9B0000000000000000000000000000000000057
:10E9C0000000000000000000000000000000000047
:10E9D0000000000000000000000000000000000037
:10E9E0000000000000000000000000000000000027
:10E9F0000000000000000000000000000000000017
:10EA00000000000000000000000000000000000006
:10EA100000000000000000000000000000000000F6
:10EA200000000000000000000000000000000000E6
:10EA300000000000000000000000000000000000D6
:10EA400000000000000000000000000000000000C6
:10EA500000000000000000000000000000000000B6
:10EA600000000000000000000000000000000000A6
:10EA70000000000000000000000000000000000096
:10EA80000000000000000000000000000000000086
:10EA90000000000000000000000000000000000076
:10EAA0000000000000000000000000000000000066
:10EAB0000000000000000000000000000000000056
:10EAC0000000000000000000000000000000000046
:10EAD0000000000000000000000000000000000036
:10EAE0000000000000000000000000000000000026
:10EAF0000000000000000000000000000000000016
:10EB00000000000000000000000000000000000005
:10EB100000000000000000000000000000000000F5
:10EB200000000000000000000000000000000000E5
:10EB300000000000000000000000000000000000D5
:10EB400000000000000000000000000000000000C5
:10EB500000000000000000000000000000000000B5
:10EB600000000000000000000000000000000000A5
:10EB70000000000000000000000000000000000095
:10EB80000000000000000000000000000000000085
:10EB90000000000000000000000000000000000075
:10EBA0000000000000000000000000000000000065
:10EBB0000000000000000000000000000000000055
:10EBC0000000000000000000000000000000000045
:10EBD0000000000000000000000000000000000035
:10EBE0000000000000000000000000000000000025
:10EBF0000000000000000000000000000000000015
:10EC00000000000000000000000000000000000004
:10EC100000000000000000000000000000000000F4
:10EC200000000000000000000000000000000000E4
:10EC300000000000000000000000000000000000D4
:10EC400000000000000000000000000000000000C4
:10EC500000000000000000000000000000000000B4
:10EC600000000000000000000000000000000000A4
:10EC70000000000000000000000000000000000094
:10EC80000000000000000000000000000000000084
:10EC90000000000000000000000000000000000074
:10ECA0000000000000000000000000000000000064
:10ECB0000000000000000000000000000000000054
:10ECC0000000000000000000000000000000000044
:10ECD0000000000000000000000000000000000034
:10ECE0000000000000000000000000000000000024
:10ECF0000000000000000000000000000000000014
:10ED00000000000000000000000000000000000003
:10ED100000000000000000000000000000000000F3
:10ED200000000000000000000000000000000000E3
:10ED300000000000000000000000000000000000D3
:10ED400000000000000000000000000000000000C3
:10ED500000000000000000000000000000000000B3
:10ED600000000000000000000000000000000000A3
:10ED70000000000000000000000000000000000093
:10ED80000000000000000000000000000000000083
:10ED90000000000000000000000000000000000073
:10EDA0000000000000000000000000000000000063
:10EDB0000000000000000000000000000000000053
:10EDC0000000000000000000000000000000000043
:10EDD0000000000000000000000000000000000033
:10EDE0000000000000000000000000000000000023
:10EDF0000000000000000000000000000000000013
:10EE00000000000000000000000000000000000002
:10EE100000000000000000000000000000000000F2
:10EE200000000000000000000000000000000000E2
:10EE300000000000000000000000000000000000D2
:10EE400000000000000000000000000000000000C2
:10EE500000000000000000000000000000000000B2
:10EE600000000000000000000000000000000000A2
:10EE70000000000000000000000000000000000092
:10EE80000000000000000000000000000000000082
:10EE90000000000000000000000000000000000072
:10EEA0000000000000000000000000000000000062
:10EEB0000000000000000000000000000000000052
:10EEC0000000000000000000000000000000000042
:10EED0000000000000000000000000000000000032
:10EEE0000000000000000000000000000000000022
:10EEF0000000000000000000000000000000000012
:10EF00000000000000000000000000000000000001
:10EF100000000000000000000000000000000000F1
:10EF200000000000000000000000000000000000E1
:10EF300000000000000000000000000000000000D1
:10EF400000000000000000000000000000000000C1
:10EF500000000000000000000000000000000000B1
:10EF600000000000000000000000000000000000A1
:10EF70000000000000000000000000000000000091
:10EF80000000000000000000000000000000000081
:10EF90000000000000000000000000000000000071
:10EFA0000000000000000000000000000000000061
:10EFB0000000000000000000000000000000000051
:10EFC0000000000000000000000000000000000041
:10EFD0000000000000000000000000000000000031
:10EFE0000000000000000000000000000000000021
:10EFF0000000000000000000000000000000000011
:10F000000000000000000000000000000000000000
:10F0100000000000000000000000000000000000F0
:10F0200000000000000000000000000000000000E0
:10F0300000000000000000000000000000000000D0
:10F0400000000000000000000000000000000000C0
:10F0500000000000000000000000000000000000B0
:10F0600000000000000000000000000000000000A0
:10F070000000000000000000000000000000000090
:10F080000000000000000000000000000000000080
:10F090000000000000000000000000000000000070
:10F0A0000000000000000000000000000000000060
:10F0B0000000000000000000000000000000000050
:10F0C0000000000000000000000000000000000040
:10F0D0000000000000000000000000000000000030
:10F0E0000000000000000000000000000000000020
:10F0F0000000000000000000000000000000000010
:10F1000000000000000000000000000000000000FF
:10F1100000000000000000000000000000000000EF
:10F1200000000000000000000000000000000000DF
:10F1300000000000000000000000000000000000CF
:10F1400000000000000000000000000000000000BF
:10F1500000000000000000000000000000000000AF
:10F16000000000000000000000000000000000009F
:10F17000000000000000000000000000000000008F
:10F18000000000000000000000000000000000007F
:10F19000000000000000000000000000000000006F
:10F1A000000000000000000000000000000000005F
:10F1B000000000000000000000000000000000004F
:10F1C000000000000000000000000000000000003F
:10F1D000000000000000000000000000000000002F
:10F1E000000000000000000000000000000000001F
:10F1F000000000000000000000000000000000000F
:10F2000000000000000000000000000000000000FE
:10F2100000000000000000000000000000000000EE
:10F2200000000000000000000000000000000000DE
:10F2300000000000000000000000000000000000CE
:10F2400000000000000000000000000000000000BE
:10F2500000000000000000000000000000000000AE
:10F26000000000000000000000000000000000009E
:10F27000000000000000000000000000000000008E
:10F28000000000000000000000000000000000007E
:10F29000000000000000000000000000000000006E
:10F2A000000000000000000000000000000000005E
:10F2B000000000000000000000000000000000004E
:10F2C000000000000000000000000000000000003E
:10F2D000000000000000000000000000000000002E
:10F2E000000000000000000000000000000000001E
:10F2F000000000000000000000000000000000000E
:10F3000000000000000000000000000000000000FD
:10F3100000000000000000000000000000000000ED
:10F3200000000000000000000000000000000000DD
:10F3300000000000000000000000000000000000CD
:10F3400000000000000000000000000000000000BD
:10F3500000000000000000000000000000000000AD
:10F36000000000000000000000000000000000009D
:10F37000000000000000000000000000000000008D
:10F38000000000000000000000000000000000007D
:10F39000000000000000000000000000000000006D
:10F3A000000000000000000000000000000000005D
:10F3B000000000000000000000000000000000004D
:10F3C000000000000000000000000000000000003D
:10F3D000000000000000000000000000000000002D
:10F3E000000000000000000000000000000000001D
:10F3F000000000000000000000000000000000000D
:10F4000000000000000000000000000000000000FC
:10F4100000000000000000000000000000000000EC
:10F4200000000000000000000000000000000000DC
:10F4300000000000000000000000000000000000CC
:10F4400000000000000000000000000000000000BC
:10F4500000000000000000000000000000000000AC
:10F46000000000000000000000000000000000009C
:10F47000000000000000000000000000000000008C
:10F48000000000000000000000000000000000007C
:10F49000000000000000000000000000000000006C
:10F4A000000000000000000000000000000000005C
:10F4B000000000000000000000000000000000004C
:10F4C000000000000000000000000000000000003C
:10F4D000000000000000000000000000000000002C
:10F4E000000000000000000000000000000000001C
:10F4F000000000000000000000000000000000000C
:10F5000000000000000000000000000000000000FB
:10F5100000000000000000000000000000000000EB
:10F5200000000000000000000000000000000000DB
:10F5300000000000000000000000000000000000CB
:10F5400000000000000000000000000000000000BB
:10F5500000000000000000000000000000000000AB
:10F56000000000000000000000000000000000009B
:10F57000000000000000000000000000000000008B
:10F58000000000000000000000000000000000007B
:10F59000000000000000000000000000000000006B
:10F5A000000000000000000000000000000000005B
:10F5B000000000000000000000000000000000004B
:10F5C000000000000000000000000000000000003B
:10F5D000000000000000000000000000000000002B
:10F5E000000000000000000000000000000000001B
:10F5F000000000000000000000000000000000000B
:10F6000000000000000000000000000000000000FA
:10F6100000000000000000000000000000000000EA
:10F6200000000000000000000000000000000000DA
:10F6300000000000000000000000000000000000CA
:10F6400000000000000000000000000000000000BA
:10F6500000000000000000000000000000000000AA
:10F66000000000000000000000000000000000009A
:10F67000000000000000000000000000000000008A
:10F68000000000000000000000000000000000007A
:10F69000000000000000000000000000000000006A
:10F6A000000000000000000000000000000000005A
:10F6B000000000000000000000000000000000004A
:10F6C000000000000000000000000000000000003A
:10F6D000000000000000000000000000000000002A
:10F6E000000000000000000000000000000000001A
:10F6F000000000000000000000000000000000000A
:10F7000000000000000000000000000000000000F9
:10F7100000000000000000000000000000000000E9
:10F7200000000000000000000000000000000000D9
:10F7300000000000000000000000000000000000C9
:10F7400000000000000000000000000000000000B9
:10F7500000000000000000000000000000000000A9
:10F760000000000000000000000000000000000099
:10F770000000000000000000000000000000000089
:10F780000000000000000000000000000000000079
:10F790000000000000000000000000000000000069
:10F7A0000000000000000000000000000000000059
:10F7B0000000000000000000000000000000000049
:10F7C0000000000000000000000000000000000039
:10F7D0000000000000000000000000000000000029
:10F7E0000000000000000000000000000000000019
:10F7F0000000000000000000000000000000000009
:10F8000000000000000000000000000000000000F8
:10F8100000000000000000000000000000000000E8
:10F8200000000000000000000000000000000000D8
:10F8300000000000000000000000000000000000C8
:10F8400000000000000000000000000000000000B8
:10F8500000000000000000000000000000000000A8
:10F860000000000000000000000000000000000098
:10F870000000000000000000000000000000000088
:10F880000000000000000000000000000000000078
:10F890000000000000000000000000000000000068
:10F8A0000000000000000000000000000000000058
:10F8B0000000000000000000000000000000000048
:10F8C0000000000000000000000000000000000038
:10F8D0000000000000000000000000000000000028
:10F8E0000000000000000000000000000000000018
:10F8F0000000000000000000000000000000000008
:10F9000000000000000000000000000000000000F7
:10F9100000000000000000000000000000000000E7
:10F9200000000000000000000000000000000000D7
:10F9300000000000000000000000000000000000C7
:10F9400000000000000000000000000000000000B7
:10F9500000000000000000000000000000000000A7
:10F960000000000000000000000000000000000097
:10F970000000000000000000000000000000000087
:10F980000000000000000000000000000000000077
:10F990000000000000000000000000000000000067
:10F9A0000000000000000000000000000000000057
:10F9B0000000000000000000000000000000000047
:10F9C0000000000000000000000000000000000037
:10F9D0000000000000000000000000000000000027
:10F9E0000000000000000000000000000000000017
:10F9F0000000000000000000000000000000000007
:10FA000000000000000000000000000000000000F6
:10FA100000000000000000000000000000000000E6
:10FA200000000000000000000000000000000000D6
:10FA300000000000000000000000000000000000C6
:10FA400000000000000000000000000000000000B6
:10FA500000000000000000000000000000000000A6
:10FA60000000000000000000000000000000000096
:10FA70000000000000000000000000000000000086
:10FA80000000000000000000000000000000000076
:10FA90000000000000000000000000000000000066
:10FAA0000000000000000000000000000000000056
:10FAB0000000000000000000000000000000000046
:10FAC0000000000000000000000000000000000036
:10FAD0000000000000000000000000000000000026
:10FAE0000000000000000000000000000000000016
:10FAF0000000000000000000000000000000000006
:10FB000000000000000000000000000000000000F5
:10FB100000000000000000000000000000000000E5
:10FB200000000000000000000000000000000000D5
:10FB300000000000000000000000000000000000C5
:10FB400000000000000000000000000000000000B5
:10FB500000000000000000000000000000000000A5
:10FB60000000000000000000000000000000000095
:10FB70000000000000000000000000000000000085
:10FB80000000000000000000000000000000000075
:10FB90000000000000000000000000000000000065
:10FBA0000000000000000000000000000000000055
:10FBB0000000000000000000000000000000000045
:10FBC0000000000000000000000000000000000035
:10FBD0000000000000000000000000000000000025
:10FBE0000000000000000000000000000000000015
:10FBF0000000000000000000000000000000000005
:10FC000000000000000000000000000000000000F4
:10FC100000000000000000000000000000000000E4
:10FC200000000000000000000000000000000000D4
:10FC300000000000000000000000000000000000C4
:10FC400000000000000000000000000000000000B4
:10FC500000000000000000000000000000000000A4
:10FC60000000000000000000000000000000000094
:10FC70000000000000000000000000000000000084
:10FC80000000000000000000000000000000000074
:10FC90000000000000000000000000000000000064
:10FCA0000000000000000000000000000000000054
:10FCB0000000000000000000000000000000000044
:10FCC0000000000000000000000000000000000034
:10FCD0000000000000000000000000000000000024
:10FCE0000000000000000000000000000000000014
:10FCF0000000000000000000000000000000000004
:10FD000000000000000000000000000000000000F3
:10FD100000000000000000000000000000000000E3
:10FD200000000000000000000000000000000000D3
:10FD300000000000000000000000000000000000C3
:10FD400000000000000000000000000000000000B3
:10FD500000000000000000000000000000000000A3
:10FD60000000000000000000000000000000000093
:10FD70000000000000000000000000000000000083
:10FD80000000000000000000000000000000000073
:10FD90000000000000000000000000000000000063
:10FDA0000000000000000000000000000000000053
:10FDB0000000000000000000000000000000000043
:10FDC0000000000000000000000000000000000033
:10FDD0000000000000000000000000000000000023
:10FDE0000000000000000000000000000000000013
:10FDF0000000000000000000000000000000000003
:10FE000000000000000000000000000000000000F2
:10FE100000000000000000000000000000000000E2
:10FE200000000000000000000000000000000000D2
:10FE300000000000000000000000000000000000C2
:10FE400000000000000000000000000000000000B2
:10FE500000000000000000000000000000000000A2
:10FE60000000000000000000000000000000000092
:10FE70000000000000000000000000000000000082
:10FE80000000000000000000000000000000000072
:10FE90000000000000000000000000000000000062
:10FEA0000000000000000000000000000000000052
:10FEB0000000000000000000000000000000000042
:10FEC0000000000000000000000000000000000032
:10FED0000000000000000000000000000000000022
:10FEE0000000000000000000000000000000000012
:10FEF0000000000000000000000000000000000002
:10FF000000000000000000000000000000000000F1
:10FF100000000000000000000000000000000000E1
:10FF200000000000000000000000000000000000D1
:10FF300000000000000000000000000000000000C1
:10FF400000000000000000000000000000000000B1
:10FF500000000000000000000000000000000000A1
:10FF60000000000000000000000000000000000091
:10FF70000000000000000000000000000000000081
:10FF80000000000000000000000000000000000071
:10FF90000000000000000000000000000000000061
:10FFA0000000000000000000000000000000000051
:10FFB0000000000000000000000000000000000041
:10FFC0000000000000000000000000000000000031
:10FFD0000000000000000000000000000000000021
:10FFE0000000000000000000000000000000000011
:10FFF0000000000000000000000000000000000001
:020000040803EF
:1000000000000000000000000000000000000000F0
:1000100000000000000000000000000000000000E0
:1000200000000000000000000000000000000000D0
:1000300000000000000000000000000000000000C0
:1000400000000000000000000000000000000000B0
:1000500000000000000000000000000000000000A0
:100060000000000000000000000000000000000090
:100070000000000000000000000000000000000080
:100080000000000000000000000000000000000070
:100090000000000000000000000000000000000060
:1000A0000000000000000000000000000000000050
:1000B0000000000000000000000000000000000040
:1000C0000000000000000000000000000000000030
:1000D0000000000000000000000000000000000020
:1000E0000000000000000000000000000000000010
:1000F0000000000000000000000000000000000000
:1001000000000000000000000000000000000000EF
:1001100000000000000000000000000000000000DF
:1001200000000000000000000000000000000000CF
:1001300000000000000000000000000000000000BF
:1001400000000000000000000000000000000000AF
:10015000000000000000000000000000000000009F
:10016000000000000000000000000000000000008F
:10017000000000000000000000000000000000007F
:10018000000000000000000000000000000000006F
:10019000000000000000000000000000000000005F
:1001A000000000000000000000000000000000004F
:1001B000000000000000000000000000000000003F
:1001C000000000000000000000000000000000002F
:1001D000000000000000000000000000000000001F
:1001E000000000000000000000000000000000000F
:1001F00000000000000000000000000000000000FF
:1002000000000000000000000000000000000000EE
:1002100000000000000000000000000000000000DE
:1002200000000000000000000000000000000000CE
:1002300000000000000000000000000000000000BE
:1002400000000000000000000000000000000000AE
:10025000000000000000000000000000000000009E
:10026000000000000000000000000000000000008E
:10027000000000000000000000000000000000007E
:10028000000000000000000000000000000000006E
:10029000000000000000000000000000000000005E
:1002A000000000000000000000000000000000004E
:1002B000000000000000000000000000000000003E
:1002C000000000000000000000000000000000002E
:1002D000000000000000000000000000000000001E
:1002E000000000000000000000000000000000000E
:1002F00000000000000000000000000000000000FE
:1003000000000000000000000000000000000000ED
:1003100000000000000000000000000000000000DD
:1003200000000000000000000000000000000000CD
:1003300000000000000000000000000000000000BD
:1003400000000000000000000000000000000000AD
:10035000000000000000000000000000000000009D
:10036000000000000000000000000000000000008D
:10037000000000000000000000000000000000007D
:10038000000000000000000000000000000000006D
:10039000000000000000000000000000000000005D
:1003A000000000000000000000000000000000004D
:1003B000000000000000000000000000000000003D
:1003C000000000000000000000000000000000002D
:1003D000000000000000000000000000000000001D
:1003E000000000000000000000000000000000000D
:1003F00000000000000000000000000000000000FD
:1004000000000000000000000000000000000000EC
:1004100000000000000000000000000000000000DC
:1004200000000000000000000000000000000000CC
:1004300000000000000000000000000000000000BC
:1004400000000000000000000000000000000000AC
:10045000000000000000000000000000000000009C
:10046000000000000000000000000000000000008C
:10047000000000000000000000000000000000007C
:10048000000000000000000000000000000000006C
:10049000000000000000000000000000000000005C
:1004A000000000000000000000000000000000004C
:1004B000000000000000000000000000000000003C
:1004C000000000000000000000000000000000002C
:1004D000000000000000000000000000000000001C
:1004E000000000000000000000000000000000000C
:1004F00000000000000000000000000000000000FC
:1005000000000000000000000000000000000000EB
:1005100000000000000000000000000000000000DB
:1005200000000000000000000000000000000000CB
:1005300000000000000000000000000000000000BB
:1005400000000000000000000000000000000000AB
:10055000000000000000000000000000000000009B
:10056000000000000000000000000000000000008B
:10057000000000000000000000000000000000007B
:10058000000000000000000000000000000000006B
:10059000000000000000000000000000000000005B
:1005A000000000000000000000000000000000004B
:1005B000000000000000000000000000000000003B
:1005C000000000000000000000000000000000002B
:1005D000000000000000000000000000000000001B
:1005E000000000000000000000000000000000000B
:1005F00000000000000000000000000000000000FB
:1006000000000000000000000000000000000000EA
:1006100000000000000000000000000000000000DA
:1006200000000000000000000000000000000000CA
:1006300000000000000000000000000000000000BA
:1006400000000000000000000000000000000000AA
:10065000000000000000000000000000000000009A
:10066000000000000000000000000000000000008A
:10067000000000000000000000000000000000007A
:10068000000000000000000000000000000000006A
:10069000000000000000000000000000000000005A
:1006A000000000000000000000000000000000004A
:1006B000000000000000000000000000000000003A
:1006C000000000000000000000000000000000002A
:1006D000000000000000000000000000000000001A
:1006E000000000000000000000000000000000000A
:1006F00000000000000000000000000000000000FA
:1007000000000000000000000000000000000000E9
:1007100000000000000000000000000000000000D9
:1007200000000000000000000000000000000000C9
:1007300000000000000000000000000000000000B9
:1007400000000000000000000000000000000000A9
:100750000000000000000000000000000000000099
:100760000000000000000000000000000000000089
:100770000000000000000000000000000000000079
:100780000000000000000000000000000000000069
:100790000000000000000000000000000000000059
:1007A0000000000000000000000000000000000049
:1007B0000000000000000000000000000000000039
:1007C0000000000000000000000000000000000029
:1007D0000000000000000000000000000000000019
:1007E0000000000000000000000000000000000009
:1007F00000000000000000000000000000000000F9
:1008000000000000000000000000000000000000E8
:1008100000000000000000000000000000000000D8
:1008200000000000000000000000000000000000C8
:1008300000000000000000000000000000000000B8
:1008400000000000000000000000000000000000A8
:100850000000000000000000000000000000000098
:100860000000000000000000000000000000000088
:100870000000000000000000000000000000000078
:100880000000000000000000000000000000000068
:100890000000000000000000000000000000000058
:1008A0000000000000000000000000000000000048
:1008B0000000000000000000000000000000000038
:1008C0000000000000000000000000000000000028
:1008D0000000000000000000000000000000000018
:1008E0000000000000000000000000000000000008
:1008F00000000000000000000000000000000000F8
:1009000000000000000000000000000000000000E7
:1009100000000000000000000000000000000000D7
:1009200000000000000000000000000000000000C7
:1009300000000000000000000000000000000000B7
:1009400000000000000000000000000000000000A7
:100950000000000000000000000000000000000097
:100960000000000000000000000000000000000087
:100970000000000000000000000000000000000077
:100980000000000000000000000000000000000067
:100990000000000000000000000000000000000057
:1009A0000000000000000000000000000000000047
:1009B0000000000000000000000000000000000037
:1009C0000000000000000000000000000000000027
:1009D0000000000000000000000000000000000017
:1009E0000000000000000000000000000000000007
:1009F00000000000000000000000000000000000F7
:100A000000000000000000000000000000000000E6
:100A100000000000000000000000000000000000D6
:100A200000000000000000000000000000000000C6
:100A300000000000000000000000000000000000B6
:100A400000000000000000000000000000000000A6
:100A50000000000000000000000000000000000096
:100A60000000000000000000000000000000000086
:100A70000000000000000000000000000000000076
:100A80000000000000000000000000000000000066
:100A90000000000000000000000000000000000056
:100AA0000000000000000000000000000000000046
:100AB0000000000000000000000000000000000036
:100AC0000000000000000000000000000000000026
:100AD0000000000000000000000000000000000016
:100AE0000000000000000000000000000000000006
:100AF00000000000000000000000000000000000F6
:100B000000000000000000000000000000000000E5
:100B100000000000000000000000000000000000D5
:100B200000000000000000000000000000000000C5
:100B300000000000000000000000000000000000B5
:100B400000000000000000000000000000000000A5
:100B50000000000000000000000000000000000095
:100B60000000000000000000000000000000000085
:100B70000000000000000000000000000000000075
:100B80000000000000000000000000000000000065
:100B90000000000000000000000000000000000055
:100BA0000000000000000000000000000000000045
:100BB0000000000000000000000000000000000035
:100BC0000000000000000000000000000000000025
:100BD0000000000000000000000000000000000015
:100BE0000000000000000000000000000000000005
:100BF00000000000000000000000000000000000F5
:100C000000000000000000000000000000000000E4
:100C100000000000000000000000000000000000D4
:100C200000000000000000000000000000000000C4
:100C300000000000000000000000000000000000B4
:100C400000000000000000000000000000000000A4
:100C50000000000000000000000000000000000094
:100C60000000000000000000000000000000000084
:100C70000000000000000000000000000000000074
:100C80000000000000000000000000000000000064
:100C90000000000000000000000000000000000054
:100CA0000000000000000000000000000000000044
:100CB0000000000000000000000000000000000034
:100CC0000000000000000000000000000000000024
:100CD0000000000000000000000000000000000014
:100CE0000000000000000000000000000000000004
:100CF00000000000000000000000000000000000F4
:100D000000000000000000000000000000000000E3
:100D100000000000000000000000000000000000D3
:100D200000000000000000000000000000000000C3
:100D300000000000000000000000000000000000B3
:100D400000000000000000000000000000000000A3
:100D50000000000000000000000000000000000093
:100D60000000000000000000000000000000000083
:100D70000000000000000000000000000000000073
:100D80000000000000000000000000000000000063
:100D90000000000000000000000000000000000053
:100DA0000000000000000000000000000000000043
:100DB0000000000000000000000000000000000033
:100DC0000000000000000000000000000000000023
:100DD0000000000000000000000000000000000013
:100DE0000000000000000000000000000000000003
:100DF00000000000000000000000000000000000F3
:100E000000000000000000000000000000000000E2
:100E100000000000000000000000000000000000D2
:100E200000000000000000000000000000000000C2
:100E300000000000000000000000000000000000B2
:100E400000000000000000000000000000000000A2
:100E50000000000000000000000000000000000092
:100E60000000000000000000000000000000000082
:100E70000000000000000000000000000000000072
:100E80000000000000000000000000000000000062
:100E90000000000000000000000000000000000052
:100EA0000000000000000000000000000000000042
:100EB0000000000000000000000000000000000032
:100EC0000000000000000000000000000000000022
:100ED0000000000000000000000000000000000012
:100EE0000000000000000000000000000000000002
:100EF00000000000000000000000000000000000F2
:100F000000000000000000000000000000000000E1
:100F100000000000000000000000000000000000D1
:100F200000000000000000000000000000000000C1
:100F300000000000000000000000000000000000B1
:100F400000000000000000000000000000000000A1
:100F50000000000000000000000000000000000091
:100F60000000000000000000000000000000000081
:100F70000000000000000000000000000000000071
:100F80000000000000000000000000000000000061
:100F90000000000000000000000000000000000051
:100FA0000000000000000000000000000000000041
:100FB0000000000000000000000000000000000031
:100FC0000000000000000000000000000000000021
:100FD0000000000000000000000000000000000011
:100FE0000000000000000000000000000000000001
:100FF00000000000000000000000000000000000F1
:1010000000000000000000000000000000000000E0
:1010100000000000000000000000000000000000D0
:1010200000000000000000000000000000000000C0
:1010300000000000000000000000000000000000B0
:1010400000000000000000000000000000000000A0
:101050000000000000000000000000000000000090
:101060000000000000000000000000000000000080
:101070000000000000000000000000000000000070
:101080000000000000000000000000000000000060
:101090000000000000000000000000000000000050
:1010A0000000000000000000000000000000000040
:1010B0000000000000000000000000000000000030
:1010C0000000000000000000000000000000000020
:1010D0000000000000000000000000000000000010
:1010E0000000000000000000000000000000000000
:1010F00000000000000000000000000000000000F0
:1011000000000000000000000000000000000000DF
:1011100000000000000000000000000000000000CF
:1011200000000000000000000000000000000000BF
:1011300000000000000000000000000000000000AF
:10114000000000000000000000000000000000009F
:10115000000000000000000000000000000000008F
:10116000000000000000000000000000000000007F
:10117000000000000000000000000000000000006F
:10118000000000000000000000000000000000005F
:10119000000000000000000000000000000000004F
:1011A000000000000000000000000000000000003F
:1011B000000000000000000000000000000000002F
:1011C000000000000000000000000000000000001F
:1011D000000000000000000000000000000000000F
:1011E00000000000000000000000000000000000FF
:1011F00000000000000000000000000000000000EF
:1012000000000000000000000000000000000000DE
:1012100000000000000000000000000000000000CE
:1012200000000000000000000000000000000000BE
:1012300000000000000000000000000000000000AE
:10124000000000000000000000000000000000009E
:10125000000000000000000000000000000000008E
:10126000000000000000000000000000000000007E
:10127000000000000000000000000000000000006E
:10128000000000000000000000000000000000005E
:10129000000000000000000000000000000000004E
:1012A000000000000000000000000000000000003E
:1012B000000000000000000000000000000000002E
:1012C000000000000000000000000000000000001E
:1012D000000000000000000000000000000000000E
:1012E00000000000000000000000000000000000FE
:1012F00000000000000000000000000000000000EE
:1013000000000000000000000000000000000000DD
:1013100000000000000000000000000000000000CD
:1013200000000000000000000000000000000000BD
:1013300000000000000000000000000000000000AD
:10134000000000000000000000000000000000009D
:10135000000000000000000000000000000000008D
:10136000000000000000000000000000000000007D
:10137000000000000000000000000000000000006D
:10138000000000000000000000000000000000005D
:10139000000000000000000000000000000000004D
:1013A000000000000000000000000000000000003D
:1013B000000000000000000000000000000000002D
:1013C000000000000000000000000000000000001D
:1013D000000000000000000000000000000000000D
:1013E00000000000000000000000000000000000FD
:1013F00000000000000000000000000000000000ED
:1014000000000000000000000000000000000000DC
:1014100000000000000000000000000000000000CC
:1014200000000000000000000000000000000000BC
:1014300000000000000000000000000000000000AC
:10144000000000000000000000000000000000009C
:10145000000000000000000000000000000000008C
:10146000000000000000000000000000000000007C
:10147000000000000000000000000000000000006C
:10148000000000000000000000000000000000005C
:10149000000000000000000000000000000000004C
:1014A000000000000000000000000000000000003C
:1014B000000000000000000000000000000000002C
:1014C000000000000000000000000000000000001C
:1014D000000000000000000000000000000000000C
:1014E00000000000000000000000000000000000FC
:1014F00000000000000000000000000000000000EC
:1015000000000000000000000000000000000000DB
:1015100000000000000000000000000000000000CB
:1015200000000000000000000000000000000000BB
:1015300000000000000000000000000000000000AB
:10154000000000000000000000000000000000009B
:10155000000000000000000000000000000000008B
:10156000000000000000000000000000000000007B
:10157000000000000000000000000000000000006B
:10158000000000000000000000000000000000005B
:10159000000000000000000000000000000000004B
:1015A000000000000000000000000000000000003B
:1015B000000000000000000000000000000000002B
:1015C000000000000000000000000000000000001B
:1015D000000000000000000000000000000000000B
:1015E00000000000000000000000000000000000FB
:1015F00000000000000000000000000000000000EB
:1016000000000000000000000000000000000000DA
:1016100000000000000000000000000000000000CA
:1016200000000000000000000000000000000000BA
:1016300000000000000000000000000000000000AA
:10164000000000000000000000000000000000009A
:10165000000000000000000000000000000000008A
:10166000000000000000000000000000000000007A
:10167000000000000000000000000000000000006A
:10168000000000000000000000000000000000005A
:10169000000000000000000000000000000000004A
:1016A000000000000000000000000000000000003A
:1016B000000000000000000000000000000000002A
:1016C000000000000000000000000000000000001A
:1016D000000000000000000000000000000000000A
:1016E00000000000000000000000000000000000FA
:1016F00000000000000000000000000000000000EA
:1017000000000000000000000000000000000000D9
:1017100000000000000000000000000000000000C9
:1017200000000000000000000000000000000000B9
:1017300000000000000000000000000000000000A9
:101740000000000000000000000000000000000099
:101750000000000000000000000000000000000089
:101760000000000000000000000000000000000079
:101770000000000000000000000000000000000069
:101780000000000000000000000000000000000059
:101790000000000000000000000000000000000049
:1017A0000000000000000000000000000000000039
:1017B0000000000000000000000000000000000029
:1017C0000000000000000000000000000000000019
:1017D0000000000000000000000000000000000009
:1017E00000000000000000000000000000000000F9
:1017F00000000000000000000000000000000000E9
:1018000000000000000000000000000000000000D8
:1018100000000000000000000000000000000000C8
:1018200000000000000000000000000000000000B8
:1018300000000000000000000000000000000000A8
:101840000000000000000000000000000000000098
:101850000000000000000000000000000000000088
:101860000000000000000000000000000000000078
:101870000000000000000000000000000000000068
:101880000000000000000000000000000000000058
:101890000000000000000000000000000000000048
:1018A0000000000000000000000000000000000038
:1018B0000000000000000000000000000000000028
:1018C0000000000000000000000000000000000018
:1018D0000000000000000000000000000000000008
:1018E00000000000000000000000000000000000F8
:1018F00000000000000000000000000000000000E8
:1019000000000000000000000000000000000000D7
:1019100000000000000000000000000000000000C7
:1019200000000000000000000000000000000000B7
:1019300000000000000000000000000000000000A7
:101940000000000000000000000000000000000097
:101950000000000000000000000000000000000087
:101960000000000000000000000000000000000077
:101970000000000000000000000000000000000067
:101980000000000000000000000000000000000057
:101990000000000000000000000000000000000047
:1019A0000000000000000000000000000000000037
:1019B0000000000000000000000000000000000027
:1019C0000000000000000000000000000000000017
:1019D0000000000000000000000000000000000007
:1019E00000000000000000000000000000000000F7
:1019F00000000000000000000000000000000000E7
:101A000000000000000000000000000000000000D6
:101A100000000000000000000000000000000000C6
:101A200000000000000000000000000000000000B6
:101A300000000000000000000000000000000000A6
:101A40000000000000000000000000000000000096
:101A50000000000000000000000000000000000086
:101A60000000000000000000000000000000000076
:101A70000000000000000000000000000000000066
:101A80000000000000000000000000000000000056
:101A90000000000000000000000000000000000046
:101AA0000000000000000000000000000000000036
:101AB0000000000000000000000000000000000026
:101AC0000000000000000000000000000000000016
:101AD0000000000000000000000000000000000006
:101AE00000000000000000000000000000000000F6
:101AF00000000000000000000000000000000000E6
:101B000000000000000000000000000000000000D5
:101B100000000000000000000000000000000000C5
:101B200000000000000000000000000000000000B5
:101B300000000000000000000000000000000000A5
:101B40000000000000000000000000000000000095
:101B50000000000000000000000000000000000085
:101B60000000000000000000000000000000000075
:101B70000000000000000000000000000000000065
:101B80000000000000000000000000000000000055
:101B90000000000000000000000000000000000045
:101BA0000000000000000000000000000000000035
:101BB0000000000000000000000000000000000025
:101BC0000000000000000000000000000000000015
:101BD0000000000000000000000000000000000005
:101BE00000000000000000000000000000000000F5
:101BF00000000000000000000000000000000000E5
:101C000000000000000000000000000000000000D4
:101C100000000000000000000000000000000000C4
:101C200000000000000000000000000000000000B4
:101C300000000000000000000000000000000000A4
:101C40000000000000000000000000000000000094
:101C50000000000000000000000000000000000084
:101C60000000000000000000000000000000000074
:101C70000000000000000000000000000000000064
:101C80000000000000000000000000000000000054
:101C90000000000000000000000000000000000044
:101CA0000000000000000000000000000000000034
:101CB0000000000000000000000000000000000024
:101CC0000000000000000000000000000000000014
:101CD0000000000000000000000000000000000004
:101CE00000000000000000000000000000000000F4
:101CF00000000000000000000000000000000000E4
:101D000000000000000000000000000000000000D3
:101D100000000000000000000000000000000000C3
:101D200000000000000000000000000000000000B3
:101D300000000000000000000000000000000000A3
:101D40000000000000000000000000000000000093
:101D50000000000000000000000000000000000083
:101D60000000000000000000000000000000000073
:101D70000000000000000000000000000000000063
:101D80000000000000000000000000000000000053
:101D90000000000000000000000000000000000043
:101DA0000000000000000000000000000000000033
:101DB0000000000000000000000000000000000023
:101DC0000000000000000000000000000000000013
:101DD0000000000000000000000000000000000003
:101DE00000000000000000000000000000000000F3
:101DF00000000000000000000000000000000000E3
:101E000000000000000000000000000000000000D2
:101E100000000000000000000000000000000000C2
:101E200000000000000000000000000000000000B2
:101E300000000000000000000000000000000000A2
:101E40000000000000000000000000000000000092
:101E50000000000000000000000000000000000082
:101E60000000000000000000000000000000000072
:101E70000000000000000000000000000000000062
:101E80000000000000000000000000000000000052
:101E90000000000000000000000000000000000042
:101EA0000000000000000000000000000000000032
:101EB0000000000000000000000000000000000022
:101EC0000000000000000000000000000000000012
:101ED0000000000000000000000000000000000002
:101EE00000000000000000000000000000000000F2
:101EF00000000000000000000000000000000000E2
:101F000000000000000000000000000000000000D1
:101F100000000000000000000000000000000000C1
:101F200000000000000000000000000000000000B1
:101F300000000000000000000000000000000000A1
:101F40000000000000000000000000000000000091
:101F50000000000000000000000000000000000081
:101F60000000000000000000000000000000000071
:101F70000000000000000000000000000000000061
:101F80000000000000000000000000000000000051
:101F90000000000000000000000000000000000041
:101FA0000000000000000000000000000000000031
:101FB0000000000000000000000000000000000021
:101FC0000000000000000000000000000000000011
:101FD0000000000000000000000000000000000001
:101FE00000000000000000000000000000000000F1
:101FF00000000000000000000000000000000000E1
:1020000000000000000000000000000000000000D0
:1020100000000000000000000000000000000000C0
:1020200000000000000000000000000000000000B0
:1020300000000000000000000000000000000000A0
:102040000000000000000000000000000000000090
:102050000000000000000000000000000000000080
:102060000000000000000000000000000000000070
:102070000000000000000000000000000000000060
:102080000000000000000000000000000000000050
:102090000000000000000000000000000000000040
:1020A0000000000000000000000000000000000030
:1020B0000000000000000000000000000000000020
:1020C0000000000000000000000000000000000010
:1020D0000000000000000000000000000000000000
:1020E00000000000000000000000000000000000F0
:1020F00000000000000000000000000000000000E0
:1021000000000000000000000000000000000000CF
:1021100000000000000000000000000000000000BF
:1021200000000000000000000000000000000000AF
:10213000000000000000000000000000000000009F
:10214000000000000000000000000000000000008F
:10215000000000000000000000000000000000007F
:10216000000000000000000000000000000000006F
:10217000000000000000000000000000000000005F
:10218000000000000000000000000000000000004F
:10219000000000000000000000000000000000003F
:1021A000000000000000000000000000000000002F
:1021B000000000000000000000000000000000001F
:1021C000000000000000000000000000000000000F
:1021D00000000000000000000000000000000000FF
:1021E00000000000000000000000000000000000EF
:1021F00000000000000000000000000000000000DF
:1022000000000000000000000000000000000000CE
:1022100000000000000000000000000000000000BE
:1022200000000000000000000000000000000000AE
:10223000000000000000000000000000000000009E
:10224000000000000000000000000000000000008E
:10225000000000000000000000000000000000007E
:10226000000000000000000000000000000000006E
:10227000000000000000000000000000000000005E
:10228000000000000000000000000000000000004E
:10229000000000000000000000000000000000003E
:1022A000000000000000000000000000000000002E
:1022B000000000000000000000000000000000001E
:1022C000000000000000000000000000000000000E
:1022D00000000000000000000000000000000000FE
:1022E00000000000000000000000000000000000EE
:1022F00000000000000000000000000000000000DE
:1023000000000000000000000000000000000000CD
:1023100000000000000000000000000000000000BD
:1023200000000000000000000000000000000000AD
:10233000000000000000000000000000000000009D
:10234000000000000000000000000000000000008D
:10235000000000000000000000000000000000007D
:10236000000000000000000000000000000000006D
:10237000000000000000000000000000000000005D
:10238000000000000000000000000000000000004D
:10239000000000000000000000000000000000003D
:1023A000000000000000000000000000000000002D
:1023B000000000000000000000000000000000001D
:1023C000000000000000000000000000000000000D
:1023D00000000000000000000000000000000000FD
:1023E00000000000000000000000000000000000ED
:1023F00000000000000000000000000000000000DD
:1024000000000000000000000000000000000000CC
:1024100000000000000000000000000000000000BC
:1024200000000000000000000000000000000000AC
:10243000000000000000000000000000000000009C
:10244000000000000000000000000000000000008C
:10245000000000000000000000000000000000007C
:10246000000000000000000000000000000000006C
:10247000000000000000000000000000000000005C
:10248000000000000000000000000000000000004C
:10249000000000000000000000000000000000003C
:1024A000000000000000000000000000000000002C
:1024B000000000000000000000000000000000001C
:1024C000000000000000000000000000000000000C
:1024D00000000000000000000000000000000000FC
:1024E00000000000000000000000000000000000EC
:1024F00000000000000000000000000000000000DC
:1025000000000000000000000000000000000000CB
:1025100000000000000000000000000000000000BB
:1025200000000000000000000000000000000000AB
:10253000000000000000000000000000000000009B
:10254000000000000000000000000000000000008B
:10255000000000000000000000000000000000007B
:10256000000000000000000000000000000000006B
:10257000000000000000000000000000000000005B
:10258000000000000000000000000000000000004B
:10259000000000000000000000000000000000003B
:1025A000000000000000000000000000000000002B
:1025B000000000000000000000000000000000001B
:1025C000000000000000000000000000000000000B
:1025D00000000000000000000000000000000000FB
:1025E00000000000000000000000000000000000EB
:1025F00000000000000000000000000000000000DB
:1026000000000000000000000000000000000000CA
:1026100000000000000000000000000000000000BA
:1026200000000000000000000000000000000000AA
:10263000000000000000000000000000000000009A
:10264000000000000000000000000000000000008A
:10265000000000000000000000000000000000007A
:10266000000000000000000000000000000000006A
:10267000000000000000000000000000000000005A
:10268000000000000000000000000000000000004A
:10269000000000000000000000000000000000003A
:1026A000000000000000000000000000000000002A
:1026B000000000000000000000000000000000001A
:1026C000000000000000000000000000000000000A
:1026D00000000000000000000000000000000000FA
:1026E00000000000000000000000000000000000EA
:1026F00000000000000000000000000000000000DA
:1027000000000000000000000000000000000000C9
:1027100000000000000000000000000000000000B9
:1027200000000000000000000000000000000000A9
:102730000000000000000000000000000000000099
:102740000000000000000000000000000000000089
:102750000000000000000000000000000000000079
:102760000000000000000000000000000000000069
:102770000000000000000000000000000000000059
:102780000000000000000000000000000000000049
:102790000000000000000000000000000000000039
:1027A0000000000000000000000000000000000029
:1027B0000000000000000000000000000000000019
:1027C0000000000000000000000000000000000009
:1027D00000000000000000000000000000000000F9
:1027E00000000000000000000000000000000000E9
:1027F00000000000000000000000000000000000D9
:1028000000000000000000000000000000000000C8
:1028100000000000000000000000000000000000B8
:1028200000000000000000000000000000000000A8
:102830000000000000000000000000000000000098
:102840000000000000000000000000000000000088
:102850000000000000000000000000000000000078
:102860000000000000000000000000000000000068
:102870000000000000000000000000000000000058
:102880000000000000000000000000000000000048
:102890000000000000000000000000000000000038
:1028A0000000000000000000000000000000000028
:1028B0000000000000000000000000000000000018
:1028C0000000000000000000000000000000000008
:1028D00000000000000000000000000000000000F8
:1028E00000000000000000000000000000000000E8
:1028F00000000000000000000000000000000000D8
:1029000000000000000000000000000000000000C7
:1029100000000000000000000000000000000000B7
:1029200000000000000000000000000000000000A7
:102930000000000000000000000000000000000097
:102940000000000000000000000000000000000087
:102950000000000000000000000000000000000077
:102960000000000000000000000000000000000067
:102970000000000000000000000000000000000057
:102980000000000000000000000000000000000047
:102990000000000000000000000000000000000037
:1029A0000000000000000000000000000000000027
:1029B0000000000000000000000000000000000017
:1029C0000000000000000000000000000000000007
:1029D00000000000000000000000000000000000F7
:1029E00000000000000000000000000000000000E7
:1029F00000000000000000000000000000000000D7
:102A000000000000000000000000000000000000C6
:102A100000000000000000000000000000000000B6
:102A200000000000000000000000000000000000A6
:102A30000000000000000000000000000000000096
:102A40000000000000000000000000000000000086
:102A50000000000000000000000000000000000076
:102A60000000000000000000000000000000000066
:102A70000000000000000000000000000000000056
:102A80000000000000000000000000000000000046
:102A90000000000000000000000000000000000036
:102AA0000000000000000000000000000000000026
:102AB0000000000000000000000000000000000016
:102AC0000000000000000000000000000000000006
:102AD00000000000000000000000000000000000F6
:102AE00000000000000000000000000000000000E6
:102AF00000000000000000000000000000000000D6
:102B000000000000000000000000000000000000C5
:102B100000000000000000000000000000000000B5
:102B200000000000000000000000000000000000A5
:102B30000000000000000000000000000000000095
:102B40000000000000000000000000000000000085
:102B50000000000000000000000000000000000075
:102B60000000000000000000000000000000000065
:102B70000000000000000000000000000000000055
:102B80000000000000000000000000000000000045
:102B90000000000000000000000000000000000035
:102BA0000000000000000000000000000000000025
:102BB0000000000000000000000000000000000015
:102BC0000000000000000000000000000000000005
:102BD00000000000000000000000000000000000F5
:102BE00000000000000000000000000000000000E5
:102BF00000000000000000000000000000000000D5
:102C000000000000000000000000000000000000C4
:102C100000000000000000000000000000000000B4
:102C200000000000000000000000000000000000A4
:102C30000000000000000000000000000000000094
:102C40000000000000000000000000000000000084
:102C50000000000000000000000000000000000074
:0400000508002E4180
:00000001FF
