:020000040800F2
:1000000000000220052E0008352B00083D2B0008BB
:10001000452B00084D2B0008552B00080000000060
:10002000000000000000000000000000B1E701082F
:100030005D2B000800000000A1EA010809EB01089F
:10004000552E0008552E0008552E0008552E000884
:10005000552E0008552E0008552E0008552E000874
:100060006B2B0008552E0008552E0008792B000830
:10007000552E0008552E0008552E0008552E000854
:100080008D2B0008552E0008552E0008552E00080F
:10009000552E0008552E0008552E0008552E000834
:1000A000552E0008552E0008552E0008552E000824
:1000B000552E0008552E0008552E0008552E000814
:1000C000552E0008552E0008552E0008552E000804
:1000D000552E0008552E0008552E0008A12B0008AB
:1000E000552E0008B52B0008552E0008552E000887
:1000F000552E0008552E0008552E0008552E0008D4
:10010000552E0008C92B0008552E0008DD2B0008CD
:10011000F12B0008552E0008552E0008052C00086C
:10012000552E0008552E0008552E0008192C0008E1
:10013000552E0008552E0008552E0008552E000893
:10014000552E0008552E0008552E0008552E000883
:10015000552E00082D2C0008552E0008412C0008B3
:10016000552E0008552E0008552E0008552E000863
:10017000552E0008552E0008552E000800000000DE
:08018000552E0008552E000861
:1001900010B5054C237833B9044B13B10448AFF3C1
:1001A00000800123237010BDE00400200000000047
:1001B000D8A8020808B5034B1BB103490348AFF3A5
:1001C000008008BD00000000E4040020D8A8020858
:1001D00010F8012B11F8013B012A28BF9A42F7D0F1
:1001E000D01A7047034613F8012B002AFBD1181AC6
:1001F000013870470000000000000000000000000F
:1002000001F0FF01102A2BDB10F0070F08D010F8C7
:10021000013B013A8B422DD010F0070F42B3F6D1CB
:10022000F0B441EA012141EA014122F007047FF0E4
:1002300000070023F0E80256083C85EA010586EA3B
:10024000010685FA47F5A3FA87F586FA47F6A5FA77
:1002500087F68EB9EED1F0BC01F0FF0102F0070283
:1002600032B110F8013B013A83EA010313B1F8D12E
:100270000020704701387047002D06BF354603380F
:10028000073815F0010F07D1013015F4807F02BF48
:10029000013015F4C03F0130F0BC0138704700BF99
:1002A00081F0004102E000BF83F0004330B54FEA27
:1002B00041044FEA430594EA050F08BF90EA020F94
:1002C0001FBF54EA000C55EA020C7FEA645C7FEA27
:1002D000655C00F0E2804FEA5454D4EB5555B8BF4A
:1002E0006D420CDD2C4480EA020281EA030382EABB
:1002F000000083EA010180EA020281EA0303362D4D
:1003000088BF30BD11F0004F4FEA01314FF4801C1F
:100310004CEA113102D0404261EB410113F0004F31
:100320004FEA03334CEA133302D0524263EB4303E8
:1003300094EA050F00F0A780A4F10104D5F1200E86
:100340000DDB02FA0EFC22FA05F2801841F10001E1
:1003500003FA0EF2801843FA05F359410EE0A5F1B5
:1003600020050EF1200E012A03FA0EFC28BF4CF0E6
:10037000020C43FA05F3C01851EBE37101F000459C
:1003800007D54FF0000EDCF1000C7EEB00006EEBA9
:100390000101B1F5801F1BD3B1F5001F0CD3490833
:1003A0005FEA30004FEA3C0C04F101044FEA44528A
:1003B00012F5800F80F09A80BCF1004F08BF5FEA11
:1003C000500C50F1000041EB045141EA050130BDF1
:1003D0005FEA4C0C404141EB0101013C28BFB1F503
:1003E000801FE9D291F0000F04BF01460020B1FA4E
:1003F00081F308BF2033A3F10B03B3F120020CDA21
:100400000C3208DD02F1140CC2F10C0201FA0CF0FE
:1004100021FA02F10CE002F11402D8BFC2F1200C63
:1004200001FA02F120FA0CFCDCBF41EA0C01904019
:10043000E41AA2BF01EB0451294330BD6FEA040462
:100440001F3C1CDA0C340EDC04F11404C4F120024D
:1004500020FA04F001FA02F340EA030021FA04F35F
:1004600045EA030130BDC4F10C04C4F1200220FAB6
:1004700002F001FA04F340EA0300294630BD21FAF4
:1004800004F0294630BD94F0000F83F4801306BFBA
:1004900081F480110134013D4EE77FEA645C18BFAE
:1004A0007FEA655C29D094EA050F08BF90EA020F45
:1004B00005D054EA000C04BF1946104630BD91EA3D
:1004C000030F1EBF0021002030BD5FEA545C05D140
:1004D0004000494128BF41F0004130BD14F580047F
:1004E0003CBF01F5801130BD01F0004545F0FE41F3
:1004F00041F470014FF0000030BD7FEA645C1ABF28
:10050000194610467FEA655C1CBF0B46024650EA5E
:10051000013406BF52EA033591EA030F41F400218A
:1005200030BD00BF90F0000F04BF0021704730B510
:100530004FF4806404F132044FF000054FF00001E5
:1005400050E700BF90F0000F04BF0021704730B5A6
:100550004FF4806404F1320410F0004548BF40427B
:100560004FF000013EE700BF42004FEAE2014FEAD0
:1005700031014FEA02701FBF12F07F4393F07F4FAB
:1005800081F06051704732F07F4208BF704793F0AE
:100590007F4F04BF41F40021704730B54FF46074C1
:1005A00001F0004521F000411CE700BF50EA0102C4
:1005B00008BF704730B54FF000050AE050EA01026D
:1005C00008BF704730B511F0004502D5404261EBDD
:1005D00041014FF4806404F132045FEA915C3FF41E
:1005E000D8AE4FF003025FEADC0C18BF03325FEABB
:1005F000DC0C18BF033202EBDC02C2F1200300FA6C
:1006000003FC20FA02F001FA03FE40EA0E0021FA90
:1006100002F11444BDE600BF70B54FF0FF0C4CF47E
:10062000E06C1CEA11541DBF1CEA135594EA0C0F30
:1006300095EA0C0F00F0DEF82C4481EA030621EA6B
:100640004C5123EA4C5350EA013518BF52EA0335A6
:1006500041F4801143F4801338D0A0FB02CE4FF058
:100660000005E1FB02E506F00042E0FB03E54FF088
:100670000006E1FB03569CF0000F18BF4EF0010E80
:10068000A4F1FF04B6F5007F64F5407404D25FEA7C
:100690004E0E6D4146EB060642EAC62141EA55512F
:1006A0004FEAC52040EA5E504FEACE2EB4F1FD0C71
:1006B00088BFBCF5E06F1ED8BEF1004F08BF5FEAEF
:1006C000500E50F1000041EB045170BD06F00046A1
:1006D00046EA010140EA020081EA0301B4EB5C044E
:1006E000C2BFD4EB0C0541EA045170BD41F4801146
:1006F0004FF0000E013C00F3AB8014F1360FDEBF6B
:10070000002001F0004170BDC4F10004203C35DA46
:100710000C341BDC04F11404C4F1200500FA05F3C9
:1007200020FA04F001FA05F240EA020001F000426A
:1007300021F0004110EBD37021FA04F642EB0601E0
:100740005EEA430E08BF20EAD37070BDC4F10C040A
:10075000C4F1200500FA04F320FA05F001FA04F2CE
:1007600040EA020001F0004110EBD37041F10001BA
:100770005EEA430E08BF20EAD37070BDC4F12005C5
:1007800000FA05F24EEA020E20FA04F301FA05F22D
:1007900043EA020321FA04F001F0004121FA04F2D5
:1007A00020EA020000EBD3705EEA430E08BF20EAA5
:1007B000D37070BD94F0000F0FD101F000464000DF
:1007C00041EB010111F4801F08BF013CF7D041EA61
:1007D000060195F0000F18BF704703F00046520065
:1007E00043EB030313F4801F08BF013DF7D043EA36
:1007F0000603704794EA0C0F0CEA135518BF95EAEC
:100800000C0F0CD050EA410618BF52EA4306D1D172
:1008100081EA030101F000414FF0000070BD50EA91
:10082000410606BF1046194652EA430619D094EA1B
:100830000C0F02D150EA013613D195EA0C0F05D105
:1008400052EA03361CBF104619460AD181EA030159
:1008500001F0004141F0FE4141F470014FF0000011
:1008600070BD41F0FE4141F4780170BD70B54FF0AC
:10087000FF0C4CF4E06C1CEA11541DBF1CEA13552C
:1008800094EA0C0F95EA0C0F00F0A7F8A4EB05040E
:1008900081EA030E52EA03354FEA013100F0888005
:1008A0004FEA03334FF0805545EA131343EA1263CE
:1008B0004FEA022245EA111545EA10654FEA002683
:1008C0000EF000419D4208BF964244F1FD0404F53C
:1008D000407402D25B084FEA3202B61A65EB030598
:1008E0005B084FEA32024FF480104FF4002CB6EB55
:1008F000020E75EB030E22BFB61A754640EA0C00D5
:100900005B084FEA3202B6EB020E75EB030E22BF14
:10091000B61A754640EA5C005B084FEA3202B6EB55
:10092000020E75EB030E22BFB61A754640EA9C0014
:100930005B084FEA3202B6EB020E75EB030E22BFE4
:10094000B61A754640EADC0055EA060E18D04FEAA2
:10095000051545EA16754FEA06164FEAC30343EA42
:1009600052734FEAC2025FEA1C1CC0D111F4801F0F
:100970000BD141EA00014FF000004FF0004CB6E708
:1009800011F4801F04BF01430020B4F1FD0C88BFA7
:10099000BCF5E06F3FF6AFAEB5EB030C04BFB6EBB2
:1009A000020C5FEA500C50F1000041EB045170BDA5
:1009B0000EF0004E4EEA113114EB5C04C2BFD4EBD2
:1009C0000C0541EA045170BD41F480114FF0000E56
:1009D000013C90E645EA060E8DE60CEA135594EAD2
:1009E0000C0F08BF95EA0C0F3FF43BAF94EA0C0FD5
:1009F0000AD150EA01347FF434AF95EA0C0F7FF44A
:100A000025AF104619462CE795EA0C0F06D152EA9D
:100A100003353FF4FDAE1046194622E750EA410681
:100A200018BF52EA43067FF4C5AE50EA41047FF492
:100A30000DAF52EA43057FF4EBAE12E74FF0FF3CF7
:100A400006E000BF4FF0010C02E000BF4FF0010CC8
:100A50004DF804CD4FEA410C7FEA6C5C4FEA430C41
:100A600018BF7FEA6C5C1BD001B050EA410C0CBF90
:100A700052EA430C91EA030F02BF90EA020F0020F2
:100A8000704710F1000F91EA030F58BF994208BF59
:100A900090422CBFD8176FEAE37040F00100704716
:100AA0004FEA410C7FEA6C5C02D150EA013C07D16D
:100AB0004FEA430C7FEA6C5CD6D152EA033CD3D0B8
:100AC0005DF8040B704700BF8446104662468C46B2
:100AD0001946634600E000BF01B5FFF7B7FF0028E5
:100AE00048BF10F1000F01BD4DF808EDFFF7F4FF0E
:100AF0000CBF012000205DF808FB00BF4DF808ED99
:100B0000FFF7EAFF34BF012000205DF808FB00BFBB
:100B10004DF808EDFFF7E0FF94BF012000205DF8DD
:100B200008FB00BF4DF808EDFFF7CEFF94BF012092
:100B300000205DF808FB00BF4DF808EDFFF7C4FF8B
:100B400034BF012000205DF808FB00BF4FEA410CD4
:100B50007FEA6C5C02D150EA013C0AD14FEA430CB7
:100B60007FEA6C5C02D152EA033C02D14FF00000F4
:100B700070474FF0010070474FEA410212F5001232
:100B800015D211D56FF47873B3EB625212D94FEAD4
:100B9000C12343F0004343EA505311F0004F23FABE
:100BA00002F018BF404270474FF00000704750EA13
:100BB000013005D111F0004008BF6FF000407047D0
:100BC0004FF00000704700BF4A0011D212F500122A
:100BD00011D20DD56FF47873B3EB62520ED44FEA95
:100BE000C12343F0004343EA505323FA02F0704715
:100BF0004FF00000704750EA013002D14FF0FF3053
:100C000070474FF0000070474FEA4102B2F1E043F5
:100C100024BFB3F5001CDCF1FE5C0DD901F0004CE3
:100C20004FEAC0024CEA5070B2F1004F40EB830033
:100C300008BF20F00100704711F0804F21D113F15F
:100C40003872BCBF01F00040704741F480114FEA98
:100C50005252C2F11802C2F1200C10FA0CF320FA21
:100C600002F018BF40F001004FEAC1234FEAD3233E
:100C700003FA0CFC40EA0C0023FA02F34FEA4303A8
:100C8000CCE77FEA625307D150EA01331EBF4FF031
:100C9000FE4040F44000704701F0004040F0FE404C
:100CA00040F40000704700BF7BB972B90029BEBF95
:100CB00000204FF0004106E008BF00281CBF6FF085
:100CC00000414FF0FF3000F0EBB9ADF1080C6DE9D9
:100CD00004CE002909DB002B1ADB00F083F8DDF8D5
:100CE00004E0DDE9022304B07047404261EB4101BA
:100CF000002B1BDB00F076F8DDF804E0DDE90223D1
:100D000004B0404261EB4101524263EB4303704740
:100D1000524263EB430300F065F8DDF804E0DDE9DF
:100D2000022304B0404261EB41017047524263EB41
:100D3000430300F057F8DDF804E0DDE9022304B0D6
:100D4000524263EB4303704753B94AB9002908BFC5
:100D500000281CBF4FF0FF314FF0FF3000F0A0B96A
:100D6000ADF1080C6DE904CE00F03CF8DDF804E0CC
:100D7000DDE9022304B0704738B5002200230446A1
:100D80000D46FFF7BBFE28B920462946BDE838408E
:100D900000F00AB8204605F1004100F005F8404295
:100DA00061EB410138BD00BFD0B50C4B00220646B7
:100DB0000F46FFF731FCFFF707FF0446FFF7B2FBD2
:100DC000074B0022FFF728FC02460B463046394607
:100DD000FFF76AFAFFF7F8FE2146D0BD0000F03DAC
:100DE0000000F0412DE9F047089D0C46002B4ED144
:100DF00094468C458646B2FA82F262D94AB1C2F173
:100E00002003914020FA03F30CFA02FC194300FA84
:100E100002FE4FEA1C471FFA8CF6B1FBF7F44FEACB
:100E20001E4307FB141143EA014304FB06F19942F8
:100E30000AD91CEB030304F1FF3080F012819942C0
:100E400040F20F81023C6344591A1FFA8EF3B1FB42
:100E5000F7F007FB101143EA014300FB06F69E4240
:100E60000AD91CEB030300F1FF3180F0FC809E42A5
:100E700040F2F980634402389B1B40EA04400021A1
:100E80001DB1D3400022C5E90032BDE8F0878B4296
:100E900005D90DB1C5E9000100210846F5E7B3FA0F
:100EA00083F1002946D1A34202D39042C0F0F080E2
:100EB000861A64EB03030120002DE6D0C5E9006328
:100EC000E3E7002A40F09080A1EB0C044FEA1C48B5
:100ED0001FFA8CF70121B4FBF8F64FEA1E4308FB1A
:100EE000164443EA044307FB06F0984208D91CEB7A
:100EF000030306F1FF3402D2984200F2CD80264669
:100F00001C1A1FFA8EF3B4FBF8F008FB104443EAF6
:100F1000044300FB07F79F4208D91CEB030300F1D1
:100F2000FF3402D29F4200F2B0802046DB1B40EA31
:100F30000640A5E7C1F120068B4022FA06F71F43C1
:100F400020FA06FC04FA01F343EA0C03F44000FA29
:100F500001F8380C4FEA1349B4FBF0FE1FFA87FC86
:100F600000FB1E4449EA04440EFB0CF9A14502FAB9
:100F700001F20AD93C190EF1FF3A80F08480A145B4
:100F800040F28180AEF1020E3C44A4EB09041FFA4A
:100F900083F9B4FBF0F300FB134449EA044403FB78
:100FA0000CFCA44507D93C1903F1FF3067D2A445D6
:100FB00065D9023B3C4443EA0E40A0FB0293A4EBFC
:100FC0000C049C42CE469C4651D34ED055B1B8EB52
:100FD0000E0364EB0C0404FA06F6CB401E43CC402F
:100FE000C5E90064002150E7C2F1200320FA03F1B3
:100FF0000CFA02FC24FA03F394400C434FEA1C4819
:1010000000FA02FE1FFA8CF7B3FBF8F008FB103170
:10101000230C43EA014300FB07F1994208D91CEB7A
:10102000030300F1FF362CD299422AD902386344D7
:101030005B1AA4B2B3FBF8F108FB113344EA034492
:1010400001FB07F3A34208D91CEB040401F1FF36AE
:1010500013D2A34211D902396444E41A41EA00418F
:1010600039E70446F0E6084606E7C845AED2B9EBD4
:10107000020E63EB070C0138A8E73146EDE70346A3
:1010800099E73046D4E7D6467FE7634402384DE718
:101090000646234608460FE7023E634430E700BF9A
:1010A000704700BF80B584B004AF10F09BFE00F025
:1010B000A5F900F05FFC00F017FC00F03FFD00F028
:1010C0001BFA00F047FA00F073FA00F035FB00F06D
:1010D00055FB00F089FB00F0DDFB19F099FD00F0F5
:1010E00095FA00F0ABFB00F0F3F902F0C9FC0346FF
:1010F00001221946844817F0F8FF02F0B7FC0346B6
:1011000001221946814817F0F0FF41F2883000F0C3
:10111000F1FD07F033FE7E4B93F82F30012B18D1F1
:10112000CE227C497A4802F0A9FD7A4B5B78F02BFD
:101130000FD1784B9B78052B0BD1774808F0FEFB3D
:10114000744B1B7A002B14BF01230023DAB2734BBC
:101150001A70724B1B7883F00103DBB2002B03D0B3
:101160000021002002F02AFC00F06EFF06F03AFB9E
:101170006B4B1B7842F6D07219466A4826F049F844
:1011800064220021684826F044F864220021674860
:1011900026F03FF8664B0293664B019303230093BE
:1011A00000234FF44072644964481BF020F9034661
:1011B000634A1360634B0293634B019303230093D1
:1011C00000234FF44072614961481BF010F9034657
:1011D000604A1360604B0293604B019303230093BA
:1011E00000234FF440725E495E481BF000F903464D
:1011F0005D4A13605D4B02935D4B019303230093A3
:1012000000234FF4A0625B495B481BF0F0F80346F3
:101210005A4A13605A4B02935A4B0193032300938B
:1012200000234FF44072584958481BF0E0F8034639
:10123000574A1360574B0293574B01930323009374
:1012400000234FF44072554955481BF0D0F803462F
:10125000544A1360544B01930123009300234FF42D
:10126000A062524952481BF026F9524B01930223C7
:101270000093002340F6B8424F4950481BF01BF939
:101280004F4B01930223009300234FF410624D490A
:101290004D481BF010F94D4B01930223009300239E
:1012A0004FF400724A494B481BF005F94A4B019331
:1012B0000223009300234FF44072484948481BF032
:1012C000FAF8484B01930223009300234FF4007275
:1012D000454946481BF0EFF8454B01930123009325
:1012E00000234FF4A062434943481BF0E4F804F0A4
:1012F0003DFD274B1B68184607F08AFD08F0D0F922
:101300001BF0CCFA00BFFDE7C40800207C080020D9
:10131000A016002010160020131600206D020020D9
:1013200082020020007D00648C170020F01700204E
:10133000A0100010A0040010F0A8020851A200089C
:1013400078220020401D001040110010F8A802086B
:101350009D840008081A0020E0290010E01D0010FC
:1013600004A902086D510008E0160020803E00101C
:10137000802A001010A90208D9DB0008102A0020DA
:10138000204B0010203F001018A9020839CE000899
:10139000A8220020C0570010C04B001020A902084E
:1013A000898C00084C1C0020DC1C00202CA90208A1
:1013B0003D910008D01C002034A90208B18F00081C
:1013C000D41C00203CA90208318E00083C220020D9
:1013D00044A90208559C00084022002048A90208A0
:1013E000CD9D0008382200204CA90208899A0008E7
:1013F000D81C002054A902085D53000880B594B0A1
:1014000000AF07F1200330220021184625F001FF2C
:1014100007F10C0300221A605A609A60DA601A61C0
:101420000023BB60284B1B6C274A43F08053136496
:10143000254B1B6C03F08053BB60BB6800237B60B3
:10144000224B1B68214A43F4804313601F4B1B68E7
:1014500003F480437B607B680A233B620123FB62C9
:1014600010233B6301237B630223BB630023FB63E5
:1014700008233B6454237B640223BB640423FB6482
:1014800007F12003184613F02BFD0346002B01D073
:1014900000F048FE0F23FB6002233B6180237B6149
:1014A0000023BB610023FB6107F10C0301211846F7
:1014B00013F08EFF0346002B01D000F033FE00BF77
:1014C0005037BD4680BD00BF00380240007000406C
:1014D00080B500AF064B074A1A60054810F0CCFDF6
:1014E0000346002B01D000F01DFE00BF80BD00BFF1
:1014F000FC0400200030024080B500AF124B134ABC
:101500001A60114B124A5A600F4B00229A600E4B20
:101510000022DA600C4B4FF480421A610A4B002221
:101520005A61094B00229A61074B0022DA61064B8F
:1015300000221A62044812F02FF80346002B01D053
:1015400000F0F0FD00BF80BD040500200054004005
:10155000A086010080B500AF124B134A1A60114BF0
:10156000124A5A600F4B00229A600E4B0022DA603A
:101570000C4B4FF480421A610A4B00225A61094B0E
:1015800000229A61074B0022DA61064B00221A62A0
:10159000044812F001F80346002B01D000F0C2FD10
:1015A00000BF80BD5805002000580040A086010003
:1015B00080B500AF124B134A1A60114B124A5A60A1
:1015C0000F4B00229A600E4B0022DA600C4B4FF456
:1015D00080421A610A4B00225A61094B00229A612B
:1015E000074B0022DA61064B00221A62044811F010
:1015F000D3FF0346002B01D000F094FD00BF80BD57
:10160000AC050020005C0040A086010080B590B0D1
:1016100000AF07F12C0300221A605A609A60DA606A
:101620001A610023BB623B4628220021184625F0A0
:10163000F0FD3F4B3F4A1A603D4B00225A603C4B45
:101640007F229A603A4BFF22DA60394B00221A61FE
:10165000374B00225A61364B00229A61344814F00D
:10166000ABF90346002B01D000F05CFD002387F8A6
:101670002C30002387F82D30002387F82E300023EC
:10168000BB630023FB6307F12C03012219462848A2
:1016900014F015FA0346002B01D000F043FD02239D
:1016A00087F82830042387F82930282387F82A3040
:1016B000252387F82B3007F12803012219461C48FF
:1016C00014F0F5FA0346002B01D000F02BFD0023A7
:1016D0003B7001237B700023BB7000237B600023E1
:1016E000FB6000233B614FF000437B610023BB6143
:1016F0000023FB61012387F820304FF480737B6265
:101700003B46012219460A4814F0A4FB0346002B6D
:1017100001D000F007FD00220521292010F074FC03
:10172000292010F08DFC00BF4037BD4680BD00BFB2
:10173000000600200028004080B400AF0D4B0E4A88
:101740001A600C4B00225A600A4B00229A60094B27
:101750000022DA60074B00221A61064B4FF48042E8
:101760005A61044B04229A6100BFBD465DF8047BB8
:10177000704700BF20060020002C014080B500AF5C
:10178000174B184A1A60164B4FF482725A60144B6A
:1017900000229A60124B0022DA60114B00221A617B
:1017A0000F4B00225A610E4B4FF400729A610C4BA2
:1017B0001022DA610A4B00221A62094B00225A6297
:1017C000074B00229A62064B0A22DA62044815F09F
:1017D000FCFF0346002B01D000F0A4FC00BF80BD3D
:1017E00064070020003C004080B500AF114B124A56
:1017F0001A60104B4FF416525A600E4B00229A603A
:101800000C4B0022DA600B4B00221A61094B0C22B0
:101810005A61084B00229A61064B0022DA610548A2
:1018200017F088FB0346002B01D000F07BFC00BFC3
:1018300080BD00BF7C080020004C004080B500AF98
:10184000124B134A1A60114B4FF4E1325A600F4B9E
:101850004FF480529A600D4B0022DA600B4B4FF42C
:1018600080621A61094B0C225A61084B00229A616E
:10187000064B0022DA61054817F05CFB0346002B9B
:1018800001D000F04FFC00BF80BD00BFC4080020A5
:101890000048004080B500AF114B124A1A60104B4F
:1018A0004FF4E1325A600E4B00229A600C4B00223A
:1018B000DA600B4B00221A61094B0C225A61084B6B
:1018C00000229A61064B0022DA61054817F032FBCC
:1018D0000346002B01D000F025FC00BF80BD00BFF7
:1018E0000C0900200014014080B582B000AF002335
:1018F0007B601F4B1B6B1E4A43F4800313631C4B1E
:101900001B6B03F480037B607B6800233B60184BF8
:101910001B6B174A43F400131363154B1B6B03F443
:1019200000133B603B68002205210B2010F06CFB8C
:101930000B2010F085FB00220521102010F064FB25
:10194000102010F07DFB002205213B2010F05CFBF5
:101950003B2010F075FB00220521452010F054FBC0
:10196000452010F06DFB00BF0837BD4680BD00BFAD
:101970000038024080B58EB000AF07F1240300228A
:101980001A605A609A60DA601A6100233B62664B03
:101990001B6B654A43F004031363634B1B6B03F03B
:1019A00004033B623B6A0023FB615F4B1B6B5E4A97
:1019B00043F0200313635C4B1B6B03F02003FB61BC
:1019C000FB690023BB61584B1B6B574A43F08003F4
:1019D0001363554B1B6B03F08003BB61BB69002392
:1019E0007B61514B1B6B504A43F0010313634E4B19
:1019F0001B6B03F001037B617B6900233B614A4B56
:101A00001B6B494A43F002031363474B1B6B03F004
:101A100002033B613B690023FB60434B1B6B424A63
:101A200043F040031363404B1B6B03F04003FB6028
:101A3000FB680023BB603C4B1B6B3B4A43F010032D
:101A40001363394B1B6B03F01003BB60BB680023AF
:101A50007B60354B1B6B344A43F008031363324BF6
:101A60001B6B03F008037B607B68002242F230218D
:101A70002E4811F039FD00224FF440412C4811F05E
:101A800033FD42F230237B620123BB620023FB6201
:101A900000233B6307F124031946244811F074FA2C
:101AA00004237B624FF48813BB620023FB6207F1BF
:101AB000240319461F4811F067FA4FF400737B6244
:101AC0004FF48813BB620023FB6207F1240319461D
:101AD000174811F059FA4FF480737B620023BB6200
:101AE0000023FB6207F124031946134811F04CFA56
:101AF0004FF440437B620123BB620023FB6200235F
:101B00003B6307F124031946094811F03DFA00220E
:101B10000021082010F078FA082010F091FA00BF98
:101B20003837BD4680BD00BF003802400008024083
:101B3000001C0240000402400018024080B588B03A
:101B400000AF3B1D00221A605A609A60DA601A6189
:101B50005A619A614C4B4FF020421A604A4B4B4AF3
:101B60005A60494B00229A60474B0022DA60464B8C
:101B700000221A61444B10225A61434B00229A61A1
:101B8000414B0022DA61404B00221A623E4B002298
:101B90005A623D4B4FF480529A623B4B0022DA620C
:101BA000394B00221A63384B00225A63364B00220D
:101BB0009A63354B00225A640F237B600F23BB606E
:101BC000FF23FB600F233B6110237B611123BB616B
:101BD0000023FB613B1D002219462B4816F0C0FE76
:101BE0000346002B01D000F09DFA294B4FF0204214
:101BF0001A60274B254A5A60254B02229A60244BD3
:101C00000022DA60224B00221A61214B10225A6115
:101C10001F4B00229A611E4B0022DA611C4B0022EE
:101C20001A621B4B00225A62194B4FF480529A627F
:101C3000174B0022DA62164B00221A63144B002263
:101C40005A63134B00229A63114B00225A640F23EC
:101C50007B600F23BB60FF23FB600F233B611023DE
:101C60007B611123BB610023FB613B1D00221946F0
:101C7000074816F075FE0346002B01D000F052FA1B
:101C800000BF2037BD4680BD54090020040100A0DC
:101C9000A409002080B485B000AF78607B681B6821
:101CA000064A934203D17B685B6DFB6000BF00BFB7
:101CB0001437BD465DF8047B704700BF003C004010
:101CC00080B582B000AF1BF049FC0346012B09D060
:101CD000EFF305837B607B68002B03D11AF042FF92
:101CE000034601E0024B1B6818460837BD4680BD1D
:101CF000202A00202DE9B04F86B000AF78601BF09D
:101D00002DFC0346012B42D0EFF30583FB60FB68FB
:101D1000002B3CD17B6800229846914642464B46B8
:101D20004FF000004FF00001590141EAD26150012B
:101D300002460B46B2EB080463EB09054FF00002C4
:101D40004FF00003AB0043EA9473A20014461D4613
:101D500014EB080A45EB090B4FF000024FF00003AB
:101D60004FEACB0343EA5A734FEACA0292469B46B4
:101D7000504659464FF47A724FF00003FEF7E4FFE5
:101D800002460B46134618461AF0EAFC18E0FFF725
:101D900097FF38617B687B617B69B3F1FF3F05D0BA
:101DA0000A4B1B781A467B6913447B6100BFFFF71F
:101DB00087FF02463B69D31A7A699A42F7D800BF77
:101DC00000BF1837BD46BDE8B08F00BF98020020A5
:101DD00080B582B000AF00237B600B4B1B683A1DBF
:101DE0001146184619F04CFE7B68002B07D0074BB4
:101DF0004FF080521A60BFF34F8FBFF36F8F00BF59
:101E00000837BD4680BD00BF0422002004ED00E07D
:101E100080B582B000AF00237B600B4B1B683A1D7E
:101E20001146184619F02CFE7B68002B07D0074B93
:101E30004FF080521A60BFF34F8FBFF36F8F00BF18
:101E40000837BD4680BD00BF0022002004ED00E041
:101E500080B584B000AF78600023FB607B681B68AE
:101E60000C4A934212D10C4B1B6807F10C0211462D
:101E7000184619F005FEFB68002B07D0074B4FF002
:101E800080521A60BFF34F8FBFF36F8F00BF1037C0
:101E9000BD4680BD003C00400822002004ED00E06B
:101EA00080B584B000AF78600023BB607B681B689E
:101EB000544A93422BD101F0E3FD03461B78FB7398
:101EC000514B1B68002B14D04F4B186807F10802C8
:101ED00007F10F01002319F01DFDBB68002B0DD089
:101EE0004A4B4FF080521A60BFF34F8FBFF36F8F92
:101EF00004E0FB7B1946464801F0CCFD01F0C0FD33
:101F0000034601221946434817F0EFF85AE07B6870
:101F10001B68414A93422BD101F0A8FD03461B7870
:101F2000FB733E4B1B68002B14D03C4B186807F129
:101F3000080207F10F01002319F0ECFCBB68002B2D
:101F40000DD0324B4FF080521A60BFF34F8FBFF36A
:101F50006F8F04E0FB7B19462D4801F09BFD01F0DB
:101F600085FD0346012219462D4817F0BEF829E0E9
:101F70007B681B682B4A934224D105F053FC03462F
:101F80001B78FB73254B1B68002B13D0264B18685E
:101F900007F1080207F10F01002319F0BBFCBB6831
:101FA000002B07D0194B4FF080521A60BFF34F8FB0
:101FB000BFF36F8F05F036FC0346012219461B481C
:101FC00017F093F81BF0CAFA0346012B16D0184BF2
:101FD0001B68002B12D0164B1B6807F1080200216A
:101FE00018461BF041FFBB68002B07D0074B4FF092
:101FF00080521A60BFF34F8FBFF36F8F00BF10374F
:10200000BD4680BD00480040501C002004ED00E0AB
:10201000A0160020C4080020004C0040541C0020E2
:102020007C08002000140140581C00200C090020EE
:10203000102A002080B483B000AF786000BF0C3756
:10204000BD465DF8047B704780B400AF114B1B6840
:10205000104A23F4405313600E4B1B680D4A43F49F
:10206000805313600B4B5B680A4A23F040035360B4
:10207000084B9B68074A23F440539360054BDB6889
:10208000044A23F44053D36000BFBD465DF8047B8F
:10209000704700BF0008024080B485B000AFF86010
:1020A000B9607A60FB68074A1A60BB68064A1A6022
:1020B0007B684FF480721A6000BF1437BD465DF82C
:1020C000047B7047F4090020940A002080B485B096
:1020D00000AFF860B9607A60FB68074A1A60BB68B5
:1020E000064A1A607B684FF4C0721A6000BF14374A
:1020F000BD465DF8047B7047940E0020340F00202D
:1021000080B582B000AF78607B681B68044A934258
:1021100001D10FF089FE00BF0837BD4680BD00BF6A
:102120000014004080B400AF72B600BF00BFFDE7EE
:1021300080B483B000AF00237B60104B5B6C0F4A10
:1021400043F4804353640D4B5B6C03F480437B602A
:102150007B6800233B60094B1B6C084A43F08053AB
:102160001364064B1B6C03F080533B603B6800BF5D
:102170000C37BD465DF8047B704700BF0038024055
:1021800080B485B000AF78607B681B680B4A9342CF
:102190000DD10023FB600A4B1B6B094A43F48053AB
:1021A0001363074B1B6B03F48053FB60FB6800BF9A
:1021B0001437BD465DF8047B704700BF0030024015
:1021C0000038024080B58EB000AF786007F124037C
:1021D00000221A605A609A60DA601A617B681B6894
:1021E0004B4A93422CD100233B624A4B1B6B494A1A
:1021F00043F002031363474B1B6B03F002033B6284
:102200003B6AC0237B621223BB620023FB62032371
:102210003B6304237B6307F1240319463E4810F017
:10222000B3FE0023FB613B4B1B6C3A4A43F40013A3
:102230001364384B1B6C03F40013FB61FB6963E010
:102240007B681B68354A93422CD10023BB61314B1C
:102250001B6B304A43F0800313632E4B1B6B03F060
:102260008003BB61BB6930237B621223BB62002306
:10227000FB6203233B6304237B6307F124031946BA
:10228000274810F081FE00237B61224B1B6C214A02
:1022900043F4800313641F4B1B6C03F480037B61C6
:1022A0007B6931E07B681B681E4A93422CD1002376
:1022B0003B61184B1B6B174A43F080031363154BAC
:1022C0001B6B03F080033B613B694FF4C0737B627F
:1022D0001223BB620023FB6203233B6304237B6363
:1022E00007F1240319460E4810F04EFE0023FB6050
:1022F000084B1B6C074A43F400031364054B1B6C2B
:1023000003F40003FB60FB6800BF3837BD4680BDA7
:1023100000540040003802400004024000580040D1
:10232000001C0240005C004080B586B000AF7860C1
:1023300007F1080300221A605A609A60DA607B682D
:102340001B68104A934219D10223BB604FF40073FB
:102350007B6107F10803184613F04CFA0346002B83
:1023600001D0FFF7DFFE084B01221A600022052191
:1023700029200FF049FE29200FF062FE00BF183718
:10238000BD4680BD002800403C0E474280B58AB063
:1023900000AF786007F1140300221A605A609A6057
:1023A000DA601A617B681B68764A934240F0E680E7
:1023B00000233B61744B5B6C734A43F400635364CA
:1023C000714B5B6C03F400633B613B690023FB6072
:1023D0006D4B1B6B6C4A43F0040313636A4B1B6B1E
:1023E00003F00403FB60FB680023BB60664B1B6BC0
:1023F000654A43F008031363634B1B6B03F0080348
:10240000BB60BB684FF480737B610223BB61012317
:10241000FB6103233B620C237B6207F11403194623
:102420005A4810F0B1FD4FF480537B610223BB6129
:102430000023FB6103233B620C237B6207F114033F
:102440001946524810F0A0FD04237B610223BB61B2
:102450000123FB6103233B620C237B6207F114031E
:1024600019464B4810F090FD4A4B4B4A1A60494BB5
:102470004FF000625A60474B00229A60454B0022A1
:10248000DA60444B4FF480621A61424B4FF4805241
:102490005A61404B4FF480429A613E4B2022DA61F0
:1024A0003C4B00221A623B4B04225A62394B0322F6
:1024B0009A62384B0022DA62364B00221A633548A2
:1024C0000FF02AFE0346002B01D0FFF72BFE7B689E
:1024D000304A1A642F4A7B689363304B304A1A6043
:1024E0002E4B4FF000625A602C4B40229A602B4BCF
:1024F0000022DA60294B4FF480621A61274B4FF4B7
:1025000080525A61254B4FF480429A61234B20221E
:10251000DA61224B00221A62204B04225A621F4BBE
:1025200003229A621D4B0022DA621C4B00221A63BE
:102530001A480FF0F1FD0346002B01D0FFF7F2FD22
:102540007B68164ADA63154A7B689363002205218B
:1025500031200FF059FD31200FF072FD00220521CE
:102560003B200FF051FD3B200FF06AFD00220521BA
:1025700045200FF049FD45200FF062FD00BF2837D0
:10258000BD4680BD002C01400038024000080240DA
:10259000000C0240A40600205864024004070020FA
:1025A000A064024080B582B000AF78607B681B6891
:1025B000114A93421BD1114B5B6C104A23F4006308
:1025C00053644FF488510E4810F07AFE04210D48F0
:1025D00010F076FE7B681B6C18460FF04BFE7B6894
:1025E000DB6B18460FF046FE31200FF037FD00BFC1
:1025F0000837BD4680BD00BF002C014000380240B6
:1026000000080240000C024080B58AB000AF78603C
:1026100007F1140300221A605A609A60DA601A61A6
:102620007B681B685A4A934240F0AD8000233B61AF
:10263000584B1B6C574A43F400431364554B1B6CB7
:1026400003F400433B613B690023FB60514B1B6B70
:10265000504A43F0040313634E4B1B6B03F0040317
:10266000FB60FB680023BB604A4B1B6B494A43F08D
:1026700002031363474B1B6B03F00203BB60BB6891
:102680004FF440637B610223BB610023FB610323A2
:102690003B6206237B6207F1140319463E4810F0A3
:1026A00073FC20237B610223BB610023FB610323B6
:1026B0003B6206237B6207F114031946374810F08A
:1026C00063FC374B374A1A60354B00225A60344B53
:1026D00000229A60324B0022DA60314B4FF4806264
:1026E0001A612F4B00225A612D4B00229A612C4B0C
:1026F0000022DA612A4B00221A62294B00225A6218
:1027000027480FF009FD0346002B01D0FFF70AFD13
:102710007B68234ADA64224A7B689363224B234A0C
:102720001A60214B00225A601F4B40229A601E4BB8
:102730000022DA601C4B4FF480621A611A4B0022AF
:102740005A61194B00229A61174B0022DA61164B2D
:1027500000221A62144B00225A6213480FF0DCFC6C
:102760000346002B01D0FFF7DDFC7B680E4A9A641C
:102770000D4A7B6893630022052133200FF044FC4F
:1027800033200FF05DFC00BF2837BD4680BD00BF81
:10279000003C0040003802400008024000040240B3
:1027A000BC070020106002401C0800208860024026
:1027B00080B58EB000AF786007F1240300221A6064
:1027C0005A609A60DA601A617B681B68574A9342C4
:1027D00034D100233B62564B1B6C554A43F4002313
:1027E0001364534B1B6C03F400233B623B6A0023CE
:1027F000FB614F4B1B6B4E4A43F0010313634C4B81
:102800001B6B03F00103FB61FB6903237B62022363
:10281000BB620023FB6203233B6308237B6307F156
:1028200024031946434810F0AFFB00220521342051
:102830000FF0EAFB34200FF003FC73E07B681B68A9
:102840003D4A934235D10023BB61394B1B6C384A5A
:1028500043F480231364364B1B6C03F48023BB6169
:10286000BB6900237B61324B1B6B314A43F002038F
:1028700013632F4B1B6B03F002037B617B694FF4E7
:1028800040637B620223BB620023FB6203233B6342
:1028900007237B6307F124031946284810F074FBD3
:1028A0000022052127200FF0AFFB27200FF0C8FBE7
:1028B00038E07B681B68224A934233D100233B6196
:1028C0001B4B5B6C1A4A43F020035364184B5B6C40
:1028D00003F020033B613B690023FB60144B1B6B3F
:1028E000134A43F004031363114B1B6B03F00403FF
:1028F000FB60FB68C0237B620223BB620023FB6298
:1029000003233B6308237B6307F1240319460D4827
:1029100010F03AFB0022052147200FF075FB4720FD
:102920000FF08EFB00BF3837BD4680BD004C004025
:10293000003802400000024000480040000402400D
:10294000001401400008024080B586B000AF3B1D76
:1029500000221A605A609A60DA601A612C4B1B6878
:10296000002B51D12A4B01221A6000233B60294BD6
:102970009B6B284A43F001039363264B9B6B03F048
:1029800001033B603B684FF23F037B600223BB6067
:102990000023FB6003233B610C237B613B1D194635
:1029A0001D4810F0F1FA40F23F237B600223BB6028
:1029B0000023FB6003233B610C237B613B1D194615
:1029C000164810F0E1FA4FF683737B600223BB6078
:1029D0000023FB6003233B610C237B613B1D1946F5
:1029E0000F4810F0D1FA4DF6B3737B600223BB6041
:1029F0000023FB6003233B610C237B613B1D1946D5
:102A0000084810F0C1FA00E000BF1837BD4680BD8D
:102A10003415002000380240001402400018024023
:102A200000100240000C024080B582B000AF786018
:102A3000FFF78AFF00BF0837BD4680BD80B58EB066
:102A400000AF78600023FB620023BB620023FB60C1
:102A5000334B1B6C324A43F020031364304B1B6C26
:102A600003F02003FB60FB6807F1100207F1140379
:102A70001146184612F08CFE3B6AFB62FB6A002B83
:102A800003D112F05DFE786304E012F059FE0346B4
:102A90005B007B637B6B234AA2FB03239B0C013B04
:102AA000BB62214B214A1A601F4B40F2E732DA60C9
:102AB0001D4ABB6A53601C4B00221A611A4B00224C
:102AC0009A60194B00229A61174815F091FF03464E
:102AD00087F8333097F83330002B1BD1124815F0AC
:102AE000E1FF034687F8333097F83330002B11D1DC
:102AF00037200FF0A5FA7B680F2B08D800227968E1
:102B000037200FF081FA0A4A7B68136002E0012344
:102B100087F8333097F8333018463837BD4680BDD4
:102B20000038024083DE1B433815002000140040AB
:102B30009402002080B400AF00BFFDE780B400AF76
:102B400000BFFDE780B400AF00BFFDE780B400AF79
:102B500000BFFDE780B400AF00BFFDE780B400AF69
:102B600000BFBD465DF8047B704780B500AF042010
:102B700010F0EEFC00BF80BD80B500AF02480FF042
:102B8000C1FC00BF80BD00BFBC07002080B500AF06
:102B900002480FF0B7FC00BF80BD00BF1C0800203A
:102BA00080B500AF024816F0C5FA00BF80BD00BF77
:102BB000C408002080B500AF024813F08FFA00BFB0
:102BC00080BD00BF0006002080B500AF024813F0B2
:102BD000D7FF00BF80BD00BF2006002080B500AF3A
:102BE000024815F07DFB00BF80BD00BF64070020D8
:102BF00080B500AF024816F09DFA00BF80BD00BF4F
:102C00007C08002080B500AF024815F0BBFF00BF74
:102C100080BD00BF3815002080B500AF02480FF01E
:102C200071FC00BF80BD00BFA406002080B500AFCE
:102C300002480FF067FC00BF80BD00BF0407002002
:102C400080B500AF024816F075FA00BF80BD00BF26
:102C50000C09002080B400AF01231846BD465DF882
:102C6000047B704780B582B000AF7860396025F092
:102C700069F9034616221A604FF0FF3318460837E9
:102C8000BD4680BD80B582B000AF78604FF0FF31A7
:102C90007868FFF7E7FF00BFFDE780B586B000AFBB
:102CA000F860B9607A6000237B610AE0AFF30080CE
:102CB0000146BB685A1CBA60CAB21A707B690133FC
:102CC0007B617A697B689A42F0DB7B68184618372B
:102CD000BD4680BD80B586B000AFF860B9607A604F
:102CE00000237B6109E0BB685A1CBA601B78184658
:102CF000AFF300807B6901337B617A697B689A421C
:102D0000F1DB7B6818461837BD4680BD80B483B0C0
:102D100000AF78604FF0FF3318460C37BD465DF8C2
:102D2000047B704780B483B000AF786039603B6843
:102D30004FF400525A60002318460C37BD465DF828
:102D4000047B704780B483B000AF786001231846DD
:102D50000C37BD465DF8047B704780B485B000AF8A
:102D6000F860B9607A60002318461437BD465DF8F4
:102D7000047B704780B586B000AF7860144A154B6D
:102D8000D31A7B617B693B61134B1B68002B02D11B
:102D9000114B124A1A60104B1A687B6813443A6947
:102DA0009A4207D225F0CEF803460C221A604FF063
:102DB000FF3309E0084B1B68FB60074B1A687B6810
:102DC0001344054A1360FB6818461837BD4680BD9A
:102DD00000000220000400008415002000000060B4
:102DE00080B400AF064BD3F88830054A43F4700333
:102DF000C2F8883000BFBD465DF8047B704700BF55
:102E000000ED00E0DFF834D0FFF7EAFF0C480D4991
:102E10000D4A002302E0D458C4500433C4188C4235
:102E2000F9D30A4A0A4C002301E013600432A2429B
:102E3000FBD325F08DF8FEF735F97047000002202E
:102E400000000020E004002050C70208E004002039
:102E500088660120FEE780B588B004AF7860232340
:102E6000BB73642302930123019307F10E030093C4
:102E700001232122D221786811F002F80346FB7366
:102E8000FB7B002B01D0FB7B6EE000237B73642374
:102E900002930123019307F10D03009301232222E2
:102EA000D221786810F0ECFF0346FB73FB7B002B0C
:102EB00001D0FB7B58E000233B7364230293012382
:102EC000019307F10C03009301232322D221786898
:102ED00010F0D6FF0346FB73FB7B002B01D0FB7B7E
:102EE00042E00023FB72642302930123019307F164
:102EF0000B03009301232522D221786810F0C0FF34
:102F00000346FB73FB7B002B01D0FB7B2CE01323E0
:102F1000BB72642302930123019307F10A03009318
:102F200001232422D221786810F0AAFF0346FB7304
:102F3000FB7B002B01D0FB7B16E00F237B7264230D
:102F400002930123019307F1090300930123202237
:102F5000D221786810F094FF0346FB73FB7B002BB3
:102F600001D0FB7B00E0002318461037BD4680BD32
:102F700080B588B004AF78603960354B1B684FF07E
:102F8000FF31184618F006FF6423029306230193CD
:102F900007F1080300930123A822D221786811F0D9
:102FA00069F80346002B01D001234CE0284B186838
:102FB00000230022002118F0ABFB7B7A1B021AB21F
:102FC0003B7A1BB213431AB23B685A84FB7A1B024A
:102FD0001AB2BB7A1BB213431AB23B689A847B7B4A
:102FE0001B021AB23B7B1BB213431AB23B68DA8452
:102FF0003B68B3F9223007EE903AF8EEE77A9FED9E
:10300000157A67EE877A3B68C3ED037A3B68B3F9BC
:10301000243007EE903AF8EEE77A9FED0E7A67EEED
:10302000877A3B68C3ED047A3B68B3F9263007EE34
:10303000903AF8EEE77A9FED077A67EE877A3B6879
:10304000C3ED057A002318461037BD4680BD00BF8A
:1030500010220020295C0F3C80B588B004AF786056
:103060004FF40873FB81642302930223019307F159
:103070000E030093012301229021786810F000FFD5
:1030800000BF1037BD4680BD80B588B004AF786002
:103090003960214B1B684FF0FF31184618F07AFE5B
:1030A000642302930223019307F10C03009301238D
:1030B00000229021786810F0DDFF174B186800237C
:1030C0000022002118F024FB3B7B1B021AB27B7B01
:1030D0001BB213431BB29AB23B681A853B681B8D27
:1030E0001846FDF72FFA0AA3D3E90023FDF794FA57
:1030F00002460B4610461946FDF786FD02463B6820
:103100009A6100BF1037BD4680BD00BFAFF300809D
:10311000DE718A8EE4F27F3F1022002080B582B0FB
:1031200000AF78607868FFF796FE7868FFF794FF45
:1031300000BF0837BD4680BD80B582B000AF786063
:10314000396039687868FFF713FF39687868FFF7E6
:103150009BFF322019F004FB3968786800F020F9F1
:1031600000BF0837BD4680BD80B586B002AF78602D
:1031700048F20703BB8107F10C026423009302238A
:103180006021786810F04CFB3220FEF7B3FD20235D
:103190007B7307F10C02642300930223602178689B
:1031A00010F03EFB0120FEF7A5FD00BF1037BD4625
:1031B00080BD80B586B002AF786048F20703BB815E
:1031C00007F10C026423009302236021786810F059
:1031D00027FB3220FEF78EFD40237B7307F10C02A4
:1031E0006423009302236021786810F019FB01200A
:1031F000FEF780FD00BF1037BD4680BD80B58CB0A6
:1032000002AFF860B9607A603B60002387F827302E
:103210000723FB77FB7F3B7501237B755E4B1B68A8
:103220004FF0FF31184618F0B5FD07F11402642382
:10323000009302236021F86810F0F2FA564B1868E8
:1032400000230022002118F063FA0A2019F088FAFE
:103250000623FB77504B1B684FF0FF31184618F0E0
:1032600099FD07F11F026423009301236021F86890
:1032700010F0D6FA07F11E026423009301236021A7
:10328000F86810F0CBFB444B1868002300220021A3
:1032900018F03EFA97F82730013387F82730BB7FC4
:1032A00003F00103002B03D197F82730042BCFD96B
:1032B000BB7F03F00103002B0CD13B684FF00002F1
:1032C0001A603B681A687B681A607B681A68BB687A
:1032D0001A605DE00023FB772F4B1B684FF0FF3136
:1032E000184618F057FD07F11F02642300930123CD
:1032F0006021F86810F094FA07F118026423009333
:1033000006236021F86810F089FB234B186800231E
:103310000022002118F0FCF97B7E1B021AB23B7ED2
:103320001BB213431BB2BB84FB7E1B021AB2BB7ED3
:103330001BB213431BB27B847B7F1B021AB23B7F01
:103340001BB213431BB23B84BB8C07EE903AB8EE22
:10335000677ADFED126AC7EE267ABB68C3ED007AA2
:103360007B8C07EE903AB8EE677ADFED0C6AC7EE19
:10337000267A7B68C3ED007A3B8C07EE903AB8EE74
:10338000677ADFED066AC7EE267A3B68C3ED007AFE
:103390002837BD4680BD00BF102200200000004538
:1033A00080B588B000AF786039607868FFF7DCFEE0
:1033B00007F1140307F1180207F11C017868FFF701
:1033C0001DFF7868FFF7F5FE07F1080307F10C020F
:1033D00007F110017868FFF711FF97ED077AD7ED35
:1033E000047A37EE677AF0EE006AC7EE267A9FED30
:1033F0003E7A67EE877A3B68C3ED007A97ED067AEE
:10340000D7ED037A37EE677AF0EE006AC7EE267AD8
:103410009FED357A67EE877A3B68C3ED017A97EDC9
:10342000057AD7ED027A37EE677AF0EE006AC7EEDA
:10343000267A9FED2D7A67EE877A3B68C3ED027A94
:10344000386800F0D3F83968786800F051F83B68C4
:10345000D3ED007AF0EEE77A17EE900AFDF784F8E4
:103460004FF00002214BFDF701FA02460B461046D1
:103470001946FDF7A9FB03469AB23B689A833B685D
:10348000D3ED017AF0EEE77A17EE900AFDF76CF8CB
:103490004FF00002154BFDF7E9F902460B461046C6
:1034A0001946FDF791FB03469AB23B68DA833B6805
:1034B000D3ED027AF0EEE77A17EE900AFDF754F8B2
:1034C0004FF00002094BFDF7D1F902460B461046BA
:1034D0001946FDF779FB03469AB23B681A8400BF90
:1034E0002037BD4680BD00BF0050C34700002440C8
:1034F00080B485B000AF786039603B68D3ED007A66
:10350000F5EEC07AF1EE10FAACBF01230023FB7395
:103510003B68D3ED017AF5EEC07AF1EE10FAACBF5C
:1035200001230023BB733B68D3ED027AF5EEC07A2A
:10353000F1EE10FAACBF012300237B73FB7B9B00F1
:103540005AB2BB7B5B005BB213435AB297F90D30A2
:1035500013435BB2DAB23B6883F82A2000BF14370A
:10356000BD465DF8047B704780B582B000AF7860DF
:103570001C4B1B68002B31D01A4B1B684FF0FF31DE
:10358000184618F007FC7B681B68174A13607B68B5
:103590005B68154A53607B689B68134A93607B683D
:1035A000DB68114AD3607B681B690F4A13617B6833
:1035B0005B690D4A53617B689B690B4A93617B6829
:1035C000DB69094AD3617B681B6A074A1362054BB2
:1035D000186800230022002118F09AF800BF08376D
:1035E000BD4680BD202200203C02002080B52DED8C
:1035F000028B8AB000AF78607B681B68BB617B6818
:103600005B687B617B689B683B615A4B1B68002B46
:1036100000F09A80574B1B684FF0FF31184618F0A6
:10362000B9FB554BD3ED007A97ED067A77EE676AD2
:10363000514B93ED037AC6EE877AC7ED097A4E4B6C
:10364000D3ED017A97ED057A37EE677A4A4BD3EDE1
:10365000047A87EE278A484BD3ED067AB0EE670AE4
:103660001FF0B2FEB0EE407AD7ED097A67EE277A06
:1036700038EE678A404BD3ED067AB0EE670A1FF04A
:1036800057FEB0EE407AC8EE077AC7ED087A3A4B9B
:10369000D3ED087AB0EE670A1FF04AFEB0EE408A1A
:1036A000354BD3ED077AB0EE670A1FF041FEF0EE1E
:1036B000407A28EE277AF7EE006AC6EE877AC7EDE1
:1036C000037A2D4BD3ED027A97ED047A37EE677AC1
:1036D000294BD3ED057A87EE278A274BD3ED077A5E
:1036E000B0EE670A1FF070FEB0EE407AD7ED097AAF
:1036F00067EE277A38EE678A1F4BD3ED087AB0EE73
:10370000670A1FF061FEB0EE407AD7ED087A67EEE7
:10371000278A194BD3ED077AB0EE670A1FF008FE2F
:10372000F0EE407A68EEA77A78EE677A97ED037A42
:1037300067EE277AC7ED077A0E4B18680023002240
:10374000002117F0E5FF05E0BB697B627B693B6206
:103750003B69FB617B687A6A1A607B683A6A5A60E7
:103760007B68FA699A6000BF2837BD46BDEC028BC2
:1037700080BD00BF202200203C02002080B485B024
:1037800000AF786041F60F53FB817B6802331B78F2
:1037900002333B7301237B7316E0FB891B0A9BB248
:1037A0007A7B79680A44127853407B817B890C4A82
:1037B00032F813301AB2FB891B021BB253401BB202
:1037C000FB817B7B01337B737A7B3B7B9A42E4D921
:1037D000FB8918461437BD465DF8047B704700BF6F
:1037E00020AA020880B485B000AF786039607B6899
:1037F000FB603B68BB600D4B00221A700AE0FB685F
:103800001A780A4B1B785340DAB2084B1A70FB68DF
:103810000133FB60FA68BB689A42F0D3034B1B7814
:1038200018461437BD465DF8047B7047E01500204C
:1038300080B485B000AF78600023FB7302E0FB7BAF
:103840000133FB73FB7B7A6813441B78002BF6D1A2
:10385000FB7B18461437BD465DF8047B704780B586
:1038600086B000AFB9607B600346FB731346BB7341
:103870000023BB827B68CD221A707B680133FA7B00
:103880001A70BB7B272B01D92723BB737B680233BC
:10389000BA7B1A700023FB750CE0FB7DBA681A44F2
:1038A000FB7D033319467B680B4412781A70FB7D4D
:1038B0000133FB75FA7DBB7B9A42EED37868FFF744
:1038C0005DFF0346BB82BB8A1B0A9AB2BB7B0333F4
:1038D00019467B680B44D2B21A70BB7B04331A467C
:1038E0007B681344BA8AD2B21A70BB7B05331A467E
:1038F0007B6813440A221A70BB7B06331A467B6826
:10390000134400221A7000BF1837BD4680BD80B432
:1039100083B000AF03463960FB713B68CD221A705B
:103920003B680133FA791A703B68023300221A703F
:103930003B680333FA791A703B680433FA791A70DA
:103940003B6805330A221A703B68063300221A705E
:1039500000BF0C37BD465DF8047B704780B582B070
:1039600000AF78600AF0F8F97B6802331B78063301
:103970009AB24FF0FF337968034815F02BFB00BF74
:103980000837BD4680BD00BFC408002080B582B0A6
:1039900000AF78600AF0CCF97B6802331B780633FD
:1039A0009AB24FF0FF337968034815F013FB00BF5C
:1039B0000837BD4680BD00BF7C08002080B58EB0B2
:1039C00000AF03463960FB713868FFF731FF0346EB
:1039D0001A4607F10803F8793968FFF740FFBB7A08
:1039E00006339AB207F108014FF0FF33034815F090
:1039F000F1FA00BF3837BD4680BD00BF7C0800200B
:103A000080B582B000AF78600B46FB70FB78AB2BC3
:103A100003D17868FFF7BAFF0AE0FB78CE2B07D115
:103A20007B6802331B78272B02D87868FFF796FF54
:103A300000BF0837BD4680BD80B58EB000AF0346DD
:103A40000A46FB711346BB7107F10802FB79114668
:103A50001846FFF75CFFBA7907F1080311461846CC
:103A6000FFF7CEFF00BF3837BD4680BD80B400AF42
:103A7000024B1846BD465DF8047B70479D1600203A
:103A800080B400AF024B1846BD465DF8047B70471A
:103A90009C16002080B483B000AF78600B46FB70AA
:103AA0007B6893F82D30062B00F2908001A252F82B
:103AB00023F000BFD13A0008FF3A00080F3B00088E
:103AC000473B00087F3B0008913B0008A33B0008F0
:103AD000FB78AB2B02D0FB78CE2B0BD17B6800227E
:103AE00083F82F207B68FA781A707B68012283F8AC
:103AF0002D2075E07B68002283F82D2070E07B6824
:103B0000FA785A707B68022283F82D2068E07B687F
:103B1000FA789A707B68002283F82E20FB78002BBD
:103B200004D17B68042283F82D2059E0FB78272BF1
:103B300004D87B68032283F82D2051E07B680222A1
:103B400083F82F204CE07B6893F82E301A467B6870
:103B50001344FA78DA707B6893F82E300133DAB2C6
:103B60007B6883F82E207B6893F82E207B689B78F7
:103B70009A4234D37B68042283F82D202FE07B689F
:103B8000FA7883F82A207B68052283F82D2027E025
:103B90007B68FA7883F82B207B68062283F82D2037
:103BA0001EE0FB780A2B08D17B68012283F82F20C6
:103BB0007B68FA7883F82C2012E07B68022283F875
:103BC0002F207B68002283F82D2009E07B680222E9
:103BD00083F82F207B68002283F82D2000E000BFAF
:103BE00000BF0C37BD465DF8047B704780B483B0DE
:103BF00000AF78600B46FB707B685B78FA789A427E
:103C000011D17B689B78002B0DD17B6893F82A300B
:103C1000FA789A4207D17B6893F82B30FA789A4267
:103C200001D1012300E0002318460C37BD465DF8A2
:103C3000047B704780B584B000AF78600023FB81BF
:103C40000023BB817868FFF799FD0346BB817B6841
:103C500093F82A301B021AB27B6893F82B301BB200
:103C600013431BB2FB81FA89BB899A4201D101231C
:103C700000E0002318461037BD4680BD80B586B0F1
:103C800000AFF860B9601346FB71FF21F868FFF7D9
:103C9000ADFF0346012B0DD1FB681A78BB681A7083
:103CA000BB68FF225A70BB6800229A70BB68002272
:103CB000DA704CE0AA21F868FFF798FF0346012B61
:103CC0000DD1FB681A78BB681A70BB68AA225A70BB
:103CD000BB6800229A70BB680022DA7037E0F8688F
:103CE000FFF7A8FF0346002B28D0FB681B78FA7962
:103CF0009A4223D1FB681A78BB681A70FB685A781D
:103D0000BB685A70FB689A78BB689A7000237B6125
:103D10000DE0FA687B69134403331978BA687B694C
:103D2000134403330A461A707B6901337B61FB68D5
:103D30009B781A467B699342EBDB08E0BB68FA7913
:103D40001A70BB6800225A70BB6800229A70FB6828
:103D5000002283F82F20FB68002283F82D20FB68C7
:103D600000221A7000BF1837BD4680BD80B584B0F0
:103D700000AF78603960FF217868FFF737FF0346AE
:103D8000012B0DD17B681A783B681A703B68FF22C3
:103D90005A703B6800229A703B680022DA7048E053
:103DA000AA217868FFF722FF0346012B0DD17B681B
:103DB0001A783B681A703B68AA225A703B68002246
:103DC0009A703B680022DA7033E07868FFF732FFC0
:103DD0000346002B23D07B681A783B681A707B68F7
:103DE0005A783B685A707B689A783B689A700023CF
:103DF000FB600DE07A68FB681344033319783A6876
:103E0000FB68134403330A461A70FB680133FB60F6
:103E10007B689B781A46FB689342EBDB09E07B6882
:103E20001A783B681A703B6800225A703B6800227F
:103E30009A707B68002283F82F207B68002283F829
:103E40002D207B6800221A7000BF1037BD4680BD50
:103E500080B582B000AF7860114805F043FD03469D
:103E6000104A13600F4B1B681B0EDAB27B681A7086
:103E70000C4B1B681A0C7B680133D2B21A70094BC9
:103E80001B681A0A7B680233D2B21A70054B1A6893
:103E90007B680333D2B21A7000BF0837BD4680BDBD
:103EA00024220020DC16002080B584B000AF7860AA
:103EB0008C4805F017FD03468B4A13608A4B1B683C
:103EC0001B0EDAB27B681A70874B1B681A0C7B6872
:103ED0000133D2B21A70844B1B681A0A7B68023312
:103EE000D2B21A70804B1A687B680333D2B21A7050
:103EF0007E4B9B8B1B0A9AB27B680433D2B21A703A
:103F00007A4B9A8B7B680533D2B21A70774BDB8B76
:103F10001B0A9AB27B680633D2B21A70734BDA8BE3
:103F20007B680733D2B21A70704B1B8C1B0A9AB293
:103F30007B680833D2B21A706C4B1A8C7B680933D9
:103F4000D2B21A70694BB3F922301B121AB27B68D5
:103F50000A33D2B21A70654BB3F922207B680B3357
:103F6000D2B21A70614BB3F924301B121AB27B68BB
:103F70000C33D2B21A705D4BB3F924207B680D3339
:103F8000D2B21A70594BB3F926301B121AB27B68A1
:103F90000E33D2B21A70554BB3F926207B680F331B
:103FA000D2B21A70514B1B8D1B0A9AB27B68103328
:103FB000D2B21A704D4B1A8D7B681133D2B21A707F
:103FC0004A4B93F82A301B015AB2494B93F82A30D6
:103FD0005BB203F00F035BB213435AB27B68123338
:103FE000D2B21A70424B9B8B1B0A9AB27B68133376
:103FF000D2B21A703E4B9A8B7B681433D2B21A70CD
:104000003B4BDB8B1B0A9AB27B681533D2B21A701A
:10401000374BDA8B7B681633D2B21A70344B1B8C59
:104020001B0A9AB27B681733D2B21A70304B1A8CC3
:104030007B681833D2B21A702D4BB3F922301B12A1
:104040001AB27B681933D2B21A70294BB3F9222005
:104050007B681A33D2B21A70254BB3F924301B1285
:104060001AB27B681B33D2B21A70214BB3F92420E9
:104070007B681C33D2B21A701D4BB3F926301B1269
:104080001AB27B681D33D2B21A70194BB3F92620CD
:104090007B681E33D2B21A70154B1B8D1B0A9AB265
:1040A0007B681F33D2B21A70114B1A8D7B68203394
:1040B000D2B21A700023FB600CE0FB6821331A4671
:1040C0007B6813440B49FA680A4412781A70FB683B
:1040D0000133FB60FB68042BEFDD00BF00BF10372E
:1040E000BD4680BD24220020DC160020881500205B
:1040F000B4150020D016002080B483B000AF7860E3
:104100007B684C221A707B68013349221A707B68E5
:10411000023345221A707B68033353221A707B687E
:10412000043345221A707B68053332221A707B688B
:10413000063330221A707B68073332221A707B688C
:10414000083336221A707B68093341221A707B6863
:104150000A334C221A707B680B3352221A707B6828
:104160000C334D221A707B680D3341221A707B6824
:104170000E3353221A707B680F3345221A707B6806
:10418000103343221A707B68113336221A707B6811
:10419000123337221A707B6813334A221A707B68F5
:1041A000143343221A707B6815334A221A707B68D5
:1041B000163341221A707B68173350221A707B68BD
:1041C00018337B221A707B68193341221A707B687E
:1041D0001A335A221A707B681B33EC221A707B68E0
:1041E0001C3324221A707B681D334C221A707B68A2
:1041F0001E3333221A707B681F334A221A707B6881
:10420000203345221A707B68213341221A707B6863
:10421000223341221A707B68233348221A707B684C
:10422000243342221A707B68253348221A707B6837
:10423000263343221A7000BF0C37BD465DF8047B5D
:104240007047000080B582B000AF78603E4805F04E
:1042500049FB03463D4A13603C4B1B681B0EDAB218
:104260007B681A70394B1B681A0C7B680133D2B219
:104270001A70364B1B681A0A7B680233D2B21A7066
:10428000324B1A687B680333D2B21A707B680433EE
:104290002F4A12781A702F4B1B881B0A9AB27B6820
:1042A0000533D2B21A702B4B1A887B680633D2B210
:1042B0001A70284B5B881B0A9AB27B680733D2B20C
:1042C0001A70244B5A887B680833D2B21A70214B7B
:1042D0009B881B0A9AB27B680933D2B21A701D4BB5
:1042E0009A887B680A33D2B21A701A4BDB881B0A91
:1042F0009AB27B680B33D2B21A70164BDA887B689D
:104300000C33D2B21A70134B1B891B0A9AB27B680A
:104310000D33D2B21A700F4B1A897B680E33D2B2AA
:104320001A700C4B5B891B0A9AB27B680F33D2B2AE
:104330001A70084B5A897B681033D2B21A7000BFCA
:104340000837BD4680BD00BF24220020DC160020B7
:10435000D51600206422002080B582B000AF7860BE
:10436000684805F0BFFA0346674A1360664B1B684E
:104370001B0EDAB27B681A70634B1B681A0C7B68E1
:104380000133D2B21A70604B1B681A0A7B68023381
:10439000D2B21A705C4B1A687B680333D2B21A70BF
:1043A0007B680433594A12781A70594B9B691A0E6C
:1043B0007B680533D2B21A70554B9B691A0C7B6827
:1043C0000633D2B21A70524B9B691A0A7B680733C4
:1043D000D2B21A704E4B9A697B680833D2B21A7007
:1043E0004B4BDB691A0E7B680933D2B21A70484B0B
:1043F000DB691A0C7B680A33D2B21A70444BDB6952
:104400001A0A7B680B33D2B21A70414BDA697B68A7
:104410000C33D2B21A703E4BD3E90A014FF00002BE
:104420004FF000030A0E002379680D31D3B20B70F0
:10443000374BD3E90A014FF000024FF000030A0C9A
:10444000002379680E31D3B20B70314BD3E90A01E6
:104450004FF000024FF000030A0A002379680F3181
:10446000D3B20B702A4BD3E90A014FF000024FF090
:1044700000030A00002379681031D3B20B70244B7B
:10448000D3E90A014FF000024FF00003020E42EAA6
:1044900001220B0E79681131D3B20B701C4BD3E99A
:1044A0000A014FF000024FF00003020C42EA014201
:1044B0000B0C79681231D3B20B70154BD3E90A019A
:1044C0004FF000024FF00003020A42EA01620B0AB9
:1044D00079681331D3B20B700D4BD3E90A23796895
:1044E0001431D3B20B707B681533094A92F835202A
:1044F0001A707B681633054A12781A7000BF0837A5
:10450000BD4680BD24220020DC160020D5160020E8
:10451000D019002090B583B000AF7860674805F0EF
:10452000E1F90346664A1360654B1B681B0EDAB25D
:104530007B681A70624B1B681A0C7B680133D2B21D
:104540001A705F4B1B681A0A7B680233D2B21A706A
:104550005B4B1A687B680333D2B21A707B680433F2
:10456000584A12781A707B680533574A12781A70C5
:104570007B689C1D01F0E6FA034623707B680733D5
:1045800000221A70514B1A887B680833D2B21A7015
:104590007B6809334C4A12781A707B6803F10A046D
:1045A00001F010FB034623707B680B3300221A7066
:1045B000464B1A887B680C33D2B21A707B680D3375
:1045C000414A12781A707B6803F10E0401F0DAFA9E
:1045D000034623707B680F3300221A703B4B1A8806
:1045E0007B681033D2B21A707B681133364A127866
:1045F0001A707B6803F1120401F004FB0346237078
:104600007B68133300221A70304B1A887B6814338E
:10461000D2B21A707B6815332B4A12781A707B68F5
:1046200003F1160401F028FB034623707B6817335F
:1046300000221A70254B1A887B681833D2B21A7080
:104640007B681933204A12781A707B6803F11A04C8
:1046500001F03AFB034623707B681B3300221A707B
:104660001A4B1A887B681C33D2B21A707B681D33D0
:10467000144A12781A707B681E33124A12781A7024
:104680007B681F330F4A12781A707B6820330D4AFB
:1046900012781A707B6821330A4A12781A707B6884
:1046A0002233084A12781A707B682333054A12783D
:1046B0001A7000BF0C37BD4690BD00BF24220020F9
:1046C000DC160020D5160020D6160020D8160020B3
:1046D00080B582B000AF7860A44805F003F90346C6
:1046E000A34A1360A24B1B681B0EDAB27B681A70D8
:1046F0009F4B1B681A0C7B680133D2B21A709C4B1B
:104700001B681A0A7B680233D2B21A70984B1A6877
:104710007B680333D2B21A70964B5B681A0E7B68C3
:104720000433D2B21A70934B5B681A0C7B68053362
:10473000D2B21A708F4B5B681A0A7B680633D2B20A
:104740001A708C4B5A687B680733D2B21A70894B47
:104750001B691A0E7B680833D2B21A70854B1B692D
:104760001A0C7B680933D2B21A70824B1B691A0A81
:104770007B680A33D2B21A707E4B1A697B680B339E
:10478000D2B21A707B4B9B681A0E7B680C33D2B284
:104790001A70784B9B681A0C7B680D33D2B21A7072
:1047A000744B9B681A0A7B680E33D2B21A70714B35
:1047B0009A687B680F33D2B21A706E4B9B691A0EDF
:1047C0007B681033D2B21A706A4B9B691A0C7B68F3
:1047D0001233D2B21A70674B9B691A0A7B68133383
:1047E000D2B21A70634B9A697B681433D2B21A70D2
:1047F0007B681533604A12781A70604B1B881B0A5D
:104800009AB27B681633D2B21A705C4B1A887B68F6
:104810001733D2B21A707B681833594A12781A705B
:10482000584B1B881B0A9AB27B681933D2B21A7094
:10483000544B1A887B681A33D2B21A70524BD3E9A0
:1048400008014FF000024FF000030A0000237968CE
:104850001B31D3B20B704C4BD3E908014FF000026F
:104860004FF00003020E42EA01220B0E79681C3160
:10487000D3B20B70444BD3E908014FF000024FF064
:104880000003020C42EA01420B0C79681D31D3B2DD
:104890000B703D4BD3E908014FF000024FF00003CD
:1048A000020A42EA01620B0A79681E31D3B20B7028
:1048B000354BD3E9082379681F31D3B20B70334BE2
:1048C000D3E906014FF000024FF00003020C42EA68
:1048D00001420B0C79682031D3B20B702B4BD3E91A
:1048E00006014FF000024FF00003020E42EA0122DF
:1048F0000B0E79682131D3B20B70244BD3E906013A
:104900004FF000024FF00003020C42EA01420B0C90
:1049100079682231D3B20B701C4BD3E906014FF0FA
:1049200000024FF00003020A42EA01620B0A7968B2
:104930002331D3B20B70154BD3E9062379682431A8
:10494000D3B20B70124B1A787B6825331A70114B57
:104950001A787B6826331A707B6827330E4A1278E0
:104960001A7000BF0837BD4680BD00BF242200205A
:10497000DC160020B8180020082A00200C2A00208D
:10498000092A00200A2A0020C02200202825002011
:10499000830200206D1C00206C1C002080B582B0BA
:1049A00000AF78607D4804F09DFF03467C4A1360A9
:1049B0007B4B1B681B0EDAB27B681A70784B1B6846
:1049C0001A0C7B680133D2B21A70754B1B681A0A35
:1049D0007B680233D2B21A70714B1A687B6803335A
:1049E000D2B21A706F4B1B681A0E7B680433D2B2B6
:1049F0001A706C4B1B681A0C7B680533D2B21A70A4
:104A0000684B1B681A0A7B680633D2B21A70654B72
:104A10001A687B680733D2B21A70624B5B681A0E51
:104A20007B680833D2B21A705E4B5B681A0C7B68E5
:104A30000933D2B21A705B4B5B681A0A7B680A337F
:104A4000D2B21A70574B5A687B680B33D2B21A70C5
:104A5000554B1B681A0E7B680C33D2B21A70524B3E
:104A60001B681A0C7B680D33D2B21A704E4B1B6850
:104A70001A0A7B680E33D2B21A704B4B1A687B68E5
:104A80000F33D2B21A70484B5B681A0E7B68103332
:104A9000D2B21A70444B5B681A0C7B681133D2B2E5
:104AA0001A70414B5B681A0A7B681233D2B21A70D3
:104AB0003D4B5A687B681333D2B21A703B4B1B686C
:104AC0001A0E7B681433D2B21A70384B1B681A0C5A
:104AD0007B681533D2B21A70344B1B681A0A7B6894
:104AE0001633D2B21A70314B1A687B681733D2B2C0
:104AF0001A702E4B5B681A0E7B681833D2B21A708C
:104B00002A4B5B681A0C7B681933D2B21A70274B98
:104B10005B681A0A7B681A33D2B21A70234B5A6840
:104B20007B681B33D2B21A70214B1B681A0E7B684C
:104B30001C33D2B21A701E4B1B681A0C7B681D33D3
:104B4000D2B21A701A4B1B681A0A7B681E33D2B293
:104B50001A70174B1A687B681F33D2B21A70144B45
:104B60005B681A0E7B682033D2B21A70104B5B68F8
:104B70001A0C7B682133D2B21A700D4B5B681A0A8B
:104B80007B682233D2B21A70094B5A687B68233390
:104B9000D2B21A7000BF0837BD4680BD2422002063
:104BA000DC16002008170020F8160020001700204F
:104BB0001017002080B58AB000AF7860B34804F0C9
:104BC00091FE78627B6A1B0EDAB27B681A707B6A90
:104BD0001A0C7B680133D2B21A707B6A1A0A7B689E
:104BE0000233D2B21A707B6803337A6AD2B21A7077
:104BF000A74BD3ED007A9FEDA77A67EE877AFDEE9B
:104C0000E77A17EE903A7B84A14BD3ED017A9FEDC2
:104C1000A17A67EE877AFDEEE77A17EE903A3B8449
:104C20009B4BD3ED027A9FED9B7A67EE877AFDEE80
:104C3000E77A17EE903AFB83B7F922301B121AB2CB
:104C40007B680433D2B21A707B6805337A8CD2B297
:104C50001A70B7F920301B121AB27B680633D2B231
:104C60001A707B6807333A8CD2B21A70B7F91E30CB
:104C70001B121AB27B680833D2B21A707B680933F0
:104C8000FA8BD2B21A70844B1B881B0A9AB27B68CB
:104C90000A33D2B21A70804B1A887B680B33D2B2B7
:104CA0001A707D4B5B881B0A9AB27B680C33D2B2B8
:104CB0001A70794B5A887B680D33D2B21A70764BD2
:104CC0009B881B0A9AB27B680E33D2B21A70724B61
:104CD0009A887B680F33D2B21A706F4BDB881B0A3D
:104CE0009AB27B681033D2B21A706B4BDA887B6849
:104CF0001133D2B21A70684B1B891B0A9AB27B68B7
:104D00001233D2B21A70644B1A897B681333D2B251
:104D10001A70614B5B891B0A9AB27B681433D2B25A
:104D20001A705D4B5A897B681533D2B21A705B4B8F
:104D3000D3ED007A9FED5A7A67EE877AFDEEE77A37
:104D400017EE903ABB61554BD3ED017A9FED547A43
:104D500067EE877AFDEEE77A17EE903A7B61BB69E2
:104D60001A0E7B681633D2B21A70BB691A147B68AC
:104D70001733D2B21A70BB691A127B681833D2B2D9
:104D80001A707B681933BA69D2B21A707B691A0E2D
:104D90007B681A33D2B21A707B691A147B681B3392
:104DA000D2B21A707B691A127B681C33D2B21A70A5
:104DB0007B681D337A69D2B21A70384B93ED027A50
:104DC000DFED386AC7EE267AFCEEE77AC7ED007AA7
:104DD0003B78FB747B681E33FA7C1A70324BD3ED40
:104DE000047A9FED327A67EE877AFDEEE77A17EE66
:104DF000903A3B822C4BD3ED057A9FED2C7A67EEEF
:104E0000877AFDEEE77A17EE903AFB81264BD3EDD9
:104E1000067A9FED267A67EE877AFDEEE77A17EE3F
:104E2000903ABB81204BD3ED077A9FED207A67EE55
:104E3000877AFDEEE77A17EE903A7B81B7F910306A
:104E40001B121AB27B681F33D2B21A707B682033F0
:104E50003A8AD2B21A70B7F90E301B121AB27B68B6
:104E60002133D2B21A707B682233FA89D2B21A7017
:104E7000B7F90C301B121AB27B682333D2B21A7006
:104E80007B682433BA89D2B21A7011E0001A00206C
:104E9000B415002000007A4464220020D0190020BC
:104EA0000024744900401C467C2200200060EA4631
:104EB000B7F90A301B121AB27B682533D2B21A70C6
:104EC0007B6826337A89D2B21A7000BF2837BD4674
:104ED00080BD00BF80B588B000AF78609B4804F00B
:104EE00001FDF861FB691B0EDAB27B681A70FB6981
:104EF0001A0C7B680133D2B21A70FB691A0A7B68FC
:104F00000233D2B21A707B680333FA69D2B21A70D4
:104F10008F4BD3ED007A9FED8F7A67EE877AFDEEA7
:104F2000E77A17EE903A7B83894BD3ED017A9FEDB8
:104F3000897A67EE877AFDEEE77A17EE903A3B833F
:104F4000834BD3ED027A9FED837A67EE877AFDEE8D
:104F5000E77A17EE903AFB82B7F91A301B121AB2B1
:104F60007B680433D2B21A707B6805337A8BD2B275
:104F70001A70B7F918301B121AB27B680633D2B216
:104F80001A707B6807333A8BD2B21A70B7F91630B1
:104F90001B121AB27B680833D2B21A707B680933CD
:104FA000FA8AD2B21A706C4B9B891B0A9AB27B6840
:104FB0000A33D2B21A70684B9A897B680B33D2B22B
:104FC0001A70654BDB891B0A9AB27B680C33D2B22C
:104FD0001A70614BDA897B680D33D2B21A705E4B5E
:104FE0001B8A1B0A9AB27B680E33D2B21A705A4BD4
:104FF0001A8A7B680F33D2B21A70554BB3F922303C
:105000001B121AB27B681033D2B21A70504BB3F92C
:1050100022207B681133D2B21A704D4BB3F9243081
:105020001B121AB27B681233D2B21A70484BB3F912
:1050300024207B681333D2B21A70454BB3F9263063
:105040001B121AB27B681433D2B21A70404BB3F9F8
:1050500026207B681533D2B21A70404BD3ED007A0C
:105060009FED3F7A67EE877AFDEEE77A17EE903A8A
:105070003B613A4BD3ED017A9FED397A67EE877A3F
:10508000FDEEE77A17EE903AFB603B691A0E7B68FB
:105090001633D2B21A703B691A147B681733D2B236
:1050A0001A703B691A127B681833D2B21A707B6887
:1050B00019333A69D2B21A70FB681A0E7B681A3338
:1050C000D2B21A70FB681A147B681B33D2B21A7002
:1050D000FB681A127B681C33D2B21A707B681D33CE
:1050E000FA68D2B21A701D4B93ED027ADFED1D6A99
:1050F000C7EE267AFCEEE77AC7ED007A3B78FB72C2
:105100007B681E33FA7A1A707B682233164A12784B
:105110001A707B682333144A12781A707B68243320
:10512000114A12781A707B6825330F4A12781A7068
:105130007B6826330C4A12781A707B6827330A4A38
:1051400012781A7000BF2037BD4680BD001A0020BB
:10515000B415002000007A4464220020D0190020F9
:105160000024744900401C46D51600202DE9B04F9C
:105170009EB002AF7860012387F86B30704BFB66FE
:1051800017F0F0FC786600F0E9FB6E4804F024FCB0
:1051900002F0F0F807F13C031846FFF7BBF907F1FE
:1051A0003C03184600F0C8FD0346002B0DD007F164
:1051B0003C031846FEF74CFE07F10C0307F13C01D7
:1051C00004220120FEF74BFB07E007F10C0307F177
:1051D0003C0127220220FEF742FB5B4B1B7883F049
:1051E0000103DBB2002B04D007F10C031846FEF7D5
:1051F000CDFBFB6E00229846914642464B464FF04F
:1052000000004FF00001590141EAD261500102460D
:105210000B46B2EB080463EB09054FF000024FF0B8
:105220000003AB0043EA9473A20014461D4614EB3E
:10523000080A45EB090B4FF000024FF000034FEA5C
:10524000CB0343EA5A734FEACA0292469B46504642
:1052500059464FF47A724FF00003FBF775FD024692
:105260000B4607F1080300924FF0FF3200210020A7
:1052700018F040FC0346012B2AD1BB6803F0010360
:10528000002B02D0314B01221A70BB6803F00203DD
:10529000002B02D02D4B00221A70BB6803F00403D0
:1052A000002B15D02A4B1B684FF0FF31184616F023
:1052B00071FD284B1B781A464EF6602302FB03F360
:1052C000FB66234B186800230022002116F020FA09
:1052D00097F86B30012B8CD100F040FB194804F09B
:1052E0007BFB02F047F807F13C031846FFF712F981
:1052F00007F13C03184600F01FFD0346002B0DD0BC
:1053000007F13C031846FEF7A3FD07F10C0307F174
:105310003C0104220120FEF7A2FA07E007F10C038A
:1053200007F13C0127220220FEF799FA0A4B186880
:1053300007F10C0100234FF0FF3216F0E9F958E7AE
:10534000C0270900000600206D0200206C0200202A
:105350001C2200206E020020601C00202DE9B04FAE
:105360009CB002AF78606E4B7B667B6E00229846E5
:10537000914642464B464FF000004FF00001590164
:1053800041EAD261500102460B46B2EB080463EBDE
:1053900009054FF000024FF00003AB0043EA94739D
:1053A000A20014461D4614EB080A45EB090B4FF00A
:1053B00000024FF000034FEACB0343EA5A734FEA6F
:1053C000CA0292469B46504659464FF47A724FF0B5
:1053D0000003FBF7B9FC02460B4613460093514B02
:1053E0004FF0FF320021002018F084FB0346012B10
:1053F0002DD14C4B1B6803F00103002B02D04A4B0C
:1054000001221A70474B1B6803F00203002B02D0E5
:10541000454B00221A70434B1B6803F00403002B1A
:1054200015D0424B1B684FF0FF31184616F0B2FC06
:105430003F4B1B781A464EF6602302FB03F37B6654
:105440003A4B186800230022002116F061F9364B10
:105450001B78002B89D017F085FB0346354A136073
:105460003549364800F084F800F044F9344B1B7895
:10547000002B41D0334807F0A9FD3349314800F0F3
:1054800077F800F051F9314B03F5FA430C331A4623
:105490002F4B1846114642F6D0731A4622F089FD6A
:1054A0002C492B4800F064F800F0F8F92A4B002250
:1054B0001A60294B1B68FF222249184602F08AF81D
:1054C0002649204800F054F800F04AF907F13C035F
:1054D0001846FFF763FA07F10C0307F13C01272296
:1054E0000D20FEF7BCF91E4B186807F10C010023D4
:1054F0004FF0FF3216F00CF917F034FB0346194A4F
:105500001360184B1A680B4B1B68D31A164A1360AA
:10551000144B1A68074B1B68D31A144A136024E70C
:10552000C0270900EC1600206C0200201C2200207D
:105530006E020020F829002008170020007D00647A
:10554000F0210020D0AC00641017002000000C08EF
:10555000A0DC0064F8160020F818002000170020D6
:10556000601C0020FC290020002A0020042A0020C2
:10557000F0B587B000AF786039600023FB6000238E
:10558000BB60544B00221A70524B00225A70514B90
:1055900000229A704F4B0022DA704F4B00221A60A3
:1055A0004E4B1B689A684D4B1B6842F001029A6093
:1055B00040F6F432796849480CF07AFD0346464AD1
:1055C0001360474B1A68444B1B689A427ED00023F5
:1055D0007B6178E07A6913461B029B1A1B01FB6012
:1055E000FB687A6813443F4A104619464FF47F63BC
:1055F0001A4622F0DEFC394B1B689A68374B1B6851
:1056000042F001029A60344B00221A604FF47F721C
:10561000344932480CF04CFD03462F4A1360324B9C
:105620001A682D4B1B689A424AD000233B6144E024
:105630003A6913465B0013441B011A46FB68134486
:10564000BB60BB687A681344284A1C46164604F1BE
:10565000300C35462346186859689A68DB680FC5D0
:10566000103410366445F4D11C4B1B689A681B4BF0
:105670001B6842F001029A60174B00221A600C224C
:105680001A4916480CF014FD0346134A1360184BD0
:105690001A68114B1B689A420CD00E4A7B6913445E
:1056A00001221A700B4B0122DA703A6830210F4840
:1056B00000F014F93B6901333B613B69542BB7DDC2
:1056C0007B6901337B617B69022B83DD00BF1C3763
:1056D000BD46F0BDE8160020E4160020FC040020C2
:1056E00060020020700C016464020020601C0164F0
:1056F0006802002080B500AF084BDB78002B0AD091
:10570000074B1B7842F6D0721946064821F081FDFE
:10571000024B0022DA7000BF80BD00BFE8160020F7
:1057200082020020007D006480B500AF094BDB7869
:10573000002B0DD0084B1B784FF4FF721946074819
:1057400021F067FD054807F0A9FB024B0022DA7043
:1057500000BF80BDE816002082020020901C01647A
:1057600080B500AF464B1B78002B3DD0444B5B7897
:10577000002B39D0424B9B78002B35D0414B1B6816
:1057800010221946404800F0F1FF3E4B1A683F4B8B
:105790001B6813443B4A13603A4B1B68102219469E
:1057A000394800F0E3FF374B1A68384B1B68134445
:1057B000344A1360334B1B6810221946324800F0FC
:1057C000D5FF334B1B7842F6D0721946314821F091
:1057D00020FD314B1B68FF222E49184601F000FEC8
:1057E0000A2016F0BDFF49E0254B1B78002B10D096
:1057F000294B00221A60234B1B68102219462248AD
:1058000000F0B4FF244B1B6855222249184601F0D2
:10581000E7FD1B4B5B78002B15D01F4B4FF48052DC
:105820001A601A4B1B68174A1360164B1B6810222C
:105830001946154800F09AFF174B1B685522154969
:10584000184601F0CDFD0E4B9B78002B16D0124B65
:105850004FF400521A600D4B1B685B00094A13603D
:10586000084B1B6810221946074800F07FFF0A4BBF
:105870001B6855220749184601F0B2FD00BF80BDE4
:10588000E816002088170020640700207802002016
:1058900082020020D0AC0064FC18002080B500AF6C
:1058A0000B4BDB78002B10D00A4B1B7842F6D072E2
:1058B0001946094821F0ADFC19F094F800F068FA97
:1058C00019F0C2F8024B0022DA7000BF80BD00BFA1
:1058D000E816002082020020A0DC006480B487B0BB
:1058E00000AFF860B9607A601B4B1B78BB74002373
:1058F0007B6126E0FA687B6913441B787B747A7CB1
:10590000BB7C9A421AD07B681B685A1C7B681A6061
:105910007A7CBB7C5340FB740DE0FB7C013BDBB22B
:105920005AB297F9133013405BB2FB747B685B6823
:105930005A1C7B685A60FB7C002BEED17B690133DB
:105940007B617A69BB689A42D4D300BF00BF1C3721
:10595000BD465DF8047B70478202002080B586B0AA
:1059600004AF6C4B1B684FF0FF31184616F012FA6B
:1059700064230293022301933B1D009301230F2212
:10598000902165480EF076FB03461A46634B1A7069
:10599000624B1B78002B0FD13B791B027A791343A2
:1059A00040F21712934203D15D4B00221A7006E0B9
:1059B0005B4B01221A7002E05A4B01221A706423D9
:1059C000029301230193FB1C009301230F22D32197
:1059D00051480EF04FFB03461A46504B1A704F4B7E
:1059E0001B78002B09D1FB78D32B03D14E4B00221F
:1059F0001A7002E04C4B01221A70642302930123B7
:105A00000193BB1C009301232022602142480EF029
:105A100031FB03461A46414B1A70404B1B78002B52
:105A200009D1BB78062B03D1404B00221A7002E04B
:105A30003E4B01221A7064230293022301933B1D03
:105A4000009301230F22902139480EF013FB0346E7
:105A50001A46324B1A70314B1B78002B0FD13B7911
:105A60001B027A79134340F21712934203D1314B50
:105A700000221A7006E02F4B01221A7002E02E4B12
:105A800001221A706423029301230193FB1C0093EB
:105A900001230F22D32126480EF0ECFA03461A46C2
:105AA0001E4B1A701D4B1B78002B09D1FB78D32B92
:105AB00003D1224B00221A7002E0204B01221A70FF
:105AC0006423029301230193BB1C00930123202232
:105AD000602117480EF0CEFA03461A460F4B1A7093
:105AE0000E4B1B78002B09D1BB78062B03D1144B2E
:105AF00000221A7002E0124B01221A70054B18683E
:105B000000230022002115F003FE00BF0837BD4628
:105B100080BD00BF102200200405002018170020BF
:105B20006F020020F0160020710200207302002096
:105B30005805002070020020F1160020720200209B
:105B40007402002080B400AF0C4B1B78002B03D1F3
:105B50000B4B1B78002B0AD0094B1B785B005AB209
:105B6000064B1B785BB213435BB2DBB200E0002351
:105B70001846BD465DF8047B704700BF73020020E5
:105B80007402002080B400AF0C4B1B78002B03D1B3
:105B90000B4B1B78002B0AD0094B1B785B005AB2C9
:105BA000064B1B785BB213435BB2DBB200E0002311
:105BB0001846BD465DF8047B704700BF6F020020A9
:105BC0007002002080B400AF0C4B1B78002B03D177
:105BD0000B4B1B78002B0AD0094B1B785B005AB289
:105BE000064B1B785BB213435BB2DBB200E00023D1
:105BF0001846BD465DF8047B704700BF7102002067
:105C00007202002080B400AF194B1B78002B0BD11F
:105C1000174B5B78002B07D1154B9B78002B03D1DA
:105C2000134BDB78002B19D0124B01221A70104B4A
:105C3000DB78DB005AB20E4B9B789B005BB21343C0
:105C40005AB20B4B5B785B005BB213435AB2084B02
:105C50001B785BB213435BB2DBB203E0054B00225F
:105C60001A7000231846BD465DF8047B704700BFDC
:105C70001C1900207502002080B400AF0F4B1B7868
:105C8000002B03D10E4B1B78002B0DD00D4B0122A6
:105C90001A700B4B1B785B005AB2084B1B785BB237
:105CA00013435BB2DBB203E0064B00221A70002301
:105CB0001846BD465DF8047B704700BFF216002011
:105CC000F31600207602002080B400AF164B1B783C
:105CD000002B0BD1154B1B78002B07D1144B1B78D5
:105CE000002B03D1134B1B78002B16D00E4B1B78C7
:105CF000DB005AB20D4B1B789B005BB213435AB2C8
:105D00000B4B1B785B005BB213435AB2094B1B78F9
:105D10005BB213435BB2DBB200E000231846BD4622
:105D20005DF8047B704700BFF4160020B822002005
:105D3000F5160020F616002080B485B000AF78601C
:105D40000023FB7307E0FB7B7A6813441B78002B6E
:105D500001D0012303E0FB7B262BF4D90023184656
:105D60001437BD465DF8047B7047000080B500AF76
:105D700015F00CF90346044A136015F007F90346C1
:105D8000024A136000BF80BD1C17002020170020AE
:105D90002DE9B04F8CB000AF0CF072FE484BF322EF
:105DA000DA600023BB600A233B6101237B6102238D
:105DB000BB613A1D07F10803114618460CF0C2FFFB
:105DC0000346002B74D13F4B3B624FF4FA53FB6107
:105DD0000023FB6216E0FB6A9B003B4A9918FB6AB2
:105DE0009B003A6A13441B6800229A469346524627
:105DF0005B4602200CF0F0FD0346002B07D1FB6A46
:105E00000133FB62FA6AFB699A42E4D300E000BF07
:105E10002E4B3B6240F6F433FB610023BB6219E07A
:105E2000BB6A9A00284B03F5FA430C33D118BB6ABE
:105E30009B003A6A13441B680022984691464246EA
:105E40004B4602200CF0C8FD0346002B07D1BB6A6D
:105E50000133BB62BA6AFB699A42E1D300E000BF3A
:105E60001B4B3B6240F27713FB6100237B6219E01E
:105E70007B6A9A00144B03F52C43E833D1187B6AF4
:105E80009B003A6A13441B6800221C4615462246B2
:105E90002B4602200CF0A0FD0346002B07D17B6AA5
:105EA00001337B627A6AFB699A42E1D300E000BF6A
:105EB0000CF008FE00BF3037BD46BDE8B08F00BF14
:105EC000003C02400000006400000C08A0DC0064FC
:105ED000901E016480B500AF0B4A0C4B104619466A
:105EE0004FF4FA431A4622F064F8084B03F52C43AA
:105EF000E8331A46064B1846114640F2DC531A4660
:105F000022F057F800BF80BD0000006400000C08BC
:105F1000901E016480B586B002AF78600B467B802E
:105F20000523BB8100233B817B88184600F0F2F8F3
:105F300007F1080207F10C014FF0FF330093022331
:105F4000786811F028FF7B88184600F0F5F87B7A16
:105F500003F00203002B0CBF01230023DBB2184621
:105F60001037BD4680BD80B500AF00F0C7F81020E7
:105F700000F0E2F8202000F0DFF8402000F0DCF82C
:105F80004FF4007000F0D8F800BF80BD80B500AFBE
:105F90004FF4FA420021484821F03BF9464B0F22CA
:105FA0005A70464B00221A80454B00221A80454BFE
:105FB00000221A80444B00221A80444B00221A818E
:105FC000434B00221A70434B00221A70424B0022AE
:105FD0001A70424B00221A70414B00221A70414B3A
:105FE00000221A7000F08AF8102000F0A5F8202096
:105FF00000F0A2F8402000F09FF84FF4007000F08D
:106000009BF8394B00221A70374B00225A70364BDE
:1060100000225A60344B00229A60334B0022DA602F
:10602000314B00221A61304B00229A822E4B002203
:106030009A612D4B00221A772B494FF000024FF046
:106040000003C1E908231021284800F0F1F84FF4BB
:106050007A7016F085FB2021244800F0E9F84FF40F
:106060007A7016F07DFB4021204800F0E1F84FF4F3
:106070007A7016F075FB4FF400711C4800F0D8F8E8
:106080004FF47A7016F06CFB194B1B7842F6D07205
:106090001946184821F0BDF8174B00221A60164B1C
:1060A0001B68FF221349184601F09AF90A2016F0DE
:1060B00057FB00BF80BD00BF000000640019002036
:1060C00002190020041900200619002008190020D8
:1060D0001019002011190020121900201319002096
:1060E0001419002015190020B8180020640700209A
:1060F00082020020D0AC0064FC18002080B500AF04
:1061000001224FF4005102480DF0EEF900BF80BDAE
:106110000008024080B582B000AF0346FB80FB88D8
:106120000022194603480DF0DFF900BF0837BD46CD
:1061300080BD00BF0008024080B582B000AF0346BA
:10614000FB80FB880122194603480DF0CDF900BF02
:106150000837BD4680BD00BF0008024080B584B04E
:1061600000AF78600B467B809F23FB737B881846CB
:10617000FFF7D0FF07F10F010A230122786811F021
:10618000ADFB7B88102B06D10A23032215497868C2
:1061900011F0E8FC1DE07B88202B06D10A230322A6
:1061A0001149786811F0DEFC13E07B88402B06D1A2
:1061B0000A2303220D49786811F0D4FC09E07B889A
:1061C000B3F5007F05D10A2303220949786811F04D
:1061D000C9FC7B881846FFF7AFFF00BF1037BD46EC
:1061E00080BD00BFE8180020EC180020F018002047
:1061F000F418002080B586B002AF78600B467B8033
:106200000623FB737B881846FFF784FF07F10E0215
:1062100007F10F010A2300930123786811F0BBFDF9
:106220007B881846FFF788FF00BF1037BD4680BD4A
:1062300080B586B002AF78600B467B800023BB60E0
:106240007B681B68DB68BB607B681B689B68BB6006
:10625000BB687B8819467868FFF7CCFF7B881946B6
:106260007868FFF757FE0346002B05D07B88184659
:10627000FFF762FF01234CE0C723BB737B881846FE
:10628000FFF748FF07F10E010A2300930123234A79
:10629000786811F080FD0346FB737B881846FFF792
:1062A0004BFFFB7B002B2CD14FF47A7016F058FA81
:1062B0007B881846FFF72EFF0A2300930223184A13
:1062C0001849786811F067FD0346FB737B88184610
:1062D000FFF732FFFB7B002B15D1114B5A78124B85
:1062E0001A70114B1B7803F00103002B02D005201C
:1062F00016F036FA0C4B1B7803F00103002BD7D1B4
:1063000002E000BF00E000BF7B881846FFF714FFE3
:10631000FB7B18461037BD4680BD00BF2417002008
:106320005C1900207C0200205417002090B58FB02B
:1063300002AFF860B9607A603B60024B1B7887F867
:106340002F3077E1B8180020BB68DBB2BB62BB6AB4
:10635000C3F580737B627A6A3B68934228BF134619
:106360003B620023BB61FB681B68DB68BB61FB68A9
:106370001B689B68BB61BB69B7F840301946F86879
:10638000FFF738FFB7F840301946F868FFF7C2FD4D
:106390000346002B40F05481AB4B02221A70BB68BD
:1063A0001B0CDAB2A84B5A70BB681B0ADAB2A64BB8
:1063B0009A70BB68DAB2A44BDA703A6A7968A3487B
:1063C00021F0F7FDA24B1B78022B0BD9A04B00222A
:1063D0001A70A04B1B780133DAB29E4B1A70BB685F
:1063E0003033BB609B4B1B78132B36D99A4B1B78F1
:1063F00018469A4B1B881946994A4FF47A6300FB5A
:1064000003F30B445B0013445B785AB2954B1B8833
:10641000194601238B405BB213435AB28E4B1B7853
:106420001C468E4B1B881846D1B28D4A4FF47A63B6
:1064300004FB03F303445B0013440A465A70894B80
:106440001B8803F57F63BB60824B00221A70864B6A
:106450001B780133DAB2844B1A70834B1B78042B00
:106460003FD97D4B1B7818467C4B1B8819467C4ACC
:106470004FF47A6300FB03F30B4412F81330764AAF
:1064800012781446754A1288104643F00103D9B2B7
:10649000734A4FF47A6304FB03F3034402F81310C6
:1064A0006D4B1B78714A32F81320013291B26F4A5A
:1064B00022F81310694B1B8801339AB2674B1A807C
:1064C000664B1B881A4613461B029B1ADB01BB60F6
:1064D0005F4B00221A705F4B00221A70624B002241
:1064E0001A705D4B1B781A46604B33F81230042B40
:1064F00018D9594B1B780133DAB2574B1A70002365
:10650000BB60554B1B78184600F0CAF90346A7F844
:1065100040304F4B00221A704E4B00221A70524BE3
:1065200000221A70524B1B680021184615F032FCED
:1065300000BFFB681B689B6803F08003802BF8D0CA
:10654000B7F840301846FFF7E5FD3B6A9BB20433CD
:106550009BB2484A3C49F86811F0C6FD0346FB77F8
:10656000FB7F002B6ED1424B1B684FF0FF3118466A
:1065700015F010FC00BFFB681B689B6803F08003EC
:10658000802BF8D0B7F840301846FFF7D5FD05232B
:10659000BB8200233B82B7F840301846FFF7BAFDB4
:1065A00007F1100207F114010A2300930223F8688F
:1065B00011F0F1FB0346FB77B7F840301846FFF7C0
:1065C000BBFDFB7F002B57D17B7C03F00103002B2D
:1065D00002D0012016F0C4F87B7C03F00103002BED
:1065E000D9D1BA683B6A1344BB607A683B6A1344EA
:1065F0007B603A683B6AD31A3B60B7F84030184674
:1066000000F09CFD0346002B14BF01230023BB7741
:10661000BB7F002B05D00E4B1B780133DAB20C4B3D
:106620001A70B7F84030184600F088FD0346002B7A
:106630007FF4C8AE3B68002B7FF486AE002322E0D7
:1066400000BF1AE000BF18E08C1700209017002050
:106650001019002011190020B8180020001900207E
:1066600000000064041900201219002008190020FD
:10667000082200205418002000BFB7F84030184608
:10668000FFF75AFD012318463437BD4690BD00BFC1
:1066900080B586B000AFF860B9607A607B802F4B20
:1066A0001B680021184615F075FB00233B61FB6851
:1066B0001B68DB683B61FB681B689B683B613B694F
:1066C0007B8804331A460021254820F0A2FD244B84
:1066D00003221A70BB681B0CDAB2214B5A70BB68DC
:1066E0001B0ADAB21E4B9A70BB68DAB21C4BDA7026
:1066F0003B8C1846FFF70EFD7B8804339BB2194A8A
:106700001749F86811F0F0FC0346FB75FB7D002B80
:106710001AD1124B1B684FF0FF31184615F03AFBA7
:1067200000BFFB681B689B6803F08003802BF8D0D8
:106730003B8C1846FFF700FD7B881A460A497868AB
:1067400021F037FC002305E000BF3B8C1846FFF723
:10675000F3FC012318461837BD4680BD08220020EF
:106760008C170020F0170020F417002080B588B0A7
:1067700002AFF860B9601346FB800023FB7503236A
:106780007B75424B20221A70BB681B0CDAB23F4B60
:106790005A70BB681B0ADAB23C4B9A70BB68DAB21B
:1067A0003A4BDA7000233B61FB681B68DB683B6196
:1067B000FB681B689B683B613B69FB881946F8686E
:1067C000FFF718FDFB881946F868FFF7A3FB03469F
:1067D000002B05D0FB881846FFF7AEFC012351E0E3
:1067E000FB881846FFF796FC0A2300930423284AE7
:1067F0002649F86811F0CFFA0346BB75FB881846A6
:10680000FFF79AFCBB7D002B32D1642015F0A8FF66
:10681000FB881846FFF77EFC0A23009302231D4ADB
:106820001D49F86811F0B7FA0346BB75FB88184696
:10683000FFF782FCBB7D002B1CD1164B5A78174BFF
:106840001A70164B1B7803F00103002B02D00520B1
:1068500015F086FFFB7D0133FB75104B1B7803F0B1
:106860000103002B08D0FA7D7B7D9A42D0D303E050
:1068700000BF02E000BF00E000BFFB881846FFF742
:106880005BFCBB7D18461837BD4680BD60190020F3
:1068900024170020641900208002002054170020D3
:1068A00080B483B000AF0346FB71FB79032B14D88F
:1068B00001A252F823F000BFC9680008CD680008A3
:1068C000D1680008D5680008102307E0202305E000
:1068D000402303E04FF4007300E0102318460C3708
:1068E000BD465DF8047B7047F0B587B002AF7860B5
:1068F000864B1B684FF0FF31184615F04BFA844B5E
:106900001B781846FFF7CCFF0346BB81804B1B78F2
:106910001846804B1B8819467F4A4FF47A6300FB68
:1069200003F30B4412F81330002B0FD0794B1B8864
:1069300001339AB2774B1A80754B5B6803F5FF43BE
:10694000734A5360754B00221A7002E0734B0122A8
:106950001A706F4B1B7818466E4B1B8819466E4A8F
:106960004FF47A6300FB03F30B445B0013445B7842
:106970001A466B4B1B8842FA03F303F00103002B0A
:1069800014BF01230023DAB2664B1A70654B1B78E3
:10699000002B0FD0624B1B8801339AB2604B1A80D8
:1069A0005B4B5B6803F57F63594A53605E4B002283
:1069B0001A7002E05C4B01221A70554B5B685B4A0F
:1069C000934208D9524B00225A60514B1B78013335
:1069D000DAB24F4B1A70514B1B7883F00103DBB2D4
:1069E000002B93D1504B1B7883F00103DBB2002BBB
:1069F0008CD14F4B1B7883F00103DBB2002B34D0DA
:106A0000434B1B7F002B30D0414B5968BB8900930F
:106A10003023484A4848FFF73BFE0A2015F0A0FE05
:106A2000444B1B78CD2B15D10023FB73384B5B688F
:106A30003033374A5360364BDB680133344AD36016
:106A4000334B1B690133324A136100F05DFE00F0E5
:106A50008DFE01E00123FB73FB7B83F00103DBB2BE
:106A6000002BD1D1324B01221A703022FF21334842
:106A700020F0CFFB314A7B681C46164604F1300CEF
:106A800035462346186859689A68DB680FC5103484
:106A900010366445F4D11E4B5968BB8900933023EE
:106AA000264A2548FFF742FC0346002B08D0174B27
:106AB000186800230022002114F02AFE012320E0A0
:106AC000134B01221A77124B5B683033104A536024
:106AD0000F4BDB6801330E4AD3600D4B1B6901334A
:106AE0000B4A136100F010FE00F040FE074B1868DF
:106AF00000230022002114F00BFE0D4B01221A701E
:106B0000002318461437BD46F0BD00BFF821002011
:106B1000B81800200019002000000064141900209B
:106B2000041900202319002015190020ABAA2A00FF
:106B3000221900202819002064070020581700207F
:106B4000F0B587B002AF78605D4B1B684FF0FF3146
:106B5000184615F01FF95B4B5B781846FFF7A0FE4F
:106B60000346FB81574B5A78564B1B789A421ED1ED
:106B7000544B9A68534B5B689A4200D017E0514BD4
:106B800000229A604F4B00225A604E4B00229A60BE
:106B90004C4B00225A604B4B00221A77484B186826
:106BA00000230022002114F0B3FD0123B3E1454B83
:106BB0005B781846444B1B881946444A4FF47A6365
:106BC00000FB03F30B4412F81330002B0FD03E4BA5
:106BD0001B8801339AB23C4B1A803A4B9B6803F5F1
:106BE000FF43384A93603A4B00221A7002E0384B58
:106BF00001221A70334B5B781846334B1B881946B9
:106C0000324A4FF47A6300FB03F30B445B001344F6
:106C10005B781A462F4B1B8842FA03F303F00103FB
:106C2000002B14BF01230023DAB22B4B1A702A4B1E
:106C30001B78002B0FD0274B1B8801339AB2254BB2
:106C40001A80204B9B6803F57F631E4A9360234B99
:106C500000221A7002E0214B01221A70194B9B6826
:106C60001F4A934208D9174B00229A60154B5B7854
:106C70000133DAB2134B5A70154B1B7883F00103C2
:106C8000DBB2002B93D1154B1B7883F00103DBB2F1
:106C9000002B8CD10B4B9968FB8900933023114A50
:106CA0001148FFF7F5FC0346002B1FD0044B186872
:106CB00000230022002114F02BFD01232BE100BF53
:106CC000F8210020B81800200219002000000064FC
:106CD000141900200619002023190020151900207E
:106CE000ABAA2A0058170020640700202D228C49E7
:106CF000786821F05EF9FB89184600F0C5F9034673
:106D0000042B05DD874B1B780133DAB2854B1A70F3
:106D1000844B1B78282B29D9FB89013B824A128896
:106D20001046824A4FF47A6101FB03F303445B008F
:106D300013445B785AB27E4B1B88194601238B4063
:106D40005BB2134359B2FB89013B774A128816465E
:106D5000C8B2764A4FF47A6101FB03F333445B0017
:106D6000134402465A706F4B00221A70FB89184672
:106D700000F08AF90346DAB26E4B1B781344DAB29C
:106D80006C4B1A70FB89184600F032F96A4B9B680D
:106D90003033694A9360684B9B8A01339AB2664BE1
:106DA0009A82654B9B690133634A9361624B9B8A6C
:106DB000542B37D9604B00229A825F4B9B6803F6B5
:106DC000FF7323F47F6323F00F035B4A93605A4BF6
:106DD0009A685A4B1B68D31A00221C461546564B1C
:106DE000C3E90845544BD3E908231146FB891A46E9
:106DF0005348FFF7BBFCFB89184600F05BF94C4B8E
:106E00001B8801339AB24A4B1A80494B1B88082BC6
:106E100008D1474B00221A80434B1B8801339AB29A
:106E2000414B1A80444B9B69464A934228D9424BB6
:106E300000229A61404B00229A823F4B5B780133DB
:106E4000DAB23D4B5A703C494FF000024FF000035C
:106E5000C1E90823364B00221A80334B00221A80E6
:106E6000354B5B78032B08D9334B00225A70304BDB
:106E700000221A802C4B00221A802F4B00229A608D
:106E80002D4B5A782C4B1B789A4236D12A4B9A6854
:106E9000294B5B689A4230D1274B00229A60264BDF
:106EA00000225A60244B00229A60234B00225A6031
:106EB000214B00221A77204B00221A77224B002206
:106EC0001A80224B00221A80174B00221A80184B7E
:106ED00000221A80184B0022DA60174B00221A6138
:106EE000154B00221A70144B00225A70124B0022CC
:106EF0009A82114B00229A6102E00F4B01221A770D
:106F0000134B00221A70134B186800230022002133
:106F100014F0FEFB002318461437BD46F0BD00BF39
:106F200058170020131900200219002000000064E7
:106F300006190020E4180020B8180020780200206C
:106F400064070020AAAA2A000019002004190020C2
:106F500058190020F821002080B584B000AF034606
:106F6000FB808123FB73FB881846FFF7D3F807F1FA
:106F70000F010A230122094810F0B0FC0A23012264
:106F80000749064810F0EEFDFB881846FFF7D4F8D5
:106F9000034B1B7818461037BD4680BD64070020A0
:106FA000E118002080B584B000AF0346FB80B32316
:106FB000FB73FB881846FFF7ADF807F10F010A23B2
:106FC0000122094810F08AFC0A23012207490648D9
:106FD00010F0C8FDFB881846FFF7AEF8034B1B788E
:106FE00018461037BD4680BD64070020E218002017
:106FF00080B584B000AF0346FB80B623FB73FB88EB
:107000001846FFF787F807F10F010A230122054808
:1070100010F064FCFB881846FFF78EF800BF1037AD
:10702000BD4680BD6407002080B584B000AF034634
:10703000FB80FB881846FFF78FFF0346DBB203F0A7
:107040000803FB73FB7B082B01D1012300E0002325
:1070500018461037BD4680BD80B584B000AF0346EA
:10706000FB80FB881846FFF777FF0346DBB203F08F
:107070000403FB73FB7B042B01D1012300E00023FD
:1070800018461037BD4680BD80B584B000AF0346BA
:10709000FB80FB881846FFF785FF0346DBB203F051
:1070A0003C03FB73FB7B9B08FB73FB7B1846103791
:1070B000BD4680BD80B584B000AF0346FB80002391
:1070C0003B73FB881846FFF7DFFF03463B73FB88E3
:1070D0001846FFF7A9FF0346FB723B7B062B02D144
:1070E0000123FB7301E00023FB73FB7A002B02D02A
:1070F0000123BB7301E00023BB730F4B1B78142BE0
:1071000002D101237B7301E000237B73FB7B002B07
:1071100005D1BB7B002B02D17B7B002B01D001234F
:1071200000E00023BB72BB7A03F00103BB72BB7AA1
:1071300018461037BD4680BDE018002080B584B0E9
:1071400000AF0346FB80FB881846FFF785FF034628
:10715000BB73BB7B002B05D00C4B1B780133DAB221
:107160000A4B1A70094B1B78032B08D10123FB73C0
:10717000074B1B780133DAB2054B1A7001E000238C
:10718000FB73FB7B18461037BD4680BDE31800201B
:10719000E018002080B500AF00224FF400510248F3
:1071A0000CF0A2F900BF80BD0008024080B584B099
:1071B00000AF0346FB800523FB73FB881846FEF7F0
:1071C000A9FF07F10F010A238022074810F086FB70
:1071D000FB881846FEF7B0FFFFF7DCFFFEF78EFFD7
:1071E00000BF1037BD4680BD6407002080B584B065
:1071F00000AF0346FB71FB791846FFF751FB0346CE
:10720000BB81BB8919465348FEF7A8FFBB89102BE9
:107210001AD1514B1B789D2B07D14F4B5B78602BBC
:1072200003D14D4B9B781B2B0AD04C4B01221A707B
:10723000FB7B0133FB73BB891846FFF7B7FF5DE0AB
:10724000464B00221A7059E0BB89202B1AD1444BBF
:107250001B789D2B07D1424B5B78602B03D1404BB1
:107260009B781B2B0AD03D4B01221A70FB7B01330C
:10727000FB73BB891846FFF799FF3FE0374B0022AD
:107280001A703BE0BB89402B1AD1364B1B789D2BE3
:1072900007D1344B5B78602B03D1324B9B781B2B8F
:1072A0000AD02E4B01221A70FB7B0133FB73BB8982
:1072B0001846FFF77BFF21E0284B00221A701DE0E3
:1072C000BB89B3F5007F19D1274B1B789D2B07D1C4
:1072D000254B5B78602B03D1234B9B781B2B0AD06B
:1072E0001E4B01221A70FB7B0133FB73BB891846CE
:1072F000FFF75CFF02E0194B00221A70FB7B012BA9
:1073000004D8164B1B78002B7FF47BAFBB89013B65
:10731000164A32F81330B3F5FA6F03D3144B012237
:107320001A7002E0124B00221A700C4B1B78002BD3
:1073300003D10F4B1B78002B01D0012300E0002369
:10734000FB72FB7A03F00103FB72FB7A18461037DD
:10735000BD4680BD64070020E818002020190020E9
:10736000EC180020F0180020F41800200819002064
:107370002119002080B582B000AF174B00221A609F
:1073800000237B6019E07B68DBB21846FFF72EFF15
:1073900003461946114A7B6813440A461A700F4A7D
:1073A0007B6813441B78002B04D00B4B1B68013304
:1073B000094A13607B6801337B607B68032BE2DD45
:1073C000054B1B68042B01D1012300E00023184664
:1073D0000837BD4680BD00BF181900201C190020C9
:1073E00080B58EB002AFF860B9601346FB71724B86
:1073F0001B684FF0FF31184614F0CCFC05233B838B
:107400000023BB826D4AFB681360002387F82F308E
:10741000AFE03023BB62A3E0684B1B68DBB27B624A
:107420007B6AC3F580733B623A6ABB6A934228BFAA
:107430001346FB6100233B61614B1B68DB683B61CA
:107440005F4B1B689B683B613B6910215C48FEF702
:10745000D1FE10215A48FEF75DFD0346002B40F097
:107460009780584B02221A70544B1B681B0CDAB2DF
:10747000544B5A70514B1B681B0ADAB2514B9A702D
:107480004E4B1B68DAB24F4BDA70BB6AC3F1300364
:10749000BA681344FA6919464B4820F08AFD4B4BF1
:1074A0001B680021184614F075FC00BF444B1B6894
:1074B0009B6803F08003802BF8D01020FEF72AFE93
:1074C000FB699BB204339BB2414A3E493C4810F0F1
:1074D0000BFE0346FB76FB7E002B5BD13B4B1B6810
:1074E0004FF0FF31184614F055FC00BF344B1B68B9
:1074F0009B6803F08003802BF8D01020FEF71CFE61
:107500001020FEF707FE07F1140207F118010A2305
:10751000009302232A4810F03EFC0346FB7610201D
:10752000FEF70AFEFB7E002B36D17B7D03F00103C4
:10753000002B02D0012015F013F97B7D03F001032D
:10754000002BDDD11D4B1A68FB6913441B4A1360E5
:10755000BA6AFB69D31ABB62BA68FB691344BB60A1
:10756000BB6A002B7FF458AF97F82F30013387F8B0
:107570002F3097F82F20FB799A42FFF44AAF0E4B39
:10758000186800230022002114F0C2F800230FE045
:1075900000BF02E000BF00E000BF074B18680023F7
:1075A0000022002114F0B4F81020FEF7C5FD0123DD
:1075B00018463037BD4680BDF82100202419002030
:1075C000640700208C17002090170020082200205C
:1075D0005418002080B588B000AFF860B960134639
:1075E000FB71434B1B684FF0FF31184614F0D2FB80
:1075F0003023BB610023FB775CE03E4B1B6800211E
:10760000184614F0C7FB00233B613B4B1B68DB684B
:107610003B61394B1B689B683B613B69BB69043329
:107620001A46002135481FF0F4FD344B03221A702E
:10763000FB681B0CDAB2314B5A70FB681B0ADAB2DA
:107640002E4B9A70FB68DAB22C4BDA701020FEF7E2
:1076500061FDBB699BB204339BB2294A2749264886
:1076600010F042FD0346FB75FB7D002B2FD1214B13
:107670001B684FF0FF31184614F08CFB00BF1E4B07
:107680001B689B6803F08003802BF8D01020FEF766
:1076900053FDBA691B49B86820F08BFCFB68303396
:1076A000FB60BB683033BB600A2015F059F8FB7FE4
:1076B0000133FB77FA7FFB799A429ED30C4B186813
:1076C00000230022002114F023F800230BE000BF68
:1076D0001020FEF731FD064B186800230022002120
:1076E00014F016F8012318462037BD4680BD00BFB0
:1076F000F821002008220020640700208C170020B9
:10770000F0170020F417002080B400AF144BDB68A2
:10771000542B1FD9134B1B8801339AB2114B1A807B
:10772000104B1B88082B08D10E4B00221A800E4BE1
:107730001B8801339AB20C4B1A80094B0022DA6085
:10774000074B5B6803F6FF7323F47F6323F00F039B
:10775000034A536000BFBD465DF8047B704700BF1D
:10776000B8180020041900200019002080B500AFCF
:10777000164B1B69164A934224D9164B00221A80D5
:10778000154B00221A80114B00221A610F4B002268
:10779000DA600E4B1B780133DAB20C4B1A700B4BCC
:1077A0001B78032B0BD90D4B01221A700C4B186858
:1077B00000230022002113F0ABFF012303E0034B61
:1077C00000225A600023184680BD00BFB818002070
:1077D000AAAA2A0004190020001900205819002024
:1077E000F821002080B500AF0A4801F0BBFF0A4B2A
:1077F00000221A703822002108481FF00AFD00F00C
:1078000011F8034601221946054811F06EFC00BF2D
:1078100080BD00BF68190020CD190020D0190020BC
:107820000C09002080B400AF024B1846BD465DF83D
:10783000047B70476619002080B582B000AF034614
:10784000FB71FB791946064801F09DFF0346012BA9
:1078500002D1044B01221A7000BF0837BD4680BD1B
:1078600068190020CD19002080B400AF074B1B78A9
:10787000DBB2002B04D0054B00221A70044B00E051
:1078800000231846BD465DF8047B7047CD190020E3
:107890006819002080B487B000AF87ED010A034665
:1078A000FB7097ED017ADFED1E6AC7EE267AFDEEDA
:1078B000E77A17EE903A3B613B69642202FB03F3DF
:1078C00007EE903AF8EEE77A97ED017A77EE677A6D
:1078D000C7ED037A3B6907EE903AB8EEE77AD7ED49
:1078E000036A9FED106AC6EE867A77EE277AC7EDB7
:1078F000057AFB78532B02D0FB78572B05D1D7EDB7
:10790000057AF1EE677AC7ED057A7B6907EE903A62
:10791000B0EE670A1C37BD465DF8047B704700BFB8
:107920000000C8420000704280B487B000AFF86029
:107930007A601A460B46FB721346BB720023FB7536
:107940000023BB8200237B820BE0BB8AFA681344CE
:107950001B782C2B02D1FB7D0133FB75BB8A0133D5
:10796000BB82BB8AFA6813441B78002B12D0FA7DC5
:10797000FB7A9A42E9D30DE0BB8AFA681A447B8A03
:1079800079680B4412781A70BB8A0133BB827B8AF8
:1079900001337B82BB8AFA6813441B78002B10D01A
:1079A000BB8AFA6813441B782C2B0AD0BB8AFA686E
:1079B00013441B782A2B04D07A8ABB7A013B9A4263
:1079C000DADB7B8A7A68134400221A7000BF1C3706
:1079D000BD465DF8047B704780B483B000AF78602B
:1079E0007B681B78303BDBB21A46920013445B0085
:1079F000DAB27B6801331B781344DBB2303BDBB275
:107A000018460C37BD465DF8047B70472DE9B04F32
:107A1000F6B000AFC7F86C010622ED49D7F86C014B
:107A20001FF01DFC0346002B09D00622E949D7F8B8
:107A30006C011FF014FC0346002B40F0578207F541
:107A4000C27202230221D7F86C01FFF76DFF97F88D
:107A50008431412B40F04182DF4A012382F83530E6
:107A600007F5E0720F230121D7F86C01FFF75CFFE7
:107A700007F5B8720F230921D7F86C01FFF754FFFF
:107A800007F5E0731846FFF7A7FF034687F8D431E0
:107A900007F5E07302331846FFF79EFF034687F8A9
:107AA000D33107F5E07304331846FFF795FF03461B
:107AB00087F8D23107F5B8731846FFF78DFF0346F4
:107AC00087F8D13107F5B87302331846FFF784FF02
:107AD000034687F8D03107F5B87304331846FFF72B
:107AE0007BFF034687F8CF31BB4A97F8CF3182F846
:107AF0003030B94A97F8D03182F83130B64A97F829
:107B0000D13182F83230B44A97F8D43182F8333028
:107B1000B14A97F8D33182F83430AF4A97F8D2316E
:107B200082F8353097F8CF310022C7F84031C7F8D6
:107B30004421AA4BD7E950894A4603FB02F20223AB
:107B4000414601FB03F31A44A44B4146A1FB031336
:107B5000C7F864310B46C7F86031D7F86431D318E1
:107B6000C7F8643197F8D0310022C7F83831C7F828
:107B70003C219B4BD7E94E894A4603FB02F2002386
:107B8000414601FB03F31A44954B4146A1FB031305
:107B9000C7F85C310B46C7F85831D7F85C31D318B9
:107BA000C7F85C31D7E958894346D7E95601024600
:107BB0009B18C7F830310B464A4642EB0303C7F81F
:107BC000343197F8D4310022C7F82831C7F82C2176
:107BD000D7E94A8942464B464FF000004FF000017A
:107BE000990041EA9271900002460B4641465418B2
:107BF000494643EB01054FF000024FF00003EB0054
:107C000043EA5473E20014461D464346B4EB030AAC
:107C1000404649460B4665EB030B4FF000024FF020
:107C200000034FEA0B1343EA1A734FEA0A12924613
:107C30009B4603461AEB03033B670B464BEB0303E0
:107C40007B674FF000024FF00003D7E91C4529463F
:107C50000B01214643EA117321460A0114461D46D1
:107C600097F8D1310022C7F82031C7F82421D7E98D
:107C7000488942464B464FF000004FF00001590141
:107C800041EAD261500102460B464146511AB9669B
:107C9000494663EB0103FB664FF000024FF000031F
:107CA000D7E91AAB59464B02514643EAD1535146E4
:107CB0004A0210461946034642469B183B660B464D
:107CC0004A4642EB03037B664FF000024FF000038D
:107CD000D7E918AB59468B01514643EA91635146A7
:107CE0008A015146511AB965594663EB0103FB6598
:107CF000D7E91601034642469B18C7F818314B4690
:107D00000A4642EB0303C7F81C31D7E946120B467B
:107D1000E318C7F81031134645EB0303C7F81431D5
:107D2000D7E94C452346D7E9440102469B18C7F8DA
:107D300008310B462A4642EB0303C7F80C3197F88B
:107D4000D3310022C7F80031C7F80421D7E94045F4
:107D500022462B46911839655B417B65D7E9142390
:107D600021465118B96429464B41FB644FF000028B
:107D70004FF00003D7E9128949464B01414643EAD7
:107D8000D16341464A01414689183964494643EB6B
:107D900001017964D7E91001034622469B18C7F810
:107DA000F8302B460A4642EB0303C7F8FC30D7E90C
:107DB00042452346D7E93E0102469B18C7F8F030FA
:107DC0000B462A4642EB0303C7F8F4300AE000BF33
:107DD00068A9020870A90208D019002000E40B5419
:107DE00000E1F50597F8D2310022C7F8E830C7F86E
:107DF000EC20D7E93C452346D7E93A0102469B18D7
:107E0000C7F8E0300B462A4642EB0303C7F8E430DC
:107E1000344BD7E93812C3E90A1207F5D8720F2399
:107E20000321D7F86C01FFF77FFD07F5CE7202231F
:107E30000421D7F86C01FFF777FD97F8B031002BDC
:107E40001AD007F5D87318461EF022FA53EC102BFF
:107E500010461946F8F7D8FE024697F89C311846A6
:107E600000EE102AFFF716FDF0EE407A1D4BC3ED31
:107E7000007A1C4A1B4B9A6107F5C6720F23052135
:107E8000D7F86C01FFF750FD07F5C47202230621F5
:107E9000D7F86C01FFF748FD97F88C31002B00F004
:107EA000A98207F5C67318461EF0F2F953EC102BA1
:107EB00010461946F8F7A8FE024697F8883118468A
:107EC00000EE102AFFF7E6FCF0EE407A054BC3ED1A
:107ED000017A054A034BDA618CE2024B002283F8F7
:107EE000352087E2D0190020D41900200622E3496A
:107EF000D7F86C011FF0B3F90346002B09D0062216
:107F0000DF49D7F86C011FF0AAF90346002B40F0B7
:107F1000748207F5C07202230621D7F86C01FFF7BF
:107F200003FD97F88031302B00F05F8297F88031A5
:107F3000002B00F05A82D34A012382F8353007F52E
:107F4000E0720F230121D7F86C01FFF7EDFC07F574
:107F5000E0731846FFF740FD034687F8D73107F571
:107F6000E07302331846FFF737FD034687F8D63132
:107F700007F5E07304331846FFF72EFD034687F834
:107F8000D531C14B1B78BF4A82F83030BE4B5B788D
:107F9000BC4A82F83130BC4B9B78BA4A82F8323006
:107FA000B84A97F8D73182F83330B64A97F8D631C5
:107FB00082F83430B34A97F8D53182F83530B24B75
:107FC0001B78DBB20022C7F8D830C7F8DC20AF4BF3
:107FD000D7E936452A4603FB02F20223214601FB7C
:107FE00003F31A44A94B2146A1FB0313C7F85431EC
:107FF0000B46C7F85031D7F85431D318C7F854316D
:10800000A14B5B78DBB20022C7F8D030C7F8D42090
:108010009F4BD7E934452A4603FB02F20023214651
:1080200001FB03F31A449A4B2146A1FB0313C7F843
:108030004C310B46C7F84831D7F84C31D318C7F844
:108040004C31D7E954452346D7E9520102469B18E3
:10805000C7F8C8300B462A4642EB0303C7F8CC30BA
:1080600097F8D7310022C7F8C030C7F8C420D7E945
:10807000304522462B464FF000004FF0000199009A
:1080800041EA9271900002460B46214612EB01082C
:10809000294643EB01094FF000024FF000034FEA7D
:1080A000C90343EA58734FEAC802904699462346EB
:1080B000B8EB0303BB632B4669EB0303FB634FF091
:1080C00000024FF00003D7E90E8949460B014146F3
:1080D00043EA117341460A011046194603462246F7
:1080E0009B183B632B460A4642EB03037B634FF02E
:1080F00000024FF00003D7E90C4529460B01214649
:1081000043EA117321460A0114461D465E4B9B78D3
:10811000DBB20022C7F8B830C7F8BC20D7E92E89F7
:1081200042464B464FF000004FF00001590141EA32
:10813000D261500102460B464146511AB962494686
:1081400063EB0103FB624FF000024FF00003D7E93D
:108150000AAB59464B02514643EAD15351464A02B3
:1081600010461946034642469B183B620B464A4658
:1081700042EB03037B624FF000024FF00003D7E9AC
:1081800008AB59468B01514643EA916351468A0137
:108190005146511AB961594663EB0103FB61D7E9B6
:1081A0000601034642469B18C7F8B0304B460A46C4
:1081B00042EB0303C7F8B430D7E92C120B46E3189F
:1081C000C7F8A830134645EB0303C7F8AC30D7E92E
:1081D00032452346D7E92A0102469B18C7F8A0304A
:1081E0000B462A4642EB0303C7F8A43097F8D63172
:1081F0000022C7F89830C7F89C20D7E926452246C8
:108200002B46911839615B417B61D7E904232146F4
:108210005118B96029464B41FB604FF000024FF006
:108220000003D7E9028949464B01414643EAD1633D
:1082300041464A01414689183960494643EB0101EC
:108240007960D7E90001034622469B18C7F89030B1
:108250002B460A4642EB0303C7F89430D7E928457A
:108260002346D7E9240102469B18C7F888300B46FD
:108270002A4642EB0303C7F88C300BE078A90208CA
:1082800080A90208D01900202422002000E40B5409
:1082900000E1F50597F8D5310022C7F88030C7F81E
:1082A0008420D7E922452346D7E9200102469B18BE
:1082B000BB670B462A4642EB0303FB67524BD7E9E9
:1082C0001E12C3E90A12514BD3E900234E49C1E9FA
:1082D0000A2307F5D8720F230221D7F86C01FFF7A4
:1082E00023FB07F5CE7202230321D7F86C01FFF7B9
:1082F0001BFB07F5D0720F230921D7F86C01FFF79C
:1083000013FB97F8B031002B1AD007F5D873184635
:108310001DF0BEFF53EC102B10461946F8F774FC05
:10832000024697F89C31184600EE102AFFF7B2FA81
:10833000F0EE407A344BC3ED007A334A324B9A6107
:1083400007F5D0720F230921D7F86C01FFF7ECFA7B
:1083500097F8A031002B11D007F5D07318461DF007
:1083600097FF53EC102B10461946F8F74DFC0346C7
:10837000254A9360264A244B1A6206E0224B4FF0AE
:1083800000029A60204B00221A6207F5C6720F2382
:108390000421D7F86C01FFF7C7FA07F5C47202236E
:1083A0000521D7F86C01FFF7BFFA97F88C31002B45
:1083B00022D007F5C67318461DF06AFF53EC102B48
:1083C00010461946F8F720FC024697F888311846FF
:1083D00000EE102AFFF75EFAF0EE407A0A4BC3ED8A
:1083E000017A0C4A084BDA6106E0074B002283F859
:1083F000352002E000BF00E000BF00BF07F5EC77CA
:10840000BD46BDE8B08F00BFD0190020E0190020A4
:10841000D8190020D419002080B582B000AFFFF732
:1084200023FA78607B68002B2AD0786801F0E4F9A1
:108430000346002B24D00622144978681EF00FFF53
:108440000346002B17D00622114978681EF007FF5B
:108450000346002B0FD006220E4978681EF0FFFE5F
:108460000346002B07D006220B4978681EF0F7FE62
:108470000346002B04D17868FFF7C8FA012300E017
:10848000002318460837BD4680BD00BF78A9020802
:1084900080A9020870A9020868A902082DE9B04F56
:1084A000A6B002AFF861002387F88F300723C7F822
:1084B00088300023A7F88C300023A7F8863000F01E
:1084C000F7F814F04FFB034600223B617A61D7E9CD
:1084D00004234FF000004FF00001590141EAD2613E
:1084E000500102460B463969B2EB0108796963EB2A
:1084F00001094FF000024FF000034FEA890343EAFD
:1085000098734FEA880290469946D7E904120B46C1
:1085100018EB03033B60134649EB03037B604FF00A
:1085200000024FF00003D7E900894946CB004146DD
:1085300043EA51734146CA00104619464FF47A7215
:108540004FF00003F8F700FC02460B461346A7F86D
:108550008C30544B18686423009301230122D7F810
:10856000881012F02DFDC7F8800007F17C0364220B
:1085700000924FF0FF320021002015F0BBFA0346B5
:10858000012B0FD1FB6F03F00103002B02D001235D
:1085900087F88F30FB6F03F00203002B02D000231B
:1085A00087F88F30D7F88020D7F888301340D7F875
:1085B00088209A42CDD197F88F30002BC9D014F083
:1085C000D1FA034600229A46934652465B464FF044
:1085D00000004FF00001590141EAD261500102460A
:1085E0000B46B2EB0A0463EB0B054FF000024FF0B1
:1085F0000003AB0043EA9473A20014461D4614EB3B
:108600000A03BB6045EB0B03FB604FF000024FF029
:108610000003D7E902894946CB00414643EA51733A
:108620004146CA00C7E90223104619464FF47A7240
:108630004FF00003F8F788FB02460B461346A7F8F5
:108640008630B7F88C20B7F886301146184600F00F
:10865000E7F807F124031846FCF73CFC124B1B68B3
:108660004FF0FF31184613F095FB07F14C0307F16B
:10867000240127220B20FBF7F2F80B4B186800238C
:108680000022002113F044F8084B186807F14C0150
:1086900000234FF0FF3213F03BF8B7F88630A7F80D
:1086A0008C3056E72017002014220020601C002088
:1086B000B0B598B002AF4FF07E533B634FF000036C
:1086C0007B634FF00003BB634FF000037B624FF00E
:1086D0007E53BB624FF00003FB6207F140030022B0
:1086E00019464A480DF085FA07F13C030022194665
:1086F00046480DF060FB97F83F3003F5FA6097F8B5
:108700003D30194697F83E301C4697F840301D46DC
:1087100097F8413097F84220019200932B46224669
:1087200008F04AFC87ED150A07F13003184697ED6B
:10873000150A02F047FD364BD3ED007A344B93ED2A
:10874000017A334BD3ED026A07F124031846F0EEA9
:10875000661AB0EE471AF0EE670A97ED150A02F0B6
:108760004FFD2C4B1B8807EE903AB8EE677A294BE9
:108770005B8807EE903AF8EE677A77EE677AC7ED96
:10878000067A244B9B8807EE903AB8EE677A214B25
:10879000DB8807EE903AF8EE677A77EE677AC7EDF6
:1087A000077A1C4B1B8907EE903AB8EE677A194B93
:1087B0005B8907EE903AF8EE677A77EE677AC7ED55
:1087C000087A154B1B68FB60134B5B683B61124BCF
:1087D0009B687B61104BDB683B600F4B1B697B60C8
:1087E0000D4B5B69BB6007F1240007F1180207F12C
:1087F00030013B46019307F10C0300930346074801
:1088000005F034FC00BF5837BD46B0BD000600205F
:10881000D019002064220020881500200C1A0020A6
:10882000B0B59CB002AF03460A46FB801346BB803E
:108830004FF000037B664FF07E53FB634FF0000365
:108840003B644FF000037B644FF000033B634FF049
:108850007E537B634FF00003BB6307F14C030022A0
:10886000194654480DF0C5F907F14803002219468E
:1088700050480DF0A0FA97F84B3003F5FA6097F8DE
:108880004930194697F84A301C4697F84C301D4637
:1088900097F84D3097F84E20019200932B462246D0
:1088A00008F08AFB87ED180A07F13C03184697ED9C
:1088B000180A02F087FC404BD3ED007A3E4B93ED53
:1088C000017A3D4BD3ED026A07F130031846F0EE12
:1088D000661AB0EE471AF0EE670A97ED180A02F032
:1088E0008FFC364B1B8807EE903AB8EE677A334B15
:1088F0005B8807EE903AF8EE677A77EE677AC7ED15
:10890000097A2E4B9B8807EE903AB8EE677A2B4B8C
:10891000DB8807EE903AF8EE677A77EE677AC7ED74
:108920000A7A264B1B8907EE903AB8EE677A234BFA
:108930005B8907EE903AF8EE677A77EE677AC7EDD3
:108940000B7A1F4B1B68BB611D4B5B68FB611C4BAB
:108950009B683B621A4BDB68FB60194B1B693B61F0
:10896000174B5B697B61174B04221A60FA88BB883E
:10897000D31A07EE903AB8EEE77ADFED136AC7EE46
:10898000267AC7ED197A07F1300007F1240207F1C2
:108990003C0107F10C03019307F11803009397EDD5
:1089A000190A0346074805F0E5FA00BF6837BD46D7
:1089B000B0BD00BF00060020D019002064220020B6
:1089C000881500200C1A002000007A4480B584B07D
:1089D00000AF786039607B681B78042B00F2A680BA
:1089E00001A252F823F000BFFD890008598A00084F
:1089F0007B8A0008058B0008198B00087B68986B40
:108A00007B6804330022194613F0E2F80346012B79
:108A100006D17B6800225A707B6801221A7089E0B7
:108A20007B689B781A46474B9B5C002B00F082804A
:108A30007B680433002200210820FAF710FF7B68CE
:108A40009B781A463F4B002199547B6800225A704C
:108A50007B6801221A706DE07B681A1D7B68DB78E9
:108A600019461046FAF7CCFF14F07CF802467B68F2
:108A70005A637B6802221A705FE07B689B785B0018
:108A8000012202FA03F31A463B681340002B03D07D
:108A90007B6803221A704FE07B689B785B00013390
:108AA000012202FA03F31A463B681340002B0FD051
:108AB0007B685B780133DAB27B685A707B685B78DD
:108AC000002B01D1012200E004227B681A7033E000
:108AD00014F048F8F8607B685B6BFA68D31AB3F55A
:108AE000FA6F29D97B685B780133DAB27B685A70F8
:108AF0007B685B78002B01D1012200E004227B68B7
:108B00001A7019E07B6800221A707B689B781A46FD
:108B10000D4B0021995410E07B6800221A707B688D
:108B20009B781A46084B0021995406E07B68042282
:108B30001A7002E000BF00E000BF00BF1037BD4662
:108B400080BD00BF441C0020481C002080B584B0BC
:108B500002AF00233B603B46322200924FF0FF32CF
:108B60000021002014F0C6FF78607B68002B01D143
:108B7000002300E03B6818460837BD4680BD000072
:108B800080B586B000AFF860B9601346FB71002372
:108B9000FB756AE0FB7D04335B00012202FA03F3FC
:108BA0001A46FB681340002B09D0FB7D9B00BA6876
:108BB00013441B68DB781946AA20FAF73DFFFB7DBA
:108BC00004335B000133012202FA03F31A46FB6807
:108BD0001340002B09D0FB7D9B00BA6813441B682F
:108BE000DB781946FF20FAF727FFFB7D08335B008F
:108BF000012202FA03F31A46FB681340002B03D04C
:108C0000FB7D1E4A0121D154FB7D08335B000133FB
:108C1000012202FA03F31A46FB681340002B03D02B
:108C2000FB7D164A0021D154FB7D0C335B000122F1
:108C300002FA03F31A46FB681340002B03D0FB7DB6
:108C40000F4A0121D154FB7D0E335B00012202FA51
:108C500003F31A46FB681340002B03D0FB7D094A3F
:108C60000121D154FB7D0133FB75FA7DFB799A42DA
:108C700090D300BF00BF1837BD4680BD401C002008
:108C8000481C0020441C002080B5A4B000AF7860D0
:108C900007F14C033C22002118461EF0BAFA0123CA
:108CA00087F84E30CE2387F84F302F4B1B68C7F81C
:108CB000843007F110033C22002118461EF0A9FA67
:108CC000AB23FB74294B1B68BB6407F11003BB602B
:108CD00007F14C03FB60264B01225A70244B002203
:108CE0001A70244B00225A70224B00221A70224B19
:108CF00000225A70204B00221A70FFF727FFC7F896
:108D00008800D7F88830002B07D007F1080302222B
:108D10001946D7F88800FFF733FF002387F88F3014
:108D20001CE097F88F30124AD35C002B05D197F8DE
:108D30008F30104AD35C002B0BD097F88F309B00FC
:108D400090333B4453F8883CD7F888101846FFF717
:108D50003DFE97F88F30013387F88F3097F88F30CA
:108D6000012BDED9C9E700BF641C0020681C00206D
:108D7000401C0020481C0020441C002080B500AF8F
:108D800000220121642012F01EFC0346194A1360E0
:108D900000220121642012F016FC0346164A1360DB
:108DA00000220121C82012F00EFC0346134A136072
:108DB00000222A210A2012F006FC0346104A136002
:108DC00000222D21642012F0FEFB03460D4A1360A1
:108DD00000222D21642012F0F6FB03460A4A13609C
:108DE00000222D21642012F0EEFB0346074A136097
:108DF00000BF80BD501C0020541C0020581C0020C7
:108E00005C1C0020601C0020641C0020681C0020EA
:108E100080B483B000AF7860044A7B68136000BF01
:108E20000C37BD465DF8047B704700BFF42100207D
:108E300080B586B002AF786007F10C030022009283
:108E40004FF0FF320021002014F054FE0346012BA6
:108E50000FD1FB6803F00803002B02D0464B002221
:108E60001A70FB6803F00403002B02D0424B01226E
:108E70001A70414B1B7883F00103DBB2002B72D0D8
:108E8000FEF778FA03461A463C4B1A703B4B1B78A8
:108E900083F00103DBB2002B0FD0394B1B7F002B7B
:108EA0000BD03848FDF74CFE374B186800234FF0C5
:108EB000FF32344912F02CFC58E0344B1B7883F01D
:108EC0000103DBB2002B21D0314B1A78314B1B78D8
:108ED0009A420FD1304B1A88304B1B889A4209D1E5
:108EE0002F4BD3E906012F4BD3E90823994208BF42
:108EF00090420BD0234804F0DBFA234B1868002380
:108F00004FF0FF321F4912F003FC2FE0204B1A787C
:108F1000204B1B789A4216D11F4B1A881F4B1B8877
:108F20009A4210D11E4BD3E906011E4BD3E9082308
:108F3000994208BF904206D1114B1B7F83F0010379
:108F4000DBB2002B08D1FEF715FA0346002B0DD03B
:108F50000E4B1B78002B09D0134B00221A70134BB9
:108F600001221A7002E0114B00221A704FF4FA60CD
:108F700013F0F6FB60E700BF83020020CD1C002049
:108F8000B8180020A01C0020681C0020B822002077
:108F9000082A0020092A00200A2A00200C2A002082
:108FA00028250020C02200206C1C00206D1C002001
:108FB00080B586B002AF78600023FB7300F0F4F850
:108FC000034683F00103DBB2002B0BD0FCF782FFDA
:108FD00000F00AF9FCF7C7FF04F052F94C4B0122EC
:108FE0001A7014E0FCF7D2FF04F05EF8494B1B78CE
:108FF00042F6D072194648481EF00BF915F0F2FC03
:10900000FCF7C6FE15F020FD414B01221A704FF40B
:109010007A7013F0A5FB07F10803002200924FF0CD
:10902000FF320021002014F065FD0346012B0DD115
:10903000BB6803F04003002B01D00123FB73BB6826
:1090400003F08003002B01D00023FB73FB7B002B7C
:1090500011D0324B1B680A223149184612F0B8FD74
:109060000346012B07D12F4B186800234FF0FF3226
:109070002B4912F04DFB2B4B1B680A22284918463E
:1090800012F0A6FD0346012BC5D1FEF773F9034686
:109090001A46254B1A70254B1B78002B0BD01F4B03
:1090A000186800234FF0FF321D4912F031FB0A20EF
:1090B00013F056FB27E01C4B1B7883F00103DBB257
:1090C000002B10D01A4B1B7883F00103DBB2002B6E
:1090D00009D01348FDF708FC164B01221A70134BF8
:1090E00000221A700FE0144B1B7883F00103DBB2EF
:1090F000002B08D00A4804F047F90E4B02221A70E0
:109100000A4B00221A70642013F02AFB83E700BF89
:10911000F021002082020020A0DC0064681C0020F6
:10912000701C0020601C0020CD1C00206D1C002045
:10913000581900206C1C0020B822002080B586B091
:1091400002AF786007F10C034EF6602200924FF0F8
:10915000FF320021002014F0CDFC0346012B0FD17B
:10916000FB6803F01003002B02D00D4B01221A7094
:10917000FB6803F02003002B02D0094B00221A7079
:10918000084B1B78002BDDD000F016F915F02AFCF7
:10919000FCF7FEFD00F0FAF915F056FCD2E700BF2F
:1091A000F1210020F021002080B483B000AF0D4BEE
:1091B0007B607B681B78002B09D07B685B78002B79
:1091C00005D07B689B78002B01D0012300E00023B1
:1091D00003F00103DBB218460C37BD465DF8047B93
:1091E000704700BF00000E0880B500AF624B634AB5
:1091F000104619464FF4A2631A461EF0DAFE1422F6
:109200005F4960481EF03DF85C4B1B6A5D4A536144
:109210005A4BD3E90A235B49C1E90623574BD3E9EB
:109220000C235849C1E90823544BD3E90E2355496F
:10923000C1E90A23514B93F84020524B83F8302068
:10924000504B4E4A343302F144014FF40B7218462E
:109250001EF0AFFE14224C494C481EF012F8474B4A
:10926000D3F88432494A5361444BD3E9A223474996
:10927000C1E90623414BD3E9A4234449C1E90823AA
:109280003E4BD3E9A6234149C1E90A233B4B93F85E
:10929000A0223E4B83F830203C4B384A343302F551
:1092A00029714FF40B7218461EF083FE334B93F86E
:1092B0000825374B1A70314B93F80925354B1A7036
:1092C0002E4BB3F80A25344B1A802C4BB3F80C25DF
:1092D000324B1A80294B93F8D024314B1A70274B0C
:1092E00093F8D1242E4B5A70244BD3F8D4342C4A03
:1092F0005360224BD3F8D834294A93601F4BD3F8DC
:10930000DC34274AD3601D4BD3F8E034244A136180
:109310001A4BB3F8E424224B9A82184BD3F8E83462
:109320001F4A9361154B93F8EC241D4B1A77134B8E
:1093300003F59E63D3E900231949C1E908230F4BC4
:10934000B3F8F824174B1A800C4BB3F8FA24164BD9
:109350001A800A4BB3F8FC24144B1A80074BB3F85D
:10936000FC24134B1A80134A044B03F5A06303CB70
:109370001060516000BF80BD00000E08E01C00209E
:10938000EC1C0020C0220020501F002028250020B7
:10939000082A0020092A00200A2A00200C2A00207E
:1093A000B81800200019002002190020041900201C
:1093B000061900200819002080B500AF634B1A7809
:1093C000634B1A70614B1A78614B5A705F4B1A7875
:1093D0005F4B9A705F4960481EF0E3FD5D4B5B692F
:1093E0005B4A13625B4BD3E906235949C1E90A235F
:1093F000584BD3E908235649C1E90C23554BD3E90F
:109400000A235349C1E90E23524B93F83020504BA5
:1094100083F840204E4B4F4A443302F134014FF45D
:109420000B7218461EF0C5FD4C494D481EF0B9FDA3
:109430004A4B5B69464AC2F88432484BD3E906235B
:109440004349C1E9A223454BD3E908234049C1E977
:10945000A423424BD3E90A233D49C1E9A6233F4B4C
:1094600093F830203A4B83F8A022394B3B4A03F55E
:10947000297302F134014FF40B7218461EF099FD66
:10948000384B1A78324B83F80825374B1A78304B13
:1094900083F80925354B1A882D4BA3F80A25344B40
:1094A0001A882B4BA3F80C25324B1A78284B83F8DB
:1094B000D024304B5A78264B83F8D1242D4B5B684F
:1094C000234AC2F8D4342B4B9B68214AC2F8D834C3
:1094D000284BDB681E4AC2F8DC34264B1B691C4A49
:1094E000C2F8E034234B9A8A194BA3F8E424214BA9
:1094F0009B69174AC2F8E8341E4B1A7F144B83F855
:10950000EC241C4BD3E90823114901F59E61C1E904
:109510000023194B1A880E4BA3F8F824174B1A880E
:109520000B4BA3F8FA24164B1A88094BA3F8FC241A
:10953000144B1A88064BA3F8FC24054B124A03F57A
:10954000A0631068516803C300BF80BDF1210020F3
:10955000E01C0020C0220020EC1C00202825002058
:10956000501F0020082A0020092A00200A2A002073
:109570000C2A0020B8180020001900200219002031
:1095800004190020061900200819002080B485B0B5
:1095900000AF4FF4A2737B603C4B3B603C4BFB60E5
:1095A00000BF3C4BDB6803F48033002BF9D1394B0F
:1095B0001B69002B05DA374B374A5A60354B374A5F
:1095C0005A60344B1B69334A23F440731361314BA7
:1095D0001B69304A43F4007313612E4B1B692D4AFB
:1095E00043F0020313612B4B1B692A4A23F0F80353
:1095F0001361284B1B69274A43F058031361254B1D
:109600001B69244A43F48033136100BF214BDB689C
:1096100003F48033002BF9D11E4B1B691D4A23F044
:10962000020313611B4B1B691A4A43F001031361C8
:109630000023BB6013E0BB689B003A681A44FB68D8
:1096400012681A6000BF134BDB6803F48033002BF1
:10965000F9D1FB680433FB60BB680133BB60BA68B7
:109660007B689A42E7D30B4B1B690A4A23F001033C
:109670001361084B1B69074A43F00043136100BFA5
:109680001437BD465DF8047B704700BFE01C002026
:1096900000000E08003C024023016745AB89EFCD76
:1096A00080B500AF012012F01AF80346224A136079
:1096B000012012F014F80346204A1360012012F032
:1096C0000EF803461E4A1360012012F008F8034604
:1096D0001C4A1360012012F002F803461A4A136074
:1096E00003220021012011F06EFF0346174A136088
:1096F00003220021012011F066FF0346144A136083
:1097000003220021012011F05EFF0346114A13607D
:10971000012011F0E4FF03460F4A1360012011F00D
:10972000DEFF03460D4A1360012011F0D8FF034607
:109730000B4A136000BF80BDF8210020FC210020EF
:109740000C220020102200201422002008220020D9
:109750000022002004220020182200201C220020C9
:109760002022002080B483B000AF78607B680022A4
:1097700083F864207B6800221A7000BF0C37BD4656
:109780005DF8047B704780B483B000AF78600B460F
:10979000FB70FB780D2B01D1002327E0FB780A2B0F
:1097A0000CD17B6893F864301A467B680021995489
:1097B0007B68002283F86420012317E07B6893F81C
:1097C0006430622B0DD87B6893F864305A1CD1B298
:1097D0007A6882F8641019467B68FA785A54002334
:1097E00004E07B68002283F86420022318460C37CB
:1097F000BD465DF8047B704780B588B000AF7860E7
:10980000242178681DF00DFD78612A2178681DF00B
:1098100008FD38617B69002B06D03B69002B03D023
:109820003A697B699A4201D2002321E00023FB7749
:109830007B690133BB6107E0BB691A78FB7F53404A
:10984000FB77BB690133BB61BA693B699A42F3D3C9
:109850003B6901331022002118461DF0A9FB034685
:10986000FB73FA7FFB7B9A420CBF01230023DBB220
:1098700018462037BD4680BD80B58EB000AF7860F9
:109880007968096800200A460346C7E90C2307F1F6
:109890000C0207F13003114618461DF005FD3B6A26
:1098A000DBB2643BDAB20E4B1A70FB69DBB20133F8
:1098B000DAB20B4B5A70BB69DAB2094B9A707B690A
:1098C000DAB2074BDA703B69DAB2054B1A71FB6802
:1098D000DAB2034B5A7100BF3837BD4680BD00BFB6
:1098E0002C22002080B58EB000AF78607B681B789A
:1098F00064333B627B6801331B78013BFB617B680F
:1099000002331B78BB617B6803331B787B617B6808
:1099100004331B783B617B6805331B78FB600023B5
:10992000FB6207F10C0318461DF038FEC7E90C0175
:109930003B6B18463837BD4680BD000080B588B007
:1099400000AF786007F10C0300221A605A609A6039
:10995000DA601A610023BB607B681B781A067B689B
:1099600001331B781B041A437B6802331B781B02EC
:1099700013437A68033212781343144A136013486E
:10998000FFF77AFF124BDB783B73114B1B797B732C
:109990000F4B5B79BB7307F10C03002219460D488E
:1099A0000CF08DF80A4B1B78FB72094B5B787B72CD
:1099B000074B9B78BB7207F1080300221946054844
:1099C0000CF075F900BF2037BD4680BD3422002061
:1099D0002C2200200006002080B588B000AF7860FF
:1099E000274B1B684FF0FF31184612F0D3F903469E
:1099F000012B41D17B68002B3DD007F10C030022E5
:109A0000194678680CF0F5F80346002B07D01C4B7C
:109A1000186800230022002111F07AFE2CE007F1E3
:109A200008030022194678680CF0C5F90346002B9C
:109A300007D0134B186800230022002111F068FEA4
:109A40001AE0FA7A0F4B1A707A7A0E4B5A70BA7A79
:109A50000C4B9A703A7B0B4BDA707A7B094B1A717C
:109A6000BA7B084B5A71064B18680023002200216C
:109A700011F04EFE00E000BF2037BD4680BD00BFA4
:109A80000C220020242200202DE9B04F94B002AF18
:109A900078604FF47A73A7F842304FF4E153A7F897
:109AA00040306148F9F73AFB6048F9F737FB07F1B6
:109AB00008034FF0FF32009200220021002014F032
:109AC00019F80346012BF2D1594B1B684FF0FF31B7
:109AD000184612F05FF9574B1B88A7F84230564BD7
:109AE0001B88A7F84030524B186800230022002141
:109AF00011F00EFEB7F840304FF47A7203FB02F219
:109B0000B7F84230B2FBF3F3FB6300237B6468E0F9
:109B100007F10803002200924FF0FF3200210020DD
:109B200013F0E8FFBB6803F00203002B5ED107F1DE
:109B30000C03184600F036FA404B186807F10C0188
:109B400000234FF0FF3211F0E3FD3D4B1B68012174
:109B5000184611F007FB3B4B1B680121184611F01A
:109B600001FBB7F8423000229846914642464B46E8
:109B70004FF000004FF00001590141EAD26150015D
:109B800002460B46B2EB080463EB09054FF00002F6
:109B90004FF00003AB0043EA9473A20014461D4645
:109BA00014EB080A45EB090B4FF000024FF00003DD
:109BB0004FEACB0343EA5A734FEACA0292469B46E6
:109BC000504659464FF47A724FF00003F7F7BCF84D
:109BD00002460B461346184612F0C2FD7B6C013359
:109BE0007B647A6CFB6B9A4292D300E000BF164B09
:109BF00018680023009303230122002114F00CF8BD
:109C0000124B18680023009303230222002114F052
:109C100003F80F4B1868002300930323022200214E
:109C200013F0FAFF43E700BF0405002058050020A9
:109C3000182200208402002086020020601C0020E0
:109C40001C17002020170020D81C0020782200209C
:109C5000081A00202DE9B04F94B002AF78604FF49D
:109C60007A73A7F842304FF4E153A7F8403000F080
:109C70005FFA07F108034FF0FF3200920022002143
:109C8000002013F037FF0346012BF2D1494B1B682C
:109C90004FF0FF31184612F07DF8474B1B88A7F8AC
:109CA0004230464B1B88A7F84030424B18680023CF
:109CB0000022002111F02CFDB7F840304FF47A72E9
:109CC00003FB02F2B7F84230B2FBF3F3FB6300236D
:109CD0007B6468E007F10803002200924FF0FF3236
:109CE0000021002013F006FFBB6803F00203002BE5
:109CF0005ED107F10C03184600F08EF9304B18685E
:109D000007F10C0100234FF0FF3211F001FD2D4B44
:109D10001B680421184611F025FA2B4B1B680421FF
:109D2000184611F01FFAB7F84230002298469146C3
:109D300042464B464FF000004FF00001590141EA06
:109D4000D261500102460B46B2EB080463EB0905F1
:109D50004FF000024FF00003AB0043EA9473A200FF
:109D600014461D4614EB080A45EB090B4FF00002A0
:109D70004FF000034FEACB0343EA5A734FEACA029B
:109D800092469B46504659464FF47A724FF0000374
:109D9000F6F7DAFF02460B461346184612F0E0FCCF
:109DA0007B6C01337B647A6CFB6B9A4292D360E7E5
:109DB00000BF5EE7182200208402002086020020F7
:109DC000601C00201C170020201700202DE9B04F38
:109DD00094B002AF78604FF47A73A7F842304FF432
:109DE000E153A7F8403007F108034FF0FF3200922B
:109DF00000220021002013F07DFE0346012BF2D14A
:109E0000404B1B684FF0FF31184611F0C3FF3E4B2B
:109E10001B88A7F842303D4B1B88A7F84030394BD0
:109E2000186800230022002111F072FCB7F84030BE
:109E30004FF47A7203FB02F2B7F84230B2FBF3F34D
:109E4000FB6300237B6456E007F1080300220092C5
:109E50004FF0FF320021002013F04CFEBB6803F0EE
:109E60000203002B4CD12A48FFF7B6FD07F10C0383
:109E7000184600F04FF8B7F8423000229846914655
:109E800042464B464FF000004FF00001590141EAB5
:109E9000D261500102460B46B2EB080463EB0905A0
:109EA0004FF000024FF00003AB0043EA9473A200AE
:109EB00014461D4614EB080A45EB090B4FF000024F
:109EC0004FF000034FEACB0343EA5A734FEACA024A
:109ED00092469B46504659464FF47A724FF0000323
:109EE000F6F732FF02460B461346184612F038FCCE
:109EF0007B6C01337B647A6CFB6B9A42A4D372E770
:109F000000BF70E718220020840200208602002093
:109F10000006002080B58CB000AF78601C48FFF7C9
:109F20005BFDFEF779FA0346002B2DD007F10803FD
:109F30001846FAF711FA174B1B684FF0FF31184615
:109F400011F028FF07F108017B681A220520F9F7B4
:109F500086FC104B186800230022002111F0D8FB6A
:109F60000D4B186800234FF0FF32796811F0D0FBD9
:109F70000A4B1B680221184611F0F4F8084B1B68C5
:109F80000221184611F0EEF800BF3037BD4680BD03
:109F90000006002014220020601C00201C17002056
:109FA0002017002080B58CB000AF78601448FFF710
:109FB00013FD14491448F9F7BFF814491448F9F788
:109FC000BBF807F108031846F9F76EFF114B1B6841
:109FD0004FF0FF31184611F0DDFE07F108017B68F4
:109FE00027220320F9F73BFC0A4B186800230022C4
:109FF000002111F08DFB00BF3037BD4680BD00BF92
:10A00000000600208815002004050020B41500205B
:10A01000580500201422002080B58CB000AF786075
:10A020001148FFF7D9FC00F0B3F807F10803184610
:10A03000FAF708F90D4B1B684FF0FF31184611F085
:10A04000A9FE07F108017B6813220420F9F707FC39
:10A05000064B186800230022002111F059FB00BFB5
:10A060003037BD4680BD00BF00060020142200200E
:10A0700080B586B002AF03460A46FB711346BB713A
:10A0800008233B73FB797B73BB79BB7307F10C022D
:10A090006423009303232E21034809F0C1FB00BF72
:10A0A0001037BD4680BD00BFAC05002080B586B02E
:10A0B00002AF03460A46FB711346BB7118233B737C
:10A0C000FB797B73BB79BB7307F10C0264230093AC
:10A0D00003232E21034809F0A3FB00BF1037BD4620
:10A0E00080BD00BFAC05002080B586B002AF03463E
:10A0F0003960FB711346BB7110233B73FB797B7393
:10A1000007F10C026423009302232E21074809F073
:10A1100087FBBB799BB2642200923A682E210348E8
:10A1200009F07CFC00BF1037BD4680BDAC050020A7
:10A1300080B500AF3F211220FFF79AFF01211020C8
:10A14000FFF7B4FF10211020FFF7B0FF01220349F1
:10A150001020FFF7C9FF00BF80BD00BF54220020C0
:10A1600080B584B002AF78600B46FB70FB789BB281
:10A170005B009BB2642200927A682E21034809F0AA
:10A180004DFC00BF0837BD4680BD00BFAC050020B8
:10A1900080B500AF06212C48FFF7E2FF2A4B1B7861
:10A1A0001B011AB2284B5B781B09DBB21BB21343AD
:10A1B0001BB29AB2254B1A80234B9B781B011AB213
:10A1C000214BDB781B09DBB21BB213431BB29AB2E3
:10A1D0001E4B5A801C4B1B791B011AB21A4B5B7920
:10A1E0001B09DBB21BB213431BB29AB2174B9A8006
:10A1F000154B9B791B011AB2134BDB791B09DBB2A0
:10A200001BB213431BB29AB2104BDA800E4B1B7A6F
:10A210001B011AB20C4B5B7A1B09DBB21BB2134356
:10A220001BB29AB2094B1A81074B9B7A1B011AB2D7
:10A23000054BDB7A1B09DBB21BB213431BB29AB28C
:10A24000024B5A8100BF80BD4422002064220020BE
:10A2500090B5B1B002AF7860002387F8B7304C48B2
:10A2600001F096FA4FF07E537B644FF00003BB641D
:10A270004FF00003FB644FF00003BB634FF07E53CD
:10A28000FB634FF000033B644FF00003FB624FF0B1
:10A2900000033B634FF000037B634FF000033B621E
:10A2A0004FF000037B624FF00003BB620723C7F847
:10A2B000B030384B18684FF47A73009301230122B1
:10A2C000D7F8B01010F07CFEC7F8AC0007F1A80377
:10A2D000642200924FF0FF320021002013F00AFCAC
:10A2E0000346012B11D1D7F8A83003F00103002B4E
:10A2F00002D0012387F8B730D7F8A83003F0020363
:10A30000002B02D0002387F8B730D7F8AC20D7F85D
:10A31000B0301340D7F8B0209A42CAD197F8B7307E
:10A32000002BC6D007F1200407F12C0207F13801F9
:10A3300007F1440007F10803019307F10C030093B0
:10A34000234600F02DF807F150031846FAF732FCC7
:10A35000114B1B684FF0FF31184611F01BFD07F140
:10A36000780307F1500127220620F9F778FA0A4B03
:10A37000186800230022002111F0CAF9074B186861
:10A3800007F1780100234FF0FF3211F0C1F990E797
:10A390007C2200201C17002014220020601C0020BA
:10A3A000B0B588B002AFF860B9607A603B60796898
:10A3B000274800F057F83968264800F0E5F80022F1
:10A3C000B96A25480BF015FC0022F96A22480BF007
:10A3D000F2FCFB6ADB7803F5FA60FB6A5B781946EE
:10A3E000FB6A9B781C46BB6A1B781D46BB6A5B7880
:10A3F0001A46BB6A9B78019300922B46224606F0D0
:10A40000DBFD87ED050AF86897ED050A00F0DAFE36
:10A41000124BD3ED007A114B93ED017A0F4BD3ED34
:10A42000026AB868F0EE661AB0EE471AF0EE670AF4
:10A4300097ED050A00F0E4FE3B6800937B68BA687C
:10A44000F968074801F0CCF900BF1837BD46B0BD28
:10A4500064220020B415002000060020D01900203E
:10A460007C22002080B586B000AF786039607B68C0
:10A470001B8807EE903AB8EE677A7B685B8807EE38
:10A48000903AF8EE677A77EE677AC7ED057A7B68DF
:10A490009B8807EE903AB8EE677A7B68DB8807EE18
:10A4A000903AF8EE677A77EE677AC7ED047A7B68C0
:10A4B0001B8907EE903AB8EE677A7B685B8907EEF6
:10A4C000903AF8EE677A77EE677AC7ED037AD7EDC0
:10A4D000057A27EEA77AD7ED047A67EEA77A37EEEA
:10A4E000277AD7ED037A67EEA77A77EE277A17EE09
:10A4F000900AF6F739F802460B4643EC102B18F099
:10A50000D7FD53EC102B10461946F6F77DFB03469A
:10A51000BB60D7ED027A9FED1B7AF4EEC77AF1EEBD
:10A5200010FA1DDDD7ED056A97ED027AC6EE877A3F
:10A530003B68C3ED007A3B680433D7ED046A97EDBE
:10A54000027AC6EE877AC3ED007A3B680833D7ED0E
:10A55000036A97ED027AC6EE877AC3ED007A0DE0C2
:10A560003B684FF000021A603B6804334FF0000272
:10A570001A603B6808334FF000021A6000BF1837BA
:10A58000BD4680BDCDCCCC3D80B586B000AF7860F7
:10A5900039607B681B687B617B685B683B617B68BB
:10A5A0009B68FB60D7ED057A27EEA77AD7ED047A92
:10A5B00067EEA77A37EE277AD7ED037A67EEA77AA8
:10A5C00077EE277A17EE900AF5F7CEFF02460B4694
:10A5D00043EC102B18F06CFD53EC102B1046194671
:10A5E000F6F712FB0346BB60D7ED027A9FED1B7AAC
:10A5F000F4EEC77AF1EE10FA1DDDD7ED056A97ED9E
:10A60000027AC6EE877A3B68C3ED007A3B68043372
:10A61000D7ED046A97ED027AC6EE877AC3ED007A29
:10A620003B680833D7ED036A97ED027AC6EE877A66
:10A63000C3ED007A0DE03B684FF000021A603B6802
:10A6400004334FF000021A603B6808334FF00002F9
:10A650001A6000BF1837BD4680BD00BFBD378635C4
:10A6600080B582B000AF87ED010A97ED010A18F0BE
:10A67000F3FDF0EE407AB0EE670A0837BD4680BDC4
:10A6800080B582B000AF87ED010AC7ED000AD7EDB3
:10A69000000A97ED010A18F00BFEF0EE407AB0EEDA
:10A6A000670A0837BD4680BD80B582B000AF87ED30
:10A6B000010A97ED010A18F03BFEF0EE407AB0EE89
:10A6C000670A0837BD4680BD80B582B000AF87ED10
:10A6D000010AC7ED000AD7ED000A97ED010A18F04C
:10A6E000E9FDF0EE407AB0EE670A0837BD4680BD5E
:10A6F00080B582B000AF87ED010A97ED010A18F02E
:10A7000063FEF0EE407AB0EE670A0837BD4680BDC2
:10A7100080B582B000AF87ED010A97ED010A18F00D
:10A72000E9FDF0EE407AB0EE670A0837BD4680BD1D
:10A7300080B487B000AFF860B9607A6087ED000A36
:10A740007B68C3F119037A6802FB03F3DA0F134441
:10A750005B101A46BB6813447B61FA687B699B00F7
:10A760001344043393ED007AFB68D3ED007AD7ED00
:10A77000006A76EEE76AFA687B69B6339B00134499
:10A780000433D3ED007A66EEA77A77EE277AB0EE3F
:10A79000670A1C37BD465DF8047B704780B487B0FC
:10A7A00000AFF860B9607A6087ED000A7B68C3F19A
:10A7B00019037A6802FB03F3DA0F13445B101A469D
:10A7C000BB6813447B61FA687B695C339B0013446C
:10A7D00093ED007AFB68D3ED007AD7ED006A76EE50
:10A7E000E76AFA687B6903F589739B001344D3ED2C
:10A7F000007A66EEA77A77EE277AB0EE670A1C3702
:10A80000BD465DF8047B704780B598B000AF7861B5
:10A81000F0EE406AB0EE607AF0EE417AC7ED011AD0
:10A8200087ED002AC7ED026A87ED037AC7ED047A47
:10A83000D7ED027A9FED6D7A67EE877AC7ED177ACA
:10A84000D7ED037A9FED697A67EE877AC7ED167ABE
:10A85000D7ED047A9FED657A67EE877AC7ED157AB2
:10A86000D7ED017A9FED627A67EE877AC7ED147AA9
:10A87000D7ED007A9FED5E7A67EE877AC7ED137A9F
:10A8800097ED140A18F0A0FD87ED120A97ED140A4F
:10A8900018F04EFD87ED110A97ED130A18F094FD9C
:10A8A00087ED100A97ED130A18F042FD87ED0F0AA5
:10A8B00097ED0F7AD7ED177A27EE277AD7ED106A42
:10A8C000D7ED167A66EEA77A77EE277AC7ED0E7A7D
:10A8D000D7ED127AB1EE677AD7ED0E7A27EE277AA6
:10A8E000D7ED116AD7ED157A66EEA77A77EE277A5B
:10A8F000C7ED0D7AD7ED107AB1EE677AD7ED177AFA
:10A9000027EE277AD7ED0F6AD7ED167A66EEA77A8B
:10A9100077EE277AC7ED0C7AD7ED117AB1EE677A28
:10A92000D7ED0E7A27EE277AD7ED127AF1EE676A25
:10A93000D7ED157A66EEA77A77EE277AC7ED0B7A10
:10A94000D7ED0D7A27EEA77AD7ED0C7A67EEA77AC6
:10A9500077EE277AB0EE670A18F0CCFC87ED0A0A8A
:10A96000D7ED0A7A27EEA77AD7ED0B7A67EEA77AAA
:10A9700077EE277AB0EE670A18F0BCFC87ED090A7B
:10A98000D7ED0A0A97ED0B0A18F092FCF0EE407A28
:10A990009FED187A67EE877AC7ED087AD7ED0D0A32
:10A9A00097ED0C0A18F084FCF0EE407A9FED117AD6
:10A9B00067EE877AC7ED077A7B697A6B1A607B69E5
:10A9C0003A6B5A607B69FA6A9A607B69BA6ADA60A4
:10A9D0007B697A6A1A617B693A6A5A617B69FA69AA
:10A9E0009A6178696037BD4680BD00BF286B6E4EA6
:10A9F00035FA8E3CE12E654280B598B000AF87ED08
:10AA0000070AC7ED060A87ED051AD7ED077A9FED0D
:10AA1000427A67EE877AC7ED177AD7ED067A9FED0F
:10AA20003E7A67EE877AC7ED167A3C4B7B653C4BE6
:10AA30003B653C4BFB6497ED170A18F0C5FC87EDAE
:10AA4000120A97ED170A18F073FC87ED110A97EDBB
:10AA5000160A18F0B9FC87ED100A97ED160A18F0DF
:10AA600067FC87ED0F0AD7ED127A67EEA77A9FEDA4
:10AA70002E7A67EE877AB7EE007A77EE677AB0EED5
:10AA8000670A18F037FCB0EE407ADFED286AC6EEB0
:10AA9000877AC7ED0E7AD7ED0E7A9FED257A27EEED
:10AAA000877AD7ED057A77EE277A97ED127A67EEF7
:10AAB000277AC7ED0D7A97ED0E7AD7ED057A77EE06
:10AAC000277A97ED117A67EE277AC7ED0C7A97ED22
:10AAD0000C7AD7ED0F7A67EE277AC7ED097A97EDF2
:10AAE0000C7AD7ED107A67EE277AC7ED0A7A7B6B7E
:10AAF000FB62796ABA6AFB6A06EE901A07EE102AC0
:10AB000007EE903AB0EE660AF0EE470AB0EE671A2A
:10AB10006037BD4680BD00BF35FA8E3C32A5C24AC3
:10AB2000885CDB3B47497E3F885CDB3B32A5C24A01
:10AB300047497E3F80B52DED028BA2B000AF87ED77
:10AB4000090AF0EE606AB0EE417AF0EE617A78615F
:10AB5000C7ED066A87ED077AC7ED087ABB69BB6562
:10AB6000FB697B653B6A3B654FF00003C7F88430A7
:10AB70004FF00003C7F880304FF00003FB67D7EDBC
:10AB8000167A27EEA77AD7ED157A67EEA77A37EE11
:10AB9000277AD7ED147A67EEA77A77EE277AC7ED92
:10ABA000137ADFED476A97ED137AC6EE877AC7ED21
:10ABB000127A97ED167AD7ED127A67EE277AC7EDFB
:10ABC000117A97ED157AD7ED127A67EE277AC7EDED
:10ABD000107A97ED147AD7ED127A67EE277AC7EDDF
:10ABE0000F7AD7ED127A9FED367A67EE877AC7ED46
:10ABF0000E7A97ED130A18F07DFBB0EE407ADFED88
:10AC0000306AC6EE877AC7ED1C7A4FF00003FB6608
:10AC10004FF00003BB664FF000037B663B6F3B6663
:10AC2000FB6EFB6500237B6710E27B6FBB6706E270
:10AC3000BA6F7B6F9A4245D17B6F002B00F0A580E5
:10AC40003B6FBB647B6F5B00013B07EE903AB8EE55
:10AC5000E77AD7ED116AD7ED1C7A66EEA76A97ED11
:10AC6000106AD7ED1B7A66EE277A76EEE77A67EE02
:10AC7000277AC7ED1C7A7B6F5B00013B07EE903AA9
:10AC8000B8EEE77AD7ED116AD7ED1B7A66EEA76AC0
:10AC900097ED106AD7ED127A66EE277A76EEA77AEC
:10ACA00067EE277AC7ED1B7A4FF00003BB664FF0C3
:10ACB00000037B663B6F3B66FB6EFB6565E000BF98
:10ACC000006FC24A3B6EBB64BA6F7B6FD31A07EE4C
:10ACD000903AB8EEE77AF7EE006AC6EE877AC7EDEB
:10ACE0000D7ABB6F5B00013B07EE903AB8EEE77A56
:10ACF000D7ED0F7A27EE277AD7ED187A27EE277A45
:10AD0000BA6F7B6F1344013B07EE903AF8EEE76AA7
:10AD1000D7ED0E7A66EEA76AD7ED1A7A66EEA77AB5
:10AD200077EE677A97ED0D7A67EE277AC7ED187A96
:10AD3000BB6CBB66FB6DBB64BB6F5B00013B07EE8E
:10AD4000903AB8EEE77AD7ED0F7A27EE277AD7ED6B
:10AD5000177A27EE277ABA6F7B6F1344013B07EE11
:10AD6000903AF8EEE76AD7ED0E7A66EEA76AD7ED6D
:10AD7000197A66EEA77A77EE677A97ED0D7A67EE25
:10AD8000277AC7ED177ABB6C7B667B6F0B2B00F3C2
:10AD900085807B6F0133BA6F9A427FDDBA6F7B6F1C
:10ADA000D31A07EE903AF8EEE77AB6EE007A27EE7D
:10ADB000877ABA6F7B6FD31A013B07EE903AF8EEB1
:10ADC000E77A27EE278ABB6F591E7B6F013397ED19
:10ADD000090A1A467869FFF7ABFCB0EE407AD7ED66
:10ADE000187A67EE278ABB6F591E7B6F013397ED88
:10ADF000090A1A467869FFF7D1FCB0EE407AD7ED20
:10AE0000177A67EE277A78EEA77A68EE277A97EDB9
:10AE1000217A77EE277AC7ED217ABA6F7B6FD31A42
:10AE200007EE903AF8EEE77AB6EE007A27EE877AE8
:10AE3000BA6F7B6FD31A013B07EE903AF8EEE77AD0
:10AE400027EE278ABB6F591E7B6F013397ED090AE6
:10AE50001A467869FFF76CFCF0EE407AB1EE677A3B
:10AE6000D7ED177A67EE278ABB6F591E7B6F0133C8
:10AE700097ED090A1A467869FFF790FCB0EE407A20
:10AE8000D7ED187A67EE277A78EEA77A68EE277AF8
:10AE900097ED207A77EE277AC7ED207ABB6F012BEA
:10AEA0005EDD7B6F012B5BDDBB6F591E7B6F013B52
:10AEB00097ED090A1A467869FFF73AFCF0EE407AF6
:10AEC000B1EE677AD7ED187A27EE278ABB6F591E45
:10AED0007B6F013B97ED090A1A467869FFF75EFC24
:10AEE000B0EE407AD7ED177A67EE277A78EE677A78
:10AEF000B6EE007A67EE877A97ED217A77EE277AB9
:10AF0000C7ED217ABB6F591E7B6F013B97ED090A94
:10AF10001A467869FFF70CFCF0EE407AB1EE677ADA
:10AF2000D7ED177A27EE278ABB6F591E7B6F013B3F
:10AF300097ED090A1A467869FFF730FCB0EE407ABF
:10AF4000D7ED187A67EE277A78EE277AB6EE007A90
:10AF500067EE877A97ED207A77EE277AC7ED207A29
:10AF60007B6F012B30D1BB6F012B2DDDBB6F013B04
:10AF700097ED090A002219467869FFF7D9FBF0EE30
:10AF8000407AB1EE677AD7ED187A67EE277A97EDB7
:10AF9000217A77EE277AC7ED217ABB6F013B97EDD7
:10AFA000090A002219467869FFF7C2FBF0EE407AE1
:10AFB000B1EE677AD7ED177A67EE277A97ED207AA8
:10AFC00077EE277AC7ED207ABB6F012B34DDBA6F9D
:10AFD0007B6F9A4230DDBA6F7B6FD31A07EE903ADF
:10AFE000B8EEE78ABB6F013B97ED090A7A6F194605
:10AFF0007869FFF79DFBF0EE407AB1EE677AD7ED06
:10B00000187A67EE278ABB6F013B97ED090A7A6FC2
:10B0100019467869FFF7C2FBB0EE407AD7ED177A90
:10B0200067EE277A78EEE77A68EE277A97ED1F7A4F
:10B0300077EE277AC7ED1F7ABB6F0133BB67BB6F13
:10B040000D2B7FF7F5AD7B6F01337B677B6F0D2B8E
:10B050007FF7EBADD7ED217AF1EE677A9FED167AA7
:10B0600067EE877AC7ED0A7AD7ED207AF1EE677A34
:10B070009FED117A67EE877AC7ED0B7AD7ED1F7ACD
:10B08000F1EE677A9FED0C7A67EE877AC7ED0C7A5E
:10B09000B96AFA6A3B6B06EE901A07EE102A07EEC1
:10B0A000903AB0EE660AF0EE470AB0EE671A8837BB
:10B0B000BD46BDEC028B80BD5F70893080B485B029
:10B0C00000AFF860B9607A60FB68043393ED007AF2
:10B0D000BB680833D3ED007A27EE277AFB68083384
:10B0E000D3ED006ABB680433D3ED007A66EEA77A2D
:10B0F00077EE677A7B68C3ED007AFB68083393EDDF
:10B10000007ABB68D3ED007A27EE277AFB68D3ED8F
:10B11000006ABB680833D3ED007A66EEA77A7B68D5
:10B12000043377EE677AC3ED007AFB6893ED007A1B
:10B13000BB680433D3ED007A27EE277AFB6804332B
:10B14000D3ED006ABB68D3ED007A66EEA77A7B6820
:10B15000083377EE677AC3ED007A00BF1437BD4637
:10B160005DF8047B704780B584B000AF78604FF025
:10B170000003FB600023BB6016E0BB689B007A689D
:10B18000134493ED007ABB689B007A681344D3EDB7
:10B19000007A67EE277A97ED037A77EE277AC7ED84
:10B1A000037ABB680133BB60BB68022BE5DD97ED1A
:10B1B000030AFFF7ADFAF0EE407AB0EE670A1037F7
:10B1C000BD4680BD80B582B000AF87ED010A386012
:10B1D00097ED010A06F008F8084B1A683B681A60F8
:10B1E0003B680433054A52681A603B680833034AD7
:10B1F00092681A6000BF0837BD4680BD142A00203F
:10B2000080B52DED028BB6B000AF87ED050AC7ED16
:10B21000040A87ED031AC7ED021A786097ED021A47
:10B22000D7ED030A97ED040AFFF7E6FBF0EE406A5C
:10B23000B0EE607AF0EE417AC7ED256A87ED267AA6
:10B24000C7ED277AD7ED057A9FEDFB7A37EEC77AFF
:10B25000DFEDFA6AC7EE267A9FEDF97A77EE877A04
:10B26000C7ED357AD7ED256A97ED267AD7ED277A9F
:10B27000F448F0EE660AB0EE471AF0EE671A97ED62
:10B28000350AFFF757FCF0EE406AB0EE607AF0EE58
:10B29000417AC7ED226A87ED237AC7ED247A07F158
:10B2A0006C03D7ED226A97ED237AD7ED247A97EDD8
:10B2B000032AD7ED041AB0EE660AF0EE470AB0EEA4
:10B2C000671A1846FFF7A0FA97ED040A06F00CFD7E
:10B2D00087ED340A97ED030A06F006FD87ED330A81
:10B2E00007F148032422002118461BF092FF97ED36
:10B2F000330AFFF7D9F9F0EE407AB1EE678A97ED9D
:10B30000340AFFF7F5F9F0EE407A68EE277AC7EDD8
:10B31000127A97ED330AFFF7EBF9F0EE407AF1EE8F
:10B32000677AC7ED137A97ED330AFFF7BDF9F0EEB0
:10B33000407AB1EE678A97ED340AFFF7B5F9F0EE7F
:10B34000407A68EE277AC7ED147A97ED330AFFF753
:10B35000CFF9F0EE407AB1EE678A97ED340AFFF745
:10B36000C7F9F0EE407A68EE277AC7ED157A97EDC7
:10B37000330AFFF799F9F0EE407AC7ED167A97EDA8
:10B38000330AFFF7B5F9F0EE407AB1EE678A97ED30
:10B39000340AFFF789F9F0EE407A68EE277AC7EDB4
:10B3A000177A97ED340AFFF77FF9F0EE407AC7ED90
:10B3B000187A97ED340AFFF79BF9F0EE407AF1EE38
:10B3C000677AC7ED1A7A97ED127AD7ED1B7A27EED6
:10B3D000277AD7ED136AD7ED1C7A66EEA77A37EE97
:10B3E000277AD7ED146AD7ED1D7A66EEA77A77EE45
:10B3F000277AC7ED0F7A97ED157AD7ED1B7A27EEEE
:10B40000277AD7ED166AD7ED1C7A66EEA77A37EE63
:10B41000277AD7ED176AD7ED1D7A66EEA77A77EE11
:10B42000277AC7ED107A97ED187AD7ED1B7A27EEB9
:10B43000277AD7ED196AD7ED1C7A66EEA77A37EE30
:10B44000277AD7ED1A6AD7ED1D7A66EEA77A77EEDE
:10B45000277AC7ED117A7B69C7F8C830D7ED327A01
:10B460009FED797A77EE877AC7ED317AD7ED327A28
:10B470009FED717A77EEC77AC7ED307AD7ED307AE3
:10B480009FED727A67EE877A9FED717A77EE877A11
:10B49000F3EE080AB0EE670AFFF716F987ED2F0AF8
:10B4A000D7ED317A9FED647A77EEC77A9FED697AAE
:10B4B00067EE877A9FED687A77EE677AB0EE670A73
:10B4C00006F012FCF0EE407AB0EE670AFFF710F9D2
:10B4D000F0EE407A9FED617A27EE878AD7ED317AD8
:10B4E0009FED557A77EEC77A9FED5D7A67EE877AA2
:10B4F0009FED5C7A77EE877A77EEA77AB0EE670AEF
:10B5000006F0F2FBF0EE407AB0EE670AFFF7F0F8D3
:10B51000F0EE407A9FED547A67EE877A78EE677A9C
:10B52000C7ED2E7AD7ED317A9FED437A77EEC77A61
:10B530009FED4E7A67EE877A9FED4D7A77EE677AC8
:10B54000B0EE670A06F0D0FB87ED2D0A97ED2D0AC5
:10B55000FFF7AAF8B0EE407AD7ED2E7A67EE877A39
:10B56000C7ED2C7A97ED2F7AD7ED2C7A77EE277AE4
:10B57000C7ED2B7A3F4BC7F8A83097ED2A7AD7ED65
:10B580002B7A67EE277AC7ED297A07F11803242270
:10B59000002118461BF03DFE4FF07E53BB6397ED34
:10B5A000290AFFF781F8F0EE407AC7ED067A97EDA9
:10B5B000290AFFF79DF8F0EE407AF1EE677AC7EDC1
:10B5C000077A97ED290AFFF793F8F0EE407AC7ED76
:10B5D000097A97ED290AFFF767F8F0EE407AC7ED90
:10B5E0000A7A97ED067AD7ED0F7A27EE277AD7ED0C
:10B5F000076AD7ED107A66EEA77A37EE277AD7ED8D
:10B60000086AD7ED117A66EEA77A77EE277A7B681B
:10B61000C3ED007A97ED097AD7ED0F7A27EE277AF6
:10B62000D7ED0A6AD7ED107A66EEA77A37EE277A59
:10B63000D7ED0B6A22E000BF64A1154A00A0B64313
:10B640000000FA4420AC0208CDE8513A9386C0418C
:10B65000399495414BE6583D7B14FA42753FA7B9A2
:10B660008F537C3F293C8C439C53C93795BFD634BC
:10B67000B083BB41920A863EBD378635D7ED117A3D
:10B6800066EEA77A7B68043377EE277AC3ED007AFB
:10B6900097ED0C7AD7ED0F7A27EE277AD7ED0D6A62
:10B6A000D7ED107A66EEA77A37EE277AD7ED0E6AD5
:10B6B000D7ED117A66EEA77A7B68083377EE277AA2
:10B6C000C3ED007A7B6893ED007A7B68D3ED007A56
:10B6D00027EE277A7B680433D3ED006A7B68043356
:10B6E000D3ED007A66EEA77A37EE277A7B680833C7
:10B6F000D3ED006A7B680833D3ED007A66EEA77A53
:10B7000077EE277AB0EE670AFFF702F887ED280A8E
:10B71000D7ED287A1FED287AF4EEC77AF1EE10FA09
:10B7200022DD7B68D3ED006A97ED287AC6EE877A32
:10B730007B68C3ED007A7B680433D3ED006A7B68D5
:10B74000043397ED287AC6EE877AC3ED007A7B68DA
:10B750000833D3ED006A7B68083397ED287AC6EE8C
:10B76000877AC3ED007A0DE07B684FF000021A6023
:10B770007B6804334FF000021A607B6808334FF097
:10B7800000021A6000BFD837BD46BDEC028B80BDF9
:10B7900080B483B000AF78607B684FF07E521A604F
:10B7A0007B684FF000025A607B684FF000029A609D
:10B7B0007B684FF00002DA607B684FF000021A628B
:10B7C0007B684FF000025A627B684FF000029A6279
:10B7D00000BF0C37BD465DF8047B704700000000D9
:10B7E00090B5C7B000AF07F58C74A4F586742060DF
:10B7F00007F58C70A0F58870016007F58C71A1F5D4
:10B800008A710A6007F58C72A2F58C72136007F5D5
:10B810008C73A3F588731B681B68C7F8EC3007F5B9
:10B820008C73A3F588731B685B68C7F8F03007F565
:10B830008C73A3F588731B689B68C7F8F43007F115
:10B84000E00207F58C73A3F58A7107F58C73A3F5F5
:10B85000887309681868FFF731FC07F1E0031846A0
:10B86000FFF781FC87ED410AD7ED386A97ED417A01
:10B87000C6EE877AC7ED357AD7ED396A97ED417A0A
:10B88000C6EE877AC7ED367AD7ED3A6A97ED417AF8
:10B89000C6EE877AC7ED377A07F1C80207F1E001F3
:10B8A00007F58C73A3F588731868FFF707FC07F199
:10B8B000E0031846FFF757FC87ED400AD7ED326AE0
:10B8C00097ED407AC6EE877AC7ED2F7AD7ED336AC7
:10B8D00097ED407AC6EE877AC7ED307AD7ED346AB5
:10B8E00097ED407AC6EE877AC7ED317A07F58C730B
:10B8F000A3F58C731B681B68C7F8B03007F58C7311
:10B90000A3F58C731B685B68C7F8B43007F58C73BC
:10B91000A3F58C731B689B68C7F8B83007F1A402C5
:10B9200007F58C73A3F58C73D7F828111868FFF707
:10B93000C5FB07F1A4031846FFF715FC87ED3F0A86
:10B94000D7ED296A97ED3F7AC6EE877AC7ED267A5A
:10B95000D7ED2A6A97ED3F7AC6EE877AC7ED277A48
:10B96000D7ED2B6A97ED3F7AC6EE877AC7ED287A36
:10B9700007F18C0207F1A40107F58C73A3F58C7312
:10B980001868FFF79BFB07F1A4031846FFF7EBFBD2
:10B9900087ED3E0AD7ED236A97ED3E7AC6EE877AA9
:10B9A000C7ED207AD7ED246A97ED3E7AC6EE877A06
:10B9B000C7ED217AD7ED256A97ED3E7AC6EE877AF4
:10B9C000C7ED227AD7F8EC30FB65D7F8D4303B6668
:10B9D000D7F8BC307B66D7F8F030BB66D7F8D830E4
:10B9E000FB66D7F8C0303B67D7F8F4307B67D7F8F1
:10B9F000DC30BB67D7F8C430FB67D7F8B030BB6327
:10BA0000D7F89830FB63D7F880303B64D7F8B43070
:10BA10007B64D7F89C30BB64D7F88430FB64D7F8DC
:10BA2000B8303B65D7F8A0307B65D7F88830BB6568
:10BA30000023C7F8143159E00023C7F810314CE057
:10BA40004FF00003C7F80C310023C7F808312AE093
:10BA5000D7F8142113465B001344D7F80821134488
:10BA60009B0003F58C733B44E03B93ED007AD7F8E1
:10BA7000102113465B001344D7F8082113449B00A0
:10BA800003F58C733B44BC3BD3ED007A67EE277A19
:10BA900097ED437A77EE277AC7ED437AD7F80831E6
:10BAA0000133C7F80831D7F80831022BD0DD07F58C
:10BAB0008C73A3F58271D7F8102113465B001344F1
:10BAC000D7F8142113449B000B44D7F80C211A60BB
:10BAD000D7F810310133C7F81031D7F81031022BE5
:10BAE000AEDDD7F814310133C7F81431D7F814316B
:10BAF000022BA1DD07F58C73A3F58273D3ED007AD9
:10BB0000B7EE007A37EE877A07F58C73A3F5827368
:10BB1000D3ED047A37EE277A07F58C73A3F5827399
:10BB2000D3ED087A77EE277AF1EE006A87EEA67AEF
:10BB3000B0EE470AFEF7ECFDF0EE407A07F58C73A5
:10BB4000A3F586731B68C3ED047A07F58C73A3F520
:10BB50008273D3ED007AB7EE007A37EE877A07F575
:10BB60008C73A3F58273D3ED047A37EE677A07F509
:10BB70008C73A3F58273D3ED087A77EE677AF1EED2
:10BB8000006A87EEA67AB0EE470AFEF7C1FDF0EE36
:10BB9000407A07F58C73A3F586731B68C3ED057AAD
:10BBA00007F58C73A3F58273D3ED007AB7EE007AB4
:10BBB00037EE677A07F58C73A3F58273D3ED047AB9
:10BBC00037EE277A07F58C73A3F58273D3ED087AE5
:10BBD00077EE677AF1EE006A87EEA67AB0EE470A52
:10BBE000FEF796FDF0EE407A07F58C73A3F58673A9
:10BBF0001B68C3ED067A07F58C73A3F58273D3ED4A
:10BC0000007AB7EE007A37EE677A07F58C73A3F502
:10BC10008273D3ED047A37EE677A07F58C73A3F558
:10BC20008273D3ED087A77EE277AF1EE006A87EE19
:10BC3000A67AB0EE470AFEF76BFDF0EE407A07F504
:10BC40008C73A3F586731B68C3ED077A07F58C73B5
:10BC5000A3F586731B681A6907F58C73A3F58673C1
:10BC60001B681A6007F58C73A3F586731B685A6905
:10BC700007F58C73A3F586731B685A6007F58C7300
:10BC8000A3F586731B689A6907F58C73A3F5867311
:10BC90001B689A6007F58C73A3F586731B68DA69D5
:10BCA00007F58C73A3F586731B68DA6007F58C7350
:10BCB000A3F586731B6893ED047A07F58C73A3F5DF
:10BCC00086731B68D3ED077A27EE277A07F58C7306
:10BCD000A3F586731B68D3ED056A07F58C73A3F58E
:10BCE00086731B68D3ED067A66EEA77A77EE277A1D
:10BCF00037EEA76A07F58C73A3F586731B6893ED7F
:10BD0000067A07F58C73A3F586731B68D3ED067A64
:10BD100027EE277A07F58C73A3F586731B68D3ED9E
:10BD2000076A07F58C73A3F586731B68D3ED077A52
:10BD300066EEA77A77EE277A77EEA77AB7EE007AE3
:10BD400077EE677AF0EE670AB0EE460AFEF798FCE7
:10BD500010EE103A1846F4F707FC5FA3D3E900236E
:10BD6000F4F75AFC02460B4610461946F4F74CFF0E
:10BD7000024607F58C73A3F586731B681A6207F5F4
:10BD80008C73A3F586731B6893ED047A07F58C73A7
:10BD9000A3F586731B68D3ED067A27EE277A07F59D
:10BDA0008C73A3F586731B68D3ED076A07F58C7354
:10BDB000A3F586731B68D3ED057A66EEA77A77EE56
:10BDC000677A77EEA77AB0EE670AFEF749FC10EEC5
:10BDD000103A1846F4F7C8FB3FA3D3E90023F4F761
:10BDE0001BFC02460B4610461946F4F70DFF0246AF
:10BDF00007F58C73A3F586731B685A6207F58C737D
:10BE0000A3F586731B6893ED047A07F58C73A3F58D
:10BE100086731B68D3ED057A27EE277A07F58C73B6
:10BE2000A3F586731B68D3ED066A07F58C73A3F53B
:10BE300086731B68D3ED077A66EEA77A77EE277ACA
:10BE400037EEA76A07F58C73A3F586731B6893ED2D
:10BE5000057A07F58C73A3F586731B68D3ED057A15
:10BE600027EE277A07F58C73A3F586731B68D3ED4D
:10BE7000066A07F58C73A3F586731B68D3ED067A03
:10BE800066EEA77A77EE277A77EEA77AB7EE007A92
:10BE900077EE677AF0EE670AB0EE460AFEF7F0FB3F
:10BEA00010EE103A1846F4F75FFB0BA3D3E900231A
:10BEB000F4F7B2FB02460B4610461946F4F7A4FE0F
:10BEC000024607F58C73A3F586731B689A6200BF60
:10BED00007F58E77BD4690BDF8C1631ADCA54C40CE
:10BEE00080B483B000AF78607B681B781A067B68EB
:10BEF00001331B781B041A437B6802331B781B0237
:10BF000013437A680332127813431A4A13607B682A
:10BF100004331B781A067B6805331B781B041A430D
:10BF20007B6806331B781B0213437A68073212784A
:10BF30001343114A13607B6808331B781A067B6829
:10BF400009331B781B041A437B680A331B781B02D6
:10BF500013437A680B3212781343084A13607B68E4
:10BF60001A7B074B1A7000BF0C37BD465DF8047B87
:10BF7000704700BF600200206402002068020020B9
:10BF80008202002084B080B582B000AF07F1100CAF
:10BF90008CE80F000A23FB71FB7C002B02D10A23E3
:10BFA000FB7104E0BB7C012B01D1FB7CFB710C4BD2
:10BFB0001B684FF0FF3118460FF0ECFE094AFB7981
:10BFC0001370074B18680023002200210FF0A0FB1C
:10BFD00000BF0837BD46BDE8804004B0704700BFD1
:10BFE0001C2200206E02002084B080B582B000AF19
:10BFF00007F1100C8CE80F004FF4E153FB804FF475
:10C000007A73BB80FB7C002B08D13B7D002B05D1D4
:10C010007B7D002B02D1BB7D002B02D0BB7C042B8F
:10C0200006D04FF47A73BB804FF4E153FB800BE0F2
:10C03000FB7C1B029BB23A7D1343FB807B7D1B0282
:10C040009BB2BA7D1343BB800D4B1B684FF0FF3191
:10C0500018460FF09FFE0B4ABB8813800A4AFB88E4
:10C060001380074B18680023002200210FF050FBBB
:10C0700000BF0837BD46BDE8804004B0704700BF30
:10C0800018220020840200208602002084B0B0B56F
:10C09000A2B008AF07F1780484E80F0097F8783071
:10C0A000AB2B14BF01230023DBB287F8673097F86E
:10C0B0007830AB2B40F0F78497F87930AA3B552BBA
:10C0C00000F2DF8401A252F823F000BF63CA000827
:10C0D00083CA000883CA000883CA000883CA00080C
:10C0E00083CA000825C200087BC20008D3C200082A
:10C0F00065C30008BFC5000813C400085BC400087E
:10C10000DBC4000817C6000883CA000883CA0008F9
:10C1100083CA000883CA000883CA000883CA0008CB
:10C1200083CA000879C60008FFC6000873C7000864
:10C1300031C80008C9C80008E7C9000813CA0008C8
:10C140004FC9000883CA000883CA000883CA0008D0
:10C1500083CA000883CA000883CA000883CA00088B
:10C1600083CA000883CA000883CA000883CA00087B
:10C1700083CA000883CA000883CA000883CA00086B
:10C1800083CA000883CA000883CA000883CA00085B
:10C1900083CA000883CA000883CA000883CA00084B
:10C1A00083CA000883CA000883CA000883CA00083B
:10C1B00083CA000883CA000883CA000883CA00082B
:10C1C00083CA000883CA000883CA000883CA00081B
:10C1D00083CA000883CA000883CA000883CA00080B
:10C1E00083CA000883CA000883CA000883CA0008FB
:10C1F00083CA000883CA000883CA000883CA0008EB
:10C2000083CA000883CA000883CA000883CA0008DA
:10C2100083CA000883CA000883CA000883CA0008CA
:10C2200041CA0008BD4B1868002300930323022273
:10C23000002111F0F1FCBA4B186897F8673004330D
:10C240005B0001229A4097F8673008335B000121B8
:10C2500001FA03F313431A4600230093012300213C
:10C2600011F0DAFCAF4B1868002300930323082277
:10C27000002111F0D1FC00F0C4BDA84B18680023C8
:10C28000009303230122002111F0C6FCA44B18687F
:10C2900097F8673004335B0001229A4097F86730C3
:10C2A00008335B000133012101FA03F313431A46FB
:10C2B000002300930123002111F0AEFC994B186874
:10C2C0000023009303230422002111F0A5FC00F0B9
:10C2D00098BD934B186897F8673004335B000122D0
:10C2E0009A4097F867300C335B00012101FA03F3A1
:10C2F00013431A46002300930123002111F08CFC04
:10C30000F9F72CFB8848FDF767FBFBF733F807F1DB
:10C3100034031846F8F7FEF807F134031846F9F726
:10C320000BFD0346002B0CD007F134031846F7F73A
:10C330008FFD3B1D07F1340104220120F7F78FFA2E
:10C3400006E03B1D07F1340127220220F7F787FAA8
:10C35000764B1868391D01234FF0FF320FF0D8F9E2
:10C3600000F04FBD6E4B186897F8673004335B00E0
:10C3700001229A4097F8673008335B00012101FAE7
:10C3800003F31A4397F867300E335B00012101FA7B
:10C3900003F313431A46002300930323002111F0F3
:10C3A0003BFC5E4B1868002300930323022200210C
:10C3B00011F032FC5E4B1868002300930323022225
:10C3C000002111F029FC5B4B186800230093032324
:10C3D0000222002111F020FC574B18680023009323
:10C3E00003230222002111F017FC544B186800238C
:10C3F000009303230222002111F00EFC494B186820
:10C400000023009303230422002111F005FC00F017
:10C41000F8BC434B186897F8673004335B0001227F
:10C4200002FA03F31A46002300930123002111F0BE
:10C43000F3FB424B186800230093032301220021E1
:10C4400011F0EAFB3E4B186800230093032380227F
:10C45000002111F0E1FB00F0D4BC314B186897F8D3
:10C46000673004335B00012202FA03F31A4600230B
:10C4700000930123002111F0CFFB97F87B3003F0EC
:10C480000103002B08D02B4B1868002300930123D5
:10C490000222002111F0C0FB97F87B3003F0020369
:10C4A000002B08D0244B186800230093012302229C
:10C4B000002111F0B1FB97F87B3003F00403002B4F
:10C4C00000F09C841A4B1868002300930123022279
:10C4D000002111F0A1FB00F091BC114B186897F8F6
:10C4E000673004335B00012202FA03F31A4600238B
:10C4F00000930123002111F08FFB97F87B3003F0AC
:10C500000103002B20D00F4B186800230093012358
:10C510001022002111F080FB25E000BFD81C002074
:10C520004C1C0020D41C002000060020681C0020A9
:10C53000382200203C22002040220020E01600206B
:10C54000D01C0020DC1C002097F87B3003F0010396
:10C55000002B08D1AD4B1868002300930123202243
:10C56000002111F059FB97F87B305BB2002B80F271
:10C570004784A74B186897F867300C335B0001229B
:10C5800002FA03F31A46002300930123002111F05D
:10C5900043FB07F134031846F7F7AEFD3B1D07F1E7
:10C5A000340127220120F7F75AF99A4B1868391DF0
:10C5B00001234FF0FF320FF0ABF800F021BC944B99
:10C5C000186897F8673004335B0001229A4097F8A7
:10C5D00067300C335B00012101FA03F313431A4661
:10C5E000002300930123002111F016FB07F134030F
:10C5F0001846F8F76DF83B1D07F1340127220C208F
:10C60000F7F72DF9834B1868391D01234FF0FF32DE
:10C610000FF07EF8F5E37E4B186897F86730043327
:10C620005B00012202FA03F31A4600230093012360
:10C63000002111F0F1FA6C4607F188050FCD0FC407
:10C6400095E8070003C4228007F178030FCBFFF7BA
:10C6500099FC714B186800230093032304220021E6
:10C6600011F0DAFA6D4B18680023009303230422BB
:10C67000002111F0D1FAC4E3654B186897F86730D0
:10C6800004335B00012202FA03F31A4600230093ED
:10C690000123002111F0C0FA6C4607F188050FCD87
:10C6A0000FC495E8070003C4228007F178030FCB7D
:10C6B000FFF79AFC594B18680023009303230222CA
:10C6C000002111F0A9FA564B1868002300930323A8
:10C6D0000122002111F0A0FA524B186800230093A8
:10C6E00003230122002111F097FA4F4B1868002311
:10C6F000009303230122002111F08EFA81E3444BC1
:10C70000186897F8673004335B00012202FA03F3DC
:10C710001A46002300930123002111F07DFA6C4694
:10C7200007F188050FCD0FC495E8070003C42280E8
:10C7300007F178030FCBFFF757FC384B186800233D
:10C74000009303230222002111F066FA344B18688B
:10C750000023009303230122002111F05DFA314BE5
:10C7600018680023009303230122002111F054FADA
:10C7700047E3274B186897F8673004335B000122C2
:10C7800002FA03F31A46002300930123002111F05B
:10C7900043FA6C4607F188050FCD0FC495E80700F2
:10C7A00003C4228007F178030FCBFFF71DFC1B4B5E
:10C7B00018680023009303230222002111F02CFAB1
:10C7C000174B18680023009303230122002111F066
:10C7D00023FA144B1868002300930323012200213D
:10C7E00011F01AFA104B186800230093032301225A
:10C7F000002111F011FA0D4B186800230093032358
:10C800000122002111F008FAFBE200BFDC1C00202D
:10C810004C1C0020681C0020E0160020D81C0020C2
:10C82000382200203C2200204022002078220020D4
:10C83000BA4B186897F8673004335B00012202FA9C
:10C8400003F31A46002300930123002111F0E4F9B9
:10C850006C4607F188050FCD0FC495E8070003C4A7
:10C86000228007F178030FCBFFF7BEFBAC4B1868B3
:10C870000023009303230222002111F0CDF9A94BDC
:10C8800018680023009303230122002111F0C4F94A
:10C89000A54B18680023009303230122002111F007
:10C8A000BBF9A24B18680023009303230122002147
:10C8B00011F0B2F99E4B1868002300930323012264
:10C8C000002111F0A9F99CE2944B186897F86730A1
:10C8D00004335B00012202FA03F31A46002300939B
:10C8E0000123002111F098F96C4607F188050FCD5E
:10C8F0000FC495E8070003C4228007F178030FCB2B
:10C90000FFF772FB864B1868002300930323022273
:10C91000002111F081F9834B186800230093032351
:10C920000122002111F078F9804B18680023009350
:10C9300003230122002111F06FF97D4B18680023B9
:10C94000009303230122002111F066F959E2734B91
:10C95000186897F8673004335B00012202FA03F38A
:10C960001A46002300930123002111F055F96C466B
:10C9700007F188050FCD0FC495E8070003C4228096
:10C9800007F178030FCBFFF72FFB654B18680023E7
:10C99000009303230222002111F03EF9614B186835
:10C9A0000023009303230122002111F035F95E4B8F
:10C9B00018680023009303230122002111F02CF9B1
:10C9C0005A4B18680023009303230122002111F021
:10C9D00023F9584B186800230093032301220021F8
:10C9E00011F01AF90DE24D4B186897F867300433CF
:10C9F0005B00012202FA03F31A460023009301238D
:10CA0000002111F009F907F17B031846F6F7ACFD98
:10CA1000F7E1424B186897F8673004335B00012256
:10CA200002FA03F31A46002300930123002111F0B8
:10CA3000F3F807F17B0319463F4801F08BFBE0E177
:10CA4000364B186897F867305B000133012202FA11
:10CA500003F31A46002300930123002111F0DCF8B0
:10CA6000CFE12E4B186897F867305B00012202FA7D
:10CA700003F31A46002300930123002111F0CCF8A0
:10CA8000BFE1264B186897F8673004335B00013329
:10CA9000012202FA03F31A46002300930123002126
:10CAA00011F0BAF8ADE197F87830CE2B40F09581CF
:10CAB00097F87930AA2B00F06E81AA2BC0F27B8107
:10CAC000FF2B00F37881F02BC0F27581F03B0F2B28
:10CAD00000F2718101A252F823F000BF3DCB0008A3
:10CAE0008DCB00083FCC00085DCC0008B5CC000819
:10CAF000B7CD0008B7CD0008B7CD0008B7CD000806
:10CB0000B7CD0008B7CD0008B7CD0008B7CD0008F5
:10CB1000B7CD0008B7CD000875CD00084C1C00202B
:10CB2000D81C0020382200203C2200204022002077
:10CB300078220020081A00200C1A0020B44B186834
:10CB400097F8673004335B00012202FA03F31A46B8
:10CB5000002300930123002111F05EF8AD4B18680B
:10CB60000023009303230422002111F055F8AA4B5F
:10CB700018680023009303230122002111F04CF8D0
:10CB800007F17B031846FCF7D9FE3AE197F87A30B3
:10CB9000082B42D19E4B186897F8673004335B002E
:10CBA000012202FA03F31A46002300930123002115
:10CBB00011F032F897F87B301A0697F87C301B0496
:10CBC0001A4397F87D301B02134397F87E201343D6
:10CBD0003B6697F87F301A0697F880301B041A439B
:10CBE00097F881301B02134397F882201343FB65AB
:10CBF000F96D386EF6F7F6FD0346FB703B1DF91C28
:10CC00000122E220F6F72BFE844B1868391D002321
:10CC10004FF0FF320EF07CFDF3E07D4B186897F883
:10CC2000673004335B000133012202FA03F31A4632
:10CC3000002300930123002110F0EEFFE1E03B1DF3
:10CC400000220021E020F6F70AFE744B1868391D17
:10CC500000234FF0FF320EF05BFDD2E097F87A3000
:10CC60000D2B15D16A4B186897F8673004335B00B9
:10CC7000012202FA03F31A46002300930123002144
:10CC800010F0CAFF07F17B031846FFF729F9B8E057
:10CC90005F4B186897F8673004335B00013301225B
:10CCA00002FA03F31A46002300930123002110F037
:10CCB000B3FFA6E0564B186897F8673004335B0063
:10CCC00001229A4097F867300E335B00012101FA88
:10CCD00003F313431A46002300930323002110F0AB
:10CCE0009BFF4F4B18680023009303234022002131
:10CCF00010F092FF4B4B186800230093032301228E
:10CD0000002110F089FF444B18680023009303238F
:10CD10000222002110F080FF434B1868002300938B
:10CD200003230222002110F077FF404B18680023F4
:10CD3000009303230222002110F06EFF3C4B186881
:10CD40000023009303230222002110F065FF394BDA
:10CD500018680023009303230222002110F05CFFD7
:10CD60002C4B18680023009303230422002110F0A9
:10CD700053FF46E0264B186897F867305B00013395
:10CD8000012202FA03F31A46002300930123002133
:10CD900010F042FF35E01E4B186897F867305B00D3
:10CDA000012202FA03F31A46002300930123002113
:10CDB00010F032FF25E0164B186897F867300433FF
:10CDC0005B000133012202FA03F31A4600230093A9
:10CDD0000123002110F020FF13E00D4B186897F895
:10CDE000673004335B00012202FA03F31A46002382
:10CDF00000930123002110F00FFF02E000BF00E0CC
:10CE000000BF00BF6837BD46BDE8B04004B0704702
:10CE10004C1C0020D41C0020D81C0020641C0020C6
:10CE2000D01C0020DC1C0020382200203C220020E6
:10CE300040220020E0160020B0B596B008AF786020
:10CE4000154B1B6818460FF0A5F878631CE0124BD1
:10CE50001B6807F108014FF0FF3218460EF0B8FECC
:10CE60000346012B0DD16C4607F118050FCD0FC4F9
:10CE700095E8070003C4228007F108030FCBFFF7F2
:10CE800005F97B6B013B7B637B6B002BDFD14FF4A0
:10CE9000FA700FF065FCD3E75C1C002090B585B0FC
:10CEA00000AF78602A4B1B684FF0FF3118460EF038
:10CEB00071FF0023FB73274B274A02F2CD542068F1
:10CEC0006168A26807C3A289A17B1A800A469A708A
:10CED00013222049214814F075FA03461A46204BC4
:10CEE0001A701F4B1B781B49184600F04FFD1C4B56
:10CEF0001B78002B05D00A200FF032FCFB7B01339E
:10CF0000FB73FB7B032B03D8154B1B78002BDFD166
:10CF1000104B012283F860220023BB6006E0796891
:10CF20000C4800F01FF8BB680133BB60BB68172BCF
:10CF3000F5DD0A4814F0ECFF054B186800230022C9
:10CF400000210EF0E5FB00BF1437BD4690BD00BFC9
:10CF5000FC21002090270020901E0164C42700209F
:10CF6000AC22002080B584B000AF786039604FF407
:10CF7000FF73FB607B68012283F83020786800F043
:10CF80008FFC7B6803F134000E4BFA68396814F0AB
:10CF9000CCFD03461A460C4B1A700B4B1B78796874
:10CFA000184600F0F3FC084B1B78002B05D1064B0C
:10CFB0001B787968184600F0E9FC00BF1037BD46C1
:10CFC00080BD00BFB0220020AC22002090B585B00B
:10CFD00000AF78602E4B1B684FF0FF3118460EF003
:10CFE000D9FE2C4B2C4A02F2CD5420686168A2680D
:10CFF00007C3A289A17B1A800A469A70012225499B
:10D00000264814F0DFF903461A46254B1A70244BC4
:10D010001B782049184600F0B9FC214B1B78002BE7
:10D020002BD10023FB8111E0FB895B021A467B6850
:10D0300099181C4B4FF40072184814F037FC034643
:10D040001A46174B1A70FB890133FB81FB89172B9A
:10D05000EAD9124814F05CFF0E4B00225A630D49C6
:10D060004FF000024FF00003C1E9062309494FF0D9
:10D0700000024FF00003C1E90823054B18680023A4
:10D08000002200210EF044FB00BF1437BD4690BDC6
:10D09000FC21002090270020901E0164C42700205E
:10D0A000AC220020B422002090B5ADF5037D02AF84
:10D0B0003B464FF4007200924FF400420221614857
:10D0C00015F00AFA03461A465F4B1A705F4A604B26
:10D0D0001046194640F2DC531A461AF06AFF5D4BBF
:10D0E00000221A705C4B01221A805C4B00221A70DD
:10D0F0005B4B01221A805B4B00225A6159494FF069
:10D1000000024FF00003C1E9062356494FF0000228
:10D110004FF00003C1E90823534B00225A615249E2
:10D120004FF000024FF00003C1E906234E494FF0D3
:10D1300000024FF00003C1E908234A4B002283F8A4
:10D14000302048494FF000024FF00003C1E90A23A4
:10D15000454B002283F8302043494FF000024FF046
:10D160000003C1E90A2364200FF0FAFA01223549CD
:10D170003E4814F0E3F803461A46334B1A70642015
:10D180000FF0EEFA304B1B783649184600F0FEFBE4
:10D19000344A2E4B14460FCB07C4238002341B0C99
:10D1A000237032222F49324814F00CF903461A46F4
:10D1B000254B1A70244B1B78002B04D1294B0122DC
:10D1C00083F8602203E0274B002283F860221E4B85
:10D1D0001B782449184600F0D9FB234A1B4B144600
:10D1E0000FCB07C4238002341B0C237031221E494D
:10D1F000204814F0E7F803461A46134B1A70124BF6
:10D200001B78002B04D1184B012283F8602203E025
:10D21000154B002283F860220B4B1B7812491846ED
:10D2200000F0B4FB144B1B784FF4FF7219461348FF
:10D2300019F0EFFF1148FFF731FE00BF07F5017746
:10D24000BD4690BD88A90208AC220020901E016452
:10D25000D4B10208082A00200C2A0020092A002044
:10D260000A2A0020C02200202825002000000020DB
:10D27000F42200205C25002082020020901C016422
:10D2800080B500AF01223649002014F057F8642021
:10D290000FF066FA01223249324814F04FF8034683
:10D2A0001A46314B1A7064200FF05AFA2E4B1B7835
:10D2B0002E49184600F06AFB2D4B1B781A46134680
:10D2C0001B019B1A2B4A13440F22194627481AF0B8
:10D2D00070FE32222549284814F074F803461A4695
:10D2E000214B1A70204B1B78002B04D11F4B0122BD
:10D2F00083F8602203E01D4B002283F860221A4B62
:10D300001B781A49184600F041FB1C4B1B781A4643
:10D3100013461B019B1A174A13440F22194618483B
:10D320001AF047FE31221649164814F04BF803460E
:10D330001A460D4B1A700C4B1B78002B04D1104B66
:10D34000012283F8602203E00D4B002283F8602263
:10D35000054B1B780A49184600F018FB00BF80BD3A
:10D3600088A9020800000020AC220020C022002072
:10D37000082A0020901E0164F4220020092A0020BF
:10D38000282500205C250020B0B584B000AF78606F
:10D39000404B1B684FF0FF3118460EF0FBFC00239A
:10D3A000FB6079683C4800F03DF93B4BD3E908014C
:10D3B0003A4B1B889BB200221C46154622462B4640
:10D3C000F3F7C2FC02460B4613467B817B8947F686
:10D3D0001812934245D9304800F02AFB304B1B7895
:10D3E0000133DAB22E4B1A700A200FF0B9F92C4B28
:10D3F0001B781A4613461B019B1A2A4A13440F2214
:10D40000194625481AF0D5FD33222349264813F042
:10D41000D9FF03461A46254B1A70244B1B78002B64
:10D4200004D11D4B012283F8602203E01A4B002235
:10D4300083F860221D4B1B781749184600F0A6FAA6
:10D44000174B1B78622B05D1FB680133FB60144B33
:10D4500000221A70FB68032B03D0144B1B78002B9F
:10D46000BCD10F4B1B78622B08D10D4B00221A70D8
:10D470000A4B1B8801339AB2084B1A80054B186877
:10D480000023002200210EF043F900BF1037BD46F3
:10D49000B0BD00BFFC210020C02200200C2A0020CB
:10D4A000082A0020901E0164F4220020AC220020F3
:10D4B000B0B584B000AF7860514B1B684FF0FF31BE
:10D4C00018460EF067FC00237B810023FB604D4B68
:10D4D000D3E906014C4B1B889BB200221C46154623
:10D4E00022462B46F3F730FC02460B4613467B815F
:10D4F0007B8947F6181293420FD8424BD3E90601B5
:10D50000424BD3E90823994208BF90425CD1404B7B
:10D510001A78404B1B789A4256D13A4800F088FA64
:10D52000C8200FF01DF937494FF000024FF00003FB
:10D53000C1E9062333494FF000024FF00003C1E96F
:10D540000823344B1B780133DAB2324B1A700A20AD
:10D550000FF006F92F4B1B781A4613461B019B1A36
:10D560002D4A13440F22194626481AF022FD312273
:10D5700024492A4813F026FF03461A46284B1A70FE
:10D58000274B1B78002B04D11E4B012283F860220D
:10D5900003E01C4B002283F86022214B1B781949C1
:10D5A000184600F0F3F91B4B1B78622B05D1FB6882
:10D5B0000133FB60174B00221A70FB68032B03D06A
:10D5C000174B1B78002BABD1124B1B78622B08D169
:10D5D000104B00221A700C4B1B8801339AB20A4B75
:10D5E0001A807968074800F0D1F8054B18680023C5
:10D5F000002200210EF08CF800BF1037BD46B0BDF0
:10D60000FC210020282500200A2A0020C02200201A
:10D61000082A0020092A0020901E01645C250020B1
:10D62000AC2200202DE9B04382B000AF78603960B1
:10D63000324B012283F83020786800F031F97B68A2
:10D6400003F134027B681B6C1946104614F080FC11
:10D6500003461A462A4B1A70294B1B7879681846DC
:10D6600000F094F9264B1B78002B41D17B6803F125
:10D670003400244BD3E90023234B396814F055FAC6
:10D6800003461A461E4B1A701D4B1B7879681846C4
:10D6900000F07CF91A4B1B78002B21D11A4B1B6828
:10D6A0007968184600F092F97B68D3E90A23541C84
:10D6B00043F100057B68C3E90A457B68D3E90A2387
:10D6C0000B2A73F100030BD37B683433184614F034
:10D6D000A1FB79684FF000024FF00003C1E90A2373
:10D6E0007B681B6C0022984691467B68C3E90889D9
:10D6F00000BF0837BD46BDE8B08300BF2825002025
:10D70000AC22002088020020B022002080B582B028
:10D7100000AF78607B689A6C7B681B6C9A420CBF88
:10D7200001230023DAB2174B1A70174B1B78796864
:10D73000184600F02BF9134B1B78002B1DD078688E
:10D7400000F076F97B68184614F00BFE0D4B0022B2
:10D750001A7064200FF004F87B6834337968332240
:10D76000184613F02FFE03461A46074B1A70064B55
:10D770001B787968184600F009F900BF0837BD46E4
:10D7800080BD00BFB9220020AC2200202DE9B043AB
:10D7900082B000AF786039607B6893F83030002B3E
:10D7A00025D03B4814F036FB786800F041F97B68DF
:10D7B000343379680122184613F004FE03461A46F2
:10D7C000344B1A70334B1B787968184600F0DEF83A
:10D7D0007B68012283F860227B68002283F8302076
:10D7E00079684FF000024FF00003C1E90A237B681B
:10D7F0001B6C0022984691467B68C3E908897868CB
:10D8000000F04EF87B6803F134007B68D3E906230F
:10D810001346194614F09CFB03461A461D4B1A701A
:10D820001C4B1B787968184600F0B0F8194B1B7830
:10D83000002B28D17B6803F13400174BD3E9002378
:10D84000164B396814F032F803461A46114B1A7019
:10D85000104B1B787968184600F098F80D4B1B7830
:10D86000002B10D17B689B6C00221C4615467B6800
:10D87000C3E90645094B1B687968184600F0A6F80D
:10D880007868FFF743FF00BF0837BD46BDE8B083A7
:10D89000F4220020AC22002088020020B4220020C4
:10D8A00080B58AB002AF78607B685B69032B51DD7D
:10D8B000786800F0BDF87B68184614F052FD2C4BD8
:10D8C0001B781A4613461B019B1A2A4A13442A49FD
:10D8D000184619F0B3FC0346FB61254B1B781A462A
:10D8E00013461B019B1A234A1A44244B1B6807F159
:10D8F000080000931346FA69214919F025FC7B685A
:10D9000007F10802114618461AF04BFB79684FF0F0
:10D9100000024FF00003C1E9082379684FF00002CC
:10D920004FF00003C1E90623144B1B680133134A6F
:10D9300013607B68343379683322184613F042FD54
:10D9400003461A460F4B1A700E4B1B78796818461F
:10D9500000F01CF87B685B69062B05DD0A4B012291
:10D960001A70786800F07AF800BF2037BD4680BD95
:10D97000082A0020901E01648CA90208BC22002005
:10D9800090A90208AC220020B822002080B483B005
:10D9900000AF03463960FB71FB79002B08D00A4BBE
:10D9A00001221A703B685B695A1C3B685A6105E0AA
:10D9B000054B00221A703B6800225A6100BF0C37E9
:10D9C000BD465DF8047B7047BB22002080B483B065
:10D9D00000AF786039607B682D2B15D03B689A6C5E
:10D9E0003B681B6C9A4206D10F4B00221A703B68B1
:10D9F00000225A6111E00C4B01221A703B685B69EE
:10DA00005A1C3B685A6108E0074B00221A70074B0A
:10DA100000221A603B6800225A6100BF0C37BD46E5
:10DA20005DF8047B704700BFBA220020B4220020BA
:10DA300080B582B000AF78607B6893F86032002BCD
:10DA400008D07B683433184614F062FA7B680022F1
:10DA500083F8602200BF0837BD4680BD98B500AF8F
:10DA600001225049002013F069FC4F4808F0F4FCF3
:10DA70004E4B5B6A4D4A43F4006353620A200EF03A
:10DA80006FFE4A4B5B6A494A23F4006353620A20E3
:10DA90000EF066FE444808F02FFC0346002B03D02E
:10DAA000434B01221A707CE064200EF059FE0122E3
:10DAB0003C49404813F042FC03461A463E4B1A705C
:10DAC0003D4B1B78002B52D1394B00221A703B4A38
:10DAD0003B4B14460FCB07C4238002341B0C23702E
:10DAE00032223649374813F06DFC03461A46324B52
:10DAF0001A70314B1B78002B04D1304B012283F874
:10DB0000602203E02D4B002283F860222A4B1B7811
:10DB10002A491846FFF73AFF2B4A294B14460FCBE8
:10DB200007C4238002341B0C237031222649274866
:10DB300013F048FC03461A461F4B1A701E4B1B7805
:10DB4000002B10D1204B012283F860221A4B1B7846
:10DB5000002B10D11C4BD3E90623134619461B4852
:10DB600014F0F6F907E0124B01221A7003E0164B8D
:10DB7000002283F86022164B114A02F2CD5420682D
:10DB80006168A26807C3A289A17B1A800A469A70BD
:10DB900013220F490F4813F015FC03461A46064B93
:10DBA0001A7098BD88A9020820060020003802409B
:10DBB000B822002000000020AC220020C02200205B
:10DBC000901E0164F4220020282500205C250020FE
:10DBD00090270020C427002080B584B000AF786073
:10DBE0004B4B002283F82F20494B002283F82D2035
:10DBF000484B002283F82F20464B002283F82D202B
:10DC0000454B1B6818460EF0C5F9F86013E0424B0F
:10DC10001B684FF0FF32414918460DF0D9FF03460B
:10DC2000012B08D13D4B1B7819463A48F5F732FFD6
:10DC3000FB68013BFB60FB68002BE8D1354B93F898
:10DC40002F30002B0ED000F087F8CE223449314817
:10DC5000F6F714F8334B186800234FF0FF323049C1
:10DC60000DF056FD304B1B6818460EF093F9F86026
:10DC700013E02D4B1B684FF0FF32284918460DF07A
:10DC8000A7FF0346012B08D1244B1B7819462048D7
:10DC9000F5F700FFFB68013BFB60FB68002BE8D158
:10DCA0001B4B93F82F30002B0DD000F041F81C498E
:10DCB0001748F6F75BF81B4B186800234FF0FF324C
:10DCC00017490DF025FD194B1B6818460EF062F937
:10DCD000F86012E0154B1B684FF0FF320F491846F1
:10DCE0000DF076FF0346012B04D10C4B1B78184630
:10DCF000F9F7A2FDFB68013BFB60FB68002BE9D153
:10DD00004FF0FF32012100200FF07AFE78E700BFCC
:10DD10003C1600206C160020501C00200E2A00200B
:10DD2000E41500205C1C0020541C0020581C00201E
:10DD300080B500AF4FF40041064805F0EEFB6420CB
:10DD4000F3F7D8FF4FF40041024805F0E6FB00BFAF
:10DD500080BD00BF001C024080B500AF4FF4804181
:10DD6000064805F0DAFB6420F3F7C4FF4FF4804166
:10DD7000024805F0D2FB00BF80BD00BF001C02407E
:10DD800080B582B000AF78607B680433184601F03C
:10DD9000D4FF7B682833184601F0CFFF7B686A4ABE
:10DDA0005A607B68694A9A607B68694ADA607B6876
:10DDB000664A1A617B68674A5A617B68664A9A615B
:10DDC0007B68634ADA617B68634A1A627B68634AEC
:10DDD0005A627B681A1D7B6828331946104602F088
:10DDE00022FC7B68022283F84C207B689033184623
:10DDF00001F06BFE7B68CC33184601F066FE7B6851
:10DE0000D833184601F061FE7B689C33184602F057
:10DE10006AFC7B68BC33184602F065FC7B68AC3357
:10DE2000184602F060FC7B68E433184601F0AEFF50
:10DE30007B6803F5BA73184601F0A8FF7B6803F509
:10DE40000173184601F0A2FF7B6803F1E4027B68CE
:10DE5000E43319469FED420A104602F032F87B681F
:10DE600003F5BA727B6803F5BA7319469FED3C0A55
:10DE7000104602F026F87B6803F501727B6803F513
:10DE8000017319469FED360A104602F01AF87B68B6
:10DE900003F58473184601F050FF7B6803F5967311
:10DEA000184601F04AFF7B6803F5CC73184601F071
:10DEB00044FF7B6803F5A873184601F03EFF7B68BA
:10DEC00003F5DE73184601F038FF7B6803F5F07345
:10DED000184601F032FF7B685033184601F0F5FD1B
:10DEE0007B687033184601F0F0FD7B685C331846A0
:10DEF00001F0EBFD7B687C33184601F0E6FD7B68A2
:10DF00004FF07C529A667B684FF07C52C3F88820B1
:10DF10007B68144ADA667B68134AC3F88C207B68F6
:10DF2000124AC3F828227B68104AC3F82C227B6867
:10DF30000F4AC3F830227B6807221A600023184674
:10DF40000837BD4680BD00BFE7A90E3DAACA3036DE
:10DF50002B732939554D103D4DC21B38E52B013C23
:10DF6000CDCCCC3DACC5A736ACC5273717B7D1381B
:10DF70006F12833A80B586B000AF78613961FA607C
:10DF8000BB6087ED010A7B6950333969184601F09F
:10DF900085FD7B695C33F968184601F07FFD7B697C
:10DFA0007033B968184601F079FD7B697C33396AB2
:10DFB000184601F073FD7B695033184601F07BFE73
:10DFC0007B695C33184601F076FE7B697033184636
:10DFD00001F071FE7B697C33184601F06CFE7B69B1
:10DFE0009033796A184601F059FD7B6903F190027C
:10DFF0001D4BD3ED007A7B6990331946B0EE670A6A
:10E00000104601F0A5FD7B691B6803F00103002B9E
:10E0100007D0786901F0F7F90346002B01D00123FE
:10E020001EE07B691B6803F00203002B07D07869B0
:10E0300001F0BCFA0346002B01D0022310E07B69FB
:10E040001B6803F00403002B09D097ED010A7869DF
:10E0500000F022F90346002B01D0042300E0002346
:10E0600018461837BD4680BD9002002080B584B0A8
:10E0700000AFF860B9607A603B60F868FFF780FE37
:10E08000FB685033B968184601F008FDFB685C3343
:10E090007968184601F002FDFB687033396818464C
:10E0A00001F0FCFCFB687C33B969184601F0F6FC12
:10E0B000FB685033184601F0FEFDFB685C331846E0
:10E0C00001F0F9FDFB687033184601F0F4FDFB68C0
:10E0D0007C33184601F0EFFDFB689033F969184670
:10E0E00001F0DCFCFB6803F19002194BD3ED007AE0
:10E0F000FB6890331946B0EE670A104601F028FD20
:10E10000FB6803F19002FB68CC331946104601F01E
:10E11000FDFDF86801F077F90346002B01D00123DB
:10E1200012E0FB6803F1BC02FB689C331946104601
:10E1300002F025FFFB6803F1BC02FB68AC33194613
:10E14000104602F01CFF002318461037BD4680BD64
:10E150009002002080B483B000AF786039603B68E3
:10E160001B781A467B681A603B6804331B781A06D2
:10E170003B6803331B781B041A433B6802331B784C
:10E180001B021A433B6801331B7819467B6803F571
:10E190000A730A431A603B6808331B781A063B6807
:10E1A00007331B781B041A433B6806331B781B029A
:10E1B0001A433B6805331B7819467B6803F50B73DC
:10E1C0000A431A603B680C331B781A063B680B3312
:10E1D0001B781B041A433B680A331B781B021A4343
:10E1E0003B6809331B7819467B6803F50C730A43B7
:10E1F0001A603B6810331B781A063B680F331B7894
:10E200001B041A433B680E331B781B021A433B68FE
:10E210000D331B7819467B686C330A431A603B68E0
:10E2200014331B781A063B6813331B781B041A43FC
:10E230003B6812331B781B021A433B6811331B786F
:10E2400019467B688C330A431A603B6818331B7885
:10E250001A063B6817331B781B041A433B681633B6
:10E260001B781B021A433B6815331B7819467B68E1
:10E2700068330A431A607B68D3ED1A7AB7EE007AE6
:10E2800077EE677A7B68C3ED227A002318460C3755
:10E29000BD465DF8047B7047B0B5ADF56A7D02AF51
:10E2A00007F56873A3F56773186007F56873A3F53E
:10E2B000687383ED000A07F56873A3F567731A683E
:10E2C00007F55A73CC3207CA83E8070007F568736D
:10E2D000A3F567731A6807F55773D83207CA83E83E
:10E2E000070007F56873A3F567731B68181D07F52A
:10E2F0006873A3F567731B68CC3307F5637219461F
:10E3000001F054FE07F56873A3F567731B68CC33FF
:10E3100007F5607207F56371184601F06CFCD7EDE4
:10E32000E07AF1EE677AC7EDE07AD7EDE17AF1EEC7
:10E33000677AC7EDE17AD7EDE27AF1EE677AC7ED59
:10E34000E27A07F56873A3F567731B68283307F54E
:10E350005D7207F56071184601F028FE97EDDA7AD4
:10E36000D7EDDD6A07F56873A3F56873D3ED007A1E
:10E3700066EEA77A77EE277AC7EDDA7A97EDDB7A41
:10E38000D7EDDE6A07F56873A3F56873D3ED007AFD
:10E3900066EEA77A77EE277AC7EDDB7A97EDDC7A1F
:10E3A000D7EDDF6A07F56873A3F56873D3ED007ADC
:10E3B00066EEA77A77EE277AC7EDDC7A07F5687301
:10E3C000A3F567731B6803F19C0007F56873A3F559
:10E3D00067731B68CC3307F55372194602F0ABFA2A
:10E3E00007F56873A3F567731B6893ED277AD7ED7C
:10E3F000D36A07F56873A3F56873D3ED007A66EE08
:10E40000A77A77EE677AC7EDCF7A07F56873A3F539
:10E4100067731B6893ED287AD7EDD46A07F56873A4
:10E42000A3F56873D3ED007A66EEA77A77EE677A84
:10E43000C7EDD07A07F56873A3F567731B6893ED92
:10E44000297AD7EDD56A07F56873A3F56873D3ED1C
:10E45000007A66EEA77A77EE677AC7EDD17A07F58C
:10E460006873A3F567731B6893ED2A7AD7EDD66AB4
:10E4700007F56873A3F56873D3ED007A66EEA77AA3
:10E4800077EE677AC7EDD27A07F54F73184602F038
:10E4900044F907F54673184601F078FC07F53D721C
:10E4A00007F563731146184602F082F807F56873A2
:10E4B000A3F567731B68CC3307F534721146184611
:10E4C00002F076F807F56873A3F567731B68191DEA
:10E4D00007F5EA7207F53473184601F0D0FD07F529
:10E4E000EA7207F5EA7107F53D73184601F0A7FCDB
:10E4F00007F56873A3F567731B68283307F52B725C
:10E5000007F5EA71184601F0BAFD07F52B7107F51A
:10E510006873A3F5687307F52B7293ED000A104634
:10E5200001F0CFFC07F52B7207F52B7107F5467349
:10E53000184601F042FC07F5227107F56873A3F550
:10E54000687307F5347293ED000A104601F0B9FCC8
:10E5500007F5227207F5227107F54673184601F098
:10E560006EFC07F56873A3F567731B6803F1280257
:10E5700007F5197107F56873A3F5687393ED000A41
:10E58000104601F09EFC07F5EA7207F5227311466A
:10E59000184601F0D0FC07F56873A3F567731B6894
:10E5A00003F1E40107F5107207F52B73184601F02B
:10E5B00066FD07F56873A3F567731B6803F584733D
:10E5C00007F5077207F5EA71184601F058FD07F5DF
:10E5D0006873A3F567731B6803F5BA7107F5FC72DE
:10E5E00007F52273184601F04AFD07F5EA7207F5B0
:10E5F0002B731146184601F09EFC07F5C67207F50D
:10E60000EA7107F51073184601F039FD07F5EA7253
:10E6100007F519731146184601F08DFC07F5D872FD
:10E6200007F5EA7107F51973184601F028FD07F59B
:10E630006873A3F567731B68D3ED8A7A07F5D87200
:10E6400007F5D8731146B0EE670A184601F039FC99
:10E6500007F5C67207F5D87107F5C673184601F0BD
:10E66000ACFB07F5B47107F56873A3F5687307F59C
:10E67000107293ED000A104601F023FC07F5EA72D0
:10E6800007F5077107F52B73184601F0F8FC07F53D
:10E69000B47207F5EA7107F5B473184601F08DFB03
:10E6A00007F56873A3F567731B6803F5967107F5A3
:10E6B000A27207F52B73184601F0E1FC07F56873A9
:10E6C000A3F567731B6803F1E40207F56873A3F50C
:10E6D0006873D3ED007A67EEA77A07F59073194651
:10E6E000B0EE670A104601F0ECFB07F56873A3F57E
:10E6F00067731B6803F5A87207F5EA7107F568737D
:10E70000A3F5687393ED000A104601F0DAFB07F5F4
:10E71000907207F5EA7107F59073184601F04DFB0A
:10E7200007F5EA7107F56873A3F5687307F50772D3
:10E7300093ED000A104601F0C4FB07F5907207F54F
:10E74000EA7107F59073184601F037FB07F5EA7296
:10E7500007F522731146184601F0EDFB07F5D87254
:10E7600007F5EA7107F5FC73184601F088FC07F518
:10E77000907207F5D87107F59073184601F01DFBEC
:10E7800007F56873A3F567731B6803F5967207F1C5
:10E79000FC0107F56873A3F5687393ED000A104652
:10E7A00001F08FFB07F56873A3F567731B6803F52A
:10E7B000CC7107F5EA7207F52273184601F05FFC89
:10E7C00007F1FC0207F5EA7107F1FC03184601F0B6
:10E7D000F4FA07F56873A3F5327207F56873A3F5C9
:10E7E00067731B68154603F501740FCC0FC50FCC7A
:10E7F0000FC523682B6007F56873A3F56873D3ED25
:10E80000007A27EEA77A07F56873A3F567731B688C
:10E81000D3ED8B7A67EE277A07F56873A3F5E67375
:10E82000C3ED007A07F56873A3F5E6734FF00002B5
:10E830005A6007F56873A3F5E6734FF000029A601B
:10E8400007F56873A3F5E6734FF00002DA6007F589
:10E850006873A3F56873D3ED007A27EEA77A07F5FE
:10E860006873A3F567731B68D3ED8B7A67EE277A1D
:10E8700007F56873A3F5E673C3ED047A07F56873CB
:10E88000A3F5E6734FF000025A6107F56873A3F52C
:10E89000E6734FF000029A6107F56873A3F5E6731B
:10E8A0004FF00002DA6107F56873A3F56873D3EDE2
:10E8B000007A27EEA77A07F56873A3F567731B68DC
:10E8C000D3ED8B7A67EE277A07F56873A3F5E673C5
:10E8D000C3ED087A07F1D80207F5EA7107F1D8030A
:10E8E000184601F06AFA07F56873A3F567731B68A9
:10E8F00007F56872A2F5057203F1E40415460FCD21
:10E900000FC40FCD0FC42B68236007F56873A3F500
:10E9100067731B6807F56872A2F50E7203F58474BD
:10E9200015460FCD0FC40FCD0FC42B68236007F51C
:10E930006873A3F567731B6807F56872A2F5177211
:10E9400003F5967415460FCD0FC40FCD0FC42B6879
:10E95000236007F56873A3F567731B6807F5687292
:10E96000A2F5207203F5BA7415460FCD0FC40FCD72
:10E970000FC42B68236007F56873A3F567731B68E2
:10E9800007F56872A2F5297203F5CC7415460FCD10
:10E990000FC40FCD0FC42B68236007F56873A3F570
:10E9A00067731B6807F56872A2F5327203F501748C
:10E9B00015460FCD0FC40FCD0FC42B68236007F58C
:10E9C0006873A3F567731B6803F5847207F56873B2
:10E9D000A3F567731B6803F5A8731946104601F089
:10E9E000AAFA07F56873A3F567731B6803F59672B7
:10E9F00007F56873A3F567731B6803F5DE731946A3
:10EA0000104601F098FA07F56873A3F567731B6861
:10EA100003F5CC7207F56873A3F567731B6803F5FC
:10EA2000F0731946104601F086FA07F56873A3F5EE
:10EA300067731B6803F19C0407F54F730FCB84E8E1
:10EA40000F0007F56873A3F567731B68CC3307F5F0
:10EA50005A7207CA83E8070007F56873A3F567735E
:10EA60001B68D83307F5577207CA83E8070007F514
:10EA70006873A3F567731B6893ED247A07F56873D1
:10EA8000A3F567731B68D3ED337A37EE677A07F522
:10EA90006873A3F567731B68D3ED367A77EE677AF0
:10EAA00007F56873A3F53573C3ED007A07F568734E
:10EAB000A3F567731B6893ED257A07F56873A3F5D3
:10EAC00067731B68D3ED347A37EE677A07F568739E
:10EAD000A3F567731B68D3ED377A77EE677A07F58E
:10EAE0006873A3F53573C3ED017A07F56873A3F571
:10EAF00067731B6893ED267A07F56873A3F5677350
:10EB00001B68D3ED357A37EE677A07F56873A3F59E
:10EB100067731B68D3ED387A77EE677A07F5687309
:10EB2000A3F53573C3ED027A07F1A803184601F087
:10EB30002DF907F18403184601F0FFF807F160038F
:10EB4000184601F023F907F13C03184601F0F5F8E7
:10EB500007F56873A3F567731B68D3F8302207F5D0
:10EB60006873A3F559731A6007F56873A3F56773A3
:10EB70001B68D3F8302207F56873A3F559731A613F
:10EB800007F56873A3F567731B68D3F8302207F5A0
:10EB90006873A3F559731A6207F1840407F1A80298
:10EBA00007F1CC0107F56873A3F5677007F13C0323
:10EBB000019307F1600300932346006800F0C1F859
:10EBC0000346002B01D00423B6E007F1A803184642
:10EBD00001F0B3F807F16003184601F0AEF8002326
:10EBE000C7F89C339AE007F56873A3F56772D7F806
:10EBF0009C335B014833126813440833C7F89833D9
:10EC000007F56873A3F567731B689C3307F1180257
:10EC10001146184601F029FFD7F8981307F10C02A6
:10EC200007F11803184601F0C1F9D7F8983393EDAE
:10EC3000037A07F56873A3F56573D3ED007A77EE71
:10EC4000677A07F56873A3F53573C3ED007AD7F8D3
:10EC5000983393ED047A07F56873A3F56573D3EDE4
:10EC6000017A77EE677A07F56873A3F53573C3ED1C
:10EC7000017AD7F8983393ED057A07F56873A3F511
:10EC80006573D3ED027A77EE677A07F56873A3F5BB
:10EC90003573C3ED027A07F1840207F10C031146C4
:10ECA000184601F085FC07F13C03184601F045F8D1
:10ECB000D7F89833DA6907F56873A3F559731A60C2
:10ECC000D7F89833DA6907F56873A3F559731A61B1
:10ECD000D7F89833DA6907F56873A3F559731A62A0
:10ECE00007F1840407F1A80207F1CC0107F5687366
:10ECF000A3F5677007F13C03019307F160030093EC
:10ED00002346006800F01DF80346002B01D00423C1
:10ED100012E0D7F89C330133C7F89C3307F56873CA
:10ED2000A3F567731B6893F84C301A46D7F89C33E9
:10ED30009342FFF458AF0023184607F56877BD46A5
:10ED4000B0BD90B5ADF5197D00AF07F51874A4F509
:10ED50001574206007F51870A0F51670016007F5AE
:10ED60001871A1F517710A6007F51872A2F51872EB
:10ED7000136007F50F7207F51873A3F517731146A3
:10ED8000186801F0D8F807F5067207F51873A3F5AF
:10ED900018731146186801F0CEF807F5FA73194692
:10EDA000D7F8700201F0C7F807F51873A3F51573CB
:10EDB0001B6803F1E40107F1440207F51873A3F59A
:10EDC0001773186801F05BF907F51873A3F515734D
:10EDD0001B6803F5A87107F5E87207F51873A3F52A
:10EDE0001873186801F04BF907F5E87207F5E87138
:10EDF00007F14403184600F0E0FF07F51873A3F588
:10EE000015731B6803F5DE7307F144021946D7F842
:10EE1000700201F034F907F5E87207F1440107F5D3
:10EE2000E873184600F0C9FF07F51873A3F51573CA
:10EE30001B6803F5847107F1440207F51873A3F505
:10EE40001773186801F01BF907F51873A3F515730C
:10EE50001B6803F5BA7107F5D67207F51873A3F5A9
:10EE60001873186801F00BF907F5D67207F5D6711B
:10EE700007F14403184600F0A0FF07F51873A3F547
:10EE800015731B6803F5F07307F144021946D7F8B0
:10EE9000700201F0F4F807F5D67207F1440107F5A6
:10EEA000D673184600F089FF07F51873A3F515739C
:10EEB0001B6803F5967107F1440207F51873A3F573
:10EEC0001773186801F0DBF807F51873A3F51573CD
:10EED0001B6803F5CC7107F5C47207F51873A3F529
:10EEE0001873186801F0CBF807F5C47207F5C47100
:10EEF00007F14403184600F060FF07F51873A3F507
:10EF000015731B6803F5017307F144021946D7F81E
:10EF1000700201F0B4F807F5C47207F1440107F577
:10EF2000C473184600F049FF07F1F80207F50F71A6
:10EF300007F5E873184601F0A2F807F1440207F557
:10EF4000067107F5D673184601F099F807F1F80233
:10EF500007F1440107F1F803184600F02EFF07F10E
:10EF6000440207F5FA7107F5C473184601F087F8F3
:10EF700007F1F80207F1440107F1F803184600F021
:10EF80001CFF07F1F80207F1F803D7F874121846CE
:10EF900000F013FF07F1D40207F1F80311461846F9
:10EFA00001F041FB0346002B01D0042326E207F5C4
:10EFB000B27207F5E8731146184600F0BCFF07F57A
:10EFC000A07207F5D6731146184600F0B4FF07F596
:10EFD0008E7207F5C4731146184600F0ACFF07F1B6
:10EFE000B00207F1D40107F5B273184601F047F8F3
:10EFF00007F18C0207F1D40107F5A073184601F060
:10F000003EF807F1680207F1D40107F58E73184640
:10F0100001F035F807F1380207F51873A3F51673F8
:10F0200007F1B000196800F0C1FF07F12C0207F5E5
:10F030001873A3F5167307F18C00196800F0B6FF7A
:10F0400007F1200207F51873A3F5167307F168009E
:10F05000196800F0ABFF07F51873A3F515731B686B
:10F0600093ED337A07F51873A3F50A73D3ED007A9D
:10F0700077EE277A07F51873A3F515731B68C3EDB0
:10F08000337A07F51873A3F515731B6893ED347A7B
:10F0900007F51873A3F50A73D3ED017A77EE277A93
:10F0A00007F51873A3F515731B68C3ED347A07F5DC
:10F0B0001873A3F515731B6893ED357A07F518736C
:10F0C000A3F50A73D3ED027A77EE277A07F5187362
:10F0D000A3F515731B68C3ED357A07F51873A3F50F
:10F0E00015731B6893ED367A07F51873A3F5107343
:10F0F000D3ED007A77EE277A07F51873A3F5157329
:10F100001B68C3ED367A07F51873A3F515731B68F2
:10F1100093ED377A07F51873A3F51073D3ED017AE1
:10F1200077EE277A07F51873A3F515731B68C3EDFF
:10F13000377A07F51873A3F515731B6893ED387AC2
:10F1400007F51873A3F51073D3ED027A77EE277ADB
:10F1500007F51873A3F515731B68C3ED387A07F527
:10F160001873A3F514734FF07E521A6007F51873E5
:10F17000A3F50D73D3ED007ABEEE007A67EE877AC1
:10F1800007F51873A3F51473C3ED017A07F5187327
:10F19000A3F50D73D3ED017ABEEE007A67EE877AA0
:10F1A00007F51873A3F51473C3ED027A07F5187306
:10F1B000A3F50D73D3ED027ABEEE007A67EE877A7F
:10F1C00007F51873A3F51473C3ED037A07F51873E5
:10F1D000A3F515731B6803F19C0107F51873A3F5DC
:10F1E00015731B6803F19C0207F11003184601F028
:10F1F000F0FA07F51873A3F515731B689C331846CE
:10F2000001F08BFA07F1440207F5E87107F1B0034A
:10F21000184600F034FF07F51873A3F515731B6843
:10F2200003F1E40007F51873A3F515731B6803F1E8
:10F23000E40207F14403194600F001FE07F144021D
:10F2400007F5D67107F1B003184600F018FF07F56F
:10F250001873A3F515731B6803F5847007F518730D
:10F26000A3F515731B6803F5847207F1440319466F
:10F2700000F0E5FD07F1440207F5C47107F1B003A2
:10F28000184600F0FCFE07F51873A3F515731B680C
:10F2900003F5967007F51873A3F515731B6803F54E
:10F2A000967207F14403194600F0C9FD07F14402C4
:10F2B00007F5D67107F18C03184600F0E0FE07F55C
:10F2C0001873A3F515731B6803F5BA7007F5187367
:10F2D000A3F515731B6803F5BA7207F144031946C9
:10F2E00000F0ADFD07F1440207F5C47107F18C038E
:10F2F000184600F0C4FE07F51873A3F515731B68D4
:10F3000003F5CC7007F51873A3F515731B6803F5A7
:10F31000CC7207F14403194600F091FD07F1440255
:10F3200007F5C47107F16803184600F0A8FE07F559
:10F330001873A3F515731B6803F5017007F51873AF
:10F34000A3F515731B6803F5017207F14403194611
:10F3500000F075FD07F51873A3F515731B6803F529
:10F36000847207F51873A3F515731B6803F5A8736A
:10F370001946104600F0DFFD07F51873A3F5157365
:10F380001B6803F5967207F51873A3F515731B68D0
:10F3900003F5DE731946104600F0CDFD07F518732E
:10F3A000A3F515731B6803F5CC7207F51873A3F565
:10F3B00015731B6803F5F0731946104600F0BBFD8A
:10F3C00007F51873A3F515731B68E433184601F0AD
:10F3D000A9F807F51873A3F515731B6803F5BA733D
:10F3E000184601F09FF807F51873A3F515731B680D
:10F3F00003F50173184601F095F80023184607F548
:10F400001977BD4690BD80B5BCB000AF78607A6812
:10F4100007F1E403503207CA83E807007A6807F16E
:10F42000C0035C3207CA83E8070007F1E40318460B
:10F4300000F041FC07F1C003184600F03CFC7B687B
:10F4400003F150007B68703307F1D802194600F0D1
:10F45000D2FB7B6803F15C007B687C3307F1B4026C
:10F46000194600F0C8FB07F1D803184600F023FC4A
:10F4700007F1B403184600F01EFC07F1CC0207F1B7
:10F48000D80107F1E403184600F0B5FB07F1A80224
:10F4900007F1B40107F1C003184600F0ACFB07F117
:10F4A000CC03184600F007FC07F1A803184600F04B
:10F4B00002FCD7F8E430C7F88430D7F8E830C7F852
:10F4C0009030D7F8EC30C7F89C30D7F8D830C7F870
:10F4D0008830D7F8DC30C7F89430D7F8E030C7F878
:10F4E000A030D7F8CC30C7F88C30D7F8D030C7F878
:10F4F0009830D7F8D430C7F8A430D7F8C0303B667E
:10F50000D7F8C430FB66D7F8C830BB67D7F8B4303B
:10F510007B66D7F8B8303B67D7F8BC30FB67D7F8C5
:10F52000A830BB66D7F8AC307B67D7F8B030C7F8E7
:10F53000803007F13C0207F184031146184600F0C1
:10F54000FAFC07F1180207F13C0107F160031846C5
:10F5500000F095FD07F1080207F11803114618465F
:10F5600001F011FC7B6803F1BC0207F108031146AE
:10F57000184601F07EFB7B68BC33D7ED027A97ED2D
:10F58000037AD7ED046A97ED056AF0EE461AB0EEFD
:10F59000661AF0EE470AB0EE670A184601F085F8E1
:10F5A00000231846F037BD4680BD000080B52DED24
:10F5B000028BDEB000AF07F5BC73A3F5BA73186019
:10F5C00007F58473184600F0B8FB07F148031846A6
:10F5D00000F07BFA0023C7F870317CE007F5BC73BC
:10F5E000A3F5BA72D7F870315B014833126813443F
:10F5F00003F1080007F5BC73A3F5BA72D7F87031B0
:10F600005B015033126813440C3307F1540219465E
:10F6100000F0E0FE07F5BC73A3F5BA731A68D7F8DB
:10F62000703103335B0113440833D3ED007A07F1E3
:10F63000540207F154031146B0EE670A184600F071
:10F6400040FC07F5847207F1540107F584731846EE
:10F6500000F0B3FB07F5BC73A3F5BA72D7F87031AD
:10F660005B0148331268134403F1080007F5BC73CB
:10F67000A3F5BA72D7F870315B01503312681344A6
:10F680000C3307F13C02194600F0B5FA07F5BC73DC
:10F69000A3F5BA731A68D7F8703103335B011344CA
:10F6A0000833D3ED007A07F13C0207F13C03114621
:10F6B000B0EE670A184600F04BFA07F1480207F16E
:10F6C0003C0107F14803184600F015FAD7F87031ED
:10F6D0000133C7F8703107F5BC73A3F5BA731B6823
:10F6E00093F84C301A46D7F870319342FFF476AF56
:10F6F00007F58473184600F031FD87ED5A0A07F1CB
:10F70000C00207F584731146184600F014FC07F197
:10F71000E40207F1C00107F58473184600F04DFBC1
:10F7200007F1E403184600F031FD87ED590A07F1AF
:10F73000780207F1E4031146184600F07BFD07F15B
:10F740007803184600F00AFD87ED580AD7ED5A7A7B
:10F7500027EEA77AD7ED587A77EE677AC7ED577A12
:10F76000D7ED5A7A27EEA78A07F1480207F1480336
:10F770001146184600F017FAF0EE407A78EE277A34
:10F78000C7ED567A07F1300207F1480107F1E403AB
:10F79000184600F00BFC07F1300207F14803114650
:10F7A000184600F000FAB0EE407AD7ED597A77EEBD
:10F7B000877AC7ED557A07F1240207F1300107F186
:10F7C000E403184600F0F2FB07F1240207F14803B6
:10F7D0001146184600F0E7F987ED540A97ED577A7D
:10F7E000D7ED567A77EE277AF1EE677AC7ED537A3E
:10F7F000D7ED557AF1EE677AC7ED527A97ED577AE1
:10F80000D7ED567A27EE277AD7ED556AD7ED5A7A93
:10F8100066EEA77A37EE277AD7ED547A77EE677AD5
:10F82000C7ED517A4FF07E53C7F874310023C7F803
:10F830006C3172E0D7ED5D7A67EEA77AC7ED507A4A
:10F8400097ED507AD7ED5D7A67EE277AC7ED4F7A5C
:10F85000D7ED507A67EEA77AC7ED4E7A97ED537AD7
:10F86000D7ED507A27EE277AD7ED4E7A37EE277A02
:10F87000D7ED526AD7ED5D7A66EEA77A77EE277AF2
:10F8800097ED517A77EE277AC7ED4D7AD7ED4F7A1B
:10F89000B1EE007A27EE877AD7ED537A77EEA76A32
:10F8A000D7ED5D7A66EEA77A77EE277A97ED527AF2
:10F8B00077EE277AC7ED4C7AD7ED4D6A97ED4C7A03
:10F8C000C6EE877A97ED5D7A77EE677AC7ED4B7A69
:10F8D00097ED4B7AD7ED5D7A77EE677AF0EEE77ABF
:10F8E0009FED6D7AF4EEC77AF1EE10FA04D5D7F8F1
:10F8F0002C31C7F8743115E0D7F82C31C7F87431C2
:10F90000D7F86C3140F2F312934201D10223BBE0ED
:10F91000D7F86C310133C7F86C31D7F86C31B3F5D7
:10F92000FA7F87DB97ED5D7AD7ED5A7A37EE277A43
:10F93000D7ED397A77EE677AC7ED277AD7ED3A7A3D
:10F94000F1EE677AC7ED287AD7ED3B7AF1EE677A68
:10F95000C7ED297AD7ED3C7AF1EE677AC7ED2A7ABE
:10F9600097ED5D7AD7ED5A7A37EE277AD7ED3D7A63
:10F9700077EE677AC7ED2B7AD7ED3E7AF1EE677AAC
:10F98000C7ED2C7AD7ED3F7AF1EE677AC7ED2D7A85
:10F99000D7ED407AF1EE677AC7ED2E7A97ED5D7A72
:10F9A000D7ED5A7A37EE277AD7ED417A77EE677A34
:10F9B000C7ED2F7A07F1180207F1480107F19C0300
:10F9C000184600F076FD0346002B01D0FF235BE0D4
:10F9D00007F5BC73A3F5B073D3ED007A07F5BC73DC
:10F9E000A3F5B07393ED017A07F5BC73A3F5B0737B
:10F9F000D3ED026A07F10803F0EE661AB0EE471A7B
:10FA0000F0EE670AB7EE000A184600F04EFE07F166
:10FA10000803184600F081FE07F5BC73A3F5BA731E
:10FA20001B6803F1AC0207F108031146184601F008
:10FA300020F907F5BC73A3F5BA731B6803F1AC0298
:10FA400007F5BC73A3F5B873D3ED007A07F5BC7363
:10FA5000A3F5B87393ED017A07F5BC73A3F5B873FA
:10FA6000D3ED026A07F5BC73A3F5B87393ED036A8F
:10FA7000F0EE461AB0EE661AF0EE470AB0EE670AEC
:10FA8000104600F012FE0023184607F5BC77BD466D
:10FA9000BDEC028B80BD00BF77CC2B3280B483B02D
:10FAA00000AF786039603B681A687B681A603B6811
:10FAB0005A687B685A603B689A687B689A6000BFA6
:10FAC0000C37BD465DF8047B704780B483B000AF4F
:10FAD00078607B684FF000021A607B684FF000028C
:10FAE0005A607B684FF000029A6000BF0C37BD4639
:10FAF0005DF8047B704780B485B000AFF860B960F2
:10FB00007A60FB6893ED007ABB68D3ED007A77EEFC
:10FB1000277A7B68C3ED007AFB6893ED017ABB68B6
:10FB2000D3ED017A77EE277A7B68C3ED017AFB6823
:10FB300093ED027ABB68D3ED027A77EE277A7B6881
:10FB4000C3ED027A00BF1437BD465DF8047B7047F1
:10FB500080B485B000AFF86087ED020A7960FB6879
:10FB600093ED007AD7ED027A67EE277A7B68C3EDD2
:10FB7000007AFB6893ED017AD7ED027A67EE277A77
:10FB80007B68C3ED017AFB6893ED027AD7ED027AC8
:10FB900067EE277A7B68C3ED027A00BF1437BD4653
:10FBA0005DF8047B704780B483B000AF7860396043
:10FBB0007B6893ED007A3B68D3ED007A27EE277AD5
:10FBC0007B68D3ED016A3B68D3ED017A66EEA77AD4
:10FBD00037EE277A7B68D3ED026A3B68D3ED027A71
:10FBE00066EEA77A77EE277AB0EE670A0C37BD4645
:10FBF0005DF8047B704780B485B000AFF860B960F1
:10FC00007A60FB6893ED017ABB68D3ED027A27EE48
:10FC1000277AFB68D3ED026ABB68D3ED017A66EE02
:10FC2000A77A77EE677A7B68C3ED007AFB6893ED7D
:10FC3000027ABB68D3ED007A27EE277AFB68D3ED12
:10FC4000006ABB68D3ED027A66EEA77A77EE677A30
:10FC50007B68C3ED017AFB6893ED007ABB68D3ED56
:10FC6000017A27EE277AFB68D3ED016ABB68D3EDF2
:10FC7000007A66EEA77A77EE677A7B68C3ED027A40
:10FC800000BF1437BD465DF8047B704780B582B075
:10FC900000AF786079687868FFF785FFF0EE407A0A
:10FCA000B0EE670A13F026FBF0EE407AB0EE670A7A
:10FCB0000837BD4680BD80B584B000AF78607868F5
:10FCC000FFF7E4FF87ED030A7B68D3ED006A97ED49
:10FCD000037AC6EE877A7B68C3ED007A7B68D3ED42
:10FCE000016A97ED037AC6EE877A7B68C3ED017AE5
:10FCF0007B68D3ED026A97ED037AC6EE877A7B685C
:10FD0000C3ED027A00BF1037BD4680BD80B483B01A
:10FD100000AF786039607B681A683B681A607B685E
:10FD20005A683B685A607B689A683B689A6000BF73
:10FD30000C37BD465DF8047B704780B485B000AFDA
:10FD400078600023FB6017E00023BB600EE0796859
:10FD5000FA6813465B001344BA6813449B000B44D3
:10FD60004FF000021A60BB680133BB60BB68022B16
:10FD7000EDDDFB680133FB60FB68022BE4DD00BFB7
:10FD800000BF1437BD465DF8047B704780B582B074
:10FD900000AF78607868FFF7D0FF7B684FF07E5245
:10FDA0001A607B684FF07E521A617B684FF07E527A
:10FDB0001A6200BF0837BD4680BD80B487B000AF6F
:10FDC000F860B9607A6000237B612EE000233B611C
:10FDD00025E0F9687A6913465B0013443A691344D5
:10FDE0009B000B4493ED007AB9687A6913465B0077
:10FDF00013443A6913449B000B44D3ED007A77EE29
:10FE0000277A79687A6913465B0013443A69134488
:10FE10009B000B44C3ED007A3B6901333B613B69B6
:10FE2000022BD6DD7B6901337B617B69022BCDDD43
:10FE300000BF00BF1C37BD465DF8047B704780B42F
:10FE400087B000AFF860B9607A6000237B612EE074
:10FE500000233B6125E0F9687A6913465B0013448F
:10FE60003A6913449B000B4493ED007AB9687A69B0
:10FE700013465B0013443A6913449B000B44D3EDD3
:10FE8000007A77EE677A79687A6913465B001344E3
:10FE90003A6913449B000B44C3ED007A3B6901337C
:10FEA0003B613B69022BD6DD7B6901337B617B695A
:10FEB000022BCDDD00BF00BF1C37BD465DF8047BC3
:10FEC000704780B487B000AFF86087ED020A7960B0
:10FED00000237B6125E000233B611CE0F9687A691F
:10FEE00013465B0013443A6913449B000B4493EDA3
:10FEF000007AD7ED027A67EE277A79687A69134635
:10FF00005B0013443A6913449B000B44C3ED007A31
:10FF10003B6901333B613B69022BDFDD7B690133C8
:10FF20007B617B69022BD6DD00BF00BF1C37BD465D
:10FF30005DF8047B7047B0B48FB000AF7860396073
:10FF400000237B6320E000233B6317E079683A6B72
:10FF500013465B0013447A6B13449B000B441968EF
:10FF60007A6B13465B0013443A6B13449B0038339F
:10FF70003B442C3B19603B6B01333B633B6B022BD7
:10FF8000E4DD7B6B01337B637B6B022BDBDD3B684A
:10FF90001D4607F10C040FCC0FC50FCC0FC523680D
:10FFA0002B6000BF3C37BD46B0BC704780B485B005
:10FFB00000AFF860B9607A60FB6893ED007ABB68C7
:10FFC000D3ED007A27EE277AFB68D3ED016ABB6890
:10FFD000D3ED017A66EEA77A37EE277AFB68D3ED88
:10FFE000026ABB68D3ED027A66EEA77A77EE277ACB
:10FFF0007B68C3ED007AFB6893ED037ABB68D3EDB1
:020000040801F1
:10000000007A27EE277AFB68D3ED046ABB68D3ED4C
:10001000017A66EEA77A37EE277AFB68D3ED056A98
:10002000BB68D3ED027A66EEA77A77EE277A7B6813
:10003000C3ED017AFB6893ED067ABB68D3ED007AD5
:1000400027EE277AFB68D3ED076ABB68D3ED017A08
:1000500066EEA77A37EE277AFB68D3ED086ABB68AD
:10006000D3ED027A66EEA77A77EE277A7B68C3ED46
:10007000027A00BF1437BD465DF8047B7047B0B408
:1000800091B000AFF860B9607A600023FB6353E081
:100090000023BB634AE0FA6B13465B001344BA6B60
:1000A00013449B0040333B44303B4FF000021A6046
:1000B00000237B6334E0FA6B13465B001344BA6B96
:1000C00013449B0040333B44303B93ED007AF96886
:1000D000FA6B13465B0013447A6B13449B000B448A
:1000E000D3ED006AB9687A6B13465B001344BA6BB0
:1000F00013449B000B44D3ED007A66EEA77A77EEAB
:10010000277AFA6B13465B001344BA6B13449B00C7
:1001100040333B44303BC3ED007A7B6B01337B6360
:100120007B6B022BC7DDBB6B0133BB63BB6B022B4D
:10013000B1DDFB6B0133FB63FB6B022BA8DD7B683E
:100140001D4607F110040FCC0FC50FCC0FC5236857
:100150002B6000BF4437BD46B0BC704780B483B04D
:1001600000AF78607B6893ED007A7B68D3ED047A0A
:1001700037EE277A7B68D3ED087A77EE277AB0EEF0
:10018000670A0C37BD465DF8047B704780B483B0C6
:1001900000AF78607B6893ED007A7B68D3ED046AEA
:1001A0007B68D3ED087A66EEA76A7B6893ED056AF3
:1001B0007B68D3ED077A66EE277A76EEE77A27EE4C
:1001C000277A7B68D3ED016A7B6893ED036A7B68CD
:1001D000D3ED087A26EE276A7B68D3ED055A7B6853
:1001E000D3ED067A65EEA77A76EE677A66EEA77AA1
:1001F00037EE677A7B68D3ED026A7B6893ED036A1A
:100200007B68D3ED077A26EE276A7B68D3ED045A24
:100210007B68D3ED067A65EEA77A76EE677A66EEAE
:10022000A77A77EE277AB0EE670A0C37BD465DF8FD
:10023000047B704780B483B000AF786039607B681E
:1002400093ED047A7B68D3ED087A27EE277A7B68F2
:10025000D3ED056A7B68D3ED077A66EEA77A77EE71
:10026000677A3B68C3ED007A7B68D3ED017AB1EE23
:10027000677A7B68D3ED087A27EE277A7B68D3ED1F
:10028000026A7B68D3ED077A66EEA77A77EE277A63
:100290003B68C3ED017A7B6893ED017A7B68D3ED0F
:1002A000057A27EE277A7B68D3ED026A7B68D3ED67
:1002B000047A66EEA77A77EE677A3B68C3ED027A36
:1002C0007B68D3ED037AB1EE677A7B68D3ED087A69
:1002D00027EE277A7B68D3ED056A7B68D3ED067A33
:1002E00066EEA77A77EE277A3B68C3ED037A7B68E0
:1002F00093ED007A7B68D3ED087A27EE277A7B6846
:10030000D3ED026A7B68D3ED067A66EEA77A77EEC4
:10031000677A3B68C3ED047A7B68D3ED007AB1EE6F
:10032000677A7B68D3ED057A27EE277A7B68D3ED71
:10033000026A7B68D3ED037A66EEA77A77EE277AB6
:100340003B68C3ED057A7B6893ED037A7B68D3ED58
:10035000077A27EE277A7B68D3ED046A7B68D3EDB2
:10036000067A66EEA77A77EE677A3B68C3ED067A7F
:100370007B68D3ED007AB1EE677A7B68D3ED077ABC
:1003800027EE277A7B68D3ED016A7B68D3ED067A86
:1003900066EEA77A77EE277A3B68C3ED077A7B682B
:1003A00093ED007A7B68D3ED047A27EE277A7B6899
:1003B000D3ED016A7B68D3ED037A66EEA77A77EE18
:1003C000677A3B68C3ED087A00BF0C37BD465DF81D
:1003D000047B704780B485B000AFF860B9607A6084
:1003E000FB6893ED007ABB68D3ED007A67EE277A5D
:1003F0007B68C3ED007AFB6893ED007ABB68D3EDB0
:10040000017A67EE277A7B68C3ED017AFB6893ED8A
:10041000007ABB68D3ED027A67EE277A7B68C3ED7A
:10042000027AFB6893ED017ABB68D3ED007A67EE40
:10043000277A7B68C3ED037AFB6893ED017ABB688A
:10044000D3ED017A67EE277A7B68C3ED047AFB6807
:1004500093ED017ABB68D3ED027A67EE277A7B6869
:10046000C3ED057AFB6893ED027ABB68D3ED007AA1
:1004700067EE277A7B68C3ED067AFB6893ED027A14
:10048000BB68D3ED017A67EE277A7B68C3ED077A04
:10049000FB6893ED027ABB68D3ED027A67EE277AA8
:1004A0007B68C3ED087A00BF1437BD465DF8047B56
:1004B000704780B592B000AFF860B9607A60F868B4
:1004C000FFF764FE87ED110A07F120031946F8686B
:1004D000FFF7B0FE07F1140207F12003B9681846D0
:1004E000FFF764FDD7ED056A97ED117AC6EE877ABE
:1004F0007B68C3ED007AD7ED066A97ED117AC6EEF8
:10050000877A7B68C3ED017AD7ED076A97ED117A98
:10051000C6EE877A7B68C3ED027A00231846483717
:10052000BD4680BD80B487B000AF78607B6893ED36
:10053000017A7B68D3ED037A77EE277AB6EE007AFC
:1005400067EE877AC7ED057A7B6893ED027A7B6860
:10055000D3ED067A77EE277AB6EE007A67EE877AE1
:10056000C7ED047A7B6893ED057A7B68D3ED077A53
:1005700077EE277AB6EE007A67EE877AC7ED037AD0
:100580007B687A695A607B687A69DA607B683A6965
:100590009A607B683A699A617B68FA685A617B68FD
:1005A000FA68DA6100BF1C37BD465DF8047B70470E
:1005B00080B483B000AF786039603B684FF00002D0
:1005C0001A607B68D3ED027AF1EE677A3B68C3ED7F
:1005D000017A7B685A683B689A607B689A683B68D6
:1005E000DA603B684FF000021A617B68D3ED007A55
:1005F000F1EE677A3B68C3ED057A7B68D3ED017A4B
:10060000F1EE677A3B68C3ED067A7B681A683B684F
:10061000DA613B684FF000021A6200BF0C37BD463A
:100620005DF8047B704780B58EB000AF78603960AC
:100630007868FFF7ABFD87ED0B0A07F10803194651
:100640007868FFF7F7FD00237B6326E000233B6318
:100650001DE07A6B13465B0013443A6B13449B0016
:1006600038333B44303BD3ED006A97ED0B7AC6EE4E
:10067000877A39687A6B13465B0013443A6B1344EC
:100680009B000B44C3ED007A3B6B01333B633B6B38
:10069000022BDEDD7B6B01337B637B6B022BD5DDB5
:1006A000002318463837BD4680BD80B487B000AF00
:1006B000786187ED040AC7ED030A87ED021AC7EDDA
:1006C000011A7B693A691A607B69FA685A607B692A
:1006D000BA689A607B697A68DA6000BF1C37BD46E9
:1006E0005DF8047B704780B483B000AF78607B68AE
:1006F0004FF000021A607B684FF000025A607B687E
:100700004FF000029A607B684FF00002DA6000BF91
:100710000C37BD465DF8047B704780B584B000AFF0
:1007200078607B6893ED007A7B68D3ED007A27EEE2
:10073000277A7B68D3ED016A7B68D3ED017A66EE98
:10074000A77A37EE277A7B68D3ED026A7B68D3ED10
:10075000027A66EEA77A37EE277A7B68D3ED036AD2
:100760007B68D3ED037A66EEA77A77EE277AB0EE50
:10077000670A12F0BFFD87ED030A7B68D3ED006ABC
:1007800097ED037AC6EE877A7B68C3ED007A7B68C3
:10079000D3ED016A97ED037AC6EE877A7B68C3EDE5
:1007A000017A7B68D3ED026A97ED037AC6EE877A09
:1007B0007B68C3ED027A7B68D3ED036A97ED037A19
:1007C000C6EE877A7B68C3ED037A00BF1037BD465B
:1007D00080BD90B488B000AFF860B9607A60FB6803
:1007E00093ED007ABB68D3ED007A27EE277AFB6899
:1007F000D3ED016ABB68D3ED017A66EEA77A37EED6
:10080000677AFB68D3ED026ABB68D3ED027A66EEC5
:10081000A77A37EE677AFB68D3ED036ABB68D3ED3E
:10082000037A66EEA77A77EE677AC7ED047AFB68FB
:1008300093ED007ABB68D3ED017A27EE277AFB6847
:10084000D3ED016ABB68D3ED007A66EEA77A37EE86
:10085000277AFB68D3ED026ABB68D3ED037A66EEB4
:10086000A77A37EE277AFB68D3ED036ABB68D3ED2E
:10087000027A66EEA77A77EE677AC7ED057AFB68AB
:1008800093ED007ABB68D3ED027A27EE277AFB68F6
:10089000D3ED016ABB68D3ED037A66EEA77A37EE33
:1008A000677AFB68D3ED026ABB68D3ED007A66EE27
:1008B000A77A37EE277AFB68D3ED036ABB68D3EDDE
:1008C000017A66EEA77A77EE277AC7ED067AFB689B
:1008D00093ED007ABB68D3ED037A27EE277AFB68A5
:1008E000D3ED016ABB68D3ED027A66EEA77A37EEE4
:1008F000277AFB68D3ED026ABB68D3ED017A66EE16
:10090000A77A37EE677AFB68D3ED036ABB68D3ED4D
:10091000007A66EEA77A77EE277AC7ED077A7B68CA
:100920001C4607F110030FCB84E80F0000BF2037EF
:10093000BD4690BC704780B485B000AFF860B96028
:100940007A60FB6893ED017ABB68D3ED007A27EEFD
:10095000277AFB68D3ED026ABB68D3ED017A66EEB5
:10096000A77A37EE277AFB68D3ED036ABB68D3ED2D
:10097000027A66EEA77A77EE277ABEEE007A67EE05
:10098000877A7B68C3ED007AFB6893ED007ABB68D9
:10099000D3ED007A27EE277AFB68D3ED036ABB68B4
:1009A000D3ED017A66EEA77A37EE277AFB68D3EDAE
:1009B000026ABB68D3ED027A66EEA77A77EE677AB1
:1009C000B6EE007A67EE877A7B68C3ED017AFB6842
:1009D000D3ED037AB1EE677ABB68D3ED007A27EEE8
:1009E000277AFB68D3ED006ABB68D3ED017A66EE27
:1009F000A77A37EE277AFB68D3ED016ABB68D3ED9F
:100A0000027A66EEA77A77EE277AB6EE007A67EE7C
:100A1000877A7B68C3ED027AFB6893ED027ABB6844
:100A2000D3ED007A27EE277AFB68D3ED016ABB6825
:100A3000D3ED017A66EEA77A37EE677AFB68D3EDDD
:100A4000006ABB68D3ED027A66EEA77A77EE277A62
:100A5000B6EE007A67EE877A7B68C3ED037A00BF53
:100A60001437BD465DF8047B704780B588B000AF91
:100A7000786039607B6893ED007A7B68D3ED007A0B
:100A800027EE277A7B68D3ED016A7B68D3ED017A84
:100A900066EEA77A37EE277A7B68D3ED026A7B6829
:100AA000D3ED027A66EEA77A37EE277A7B68D3ED2C
:100AB000036A7B68D3ED037A66EEA77A77EE277A2E
:100AC000B0EE670A12F016FC87ED070A7B68D3EDDB
:100AD000006A97ED077AC6EE877AC7ED067A7B68DB
:100AE000D3ED016A97ED077AC6EE877AC7ED057AEE
:100AF0007B68D3ED026A97ED077AC6EE877AC7ED79
:100B0000047A7B68D3ED036A97ED077AC6EE877A9D
:100B1000C7ED037AD7ED047A27EEA77AD7ED037AEB
:100B200067EEA77A77EE277A77EEA77AB7EE007AA4
:100B300077EE677A3B68C3ED007A97ED057AD7EDDB
:100B4000047A27EE277AD7ED066AD7ED037A66EEA8
:100B5000A77A77EE677A77EEA77A3B68C3ED017ADA
:100B600097ED057AD7ED037A27EE277AD7ED066A57
:100B7000D7ED047A66EEA77A77EE277A77EEA77A32
:100B80003B68C3ED027A97ED057AD7ED047A27EE3C
:100B9000277AD7ED066AD7ED037A66EEA77A77EE65
:100BA000277A77EEA77A3B68C3ED037AD7ED057A0B
:100BB00027EEA77AD7ED037A67EEA77A77EE277A42
:100BC00077EEA77AB7EE007A77EE677A3B68C3EDE7
:100BD000047A97ED047AD7ED037A27EE277AD7EDDA
:100BE000066AD7ED057A66EEA77A77EE677A77EE32
:100BF000A77A3B68C3ED057A97ED057AD7ED037ABE
:100C000027EE277AD7ED066AD7ED047A66EEA77A43
:100C100077EE677A77EEA77A3B68C3ED067A97EDB1
:100C2000047AD7ED037A27EE277AD7ED066AD7ED57
:100C3000057A66EEA77A77EE277A77EEA77A3B6891
:100C4000C3ED077AD7ED057A27EEA77AD7ED047AB8
:100C500067EEA77A77EE277A77EEA77AB7EE007A73
:100C600077EE677A3B68C3ED087A00BF2037BD4650
:100C700080BD80B485B000AF786039607B6893ED4B
:100C8000007A3B68D3ED007A27EE277A7B68D3EDB4
:100C9000016A3B68D3ED017A66EEA77A37EE277AD0
:100CA0007B68D3ED026A3B68D3ED027A66EEA77AE1
:100CB00037EE277A7B68D3ED036A3B68D3ED037A7E
:100CC00066EEA77A77EE277AC7ED037AD7ED037A37
:100CD000F5EE407AF1EE10FA29D17B68D3ED007A77
:100CE000F5EEC07AF1EE10FA00D447E07B68D3ED60
:100CF000007AF1EE677A7B68C3ED007A7B68D3ED0A
:100D0000017AF1EE677A7B68C3ED017A7B68D3EDF7
:100D1000027AF1EE677A7B68C3ED027A7B68D3EDE5
:100D2000037AF1EE677A7B68C3ED037A26E0D7EDAC
:100D3000037AF5EEC07AF1EE10FA1FD57B68D3ED99
:100D4000007AF1EE677A7B68C3ED007A7B68D3EDB9
:100D5000017AF1EE677A7B68C3ED017A7B68D3EDA7
:100D6000027AF1EE677A7B68C3ED027A7B68D3ED95
:100D7000037AF1EE677A7B68C3ED037A1437BD46D8
:100D80005DF8047B704780B590B000AF7860396043
:100D90007B681B68FB627B685B68BB627B689B68E7
:100DA0007B627B68DB683B627B681B69FB617B68FD
:100DB0005B69BB617B689B697B617B68DB693B61CD
:100DC0007B681B6AFB60D7ED0B7AB7EE007A37EED3
:100DD000877AD7ED077A77EE277A97ED037A77EE61
:100DE000277AC7ED0F7AD7ED0B7AB7EE007A37EE98
:100DF000877AD7ED077A37EE677AD7ED037A77EE01
:100E0000677AC7ED0E7AB7EE007AD7ED0B7A37EE38
:100E1000677AD7ED077A37EE277AD7ED037A77EE40
:100E2000677AC7ED0D7AB7EE007AD7ED0B7A37EE19
:100E3000677AD7ED077A77EE677A97ED037A77EEE0
:100E4000277AC7ED0C7AD7ED0F7AF5EEC07AF1EE7E
:100E500010FA02D54FF00003FB63D7ED0E7AF5EEE2
:100E6000C07AF1EE10FA02D54FF00003BB63D7ED64
:100E70000D7AF5EEC07AF1EE10FA02D54FF00003CC
:100E80007B63D7ED0C7AF5EEC07AF1EE10FA02D55D
:100E90004FF000033B6397ED0F0A12F02BFAF0EED0
:100EA000407AB6EE007A67EE877A3B68C3ED007A47
:100EB00097ED0E0A12F01EFAF0EE407AB6EE007AC6
:100EC00067EE877A3B68C3ED017A97ED047AD7ED38
:100ED000067A77EE677AF5EEC07AF1EE10FA07D56A
:100EE0003B68D3ED017AF1EE677A3B68C3ED017A96
:100EF00097ED0D0A12F0FEF9F0EE407AB6EE007AA8
:100F000067EE877A3B68C3ED027A97ED097AD7EDF1
:100F1000057A77EE677AF5EEC07AF1EE10FA07D52A
:100F20003B68D3ED027AF1EE677A3B68C3ED027A53
:100F300097ED0C0A12F0DEF9F0EE407AB6EE007A88
:100F400067EE877A3B68C3ED037A97ED087AD7EDB1
:100F50000A7A77EE677AF5EEC07AF1EE10FA07D5E5
:100F60003B68D3ED037AF1EE677A3B68C3ED037A11
:100F70003868FFF7D2FB00BF4037BD4680BD80B464
:100F800083B000AF786039607B681A683B681A608C
:100F90007B685A683B685A607B689A683B689A60CD
:100FA0007B68DA683B68DA6000BF0C37BD465DF8E5
:100FB000047B7047000000002DE9B04388B000AF0B
:100FC000F860B9607A603B60BB68022B05DCFB68A7
:100FD000013BFB60BB680C33BB60F868EFF7B2FA0B
:100FE0004FF000027C4BEFF741FC02460B4643EC0E
:100FF000172BB0EE470AF0EE670A12F01DFB53EC18
:10100000102B10461946EFF7FFFD0346FB61B0EECB
:10101000007AD7ED077A77EE677A17EE900AEFF746
:10102000A3FA04460D46F869EFF79EFA4FF0000266
:101030006A4BEFF71BFC02460B4643EC172BB0EE56
:10104000470AF0EE670A12F0F7FA53EC102B20462D
:101050002946EFF72BF902460B4610461946EFF7E3
:10106000D3FD0346BB61FB6803F593530C3318466D
:10107000EFF768FA50A3D3E90023EFF7CDFA024661
:101080000B4643EC172BB0EE470AF0EE670A12F05E
:10109000D3FA55EC104BBB6801331846EFF752FA00
:1010A00047A3D3E90023EFF7B7FA02460B4643EC18
:1010B000172BB0EE470AF0EE670A12F0BDFA53ECB8
:1010C000102B20462946EFF7F1F802460B4614464E
:1010D0001D467868EFF736FA02460B462046294649
:1010E000EFF7E4F802460B4614461D46B869EFF7E1
:1010F0003BFA02460B4620462946EFF7D7F8024650
:101100000B461046194630A3D3E90023EFF7CCF87D
:1011100002460B4610461946EFF776FD03467B6103
:101120007869EFF721FA04460D463868EFF70AFAB6
:1011300080468946B86BEFF705FA4FF00002284B5E
:10114000EFF794FB02460B4640464946EFF7AEF8F0
:1011500002460B4690469946F86BEFF7F3F91CA34D
:10116000D3E90023EFF782FB02460B46404649468F
:10117000EFF79CF802460B46104619464FF0000266
:10118000184BEFF773FB02460B4620462946EFF754
:101190008DF802460B4610461946EFF735FD03461B
:1011A0007B617B6907EE903AB0EE670A2037BD4657
:1011B000BDE8B083AFF300800000000000D47640AB
:1011C00061545227A0993E400000000000D2974091
:1011D000000000000020AC4000005940000010401A
:1011E00000004E4000003840B0B52DED028BA4B099
:1011F00000AF87ED010A7868EFF7B6F90FF2944374
:10120000D3E90023EFF750F802460B461046194683
:101210000FF28843D3E90023EFF728FB02460B4681
:1012200010461946EFF7F0FC0346C7F88030D7F8B0
:101230008000EFF799F90FF26C43D3E90023EFF741
:10124000EBF902460B46104619460FF26043D3E90C
:101250000023EFF72BF802460B4643EC172B4FF415
:10126000B470B0EE470AF0EE670A00F0FFFC53ECF2
:10127000102B10461946EFF7C7FC0346FB67D7F85B
:101280008000EFF771F90FF22C43D3E90023EFF759
:10129000C3F902460B46104619460FF22043D3E924
:1012A0000023EFF703F802460B4643EC172B4FF4ED
:1012B000B470B0EE470AF0EE670A00F0D7FC53ECCA
:1012C000102B10461946EFF79FFC0346BB67F86FDB
:1012D000EFF74AF904460D46B86FEFF745F9DEA37C
:1012E000D3E90023EFF798F902460B46104619465A
:1012F0004FF00002E64BEFF7B9FA02460B4643EC1B
:10130000172BB0EE470AF0EE670A11F051FF51ECCF
:10131000100BCFA3D3E90023EFF77EF902460B466B
:1013200020462946EEF7C2FF02460B4614461D46EC
:10133000D7ED1E7A77EEA77A17EE900AEFF714F939
:10134000C5A3D3E90023EFF767F902460B46104621
:1013500019464FF00002CE4BEFF788FA02460B46D3
:1013600043EC172BB0EE470AF0EE670A11F020FFAE
:1013700051EC100BBAA3D3E90023EFF74DF9024665
:101380000B4620462946EEF791FF02460B4643ECFA
:10139000172B4FF4B470B0EE470AF0EE670A00F076
:1013A00065FC53EC102B10461946EFF72DFC034655
:1013B0007B67D7F88000EFF7D7F8ABA3D3E900231A
:1013C000EFF72AF902460B46A9A1D1E90001EEF791
:1013D0006BFF02460B4610461946EFF715FC034615
:1013E0003B67B86FEFF7C0F89BA3D3E90023EFF793
:1013F00013F902460B46104619464FF00002A44B63
:10140000EFF734FA02460B4643EC172BB0EE470ACF
:10141000F0EE670A11F078FE51EC100B96A3D3E9B9
:101420000023EFF7F9F802460B4695A1D1E9000138
:10143000EEF73AFF02460B4614461D46D7ED1E7ADC
:1014400077EEA77A17EE900AEFF78EF882A3D3E92A
:101450000023EFF7E1F802460B46104619464FF01D
:1014600000028B4BEFF702FA02460B4643EC172BB8
:10147000B0EE470AF0EE670A11F046FE51EC100B91
:1014800081A3D3E90023EFF7C7F802460B462046B5
:101490002946EEF709FF02460B4610461946EFF7BC
:1014A000B3FB0346FB66F86EEFF75EF804460D46A5
:1014B000786FEFF759F868A3D3E90023EFF7ACF89A
:1014C00002460B46104619464FF00002704BEFF7EC
:1014D000CDF902460B4643EC172BB0EE470AF0EE6F
:1014E000670A11F011FE53EC102B20462946EFF746
:1014F00093F802460B4610461946EFF785FB034664
:101500007B64F86EEFF730F804460D46386FEFF75E
:101510002BF851A3D3E90023EFF77EF802460B46E0
:10152000104619464FF00002594BEFF79FF902465B
:101530000B4643EC172BB0EE470AF0EE670A11F0AA
:10154000E3FD53EC102B20462946EFF765F80246E1
:101550000B4614461D46786FEFF706F83EA3D3E915
:101560000023EFF759F802460B46104619464FF094
:101570000002474BEFF77AF902460B4643EC172B74
:10158000B0EE470AF0EE670A11F012FE53EC102B92
:1015900020462946EFF740F802460B46104619460A
:1015A000EFF732FB0346BB64F86EEEF7DDFF04464F
:1015B0000D46386FEEF7D8FF27A3D3E90023EFF7E6
:1015C0002BF802460B46104619464FF00002304BEE
:1015D000EFF74CF902460B4643EC172BB0EE470AE7
:1015E000F0EE670A11F0E4FD53EC102B204629467B
:1015F000EFF712F802460B4614461D46786FEEF7D9
:10160000B3FF15A3D3E90023EFF706F802460B4614
:10161000104619464FF000021D4BEFF727F902461E
:101620000B4643EC172BB0EE470AF0EE670A11F0B9
:10163000BFFD53EC102B20462946EEF7EDFF024686
:101640000B4610461946EFF7DFFA0346FB643BE012
:101650006F153B4F79A2FE3F182D4454FB210940E2
:1016600086EB1EC77979943FB465AF2DF2A18A3F0E
:10167000596DFE5F7570374015394E4E101C913F05
:1016800014103F719300F03FA5203861D44B223FE6
:1016900000806640000000802CB442410000000041
:1016A000A0D5E140273108AC1894E1408FC2F5285D
:1016B0005C877140B6A1629CE193E1403460353BA8
:1016C00077587640EBAA0E4D0023C7F88C3018E00F
:1016D000D7F88C309B0090333B444C3BD3ED007AE1
:1016E0001FED087A67EE877AD7F88C309B0090332D
:1016F0003B44583BC3ED007AD7F88C300133C7F830
:101700008C30D7F88C30022BE2DDD7F88000EEF772
:101710002BFF0FF20853D3E90023EEF77DFF0246BB
:101720000B4614461D46022097ED200A00F0BAFA37
:1017300051EC100B0FF2EC43D3E90023EEF76CFFF2
:1017400002460B4620462946EEF7B0FD02460B4600
:1017500014461D46032097ED200A00F0A3FA51EC31
:10176000100B0FF2C843D3E90023EEF755FF0246F2
:101770000B4620462946EEF799FD02460B461046D9
:101780001946EFF741FA0346BB66D7F88000EEF73B
:10179000EBFE0FF2A043D3E90023EEF73DFF024634
:1017A0000B4614461D46022097ED200A00F07AFAF7
:1017B00051EC100B0FF28443D3E90023EEF72CFF1A
:1017C00002460B4620462946EEF76EFD02460B46C2
:1017D00014461D46032097ED200A00F063FA51ECF1
:1017E000100B0FF26043D3E90023EEF715FF02461A
:1017F0000B4620462946EEF757FD02460B4610469B
:101800001946EFF701FA03467B66D7F88000EEF73A
:10181000ABFE0FF20843D3E90023EEF7FDFE0246CC
:101820000B4614461D46022097ED200A00F03AFAB6
:1018300051EC100B0FF21443D3E90023EEF7ECFE4A
:1018400002460B4620462946EEF730FD02460B467F
:1018500014461D46032097ED200A00F023FA51ECB0
:10186000100BFCA3D3E90023EEF7D6FE02460B468D
:1018700020462946EEF71AFD02460B461046194649
:10188000EFF7C2F903463B66B86EEEF76DFEF3A3C1
:10189000D3E90023EEF7C0FE02460B461046194678
:1018A000F0A3D3E90023EEF7E1FF02460B46104612
:1018B0001946EFF7A9F90346FB65786EEEF754FE7B
:1018C000E6A3D3E90023EEF7A7FE02460B46104637
:1018D0001946E4A3D3E90023EEF7C8FF02460B46FE
:1018E00010461946EFF790F90346BB65386EEEF7E0
:1018F0003BFEDAA3D3E90023EEF78EFE02460B4649
:1019000010461946D7A3D3E90023EEF7AFFF0246EE
:101910000B4610461946EFF777F903467B6597EDBE
:10192000160AF8F7C1FEB0EE408A97ED150AF8F7EF
:10193000BBFEF0EE407A28EE278A97ED170AF8F7FB
:10194000B3FEF0EE407A28EE278A97ED150AF8F7F5
:10195000CFFEF0EE408A97ED170AF8F7C9FEF0EED9
:10196000407A68EEA77A78EE677AC7ED057A97ED48
:10197000150AF8F7BDFEB0EE408A97ED160AF8F7A3
:1019800093FEF0EE407A28EE278A97ED170AF8F7D3
:101990008BFEF0EE407A28EE278A97ED170AF8F7CB
:1019A000A7FEF0EE408A97ED150AF8F77DFEF0EEFF
:1019B000407A68EEA77A78EE277AC7ED067A97ED37
:1019C000160AF8F795FEB0EE408A97ED170AF8F779
:1019D0006BFEF0EE407A68EE277AC7ED077A97ED56
:1019E000170AF8F785FEF0EE407AB1EE678A97EDB8
:1019F000160AF8F759FEF0EE407A28EE278A97ED9E
:101A0000150AF8F751FEF0EE407A28EE278A97ED96
:101A1000150AF8F76DFEF0EE408A97ED170AF8F711
:101A200043FEF0EE407A68EEA77A78EE677AC7ED6B
:101A3000087A97ED150AF8F75BFEF0EE407AB1EE02
:101A4000678A97ED170AF8F753FEF0EE407A28EE12
:101A5000278A97ED160AF8F727FEF0EE407A28EE6F
:101A6000278A97ED150AF8F71FFEF0EE408A97EDEA
:101A7000170AF8F719FEF0EE407A68EEA77A78EECA
:101A8000277AC7ED097A97ED160AF8F731FEF0EEDE
:101A9000407AB1EE678A97ED170AF8F729FEF0EE63
:101AA000407A68EE277AC7ED0A7A97ED160AF8F7BA
:101AB0001FFEF0EE407AB1EE678A97ED150AF8F74F
:101AC000F3FDF0EE407A68EE277AC7ED0B7A97EDDA
:101AD000160AF8F70DFEF0EE407AB1EE678A97ED40
:101AE000150AF8F705FEF0EE407A68EE277AC7EDA2
:101AF0000C7A97ED160AF8F7D7FDF0EE407AC7EDAD
:101B00000D7A0023C7F8883044E0D7F888309B006E
:101B100090333B44883B4FF000021A600023C7F823
:101B200084302EE0D7F888309B0090333B44883BCC
:101B300093ED007AD7F8882013465B001344D7F85A
:101B4000842013449B0090333B447C3BD3ED006ADC
:101B5000D7F884309B0090333B44583BD3ED007A58
:101B600066EEA77A77EE277AD7F888309B00903315
:101B70003B44883BC3ED007AD7F884300133C7F883
:101B80008430D7F88430022BCCDDD7F8883001338D
:101B9000C7F88830D7F88830022BB6DD97ED027A87
:101BA000D7ED027A27EE277AD7ED036AD7ED037ACD
:101BB00066EEA77A37EE277AD7ED046AD7ED047A76
:101BC00066EEA77A77EE277AB0EE670AF8F7A0FDFF
:101BD00087ED140AD7ED026A97ED147AC6EE877A7C
:101BE0000D4BC3ED007AD7ED036A97ED147AC6EE7C
:101BF000877A094BC3ED017AD7ED046A97ED147A21
:101C0000C6EE877A044BC3ED027A00BF9037BD461B
:101C1000BDEC028BB0BD00BF142A0020849ECDAA6B
:101C20006F04A2403541D47D0052D33F8CD99255E8
:101C3000116E923F4ED1915C3E519F4058A835CDD8
:101C40003B4EDB3FBF81C98D226BA53F4F5DF92C19
:101C5000CF83F13F49A0C1A6CEA3923F182D445493
:101C6000FB2109400000000080C6234180B584B0FC
:101C700000AF87ED020B78607868EEF763FC0246F0
:101C80000B4643EC112B97ED020B11F073F9B0EEFC
:101C9000407AF0EE607AB0EE470AF0EE670A10374D
:101CA000BD4680BDB0B582B000AF87ED010A386097
:101CB0007868EEF759FC04460D463868EEF742FCAA
:101CC00002460B4643EC112B45EC104B11F080F90A
:101CD000B0EE407AF0EE607AB0EE470AF0EE670AB6
:101CE0000837BD46B0BD000080B584B000AF87EDB9
:101CF000010AD7ED017AF5EEC07AF1EE10FA19DBA0
:101D0000D7ED017A9FED367AF4EEC77AF1EE10FA4C
:101D100010D87868EEF728FC2FA3D3E90023EEF75C
:101D20007BFC02460B4610461946EEF76DFF034654
:101D3000FB6049E0D7ED017AF5EEC07AF1EE10FADA
:101D400020D507E0D7ED017A9FED257A77EE877AE7
:101D5000C7ED017AD7ED017AF5EEC07AF1EE10FA0F
:101D6000F0D47868EEF700FC1BA3D3E90023EEF76C
:101D700053FC02460B4610461946EEF745FF034654
:101D8000FB6021E007E0D7ED017A9FED157A77EE51
:101D9000C77AC7ED017AD7ED017A9FED117AF4EE9B
:101DA000C77AF1EE10FAEEDC7868EEF7DDFB0AA3F5
:101DB000D3E90023EEF730FC02460B4610461946E5
:101DC000EEF722FF0346FB60FB6807EE903AB0EEA9
:101DD000670A1037BD4680BD399D52A246DF913F4C
:101DE0000000B44380B500AF0E4B1B680D4A43F4AE
:101DF000007313600B4B1B680A4A43F48063136043
:101E0000084B1B68074A43F480731360032000F0FB
:101E1000F0F80F20F0F712FEF0F78AF900231846C9
:101E200080BD00BF003C024080B400AF064B1B7871
:101E30001A46064B1B681344044A136000BFBD4694
:101E40005DF8047B704700BF98020020202A002024
:101E500080B485B000AF78607B6803F00703FB6057
:101E60000C4BDB68BB60BA684FF6FF031340BB60E6
:101E7000FB681A02BB68134343F0BF6343F40033AB
:101E8000BB60044ABB68D36000BF1437BD465DF831
:101E9000047B704700ED00E080B400AF044BDB68CA
:101EA0001B0A03F007031846BD465DF8047B704724
:101EB00000ED00E080B483B000AF0346FB7197F9FA
:101EC0000730002B0BDBFB7903F01F02074997F962
:101ED00007305B09012000FA02F241F8232000BF1D
:101EE0000C37BD465DF8047B704700BF00E100E0A1
:101EF00080B483B000AF0346FB7197F90730002B25
:101F000012DBFB7903F01F020A4997F907305B09DE
:101F1000012000FA02F2203341F82320BFF34F8F53
:101F200000BFBFF36F8F00BF00BF0C37BD465DF829
:101F3000047B704700E100E080B483B000AF03464B
:101F40003960FB7197F90730002B0ADB3B68DAB286
:101F50000C4997F907301201D2B20B4483F80023E1
:101F60000AE03B68DAB20849FB7903F00F03043B4F
:101F70001201D2B20B441A7600BF0C37BD465DF891
:101F8000047B704700E100E000ED00E080B489B020
:101F900000AFF860B9607A60FB6803F00703FB618B
:101FA000FB69C3F10703042B28BF0423BB61FB6952
:101FB0000433062B02D9FB69033B00E000237B615D
:101FC0004FF0FF32BB6902FA03F3DA43BB681A40F1
:101FD0007B699A404FF0FF317B6901FA03F3D943E3
:101FE0007B680B40134318462437BD465DF8047BDD
:101FF000704780B582B000AF78607868FFF728FF3F
:1020000000BF0837BD4680BD80B586B000AF03462F
:10201000B9607A60FB7300237B61FFF73DFF786155
:102020007A68B9687869FFF7B1FF024697F90F300F
:1020300011461846FFF780FF00BF1837BD4680BD28
:1020400080B582B000AF0346FB7197F907301846A0
:10205000FFF730FF00BF0837BD4680BD80B582B0B6
:1020600000AF0346FB7197F907301846FFF740FFB2
:1020700000BF0837BD4680BD80B582B000AF786034
:102080007B68002B01D101230EE07B685B79DBB21A
:10209000002B05D17B6800221A717868F0F770F880
:1020A0007B6801225A71002318460837BD4680BD5F
:1020B00080B487B000AFF860B9607A6000233B61FC
:1020C000FB6802225A71FB681B689A68FB681B68F0
:1020D00042F001029A6000237B610AE07B699B0069
:1020E000BA681A44FB681B6812681A607B6901337E
:1020F0007B617A697B689A42F0D3FB681B681B6836
:102100003B61FB6801225A713B6918461C37BD468A
:102110005DF8047B7047000080B586B000AF786042
:1021200000237B61EFF7CCFD38617B68002B01D188
:10213000012399E07B68022283F835207B68002226
:1021400083F834207B681B681A687B681B6822F060
:1021500001021A600FE0EFF7B3FD02463B69D31AA4
:10216000052B08D97B6820225A657B68032283F8F7
:102170003520032378E07B681B681B6803F00103AC
:10218000002BE8D17B681B681B687B617A69384B40
:1021900013407B617B685A687B689B681A437B6845
:1021A000DB681A437B681B691A437B685B691A43C7
:1021B0007B689B691A437B68DB691A437B681B6AEF
:1021C00013437A6913437B617B685B6A042B07D1F5
:1021D0007B68DA6A7B681B6B13437A6913437B6104
:1021E0007B681B687A691A607B681B685B697B6126
:1021F0007B6923F007037B617B685B6A7A69134321
:102200007B617B685B6A042B17D17B689B6A7A6968
:1022100013437B617B68DB6A002B0ED0786800F08B
:102220005FFB0346002B08D07B6840225A657B6821
:10223000012283F83520012316E07B681B687A6948
:102240005A61786800F016FB0346FB607B68DB6D23
:102250003F229A40FB689A607B6800225A657B683F
:10226000012283F83520002318461837BD4680BD6B
:102270003F8010F080B584B000AF78607B68002BA1
:1022800001D1012350E07B6893F83530DBB2022B9B
:1022900001D1022348E07B681B681A687B681B68D1
:1022A00022F001021A607B681B6800221A607B68BA
:1022B0001B6800225A607B681B6800229A607B685A
:1022C0001B680022DA607B681B6800221A617B6849
:1022D0001B6821225A61786800F0CCFA0346FB6043
:1022E0007B680022DA637B6800221A647B68002224
:1022F0005A647B6800229A647B680022DA647B68F7
:1023000000221A657B68DB6D3F229A40FB689A6069
:102310007B6800225A657B68002283F835207B6841
:10232000002283F83420002318461037BD4680BDB4
:1023300080B586B000AFF860B9607A603B6000237A
:10234000FB75FB689B6D3B61FB6893F83430012B98
:1023500001D1022340E0FB68012283F83420FB68AE
:1023600093F83530DBB2012B2FD1FB68022283F8C2
:102370003520FB6800225A653B687A68B968F868BE
:1023800000F04AFAFB68DB6D3F229A403B699A6095
:10239000FB681B681A68FB681B6842F016021A602B
:1023A000FB681B6C002B07D0FB681B681A68FB6876
:1023B0001B6842F008021A60FB681B681A68FB6819
:1023C0001B6842F001021A6005E0FB68002283F8F6
:1023D00034200223FB75FB7D18461837BD4680BDAF
:1023E00080B584B000AF78607B689B6DFB60EFF7D1
:1023F00067FCB8607B6893F83530DBB2022B08D0FD
:102400007B6880225A657B68002283F83420012390
:1024100052E07B681B681A687B681B6822F0160212
:102420001A607B681B685A697B681B6822F080020F
:102430005A617B681B6C002B03D17B689B6C002B63
:1024400007D07B681B681A687B681B6822F008024B
:102450001A607B681B681A687B681B6822F001029F
:102460001A6013E0EFF72CFC0246BB68D31A052B69
:102470000CD97B6820225A657B68032283F83520BB
:102480007B68002283F83420032315E07B681B68F7
:102490001B6803F00103002BE4D17B68DB6D3F2256
:1024A0009A40FB689A607B68012283F835207B683C
:1024B000002283F83420002318461037BD4680BD23
:1024C00080B483B000AF78607B6893F83530DBB2BE
:1024D000022B04D07B6880225A6501230CE07B68C4
:1024E000052283F835207B681B681A687B681B68A7
:1024F00022F001021A60002318460C37BD465DF831
:10250000047B704780B586B000AF78600023BB6065
:102510008E4B1B688E4AA2FB03239B0A7B617B6860
:102520009B6D3B613B691B68FB607B68DB6D082230
:102530009A40FB681340002B1AD07B681B681B680D
:1025400003F00403002B13D07B681B681A687B68B8
:102550001B6822F004021A607B68DB6D08229A4037
:102560003B699A607B685B6D43F001027B685A654A
:102570007B68DB6D01229A40FB681340002B12D070
:102580007B681B685B6903F08003002B0BD07B68C2
:10259000DB6D01229A403B699A607B685B6D43F07A
:1025A00002027B685A657B68DB6D04229A40FB68F7
:1025B0001340002B12D07B681B681B6803F00203DA
:1025C000002B0BD07B68DB6D04229A403B699A603C
:1025D0007B685B6D43F004027B685A657B68DB6D4A
:1025E00010229A40FB681340002B43D07B681B6885
:1025F0001B6803F00803002B3CD07B68DB6D1022C6
:102600009A403B699A607B681B681B6803F48023CF
:10261000002B18D07B681B681B6803F40023002B79
:1026200008D17B681B6C002B24D07B681B6C7868FE
:1026300098471FE07B689B6C002B1BD07B689B6CD2
:102640007868984716E07B681B681B6803F4807302
:10265000002B07D17B681B681A687B681B6822F017
:1026600008021A607B681B6C002B03D07B681B6C14
:10267000786898477B68DB6D20229A40FB6813409E
:10268000002B00F08F807B681B681B6803F0100331
:10269000002B00F087807B68DB6D20229A403B692D
:1026A0009A607B6893F83530DBB2052B36D17B68B6
:1026B0001B681A687B681B6822F016021A607B6828
:1026C0001B685A697B681B6822F080025A617B682C
:1026D0001B6C002B03D17B689B6C002B07D07B68A5
:1026E0001B681A687B681B6822F008021A607B6806
:1026F000DB6D3F229A403B699A607B68012283F838
:1027000035207B68002283F834207B681B6D002B0A
:102710007ED07B681B6D7868984779E07B681B6882
:102720001B6803F48023002B1DD07B681B681B688B
:1027300003F40023002B0DD17B685B6C002B31D0A0
:102740007B685B6C786898472CE000BF38020020FB
:10275000B5814E1B7B68DB6B002B23D07B68DB6B6A
:10276000786898471EE07B681B681B6803F48073D9
:10277000002B0FD17B681B681A687B681B6822F0EE
:1027800010021A607B68012283F835207B680022E2
:1027900083F834207B68DB6B002B03D07B68DB6B1A
:1027A000786898477B685B6D002B32D07B685B6DE7
:1027B00003F00103002B22D07B68052283F835202B
:1027C0007B681B681A687B681B6822F001021A602C
:1027D000BB680133BB607A699A4207D37B681B6888
:1027E0001B6803F00103002BF2D100E000BF7B68FF
:1027F000012283F835207B68002283F834207B682F
:10280000DB6C002B05D07B68DB6C7868984700E0B8
:1028100000BF1837BD4680BD80B485B000AFF860FA
:10282000B9607A603B60FB681B681A68FB681B68CC
:1028300022F480221A60FB681B683A685A60FB68C1
:102840009B68402B08D1FB681B687A689A60FB681C
:102850001B68BA68DA6007E0FB681B68BA689A60B0
:10286000FB681B687A68DA6000BF1437BD465DF804
:10287000047B704780B485B000AF78607B681B68CC
:10288000DBB2103B144AA2FB03231B09FB60134A73
:10289000FB6813441B781A467B68DA65FB68032BD8
:1028A00009D97B681B6823F47F7323F003031A1D87
:1028B0007B689A6507E07B681B6823F47F7323F0CD
:1028C00003037A6893657B689B6D18461437BD4691
:1028D0005DF8047B704700BFABAAAAAAB0B7020894
:1028E00080B485B000AF78600023FB737B689B6A7F
:1028F000BB607B689B69002B1FD1BB68032B56D83C
:1029000001A252F823F000BF192901082B29010860
:1029100019290108AF2901087B68DB6A03F080737D
:10292000002B46D00123FB7343E07B68DB6AB3F1E5
:10293000C07F40D10123FB733DE07B689B69B3F509
:10294000005F21D1BB68032B37D801A252F823F0D6
:10295000612901086729010861290108792901080D
:102960000123FB7330E07B68DB6A03F08073002B8C
:1029700025D00123FB7322E07B68DB6AB3F1C07FC3
:102980001FD10123FB731CE0BB68022B03D9BB687A
:10299000032B03D018E00123FB7315E07B68DB6A8F
:1029A00003F08073002B0ED00123FB730BE000BFFC
:1029B0000AE000BF08E000BF06E000BF04E000BF7F
:1029C00002E000BF00E000BFFB7B18461437BD46A5
:1029D0005DF8047B704700BF80B586B000AFF8603B
:1029E000B960C7E900230123FB75234B1B7E012B34
:1029F00001D102233BE0204B01221A764CF25030E9
:102A000000F070F80346FB75FB7D002B2BD1FB68B3
:102A1000002B05D13B781946B86800F01BF916E089
:102A2000FB68012B05D13B881946B86800F0EEF829
:102A30000DE0FB68022B05D13B681946B86800F031
:102A4000C3F804E0D7E90023B86800F08BF84CF233
:102A5000503000F047F80346FB75084B1B69074AE6
:102A600023F001031361044B00221A76FB7D184604
:102A70001837BD4680BD00BF242A0020003C02401C
:102A800080B483B000AF0023FB710B4B1B69002B9C
:102A90000BDA094B094A5A60074B094A5A60064B40
:102AA0001B69002B01DA0123FB71FB7918460C37F7
:102AB000BD465DF8047B7047003C0240230167453A
:102AC000AB89EFCD80B400AF054B1B69044A43F0DE
:102AD0000043136100231846BD465DF8047B704730
:102AE000003C024080B584B000AF78600023FB60FA
:102AF0001A4B0022DA61EFF7E3F8F86010E07B6828
:102B0000B3F1FF3F0CD07B68002B07D0EFF7D8F86C
:102B10000246FB68D31A7A689A4201D2032319E06D
:102B20000F4BDB6803F48033002BE8D10C4BDB68E0
:102B300003F00103002B02D0094B0122DA60084B9D
:102B4000DB6803F0F203002B03D000F0A5F80123AB
:102B500000E0002318461037BD4680BD242A00201F
:102B6000003C024080B485B000AFF860C7E90023A4
:102B7000144B1B69134A23F440731361114B1B69F7
:102B8000104A43F4407313610E4B1B690D4A43F026
:102B900001031361FB683A681A60BFF36F8F00BFCF
:102BA000D7E900014FF000024FF000030A000023B4
:102BB000F968043113460B6000BF1437BD465DF859
:102BC000047B7047003C024080B483B000AF786063
:102BD00039600D4B1B690C4A23F4407313610A4B97
:102BE0001B69094A43F400731361074B1B69064ACA
:102BF00043F0010313617B683A681A6000BF0C3729
:102C0000BD465DF8047B7047003C024080B483B051
:102C100000AF78600B467B800D4B1B690C4A23F498
:102C2000407313610A4B1B69094A43F480731361B3
:102C3000074B1B69064A43F0010313617B687A88DE
:102C40001A8000BF0C37BD465DF8047B704700BF9B
:102C5000003C024080B483B000AF78600B46FB704C
:102C60000C4B1B690B4A23F440731361094B094A4F
:102C70001B691361074B1B69064A43F0010313618B
:102C80007B68FA781A7000BF0C37BD465DF8047B8C
:102C9000704700BF003C024080B400AF274BDB68A8
:102CA00003F01003002B08D0254BDB6943F0100321
:102CB000234AD361214B1022DA60204BDB6803F0FA
:102CC0002003002B08D01E4BDB6943F008031C4A8D
:102CD000D3611A4B2022DA60184BDB6803F0400303
:102CE000002B08D0164BDB6943F00403144AD36170
:102CF000124B4022DA60114BDB6803F08003002B9B
:102D000008D00F4BDB6943F002030D4AD3610B4B34
:102D10008022DA60094BDB6803F00203002B08D045
:102D2000074BDB6943F02003054AD361034B0222C2
:102D3000DA6000BFBD465DF8047B7047003C02408E
:102D4000242A002080B584B000AF78603960012368
:102D5000FB730023BB60314B1B7E012B01D102238F
:102D600058E02E4B01221A764CF25030FFF7BAFE93
:102D70000346FB73FB7B002B48D13B684FF0FF32CF
:102D80001A607B681B68012B15D17B681B69DAB25E
:102D90007B685B681946104600F044F84CF25030EE
:102DA000FFF7A0FE0346FB731D4B1B691C4A23F073
:102DB0000403136128E07B689B68BB601CE07B68B0
:102DC0001B69DBB21946B86800F050F84CF250307D
:102DD000FFF788FE0346FB73114B1B69104A23F073
:102DE000FA031361FB7B002B03D03B68BA681A60BF
:102DF0000AE0BB680133BB607B68DA687B689B686C
:102E00001344BA689A42DAD300F078F8034B0022F0
:102E10001A76FB7B18461037BD4680BD242A002059
:102E2000003C024080B483B000AF03463960FB71C0
:102E30000D4B1B690C4A23F4407313610A4B1B6949
:102E4000094A43F004031361074B1A69FB791B021B
:102E50001343054A43F48033136100BF0C37BD466A
:102E60005DF8047B704700BF003C024080B485B031
:102E700000AF78600B46FB700023FB60FB78002BF3
:102E800002D10023FB6010E0FB78012B03D14FF44B
:102E90008073FB6009E0FB78022B03D14FF40073D1
:102EA000FB6002E04FF44073FB60134B1B69124A56
:102EB00023F440731361104B1A690F49FB681343E5
:102EC0000B610D4B1B690C4A23F0F80313610A4B8D
:102ED0001A697B68DB001343074A43F0020313615E
:102EE000054B1B69044A43F48033136100BF143758
:102EF000BD465DF8047B7047003C024080B400AFE3
:102F0000204B1B6803F40073002B17D01D4B1B686C
:102F10001C4A23F4007313601A4B1B68194A43F4CC
:102F200000631360174B1B68164A23F40063136099
:102F3000144B1B68134A43F400731360114B1B6856
:102F400003F48063002B17D00E4B1B680D4A23F44B
:102F5000806313600B4B1B680A4A43F48053136071
:102F6000084B1B68074A23F480531360054B1B680A
:102F7000044A43F48063136000BFBD465DF8047BE0
:102F8000704700BF003C024080B489B000AF786059
:102F9000396000237B6100233B610023BB61002378
:102FA000FB616BE10122FB6902FA03F37B613B6881
:102FB0001B687A6913403B613A697B699A4240F029
:102FC0005A813B685B6803F00303012B05D03B6823
:102FD0005B6803F00303022B30D17B689B68BB6105
:102FE000FB695B00032202FA03F3DB43BA69134077
:102FF000BB613B68DA68FB695B0002FA03F3BA69FC
:103000001343BB617B68BA699A607B685B68BB618C
:103010000122FB6902FA03F3DB43BA691340BB6187
:103020003B685B681B0903F00102FB6902FA03F3CA
:10303000BA691343BB617B68BA695A603B685B68D5
:1030400003F00303032B17D07B68DB68BB61FB69CC
:103050005B00032202FA03F3DB43BA691340BB614E
:103060003B689A68FB695B0002FA03F3BA69134391
:10307000BB617B68BA69DA603B685B6803F0030395
:10308000022B23D1FB69DA087B68083253F822301F
:10309000BB61FB6903F007039B000F2202FA03F3F5
:1030A000DB43BA691340BB613B681A69FB6903F0F3
:1030B00007039B0002FA03F3BA691343BB61FB6980
:1030C000DA087B680832B96943F822107B681B680C
:1030D000BB61FB695B00032202FA03F3DB43BA69BD
:1030E0001340BB613B685B6803F00302FB695B0054
:1030F00002FA03F3BA691343BB617B68BA691A60C9
:103100003B685B6803F44033002B00F0B48000237D
:10311000FB60604B5B6C5F4A43F4804353645D4BE0
:103120005B6C03F48043FB60FB685B4AFB699B08B4
:10313000023352F82330BB61FB6903F003039B00A9
:103140000F2202FA03F3DB43BA691340BB617B68C9
:10315000524A93422BD07B68514A934225D07B68D8
:10316000504A93421FD07B684F4A934219D07B68E4
:103170004E4A934213D07B684D4A93420DD07B68F0
:103180004C4A934207D07B684B4A934201D10723B4
:103190000EE008230CE006230AE0052308E00423E0
:1031A00006E0032304E0022302E0012300E0002301
:1031B000FA6902F0030292009340BA691343BB61BB
:1031C0003549FB699B080233BA6941F823203B4B20
:1031D0009B68BB613B69DB43BA691340BB613B68D9
:1031E0005B6803F48013002B03D0BA693B69134377
:1031F000BB61324ABB699360304BDB68BB613B69A2
:10320000DB43BA691340BB613B685B6803F400139E
:10321000002B03D0BA693B691343BB61274ABB69E2
:10322000D360264B5B68BB613B69DB43BA691340E3
:10323000BB613B685B6803F40033002B03D0BA69C1
:103240003B691343BB611D4ABB6953601B4B1B6841
:10325000BB613B69DB43BA691340BB613B685B6898
:1032600003F48033002B03D0BA693B691343BB617D
:10327000124ABB691360FB690133FB61FB690F2BC9
:103280007FF690AE00BF00BF2437BD465DF8047BDB
:10329000704700BF00380240003801400000024083
:1032A0000004024000080240000C024000100240EE
:1032B0000014024000180240001C0240003C014083
:1032C00080B487B000AF7860396000233B61002391
:1032D000FB600023BB6000237B61CDE001227B69A2
:1032E00002FA03F33B613A683B691340FB60FA68FA
:1032F0003B699A4240F0BD80654A7B699B08023376
:1033000052F82330BB607B6903F003039B000F225C
:1033100002FA03F3BA681340BB607B685D4A9342CC
:103320002BD07B685C4A934225D07B685B4A9342F2
:103330001FD07B685A4A934219D07B68594A9342FE
:1033400013D07B68584A93420DD07B68574A93420A
:1033500007D07B68564A934201D107230EE0082329
:103360000CE006230AE0052308E0042306E003231B
:1033700004E0022302E0012300E000237A6902F066
:10338000030292009340BA689A4232D1494B1A68BC
:10339000FB68DB43474913400B60464B5A68FB68A8
:1033A000DB43444913404B60424BDA68FB68DB4324
:1033B00040491340CB603F4B9A68FB68DB433D4973
:1033C00013408B607B6903F003039B000F2202FA1A
:1033D00003F3BB602E4A7B699B08023352F823102B
:1033E000BB68DA432A487B699B080A40023340F8ED
:1033F00023207B681A687B695B00032101FA03F3D1
:10340000DB431A407B681A607B69DA087B68083204
:1034100053F822107B6903F007039B000F2202FA86
:1034200003F3DB437A69D20819407B68083243F81A
:1034300022107B68DA687B695B00032101FA03F3E1
:10344000DB431A407B68DA607B685A6801217B693C
:1034500001FA03F3DB431A407B685A607B689A6881
:103460007B695B00032101FA03F3DB431A407B68AD
:103470009A607B6901337B617B690F2B7FF62EAFEE
:1034800000BF00BF1C37BD465DF8047B704700BF1E
:1034900000380140000002400004024000080240E1
:1034A000000C0240001002400014024000180240CC
:1034B000001C0240003C014080B485B000AF786041
:1034C0000B467B807B681A697B881340002B02D0F7
:1034D0000123FB7301E00023FB73FB7B18461437C9
:1034E000BD465DF8047B704780B483B000AF786060
:1034F0000B467B8013467B707B78002B03D07A8849
:103500007B689A6103E07B881A047B689A6100BF3C
:103510000C37BD465DF8047B704780B485B000AFC2
:1035200078600B467B807B685B69FB607A88FB6810
:1035300013401A04FB68D9437B880B401A437B680D
:103540009A6100BF1437BD465DF8047B70470000E8
:1035500080B582B000AF0346FB80084B5A69FB88F8
:103560001340002B06D0054AFB885361FB881846A0
:1035700000F006F800BF0837BD4680BD003C0140A2
:1035800080B483B000AF0346FB8000BF0C37BD465C
:103590005DF8047B7047000080B584B000AF7860B0
:1035A0007B68002B01D101232BE17B6893F83D3030
:1035B000DBB2002B06D17B68002283F83C207868C0
:1035C000EEF700FE7B68242283F83D207B681B68B1
:1035D0001A687B681B6822F001021A607B681B680E
:1035E0001A687B681B6842F400421A607B681B689B
:1035F0001A687B681B6822F400421A6002F0A0F887
:10360000F8607B685B68814A934207D8FB68804A10
:10361000934294BF01230023DBB206E0FB687D4A9E
:10362000934294BF01230023DBB2002B01D001237E
:10363000E7E0FB68784AA2FB03239B0CBB607B6836
:103640001B685B6823F03F017B681B68BA680A430C
:103650005A607B681B681B6A23F03F017B685B68CC
:103660006A4A934202D8BB68013309E0BB684FF451
:10367000967202FB03F3694AA2FB03239B09013301
:103680007A6812680B4313627B681B68DB6923F45A
:103690004F4222F0FF027B685B685C498B4219D87D
:1036A000FB68591E7B685B685B00B1FBF3F3591C38
:1036B00040F6FC730B40002B0AD0FB68591E7B6858
:1036C0005B685B00B1FBF3F30133C3F30B0351E021
:1036D00004234FE07B689B68002B11D1FB68581EC8
:1036E0007B6859680B465B000B44B0FBF3F3013376
:1036F000C3F30B03002B0CBF01230023DBB212E04A
:10370000FB68581E7B6859680B469B000B44990068
:103710000B44B0FBF3F30133C3F30B03002B0CBFDB
:1037200001230023DBB2002B01D0012322E07B68C0
:103730009B68002B0ED1FB68581E7B6859680B46AE
:103740005B000B44B0FBF3F30133C3F30B0343F40F
:1037500000430FE0FB68581E7B6859680B469B00CE
:103760000B4499000B44B0FBF3F30133C3F30B0399
:1037700043F44043796809681343CB617B681B6855
:103780001B6823F0C0017B68DA697B681B6A1A43F7
:103790007B681B680A431A607B681B689B6823F47C
:1037A000034323F0FF037A6811697A68D2681143F2
:1037B0007A6812680B4393607B681B68DB6823F0B0
:1037C000FF017B685A697B689B691A437B681B68A9
:1037D0000A43DA607B681B681A687B681B6842F0E2
:1037E00001021A607B6800221A647B68202283F839
:1037F0003D207B6800221A637B68002283F83E200C
:10380000002318461037BD4680BD00BFA0860100CA
:103810007F841E00FF083D0083DE1B43D34D6210F2
:1038200080B588B002AFF8607A601A460B467B819B
:1038300013463B81EEF744FA7861FB6893F83D301C
:10384000DBB2202B40F0E0807B690093192301223A
:103850007049F86801F00EF90346002B01D00223ED
:10386000D3E0FB6893F83C30012B01D10223CCE07C
:10387000FB68012283F83C20FB681B681B6803F08F
:103880000103012B07D0FB681B681A68FB681B68E3
:1038900042F001021A60FB681B681A68FB681B682B
:1038A00022F400621A60FB68212283F83D20FB6845
:1038B000102283F83E20FB6800221A64FB687A68B5
:1038C0005A62FB683A895A85FB685B8D9AB2FB683D
:1038D0001A85FB68504ADA6279897B693A6AF86826
:1038E00000F0FAFD0346002B01D001238DE00023F8
:1038F0003B61FB681B685B693B61FB681B689B69FC
:103900003B613B6966E07A69396AF86801F0CCF995
:103910000346002B0DD0FB681B6C042B07D1FB6802
:103920001B681A68FB681B6842F400721A60012366
:103930006BE0FB685B6A1A78FB681B681A61FB68BE
:103940005B6A5A1CFB685A62FB685B8D9BB2013B49
:103950009AB2FB685A85FB681B8D013B9AB2FB68E3
:103960001A85FB681B685B6903F00403042B1BD1F9
:10397000FB681B8D002B17D0FB685B6A1A78FB680D
:103980001B681A61FB685B6A5A1CFB685A62FB6819
:103990005B8D9BB2013B9AB2FB685A85FB681B8D1D
:1039A000013B9AB2FB681A857A69396AF86801F0B6
:1039B000C3F90346002B0DD0FB681B6C042B07D109
:1039C000FB681B681A68FB681B6842F400721A6087
:1039D00001231AE0FB681B8D002B94D1FB681B6848
:1039E0001A68FB681B6842F400721A60FB682022A8
:1039F00083F83D20FB68002283F83E20FB6800220C
:103A000083F83C20002300E0022318461837BD4607
:103A100080BD00BF020010000000FFFF80B58CB029
:103A200002AFF8607A601A460B467B8113463B81F1
:103A3000EEF746F97862FB6893F83D30DBB2202B55
:103A400040F017827B6A0093192301227C49F868B1
:103A500001F010F80346002B01D002230AE2FB68B4
:103A600093F83C30012B01D1022303E2FB680122D1
:103A700083F83C20FB681B681B6803F00103012BE3
:103A800007D0FB681B681A68FB681B6842F00102DC
:103A90001A60FB681B681A68FB681B6822F40062E6
:103AA0001A60FB68222283F83D20FB68102283F80D
:103AB0003E20FB6800221A64FB687A685A62FB6841
:103AC0003A895A85FB685B8D9AB2FB681A85FB6858
:103AD0005C4ADA6279897B6A3A6BF86800F07EFDAD
:103AE0000346002B01D00123C4E1FB681B8D002B92
:103AF00013D100233B62FB681B685B693B62FB6878
:103B00001B689B693B623B6AFB681B681A68FB6821
:103B10001B6842F400721A6098E1FB681B8D012B50
:103B20001BD1FB681B681A68FB681B6822F4806263
:103B30001A600023FB61FB681B685B69FB61FB6823
:103B40001B689B69FB61FB69FB681B681A68FB6863
:103B50001B6842F400721A6078E1FB681B8D022B2F
:103B60001BD1FB681B681A68FB681B6822F4806223
:103B70001A60FB681B681A68FB681B6842F40062E5
:103B80001A600023BB61FB681B685B69BB61FB6853
:103B90001B689B69BB61BB6958E1FB681B681A68BD
:103BA000FB681B6842F480621A6000237B61FB683B
:103BB0001B685B697B61FB681B689B697B617B6938
:103BC00044E1FB681B8D032B00F2F180FB681B8D29
:103BD000012B23D17A6A396BF86801F0F5F80346B6
:103BE000002B01D0012345E1FB681B681A69FB68C3
:103BF0005B6AD2B21A70FB685B6A5A1CFB685A6235
:103C0000FB681B8D013B9AB2FB681A85FB685B8DD4
:103C10009BB2013B9AB2FB685A8517E1FB681B8D8A
:103C2000022B4ED17B6A00933B6B00220649F86859
:103C300000F020FF0346002B08D001231AE100BF4B
:103C4000020010000000FFFF04000100FB681B6879
:103C50001A68FB681B6842F400721A60FB681B68F4
:103C60001A69FB685B6AD2B21A70FB685B6A5A1CFD
:103C7000FB685A62FB681B8D013B9AB2FB681A8590
:103C8000FB685B8D9BB2013B9AB2FB685A85FB686F
:103C90001B681A69FB685B6AD2B21A70FB685B6AC0
:103CA0005A1CFB685A62FB681B8D013B9AB2FB6889
:103CB0001A85FB685B8D9BB2013B9AB2FB685A8503
:103CC000C4E07B6A00933B6B00226C49F86800F00B
:103CD000D1FE0346002B01D00123CBE0FB681B681B
:103CE0001A68FB681B6822F480621A60FB681B6814
:103CF0001A69FB685B6AD2B21A70FB685B6A5A1C6D
:103D0000FB685A62FB681B8D013B9AB2FB681A85FF
:103D1000FB685B8D9BB2013B9AB2FB685A857B6A5C
:103D200000933B6B00225549F86800F0A3FE034660
:103D3000002B01D001239DE0FB681B681A68FB681B
:103D40001B6842F400721A60FB681B681A69FB6802
:103D50005B6AD2B21A70FB685B6A5A1CFB685A62D3
:103D6000FB681B8D013B9AB2FB681A85FB685B8D73
:103D70009BB2013B9AB2FB685A85FB681B681A69C3
:103D8000FB685B6AD2B21A70FB685B6A5A1CFB68FC
:103D90005A62FB681B8D013B9AB2FB681A85FB686F
:103DA0005B8D9BB2013B9AB2FB685A854EE07A6A02
:103DB000396BF86801F008F80346002B01D00123A5
:103DC00058E0FB681B681A69FB685B6AD2B21A701C
:103DD000FB685B6A5A1CFB685A62FB681B8D013BDF
:103DE0009AB2FB681A85FB685B8D9BB2013B9AB265
:103DF000FB685A85FB681B685B6903F00403042BAE
:103E000024D1FB681B8D032B07D1FB681B681A6844
:103E1000FB681B6822F480621A60FB681B681A69E1
:103E2000FB685B6AD2B21A70FB685B6A5A1CFB685B
:103E30005A62FB681B8D013B9AB2FB681A85FB68CE
:103E40005B8D9BB2013B9AB2FB685A85FB681B8D68
:103E5000002B7FF4B6AEFB68202283F83D20FB6880
:103E6000002283F83E20FB68002283F83C200023D8
:103E700000E0022318462837BD4680BD040001003B
:103E800080B588B002AFF860084611461A4603466E
:103E90007B810B463B811346FB80EDF711FF786178
:103EA000FB6893F83D30DBB2202B40F0D9807B6972
:103EB0000093192301226D49F86800F0DBFD0346E9
:103EC000002B01D00223CCE0FB6893F83C30012B9F
:103ED00001D10223C5E0FB68012283F83C20FB6886
:103EE0001B681B6803F00103012B07D0FB681B68EC
:103EF0001A68FB681B6842F001021A60FB681B68C5
:103F00001A68FB681B6822F400621A60FB682122B1
:103F100083F83D20FB68402283F83E20FB680022A6
:103F20001A64FB683A6A5A62FB68BA8C5A85FB6865
:103F30005B8D9AB2FB681A85FB684D4ADA62F88895
:103F40003A8979897B690193BB6A00930346F868D3
:103F500000F012FC0346002B52D0012381E07A6965
:103F6000B96AF86800F0A0FE0346002B0DD0FB688C
:103F70001B6C042B07D1FB681B681A68FB681B6865
:103F800042F400721A6001236BE0FB685B6A1A78E6
:103F9000FB681B681A61FB685B6A5A1CFB685A6203
:103FA000FB681B8D013B9AB2FB681A85FB685B8D31
:103FB0009BB2013B9AB2FB685A85FB681B685B6940
:103FC00003F00403042B1BD1FB681B8D002B17D0BF
:103FD000FB685B6A1A78FB681B681A61FB685B6A9E
:103FE0005A1CFB685A62FB681B8D013B9AB2FB6846
:103FF0001A85FB685B8D9BB2013B9AB2FB685A85C0
:10400000FB681B8D002BAAD17A69B96AF86800F0A9
:1040100093FE0346002B0DD0FB681B6C042B07D1CD
:10402000FB681B681A68FB681B6842F400721A6020
:10403000012316E0FB681B681A68FB681B6842F4E2
:1040400000721A60FB68202283F83D20FB68002282
:1040500083F83E20FB68002283F83C20002300E028
:10406000022318461837BD4680BD00BF020010006D
:104070000000FFFF80B58CB002AFF8600846114623
:104080001A4603467B810B463B811346FB80EDF7C6
:1040900017FE7862FB6893F83D30DBB2202B40F0CE
:1040A00014827B6A0093192301227B49F86800F08F
:1040B000E1FC0346002B01D0022307E2FB6893F8E2
:1040C0003C30012B01D1022300E2FB68012283F87E
:1040D0003C20FB681B681B6803F00103012B07D021
:1040E000FB681B681A68FB681B6842F001021A60D3
:1040F000FB681B681A68FB681B6822F400621A6080
:10410000FB68222283F83D20FB68402283F83E2092
:10411000FB6800221A64FB683A6B5A62FB68BA8E2D
:104120005A85FB685B8D9AB2FB681A85FB685B4A0F
:10413000DA62F8883A8979897B6A0193BB6B0093CC
:104140000346F86800F0AEFB0346002B01D00123C4
:10415000BCE1FB681B8D002B13D100233B62FB6885
:104160001B685B693B62FB681B689B693B623B6A3F
:10417000FB681B681A68FB681B6842F400721A60CF
:1041800090E1FB681B8D012B1BD1FB681B681A6833
:10419000FB681B6822F480621A600023FB61FB68E5
:1041A0001B685B69FB61FB681B689B69FB61FB69C2
:1041B000FB681B681A68FB681B6842F400721A608F
:1041C00070E1FB681B8D022B1BD1FB681B681A6812
:1041D000FB681B6822F480621A60FB681B681A681F
:1041E000FB681B6842F400621A600023BB61FB6835
:1041F0001B685B69BB61FB681B689B69BB61BB6932
:1042000050E100237B61FB681B685B697B61FB6895
:104210001B689B697B617B6944E1FB681B8D032BF9
:1042200000F2F180FB681B8D012B23D17A6AB96BF8
:10423000F86800F0C9FD0346002B01D0012345E1D9
:10424000FB681B681A69FB685B6AD2B21A70FB686C
:104250005B6A5A1CFB685A62FB681B8D013B9AB271
:10426000FB681A85FB685B8D9BB2013B9AB2FB68C9
:104270005A8517E1FB681B8D022B4ED17B6A009398
:10428000BB6B00220649F86800F0F4FB0346002BE4
:1042900008D001231AE100BF020010000000FFFF58
:1042A00004000100FB681B681A68FB681B6842F485
:1042B00000721A60FB681B681A69FB685B6AD2B2FD
:1042C0001A70FB685B6A5A1CFB685A62FB681B8D9C
:1042D000013B9AB2FB681A85FB685B8D9BB2013B80
:1042E0009AB2FB685A85FB681B681A69FB685B6AAF
:1042F000D2B21A70FB685B6A5A1CFB685A62FB6890
:104300001B8D013B9AB2FB681A85FB685B8D9BB2E3
:10431000013B9AB2FB685A85C4E07B6A0093BB6B91
:1043200000226C49F86800F0A5FB0346002B01D081
:104330000123CBE0FB681B681A68FB681B6822F44A
:1043400080621A60FB681B681A69FB685B6AD2B2FC
:104350001A70FB685B6A5A1CFB685A62FB681B8D0B
:10436000013B9AB2FB681A85FB685B8D9BB2013BEF
:104370009AB2FB685A857B6A0093BB6B0022554951
:10438000F86800F077FB0346002B01D001239DE085
:10439000FB681B681A68FB681B6842F400721A60AD
:1043A000FB681B681A69FB685B6AD2B21A70FB680B
:1043B0005B6A5A1CFB685A62FB681B8D013B9AB210
:1043C000FB681A85FB685B8D9BB2013B9AB2FB6868
:1043D0005A85FB681B681A69FB685B6AD2B21A705F
:1043E000FB685B6A5A1CFB685A62FB681B8D013BC9
:1043F0009AB2FB681A85FB685B8D9BB2013B9AB24F
:10440000FB685A854EE07A6AB96BF86800F0DCFC0C
:104410000346002B01D0012358E0FB681B681A6992
:10442000FB685B6AD2B21A70FB685B6A5A1CFB6855
:104430005A62FB681B8D013B9AB2FB681A85FB68C8
:104440005B8D9BB2013B9AB2FB685A85FB681B6887
:104450005B6903F00403042B24D1FB681B8D032B41
:1044600007D1FB681B681A68FB681B6822F480622E
:104470001A60FB681B681A69FB685B6AD2B21A7023
:10448000FB685B6A5A1CFB685A62FB681B8D013B28
:104490009AB2FB681A85FB685B8D9BB2013B9AB2AE
:1044A000FB685A85FB681B8D002B7FF4B6AEFB685A
:1044B000202283F83D20FB68002283F83E20FB6821
:1044C000002283F83C20002300E00223184628370E
:1044D000BD4680BD0400010080B588B002AFF86021
:1044E0007A603B600B467B81FB68DB6A7B617B69A2
:1044F000082B06D07B69012B03D07B6913F5803F25
:1045000008D1FB681B681A68FB681B6842F480725C
:104510001A600BE0FB681B6B122B07D1FB681B6852
:104520001A68FB681B6842F480721A603B6800934B
:104530007B6800224FF00111F86800F09BFA0346F7
:10454000002B0DD0FB681B681B6803F48073B3F568
:10455000807F03D1FB684FF400721A64032335E0B7
:10456000FB681B69B3F5804F08D17B89DBB21A4623
:10457000FB681B6802F0FE021A611BE07B89DB11FD
:10458000DBB203F00603DBB263F00F03DAB2FB68C1
:104590001B681A613B687A680E49F86800F0E4FA13
:1045A0000346002B01D0012310E07B89DAB2FB68BF
:1045B0001B681A613B687A680749F86800F0D4FA0A
:1045C0000346002B01D0012300E0002318461837D2
:1045D000BD4680BD080001000200010080B588B022
:1045E00002AFF8607A603B600B467B81FB68DB6A58
:1045F0007B61FB681B681A68FB681B6842F4806279
:104600001A607B69082B06D07B69012B03D07B697C
:1046100013F5803F08D1FB681B681A68FB681B68AC
:1046200042F480721A600BE0FB681B6B112B07D100
:10463000FB681B681A68FB681B6842F480721A608A
:104640003B6800937B6800224FF00111F86800F08E
:1046500011FA0346002B0DD0FB681B681B6803F49E
:104660008073B3F5807F03D1FB684FF400721A6446
:10467000032379E0FB681B69B3F5804F08D17B8980
:10468000DBB243F00103DAB2FB681B681A615FE03A
:104690007B89DB11DBB203F00603DBB263F00F03AF
:1046A000DAB2FB681B681A613B687A683049F868BF
:1046B00000F05AFA0346002B01D0012354E07B8915
:1046C000DAB2FB681B681A613B687A682949F868A6
:1046D00000F04AFA0346002B01D0012344E00023F6
:1046E0003B61FB681B685B693B61FB681B689B69FE
:1046F0003B613B69FB681B681A68FB681B6842F4F6
:1047000080721A603B6800937B6800224FF00111B1
:10471000F86800F0AFF90346002B0DD0FB681B686A
:104720001B6803F48073B3F5807F03D1FB684FF4FB
:1047300000721A64032317E07B89DB11DBB203F0FC
:104740000603DBB263F00E03DAB2FB681B681A6182
:104750003B687A680749F86800F006FA0346002BC0
:1047600001D0012300E0002318461837BD4680BD64
:10477000080001000200010080B588B002AFF860B7
:10478000084611461A4603467B810B463B81134679
:10479000FB80FB681B681A68FB681B6842F4807228
:1047A0001A607B6A00933B6A00224FF00111F8689F
:1047B00000F060F90346002B0DD0FB681B681B68F6
:1047C00003F48073B3F5807F03D1FB684FF400726C
:1047D0001A6403235FE07B89DBB21A46FB681B681F
:1047E00002F0FE021A617B6A3A6A2D49F86800F00D
:1047F000BBF90346002B01D001234CE000237B6171
:10480000FB681B685B697B61FB681B689B697B615C
:104810007B697A6A396AF86800F046FA0346002B29
:104820000DD0FB681B6C042B07D1FB681B681A6852
:10483000FB681B6842F400721A6001232BE0FB88BE
:10484000012B05D13B89DAB2FB681B681A6121E0B4
:104850003B891B0A9BB2DAB2FB681B681A617A6A51
:10486000396AF86800F020FA0346002B0DD0FB6887
:104870001B6C042B07D1FB681B681A68FB681B685C
:1048800042F400721A60012305E03B89DAB2FB684A
:104890001B681A61002318461837BD4680BD00BF4B
:1048A0000200010080B588B002AFF86008461146EA
:1048B0001A4603467B810B463B811346FB80FB680F
:1048C0001B681A68FB681B6842F480621A60FB6808
:1048D0001B681A68FB681B6842F480721A607B6A66
:1048E00000933B6A00224FF00111F86800F0C2F813
:1048F0000346002B0DD0FB681B681B6803F4807314
:10490000B3F5807F03D1FB684FF400721A64032370
:10491000AAE07B89DBB21A46FB681B6802F0FE0244
:104920001A617B6A3A6A5249F86800F01DF9034639
:10493000002B01D0012397E000237B61FB681B68FB
:104940005B697B61FB681B689B697B617B697A6A39
:10495000396AF86800F0A8F90346002B0DD0FB680F
:104960001B6C042B07D1FB681B681A68FB681B686B
:1049700042F400721A60012376E0FB88012B05D116
:104980003B89DAB2FB681B681A6121E03B891B0A8C
:104990009BB2DAB2FB681B681A617A6A396AF868F6
:1049A00000F082F90346002B0DD0FB681B6C042B32
:1049B00007D1FB681B681A68FB681B6842F4007229
:1049C0001A60012350E03B89DAB2FB681B681A6168
:1049D0007A6A396AF86800F067F90346002B0DD04F
:1049E000FB681B6C042B07D1FB681B681A68FB680B
:1049F0001B6842F400721A60012335E0FB681B68F3
:104A00001A68FB681B6842F480721A607B6A009324
:104A10003B6A00224FF00111F86800F02BF80346C2
:104A2000002B0DD0FB681B681B6803F48073B3F583
:104A3000807F03D1FB684FF400721A64032313E0F4
:104A40007B89DBB243F00103DAB2FB681B681A61B1
:104A50007B6A3A6A0649F86800F086F80346002B3C
:104A600001D0012300E0002318461837BD4680BD61
:104A70000200010080B584B000AFF860B9603B600F
:104A80001346FB7148E03B68B3F1FF3F44D0EDF7BC
:104A900017F90246BB69D31A3A689A4202D33B68B7
:104AA000002B39D1BB681B0CDBB2012B0DD1FB688D
:104AB0001B685B69DA43BB6813409BB2002B0CBFD9
:104AC00001230023DBB21A460CE0FB681B689B69DC
:104AD000DA43BB6813409BB2002B0CBF01230023B9
:104AE000DBB21A46FB799A4216D1FB6800221A63A0
:104AF000FB68202283F83D20FB68002283F83E20DB
:104B0000FB681B6C43F02002FB681A64FB68002200
:104B100083F83C20012323E0BB681B0CDBB2012B94
:104B20000DD1FB681B685B69DA43BB6813409BB21D
:104B3000002B0CBF01230023DBB21A460CE0FB68FC
:104B40001B689B69DA43BB6813409BB2002B0CBF08
:104B500001230023DBB21A46FB799A4293D000234B
:104B600018461037BD4680BD80B584B000AFF860F0
:104B7000B9607A603B6071E0FB681B685B6903F4B5
:104B80008063B3F5806F23D1FB681B681A68FB68EC
:104B90001B6842F400721A60FB681B686FF4806245
:104BA0005A61FB6800221A63FB68202283F83D20CB
:104BB000FB68002283F83E20FB681B6C43F0040274
:104BC000FB681A64FB68002283F83C20012367E03D
:104BD0007B68B3F1FF3F41D0EDF772F802463B68C6
:104BE000D31A7A689A4202D37B68002B36D1BB680D
:104BF0001B0CDBB2012B0CD1FB681B685B69DA4331
:104C0000BB6813409BB2002B14BF01230023DBB20F
:104C10000BE0FB681B689B69DA43BB6813409BB2DF
:104C2000002B14BF01230023DBB2002B16D0FB683E
:104C300000221A63FB68202283F83D20FB680022D3
:104C400083F83E20FB681B6C43F02002FB681A646B
:104C5000FB68002283F83C20012321E0BB681B0C89
:104C6000DBB2012B0CD1FB681B685B69DA43BB68C4
:104C700013409BB2002B14BF01230023DBB20BE0D7
:104C8000FB681B689B69DA43BB6813409BB2002B2F
:104C900014BF01230023DBB2002B7FF46DAF002390
:104CA00018461037BD4680BD80B584B000AFF860AF
:104CB000B9607A6034E0F86800F0E3F80346002B4E
:104CC00001D0012334E0BB68B3F1FF3F28D0ECF7FB
:104CD000F7FF02467B68D31ABA689A4202D3BB68D0
:104CE000002B1DD1FB681B685B6903F08003802BE0
:104CF00016D0FB6800221A63FB68202283F83D204F
:104D0000FB68002283F83E20FB681B6C43F0200206
:104D1000FB681A64FB68002283F83C20012307E04B
:104D2000FB681B685B6903F08003802BC3D1002301
:104D300018461037BD4680BD80B584B000AFF8601E
:104D4000B9607A6034E0F86800F09BF80346002B05
:104D500001D0012334E0BB68B3F1FF3F28D0ECF76A
:104D6000AFFF02467B68D31ABA689A4202D3BB6887
:104D7000002B1DD1FB681B685B6903F00403042B47
:104D800016D0FB6800221A63FB68202283F83D20BE
:104D9000FB68002283F83E20FB681B6C43F0200276
:104DA000FB681A64FB68002283F83C20012307E0BB
:104DB000FB681B685B6903F00403042BC3D1002369
:104DC00018461037BD4680BD80B584B000AFF8608E
:104DD000B9607A6049E0FB681B685B6903F0100307
:104DE000102B19D1FB681B686FF010025A61FB6829
:104DF00000221A63FB68202283F83D20FB68002212
:104E000083F83E20FB681A6CFB681A64FB6800227A
:104E100083F83C20012330E0ECF752FF02467B6828
:104E2000D31ABA689A4202D3BB68002B1DD1FB6823
:104E30001B685B6903F04003402B16D0FB6800221F
:104E40001A63FB68202283F83D20FB68002283F868
:104E50003E20FB681B6C43F02002FB681A64FB6871
:104E6000002283F83C20012307E0FB681B685B6994
:104E700003F04003402BAED1002318461037BD4647
:104E800080BD80B483B000AF78607B681B685B69CD
:104E900003F48063B3F5806F1BD17B681B686FF4EC
:104EA00080625A617B6800221A637B68202283F843
:104EB0003D207B68002283F83E207B681B6C43F01A
:104EC00004027B681A647B68002283F83C2001237B
:104ED00000E0002318460C37BD465DF8047B7047A0
:104EE00080B586B000AF78607B68002B01D10123CC
:104EF00067E27B681B6803F00103002B75D0884BC9
:104F00009B6803F00C03042B0CD0854B9B6803F0CB
:104F10000C03082B12D1824B5B6803F48003B3F5BA
:104F2000800F0BD17E4B1B6803F40033002B5BD04A
:104F30007B685B68002B57D1012342E27B685B688A
:104F4000B3F5803F06D1764B1B68754A43F4803336
:104F500013601DE07B685B68B3F5A02F0CD1704B2C
:104F60001B686F4A43F4802313606D4B1B686C4AC7
:104F700043F4803313600BE0694B1B68684A23F4E9
:104F800080331360664B1B68654A23F480231360EB
:104F90007B685B68002B13D0ECF792FE386108E069
:104FA000ECF78EFE02463B69D31A642B01D903232A
:104FB00007E25B4B1B6803F40033002BF0D014E0D6
:104FC000ECF77EFE386108E0ECF77AFE02463B69BA
:104FD000D31A642B01D90323F3E1514B1B6803F46B
:104FE0000033002BF0D100E000BF7B681B6803F0AA
:104FF0000203002B63D04A4B9B6803F00C03002B89
:105000000BD0474B9B6803F00C03082B1CD1444B7F
:105010005B6803F48003002B16D1414B1B6803F03F
:105020000203002B05D07B68DB68012B01D0012334
:10503000C7E13B4B1B6823F0F8027B681B69DB0070
:10504000374913430B603AE07B68DB68002B20D0C4
:10505000344B01221A60ECF733FE386108E0ECF7BC
:105060002FFE02463B69D31A022B01D90323A8E184
:105070002B4B1B6803F00203002BF0D0284B1B685E
:1050800023F0F8027B681B69DB00254913430B60A2
:1050900015E0244B00221A60ECF712FE386108E09C
:1050A000ECF70EFE02463B69D31A022B01D903230B
:1050B00087E11B4B1B6803F00203002BF0D17B68D8
:1050C0001B6803F00803002B36D07B685B69002B5C
:1050D00016D0154B01221A60ECF7F2FD386108E09A
:1050E000ECF7EEFD02463B69D31A022B01D90323EC
:1050F00067E10B4B5B6F03F00203002BF0D01BE06A
:10510000094B00221A60ECF7DBFD38610EE0ECF78A
:10511000D7FD02463B69D31A022B07D9032350E17E
:105120000038024000004742800E4742884B5B6FC8
:1051300003F00203002BEAD17B681B6803F0040331
:10514000002B00F097800023FB75814B1B6C03F054
:105150008053002B0FD10023BB607D4B1B6C7C4A1E
:1051600043F0805313647A4B1B6C03F08053BB6095
:10517000BB680123FB75774B1B6803F48073002B1E
:1051800018D1744B1B68734A43F480731360ECF7B7
:1051900097FD386108E0ECF793FD02463B69D31AAE
:1051A000022B01D903230CE16A4B1B6803F48073C3
:1051B000002BF0D07B689B68012B06D1644B1B6FE2
:1051C000634A43F0010313671CE07B689B68052B6F
:1051D0000CD15F4B1B6F5E4A43F0040313675C4BBB
:1051E0001B6F5B4A43F0010313670BE0584B1B6FC7
:1051F000574A23F001031367554B1B6F544A23F0A2
:10520000040313677B689B68002B15D0ECF758FDEF
:1052100038610AE0ECF754FD02463B69D31A41F2CB
:105220008832934201D90323CBE0494B1B6F03F033
:105230000203002BEED014E0ECF742FD38610AE0E7
:10524000ECF73EFD02463B69D31A41F288329342A5
:1052500001D90323B5E03E4B1B6F03F00203002B83
:10526000EED1FB7D012B05D1394B1B6C384A23F065
:10527000805313647B689B69002B00F0A180344B42
:105280009B6803F00C03082B5CD07B689B69022BA6
:1052900041D1314B00221A60ECF712FD386108E071
:1052A000ECF70EFD02463B69D31A022B01D903230A
:1052B00087E0274B1B6803F00073002BF0D17B685D
:1052C000DA697B681B6A1A437B685B6A9B011A4335
:1052D0007B689B6A5B08013B1B041A437B68DB6AA3
:1052E0001B061B4913434B601B4B01221A60ECF752
:1052F000E7FC386108E0ECF7E3FC02463B69D31AAF
:10530000022B01D903235CE0114B1B6803F00073EF
:10531000002BF0D054E0104B00221A60ECF7D0FCC8
:10532000386108E0ECF7CCFC02463B69D31A022B4B
:1053300001D9032345E0064B1B6803F00073002BE3
:10534000F0D13DE07B689B69012B07D1012338E058
:105350000038024000700040600047421B4B5B6811
:10536000FB607B689B69012B28D0FB6803F48002FB
:105370007B68DB699A4221D1FB6803F03F027B68BE
:105380001B6A9A421AD1FA6847F6C07313407A68CA
:10539000526A9201934211D1FB6803F440327B6858
:1053A0009B6A5B08013B1B049A4207D1FB6803F030
:1053B00070627B68DB6A1B069A4201D0012300E021
:1053C000002318461837BD4680BD00BF0038024094
:1053D00080B584B000AF786039607B68002B01D164
:1053E0000123CCE0684B1B6803F007033A689A423C
:1053F0000CD9654B3A68D2B21A70634B1B6803F044
:1054000007033A689A4201D00123B8E07B681B6821
:1054100003F00203002B20D07B681B6803F0040319
:10542000002B05D0594B9B68584A43F4E0539360D6
:105430007B681B6803F00803002B05D0534B9B6867
:10544000524A43F460439360504B9B6823F0F00250
:105450007B689B684D4913438B607B681B6803F036
:105460000103002B44D07B685B68012B07D1474BBD
:105470001B6803F40033002B19D101237FE07B6804
:105480005B68022B03D07B685B68032B07D13F4B23
:105490001B6803F00073002B09D101236FE03B4B25
:1054A0001B6803F00203002B01D1012367E0374B97
:1054B0009B6823F003027B685B68344913438B606D
:1054C000ECF7FEFBF8600AE0ECF7FAFB0246FB683B
:1054D000D31A41F28832934201D903234FE02B4B78
:1054E0009B6803F00C027B685B689B009A42EBD1DF
:1054F000254B1B6803F007033A689A420CD2224BF3
:105500003A68D2B21A70204B1B6803F007033A685E
:105510009A4201D0012332E07B681B6803F0040348
:10552000002B08D0194B9B6823F4E0527B68DB68A2
:10553000164913438B607B681B6803F00803002B3C
:1055400009D0124B9B6823F460427B681B69DB0027
:105550000E4913438B6000F021F802460B4B9B6809
:105560001B0903F00F030A49CB5C22FA03F3094A33
:105570001360094B1B681846EDF760FA00231846C4
:105580001037BD4680BD00BF003C024000380240DD
:1055900008AA020838020020940200202DE9B04F2A
:1055A00090B000AF00237B630023FB6300233B63C9
:1055B0000023BB63594B9B6803F00C03082B0DD0F1
:1055C000082B00F2A180002B02D0042B03D09BE01B
:1055D000534BBB639BE0534BBB6398E04F4B5B6803
:1055E00003F03F037B634D4B5B6803F48003002BA8
:1055F00028D04A4B5B689B0900223B627A623B6A77
:10560000C3F308000021474B03FB01F2002300FB1A
:1056100003F31344434AA0FB0212FA620A46BA6239
:10562000FA6A1344FB627B6B0022BB61FA61D7E923
:105630000623D7E90A01EBF787FB02460B46134620
:10564000FB6353E0354B5B689B0900223B617A6149
:105650003B69C3F3080A4FF0000B52465B464FF01C
:1056600000004FF00001590141EAD26150010246A9
:105670000B46B2EB0A0863EB0B094FF000024FF048
:1056800000034FEA891343EA98634FEA8812B2EBAA
:10569000080463EB09054FF000024FF00003EB0034
:1056A00043EA5473E20014461D4614EB0A033B60C0
:1056B00045EB0B037B604FF000024FF00003D7E98E
:1056C000004529468B02214643EA915321468A022E
:1056D000104619467B6B0022BB60FA60D7E90223B3
:1056E000EBF732FB02460B461346FB630B4B5B6842
:1056F0001B0C03F0030301335B003B63FA6B3B6B52
:10570000B2FBF3F3BB6302E0054BBB6300BFBB6BB3
:1057100018464037BD46BDE8B08F00BF0038024094
:105720000024F40040787D0180B400AF034B1B6877
:105730001846BD465DF8047B704700BF3802002064
:1057400080B500AFFFF7F0FF0246054B9B689B0A50
:1057500003F007030349CB5C22FA03F3184680BD2C
:105760000038024018AA020880B500AFFFF7DCFF3E
:105770000246054B9B685B0B03F007030349CB5CB8
:1057800022FA03F3184680BD0038024018AA020826
:1057900080B483B000AF786039607B680F221A60F4
:1057A000124B9B6803F003027B685A600F4B9B68A7
:1057B00003F0F0027B689A600C4B9B6803F4E052A4
:1057C0007B68DA60094B9B68DB0803F4E0527B6876
:1057D0001A61074B1B6803F007023B681A6000BFA1
:1057E0000C37BD465DF8047B704700BF00380240AF
:1057F000003C024080B586B000AF786000237B613A
:1058000000233B617B681B6803F00103002B05D17B
:105810007B681B6803F00403002B35D0624B002229
:105820001A60ECF74DFA786108E0ECF749FA0246A5
:105830007B69D31A022B01D90323B0E05B4B1B68B1
:1058400003F00063002BF0D17B685B689A017B68F2
:105850009B681B0755491343C1F88430524B012202
:105860001A60ECF72DFA786108E0ECF729FA0246A5
:105870007B69D31A022B01D9032390E04B4B1B68A1
:1058800003F00063002BF0D07B681B6803F0020379
:10589000002B00F083800023FB60444B1B6C434AC9
:1058A00043F080531364414B1B6C03F08053FB6047
:1058B000FB683F4B1B683E4A43F480731360ECF770
:1058C000FFF9786108E0ECF7FBF902467B69D31A2F
:1058D000022B01D9032362E0354B1B6803F480736C
:1058E000002BF0D0314B1B6F03F440733B613B69DD
:1058F000002B2FD07B68DB6803F440733A699A422F
:1059000028D02A4B1B6F23F440733B61294B0122A3
:105910001A60284B00221A60244A3B691367234B04
:105920001B6F03F00103012B14D1ECF7C9F9786167
:105930000AE0ECF7C5F902467B69D31A41F28832D6
:10594000934201D903232AE0184B1B6F03F0020393
:10595000002BEED07B68DB6803F44073B3F5407F27
:105960000DD1124B9B6823F4F8127B68DB6823F09F
:10597000704323F440730D4913438B6005E00B4BD8
:105980009B680A4A23F4F8139360084B1A6F7B68EC
:10599000DB68C3F30B03054913430B670023184669
:1059A0001837BD4680BD00BF68004742003802403E
:1059B00000700040400E474280B584B000AF786070
:1059C0000123FB737B68002B01D1012373E07B680B
:1059D0005B7FDBB2002B05D17B6800221A777868E9
:1059E000ECF7A2FC7B6802225A777B681B68DB68B5
:1059F00003F01003102B55D07B681B68CA225A6233
:105A00007B681B6853225A62786800F0D3FB034618
:105A1000FB73FB7B002B2CD17B681B689B687A682F
:105A2000126823F4E00323F0400393607B681B6853
:105A300099687B685A687B681B691A437B685B6955
:105A40001A437B681B680A439A607B681B687A6804
:105A5000D2681A617B681B6819697B689B681A04A5
:105A60007B681B680A431A61786800F0DAFB03461A
:105A7000FB73FB7B002B10D17B681B681A6C7B6867
:105A80001B6822F480221A647B681B68196C7B688F
:105A90009A697B681B680A431A647B681B68FF224B
:105AA0005A6201E00023FB73FB7B002B02D17B6871
:105AB00001225A77FB7B18461037BD4680BD90B552
:105AC00087B000AFF860B9607A6000237B61FB6843
:105AD0001B7F012B01D1022387E0FB6801221A778B
:105AE000FB6802225A777B68002B26D1FB681B6873
:105AF0009B6803F04003002B02D1BB680022DA70E0
:105B0000BB681B78184600F0B1FB03461C04BB6859
:105B10005B78184600F0AAFB03461B021C43BB68D7
:105B20009B78184600F0A2FB034644EA0302BB68D8
:105B3000DB789B0513437B6118E0FB681B689B685F
:105B400003F04003002B02D1BB680022DA70BB686F
:105B50001B781A04BB685B781B021343BA689278FF
:105B60001A43BB68DB789B0513437B61FB681B68AA
:105B7000CA225A62FB681B6853225A62F86800F016
:105B800019FB0346FB74FB7C002B20D1FB681A68D1
:105B90007B6903F07F3323F0FE431360FB681B68CF
:105BA0009A68FB681B6822F480229A60FB681B6875
:105BB0009968BB68DA68BB681B691A43FB681B6895
:105BC0000A439A60F86800F02CFB0346FB74FB7CE8
:105BD000002B02D1FB6801225A77FB681B68FF2269
:105BE0005A62FB6800221A77FB7C18461C37BD46B8
:105BF00090BD80B586B000AFF860B9607A600023D0
:105C00007B61FB681B689A6ABB685A60FB681B680B
:105C10001B69C3F30E02BB689A60FB681B681B68B4
:105C200003F07F3323F0FE437B617B691B0CDBB207
:105C300003F03F03DAB2BB681A707B691B0ADBB260
:105C400003F07F03DAB2BB685A707B69DBB203F002
:105C50007F03DAB2BB689A707B699B0DDBB203F0FD
:105C60000103DAB2BB68DA707B68002B1AD1BB681B
:105C70001B78184600F018FB03461A46BB681A70DA
:105C8000BB685B78184600F00FFB03461A46BB68FA
:105C90005A70BB689B78184600F006FB03461A460C
:105CA000BB689A70002318461837BD4680BD90B572
:105CB00087B000AFF860B9607A6000237B61FB6851
:105CC0001B7F012B01D1022371E0FB6801221A77AF
:105CD000FB6802225A777B68002B0ED1BB685B7889
:105CE00003F01003002B08D0BB685B7823F010038F
:105CF000DBB20A33DAB2BB685A707B68002B1CD166
:105D0000BB68DB78184600F0B1FA03461C04BB6898
:105D10005B78184600F0AAFA03461B021C43BB68D6
:105D20009B78184600F0A2FA034644EA0302BB68D7
:105D30001B785B0313437B610EE0BB68DB781A04BE
:105D4000BB685B781B021343BA6892781A43BB683E
:105D50001B785B0313437B61FB681B68CA225A6292
:105D6000FB681B6853225A62F86800F023FA034666
:105D7000FB74FB7C002B0CD1FB681A687B6923F059
:105D80007F4323F0C0035360F86800F04AFA0346EB
:105D9000FB74FB7C002B02D1FB6801225A77FB6865
:105DA0001B68FF225A62FB6800221A77FB7C1846A8
:105DB0001C37BD4690BD80B586B000AFF860B960B5
:105DC0007A6000237B61FB681B685B6823F07F437C
:105DD00023F0C0037B617B691B0CDAB2BB68DA700D
:105DE0007B691B0ADBB203F01F03DAB2BB685A708F
:105DF0007B69DBB203F03F03DAB2BB689A707B6960
:105E00005B0BDBB203F00703DAB2BB681A707B6886
:105E1000002B1AD1BB68DB78184600F045FA034620
:105E20001A46BB68DA70BB685B78184600F03CFA2B
:105E300003461A46BB685A70BB689B78184600F048
:105E400033FA03461A46BB689A700023184618377F
:105E5000BD4680BD90B589B000AFF860B9607A608A
:105E60009B4B1B689B4AA2FB0323DB0A4FF47A720D
:105E700002FB03F37B610023FB610023BB61FB6832
:105E80001B7F012B01D102231EE1FB6801221A773F
:105E9000FB6802225A777B68002B37D1FB681B68AE
:105EA0009B6803F04003002B02D1BB680022DA702C
:105EB000BB681B78184600F0D9F903461C04BB6880
:105EC0005B78184600F0D2F903461B021C43BB68FE
:105ED0009B78184600F0CAF9034644EA0302BB68FF
:105EE000DB789B0542EA0304BB6893F82030184630
:105EF00000F0BCF903461B0644EA0302BB68DB69F9
:105F00001A43BB685B691343FB6123E0FB681B68B2
:105F10009B6803F04003002B02D1BB680022DA70BB
:105F2000BB681B781A04BB685B781B021343BA6812
:105F300092781A43BB68DB789B051A43BB6893F8D9
:105F400020301B061A43BB68DB691A43BB685B69D8
:105F50001343FB61BB685A68BB689B691343BB6111
:105F6000FB681B68CA225A62FB681B6853225A628C
:105F7000BB685B6AB3F5807F42D1FB681B689A6897
:105F8000FB681B6822F480729A60FB681B68DB6800
:105F9000DAB2FB681B6862F4C072DA607B69013BAD
:105FA0007B617B69002B0BD1FB681B68FF225A6267
:105FB000FB6803225A77FB6800221A77032383E0E9
:105FC000FB681B68DB6803F00103002BE6D0FB686D
:105FD0001B68FA69DA61FB681B68BA695A64FB6876
:105FE0001B689A68FB681B6842F480729A60FB68C1
:105FF0001B689A68FB681B6842F480529A604CE008
:10600000FB681B689A68FB681B6822F400729A6040
:10601000FB681B68DB68DAB2FB681B6862F42072FD
:10602000DA602B4B1B682B4AA2FB0323DB0A4FF4DD
:106030007A7202FB03F37B617B69013B7B617B69C5
:10604000002B0BD1FB681B68FF225A62FB680322FE
:106050005A77FB6800221A77032335E0FB681B6838
:10606000DB6803F00203002BE6D0FB681B68FA69CB
:106070001A62FB681B68BA699A64FB681B689A68B5
:10608000FB681B6842F400729A60FB681B689A68A0
:10609000FB681B6842F400529A600F4B1B680E4A63
:1060A00043F4003313600C4B9B680B4A43F40033FA
:1060B0009360FB681B68FF225A62FB6801225A77D3
:1060C000FB6800221A77002318462437BD4690BD8E
:1060D00038020020D34D6210003C014080B582B0F0
:1060E00000AF78601F4B4FF400325A617B681B6829
:1060F0009B6803F48053002B12D07B681B68DB681D
:1061000003F48073002B0BD07B681B68DB68DAB26A
:106110007B681B6862F4C072DA607868EBF78AFF0C
:106120007B681B689B6803F40053002B12D07B68CC
:106130001B68DB6803F40073002B0BD07B681B68C3
:10614000DB68DAB27B681B6862F42072DA60786818
:1061500000F0C8F87B6801225A7700BF0837BD46B7
:1061600080BD00BF003C014080B584B000AF7860C6
:106170000023FB607B681B680D4ADA60EBF7A0FD2B
:10618000F86009E0EBF79CFD0246FB68D31AB3F513
:106190007A7F01D9032307E07B681B68DB6803F083
:1061A0002003002BEED0002318461037BD4680BDDB
:1061B0005F7F010080B584B000AF78600023BB60D2
:1061C0000023FB737B681B68DB6803F04003002B34
:1061D00022D17B681B68DA687B681B6842F080020A
:1061E000DA60EBF76DFDB8600CE0EBF769FD024695
:1061F000BB68D31AB3F57A7F04D97B6804225A7737
:106200000123FB737B681B68DB6803F04003002BF2
:1062100002D1FB7B012BE8D1FB7B18461037BD4632
:1062200080BD80B584B000AF78600023FB737B68CD
:106230001B68DA687B681B6822F08002DA607B6882
:106240001B689B6803F02003002B0AD17868FFF7D6
:106250008BFF0346002B04D07B6804225A7701236E
:10626000FB73FB7B18461037BD4680BD80B485B0FC
:1062700000AF0346FB710023FB6005E0FB680133C0
:10628000FB60FB790A3BFB71FB79092BF6D8FB68B5
:10629000DBB21B01DAB2FB791343DBB218461437C9
:1062A000BD465DF8047B704780B485B000AF0346FF
:1062B000FB710023FB60FB791B09DBB21A46134616
:1062C0009B0013445B00FB60FB68DAB2FB7903F0D0
:1062D0000F03DBB21344DBB218461437BD465DF83A
:1062E000047B704780B483B000AF786000BF0C3788
:1062F000BD465DF8047B704780B582B000AF786022
:106300007B68002B01D1012322E07B6893F83430B5
:10631000DBB2002B05D17B6800221A777868ECF796
:1063200035F87B68032283F83420786800F014F88D
:106330000346002B01D001230AE07B6800229A6308
:106340007B6800221A637B68012283F834200023D3
:1063500018460837BD4680BDB0B58EB004AF786032
:106360000023BB600023FB6000233B6100237B61B3
:106370000023BB617623FB617B681D686C4607F1D7
:10638000140393E8070084E8070007F108030ECB25
:10639000284603F0FDFE034687F8273097F827309C
:1063A000002B01D001234FE0294B00221A607B68AB
:1063B0001B68184603F035FF254B01221A600220A6
:1063C000EBF798FC786801F097F838623B6A002B8D
:1063D0000BD07B68012283F834207B689A6B3B6A80
:1063E0001A437B689A6301232EE0786800F0B6FFB9
:1063F00038623B6A002B0BD07B68012283F8342083
:106400007B689A6B3B6A1A437B689A6301231BE0A3
:106410007B681B684FF40071184603F0A2FF3862D6
:106420003B6A002B0FD07B681B680A4A9A637B6823
:106430009A6B3B6A1A437B689A637B68012283F8F4
:106440003420012300E0002318462837BD46B0BDA4
:10645000A0802542FF05400080B582B000AF786083
:106460007B68002B01D1012311E07B68032283F8B4
:106470003420786801F0CEF87868ECF793F87B6800
:1064800000229A637B68002283F834200023184698
:106490000837BD4680BD000080B592B000AFF860FF
:1064A000B9607A603B60EBF70BFC38637B68BB63D9
:1064B000BB687B63BB68002B07D1FB689B6B43F019
:1064C0000062FB689A630123C5E1FB6893F83430EE
:1064D000DBB2012B40F0B881FB6800229A63BA6BF3
:1064E0003B681A44FB68DB6D9A4207D9FB689B6BDB
:1064F00043F00072FB689A630123ACE1FB6803225E
:1065000083F83420FB681B680022DA62FB685B6C4E
:10651000012B02D0BB6B5B02BB634FF0FF337B618F
:106520003B685B02BB619023FB6102233B6200235B
:106530007B620123BB62FB681B6807F114021146F2
:10654000184603F0E2FE3B68012B0AD9FB680222E1
:106550001A63FB681B68B96B184603F046FF786442
:1065600009E0FB6801221A63FB681B68B96B1846D7
:1065700003F019FF78647B6C002B12D0FB681B685A
:106580007E4A9A63FB689A6B7B6C1A43FB689A633A
:10659000FB68012283F83420FB6800221A63012380
:1065A00059E1BB69FB6361E0FB681B685B6B03F44B
:1065B0000043002B3CD0FB6B002B39D000233B6405
:1065C00033E0FB681B68184603F00DFEF862FB6AB7
:1065D000DAB27B6B1A707B6B01337B63FB6B013B25
:1065E000FB63FB6A1B0ADAB27B6B1A707B6B0133AD
:1065F0007B63FB6B013BFB63FB6A1B0CDAB27B6BBF
:106600001A707B6B01337B63FB6B013BFB63FB6AA3
:106610001B0EDAB27B6B1A707B6B01337B63FB6BF7
:10662000013BFB633B6C01333B643B6C072BC8D9DC
:10663000EBF746FB02463B6BD31A3A6D9A4202D9FE
:106640003B6D002B12D1FB681B684C4A9A63FB68B8
:106650009B6B43F00042FB689A63FB68012283F85E
:106660003420FB6800221A630323F4E0FB681B68F4
:106670005A6B40F22A331340002B95D0FB681B68FD
:106680005B6B03F48073002B22D03B68012B1FD976
:10669000FB685B6C032B1BD0FB681B68184603F080
:1066A0000BFF78647B6C002B12D0FB681B68334AAD
:1066B0009A63FB689A6B7B6C1A43FB689A63FB686E
:1066C000012283F83420FB6800221A630123C2E010
:1066D000FB681B685B6B03F00803002B06D1FB68AB
:1066E0001B685B6B03F40073002B12D0FB681B6804
:1066F000224A9A63FB689B6B43F00802FB689A632B
:10670000FB68012283F83420FB6800221A6301230E
:10671000A1E0FB681B685B6B03F00203002B12D047
:10672000FB681B68154A9A63FB689B6B43F0020287
:10673000FB689A63FB68012283F83420FB6800221F
:106740001A63012387E0FB681B685B6B03F020037F
:10675000002B64D0FB681B68084A9A63FB689B6B3C
:1067600043F02002FB689A63FB68012283F834201F
:10677000FB6800221A6301236DE000BFFF054000A3
:10678000FB681B68184603F02EFDF862FB6ADAB25C
:106790007B6B1A707B6B01337B63FB6B013BFB6391
:1067A000FB6A1B0ADAB27B6B1A707B6B01337B636B
:1067B000FB6B013BFB63FB6A1B0CDAB27B6B1A7051
:1067C0007B6B01337B63FB6B013BFB63FB6A1B0E43
:1067D000DAB27B6B1A707B6B01337B63FB6B013B23
:1067E000FB63EBF76DFA02463B6BD31A3A6D9A42A4
:1067F00002D93B6D002B12D1FB681B68184A9A63C3
:10680000FB689B6B43F00042FB689A63FB680122C4
:1068100083F83420FB6800221A6301231BE0FB6825
:106820001B685B6B03F40013002B02D0FB6B002B87
:10683000A6D1FB681B6840F23A529A63FB680122BA
:1068400083F83420002306E0FB689B6B43F0005282
:10685000FB689A63012318464837BD4680BD00BFD8
:10686000FF05400080B592B000AFF860B9607A6073
:106870003B60EBF725FA38637B68BB63BB687B63DF
:10688000BB68002B07D1FB689B6B43F00062FB6881
:106890009A6301236DE1FB6893F83430DBB2012B7E
:1068A00040F06081FB6800229A63BA6B3B681A442F
:1068B000FB68DB6D9A4207D9FB689B6B43F0007263
:1068C000FB689A63012354E1FB68032283F83420B8
:1068D000FB681B680022DA62FB685B6C012B02D04C
:1068E000BB6B5B02BB634FF0FF33BB613B685B027A
:1068F000FB6190233B6200237B620023BB62012388
:10690000FB62FB681B6807F118021146184603F08A
:10691000FCFC3B68012B0AD9FB6820221A63FB6848
:106920001B68B96B184603F0A4FD786409E0FB68A6
:1069300010221A63FB681B68B96B184603F077FDD9
:1069400078647B6C002B12D0FB681B688B4A9A63BF
:10695000FB689A6B7B6C1A43FB689A63FB680122A5
:1069600083F83420FB6800221A63012301E1FB69EC
:10697000FB6365E0FB681B685B6B03F48043002BE3
:1069800040D0FB6B002B3DD000233B6437E07B6B9A
:106990001B787B617B6B01337B63FB6B013BFB6390
:1069A0007B6B1B781A027B6913437B617B6B013322
:1069B0007B63FB6B013BFB637B6B1B781A047B697E
:1069C00013437B617B6B01337B63FB6B013BFB639D
:1069D0007B6B1B781A067B6913437B617B6B0133EE
:1069E0007B63FB6B013BFB63FB681B6807F11402D5
:1069F0001146184603F004FC3B6C01333B643B6CCE
:106A0000072BC4D9EBF75CF902463B6BD31A3A6DFE
:106A10009A4202D93B6D002B12D1FB681B68574A82
:106A20009A63FB689A6B7B6C1A43FB689A63FB68FA
:106A3000012283F83420FB6800221A63032398E0C4
:106A4000FB681B685A6B40F21A331340002B91D03D
:106A5000FB681B685B6B03F48073002B22D03B68E0
:106A6000012B1FD9FB685B6C032B1BD0FB681B68D9
:106A7000184603F021FD78647B6C002B12D0FB6874
:106A80001B683E4A9A63FB689A6B7B6C1A43FB68EF
:106A90009A63FB68012283F83420FB6800221A63A2
:106AA000012366E0FB681B685B6B03F00803002BA7
:106AB00006D1FB681B685B6B03F40073002B12D0DC
:106AC000FB681B682D4A9A63FB689B6B43F00802C6
:106AD000FB689A63FB68012283F83420FB6800227C
:106AE0001A63012345E0FB681B685B6B03F002033C
:106AF000002B12D0FB681B68204A9A63FB689B6BD3
:106B000043F00202FB689A63FB68012283F8342099
:106B1000FB6800221A6301232BE0FB681B685B6B98
:106B200003F01003002B12D0FB681B68134A9A6312
:106B3000FB689B6B43F01002FB689A63FB680122C1
:106B400083F83420FB6800221A63012311E0FB68FC
:106B50001B6840F23A529A63FB68012283F83420A2
:106B6000002306E0FB689B6B43F00052FB689A63CE
:106B7000012318464837BD4680BD00BFFF054000D1
:106B800080B584B000AF78607B681B6BFB607B686E
:106B90001B685B6B03F40043002B08D0FB6803F019
:106BA0000803002B03D0786800F069FD65E17B687D
:106BB0001B685B6B03F48073002B00F08F807B6895
:106BC0001B684FF480729A637B681B68DB6B7A6882
:106BD000126823F4434323F03A03D3637B681B68B2
:106BE000DA6A7B681B6822F00102DA62FB6803F054
:106BF0000803002B39D0FB6803F00203002B04D1FB
:106C0000FB6803F02003002B11D07B681B6818463B
:106C100003F052FCB860BB68002B08D07B689A6B0D
:106C2000BB681A437B689A63786800F02FF97B6829
:106C30001B6840F23A529A637B68012283F8342041
:106C40007B6800221A63FB6803F00103002B04D168
:106C5000FB6803F00203002B03D0786804F078F897
:106C60000BE1786804F06AF807E1FB6803F0800341
:106C7000002B00F00281FB6803F02003002B11D0F1
:106C80007B681B68184603F017FCB860BB68002BD4
:106C900008D07B689A6BBB681A437B689A637868F4
:106CA00000F0F4F8FB6803F00103002B40F0E580EE
:106CB000FB6803F00203002B40F0DF807B681B6859
:106CC000DA6A7B681B6822F00802DA627B680122BC
:106CD00083F83420786804F031F8CEE07B681B68D4
:106CE0005B6B03F48043002B08D0FB6803F00803C0
:106CF000002B03D0786800F013FDBEE07B681B68B2
:106D00005A6B40F23A231340002B00F0B6807B68A8
:106D10001B685B6B03F00203002B05D07B689B6B49
:106D200043F002027B689A637B681B685B6B03F02D
:106D30000803002B05D07B689B6B43F008027B683F
:106D40009A637B681B685B6B03F02003002B05D004
:106D50007B689B6B43F020027B689A637B681B68AF
:106D60005B6B03F01003002B05D07B689B6B43F03B
:106D700010027B689A637B681B685B6B03F400738B
:106D8000002B05D07B689B6B43F008027B689A63FD
:106D90007B681B6840F23A729A637B681B68DB6B06
:106DA0007A68126823F44E7323F00203D3637B687E
:106DB0001B68184603F080FB02467B689B6B1A43F6
:106DC0007B689A63FB6803F00803002B0AD07B689A
:106DD000012283F834207B6800221A63786800F06F
:106DE00055F84AE0FB6803F08003002B45D0FB68B0
:106DF00003F01003002B04D1FB6803F02003002BE9
:106E000011D07B68DB6B1F4A1A657B68DB6B184609
:106E1000FBF756FB0346002B2FD07B68DB6B184635
:106E200000F02EFA29E0FB6803F00103002B04D1E7
:106E3000FB6803F00203002B11D07B681B6C124A25
:106E40001A657B681B6C1846FBF73AFB0346002B60
:106E500013D07B681B6C184600F049FA0DE07B6884
:106E600000229A637B68012283F834207B68002229
:106E70001A63786803F058FFFFE700BF1037BD467C
:106E800080BD00BF81720108EF72010880B483B039
:106E900000AF786000BF0C37BD465DF8047B7047DB
:106EA00080B483B000AF786039607B685B6E9B0F05
:106EB000DAB23B681A707B685B6E9B0EDBB203F044
:106EC0000F03DAB23B685A707B685B6E1B0EDBB255
:106ED00003F00303DAB23B689A707B685B6E1B0CAD
:106EE000DAB23B68DA707B685B6E1B0ADAB23B6829
:106EF0001A717B685B6EDAB23B685A717B689B6E75
:106F00001B0D9AB23B68DA807B689B6E1B0CDBB270
:106F100003F00F03DAB23B681A727B689B6EDB0BDF
:106F2000DBB203F00103DAB23B685A727B689B6EF6
:106F30009B0BDBB203F00103DAB23B689A727B6809
:106F40009B6E5B0BDBB203F00103DAB23B68DA72D3
:106F50007B689B6E1B0BDBB203F00103DAB23B686C
:106F60001A733B6800225A737B685B6C002B63D1F9
:106F70007B689B6E9A0040F6FC7313407A68D26E71
:106F8000920F1A433B681A617B68DB6EDB0EDBB243
:106F900003F00703DAB23B681A757B68DB6E1B0EE1
:106FA000DBB203F00703DAB23B685A757B68DB6E2D
:106FB0005B0DDBB203F00703DAB23B689A757B68BE
:106FC000DB6E9B0CDBB203F00703DAB23B68DA75C9
:106FD0007B68DB6EDB0BDBB203F00703DAB23B68E6
:106FE0001A763B681B695A1C7B685A653B681B7E96
:106FF000DBB203F007030233012202FA03F37A68DB
:10700000526D03FB02F27B685A653B681B7ADBB268
:1070100003F00F0301229A407B689A657B685B6DE1
:107020007A68926D520A03FB02F27B68DA657B682C
:107030004FF400721A6631E07B685B6C012B1DD146
:107040007B689B6E1B0403F47C127B68DB6E1B0C5D
:107050001A433B681A613B681B6901339A027B68DB
:107060005A657B685A6D7B68DA657B684FF40072FD
:107070009A657B689A6D7B681A660FE07B681B686F
:10708000584A9A637B689B6B43F080527B689A6393
:107090007B68012283F8342001239DE07B68DB6E4E
:1070A0009B0BDBB203F00103DAB23B685A767B68D4
:1070B000DB6EDB09DBB203F07F03DAB23B689A7662
:1070C0007B68DB6EDBB203F07F03DAB23B68DA7613
:1070D0007B681B6FDB0FDAB23B681A777B681B6F2C
:1070E0005B0FDBB203F00303DAB23B685A777B68CD
:1070F0001B6F9B0EDBB203F00703DAB23B689A7793
:107100007B681B6F9B0DDBB203F00F03DAB23B68A9
:10711000DA777B681B6F5B0DDBB203F00103DAB239
:107120003B6883F820203B68002283F821207B689D
:107130001B6F1B0CDBB203F00103DAB23B6883F870
:1071400022207B681B6FDB0BDBB203F00103DAB29A
:107150003B6883F823207B681B6F9B0BDBB203F03B
:107160000103DAB23B6883F824207B681B6F5B0B5A
:10717000DBB203F00103DAB23B6883F825207B68B9
:107180001B6F1B0BDBB203F00103DAB23B6883F821
:1071900026207B681B6F9B0ADBB203F00303DAB285
:1071A0003B6883F827207B681B6F1B0ADBB203F068
:1071B0000303DAB23B6883F828207B681B6F5B0807
:1071C000DBB203F07F03DAB23B6883F829203B6827
:1071D000012283F82A20002318460C37BD465DF8AB
:1071E000047B7047FF05400080B483B000AF786037
:1071F00039607B685A6C3B681A607B689A6C3B68A4
:107200005A607B68DA6C3B689A607B681A6D3B68F1
:10721000DA607B685A6D3B681A617B689A6D3B68DF
:107220005A617B68DA6D3B689A617B681A6E3B68CD
:10723000DA61002318460C37BD465DF8047B7047C1
:1072400080B586B000AF78600023FB6007F10C03C7
:107250001946786800F0EBF978617B69002B05D05E
:107260007B689A6B7B691A437B689A63FB685B0A4D
:1072700003F00F033B613B6918461837BD4680BDDC
:1072800080B584B000AF78607B689B6BFB60FB6867
:107290001B6840F23A529A63F868FFF7D1FFB86072
:1072A000FB68012283F83420FB6800221A63BB6864
:1072B000062B02D0BB68052B0AD1FB681B68184659
:1072C00003F0FAF80246FB689B6B1A43FB689A636B
:1072D000FB689B6B002B03D1F86803F025FD02E0EF
:1072E000F868FFF7D3FD00BF1037BD4680BD80B5FD
:1072F00084B000AF78607B689B6BFB60FB681B68A9
:1073000040F23A529A63F868FFF79AFFB860FB6858
:10731000012283F83420FB6800221A63BB68062B25
:1073200002D0BB68052B0AD1FB681B68184603F026
:10733000C3F80246FB689B6B1A43FB689A63FB68C1
:107340009B6B002B03D1F86803F0EEFC02E0F868B9
:10735000FFF79CFD00BF1037BD4680BDB0B594B0AF
:1073600004AF78600123FB817B681B68184602F03C
:1073700074FF0346002B02D14FF08063B8E07B68B6
:107380005B6C032B2FD07B681B68184603F05BF9FE
:10739000F863FB6B002B01D0FB6BA9E07B681B68DB
:1073A0000021184602F09EFF02467B685A677B6800
:1073B0001B680421184602F095FF02467B689A6715
:1073C0007B681B680821184602F08CFF02467B6828
:1073D000DA677B681B680C21184602F083FF0246BF
:1073E0007B68C3F880207B685B6C032B0DD07B68C7
:1073F0001B6807F10E021146184603F061F9F863A5
:10740000FB6B002B01D0FB6B72E07B685B6C032B8A
:1074100036D0FB891A467B681A657B681A687B68D8
:107420001B6D1B041946104603F02BF9F863FB6B28
:10743000002B01D0FB6B5BE07B681B6800211846CA
:1074400002F050FF02467B685A667B681B68042185
:10745000184602F047FF02467B689A667B681B6805
:107460000821184602F03EFF02467B68DA667B6818
:107470001B680C21184602F035FF02467B681A672C
:107480007B681B680421184602F02CFF03461A0D86
:107490007B68DA6407F1100319467868FFF700FD8E
:1074A0000346002B02D04FF0805321E07B6819681F
:1074B0007B681B6D1B0400221C46154622462B468A
:1074C000084603F01BF8F863FB6B002B01D0FB6B45
:1074D0000EE07B681D687B686C4603F1100207CAEA
:1074E00084E8070004330ECB284602F051FE002347
:1074F00018464037BD46B0BD80B586B000AF786055
:107500000023BB6000237B6100233B617B681B6819
:10751000184603F016F8F860FB68002B01D0FB68F2
:1075200072E07B681B68184603F029F8F860FB6876
:10753000002B0DD07B6800229A647B681B6818467C
:1075400002F0FFFFF860FB68002B04D0FB685BE0F3
:107550007B6801229A647B689B6C012B37D17B6826
:107560001B680021184603F029F8F860FB68002B1F
:107570002DD04FF0805347E07B681B6800211846F0
:1075800003F01CF8F860FB68002B01D0FB683BE0BF
:107590007B681B681E49184603F032F8F860FB68E8
:1075A000002B02D04FF080532EE07B681B68002137
:1075B000184602F097FE78617B69DB0F012B01D141
:1075C000012300E000233B61BB680133BB60BB6863
:1075D0004FF6FE72934202D83B69002BCCD0BB68B9
:1075E0004FF6FE72934202D94FF080730CE07B6934
:1075F00003F08043002B03D07B6801225A6402E031
:107600007B6800225A64002318461837BD4680BDA7
:10761000000010C180B582B000AF78607B681B6845
:10762000184602F00CFE00BF0837BD4680BD80B58D
:1076300084B000AF786039603B68002B02D14FF016
:10764000006318E07B681A687B681B6D1B04194691
:10765000104603F056F8F860FB68002B01D0FB6879
:1076600009E07B681B680021184602F03BFE0246D9
:107670003B681A60002318461037BD4680BD80B5B0
:1076800086B000AF78607B689B6AFB607B68DB6AD2
:107690003B613B69002B3FD000237B6133E07B687B
:1076A0001B68184602F09FFDB860BB68DAB2FB6841
:1076B0001A70FB680133FB603B69013B3B61BB68AF
:1076C0001B0ADAB2FB681A70FB680133FB603B6986
:1076D000013B3B61BB681B0CDAB2FB681A70FB68AC
:1076E0000133FB603B69013B3B61BB681B0EDAB2B7
:1076F000FB681A70FB680133FB603B69013B3B612F
:107700007B6901337B617B69072BC8D97B68FA6889
:107710009A627B683A69DA6200BF1837BD4680BD5D
:1077200080B586B000AF78607B681B6AFB607B68C1
:107730005B6A3B613B69002B43D000237B6137E0F0
:10774000FB681B78BB60FB680133FB603B69013B56
:107750003B61FB681B781A02BB681343BB60FB6884
:107760000133FB603B69013B3B61FB681B781A04FA
:10777000BB681343BB60FB680133FB603B69013BA3
:107780003B61FB681B781A06BB681343BB60FB6850
:107790000133FB603B69013B3B617B681B6807F180
:1077A00008021146184602F02BFD7B6901337B610C
:1077B0007B69072BC4D97B68FA681A627B683A69CF
:1077C0005A6200BF1837BD4680BD80B582B000AF99
:1077D00078607B68002B01D101237BE07B685B6ACA
:1077E000002B08D17B685B68B3F5827F09D07B688A
:1077F0000022DA6105E07B6800221A617B680022C2
:107800005A617B6800229A627B6893F85130DBB240
:10781000002B06D17B68002283F850207868EAF7B5
:10782000F3FE7B68022283F851207B681B681A688C
:107830007B681B6822F040021A607B685B6803F477
:1078400082727B689B6803F404431A437B68DB689D
:1078500003F400631A437B681B6903F002031A43B5
:107860007B685B6903F001031A437B689B6903F43F
:1078700000731A437B68DB6903F038031A437B68A3
:107880001B6A03F0800342EA03017B689B6A03F4EE
:1078900000527B681B680A431A607B689B691B0C5B
:1078A00003F004017B685B6A03F010027B681B68CD
:1078B0000A435A607B681B68DA697B681B6822F49C
:1078C0000062DA617B6800225A657B68012283F8D6
:1078D0005120002318460837BD4680BD80B588B0CA
:1078E00000AFF860B9603B601346FB80EAF7E8F947
:1078F000F861FB887B83FB6893F85130DBB2012B86
:1079000001D002232AE1BB68002B02D0FB88002BA8
:1079100001D1012322E1FB6893F85030012B01D102
:1079200002231BE1FB68012283F85020FB6803223D
:1079300083F85120FB6800225A65FB68BA681A6315
:10794000FB68FA889A86FB68FA88DA86FB68002268
:107950009A63FB6800229A87FB680022DA87FB683B
:1079600000225A64FB6800221A64FB689B68B3F526
:10797000004F0FD1FB681B681A68FB681B6822F078
:1079800040021A60FB681B681A68FB681B6842F4B7
:1079900080421A60FB681B681B6803F04003402BA1
:1079A00007D0FB681B681A68FB681B6842F040023E
:1079B0001A60FB68DB68B3F5006F52D1FB685B6847
:1079C000002B02D07B8B012B45D1FB681B6B1A88E7
:1079D000FB681B68DA60FB681B6B9A1CFB681A6308
:1079E000FB68DB8E9BB2013B9AB2FB68DA8632E021
:1079F000FB681B689B6803F00203022B12D1FB6833
:107A00001B6B1A88FB681B68DA60FB681B6B9A1C8F
:107A1000FB681A63FB68DB8E9BB2013B9AB2FB6882
:107A2000DA8618E0EAF74CF90246FB69D31A3A689D
:107A30009A4203D83B68B3F1FF3F02D13B68002B69
:107A400009D1FB68012283F85120FB68002283F8EA
:107A50005020032382E0FB68DB8E9BB2002BC7D152
:107A600053E0FB685B68002B02D07B8B012B47D176
:107A7000FB681A6BFB681B680C3312781A70FB6882
:107A80001B6B5A1CFB681A63FB68DB8E9BB2013BC5
:107A90009AB2FB68DA8633E0FB681B689B6803F0E8
:107AA0000203022B13D1FB681A6BFB681B680C33B3
:107AB00012781A70FB681B6B5A1CFB681A63FB6810
:107AC000DB8E9BB2013B9AB2FB68DA8618E0EAF7DC
:107AD000F7F80246FB69D31A3A689A4203D83B6822
:107AE000B3F1FF3F02D13B68002B09D1FB680122B3
:107AF00083F85120FB68002283F8502003232DE0F7
:107B0000FB68DB8E9BB2002BC6D1FA693968F86836
:107B100000F0D2FE0346002B02D0FB6820225A65FB
:107B2000FB689B68002B0AD100237B61FB681B6804
:107B3000DB687B61FB681B689B687B617B69FB681A
:107B4000012283F85120FB68002283F85020FB6853
:107B50005B6D002B01D0012300E000231846203785
:107B6000BD4680BD80B588B002AFF860B9603B60AB
:107B70001346FB80FB6893F85130DBB2012B01D038
:107B8000022304E1FB685B68B3F5827F12D1FB68D6
:107B90009B68002B0ED1FB68042283F85120FA88E1
:107BA0003B6800931346BA68B968F86800F0F3F8C8
:107BB0000346ECE0EAF784F87861BB68002B02D05A
:107BC000FB88002B01D10123E1E0FB6893F85030E2
:107BD000012B01D10223DAE0FB68012283F8502057
:107BE000FB68042283F85120FB6800225A65FB6879
:107BF000BA689A63FB68FA889A87FB68FA88DA871A
:107C0000FB6800221A63FB6800229A86FB68002248
:107C1000DA86FB6800221A64FB6800225A64FB685B
:107C20009B68B3F5004F0FD1FB681B681A68FB68AF
:107C30001B6822F040021A60FB681B681A68FB6828
:107C40001B6822F480421A60FB681B681B6803F003
:107C50004003402B07D0FB681B681A68FB681B6851
:107C600042F040021A60FB68DB68002B70D135E0FF
:107C7000FB681B689B6803F00103012B15D1FB68AF
:107C80001B6803F10C02FB689B6B1278D2B21A706E
:107C9000FB689B6B5A1CFB689A63FB68DB8F9BB28B
:107CA000013B9AB2FB68DA8718E0EAF709F8024666
:107CB0007B69D31A3A689A4203D83B68B3F1FF3F15
:107CC00002D13B68002B09D1FB68012283F85120C7
:107CD000FB68002283F85020032358E0FB68DB8F09
:107CE0009BB2002BC4D138E0FB681B689B6803F093
:107CF0000103012B13D1FB681B68DA68FB689B6BDF
:107D000092B21A80FB689B6B9A1CFB689A63FB68B3
:107D1000DB8F9BB2013B9AB2FB68DA8718E0E9F788
:107D2000CFFF02467B69D31A3A689A4203D83B6870
:107D3000B3F1FF3F02D13B68002B09D1FB68012260
:107D400083F85120FB68002283F8502003231EE0B3
:107D5000FB68DB8F9BB2002BC6D17A693968F86863
:107D600000F044FD0346002B02D0FB6820225A6538
:107D7000FB68012283F85120FB68002283F8502021
:107D8000FB685B6D002B01D0012300E00023184647
:107D90001837BD4680BD80B58AB000AFF860B960C5
:107DA0007A607B8001237B62E9F78AFF3862FB6897
:107DB00093F85130FB77FB685B68BB617B88FB8283
:107DC000FB7F012B0CD0BB69B3F5827F06D1FB682A
:107DD0009B68002B02D1FB7F042B01D002237FE1A3
:107DE000BB68002B05D07B68002B02D07B88002B62
:107DF00001D1012374E1FB6893F85030012B01D1CC
:107E000002236DE1FB68012283F85020FB6893F8A0
:107E10005130DBB2042B03D0FB68052283F85120DC
:107E2000FB6800225A65FB687A689A63FB687A8867
:107E3000DA87FB687A889A87FB68BA681A63FB68F6
:107E40007A88DA86FB687A889A86FB6800221A6448
:107E5000FB6800225A64FB681B681B6803F0400340
:107E6000402B07D0FB681B681A68FB681B6842F050
:107E700040021A60FB68DB68B3F5006F7ED1FB68D7
:107E80005B68002B02D0FB8A012B6CD1FB681B6B5B
:107E90001A88FB681B68DA60FB681B6B9A1CFB681E
:107EA0001A63FB68DB8E9BB2013B9AB2FB68DA86F1
:107EB00059E0FB681B689B6803F00203022B1BD18F
:107EC000FB68DB8E9BB2002B16D07B6A012B13D193
:107ED000FB681B6B1A88FB681B68DA60FB681B6B0E
:107EE0009A1CFB681A63FB68DB8E9BB2013B9AB25B
:107EF000FB68DA8600237B62FB681B689B6803F0E3
:107F00000103012B19D1FB68DB8F9BB2002B14D02E
:107F1000FB681B68DA68FB689B6B92B21A80FB688F
:107F20009B6B9A1CFB689A63FB68DB8F9BB2013BDF
:107F30009AB2FB68DA8701237B62E9F7C1FE024649
:107F40003B6AD31A3A6B9A420DD83B6BB3F1FF3FB1
:107F500009D0FB68012283F85120FB68002283F8D6
:107F600050200323BCE0FB68DB8E9BB2002BA0D12A
:107F7000FB68DB8F9BB2002B9BD182E0FB685B68C8
:107F8000002B02D0FB8A012B71D1FB681A6BFB68B6
:107F90001B680C3312781A70FB681B6B5A1CFB6849
:107FA0001A63FB68DB8E9BB2013B9AB2FB68DA86F0
:107FB0005DE0FB681B689B6803F00203022B1CD189
:107FC000FB68DB8E9BB2002B17D07B6A012B14D190
:107FD000FB681A6BFB681B680C3312781A70FB681D
:107FE0001B6B5A1CFB681A63FB68DB8E9BB2013B60
:107FF0009AB2FB68DA8600237B62FB681B689B6889
:1080000003F00103012B19D1FB68DB8F9BB2002B1E
:1080100014D0FB681B68DA68FB689B6BD2B21A70DD
:10802000FB689B6B5A1CFB689A63FB68DB8F9BB2F7
:10803000013B9AB2FB68DA8701237B62E9F740FED5
:1080400002463B6AD31A3A6B9A4203D83B6BB3F1B0
:10805000FF3F02D13B6B002B09D1FB68012283F863
:108060005120FB68002283F85020032338E0FB688E
:10807000DB8E9BB2002B9CD1FB68DB8F9BB2002B6D
:1080800097D13A6A396BF86800F016FC0346002B6A
:1080900008D0FB6820225A65FB68002283F8502034
:1080A00001231DE0FB689B68002B0AD100233B6184
:1080B000FB681B68DB683B61FB681B689B683B6176
:1080C0003B69FB68012283F85120FB68002283F89A
:1080D0005020FB685B6D002B01D0012300E00023E2
:1080E00018462837BD4680BD80B586B000AFF86021
:1080F000B9607A607B80FB6893F85130FB75FB6850
:108100005B683B61FB7D012B0CD03B69B3F5827F43
:1081100006D1FB689B68002B02D1FB7D042B01D0AC
:108120000223CFE0BB68002B05D07B68002B02D078
:108130007B88002B01D10123C4E0FB6893F8503009
:10814000012B01D10223BDE0FB68012283F85020FE
:10815000FB6893F85130DBB2042B03D0FB68052297
:1081600083F85120FB6800225A65FB68BA681A63DD
:10817000FB687A889A86FB687A88DA86FB687A6870
:108180009A63FB687A889A87FB687A88DA87FB6843
:1081900000221A64FB6800225A64FB6893F851308D
:1081A000DBB2042B08D1FB68DB6C484A1A64FB681D
:1081B000DB6C474ADA6307E0FB68DB6C454A1A640C
:1081C000FB68DB6C444ADA63FB68DB6C434ADA64C5
:1081D000FB68DB6C00221A65FB68D86CFB681B68C7
:1081E0000C331946FB689B6B1A46FB68DB8F9BB20E
:1081F000FAF79EF80346002B0BD0FB685B6D43F04B
:108200001002FB685A65FB68002283F850200123A6
:1082100058E0FB681B685A68FB681B6842F0010263
:108220005A60FB689B6C00221A64FB689B6C0022FE
:10823000DA63FB689B6C0022DA64FB689B6C0022AB
:108240001A65FB68986CFB681B6B1946FB681B681A
:108250000C331A46FB68DB8E9BB2FAF769F80346CB
:10826000002B0BD0FB685B6D43F01002FB685A6576
:10827000FB68002283F85020012323E0FB681B6881
:108280001B6803F04003402B07D0FB681B681A688B
:10829000FB681B6842F040021A60FB68002283F80A
:1082A0005020FB681B685A68FB681B6842F020027C
:1082B0005A60FB681B685A68FB681B6842F0020240
:1082C0005A60002318461837BD4680BD3D86010818
:1082D0000585010859860108AD85010875860108E4
:1082E00080B588B000AF78607B681B685B68FB6115
:1082F0007B681B689B68BB61BB6903F04003002B74
:108300000ED1BB6903F00103002B09D0FB6903F018
:108310004003002B04D07B681B6C78689847CEE044
:10832000BB6903F00203002B09D0FB6903F0800353
:10833000002B04D07B685B6C78689847BFE0BB6912
:1083400003F02003002B0AD1BB6903F04003002B8C
:1083500005D1BB6903F48073002B00F0B080FB698A
:1083600003F02003002B00F0AA80BB6903F0400358
:10837000002B23D07B6893F85130DBB2032B11D054
:108380007B685B6D43F004027B685A6500237B6168
:108390007B681B68DB687B617B681B689B687B6113
:1083A0007B690BE000233B617B681B68DB683B61FA
:1083B0007B681B689B683B613B6980E0BB6903F09D
:1083C0002003002B14D07B685B6D43F001027B68B7
:1083D0005A650023FB607B681B689B68FB607B68B9
:1083E0001B681A687B681B6822F040021A60FB68F1
:1083F000BB6903F48073002B0CD07B685B6D43F08A
:1084000008027B685A650023BB607B681B689B6819
:10841000BB60BB687B685B6D002B4FD07B681B68C3
:108420005A687B681B6822F0E0025A607B68012270
:1084300083F85120FB6903F00203002B04D1FB6990
:1084400003F00103002B34D07B681B685A687B68FB
:108450001B6822F003025A607B68DB6C002B11D092
:108460007B68DB6C174A1A657B68DB6C1846FAF789
:1084700027F80346002B05D07B685B6D43F0400274
:108480007B685A657B689B6C002B16D07B689B6C65
:108490000C4A1A657B689B6C1846FAF711F803467C
:1084A000002B0AD07B685B6D43F040027B685A6505
:1084B00003E07868E9F7EEFB00E000BF00BF20377B
:1084C000BD4680BDB586010880B483B000AF78603A
:1084D00000BF0C37BD465DF8047B704780B483B0A5
:1084E00000AF786000BF0C37BD465DF8047B704775
:1084F00080B483B000AF786000BF0C37BD465DF834
:10850000047B704780B584B000AF78607B689B6B5C
:10851000FB60E9F7D5FBB8607B681B681B6803F458
:108520008073B3F5807F3BD0FB681B685A68FB689B
:108530001B6822F020025A60FB689B68002B0DD15B
:10854000FB685B68B3F5827F08D1FB681B685A68DB
:10855000FB681B6822F003025A6007E0FB681B6897
:108560005A68FB681B6822F001025A60BA686421ED
:10857000F86800F03BF90346002B02D0FB6820228C
:108580005A65FB680022DA87FB68012283F85120D4
:10859000FB685B6D002B03D0F868E9F77BFB02E01A
:1085A000F868FFF791FF1037BD4680BD80B584B0F5
:1085B00000AF78607B689B6BFB60E9F781FBB8607C
:1085C0007B681B681B6803F48073B3F5807F2FD032
:1085D000FB681B685A68FB681B6822F020025A601F
:1085E000BA686421F86800F067F90346002B05D0EB
:1085F000FB685B6D43F02002FB685A65FB681B68F3
:108600005A68FB681B6822F003025A60FB6800226C
:10861000DA86FB680022DA87FB68012283F85120A2
:10862000FB685B6D002B03D0F868E9F733FB02E0D1
:10863000F868E9F70DFC1037BD4680BD80B584B001
:1086400000AF78607B689B6BFB60F868FFF746FFC4
:1086500000BF1037BD4680BD80B584B000AF7860E4
:108660007B689B6BFB60F868FFF742FF00BF103729
:10867000BD4680BD80B584B000AF78607B689B6BE1
:10868000FB60FB681B685A68FB681B6822F00302EA
:108690005A60FB685B6D43F01002FB685A65FB682B
:1086A000012283F85120F868E9F7F4FA00BF103787
:1086B000BD4680BD80B584B000AF78607B689B6BA1
:1086C000FB60FB680022DA87FB680022DA86F86824
:1086D000E9F7E0FA00BF1037BD4680BD80B588B02D
:1086E00000AFF860B9603B601346FB71E9F7E8FA48
:1086F0000246BB6A9B1A3A681344FB61E9F7E0FA49
:10870000B861394B1B685B011B0DFA6902FB03F36F
:108710007B6154E03B68B3F1FF3F50D0E9F7D0FAFA
:108720000246BB69D31AFA699A4202D9FB69002B47
:108730003DD1FB681B685A68FB681B6822F0E002A9
:108740005A60FB685B68B3F5827F11D1FB689B6858
:10875000B3F5004F04D0FB689B68B3F5806F07D179
:10876000FB681B681A68FB681B6822F040021A60ED
:10877000FB689B6AB3F5005F0FD1FB681B681A6842
:10878000FB681B6822F400521A60FB681B681A68B9
:10879000FB681B6842F400521A60FB68012283F8F0
:1087A0005120FB68002283F85020032317E07B69E7
:1087B000002B01D10023FB617B69013B7B61FB68DE
:1087C0001B689A68BB681340BA689A420CBF0123C1
:1087D0000023DBB21A46FB799A429BD1002318464C
:1087E0002037BD4680BD00BF3802002080B586B06E
:1087F00002AFF860B9607A60FB685B68B3F5827FAE
:1088000011D1FB689B68B3F5004F04D0FB689B68EF
:10881000B3F5806F07D1FB681B681A68FB681B689B
:1088200022F040021A60FB685B68B3F5827F2AD1B0
:10883000FB689B68B3F5806F12D07B680093BB68C0
:1088400000228021F868FFF749FF0346002B2DD056
:10885000FB685B6D43F02002FB685A65032326E04A
:108860007B680093BB6800220121F868FFF736FFA0
:108870000346002B1AD0FB685B6D43F02002FB68B7
:108880005A65032313E07B680093BB680022012133
:10889000F868FFF723FF0346002B07D0FB685B6DEA
:1088A00043F02002FB685A65032300E000231846CA
:1088B0001037BD4680BD000080B588B002AFF860BB
:1088C000B9607A607B680093BB6801220221F86876
:1088D000FFF704FF0346002B07D0FB685B6D43F0F6
:1088E0002002FB685A65032332E01B4B1B681B4ABE
:1088F000A2FB03235B0D4FF47A7202FB03F37B614F
:10890000FB685B68B3F5827F12D17B680093BB681C
:1089100000228021F868FFF7E1FE0346002B16D005
:10892000FB685B6D43F02002FB685A6503230FE090
:108930007B69002B0AD07B69013B7B61FB681B686C
:108940009B6803F08003802BF2D000E000BF00237F
:1089500018461837BD4680BD38020020819F5E163C
:1089600080B584B000AFF860B9607A60FB68002B16
:1089700001D1012338E0FB6893F84930DBB2002BCA
:1089800006D1FB68002283F84820F868EAF74CF823
:10899000FB681A68FB6808331946104601F020FB93
:1089A000FB681868FB689B681A46B96801F082FB8F
:1089B000FB685868FB689A68FB681B6B796801F074
:1089C000AFFBFB681B68FA68926853F82210FB68DB
:1089D0001B68FA68926841F0010143F82210FB68B5
:1089E000012283F84920002318461037BD4680BD78
:1089F00080B582B000AF78607B68002B01D1012385
:108A000041E07B6893F83D30DBB2002B06D17B68F8
:108A1000002283F83C20786800F039F87B68022255
:108A200083F83D207B681A687B680433194610463A
:108A300000F0C0F97B68012283F846207B680122A0
:108A400083F83E207B68012283F83F207B68012267
:108A500083F840207B68012283F841207B68012253
:108A600083F842207B68012283F843207B6801223F
:108A700083F844207B68012283F845207B6801222B
:108A800083F83D20002318460837BD4680BD80B4DA
:108A900083B000AF786000BF0C37BD465DF8047B43
:108AA0007047000080B485B000AF78607B6893F8B1
:108AB0003D30DBB2012B01D001234EE07B68022266
:108AC00083F83D207B681B68DA687B681B6842F08E
:108AD0000102DA607B681B68234A934222D07B68DC
:108AE0001B68B3F1804F1DD07B681B681F4A9342FF
:108AF00018D07B681B681E4A934213D07B681B68A2
:108B00001C4A93420ED07B681B681B4A934209D0D3
:108B10007B681B68194A934204D07B681B68184A1B
:108B2000934211D17B681B689B6803F00703FB60CD
:108B3000FB68062B10D07B681B681A687B681B6873
:108B400042F001021A6007E07B681B681A687B68C4
:108B50001B6842F001021A60002318461437BD4614
:108B60005DF8047B704700BF000001400004004036
:108B700000080040000C004000040140004001409B
:108B80000018004080B584B000AF78607B681B6837
:108B9000DB68FB607B681B681B69BB60BB6803F01C
:108BA0000203002B20D0FB6803F00203002B1BD034
:108BB0007B681B686FF002021A617B6801221A77DA
:108BC0007B681B689B6903F00303002B03D0786864
:108BD00000F0D2F805E0786800F0C4F8786800F09A
:108BE000D5F87B6800221A77BB6803F00403002BDA
:108BF00020D0FB6803F00403002B1BD07B681B68AC
:108C00006FF004021A617B6802221A777B681B6886
:108C10009B6903F44073002B03D0786800F0ACF834
:108C200005E0786800F09EF8786800F0AFF87B689F
:108C300000221A77BB6803F00803002B20D0FB68E2
:108C400003F00803002B1BD07B681B686FF0080241
:108C50001A617B6804221A777B681B68DB6903F062
:108C60000303002B03D0786800F086F805E07868ED
:108C700000F078F8786800F089F87B6800221A77AD
:108C8000BB6803F01003002B20D0FB6803F0100337
:108C9000002B1BD07B681B686FF010021A617B6889
:108CA00008221A777B681B68DB6903F44073002B8A
:108CB00003D0786800F060F805E0786800F052F8BA
:108CC000786800F063F87B6800221A77BB6803F0CD
:108CD0000103002B0CD0FB6803F00103002B07D02D
:108CE0007B681B686FF001021A617868E9F708FA7F
:108CF000BB6803F08003002B0CD0FB6803F08003FB
:108D0000002B07D07B681B686FF080021A617868BF
:108D100000F006F9BB6803F04003002B0CD0FB68A1
:108D200003F04003002B07D07B681B686FF0400204
:108D30001A61786800F034F8BB6803F02003002B58
:108D40000CD0FB6803F02003002B07D07B681B6866
:108D50006FF020021A61786800F0D8F800BF103771
:108D6000BD4680BD80B483B000AF786000BF0C37D3
:108D7000BD465DF8047B704780B483B000AF786077
:108D800000BF0C37BD465DF8047B704780B483B0EC
:108D900000AF786000BF0C37BD465DF8047B7047BC
:108DA00080B483B000AF786000BF0C37BD465DF87B
:108DB000047B704780B485B000AF786039607B6811
:108DC0001B68FB607B68464A934213D07B68B3F113
:108DD000804F0FD07B68434A93420BD07B68424A56
:108DE000934207D07B68414A934203D07B68404A54
:108DF000934208D1FB6823F07003FB603B685B681B
:108E0000FA681343FB607B68354A93422BD07B683A
:108E1000B3F1804F27D07B68324A934223D07B68DE
:108E2000314A93421FD07B68304A93421BD07B6803
:108E30002F4A934217D07B682E4A934213D07B6807
:108E40002D4A93420FD07B682C4A93420BD07B680B
:108E50002B4A934207D07B682A4A934203D07B680F
:108E6000294A934208D1FB6823F44073FB603B68B6
:108E7000DB68FA681343FB60FB6823F080023B6801
:108E80005B691343FB607B68FA681A603B689A6809
:108E90007B68DA623B681A687B689A627B68104A72
:108EA000934203D07B68124A934203D13B681A690C
:108EB0007B681A637B6801225A617B681B6903F037
:108EC0000103012B05D17B681B6923F001027B683C
:108ED0001A6100BF1437BD465DF8047B704700BFC0
:108EE000000001400004004000080040000C004069
:108EF000000401400040014000440140004801409E
:108F000000180040001C00400020004080B483B0E6
:108F100000AF786000BF0C37BD465DF8047B70473A
:108F200080B483B000AF786000BF0C37BD465DF8F9
:108F3000047B704780B582B000AF78607B68002BFF
:108F400001D1012342E07B6893F84130DBB2002B72
:108F500006D17B68002283F840207868E9F728FC76
:108F60007B68242283F841207B681B68DA687B6871
:108F70001B6822F40052DA60786800F0BDFD7B685F
:108F80001B681A697B681B6822F490421A617B682F
:108F90001B685A697B681B6822F02A025A617B6849
:108FA0001B68DA687B681B6842F40052DA607B68F1
:108FB00000225A647B68202283F841207B682022AB
:108FC00083F842207B6800225A6300231846083742
:108FD000BD4680BD80B58AB002AFF860B9603B6025
:108FE0001346FB8000237B61FB6893F84130DBB2C2
:108FF000202B75D1BB68002B02D0FB88002B01D140
:1090000001236EE0FB6800225A64FB68212283F88A
:109010004120E8F755FE7861FB68FA889A84FB687E
:10902000FA88DA84FB689B68B3F5805F08D1FB6837
:109030001B69002B04D10023FB61BB68BB6103E00B
:10904000BB68FB610023BB612EE03B6800937B693A
:1090500000228021F86800F01FFB0346002B05D09A
:10906000FB68202283F8412003233AE0FB69002BB0
:109070000BD1BB691B881A46FB681B68C2F3080248
:109080005A60BB690233BB6107E0FB691A78FB6871
:109090001B685A60FB690133FB61FB68DB8C9BB288
:1090A000013B9AB2FB68DA84FB68DB8C9BB2002B35
:1090B000CBD13B6800937B6900224021F86800F027
:1090C000EBFA0346002B05D0FB68202283F84120F1
:1090D000032306E0FB68202283F84120002300E000
:1090E000022318462037BD4680BD80B584B000AF4E
:1090F000F860B9601346FB80FB6893F84230DBB23E
:10910000202B12D1BB68002B02D0FB88002B01D191
:1091100001230BE0FB6800221A63FB881A46B9683A
:10912000F86800F012FB034600E0022318461037EF
:10913000BD4680BD80B5BAB000AF78607B681B6863
:109140001B68C7F8E4307B681B68DB68C7F8E03051
:109150007B681B685B69C7F8DC300023C7F8D83030
:109160000023C7F8D430D7F8E43003F00F03C7F872
:10917000D830D7F8D830002B0FD1D7F8E43003F02F
:109180002003002B09D0D7F8E03003F02003002B98
:1091900003D0786800F0F2FB5BE2D7F8D830002B00
:1091A00000F0DE80D7F8DC3003F00103002B06D19D
:1091B000D7F8E03003F49073002B00F0D180D7F89B
:1091C000E43003F00103002B0BD0D7F8E03003F4B8
:1091D0008073002B05D07B685B6C43F001027B68D9
:1091E0005A64D7F8E43003F00403002B0BD0D7F80F
:1091F000DC3003F00103002B05D07B685B6C43F08F
:1092000002027B685A64D7F8E43003F00203002BB3
:109210000BD0D7F8DC3003F00103002B05D07B68BE
:109220005B6C43F004027B685A64D7F8E43003F0C7
:109230000803002B11D0D7F8E03003F02003002BF7
:1092400005D1D7F8DC3003F00103002B05D07B6893
:109250005B6C43F008027B685A647B685B6C002B94
:1092600000F0F281D7F8E43003F02003002B08D09F
:10927000D7F8E03003F02003002B02D0786800F02C
:109280007DFB7B681B685B6903F04003402B0CBFD0
:1092900001230023DBB2C7F8D4307B685B6C03F09A
:1092A0000803002B03D1D7F8D430002B4FD07868B7
:1092B00000F085FA7B681B685B6903F04003402B74
:1092C00041D17B681B681433C7F89C30D7F89C30B9
:1092D00053E8003FC7F89830D7F8983023F04003A0
:1092E000C7F8D0307B681B681433D7F8D020C7F894
:1092F000A820C7F8A430D7F8A410D7F8A82041E8D0
:109300000023C7F8A030D7F8A030002BD9D17B6854
:10931000DB6B002B13D07B68DB6B7E4A1A657B68A6
:10932000DB6B1846F9F7CCF80346002B16D07B68A8
:10933000DB6B1B6D7A68D26B104698470EE078683D
:1093400000F094F90AE0786800F090F906E0786897
:1093500000F08CF97B6800225A6475E100BF73E16C
:109360007B681B6B012B40F04F81D7F8E43003F092
:109370001003002B00F04881D7F8E03003F0100311
:10938000002B00F041810023BB607B681B681B68D9
:10939000BB607B681B685B68BB60BB687B681B68E5
:1093A0005B6903F04003402B40F0B6807B68DB6BC9
:1093B0001B685B68A7F8BE30B7F8BE30002B00F022
:1093C00045817B689B8DB7F8BE209A4280F03E8134
:1093D0007B68B7F8BE20DA857B68DB6BDB69B3F5A9
:1093E000807F00F088807B681B680C33C7F888306A
:1093F000D7F8883053E8003FC7F88430D7F8843076
:1094000023F48073C7F8B8307B681B680C33D7F837
:10941000B820C7F89420C7F89030D7F89010D7F844
:10942000942041E80023C7F88C30D7F88C30002B0B
:10943000D9D17B681B6814337B677B6F53E8003F8F
:109440003B673B6F23F00103C7F8B4307B681B68B0
:109450001433D7F8B420C7F88020FB67F96FD7F82A
:10946000802041E80023BB67BB6F002BE1D17B6804
:109470001B6814333B663B6E53E8003FFB65FB6D96
:1094800023F04003C7F8B0307B681B681433D7F86B
:10949000B020FA66BB66B96EFA6E41E800237B66BF
:1094A0007B6E002BE3D17B68202283F842207B680F
:1094B00000221A637B681B680C33FB64FB6C53E867
:1094C000003FBB64BB6C23F01003C7F8AC307B6873
:1094D0001B680C33D7F8AC20BA657B65796DBA6D23
:1094E00041E800233B653B6D002BE3D17B68DB6BE0
:1094F0001846F8F775FF7B6802225A637B689A8DDD
:109500007B68DB8D9BB2D31A9BB21946786800F05A
:10951000B7F89BE0859801087B689A8D7B68DB8DA6
:109520009BB2D31AA7F8CE307B68DB8D9BB2002BA1
:1095300000F08E80B7F8CE30002B00F089807B6879
:109540001B680C33BB63BB6B53E8003F7B637B6BD7
:1095500023F49073C7F8C8307B681B680C33D7F8C6
:10956000C8207A643B64396C7A6C41E80023FB6361
:10957000FB6B002BE3D17B681B6814337B627B6A37
:1095800053E8003F3B623B6A23F00103C7F8C43055
:109590007B681B681433D7F8C4203A63FB62F96A0E
:1095A0003A6B41E80023BB62BB6A002BE3D17B68C6
:1095B000202283F842207B6800221A637B681B68A4
:1095C0000C333B613B6953E8003FFB60FB6823F0D1
:1095D0001003C7F8C0307B681B680C33D7F8C02075
:1095E000FA61BB61B969FA6941E800237B617B6973
:1095F000002BE3D17B6802225A63B7F8CE301946BC
:10960000786800F03DF823E0D7F8E43003F08003F9
:10961000002B09D0D7F8E03003F08003002B03D0F3
:10962000786800F043F914E0D7F8E43003F0400321
:10963000002B0ED0D7F8E03003F04003002B08D009
:10964000786800F083F904E000BF02E000BF00E0AA
:1096500000BFE837BD4680BD80B483B000AF7860FE
:1096600000BF0C37BD465DF8047B704780B483B003
:1096700000AF786000BF0C37BD465DF8047B7047D3
:1096800080B483B000AF78600B467B8000BF0C379E
:10969000BD465DF8047B704780B586B000AFF860CA
:1096A000B9603B601346FB713BE03B6AB3F1FF3F9F
:1096B00037D0E8F705FB02463B68D31A3A6A9A426C
:1096C00002D33B6A002B01D103233AE0FB681B68FD
:1096D000DB6803F00403002B23D0BB68802B20D071
:1096E000BB68402B1DD0FB681B681B6803F0080398
:1096F000082B16D100237B61FB681B681B687B610C
:10970000FB681B685B687B617B69F86800F057F851
:10971000FB6808225A64FB68002283F8402001237A
:109720000FE0FB681B681A68BB681340BA689A426E
:109730000CBF01230023DBB21A46FB799A42B4D056
:10974000002318461837BD4680BD80B485B000AFF1
:10975000F860B9601346FB80FB68BA689A62FB68E0
:10976000FA889A85FB68FA88DA85FB6800225A64D1
:10977000FB68222283F84220FB681B69002B07D07C
:10978000FB681B68DA68FB681B6842F48072DA6069
:10979000FB681B685A69FB681B6842F001025A614A
:1097A000FB681B68DA68FB681B6842F02002DA601D
:1097B000002318461437BD465DF8047B704780B41B
:1097C00095B000AF78607B681B680C337B637B6B64
:1097D00053E8003F3B633B6B23F49073FB647B686F
:1097E0001B680C33FA6C3A64FB63F96B3A6C41E822
:1097F0000023BB63BB6B002BE5D17B681B68143374
:109800003B623B6A53E8003FFB61FB6923F00103C5
:10981000BB647B681B681433BA6CFA62BB62B96ABA
:10982000FA6A41E800237B627B6A002BE5D17B6802
:109830001B6B012B19D17B681B680C33FB60FB6829
:1098400053E8003FBB60BB6823F010037B647B6878
:109850001B680C337A6CBA617B617969BA6941E83B
:1098600000233B613B69002BE5D17B68202283F814
:1098700042207B6800221A6300BF5437BD465DF862
:10988000047B704780B584B000AF78607B689B6BC9
:10989000FB60FB680022DA85FB680022DA84F86846
:1098A000FFF7E4FE00BF1037BD4680BD80B485B031
:1098B00000AF78607B6893F84130DBB2212B3ED15A
:1098C0007B689B68B3F5805F14D17B681B69002BB4
:1098D00010D17B681B6AFB60FB681B881A467B689B
:1098E0001B68C2F308025A607B681B6A9A1C7B687B
:1098F0001A6208E07B681B6A591C7A6811621A7840
:109900007B681B685A607B68DB8C9BB2013B9BB217
:109910007A681946D184002B0FD17B681B68DA68FE
:109920007B681B6822F08002DA607B681B68DA685B
:109930007B681B6842F04002DA60002300E00223EB
:1099400018461437BD465DF8047B704780B582B079
:1099500000AF78607B681B68DA687B681B6822F060
:109960004002DA607B68202283F841207868FFF7A4
:1099700073FE002318460837BD4680BD80B58CB005
:1099800000AF78607B6893F84230DBB2222B40F066
:10999000AE807B689B68B3F5805F17D17B681B69DD
:1099A000002B13D10023FB627B689B6ABB627B6840
:1099B0001B685B689BB2C3F308039AB2BB6A1A8048
:1099C0007B689B6A9A1C7B689A6226E07B689B6A2C
:1099D000FB620023BB627B689B68B3F5805F07D0A6
:1099E0007B689B68002B0AD17B681B69002B06D122
:1099F0007B681B685B68DAB2FB6A1A7008E07B68F8
:109A00001B685B68DBB203F07F03DAB2FB6A1A7093
:109A10007B689B6A5A1C7B689A627B68DB8D9BB271
:109A2000013B9BB27A681946D185002B5DD17B68DA
:109A30001B68DA687B681B6822F02002DA607B68AA
:109A40001B68DA687B681B6822F48072DA607B68C6
:109A50001B685A697B681B6822F001025A617B68A7
:109A6000202283F842207B6800225A637B681B6BAC
:109A7000012B35D17B6800221A637B681B680C338D
:109A80007B617B6953E8003F3B613B6923F0100336
:109A90007B627B681B680C337A6A3A62FB61F96906
:109AA0003A6A41E80023BB61BB69002BE5D17B68C2
:109AB0001B681B6803F01003102B0AD10023FB6006
:109AC0007B681B681B68FB607B681B685B68FB60CE
:109AD000FB687B689B8D19467868FFF7D1FD02E033
:109AE0007868E8F7DDF9002302E0002300E00223B4
:109AF00018463037BD4680BD2DE9B04FC0B000AF2D
:109B0000C7F8F400D7F8F4301B681B6923F4405001
:109B1000D7F8F430D968D7F8F4301A6840EA01036E
:109B20001361D7F8F4309A68D7F8F4301B691A43F8
:109B3000D7F8F4305B691A43D7F8F430DB69134384
:109B4000C7F8F830D7F8F4301B68DB6823F4164107
:109B500021F00C01D7F8F4301A68D7F8F8300B432D
:109B6000D360D7F8F4301B685B6923F44070D7F8F2
:109B7000F4309969D7F8F4301A6840EA0103536168
:109B8000D7F8F4301A688F4B9A4205D0D7F8F430E2
:109B90001A688D4B9A4204D1FBF7E6FDC7F8FC002A
:109BA00003E0FBF7CDFDC7F8FC00D7F8F430DB6924
:109BB000B3F5004F40F00C81D7F8FC300022C7F815
:109BC000E830C7F8EC20D7E93A4522462B469118F1
:109BD000B9655B41FB65D7E91623214612EB010805
:109BE000294643EB01094FF000024FF000034FEA12
:109BF000C90343EA58734FEAC80290469946234680
:109C000018EB0303C7F8E0302B4649EB0303C7F812
:109C1000E430D7F8F4305B680022C7F8D830C7F8D2
:109C2000DC20D7E936120B46DB183B65134642EBC6
:109C300003037B65D7E91423D7E93801E7F784F8F4
:109C400002460B46614BA3FB02235B091C01D7F8BC
:109C5000FC300022C7F8D030C7F8D420D7E93489C7
:109C600042464B469118B9645B41FB64D7E9122325
:109C7000414612EB010A494643EB010B4FF000024B
:109C80004FF000034FEACB0343EA5A734FEACA028C
:109C900092469B4643461AEB0303C7F8C8304B462F
:109CA0004BEB0303C7F8CC30D7F8F4305B680022E5
:109CB000C7F8C030C7F8C420D7E930120B46DB180C
:109CC0003B64134642EB03037B64D7E91023D7E9D7
:109CD0003201E7F739F802460B4611463B4BA3FB2E
:109CE00001235B09642202FB03F3CB1ADB0003F1BF
:109CF0003202364BA3FB02235B095B0003F4F873CB
:109D00001C44D7F8FC300022C7F8B830C7F8BC2094
:109D1000D7E92E8942464B469118B9635B41FB63F4
:109D2000D7E90E2341465118396349464B417B63BD
:109D30004FF000024FF00003D7E90CAB5946CB00BF
:109D4000514643EA51735146CA001046194603462C
:109D500042469B18C7F8B0304B460A4642EB030315
:109D6000C7F8B430D7F8F4305B680022C7F8A830E1
:109D7000C7F8AC20D7E92A120B46DB18BB621346A2
:109D800042EB0303FB62D7E90A23D7E92C01E6F78C
:109D9000DBFF02460B460D4BA3FB02135B0964215C
:109DA00001FB03F3D31ADB003233084AA2FB03237F
:109DB0005B0903F00702D7F8F4301B6822449A606D
:109DC00006E100BF00100140001401401F85EB5167
:109DD000D7F8FC300022C7F8A030C7F8A420D7E994
:109DE000288942464B46911839625B417B62D7E92C
:109DF000082341465418494643EB01054FF0000241
:109E00004FF00003EB0043EA5473E20014461D4692
:109E10004346E318C7F898304B4645EB0303C7F8B1
:109E20009C30D7F8F4305B680022C7F89030C7F850
:109E300094204FF000024FF00003D7E92445294653
:109E40008B00214643EA917321468A00D7E9260117
:109E5000E6F77AFF02460B46604BA3FB02235B0941
:109E60001C01D7F8FC300022C7F88830C7F88C20D6
:109E7000D7E9228942464B469118B9615B41FB61A3
:109E8000D7E9062341465118396149464B417B6168
:109E90004FF000024FF00003D7E904AB5946CB0066
:109EA000514643EA51735146CA00104619460346CB
:109EB00042469B18C7F880304B460A4642EB0303E4
:109EC000C7F88430D7F8F4305B680022BB67FA67C4
:109ED0004FF000024FF00003D7E91E8949468B007E
:109EE000414643EA917341468A00D7E92001E6F7EB
:109EF0002BFF02460B461146384BA3FB01235B099F
:109F0000642202FB03F3CB1A1B013233334AA2FB58
:109F100003235B0903F0F0031C44D7F8FC30002254
:109F20003B677A67D7E91C8942464B469118B9606E
:109F30005B41FB60D7E9022341465118396049462D
:109F40004B417B604FF000024FF00003D7E900ABBC
:109F50005946CB00514643EA51735146CA00104658
:109F60001946034642469B18BB664B460A4642EBDF
:109F70000303FB66D7F8F4305B6800223B667A6621
:109F80004FF000024FF00003D7E9188949468B00D3
:109F9000414643EA917341468A00D7E91A01E6F740
:109FA000D3FE02460B460D4BA3FB02135B09642153
:109FB00001FB03F3D31A1B013233084AA2FB03232C
:109FC0005B0903F00F02D7F8F4301B6822449A6053
:109FD00000BF07F58077BD46BDE8B08F1F85EB5108
:109FE00080B487B000AF786039603B681A687B68DE
:109FF00053F822303A68126823F001017B6843F875
:10A0000022103B689B68082B02D140237B6101E052
:10A0100000237B613B685A687B691A433B689B68F5
:10A020001A433B68DB681A433B681B691A433B6869
:10A030005B691A433B68DB691A433B681B6A1A4336
:10A040003B685B6A1A433B689B6A1A433B68DB6A5E
:10A050001A433B681B6B13433B613B689B693A693E
:10A0600013433B613B68DB6B3A6913433B61104B25
:10A07000FB60FB6843F48063FB60FB6843F4E02310
:10A08000FB603B681A687B6853F82220FB68DB435F
:10A0900002EA03013B681A683B6919437B6843F88D
:10A0A0002210002318461C37BD465DF8047B70471C
:10A0B0007FFB080080B485B000AFF860B9607A60BB
:10A0C0007B685A1CFB6853F8223003F04041BB68A0
:10A0D0001A68BB685B681B011A43BB689B681B025C
:10A0E0001A43BB68DB681B041A43BB681B69013B4E
:10A0F0001B051A43BB685B69023B1B061A43BB681E
:10A100009B6913437A6801321943FB6843F82210B4
:10A11000002318461437BD465DF8047B70470000E5
:10A1200080B485B000AFF860B9607A603B603B688E
:10A13000B3F5804F1DD1FB687A6853F82220134B8A
:10A140001340BA681168BA68526812011143BA68BC
:10A15000926812021143BA6892691143BA68D268D0
:10A1600012040A4343EA0201FB687A6843F82210AA
:10A1700005E0FB687A686FF0704143F82210002315
:10A1800018461437BD465DF8047B70470000F0CFD9
:10A1900084B080B485B000AF786007F11C0080E81F
:10A1A0000E000023FB60FA693B6A1A437B6A1A437C
:10A1B000BB6A1A43FB6A1A433B6B1343FA681343A7
:10A1C000FB607B685B6823F4FD4323F07F03FA6840
:10A1D0001A437B685A60002318461437BD465DF861
:10A1E000047B04B0704780B483B000AF78607B68B4
:10A1F000D3F8803018460C37BD465DF8047B7047B5
:10A2000080B483B000AF786039603B681A687B68BF
:10A21000C3F88020002318460C37BD465DF8047B48
:10A22000704780B483B000AF78607B6803221A6007
:10A23000002318460C37BD465DF8047B704780B498
:10A2400083B000AF78607B6800221A600023184654
:10A250000C37BD465DF8047B704780B483B000AF17
:10A2600078607B681B6803F0030318460C37BD4613
:10A270005DF8047B704780B485B000AF78603960CA
:10A280000023FB603B681A687B689A603B685A68E9
:10A290003B689B681A433B68DB681A433B681B6951
:10A2A0001343FA681343FB607B68DB6823F47F6326
:10A2B00023F00F03FA681A437B68DA60002318461C
:10A2C0001437BD465DF8047B704780B483B000AF9F
:10A2D00078607B681B69DBB218460C37BD465DF8B9
:10A2E000047B704780B485B000AF786039607B68CC
:10A2F00014331A463B681344FB60FB681B6818461E
:10A300001437BD465DF8047B704780B485B000AF5C
:10A31000786039600023FB603B681A687B685A628A
:10A320003B685A687B689A623B689A683B68DB685E
:10A330001A433B681B691A433B685B691343FA681D
:10A340001343FB607B68DB6A23F0F702FB681A4368
:10A350007B68DA62002318461437BD465DF8047B3B
:10A36000704780B588B000AF786039603B68BB60EB
:10A370001023FB6040233B6100237B614FF480632B
:10A38000BB6107F1080319467868FFF774FF41F2D3
:10A3900088321021786800F0D7F9F861FB69184617
:10A3A0002037BD4680BD80B588B000AF7860396089
:10A3B0003B68BB601123FB6040233B6100237B6152
:10A3C0004FF48063BB6107F1080319467868FFF713
:10A3D00052FF41F288321121786800F0B5F9F86136
:10A3E000FB6918462037BD4680BD80B588B000AFF8
:10A3F000786039603B68BB601223FB6040233B619F
:10A4000000237B614FF48063BB6107F108031946A9
:10A410007868FFF730FF41F288321221786800F047
:10A4200093F9F861FB6918462037BD4680BD80B5B9
:10A4300088B000AF786039603B68BB601823FB6070
:10A4400040233B6100237B614FF48063BB6107F1D4
:10A45000080319467868FFF70EFF41F28832182189
:10A46000786800F071F9F861FB6918462037BD463D
:10A4700080BD80B588B000AF786039603B68BB6054
:10A480001923FB6040233B6100237B614FF4806311
:10A49000BB6107F1080319467868FFF7ECFE41F24B
:10A4A00088321921786800F04FF9F861FB69184685
:10A4B0002037BD4680BD000080B588B000AF786011
:10A4C0000023BB600C23FB6040233B6100237B61C6
:10A4D0004FF48063BB6107F1080319467868FFF702
:10A4E000CAFE054A0C21786800F02EF9F861FB6974
:10A4F00018462037BD4680BD00E1F50580B58AB01D
:10A5000000AFF860C7E900233B683B6107237B612C
:10A510004023BB610023FB614FF480633B6207F182
:10A5200010031946F868FFF7A6FE41F288320721AA
:10A53000F86800F009F978627B6A18462837BD464A
:10A5400080BD80B588B000AF78600023BB60002379
:10A55000FB6000233B6100237B614FF48063BB61A0
:10A5600007F1080319467868FFF785FE786800F060
:10A5700023FBF861FB6918462037BD4680BD80B5D6
:10A5800088B000AF78604FF4D573BB600823FB60E0
:10A5900040233B6100237B614FF48063BB6107F183
:10A5A000080319467868FFF766FE786800F0B6FA87
:10A5B000F861FB6918462037BD4680BD80B588B07C
:10A5C00000AF786039603B68BB603723FB60402395
:10A5D0003B6100237B614FF48063BB6107F108039B
:10A5E00019467868FFF747FE41F2883237217868CC
:10A5F00000F0AAF8F861FB6918462037BD4680BD17
:10A6000080B588B000AF786039603B6843F00043A4
:10A6100043F48013BB602923FB6040233B6100238C
:10A620007B614FF48063BB6107F1080319467868CA
:10A63000FFF721FE786800F0BDF9F861FB69184664
:10A640002037BD4680BD80B588B000AF786000235C
:10A65000BB600223FB60C0233B6100237B614FF49E
:10A660008063BB6107F1080319467868FFF703FEB2
:10A67000786800F057F9F861FB6918462037BD4645
:10A6800080BD80B588B000AF786039603B68BB6042
:10A690000923FB60C0233B6100237B614FF480638F
:10A6A000BB6107F1080319467868FFF7E4FD786895
:10A6B00000F038F9F861FB6918462037BD4680BDC7
:10A6C00080B588B000AF786039600023BB60032399
:10A6D000FB6040233B6100237B614FF48063BB61DF
:10A6E00007F1080319467868FFF7C5FD3A680321AA
:10A6F000786800F09DF9F861FB6918462037BD467F
:10A7000080BD80B588B000AF786039603B68BB60C1
:10A710000D23FB6040233B6100237B614FF480638A
:10A72000BB6107F1080319467868FFF7A4FD41F201
:10A7300088320D21786800F007F8F861FB69184647
:10A740002037BD4680BD000080B588B000AFF860FE
:10A750000B467A60FB72704B1B68704AA2FB0323A6
:10A760005A0A7B6802FB03F3FB61FB695A1EFA611C
:10A77000002B02D14FF00043C9E0FB685B6BBB616B
:10A78000BB6903F04503002BEFD0BB6903F4006302
:10A79000002BEAD1FB685B6B03F00403002B04D0B1
:10A7A000FB6804229A630423B1E0FB685B6B03F04F
:10A7B0000103002B04D0FB6801229A630123A6E069
:10A7C000FB68C5229A63F868FFF77FFD03461A46C7
:10A7D000FB7A934201D0012399E00021F868FFF74A
:10A7E00081FD78617A694E4B1340002B01D1002323
:10A7F0008DE07B69002B02DA4FF0007387E07B6904
:10A8000003F08043002B01D0402380E07B6903F0FC
:10A810000053002B01D0802379E07B6903F0805343
:10A82000002B02D04FF4807371E07B6903F000636A
:10A83000002B02D04FF4007369E07B6903F0806362
:10A84000002B02D04FF4806361E07B6903F08073DA
:10A85000002B02D04FF4006359E07B6903F400033E
:10A86000002B02D04FF4805351E07B6903F4800346
:10A87000002B02D04FF4005349E07B6903F400132E
:10A88000002B02D04FF4804341E07B6903F4801336
:10A89000002B02D04FF4004339E07B6903F480239E
:10A8A000002B02D04FF4003331E07B6903F4003316
:10A8B000002B02D04FF4802329E07B6903F480331E
:10A8C000002B02D04FF4002321E07B6903F4004306
:10A8D000002B02D04FF4801319E07B6903F480430E
:10A8E000002B02D04FF4001311E07B6903F40053F6
:10A8F000002B02D04FF4800309E07B6903F00803CA
:10A90000002B02D04FF4000301E04FF480331846CF
:10A910002037BD4680BD00BF38020020D34D6210F5
:10A9200008E0FFFD80B485B000AF78601F4B1B6866
:10A930001F4AA2FB03235B0A41F2883202FB03F3A6
:10A94000FB60FB685A1EFA60002B02D14FF00043F7
:10A9500026E07B685B6BBB60BB6803F04503002BA4
:10A96000EFD0BB6803F40063002BEAD17B685B6B1C
:10A9700003F00403002B04D07B6804229A630423B1
:10A980000EE07B685B6B03F00103002B04D07B6857
:10A9900001229A63012303E07B68C5229A630023A6
:10A9A00018461437BD465DF8047B70473802002016
:10A9B000D34D621080B485B000AF78601A4B1B682D
:10A9C0001A4AA2FB03235B0A41F2883202FB03F31B
:10A9D000FB60FB685A1EFA60002B02D14FF0004367
:10A9E0001BE07B685B6BBB60BB6803F04503002B1F
:10A9F000EFD0BB6803F40063002BEAD17B685B6B8C
:10AA000003F00403002B04D07B6804229A63042320
:10AA100003E07B68C5229A63002318461437BD46BD
:10AA20005DF8047B704700BF38020020D34D6210F0
:10AA300080B588B000AFF8600B467A60FB72354B8A
:10AA40001B68354AA2FB03235B0A41F2883202FBF2
:10AA500003F3FB61FB695A1EFA61002B02D14FF030
:10AA6000004352E0FB685B6BBB61BB6903F04503CD
:10AA7000002BEFD0BB6903F40063002BEAD1FB6825
:10AA80005B6B03F00403002B04D0FB6804229A6381
:10AA900004233AE0FB685B6B03F00103002B04D056
:10AAA000FB6801229A6301232FE0F868FFF70DFC91
:10AAB00003461A46FB7A934201D0012325E0FB6846
:10AAC000C5229A630021F868FFF70CFC78617B6966
:10AAD00003F46043002B06D17B691B0C9AB27B68A0
:10AAE0001A80002311E07B6903F48043002B02D01D
:10AAF0004FF4005309E07B6903F40043002B02D0BC
:10AB00004FF4805301E04FF4803318462037BD46A0
:10AB100080BD00BF38020020D34D621080B485B0E4
:10AB200000AF7860224B1B68224AA2FB03235B0A1A
:10AB300041F2883202FB03F3FB60FB685A1EFA60A5
:10AB4000002B02D14FF000432CE07B685B6BBB60B5
:10AB5000BB6803F04503002BEFD0BB6803F4006330
:10AB6000002BEAD17B685B6B03F00403002B04D05D
:10AB70007B6804229A63042314E07B685B6B03F018
:10AB80000103002B04D07B6801229A63012309E0B2
:10AB90007B685B6B03F04003002B02D07B68402294
:10ABA0009A63002318461437BD465DF8047B70474E
:10ABB00038020020D34D621080B485B000AF7860B9
:10ABC000114B1B68114AA2FB03235B0A41F2883236
:10ABD00002FB03F3FB60FB685A1EFA60002B02D1F4
:10ABE0004FF0004309E07B685B6B03F08003002BB0
:10ABF000F1D07B68C5229A63002318461437BD46FE
:10AC00005DF8047B704700BF38020020D34D62100E
:10AC100080B500AF0449054808F0D6F803461A4647
:10AC2000034B1A7000BF80BD482A0020B8B7020845
:10AC3000442A002080B400AF00231846BD465DF8CA
:10AC4000047B704780B582B000AF0023FB7100F039
:10AC500090F80346012B01D0012305E00448FBF7DF
:10AC60004BFB0346FB71FB7918460837BD4680BD98
:10AC70002006002080B588B002AFF860B9607A6025
:10AC80003B600023FB753B6800937B68BA68F968FA
:10AC90000648FBF701FC0346002B01D00123FB759E
:10ACA000FB7D18461837BD4680BD00BF200600203A
:10ACB00080B588B002AFF860B9607A603B6000236D
:10ACC000FB753B6800937B68BA68F9680648FBF738
:10ACD000C9FD0346002B01D00123FB75FB7D1846FF
:10ACE0001837BD4680BD00BF2006002080B500AFEC
:10ACF0000548FCF7A5FA0346042B14BF01230023E3
:10AD0000DBB2184680BD00BF2006002080B582B0AF
:10AD100000AF786079680348FCF766FA00BF08372F
:10AD2000BD4680BD2006002080B582B000AF7860AF
:10AD300000F018F800BF0837BD4680BD80B582B06E
:10AD400000AF7860E7F744F800BF0837BD4680BD24
:10AD500080B582B000AF7860E7F75AF800BF0837D7
:10AD6000BD4680BD80B400AF00BFBD465DF8047B2A
:10AD7000704780B582B000AF0123FB7100F00CF882
:10AD80000346002B01D10023FB71FB79DBB218468F
:10AD90000837BD4680BD000080B582B000AF0123FA
:10ADA000FB714FF480710648F8F786FB0346002BD1
:10ADB00001D00023FB71FB7918460837BD4680BDE2
:10ADC0000018024080B582B000AF0346FB710B4B08
:10ADD00001221A70FFF78AFF0346002B07D1074BA9
:10ADE0001B78DBB223F00103DAB2044B1A70034B79
:10ADF0001B78DBB218460837BD4680BD990200209B
:10AE000080B582B000AF0346FB710B4B01221A7074
:10AE1000FFF718FF0346002B07D1FB791846FFF711
:10AE2000D1FF03461A46044B1A70034B1B78DBB262
:10AE300018460837BD4680BD9902002080B582B013
:10AE400000AF0346FB71FB791846FFF7BBFF0346D3
:10AE500018460837BD4680BD80B586B000AFB960E2
:10AE60007A603B600346FB730123FB754FF0FF33B1
:10AE70003A687968B868FFF7FDFE0346002B07D1F2
:10AE800000BFFFF733FF0346002BFAD10023FB7509
:10AE9000FB7D18461837BD4680BD80B586B000AF33
:10AEA000B9607A603B600346FB730123FB754FF08A
:10AEB000FF333A687968B868FFF7FAFE0346002B5B
:10AEC00007D100BFFFF712FF0346002BFAD1002382
:10AED000FB75FB7D18461837BD4680BD80B58CB02C
:10AEE00000AF03463A60FB710B46BB71012387F844
:10AEF0002F30254B1B78DBB203F00103002B01D070
:10AF000003233CE0BB79032B34D801A252F823F091
:10AF100021AF010829AF010841AF01085BAF01086B
:10AF2000002387F82F3028E007F10C031846FFF7BD
:10AF3000EDFE7A6A3B681A60002387F82F301CE028
:10AF400007F10C031846FFF7E1FEBB6A9AB23B68B3
:10AF50001A80002387F82F300FE007F10C03184602
:10AF6000FFF7D4FEBB6A5A0A3B681A60002387F8D1
:10AF70002F3002E0042387F82F3097F82F3018463F
:10AF80003037BD4680BD00BF9902002080B582B039
:10AF900000AF1C2003F04CFE78607B68002B0AD0C9
:10AFA0007B6800221A607B680433184600F088F939
:10AFB0007B6800221A767B6818460837BD4680BD3C
:10AFC00080B590B000AFF860B9607A603B60FB6814
:10AFD0007B630023BB6300233B63FB68002B0BD127
:10AFE0004FF0500383F31188BFF36F8FBFF34F8F80
:10AFF0003B6200BF00BFFDE7BB68B3F1807F0BD3AE
:10B000004FF0500383F31188BFF36F8FBFF34F8F5F
:10B01000FB6100BF00BFFDE7BB68002B0BD14FF009
:10B02000500383F31188BFF36F8FBFF34F8FBB6162
:10B0300000BF00BFFDE702F091FA0346002B02D1EA
:10B04000BB6C002B01D1012300E00023002B0BD1AE
:10B050004FF0500383F31188BFF36F8FBFF34F8F0F
:10B060007B6100BF00BFFDE701F066FC7B6B1B68E6
:10B07000FB623A68B968F86A00F000F9B862BB6A26
:10B08000002B0ED0FB6AFB630023BB647B68002BA4
:10B0900028D07B6B1A68BB68DB431A407B6B1A6055
:10B0A00020E0BB6C002B04D1FB6AFB6301233B63F4
:10B0B00018E07B68002B03D0BB6B43F08073BB634D
:10B0C0003B68002B03D0BB6B43F08063BB637B6B9F
:10B0D000181DBA68BB6B1343BA6C194601F002FF26
:10B0E0000023FB6301F036FC7862BB6C002B31D08F
:10B0F0007B6A002B07D11A4B4FF080521A60BFF3C6
:10B100004F8FBFF36F8F02F04BFCF863FB6B03F0C4
:10B110000073002B1AD103F065FC7B6B1B68FB638B
:10B120003A68B968F86B00F0A9F80346002B09D01B
:10B130007B68002B06D07B6B1A68BB68DB431A4028
:10B140007B6B1A6001233B6303F07EFCFB6B23F0F7
:10B150007F43FB63FB6B18464037BD4680BD00BF95
:10B1600004ED00E080B58EB000AF78603960002358
:10B170003B637B68BB620023FB627B68002B0BD1C7
:10B180004FF0500383F31188BFF36F8FBFF34F8FDE
:10B190003B6100BF00BFFDE73B68B3F1807F0BD38D
:10B1A0004FF0500383F31188BFF36F8FBFF34F8FBE
:10B1B000FB6000BF00BFFDE7BB6A04337B627B6AB4
:10B1C00008333B6201F0B8FB7B6ADB687B63BB6AD8
:10B1D0001A683B681A43BB6A1A603CE07B6B5B6889
:10B1E000FB617B6B1B68BB610023FB62BB6903F0E7
:10B1F0007F437B61BB6923F07F43BB617B6903F0C5
:10B200008063002B08D1BB6A1A68BB691340002B0E
:10B210000BD00123FB6208E0BB6A1A68BB691340CC
:10B22000BA699A4201D10123FB62FB6A002B10D05C
:10B230007B6903F08073002B03D03A6BBB69134327
:10B240003B63BB6A1B6843F000731946786B01F0DF
:10B25000C1FFFB697B637A6B3B6A9A42BED1BB6AD2
:10B260001A683B6BDB431A40BB6A1A6001F072FB41
:10B27000BB6A1B6818463837BD4680BD80B487B0AE
:10B2800000AFF860B9607A6000237B617B68002BB7
:10B2900007D1FA68BB681340002B0AD001237B61F9
:10B2A00007E0FA68BB681340BA689A4201D10123EB
:10B2B0007B617B6918461C37BD465DF8047B70478F
:10B2C00080B483B000AF78607B6803F108027B68CC
:10B2D0005A607B684FF0FF329A607B6803F1080286
:10B2E0007B68DA607B6803F108027B681A617B681F
:10B2F00000221A6000BF0C37BD465DF8047B704722
:10B3000080B483B000AF78607B6800221A6100BF10
:10B310000C37BD465DF8047B704780B485B000AF44
:10B32000786039603B681B68BB60BB68B3F1FF3F66
:10B3300003D17B681B69FB600CE07B680833FB6012
:10B3400002E0FB685B68FB60FB685B681B68BA68CF
:10B350009A42F6D2FB685A683B685A603B685B6861
:10B360003A689A603B68FA689A60FB683A685A6083
:10B370003B687A681A617B681B685A1C7B681A6094
:10B3800000BF1437BD465DF8047B704780B485B0BC
:10B3900000AF78607B681B69FB607B685B687A68DC
:10B3A00092689A607B689B687A6852685A60FB680A
:10B3B0005B687A689A4203D17B689A68FB685A6036
:10B3C0007B6800221A61FB681B685A1EFB681A60C2
:10B3D000FB681B6818461437BD465DF8047B704750
:10B3E00080B586B000AF7860396001237B617B68EF
:10B3F0003B613B69002B0BD14FF0500383F3118865
:10B40000BFF36F8FBFF34F8FFB6000BF00BFFDE73F
:10B410003B69002B5DD03B69DB6B002B59D03B694E
:10B420001A6C3B69DB6B0021A3FB0223002B00D0CD
:10B4300001210B46002B4CD103F0D4FA3B691A686A
:10B440003B69DB6B3969096C01FB03F31A443B6907
:10B450009A603B6900229A633B691A683B695A60AB
:10B460003B691A683B69DB6B013B3969096C01FB7D
:10B4700003F31A443B69DA603B69FF2283F84420F6
:10B480003B69FF2283F845203B68002B14D13B69C0
:10B490001B69002B1AD03B691033184601F0C0FD20
:10B4A0000346002B12D0164B4FF080521A60BFF3A8
:10B4B0004F8FBFF36F8F09E03B6910331846FFF7DA
:10B4C000FFFE3B6924331846FFF7FAFE03F0BCFA8F
:10B4D00001E000237B617B69002B0BD14FF050030F
:10B4E00083F31188BFF36F8FBFF34F8FBB6000BF33
:10B4F00000BFFDE77B6918461837BD4680BD00BF19
:10B5000004ED00E080B58CB002AFF860B9607A60FD
:10B510003B6000237B623B68002B0BD14FF0500354
:10B5200083F31188BFF36F8FBFF34F8F3B6200BF70
:10B5300000BFFDE7FB68002B31D03B68002B2ED00D
:10B540007B68002B02D0BB68002B28D07B68002BC7
:10B5500002D1BB68002B22D148237B617B69482B39
:10B560000BD04FF0500383F31188BFF36F8FBFF3FD
:10B570004F8FFB6100BF00BFFDE77B693B687B62CB
:10B580007B6A012283F8462097F830207B6A00937B
:10B5900013467A68B968F86800F068F80EE07B6ACC
:10B5A000002B0BD14FF0500383F31188BFF36F8F43
:10B5B000BFF34F8FBB6100BF00BFFDE77B6A18463A
:10B5C0002837BD4680BD80B58AB002AFF860B9604B
:10B5D0001346FB710023FB61FB68002B32D0002176
:10B5E000BA68FB68A3FB0223002B00D001210B46A5
:10B5F000002B27D1FB68BA6802FB03F313F1490F54
:10B6000020D8FB68BA6802FB03F3BB61BB6948330F
:10B61000184603F00DFBF861FB69002B21D0FB6994
:10B620007B617B6948337B61FB69002283F846209C
:10B63000FA79FB69009313467A69B968F86800F0F3
:10B6400015F80EE0FB69002B0BD14FF0500383F38C
:10B650001188BFF36F8FBFF34F8F3B6100BF00BFF7
:10B66000FDE7FB6918462037BD4680BD80B584B034
:10B6700000AFF860B9607A60FB70BB68002B03D143
:10B68000BB69BA691A6002E0BB697A681A60BB6973
:10B69000FA68DA63BB69BA681A640121B869FFF70E
:10B6A0009FFE00BF1037BD4680BD80B582B000AFA1
:10B6B00078607B68002B0ED07B6800229A607B68E4
:10B6C00000221A607B680022DA6000230022002139
:10B6D000786800F01DF800BF0837BD4680BD80B512
:10B6E00086B000AF0346FB7101237B6100233B6101
:10B6F000FB791A4639697869FFF765FFF860F868E1
:10B70000FFF7D3FFFB6818461837BD4680BD000021
:10B7100080B58EB000AFF860B9607A603B600023FE
:10B720007B63FB683B633B6B002B0BD14FF05003FB
:10B7300083F31188BFF36F8FBFF34F8FBB6200BFDE
:10B7400000BFFDE7BB68002B03D13B6B1B6C002BDC
:10B7500001D1012300E00023002B0BD14FF0500357
:10B7600083F31188BFF36F8FBFF34F8F7B6200BFEE
:10B7700000BFFDE73B68022B03D13B6BDB6B012B6A
:10B7800001D1012300E00023002B0BD14FF0500327
:10B7900083F31188BFF36F8FBFF34F8F3B6200BFFE
:10B7A00000BFFDE701F0DAFE0346002B02D17B6803
:10B7B000002B01D1012300E00023002B0BD14FF01F
:10B7C000500383F31188BFF36F8FBFF34F8FFB617B
:10B7D00000BF00BFFDE703F005F93B6B9A6B3B6BC5
:10B7E000DB6B9A4202D33B68022B29D13A68B968D5
:10B7F000386B00F006FCF8623B6B5B6A002B10D0E4
:10B800003B6B2433184601F00BFC0346002B13D08E
:10B810003F4B4FF080521A60BFF34F8FBFF36F8FD3
:10B820000AE0FB6A002B07D0394B4FF080521A60B8
:10B83000BFF34F8FBFF36F8F03F006F9012363E06F
:10B840007B68002B03D103F0FFF800235CE07B6BE7
:10B85000002B06D107F11403184601F07FFD0123E8
:10B860007B6303F0F1F801F067F803F0BBF83B6B82
:10B8700093F844305BB2B3F1FF3F03D13B6B00223E
:10B8800083F844203B6B93F845305BB2B3F1FF3F44
:10B8900003D13B6B002283F8452003F0D5F83A1D15
:10B8A00007F114031146184601F06EFD0346002B04
:10B8B00024D1386B00F09DFC0346002B18D03B6B65
:10B8C00010337A681146184601F0E6FA386B00F03A
:10B8D00028FC01F03FF80346002B7FF47CAF0C4BB3
:10B8E0004FF080521A60BFF34F8FBFF36F8F72E734
:10B8F000386B00F016FC01F02DF86CE7386B00F0A7
:10B9000010FC01F027F8002318463837BD4680BDEB
:10B9100004ED00E080B592B000AFF860B9607A60E5
:10B920003B60FB683B643B6C002B0BD14FF050033A
:10B9300083F31188BFF36F8FBFF34F8FFB6200BF9C
:10B9400000BFFDE7BB68002B03D13B6C1B6C002BD9
:10B9500001D1012300E00023002B0BD14FF0500355
:10B9600083F31188BFF36F8FBFF34F8FBB6200BFAC
:10B9700000BFFDE73B68022B03D13B6CDB6B012B67
:10B9800001D1012300E00023002B0BD14FF0500325
:10B9900083F31188BFF36F8FBFF34F8F7B6200BFBC
:10B9A00000BFFDE703F002F9EFF311824FF05003FF
:10B9B00083F31188BFF36F8FBFF34F8F3A62FB6140
:10B9C0003B6AFB633B6C9A6B3B6CDB6B9A4202D32A
:10B9D0003B68022B47D13B6C93F8453087F83B30EE
:10B9E0003B6C9B6B7B633A68B968386C00F009FB71
:10B9F00097F93B30B3F1FF3F12D13B6C5B6A002BF0
:10BA00002ED03B6C2433184601F00AFB0346002B72
:10BA100026D07B68002B23D07B6801221A601FE0B0
:10BA200001F0B0F8386397F93B303A6B9A4217D976
:10BA300097F93B307F2B0BD14FF0500383F31188E4
:10BA4000BFF36F8FBFF34F8FBB6100BF00BFFDE738
:10BA500097F83B300133DBB25AB23B6C83F8452098
:10BA600001237B6401E000237B64FB6B7B617B69CA
:10BA700083F3118800BF7B6C18464837BD4680BDF4
:10BA800080B590B000AF786039607B68BB63BB6BFA
:10BA9000002B0BD14FF0500383F31188BFF36F8F4E
:10BAA000BFF34F8F7B6200BF00BFFDE7BB6B1B6C1A
:10BAB000002B0BD04FF0500383F31188BFF36F8F2F
:10BAC000BFF34F8F3B6200BF00BFFDE7BB6B1B683E
:10BAD000002B03D1BB6B9B68002B01D1012300E03D
:10BAE0000023002B0BD14FF0500383F31188BFF3D9
:10BAF0006F8FBFF34F8FFB6100BF00BFFDE703F007
:10BB000055F8EFF311824FF0500383F31188BFF320
:10BB10006F8FBFF34F8FBA617B61BB697B63BB6B78
:10BB20009B6B3B63BB6BDB6B3A6B9A4243D2BB6B49
:10BB300093F8453087F82F303B6B5A1CBB6B9A63E8
:10BB400097F92F30B3F1FF3F12D1BB6B5B6A002B2B
:10BB50002ED0BB6B2433184601F062FA0346002B4B
:10BB600026D03B68002B23D03B6801221A601FE0DF
:10BB700001F008F8B86297F92F30BA6A9A4217D9DB
:10BB800097F92F307F2B0BD14FF0500383F311889F
:10BB9000BFF36F8FBFF34F8F3B6100BF00BFFDE767
:10BBA00097F82F300133DBB25AB2BB6B83F84520D4
:10BBB0000123FB6301E00023FB637B6BFB60FB68FD
:10BBC00083F3118800BFFB6B18464037BD4680BD2C
:10BBD00080B58CB000AFF860B9607A600023FB627A
:10BBE000FB68BB62BB6A002B0BD14FF0500383F3A1
:10BBF0001188BFF36F8FBFF34F8F3B6200BF00BF51
:10BC0000FDE7BB68002B03D1BB6A1B6C002B01D185
:10BC1000012300E00023002B0BD14FF0500383F3EE
:10BC20001188BFF36F8FBFF34F8FFB6100BF00BF61
:10BC3000FDE701F093FC0346002B02D17B68002B4B
:10BC400001D1012300E00023002B0BD14FF0500362
:10BC500083F31188BFF36F8FBFF34F8FBB6100BFBA
:10BC600000BFFDE702F0BEFEBB6A9B6B7B627B6A96
:10BC7000002B1FD0B968B86A00F02DFA7B6A5A1EF3
:10BC8000BB6A9A63BB6A1B69002B0FD0BB6A103377
:10BC9000184601F0C5F90346002B07D03C4B4FF086
:10BCA00080521A60BFF34F8FBFF36F8F02F0CCFE4C
:10BCB000012369E07B68002B03D102F0C5FE00235D
:10BCC00062E0FB6A002B06D107F11003184601F071
:10BCD00045FB0123FB6202F0B7FE00F02DFE02F0EF
:10BCE00081FEBB6A93F844305BB2B3F1FF3F03D1EE
:10BCF000BB6A002283F84420BB6A93F845305BB2EC
:10BD0000B3F1FF3F03D1BB6A002283F8452002F064
:10BD10009BFE3A1D07F110031146184601F034FB53
:10BD20000346002B23D1B86A00F04DFA0346002BDE
:10BD300017D0BB6A24337A681146184601F0ACF874
:10BD4000B86A00F0EEF900F005FE0346002B89D139
:10BD50000F4B4FF080521A60BFF34F8FBFF36F8FBE
:10BD600080E7B86A00F0DDF900F0F4FD7AE7B86A20
:10BD700000F0D7F900F0EEFDB86A00F024FA0346AF
:10BD8000002B3FF46FAF002318463037BD4680BD0F
:10BD900004ED00E080B58CB000AF7860396000231E
:10BDA000FB627B687B620023BB627B6A002B0BD14A
:10BDB0004FF0500383F31188BFF36F8FBFF34F8FA2
:10BDC000BB6100BF00BFFDE77B6A1B6C002B0BD083
:10BDD0004FF0500383F31188BFF36F8FBFF34F8F82
:10BDE0007B6100BF00BFFDE701F0B8FB0346002BFD
:10BDF00002D13B68002B01D1012300E00023002B7E
:10BE00000BD14FF0500383F31188BFF36F8FBFF353
:10BE10004F8F3B6100BF00BFFDE702F0E3FD7B6A8F
:10BE20009B6B3B623B6A002B24D03B6A5A1E7B6AA9
:10BE30009A637B6A1B68002B04D101F0C9FD02469E
:10BE40007B6A9A607B6A1B69002B0FD07B6A103378
:10BE5000184601F0E5F80346002B07D04C4B4FF095
:10BE600080521A60BFF34F8FBFF36F8F02F0ECFD6B
:10BE7000012389E03B68002B03D102F0E5FD00239C
:10BE800082E0FB6A002B06D107F10803184601F097
:10BE900065FA0123FB6202F0D7FD00F04DFD02F0D0
:10BEA000A1FD7B6A93F844305BB2B3F1FF3F03D14D
:10BEB0007B6A002283F844207B6A93F845305BB2AA
:10BEC000B3F1FF3F03D17B6A002283F8452002F0E3
:10BED000BBFD3A4607F108031146184601F054FA33
:10BEE0000346002B32D1786A00F06DF90346002B2F
:10BEF00026D07B6A1B68002B09D102F073FD7B6A98
:10BF00009B68184601F048FBB86202F09DFD7B6A11
:10BF100024333A681146184600F0BEFF786A00F0F4
:10BF200000F900F017FD0346002B7FF476AF184BA5
:10BF30004FF080521A60BFF34F8FBFF36F8F6CE7E3
:10BF4000786A00F0EEF800F005FD66E7786A00F028
:10BF5000E8F800F0FFFC786A00F035F90346002BA2
:10BF60003FF45BAFBB6A002B0DD002F03BFD786A5B
:10BF700000F02FF8F8617B6A9B68F969184601F0B8
:10BF800053FC02F061FD002318463037BD4680BDEA
:10BF900004ED00E080B584B000AF78607B68002BD2
:10BFA0000BD14FF0500383F31188BFF36F8FBFF3B2
:10BFB0004F8FBB6000BF00BFFDE702F013FD7B6841
:10BFC0009B6BFB6002F040FDFB6818461037BD46D6
:10BFD00080BD80B485B000AF78607B685B6A002B61
:10BFE00006D07B681B6B1B68C3F10703FB6001E095
:10BFF0000023FB60FB6818461437BD465DF8047BE0
:10C00000704780B586B000AFF860B9607A600023F1
:10C010007B61FB689B6B3B61FB681B6C002B0DD14C
:10C02000FB681B68002B4DD1FB689B68184601F02C
:10C0300053FB7861FB6800229A6043E07B68002B29
:10C0400019D1FB685868FB681B6C1A46B9680BF07D
:10C05000B0FFFB685A68FB681B6C1A44FB685A60A7
:10C06000FB685A68FB689B689A422BD3FB681A6886
:10C07000FB685A6026E0FB68D868FB681B6C1A46B0
:10C08000B9680BF096FFFB68DA68FB681B6C5B42D3
:10C090001A44FB68DA60FB68DA68FB681B689A423E
:10C0A00007D2FB689A68FB681B6C5B421A44FB680A
:10C0B000DA607B68022B05D13B69002B02D03B691B
:10C0C000013B3B613B695A1CFB689A637B691846DC
:10C0D0001837BD4680BD80B582B000AF786039604A
:10C0E0007B681B6C002B18D07B68DA687B681B6C44
:10C0F0001A447B68DA607B68DA687B689B689A42DE
:10C1000003D37B681A687B68DA607B68D9687B68D0
:10C110001B6C1A4638680BF04CFF00BF0837BD4651
:10C1200080BD80B584B000AF786002F05BFC7B68B6
:10C1300093F84530FB7311E07B685B6A002B12D0EB
:10C140007B682433184600F06BFF0346002B01D0B8
:10C1500001F082F9FB7B013BDBB2FB7397F90F30F7
:10C16000002BE9DC00E000BF7B68FF2283F845205C
:10C1700002F06AFC02F036FC7B6893F84430BB7333
:10C1800011E07B681B69002B12D07B6810331846C6
:10C1900000F046FF0346002B01D001F05DF9BB7BA8
:10C1A000013BDBB2BB7397F90E30002BE9DC00E0FA
:10C1B00000BF7B68FF2283F8442002F045FC00BFEB
:10C1C0001037BD4680BD80B584B000AF786002F006
:10C1D00009FC7B689B6B002B02D10123FB6001E013
:10C1E0000023FB6002F030FCFB6818461037BD46A8
:10C1F00080BD80B584B000AF786002F0F3FB7B684F
:10C200009A6B7B68DB6B9A4202D10123FB6001E0F1
:10C210000023FB6002F018FCFB6818461037BD468F
:10C2200080BD000080B487B000AF78603960002323
:10C230003B617B68002B0BD14FF0500383F31188D7
:10C24000BFF36F8FBFF34F8FFB6000BF00BFFDE7F1
:10C250003B68002B24D000237B611EE0184A7B69D9
:10C26000DB0013445B687A689A4205D17B69DB0086
:10C27000134A13443B6113E03B69002B0AD1104A77
:10C280007B6952F83330002B04D17B69DB000C4A08
:10C2900013443B617B6901337B617B69072BDDD9EB
:10C2A0003B69002B05D03B693A681A603B697A68A4
:10C2B0005A6000BF1C37BD465DF8047B704700BF65
:10C2C0004C2A002080B586B000AFF860B9607A6073
:10C2D000FB687B6102F086FB7B6993F844305BB2BC
:10C2E000B3F1FF3F03D17B69002283F844207B69CF
:10C2F00093F845305BB2B3F1FF3F03D17B69002275
:10C3000083F8452002F0A0FB7B699B6B002B06D1D4
:10C310007B6924337A68B968184600F03BFE786977
:10C32000FFF7FFFE00BF1837BD4680BD80B58EB059
:10C3300004AFF860B9607A603B607B6B002B0BD177
:10C340004FF0500383F31188BFF36F8FBFF34F8F0C
:10C350003B6200BF00BFFDE7BB6B002B0BD14FF072
:10C36000500383F31188BFF36F8FBFF34F8FFB61CF
:10C3700000BF00BFFDE7A0237B617B69A02B0BD032
:10C380004FF0500383F31188BFF36F8FBFF34F8FCC
:10C39000BB6100BF00BFFDE77B69BB6B002B1FD0FB
:10C3A0007B6B002B1CD0BB6B7B62A0220021786AC8
:10C3B0000AF02FFF7B6A7A6B1A637B6A022283F88A
:10C3C0009D20002303937B6A0293FB6B01933B6BDD
:10C3D00000933B687A68B968F86800F08FF801E06C
:10C3E00000237B627B6A18462837BD4680BD80B536
:10C3F0008AB004AFF860B9607A603B6000233B61AB
:10C4000007F110030393BB6A02937B6A01933B6AB3
:10C4100000933B687A68B968F868FFF787FF78612E
:10C420007B69002B02D0786900F006F93B69184659
:10C430001837BD4680BD80B58AB004AFF860B960DA
:10C440007A603B607B689B00184602F0F1FB386124
:10C450003B69002B13D0A02002F0EAFB78617B69D6
:10C46000002B08D0A022002178690AF0D2FE7B6957
:10C470003A691A6305E0386902F012FD01E0002311
:10C480007B617B69002B11D07B69002283F89D20A2
:10C49000002303937B6902937B6A01933B6A0093B9
:10C4A0003B687A68B968F86800F028F87B69184634
:10C4B0001837BD4680BD80B588B002AFF860B9605E
:10C4C0007A603B607B6A01933B6A00933B687A68C1
:10C4D000B968F868FFF7AFFF38613B69002B05D0FA
:10C4E000386900F0A9F801237B6102E04FF0FF33C7
:10C4F0007B617B6918461837BD4680BD80B588B022
:10C5000000AFF860B9607A603B603B6B1A6B7B6888
:10C5100003F18043013B9B001344BB61BB6923F0E3
:10C520000703BB61BB6903F00703002B0BD04FF07F
:10C53000500383F31188BFF36F8FBFF34F8F7B617D
:10C5400000BF00BFFDE7BB68002B1ED00023FB61CE
:10C5500012E0BA68FB69134419783A6BFB6913441B
:10C5600034330A461A70BA68FB6913441B78002BEF
:10C5700006D0FB690133FB61FB690F2BE9D900E0B1
:10C5800000BF3B6B002283F84320BB6A062B0BD90C
:10C590004FF0500383F31188BFF36F8FBFF34F8FBA
:10C5A0003B6100BF00BFFDE7BB6A062B01D9062334
:10C5B000BB623B6BBA6ADA623B6BBA6A5A643B6B2A
:10C5C00004331846FEF79CFE3B6B18331846FEF703
:10C5D00097FE3B6B3A6B1A61BB6AC3F107023B6B78
:10C5E0009A613B6B3A6B5A623B6B4C334C22002195
:10C5F00018460AF00EFE3B6B0C4A1A653B6B0C4A60
:10C600005A653B6B0B4A9A653A68F968B86902F05B
:10C6100069F802463B6B1A60FB6A002B02D0FB6A8A
:10C620003A6B1A6000BF2037BD4680BD18650120F7
:10C6300080650120E865012080B584B000AF786096
:10C6400002F0D0F93F4B1B6801333E4A13603E4B6A
:10C650001B68002B09D13C4A7B681360394B1B686F
:10C66000012B10D100F01CFF0DE0384B1B68002B94
:10C6700009D1354B1B68DA6A7B68DB6A9A4202D8BB
:10C68000314A7B681360324B1B680133304A1360B8
:10C690007B68DB6A01229A402E4B1B6813432D4AAC
:10C6A00013607B68DA6A2C4913469B0013449B0095
:10C6B0000B4404331B68FB607B68FA689A60FB6874
:10C6C0009A687B68DA60FB689B687A6804325A6013
:10C6D0007B681A1DFB689A607B68DA6A13469B00C8
:10C6E00013449B001C4A1A447B685A617B68DA6ACF
:10C6F000194913469B0013449B000B441B687A683E
:10C70000D26A591C144813469B0013449B000344EF
:10C71000196002F099F90D4B1B68002B0ED00A4BE3
:10C720001B68DA6A7B68DB6A9A4207D20B4B4FF0D0
:10C7300080521A60BFF34F8FBFF36F8F00BF103767
:10C74000BD4680BD742B00208C2A0020802B002049
:10C75000902B00207C2B0020902A002004ED00E08C
:10C7600080B584B000AF78600023FB607B68002B4D
:10C7700018D000F0E1F8134B1B68012B0BD04FF0E1
:10C78000500383F31188BFF36F8FBFF34F8FBB60EC
:10C7900000BF00BFFDE70021786801F06FFC00F0EA
:10C7A000D9F8F860FB68002B07D1074B4FF0805297
:10C7B0001A60BFF34F8FBFF36F8F00BF1037BD46B6
:10C7C00080BD00BF9C2B002004ED00E080B590B040
:10C7D00004AF0123FB6200233B6200237B6213E072
:10C7E0002B4A7B6A1344197807F110027B6A1344C1
:10C7F0000A461A7007F110027B6A13441B78002B5B
:10C8000006D07B6A01337B627B6A0F2BE8DD00E098
:10C8100000BF0023BB6231E01E4B3B620023FB6084
:10C820000023BB603A1D07F1080107F10C0318460D
:10C83000E5F732FC7868BB68FA6807F110010292EC
:10C8400001930023009300230246386AFFF7CFFDCF
:10C8500002461149BB6A41F823200F4ABB6A52F8CD
:10C860002330002B02D00123FB6201E00023FB6296
:10C87000FB6A002B06D0BB6A0133BB62BB6A002B8C
:10C88000CADD00E000BFFB6A18463037BD4680BDF8
:10C890009CA9020871D40108982B002080B584B0AF
:10C8A00000AFFFF793FFF860FB68012B02D101F0A6
:10C8B00067FCF860FB68012B1BD14FF0500383F33A
:10C8C0001188BFF36F8FBFF34F8FBB6000BF144B56
:10C8D0001B684C33134A1360134B4FF0FF321A603E
:10C8E000124B01221A60124B00221A6001F08AFFDB
:10C8F0000FE0FB68B3F1FF3F0BD14FF0500383F320
:10C900001188BFF36F8FBFF34F8F7B6000BF00BFF5
:10C91000FDE7084B1B6800BF1037BD4680BD00BF58
:10C920008C2A002038040020942B0020802B00202B
:10C93000782B00209C02002080B400AF044B1B68C1
:10C940000133034A136000BFBD465DF8047B7047A6
:10C950009C2B002080B588B000AF0023FB61002332
:10C96000BB6102F03FF800233B61754B1B68002B55
:10C970000BD14FF0500383F31188BFF36F8FBFF3D8
:10C980004F8F3B6000BF00BFFDE76D4B1B68013B55
:10C990006B4A13606A4B1B68002B40F0CA80694BDE
:10C9A0001B68002B00F0C5808EE0674BDB68DB68FE
:10C9B000FB61FB699B6AFB60FB69DB69FA69126AD0
:10C9C0009A60FB691B6AFA69D2695A60FB685A6807
:10C9D000FB6918339A4203D1FB691A6AFB685A60F3
:10C9E000FB6900229A62FB681B685A1EFB681A608A
:10C9F000FB695B69BB60FB699B68FA69D2689A60F6
:10CA0000FB69DB68FA6992685A60BB685A68FB691F
:10CA100004339A4203D1FB69DA68BB685A60FB6948
:10CA200000225A61BB681B685A1EBB681A60FB690A
:10CA3000DB6A01229A40454B1B681343434A13604B
:10CA4000FB69DA6A424913469B0013449B000B447E
:10CA500004331B687B60FB697A689A607B689A681C
:10CA6000FB69DA607B689B68FA6904325A60FB698B
:10CA70001A1D7B689A60FB69DA6A13469B001344AF
:10CA80009B00334A1A44FB695A61FB69DA6A3049F0
:10CA900013469B0013449B000B441B68FA69D26A3F
:10CAA000591C2B4813469B0013449B0003441960F8
:10CAB000FB69DA6A274B1B68DB6A9A4204D9264A6B
:10CAC0003B69012142F823101F4B1B68002B7FF4A8
:10CAD0006CAFFB69002B01D000F024FD1F4B1B68DD
:10CAE0007B617B69002B12D000F058F80346002BC5
:10CAF00004D0194A3B69012142F823107B69013BAC
:10CB00007B617B69002BEFD1144B00221A60124A23
:10CB10003B6952F82330002B0BD00123BB610D4B36
:10CB20001B680F4B4FF080521A60BFF34F8FBFF35B
:10CB30006F8F01F089FFBB6918462037BD4680BD65
:10CB40009C2B0020742B00204C2B00207C2B0020E1
:10CB5000902A00208C2A0020882B0020842B002083
:10CB600004ED00E080B483B000AF054B1B687B6030
:10CB70007B6818460C37BD465DF8047B704700BFE4
:10CB8000782B002080B400AF034B1B681846BD46CD
:10CB90005DF8047B704700BF742B002080B58AB01D
:10CBA00000AF00237B627F4B1B68002B40F0EF80BF
:10CBB0007D4B1B6801333B627B4A3B6A13603B6AD7
:10CBC000002B21D1794B1B681B68002B0BD04FF039
:10CBD000500383F31188BFF36F8FBFF34F8F7B60D8
:10CBE00000BF00BFFDE7714B1B68FB61704B1B680A
:10CBF0006E4A13606E4AFB6913606E4B1B6801330B
:10CC00006C4A136000F08EFC6B4B1B683A6A9A42C8
:10CC1000C0F0A880654B1B681B68002B04D1664BD5
:10CC20004FF0FF321A609DE0604B1B68DB68DB68E9
:10CC3000BB61BB695B687B613A6A7B699A4203D2DC
:10CC40005D4A7B6913608DE0BB695B693B61BB69D1
:10CC50009B68BA69D2689A60BB69DB68BA699268F6
:10CC60005A603B695A68BB6904339A4203D1BB6975
:10CC7000DA683B695A60BB6900225A613B691B68EC
:10CC80005A1E3B691A60BB699B6A002B1ED0BB69A8
:10CC90009B6AFB60BB69DB69BA69126A9A60BB690F
:10CCA0001B6ABA69D2695A60FB685A68BB69183353
:10CCB0009A4203D1BB691A6AFB685A60BB690022B9
:10CCC0009A62FB681B685A1EFB681A60BB69DB6AC4
:10CCD00001229A40394B1B681343384A1360BB69E1
:10CCE000DA6A374913469B0013449B000B44043314
:10CCF0001B68BB60BB69BA689A60BB689A68BB690D
:10CD0000DA60BB689B68BA6904325A60BB691A1D55
:10CD1000BB689A60BB69DA6A13469B0013449B00A8
:10CD2000274A1A44BB695A61BB69DA6A2449134627
:10CD30009B0013449B000B441B68BA69D26A591CC0
:10CD40001F4813469B0013449B0003441960BB69B2
:10CD5000DA6A1C4B1B68DB6A9A427FF65BAF0123E1
:10CD60007B6257E7174B1B68DA6A154913469B002D
:10CD700013449B000B441B68012B01D901237B62E8
:10CD8000114B1B68002B07D001237B6204E00F4B83
:10CD90001B6801330D4A13607B6A18462837BD466D
:10CDA00080BD00BF9C2B0020782B0020442B00204E
:10CDB000482B00208C2B0020942B00207C2B002063
:10CDC000902A00208C2A0020882B0020842B002011
:10CDD00080B487B000AF2A4B1B68002B03D0294BCF
:10CDE00001221A6046E0274B00221A60264B1B687E
:10CDF000FB60FB68B3FA83F3FB72FB7AC3F11F039A
:10CE00007B6122497A6913469B0013449B000B44C3
:10CE10001B68002B0BD14FF0500383F31188BFF335
:10CE20006F8FBFF34F8F7B6000BF00BFFDE77A6954
:10CE300013469B0013449B00144A13443B613B6917
:10CE40005B685A683B695A603B695A683B690833BA
:10CE50009A4203D13B69DA683B695A603B695B6877
:10CE6000DB680B4A13600A4B1B68094B1B684C3389
:10CE7000084A136000BF1C37BD465DF8047B70474D
:10CE80009C2B0020882B00207C2B0020902A002047
:10CE90008C2A00203804002080B584B000AF786070
:10CEA00039607B68002B0BD14FF0500383F311885E
:10CEB000BFF36F8FBFF34F8FFB6000BF00BFFDE775
:10CEC000074B1B68183319467868FEF726FA0121CC
:10CED000386801F0D3F800BF1037BD4680BD00BFF1
:10CEE0008C2A002080B588B000AFF860B9607A6005
:10CEF000FB68002B0BD14FF0500383F31188BFF375
:10CF00006F8FBFF34F8FBB6100BF00BFFDE71F4BAB
:10CF10001B68002B0BD14FF0500383F31188BFF334
:10CF20006F8FBFF34F8F7B6100BF00BFFDE7184BD2
:10CF30001B68BA6842F000429A61FB685B68FB615B
:10CF4000134B1B68FA69DA61114B1B68FA69926826
:10CF50001A620F4B1A68FB699B6818325A600C4BB7
:10CF60001B6803F11802FB699A60094B1B68FA6899
:10CF70009A62FB681B685A1CFB681A60012178687A
:10CF800001F07CF800BF2037BD4680BD9C2B0020FF
:10CF90008C2A002080B586B000AFF860B9607A6056
:10CFA000FB68002B0BD14FF0500383F31188BFF3C4
:10CFB0006F8FBFF34F8F3B6100BF00BFFDE7FB6882
:10CFC0005B687B61154B1B687A69DA61134B1B68E0
:10CFD0007A6992681A62114B1A687B699B681832E9
:10CFE0005A600E4B1B6803F118027B699A600B4B69
:10CFF0001B68FA689A62FB681B685A1CFB681A6017
:10D000007B68002B02D04FF0FF33BB607968B868B3
:10D0100001F034F800BF1837BD4680BD8C2A0020CF
:10D0200080B48BB000AF78607B68DB68DB683B6204
:10D030003B6A002B0BD14FF0500383F31188BFF3F1
:10D040006F8FBFF34F8FFB6000BF00BFFDE73B6AF0
:10D050009B6AFB613B6ADB693A6A126A9A603B6AC7
:10D060001B6A3A6AD2695A60FB695A683B6A18338C
:10D070009A4203D13B6A1A6AFB695A603B6A0022F2
:10D080009A62FB691B685A1EFB691A604B4B1B684E
:10D09000002B60D13B6A5B697B613B6A9B683A6AA3
:10D0A000D2689A603B6ADB683A6A92685A607B6928
:10D0B0005A683B6A04339A4203D13B6ADA687B6957
:10D0C0005A603B6A00225A617B691B685A1E7B6961
:10D0D0001A603B6ADB6A01229A40394B1B68134392
:10D0E000374A13603B6ADA6A364913469B00134499
:10D0F0009B000B4404331B683B613B6A3A699A60AE
:10D100003B699A683B6ADA603B699B683A6A043219
:10D110005A603B6A1A1D3B699A603B6ADA6A134699
:10D120009B0013449B00274A1A443B6A5A613B6A9E
:10D13000DA6A244913469B0013449B000B441B6886
:10D140003A6AD26A591C1F4813469B0013449B003D
:10D15000034419601BE01C4B5B68BB613B6ABA6906
:10D16000DA61BB699A683B6A1A62BB699B683A6A72
:10D1700018325A603B6A03F11802BB699A603B6A35
:10D18000114A9A62104B1B6801330F4A13603B6AC5
:10D19000DA6A0E4B1B68DB6A9A4205D901237B626F
:10D1A0000B4B01221A6001E000237B627B6A184668
:10D1B0002C37BD465DF8047B704700BF9C2B0020D8
:10D1C0007C2B0020902A00204C2B00208C2A002051
:10D1D000882B002080B489B000AF786039605A4B4A
:10D1E0001B68002B0BD14FF0500383F31188BFF362
:10D1F0006F8FBFF34F8FFB6000BF00BFFDE73B6841
:10D2000043F000427B681A607B68DB68FB61FB6966
:10D21000002B0BD14FF0500383F31188BFF36F8FB6
:10D22000BFF34F8FBB6000BF00BFFDE77B681B698A
:10D23000BB617B685B687A6892689A607B689B6870
:10D240007A6852685A60BB695B687A689A4203D10F
:10D250007B689A68BB695A607B6800221A61BB6967
:10D260001B685A1EBB691A60FB695B697B61FB69BD
:10D270009B68FA69D2689A60FB69DB68FA69926810
:10D280005A607B695A68FB6904339A4203D1FB698F
:10D29000DA687B695A60FB6900225A617B691B6806
:10D2A0005A1E7B691A60FB69DB6A01229A40274B90
:10D2B0001B681343254A1360FB69DA6A2449134645
:10D2C0009B0013449B000B4404331B683B61FB69C8
:10D2D0003A699A603B699A68FB69DA603B699B68C6
:10D2E000FA6904325A60FB691A1D3B699A60FB694E
:10D2F000DA6A13469B0013449B00154A1A44FB69E3
:10D300005A61FB69DA6A124913469B0013449B0079
:10D310000B441B68FA69D26A591C0D4813469B00DE
:10D3200013449B0003441960FB69DA6A094B1B68CC
:10D33000DB6A9A4202D9084B01221A6000BF2437E7
:10D34000BD465DF8047B70479C2B00207C2B0020A1
:10D35000902A00208C2A0020882B002080B483B0E3
:10D3600000AF7860064B1A687B681A60054B1A6834
:10D370007B685A6000BF0C37BD465DF8047B704780
:10D380008C2B0020782B002080B588B000AF78600F
:10D3900039607B68002B0BD14FF0500383F3118869
:10D3A000BFF36F8FBFF34F8F3B6100BF00BFFDE73F
:10D3B0003B68002B0BD14FF0500383F31188BFF370
:10D3C0006F8FBFF34F8FFB6000BF00BFFDE701F021
:10D3D00009FB1F4B1B68BB617B685B68BA69D31A8A
:10D3E0007B613B681B68B3F1FF3F02D10023FB6107
:10D3F00026E07B681A68174B1B689A420AD07B6844
:10D400005B68BA699A4205D30123FB613B6800223D
:10D410001A6015E03B681B687A699A420BD23B6838
:10D420001A687B69D21A3B681A607868FFF796FF22
:10D430000023FB6104E03B6800221A600123FB61CA
:10D4400001F002FBFB6918462037BD4680BD00BFD6
:10D45000782B00208C2B002080B400AF034B0122DE
:10D460001A6000BFBD465DF8047B7047882B002022
:10D4700080B582B000AF786000F04CF8064B1B68B6
:10D48000012BF9D9054B4FF080521A60BFF34F8F33
:10D49000BFF36F8FF0E700BF902A002004ED00E09B
:10D4A00080B582B000AF00237B600CE07A68134641
:10D4B0009B0013449B00104A13441846FDF700FFDD
:10D4C0007B6801337B607B68062BEFD90B48FDF747
:10D4D000F7FE0B48FDF7F4FE0A48FDF7F1FE0A4897
:10D4E000FDF7EEFE094B054A1A60094B044A1A6023
:10D4F00000BF0837BD4680BD902A00201C2B0020AD
:10D50000302B00204C2B0020602B0020442B0020CF
:10D51000482B002080B400AF00BFBD465DF8047BFF
:10D520007047000080B400AF0A4B1B681B68002BDB
:10D5300004D1094B4FF0FF321A6005E0054B1B6820
:10D54000DB681B68044A136000BFBD465DF8047BBE
:10D55000704700BF442B0020942B002080B483B080
:10D5600000AF0B4B1B68002B02D101237B6008E04E
:10D57000084B1B68002B02D102237B6001E00023D3
:10D580007B607B6818460C37BD465DF8047B7047AE
:10D59000802B00209C2B002080B586B000AF7860E7
:10D5A0007B683B6100237B617B68002B00F08980F6
:10D5B0003B69DA6A454B1B68DB6A9A4278D23B6961
:10D5C0009B69002B06DB414B1B68DB6AC3F107023A
:10D5D0003B699A613B6959693B69DA6A13469B006A
:10D5E00013449B003A4A1344994259D13B6904338E
:10D5F0001846FDF7CBFE0346002B0AD13B69DB6AD8
:10D60000012202FA03F3DA43324B1B681340314A1A
:10D6100013602E4B1B68DA6A3B69DA623B69DB6A8E
:10D6200001229A402B4B1B6813432A4A13603B6923
:10D63000DA6A274913469B0013449B000B440433CA
:10D640001B68FB603B69FA689A60FB689A683B69F3
:10D65000DA60FB689B683A6904325A603B691A1DBC
:10D66000FB689A603B69DA6A13469B0013449B008F
:10D67000174A1A443B695A613B69DA6A14491346EE
:10D680009B0013449B000B441B683A69D26A591CE7
:10D690000F4813469B0013449B000344196004E0A9
:10D6A0000A4B1B68DA6A3B69DA6201237B6108E096
:10D6B0003B695A6C054B1B68DB6A9A4201D2012315
:10D6C0007B617B6918461837BD4680BD8C2A0020D7
:10D6D000902A00207C2B002080B588B000AF7860B5
:10D6E0007B68BB610023FB617B68002B00F09080AE
:10D6F0004A4B1B68BA699A420BD04FF0500383F330
:10D700001188BFF36F8FBFF34F8F3B6100BF00BF26
:10D71000FDE7BB699B6C002B0BD14FF0500383F3EB
:10D720001188BFF36F8FBFF34F8FFB6000BF00BF47
:10D73000FDE7BB699B6C5A1EBB699A64BB69DA6AD8
:10D74000BB695B6C9A4263D0BB699B6C002B5FD159
:10D75000BB6904331846FDF719FE0346002B0AD1B6
:10D76000BB69DB6A012202FA03F3DA432C4B1B6824
:10D7700013402B4A1360BB695A6CBB69DA62BB6900
:10D78000DB6AC3F10702BB699A61BB69DB6A0122EC
:10D790009A40234B1B681343214A1360BB69DA6A22
:10D7A000204913469B0013449B000B4404331B6821
:10D7B0007B61BB697A699A607B699A68BB69DA6048
:10D7C0007B699B68BA6904325A60BB691A1D7B6920
:10D7D0009A60BB69DA6A13469B0013449B00114AA6
:10D7E0001A44BB695A61BB69DA6A0E4913469B0049
:10D7F00013449B000B441B68BA69D26A591C094840
:10D8000013469B0013449B00034419600123FB61F2
:10D81000FB6918462037BD4680BD00BF8C2A00201A
:10D820007C2B0020902A002080B58AB000AF786061
:10D8300039607B683B620123FB617B68002B00F051
:10D84000A5803B6A9B6C002B0BD14FF0500383F3F8
:10D850001188BFF36F8FBFF34F8F3B6100BF00BFD5
:10D86000FDE73B6A5B6C3A689A4202D93B687B628F
:10D8700002E03B6A5B6C7B623B6ADB6A7A6A9A42D3
:10D8800000F084803B6A9B6CFA699A427ED1414BDE
:10D890001B683A6A9A420BD14FF0500383F3118808
:10D8A000BFF36F8FBFF34F8FFB6000BF00BFFDE77B
:10D8B0003B6ADB6ABB613B6A7A6ADA623B6A9B69F4
:10D8C000002B04DB7B6AC3F107023B6A9A613B6A67
:10D8D0005969BA6913469B0013449B002E4A1344AE
:10D8E000994253D13B6A04331846FDF74FFD034676
:10D8F000002B0AD13B6ADB6A012202FA03F3DA4306
:10D90000264B1B681340254A13603B6ADB6A0122E1
:10D910009A40224B1B681343204A13603B6ADA6A21
:10D920001D4913469B0013449B000B4404331B68A2
:10D930007B613B6A7A699A607B699A683B6ADA60C4
:10D940007B699B683A6A04325A603B6A1A1D7B699C
:10D950009A603B6ADA6A13469B0013449B000E4AA6
:10D960001A443B6A5A613B6ADA6A0B4913469B00C8
:10D9700013449B000B441B683A6AD26A591C064840
:10D9800013469B0013449B000344196000BF2837D3
:10D99000BD4680BD8C2A0020902A00207C2B0020D0
:10D9A00080B483B000AF094B1B689B697B60074B59
:10D9B0001B68DA6A054B1B68C2F107029A617B6833
:10D9C00018460C37BD465DF8047B70478C2A002052
:10D9D00080B483B000AF094B1B687B607B68002B71
:10D9E00004D07B689B6C5A1C7B689A647B681846E1
:10D9F0000C37BD465DF8047B704700BF8C2A0020C1
:10DA000080B588B000AFF860B9607A600023FB6130
:10DA1000FB68002B0BD04FF0500383F31188BFF34A
:10DA20006F8FBFF34F8F3B6100BF00BFFDE7FEF775
:10DA300083FF00F0D7FF2D4B1B68FA68263253F89E
:10DA40002230002B0BD1294B1A68FB6813449C33FE
:10DA500001221A707B68002B01D00123FB6100F0CA
:10DA6000F3FFFB69012B03D10121786800F006FB6D
:10DA7000FEF770FFB861FB69012B0AD1BB69002B6F
:10DA800007D11B4B4FF080521A60BFF34F8FBFF38B
:10DA90006F8F00F0A7FF154B1B68FA68263253F80A
:10DAA00022307B617B69002B12D0BB68002B07D032
:10DAB0000E4B1B68FA682632002143F8221007E05B
:10DAC0000A4B1B687A69511EFA68263243F8221005
:10DAD000064B1A68FB6813449C3300221A7000F04E
:10DAE000B3FF7B6918462037BD4680BD8C2A0020D5
:10DAF00004ED00E080B588B000AFF860B9607A60EE
:10DB00003B600023BB61FB68002B0BD04FF0500340
:10DB100083F31188BFF36F8FBFF34F8F3B6100BF5B
:10DB200000BFFDE7FEF708FF00F05CFF384B1A6806
:10DB3000FB6813449C331B78DBB2022B18D0344BA8
:10DB40001B68FA68263253F82210BA68D243114093
:10DB5000FA68263243F822102D4B1A68FB681344EA
:10DB60009C3301221A70BB6A002B01D00123BB61D8
:10DB700000F06AFFBB69012B03D10121B86A00F0F4
:10DB80007DFAFEF7E7FE7861BB69012B0AD17B695C
:10DB9000002B07D11F4B4FF080521A60BFF34F8FFD
:10DBA000BFF36F8F00F01EFF3B68002B07D0184BB0
:10DBB0001B68FA68263253F822203B681A60144B1F
:10DBC0001A68FB6813449C331B78DBB2022B02D02B
:10DBD0000023FB610EE00E4B1B68FA68263253F8F7
:10DBE00022107A68D2431140FA68263243F8221094
:10DBF0000123FB61064B1A68FB6813449C33002227
:10DC00001A7000F021FFFB6918462037BD4680BD21
:10DC10008C2A002004ED00E080B58EB000AFF860E3
:10DC2000B9607A60FB7001237B63BB68002B0BD06B
:10DC30004FF0500383F31188BFF36F8FBFF34F8F03
:10DC40003B6200BF00BFFDE7FB68002B0BD14FF02C
:10DC5000500383F31188BFF36F8FBFF34F8FFB61C6
:10DC600000BF00BFFDE7FB683B6300F0BBFE3B6C01
:10DC7000002B06D03B6BBA68263253F822203B6C4F
:10DC80001A603A6BBB6813449C331B7887F82F30BB
:10DC90003A6BBB6813449C3302221A70FB78042B46
:10DCA0003BD801A252F823F03BDD0108BDDC01089E
:10DCB000D9DC0108F1DC0108FFDC01083B6BBA6824
:10DCC000263253F822207B6842EA03013B6BBA6894
:10DCD000263243F8221033E03B6BBA68263253F801
:10DCE0002230591C3B6BBA68263243F8221027E0D9
:10DCF0003B6BBA682632796843F8221020E097F827
:10DD00002F30022B06D03B6BBA682632796843F875
:10DD1000221015E000237B6312E04E4B1B68002BA2
:10DD20000DD04FF0500383F31188BFF36F8FBFF313
:10DD30004F8FBB6100BF00BFFDE700BF00E000BF29
:10DD400097F82F30012B7ED13B6B5B69BB623B6B3D
:10DD50009B683A6BD2689A603B6BDB683A6B92685F
:10DD60005A60BB6A5A683B6B04339A4203D13B6BDF
:10DD7000DA68BB6A5A603B6B00225A61BB6A1B6857
:10DD80005A1EBB6A1A603B6BDB6A01229A40324B17
:10DD90001B681343304A13603B6BDA6A2F49134602
:10DDA0009B0013449B000B4404331B687B623B6B5A
:10DDB0007A6A9A607B6A9A683B6BDA607B6A9B68D6
:10DDC0003A6B04325A603B6B1A1D7B6A9A603B6B5C
:10DDD000DA6A13469B0013449B00204A1A443B6BAB
:10DDE0005A613B6BDA6A1D4913469B0013449B0042
:10DDF0000B441B683A6BD26A591C184813469B00A7
:10DE000013449B00034419603B6B9B6A002B0BD0AF
:10DE10004FF0500383F31188BFF36F8FBFF34F8F21
:10DE20007B6100BF00BFFDE70D4B1B68DA6A3B6BEF
:10DE3000DB6A9A4207D20B4B4FF080521A60BFF355
:10DE40004F8FBFF36F8F00F0FFFD7B6B18463837A5
:10DE5000BD4680BD782B00207C2B0020902A00201E
:10DE60008C2A002004ED00E080B590B000AFF8608F
:10DE7000B9607A60FB68002B0BD14FF0500383F33D
:10DE80001188BFF36F8FBFF34F8F7B6200BF00BF5E
:10DE9000FDE7BB68002B0BD04FF0500383F31188D4
:10DEA000BFF36F8FBFF34F8F3B6200BF00BFFDE733
:10DEB00000F07CFEFB68FB63EFF311824FF0500330
:10DEC00083F31188BFF36F8FBFF34F8FFA61BB618C
:10DED000FB69BB63FA6BBB6813449C331B7887F800
:10DEE0003730FA6BBB6813449C3302221A70FB6B09
:10DEF000BA68263253F82230591CFB6BBA682632B6
:10DF000043F8221097F83730012B40F0A180FB6BCB
:10DF10009B6A002B0BD04FF0500383F31188BFF3A3
:10DF20006F8FBFF34F8F7B6100BF00BFFDE74D4B8D
:10DF30001B68002B60D1FB6B5B69FB62FB6B9B6812
:10DF4000FA6BD2689A60FB6BDB68FA6B92685A6076
:10DF5000FB6A5A68FB6B04339A4203D1FB6BDA68A5
:10DF6000FB6A5A60FB6B00225A61FB6A1B685A1EEF
:10DF7000FB6A1A60FB6BDB6A01229A403A4B1B6812
:10DF80001343394A1360FB6BDA6A384913469B0026
:10DF900013449B000B4404331B68BB62FB6BBA6ADF
:10DFA0009A60BB6A9A68FB6BDA60BB6A9B68FA6B23
:10DFB00004325A60FB6B1A1DBB6A9A60FB6BDA6A0B
:10DFC00013469B0013449B00284A1A44FB6B5A617A
:10DFD000FB6BDA6A254913469B0013449B000B44F4
:10DFE0001B68FA6BD26A591C204813469B001344E5
:10DFF0009B00034419601BE01D4B5B683B63FB6B9C
:10E000003A6BDA613B6B9A68FB6B1A623B6B9B68FD
:10E01000FA6B18325A60FB6B03F118023B6B9A6083
:10E02000FB6B134A9A62124B1B680133104A136050
:10E03000FB6BDA6A0F4B1B68DB6A9A4208D97B6874
:10E04000002B02D07B6801221A600B4B01221A6060
:10E05000BB6B3B613B6983F3118800BF00BF403756
:10E06000BD4680BD9C2B00207C2B0020902A0020E8
:10E070004C2B00208C2A0020882B002080B588B0F3
:10E0800000AF78603960374B1B68FB61364B1B680B
:10E09000BB61364B1B687B61354B1B6804331846EC
:10E0A000FDF774F90346002B0BD1314B1B68DB6A7B
:10E0B000012202FA03F3DA432E4B1B6813402D4A68
:10E0C00013607B68B3F1FF3F24D13B68002B21D064
:10E0D000294B5B683B61264B1B683A699A60244B6D
:10E0E0001B683A699268DA60214B1A683B699B6841
:10E0F00004325A601E4B1B681A1D3B699A601C4B08
:10E100001B681D4A5A611C4B1B6801331A4A136075
:10E1100000BF22E0FA697B681344FB60144B1B6864
:10E12000FA685A60FA68FB699A4207D2104B1B687A
:10E13000043319467869FDF7F0F80EE00C4B1B68C4
:10E1400004331946B869FDF7E8F80C4B1B68FA6808
:10E150009A4202D2094AFB68136000BF2037BD46CD
:10E1600080BD00BF782B0020442B0020482B0020CE
:10E170008C2A00207C2B0020602B0020942B002078
:10E1800080B58AB004AF00237B6100F06BFA1D4BB1
:10E190001B68002B21D00023FB600023BB603A1DCD
:10E1A00007F1080107F10C031846E3F78FFF7968C0
:10E1B000BB68FA68029201930623009300230A4683
:10E1C00011491248FEF713F90346114A1360104B28
:10E1D0001B68002B01D001237B617B69002B0BD1D5
:10E1E0004FF0500383F31188BFF36F8FBFF34F8F4E
:10E1F0003B6100BF00BFFDE77B6918461837BD468D
:10E2000080BD00BFD02B0020A4A90208B9E20108FC
:10E21000D42B002080B584B000AFF860B9607A607C
:10E2200008E0FB689B69BA681344BB60FB681B6A23
:10E23000F8689847FB689A69BB68D118BB687A6828
:10E24000F86800F0DFF80346002BEAD100BF00BFFA
:10E250001037BD4680BD000080B584B000AF786047
:10E260003960144B1B68DB68DB68FB60FB680433B8
:10E270001846FDF78BF8FB6893F8243003F004038D
:10E28000002B05D03A687968F868FFF7C3FF08E00B
:10E29000FB6893F8243023F00103DAB2FB6883F8BB
:10E2A0002420FB681B6AF868984700BF1037BD46FA
:10E2B00080BD00BFC82B002080B584B000AF78605F
:10E2C00007F10803184600F059F8F860BB681946D2
:10E2D000F86800F005F800F0D7F800BFF0E700009C
:10E2E00080B584B000AF78603960FEF725FB07F198
:10E2F0000803184600F066F8F860BB68002B30D1C0
:10E300003B68002B0AD17A68FB689A4206D8FEF770
:10E3100021FBF9687868FFF79FFF24E03B68002B3A
:10E3200008D0134B1B681B68002B01D1012300E0B0
:10E3300000233B600F4B18687A68FB68D31A3A6871
:10E340001946FDF7BFFFFEF705FB0346002B0AD178
:10E35000094B4FF080521A60BFF34F8FBFF36F8F9E
:10E3600001E0FEF7F7FA00BF1037BD4680BD00BFE1
:10E37000CC2B0020D02B002004ED00E080B485B031
:10E3800000AF78600E4B1B681B68002B01D1012287
:10E3900000E000227B681A607B681B68002B05D1B7
:10E3A000074B1B68DB681B68FB6001E00023FB6018
:10E3B000FB6818461437BD465DF8047B704700BF04
:10E3C000C82B002080B584B000AF7860FEF7CAFB90
:10E3D000F8600B4B1B68FA689A4205D200F01CF9F2
:10E3E0007B6801221A6002E07B6800221A60044AFE
:10E3F000FB681360FB6818461037BD4680BD00BF40
:10E40000D82B002080B586B000AFF860B9607A6084
:10E410003B6000237B61FB68BA685A60FB68FA685E
:10E420001A61BA687B689A4212D87A683B68D21A35
:10E43000FB689B699A4202D301237B611BE0104B6E
:10E440001A68FB68043319461046FCF766FF12E0B1
:10E450007A683B689A4206D2BA683B689A4202D30D
:10E4600001237B6107E0074B1A68FB6804331946F8
:10E470001046FCF752FF7B6918461837BD4680BD31
:10E48000CC2B0020C82B002080B588B000AF07F14E
:10E49000080300221A605A609A60A9E0BB68002B4A
:10E4A000C0F2A6803B69FB61FB695B69002B04D06D
:10E4B000FB6904331846FCF769FF3B1D1846FFF75C
:10E4C00081FFB861BB68013B082B00F28E8001A27E
:10E4D00052F823F0F9E40108F9E4010861E50108C4
:10E4E00075E50108C1E50108F9E40108F9E401084E
:10E4F00061E5010875E50108FB6993F8243043F0F4
:10E500000103DAB2FB6983F82420FA68FB699B698E
:10E51000D118FB68BA69F869FFF774FF0346002B4E
:10E5200065D0FB6993F8243003F00403002B09D075
:10E53000FA68FB699B691344BA691946F869FFF7E1
:10E5400069FE08E0FB6993F8243023F00103DAB296
:10E55000FB6983F82420FB691B6AF869984746E049
:10E56000FB6993F8243023F00103DAB2FB6983F8E6
:10E5700024203DE0FB6993F8243043F00103DAB234
:10E58000FB6983F82420FA68FB699A61FB699B693F
:10E59000002B0BD14FF0500383F31188BFF36F8F23
:10E5A000BFF34F8F7B6100BF00BFFDE7FB699A6936
:10E5B000BB69D118BB69BA69F869FFF723FF17E097
:10E5C000FB6993F8243003F00203002B03D1F869B0
:10E5D00000F066FC0CE0FB6993F8243023F00103A3
:10E5E000DAB2FB6983F8242002E000BF00E000BF3C
:10E5F000084B1B6807F1080100221846FDF7E8FAEE
:10E600000346002B7FF44AAF00BF00BF2037BD4652
:10E6100080BD00BFD02B002080B582B000AF09E0E4
:10E620000E4B1B68DB681B683B604FF0FF3138689E
:10E63000FFF712FE094B1B681B68002BF0D1074B3C
:10E640001B687B60064B1B68044A1360044A7B68A6
:10E65000136000BF0837BD4680BD00BFC82B002037
:10E66000CC2B002080B582B002AF00F0BBF9154B77
:10E670001B68002B20D11448FCF722FE1348FCF73E
:10E680001FFE134B104A1A60124B104A1A600023E7
:10E690000093114B114A0C210520FCF733FF034670
:10E6A000084A1360074B1B68002B05D0054B1B68FD
:10E6B0000B491846FDF7B6FD00F0C6F900BFBD4690
:10E6C00080BD00BFD02B0020A02B0020B42B002049
:10E6D000C82B0020CC2B0020182C0020DC2B002085
:10E6E000ACA9020880B485B000AFF860B9607A6068
:10E6F000FB68043BFB60FB684FF080721A60FB68AC
:10E70000043BFB60BB6823F00102FB681A60FB68F6
:10E71000043BFB600C4AFB681A60FB68143BFB601F
:10E720007A68FB681A60FB68043BFB60FB686FF06B
:10E7300002021A60FB68203BFB60FB681846143736
:10E74000BD465DF8047B70474DE7010880B485B095
:10E7500000AF00237B60134B1B68B3F1FF3F0BD06E
:10E760004FF0500383F31188BFF36F8FBFF34F8FC8
:10E77000FB6000BF00BFFDE74FF0500383F311883B
:10E78000BFF36F8FBFF34F8FBB6000BF00BF7B68CD
:10E79000002BFCD000BF00BF1437BD465DF8047BE2
:10E7A000704700BFA0020020000000000000000031
:10E7B000074B19680868B0E8F04F80F30988BFF389
:10E7C0006F8F4FF0000080F311887047AFF3008027
:10E7D0008C2A002000BF00BF08480068006880F352
:10E7E00008884FF0000080F3148862B661B6BFF36A
:10E7F0004F8FBFF36F8F00DF00BF000008ED00E018
:10E8000000BF00BF80B58CB000AF694B1B68694A80
:10E8100093420BD14FF0500383F31188BFF36F8FF6
:10E82000BFF34F8F7B6200BF00BFFDE7604B1B68EB
:10E83000614A93420BD14FF0500383F31188BFF329
:10E840006F8FBFF34F8F3B6200BF00BFFDE75B4B95
:10E850001B68FB62FB6A2C331B68594A93420BD03E
:10E860004FF0500383F31188BFF36F8FBFF34F8FC7
:10E87000FB6100BF00BFFDE7FB6A38331B68514AEC
:10E8800093420BD04FF0500383F31188BFF36F8F87
:10E89000BFF34F8FBB6100BF00BFFDE70023BB602C
:10E8A000494BBB62BB6A1B78DBB2FB73BB6AFF22BE
:10E8B0001A70BB6A1B78DBB2FB71FB79DBB203F029
:10E8C0005003DAB2414B1A70404B1B78002B0BD12E
:10E8D0004FF0500383F31188BFF36F8FBFF34F8F57
:10E8E0007B6100BF00BFFDE7FB79DBB2DB4303F0D8
:10E8F0005003002B13D04FF0500383F31188BFF364
:10E900006F8FBFF34F8F3B6100BF00BFFDE7BB6858
:10E910000133BB60FB79DBB25B00DBB2FB71FB79DF
:10E92000DBB203F08003802BF1D0BB68082B03D14E
:10E93000274B00221A6004E0BB68C3F10703244A96
:10E940001360234B1B681B02214A1360204B1B687A
:10E9500003F4E0631E4A1360FB7BDAB2BB6A1A70F1
:10E960001C4B1B681B4A43F47F031360194B1B6845
:10E97000184A43F07F431360174B00221A6000F0DF
:10E98000E5F8164B00221A6000F004F9144B1B68DE
:10E99000134A43F040431360FFF71EFFFEF718FAD7
:10E9A000FFF7D4FE002318463037BD4680BD00BFB8
:10E9B00000ED00E071C20F4170C20F4108ED00E0B0
:10E9C000B1E70108A1EA010800E400E0602C0020A2
:10E9D000642C002020ED00E01CED00E0A0020020EF
:10E9E00034EF00E080B483B000AF4FF0500383F306
:10E9F0001188BFF36F8FBFF34F8F7B6000BF104B49
:10EA00001B6801330E4A13600D4B1B68012B10D19C
:10EA10000C4B1B68DBB2002B0BD04FF0500383F381
:10EA20001188BFF36F8FBFF34F8F3B6000BF00BFF4
:10EA3000FDE700BF0C37BD465DF8047B704700BFA3
:10EA4000A002002004ED00E080B483B000AF124BC0
:10EA50001B68002B0BD14FF0500383F31188BFF3D9
:10EA60006F8FBFF34F8F7B6000BF00BFFDE70A4B86
:10EA70001B68013B084A1360074B1B68002B05D13C
:10EA800000233B603B6883F3118800BF00BF0C3755
:10EA9000BD465DF8047B7047A00200200000000026
:10EAA000EFF30980BFF36F8F154B1A681EF0100F3C
:10EAB00008BF20ED108A20E9F04F10602DE9090011
:10EAC0004FF0500080F31188BFF34F8FBFF36F8F6B
:10EAD000FEF77EF94FF0000080F3118809BC196839
:10EAE0000868B0E8F04F1EF0100F08BFB0EC108AB5
:10EAF00080F30988BFF36F8F704700BFAFF30080CA
:10EB00008C2A002000BF00BF80B582B000AF4FF05C
:10EB1000500383F31188BFF36F8FBFF34F8F7B6078
:10EB200000BFFEF73BF80346002B03D0064B4FF027
:10EB300080521A6000233B603B6883F3118800BF5A
:10EB400000BF0837BD4680BD04ED00E080B400AFD3
:10EB50000B4B00221A600B4B00221A600A4B1B68F9
:10EB60000A4AA2FB03239B09094A013B1360044B99
:10EB700007221A6000BFBD465DF8047B704700BFE6
:10EB800010E000E018E000E038020020D34D6210F1
:10EB900014E000E0DFF80C00016841F4700101604E
:10EBA0007047000088ED00E000BF00BF80B485B072
:10EBB00000AFEFF30583FB60FB680F2B15D9184AF4
:10EBC000FB6813441B78FB72164B1B78FA7A9A4247
:10EBD0000BD24FF0500383F31188BFF36F8FBFF355
:10EBE0004F8F7B6000BF00BFFDE70F4B1B6803F436
:10EBF000E0620E4B1B689A420BD94FF0500383F32F
:10EC00001188BFF36F8FBFF34F8F3B6000BF00BF12
:10EC1000FDE700BF1437BD465DF8047B704700BFB9
:10EC2000F0E300E0602C00200CED00E0642C0020FC
:10EC300080B58EB000AF78600023FB620023BB621A
:10EC40007B68002B22D00823DB437A689A421BD8CA
:10EC500008227B6813447B607B6803F00703002B6A
:10EC600014D07B6803F00703C3F108037B627B6A5F
:10EC7000DB437A689A4204D87A687B6A13447B60E3
:10EC800004E000237B6001E000237B60FDF754FE7D
:10EC90007C4B1B68002B01D100F07CF97B68002BBA
:10ECA000C0F2D7807B68002B00F0D380764B1B68C6
:10ECB0007A689A4200F2CD80744B3B63734B1B68B9
:10ECC0007B637B6B724A934205D37B6B714A9342A1
:10ECD00001D8012300E00023002B29D14FF050037D
:10ECE00083F31188BFF36F8FBFF34F8FFB6100BFBA
:10ECF00000BFFDE77B6B3B637B6B1B687B637B6BC0
:10ED0000634A934205D37B6B624A934201D8012345
:10ED100000E00023002B0BD14FF0500383F3118848
:10ED2000BFF36F8FBFF34F8FBB6100BF00BFFDE725
:10ED30007B6B5B687A689A4203D97B6B1B68002BFC
:10ED4000D8D1504B1B687A6B9A4200F082803B6BA3
:10ED50001B6808221344FB62FB6A4D4A934205D3A9
:10ED6000FB6A4C4A934201D8012300E00023002BA8
:10ED70000BD14FF0500383F31188BFF36F8FBFF3B4
:10ED80004F8F7B6100BF00BFFDE77B6B1A683B6B59
:10ED90001A607B6B5B687A689A420BD94FF050031C
:10EDA00083F31188BFF36F8FBFF34F8F3B6100BFB9
:10EDB00000BFFDE77B6B5A687B68D21A08235B00B3
:10EDC0009A4224D97A6B7B6813443B623B6A03F016
:10EDD0000703002B0BD04FF0500383F31188BFF3D0
:10EDE0006F8FBFF34F8FFB6000BF00BFFDE77B6BF2
:10EDF0005A687B68D21A3B6A5A607B6B7A685A60A1
:10EE00003B6B1A683B6A1A603B6B3A6A1A601E4B8E
:10EE10001A687B6B5B68D31A1B4A13601A4B1A681B
:10EE20001D4B1B689A4203D2174B1B681A4A13608A
:10EE30007B6B5B68BB627B6B5B6843F000427B6B08
:10EE40005A607B6B00221A60144B1B680133134A13
:10EE50001360FDF77FFDFB6A03F00703002B0BD067
:10EE60004FF0500383F31188BFF36F8FBFF34F8FC1
:10EE7000BB6000BF00BFFDE7FB6A18463837BD46E0
:10EE800080BD00BFF0640120F4640120E86401202B
:10EE9000682C0020E7640120F8640120FC64012054
:10EEA00080B588B000AF78607B68FB617B68002B21
:10EEB00064D008235B42FA691344FB61FB69BB61C0
:10EEC000BB69304A934205D3BB692F4A934201D8AC
:10EED000012300E00023002B0BD14FF0500383F3FC
:10EEE0001188BFF36F8FBFF34F8F7B6100BF00BFEF
:10EEF000FDE7BB695B68002B0BDB4FF0500383F32E
:10EF00001188BFF36F8FBFF34F8F3B6100BF00BF0E
:10EF1000FDE7BB691B68002B0BD04FF0500383F358
:10EF20001188BFF36F8FBFF34F8FFB6000BF00BF2F
:10EF3000FDE7BB695B68DB0F03F00103DBB2002B6D
:10EF40001CD0BB691B68002B18D1BB695B6823F020
:10EF50000042BB695A60FDF7EFFCBB695A680B4B76
:10EF60001B681344094A1360B86900F06FF8084B36
:10EF70001B680133064A1360FDF7ECFC00BF203725
:10EF8000BD4680BD682C0020E7640120F4640120A8
:10EF90000065012080B485B000AF264BBB60264BD6
:10EFA000FB60FB6803F00703002B0CD0FB68073302
:10EFB000FB60FB6823F00703FB60BA68FB68D31AA9
:10EFC0001D4A1344BB60FB681C4A13601B4B0022A4
:10EFD0005A60FA68BB6813447B6008227B689B1AFE
:10EFE0007B607B6823F007037B607B68144A1360B7
:10EFF000134B1B6800225A60114B1B6800221A60D9
:10F00000FB683B603B687A68D21A3B685A600C4BDD
:10F010001A683B681A603B685B680A4A13603B6881
:10F020005B68094A136000BF1437BD465DF8047B76
:10F03000704700BF80380100682C0020E864012080
:10F04000F0640120F8640120F464012080B487B0EA
:10F0500000AF7860364B7B6102E07B691B687B61A7
:10F060007B691B687A689A42F7D87B69304A934279
:10F0700018D07B692F4A934205D37B692E4A93426D
:10F0800001D8012300E00023002B0BD14FF05003E7
:10F0900083F31188BFF36F8FBFF34F8FFB6000BF07
:10F0A00000BFFDE77B693B617B695B683A6913449C
:10F0B0007A689A4208D17B695A687B685B681A440F
:10F0C0007B695A607B697B607B683B617B685B68BE
:10F0D0003A691A447B691B689A4218D17B691A689D
:10F0E000164B1B689A420DD07B685A687B691B6877
:10F0F0005B681A447B685A607B691B681A687B6886
:10F100001A6008E00D4B1A687B681A6003E07B699F
:10F110001A687B681A607A697B689A4202D07B69B8
:10F120007A681A6000BF1C37BD465DF8047B7047E3
:10F13000E8640120682C0020E7640120F0640120CD
:10F1400080B584B000AF0346FB71FB79084A9B0091
:10F1500013445B685B68FA7905490A44127A1046E1
:10F1600098470346FB73FB7B18461037BD4680BDAE
:10F170000C65012080B584B000AF0346FB7100230D
:10F18000FB73FB790E4AD35C002B14D1FB790C4A3C
:10F190009B0013445B681B68FA7909490A44127A98
:10F1A000104698470346FB73FB7B002B03D1FB798A
:10F1B000034A0121D154FB7B18461037BD4680BD60
:10F1C0000C65012090B587B000AFB9607A603B60F4
:10F1D0000346FB73FB7B0A4A9B0013445B689C68F5
:10F1E000FB7B074A1344187A3B687A68B968A047E2
:10F1F0000346FB75FB7D18461C37BD4690BD00BF1E
:10F200000C65012090B587B000AFB9607A603B60B3
:10F210000346FB73FB7B0A4A9B0013445B68DC6874
:10F22000FB7B074A1344187A3B687A68B968A047A1
:10F230000346FB75FB7D18461C37BD4690BD00BFDD
:10F240000C65012080B584B000AF03463A60FB71C5
:10F250000B46BB71FB79094A9B0013445B681B6931
:10F26000FA7906490A44107AB9793A689847034608
:10F27000FB73FB7B18461037BD4680BD0C65012033
:10F2800080B485B000AF78607B6801331B78FB8168
:10F29000FB891B021AB27B681B781BB213431BB29B
:10F2A000FB81FB8918461437BD465DF8047B704727
:10F2B00080B485B000AF78607B6803331B78FB6057
:10F2C000FB681B027A68023212781343FB60FB680A
:10F2D0001B027A68013212781343FB60FB681B0241
:10F2E0007A6812781343FB60FB6818461437BD46F2
:10F2F0005DF8047B704780B483B000AF78600B4644
:10F300007B807B685A1C7A607A88D2B21A707B88BC
:10F310001B0A7B807B685A1C7A607A88D2B21A708A
:10F3200000BF0C37BD465DF8047B704780B483B0E6
:10F3300000AF786039607B685A1C7A603A68D2B254
:10F340001A703B681B0A3B607B685A1C7A603A68FB
:10F35000D2B21A703B681B0A3B607B685A1C7A6009
:10F360003A68D2B21A703B681B0A3B607B685A1C31
:10F370007A603A68D2B21A7000BF0C37BD465DF8A9
:10F38000047B704780B487B000AFF860B9607A60E2
:10F39000FB687B61BB683B617B68002B0DD03A69E1
:10F3A000531C3B617B69591C796112781A707B6828
:10F3B000013B7B607B68002BF1D100BF1C37BD4651
:10F3C0005DF8047B704780B487B000AFF860B96027
:10F3D0007A60FB687B617B695A1C7A61BA68D2B239
:10F3E0001A707B68013B7B607B68002BF3D100BF08
:10F3F00000BF1C37BD465DF8047B704780B489B000
:10F4000000AFF860B9607A60FB68FB61BB68BB6104
:10F4100000237B61FB695A1CFA611B781946BB69A2
:10F420005A1CBA611B78CB1A7B617B68013B7B60FD
:10F430007B68002B02D07B69002BEBD07B691846E0
:10F440002437BD465DF8047B704780B483B000AFBD
:10F450007860396002E07B6801337B607B681B78F1
:10F46000002B05D07B681B781A463B689342F2D18B
:10F470007B681B7818460C37BD465DF8047B7047E7
:10F4800080B586B000AF78600023FB737B68DB78C3
:10F49000002B34D07B681B6B7B617B6858787B6862
:10F4A00003F1340101237A69FFF7ACFE0346002B18
:10F4B00002D00123FB7322E07B680022DA707B68B4
:10F4C0005B6A7A69D21A7B68DB699A4217D27B68D9
:10F4D0009B783B6110E07B68DB697A6913447B6150
:10F4E0007B6858787B6803F1340101237A69FFF760
:10F4F00089FE3B69013B3B613B69012BEBD8FB7B00
:10F5000018461837BD4680BD80B584B000AF78601E
:10F5100039600023FB737B681B6B3A689A421BD0EF
:10F520007868FFF7ADFF0346FB73FB7B002B13D11D
:10F530007B6858787B6803F1340101233A68FFF750
:10F5400041FE0346002B04D04FF0FF333B60012304
:10F55000FB737B683A681A63FB7B18461037BD461D
:10F5600080BD000080B584B000AF78607868FFF798
:10F5700087FF0346FB73FB7B002B58D17B681B780E
:10F58000032B48D17B681B79012B44D17B68343332
:10F590004FF4007200211846FFF715FF7B683433E3
:10F5A00003F5FF734AF655211846FFF7A4FE7B6862
:10F5B000343321491846FFF7B9FE7B68343303F52D
:10F5C000F2731E491846FFF7B1FE7B68343303F52A
:10F5D000F4727B685B6919461046FFF7A7FE7B68EB
:10F5E000343303F5F6727B681B6919461046FFF742
:10F5F0009DFE7B681B6A5A1C7B681A637B6858787F
:10F600007B6803F134017B681A6B0123FFF7FAFD75
:10F610007B6800221A717B685B7800220021184603
:10F62000FFF710FE0346002B01D00123FB73FB7B89
:10F6300018461037BD4680BD525261417272416119
:10F6400080B483B000AF786039603B68023B3B60B8
:10F650007B689B69023B3A689A4201D3002308E029
:10F660007B685B891A463B6803FB02F27B68DB6AB6
:10F67000134418460C37BD465DF8047B704780B5CF
:10F6800086B000AF786039607B681B683B613B687F
:10F69000012B04D93B699B693A689A4202D3012342
:10F6A0007B618EE04FF0FF337B613B691B78032B5E
:10F6B00061D0032B7BDC012B02D0022B41D076E002
:10F6C0003B68FB60FB685B08FA681344FB603B69BE
:10F6D0005A6AFB685B0A134419463869FFF714FF3E
:10F6E0000346002B66D1FB685A1CFA60C3F308037B
:10F6F0003A69134493F83430BB603B695A6AFB683B
:10F700005B0A134419463869FFF7FEFE0346002BD7
:10F7100052D1FB68C3F308033A69134493F83430B9
:10F720001B02BA681343BB603B6803F00103002B64
:10F7300002D0BB681B0902E0BB68C3F30B037B610B
:10F740003FE03B695A6A3B681B0A13441946386913
:10F75000FFF7DAFE0346002B30D13B6903F1340298
:10F760003B685B0003F4FF7313441846FFF788FD02
:10F7700003467B6125E03B695A6A3B68DB09134419
:10F7800019463869FFF7C0FE0346002B18D13B69C4
:10F7900003F134023B689B0003F4FE7313441846E4
:10F7A000FFF786FD034623F070437B6109E00123E8
:10F7B0007B6106E000BF04E000BF02E000BF00E0A4
:10F7C00000BF7B6918461837BD4680BD90B589B02B
:10F7D00000AFF860B9607A600223FB77BB68012B49
:10F7E00040F2D980FB689B69BA689A4280F0D38066
:10F7F000FB681B78032B00F09680032B00F3CB8073
:10F80000012B02D0022B6ED0C5E0BB68BB61BB6987
:10F810005B08BA691344BB61FB685A6ABB695B0A3F
:10F8200013441946F868FFF76FFE0346FB77FB7F2A
:10F83000002B40F0A980FB6803F13402BB69591C1E
:10F84000B961C3F3080313447B61BB6803F0010390
:10F85000002B0DD07B691B785BB203F00F035AB20B
:10F860007B68DBB21B015BB213435BB2DBB201E02E
:10F870007B68DBB27A691370FB680122DA70FB687F
:10F880005A6ABB695B0A13441946F868FFF73CFEE5
:10F890000346FB77FB7F002B78D1FB6803F1340232
:10F8A000BB69C3F3080313447B61BB6803F0010326
:10F8B000002B03D07B681B09DBB20EE07B691B7851
:10F8C0005BB223F00F035AB27B681B0A5BB203F0F2
:10F8D0000F035BB213435BB2DBB27A691370FB6850
:10F8E0000122DA7057E0FB685A6ABB681B0A1344AE
:10F8F0001946F868FFF708FE0346FB77FB7F002BED
:10F9000046D1FB6803F13402BB685B0003F4FF736C
:10F9100013447A6892B211461846FFF7ECFCFB6874
:10F920000122DA7037E0FB685A6ABB68DB091344CE
:10F930001946F868FFF7E8FD0346FB77FB7F002BCD
:10F9400028D17B6823F07044FB6803F13402BB6864
:10F950009B0003F4FE7313441846FFF7A9FC03460B
:10F9600003F0704323437B60FB6803F13402BB6800
:10F970009B0003F4FE73134479681846FFF7D6FC26
:10F98000FB680122DA7006E000BF04E000BF02E07D
:10F9900000BF00E000BFFB7F18462437BD4690BD86
:10F9A00080B588B000AFF860B9607A600023FB775B
:10F9B000FB681B68BB61BB68012B04D9BB699B69F1
:10F9C000BA689A4201D302234BE07B68002B0CD02B
:10F9D0004FF0FF327968B869FFF7F8FE0346FB770E
:10F9E000FB7F002B01D0FB7F3BE0B968F868FFF795
:10F9F00046FE78617B69002B31D07B69012B01D1F8
:10FA000002232EE07B69B3F1FF3F01D1012328E0FF
:10FA10000022B968B869FFF7D9FE0346FB77FB7F80
:10FA2000002B01D0FB7F1CE0BB695A69BB699B6955
:10FA3000023B9A420BD2BB695B695A1CBB695A6193
:10FA4000BB691B7943F00103DAB2BB691A717B69A8
:10FA5000BB60BB699B69BA689A42C6D300E000BF2D
:10FA6000002318462037BD4680BD80B588B000AF62
:10FA7000786039607B681B683B613B68002B0DD167
:10FA80003B691B69BB61BB69002B04D03B699B6967
:10FA9000BA699A421BD30123BB6118E039687868C0
:10FAA000FFF7EDFDF860FB68012B01D8012370E042
:10FAB000FB68B3F1FF3F01D1FB686AE03B699B69DA
:10FAC000FA689A4201D2FB6863E03B68BB61BB699C
:10FAD000FB61FB690133FB613B699B69FA699A42EF
:10FAE00007D30223FB61FA69BB699A4201D900235B
:10FAF0004FE0F9697868FFF7C2FDF860FB68002BFA
:10FB00000ED0FB68012B03D0FB68B3F1FF3F01D19E
:10FB1000FB683EE0FA69BB699A42DAD1002338E01B
:10FB200000BF4FF0FF32F9693869FFF74FFE034617
:10FB3000FB75FB7D002B09D13B68002B06D0FA69D1
:10FB400039683869FFF742FE0346FB75FB7D002BE1
:10FB500016D13B69FA691A613B695A693B699B692D
:10FB6000023B9A4204D83B695B695A1E3B695A6161
:10FB70003B691B7943F00103DAB23B691A7107E074
:10FB8000FB7D012B02D14FF0FF3300E00123FB612D
:10FB9000FB6918462037BD4680BD80B487B000AFF2
:10FBA000786039607B681B68FB607B689B6A043304
:10FBB0003B613B685B0AFA685289B3FBF2F37B61F5
:10FBC0003B691A1D3A611B68BB60BB68002B01D101
:10FBD000002310E07A69BB689A4207D37A69BB6850
:10FBE000D31A7B613B6904333B61E9E700BF3B69A2
:10FBF0001A687B69134418461C37BD465DF8047BC0
:10FC0000704780B586B000AF786039607B681B684C
:10FC10003B613B68B3F5001F04D23B6803F01F0350
:10FC2000002B01D0022363E07B683A681A617B688D
:10FC30009B687B617B69002B06D13B691B78022B9B
:10FC400002D93B699B6A7B617B69002B0CD13B68C5
:10FC50005B093A691289934201D3022348E03B6968
:10FC60009A6A7B689A6129E03B695B895B02FB6069
:10FC700019E07B6879691846FFF701FD78617B69B7
:10FC8000B3F1FF3F01D1012332E07B69012B04D99D
:10FC90003B699B697A699A4201D3022328E03A685A
:10FCA000FB68D31A3B603A68FB689A42E1D27969F3
:10FCB0003869FFF7C5FC02467B689A617B687A6900
:10FCC0005A617B689B69002B01D1022310E07B689D
:10FCD0009A693B685B0A1A447B689A613B6903F145
:10FCE00034023B68C3F308031A447B68DA610023DB
:10FCF00018461837BD4680BD80B586B000AF786025
:10FD000039607B681B68FB607B681B692033BB60C4
:10FD10007B689B69002B03D0BB68B3F5001F01D340
:10FD20000423AAE0BB68C3F30803002B40F09880CB
:10FD30007B689B695A1C7B689A617B685B69002BB6
:10FD40000BD1BB685B09FA6812899342C0F08880C6
:10FD50007B6800229A6104238FE0BB685B0AFA6823
:10FD60005289013A1340002B7AD17A687B685B692B
:10FD700019461046FFF783FC78617B69012B01D897
:10FD800002237AE07B69B3F1FF3F01D1012374E0E4
:10FD9000FB689B697A699A4258D33B68002B04D16F
:10FDA0007B6800229A61042367E07A687B685B695C
:10FDB00019461046FFF759FE78617B69002B01D187
:10FDC00007235AE07B69012B01D1022355E07B69AF
:10FDD000B3F1FF3F01D101234FE0F868FFF750FB7B
:10FDE0000346002B01D0012347E0FB6834334FF476
:10FDF000007200211846FFF7E6FA00233B6179699B
:10FE0000F868FFF71DFC0246FB681A6312E0FB6806
:10FE10000122DA70F868FFF733FB0346002B01D0AC
:10FE200001232AE03B6901333B61FB681B6B5A1CD1
:10FE3000FB681A63FB685B891A463B699342E6D309
:10FE4000FB681A6B3B69D21AFB681A637B687A6994
:10FE50005A617969F868FFF7F3FB02467B689A619B
:10FE60007B68BA681A61FB6803F13402BB68C3F3AC
:10FE700008031A447B68DA61002318461837BD4628
:10FE800080BD80B586B000AF786039607B681B6844
:10FE9000FB6000217868FFF7B4FE0346FB75FB7D2D
:10FEA000002B2BD100233B617B689B691946F868C6
:10FEB000FFF72AFB0346FB75FB7D002B1DD17B68FA
:10FEC000DB691B78E52B04D07B68DB691B78002B92
:10FED00007D13B6901333B613A693B689A4202D1E1
:10FEE0000CE000233B6101217868FFF705FF034622
:10FEF000FB75FB7D002BD7D000E000BFFB7D042B02
:10FF000001D10723FB75FB7D18461837BD4680BD20
:10FF100080B584B000AF786039603B681A3318460A
:10FF2000FFF7AEF90346FB607B681B78032B09D112
:10FF30003B6814331846FFF7A3F903461B04FA681D
:10FF40001343FB60FB6818461037BD4680BD80B583
:10FF500084B000AFF860B9607A60BB681A337A6821
:10FF600092B211461846FFF7C6F9FB681B78032BBF
:10FF700009D1BB6803F114027B681B0C9BB21946C4
:10FF80001046FFF7B8F900BF1037BD4680BD00002E
:10FF900090B587B000AF786039603B681A33184677
:10FFA000FFF76EF90346002B01D0002359E03B68B0
:10FFB0001B7803F03F035A1E13465B0013449B005B
:10FFC00013447B610123FB8100233B6133E0274A1B
:10FFD0003B6913441B781A463B6813441846FFF7E5
:10FFE0004FF90346BB81FB89002B1AD07B69FE2B9E
:10FFF00012D8BB89184602F033FF03461C467B69C2
:020000040802F0
:100000005A1C7A615B007A6813441B88184602F018
:1000100027FF03469C4201D0002322E0BB89FB81DD
:1000200006E0BB894FF6FF72934201D0002318E02F
:100030003B6901333B613B690C2BC8D93B681B789A
:1000400003F04003002B0BD0FB89002B08D07B6909
:100050005B007A6813441B88002B01D0002300E06A
:10006000012318461C37BD4690BD00BF4CB802089E
:1000700080B586B000AF786039603B681A331846A7
:10008000FFF7FEF80346002B01D000234DE03B684C
:100090001B7823F040035A1E13465B0013449B0059
:1000A00013447B610123FB8100233B6128E0214A4B
:1000B0003B6913441B781A463B6813441846FFF704
:1000C000DFF80346BB81FB89002B0FD07B69FE2B39
:1000D00001D9002329E0BB89FB817B695A1C7A6125
:1000E0005B007A681344FA891A8006E0BB894FF6F0
:1000F000FF72934201D0002317E03B6901333B615B
:100100003B690C2BD3D93B681B7803F04003002BD1
:100110000AD07B69FE2B01D9002306E07B695B00D6
:100120007A68134400221A80012318461837BD4606
:1001300080BD00BF4CB8020880B588B000AFF86041
:10014000B96011461A460B46FB711346BB71BB687A
:100150000D33BA791A70BB680B330F221A70BB6863
:100160000C3300221A70BB681A3300211846FFF7BF
:10017000C2F8FB795A1E13465B0013449B001344DC
:10018000FB610023FB820023BB61FB8A4FF6FF72F9
:10019000934207D0FB695A1CFA615B00FA6813446A
:1001A0001B88FB82174ABB6913441B781A46BB683D
:1001B0001344FA8A11461846FFF79DF8FB8A002B74
:1001C00002D14FF6FF73FB82BB690133BB61BB6990
:1001D0000C2BDAD9FB8A4FF6FF72934206D0FB69EB
:1001E0005B00FA6813441B88002B03D1FB7943F0B2
:1001F0004003FB71BB68FA791A7000BF2037BD4617
:1002000080BD00BF4CB8020880B58CB000AFF8606C
:10021000B9607A603B600B22B968F868FFF7B2F802
:100220003B68052B2BD93B68FB6122E07B689A1C5D
:100230007A601B887B840023BB6217E0FB695A004D
:100240007B8C03F001031344FB617B8C5B087B8494
:10025000FB6903F48033002B05D0FB6983F48833FA
:1002600083F02103FB61BB6A0133BB62BB6A0F2BC6
:10027000E4D97B681B88002BD8D1FB693B6007233E
:10028000BB623B68DBB203F00F03DBB2303387F8AD
:100290002F3097F82F30392B04D997F82F300733A8
:1002A00087F82F30BB6A5A1EBA6230333B4497F846
:1002B0002F2003F81C2C3B681B093B603B68002B7C
:1002C000DFD107F11402BB6A13447E221A700023A7
:1002D0007B6202E07B6A01337B627A6ABB6A9A4284
:1002E00005D2FA687B6A13441B78202BF2D1BB6AD3
:1002F000072B07D8BB6A5A1CBA6230333B4413F849
:100300001C1C00E020217B6A5A1C7A62FA681344A4
:100310000A461A707B6A072BE9D900BF00BF303745
:10032000BD4680BD80B485B000AF78600023FB730C
:100330000B23BB60FB7BDAB25208DB011343DAB25A
:100340007B68591C79601B781344FB73BB68013BC5
:10035000BB60BB68002BEDD1FB7B18461437BD4654
:100360005DF8047B704780B586B000AF7860396077
:100370000423FB757B681B683B61FF237B75FF23B0
:100380003B7581E07B689B6919463869FFF7BCF8CB
:100390000346FB75FB7D002B7CD17B68DB691B78FA
:1003A000BB75BB7D002B02D10423FB7577E07B6816
:1003B000DB690B331B7803F03F03FB737B68FA7B2D
:1003C0009A71BB7DE52B0ED0BB7D2E2B0BD0FB7B1A
:1003D00023F02003082B0CBF01230023DBB21A46B5
:1003E0003B68934202D0FF237B7544E0FB7B0F2BDD
:1003F0002FD1BB7D03F04003002B0DD07B68DB6960
:100400005B7B3B75BB7D23F04003BB75BB7D7B7580
:100410007B681A697B68DA62BA7D7B7D9A4215D166
:100420007B68DB690D331B783A7D9A420ED13B69BC
:10043000DA687B68DB6919461046FFF719FE034648
:10044000002B03D07B7D013BDBB200E0FF237B75FB
:1004500011E07B7D002B09D17B68DB691846FFF733
:1004600061FF03461A463B7D934215D07B684FF0EF
:10047000FF32DA6210E000217868FFF73DFC0346A6
:10048000FB75FB7D002B09D17B689B69002B7FF4FA
:1004900079AF04E000BF02E000BF00E000BFFB7DD9
:1004A000002B02D07B6800229A61FB7D184618372A
:1004B000BD4680BD80B586B000AF78607B681B68A4
:1004C0003B6100217868FFF79CFB0346FB75FB7DD1
:1004D000002B01D0FB7DA9E0FF233B753B7D7B75A5
:1004E0007B684FF0FF32DA627B689B691946386996
:1004F000FFF70AF80346FB75FB7D002B40F0908068
:100500007B68DB691B78BB75BB7D002B02D10423A4
:10051000FB758AE07B68DB690B331B7803F03F03D4
:10052000FB737B68FA7B9A71BB7DE52B07D0FB7B65
:1005300003F00803002B09D0FB7B0F2B06D0FF2311
:100540007B757B684FF0FF32DA625EE0FB7B0F2B3E
:1005500036D17B6893F82B3003F04003002B54D145
:10056000BB7D03F04003002B0DD07B68DB695B7B18
:100570003B75BB7D23F04003BB75BB7D7B757B6802
:100580001A697B68DA62BA7D7B7D9A4215D17B68F5
:10059000DB690D331B783A7D9A420ED13B69DA68EC
:1005A0007B68DB6919461046FFF7F2FC0346002B17
:1005B00003D07B7D013BDBB200E0FF237B7524E0B1
:1005C0007B7D002B09D17B68DB691846FFF7AAFE0B
:1005D00003461A463B7D934224D07B6893F82B3028
:1005E00003F00103002B0AD17B68D8697B682033B4
:1005F0000B221946FEF702FF0346002B14D0FF23FF
:100600007B757B684FF0FF32DA6200217868FFF774
:1006100073FB0346FB75FB7D002B3FF465AF04E0E5
:1006200000BF02E000BF00E000BFFB7D18461837A6
:10063000BD4680BD80B58CB000AF78607B681B681C
:10064000FB617B6893F82B3003F0A003002B01D0F3
:100650000623E0E000237B6202E07B6A01337B62D9
:10066000FB69DA687B6A5B0013441B88002BF4D1BA
:100670007B6803F1200107F10C030C221846FEF7FA
:1006800081FEFB7D03F00103002B32D07B6840220A
:1006900083F82B200123BB6216E07B6803F1200066
:1006A000FB69DA6807F10C01BB6AFFF7ADFD7868FA
:1006B000FFF700FF034687F82F3097F82F30002B05
:1006C00006D1BB6A0133BB62BB6A632BE5D900E08C
:1006D00000BFBB6A642B01D107239CE097F82F3041
:1006E000042B02D097F82F3095E0FA7D7B6883F8D1
:1006F0002B20FB7D03F00203002B07D07B6A0C3319
:10070000474AA2FB03239B08013300E001233B621D
:10071000396A7868FFF7B5FB034687F82F3097F8FA
:100720002F30002B48D13B6A013B3B623B6A002BD8
:1007300042D07B681A693B6A5B01D31A1946786814
:10074000FFF75FFA034687F82F3097F82F30002B1A
:1007500032D17B6820331846FFF7E4FD0346FB7671
:100760007B689B691946F869FEF7CEFE034687F859
:100770002F3097F82F30002B1DD1FB69D8687B688C
:10078000D9693B6ADAB2FB7EFFF7D6FCFB6901222E
:10079000DA7000217868FFF7AFFA034687F82F3048
:1007A00097F82F30002B07D13B6A013B3B623B6A35
:1007B000002BD5D100E000BF97F82F30002B28D1B7
:1007C0007B689B691946F869FEF79EFE034687F829
:1007D0002F3097F82F30002B1BD17B68DB6920224C
:1007E00000211846FEF7EFFD7B68D8697B6820334F
:1007F0000B221946FEF7C6FD7B6893F82B207B6819
:10080000DB690C3302F01802D2B21A70FB690122C4
:10081000DA7097F82F3018463037BD4680BD00BFDC
:100820004FECC44E80B586B000AF78607B681B6823
:100830003B617B681B69FB607B68DB6AB3F1FF3F50
:1008400007D07B68DB6A19467868FFF7DAF9034658
:1008500000E00023FB75FB7D002B28D17B689B69A2
:1008600019463869FEF750FE0346FB75FB7D002BE9
:1008700015D17B68DB69E5221A703B690122DA70C9
:100880007B681B69FA689A420BD900217868FFF7E8
:1008900033FA0346FB75FB7D002BDFD002E000BF7F
:1008A00000E000BFFB7D042B01D10223FB75FB7D23
:1008B00018461837BD4680BD80B58AB000AF786055
:1008C00039603B681B683B617B681B68DB68FB60C9
:1008D00000237B617B69BB61BB695A1CBA613A69C1
:1008E00013441B78BB84BB8C1F2B40D9BB8C2F2B94
:1008F00006D0BB8C5C2B10D102E0BB690133BB611D
:100900003A69BB6913441B782F2BF6D03A69BB694F
:1009100013441B785C2BF0D02AE07B69FE2B01D9B5
:1009200006237DE1BB8CDBB2BB84BB8C0121184666
:1009300002F05AFA0346BB84BB8C002B01D106237C
:100940006EE1BB8C7F2B09D8BB8C19468D48FEF716
:100950007CFD0346002B01D0062361E17B695A1C14
:100960007A615B00FA681344BA8C1A80B4E700BF5E
:100970003A69BB691A443B681A60BB8C1F2B01D8CB
:10098000042300E0002387F8273011E07B6903F19E
:100990000043013B5B00FA6813441B88BB84BB8C9B
:1009A000202B02D0BB8C2E2B06D17B69013B7B61B7
:1009B0007B69002BEAD100E000BF7B695B00FA682D
:1009C000134400221A807B69002B01D1062327E102
:1009D0007B6820330B2220211846FEF7F4FC00230D
:1009E000BB6102E0BB690133BB61BB695B00FA68B4
:1009F00013441B88202BF5D0BB695B00FA681344B5
:100A00001B882E2BEED0BB69002B09D097F827301E
:100A100043F0030387F8273002E07B69013B7B61E9
:100A20007B69002B09D07B6903F10043013B5B002C
:100A3000FA6813441B882E2BEFD1002387F8263049
:100A400000233B620823FB61BB695A1CBA615B004F
:100A5000FA6813441B88BB84BB8C002B00F0908089
:100A6000BB8C202B06D0BB8C2E2B0AD1BA697B699C
:100A70009A4206D097F8273043F0030387F82730CF
:100A80007DE03A6AFB699A4203D2BA697B699A426D
:100A900023D1FB690B2B06D197F8273043F00303D2
:100AA00087F8273075E0BA697B699A4205D097F8D4
:100AB000273043F0030387F82730BA697B699A42ED
:100AC00066D87B69BB6108233B620B23FB6197F807
:100AD00026309B0087F8263051E0BB8C7F2B14D941
:100AE000BB8C0021184602F07FF90346BB84BB8C07
:100AF000002B04D0BB8C803B234AD35CBB8497F88B
:100B0000273043F0020387F82730BB8C002B07D037
:100B1000BB8C19461D48FEF798FC0346002B08D0F5
:100B20005F23BB8497F8273043F0030387F827300F
:100B30001BE0BB8C402B09D9BB8C5A2B06D897F8ED
:100B4000263043F0020387F826300EE0BB8C602B82
:100B50000BD9BB8C7A2B08D897F8263043F00103C9
:100B600087F82630BB8C203BBB843B6A5A1C3A6218
:100B7000BA8CD1B27A6813440A4683F8202063E71E
:100B800000BF06E0B4A90208CCB70208C0A9020859
:100B900000BF7B6893F82030E52B03D17B680522EA
:100BA00083F82020FB69082B04D197F826309B009E
:100BB00087F8263097F8263003F00C030C2B05D06D
:100BC00097F8263003F00303032B05D197F827305D
:100BD00043F0020387F8273097F8273003F0020329
:100BE000002B17D197F8263003F00303012B05D112
:100BF00097F8273043F0100387F8273097F826300E
:100C000003F00C03042B05D197F8273043F00803B9
:100C100087F827307B6897F8272083F82B2000235C
:100C200018462837BD4680BD80B586B000AF7860D5
:100C300039607B683B613B691B68FB6002E03B6895
:100C400001333B603B681B782F2BF8D03B681B7847
:100C50005C2BF4D03B6900229A603B681B781F2B09
:100C60000AD87B68802283F82B2000217868FEF761
:100C7000C8FF0346FB7543E03B4619467868FFF71B
:100C80001BFE0346FB75FB7D002B34D17868FFF714
:100C900011FC0346FB757B6893F82B30FB72FB7DE0
:100CA000002B0AD0FB7D042B27D1FB7A03F0040331
:100CB000002B22D10523FB751FE0FB7A03F0040310
:100CC000002B1CD13B699B7903F01003002B02D150
:100CD0000523FB7514E0FB6803F134027B681B6994
:100CE000C3F3080313441946F868FFF711F90246E5
:100CF0003B699A60C0E700BF02E000BF00E000BFB0
:100D0000FB7D18461837BD4680BD80B487B000AF64
:100D100078604FF0FF333B617B681B68002B31D05C
:100D20007B681B687B6102E07B6901337B617B69C7
:100D30001B781F2B03D97B691B783A2BF4D17B6975
:100D40001B783A2B1CD17B681B68FB60FB685A1C24
:100D5000FA601B78303BBB60BB68092B0ED8FA6881
:100D60007B699A420AD1BB68002B07D1BB683B6103
:100D70007B6901337B617B687A691A603B6902E0B9
:100D800000233B613B6918461C37BD465DF8047B78
:100D90007047000080B582B000AF786039607B6832
:100DA0000022DA707B684FF0FF321A633968786886
:100DB000FEF7AAFB0346002B01D0042338E07B6832
:100DC000343303F5FF731846FEF75AFA03461A4602
:100DD0004AF655239A4201D0032329E07B6893F811
:100DE0003430E92B09D07B6893F83430EB2B1ED1DB
:100DF0007B6893F83630902B19D17B6834333633C7
:100E00001846FEF755FA034623F07F430A4A9342F9
:100E100001D100230CE07B68343352331846FEF7CF
:100E200047FA0346054A934201D1002300E002231A
:100E300018460837BD4680BD4641540046415433EC
:100E400080B596B000AFF860B9601346FB71BB681F
:100E500000221A60F868FFF758FFF863FB6B002B5D
:100E600001DA0B232AE2A14AFB6B52F82330BB6361
:100E7000BB6B002B01D10C2320E2BB68BA6B1A605C
:100E8000FB7923F00103FB71BB6B1B78002B1AD09D
:100E9000BB6B5B781846FEF753F9034687F837308B
:100EA00097F8373003F00103002B0CD1FB79002BAE
:100EB00007D097F8373003F00403002B01D00A2342
:100EC000FCE10023FAE1BB6B00221A70FB6BDAB283
:100ED000BB6B5A70BB6B5B781846FEF74BF9034649
:100EE00087F8373097F8373003F00103002B01D033
:100EF0000323E3E1FB79002B07D097F8373003F0A9
:100F00000403002B01D00A23D8E100233B65396D8F
:100F1000B86BFFF73FFF034687F8573097F8573015
:100F2000022B49D100233B641EE0BB6B03F134026A
:100F30003B6C1B0103F5DF7313443B633B6B0433D2
:100F40001B78002B06D03B6B08331846FEF7B0F930
:100F5000024600E000223B6C9B0058333B4443F8C0
:100F6000442C3B6C01333B643B6C032BDDD90023E9
:100F70003B643B6C002B02D03B6C013B3B643B6C05
:100F80009B0058333B4453F8443C3B653B6D002B7E
:100F900005D0396DB86BFFF7FDFE034600E0032373
:100FA00087F8573097F85730012B05D93B6C013340
:100FB0003B643B6C032BE2D997F85730042B01D1EB
:100FC00001237BE197F85730012B01D90D2375E1FF
:100FD000BB6B34330B331846FEF752F90346B3F5B7
:100FE000007F01D00D2369E1BB6B34331633184603
:100FF000FEF746F90346FB64FB6C002B06D1BB6B86
:10100000343324331846FEF753F9F864BB6BFA6C9B
:10101000DA61BB6B93F84420BB6B9A70BB6B9B7817
:10102000012B05D0BB6B9B78022B01D00D2345E132
:10103000BB6B9B781A46FB6C02FB03F3FB64BB6B38
:1010400093F841301A46BB6B5A81BB6B5B89002B0E
:1010500008D0BB6B5B891A46BB6B5B89013B1340B5
:10106000002B01D00D2329E1BB6B3433113318461B
:10107000FEF706F903461A46BB6B1A81BB6B1B8948
:1010800003F00F039BB2002B01D00D2316E1BB6BC5
:10109000343313331846FEF7F3F80346BB64BB6CD6
:1010A000002B06D1BB6B343320331846FEF700F912
:1010B000B864BB6B34330E331846FEF7E1F80346D1
:1010C000FB85FB8D002B01D10D23F7E0FA8DFB6C26
:1010D0001344BA6B1289120992B21344BB62BA6C00
:1010E000BB6A9A4204D20D23E8E000BF04650120E8
:1010F000BA6CBB6AD31ABA6B5289B3FBF2F37B6248
:101100007B6A002B01D10D23D8E0032387F85730E9
:101110007B6A4FF6F572934202D8022387F8573064
:101120007B6A40F6F572934202D8012387F8573064
:101130007B6A9A1CBB6B9A61BB6B3A6D1A62FA8D23
:101140003B6D1A44BB6B5A623A6DBB6A1A44BB6B67
:10115000DA6297F85730032B1ED1BB6B34332A3336
:101160001846FEF78DF80346002B01D00D23A5E0AD
:10117000BB6B1B89002B01D00D239FE0BB6B34336D
:101180002C331846FEF794F80246BB6B9A62BB6B91
:101190009B699B007B641FE0BB6B1B89002B01D10B
:1011A0000D238BE0BB6B5A6AFB6C1A44BB6B9A62D3
:1011B00097F85730022B03D1BB6B9B695B000AE0A9
:1011C000BB6B9A6913465B0013445A08BB6B9B695F
:1011D00003F0010313447B64BB6BDA697B6C03F29D
:1011E000FF135B0A9A4201D20D2367E0BB6B4FF0FD
:1011F000FF325A61BB6B5A69BB6B1A61BB6B8022B1
:101200001A7197F85730032B49D1BB6B3433303305
:101210001846FEF735F80346012B40D13B6D0133EC
:101220001946B86BFEF770F90346002B37D1BB6B3C
:1012300000221A71BB6B343303F5FF731846FEF7B7
:101240001FF803461A464AF655239A4227D1BB6B2C
:1012500034331846FEF72CF803461A4A93421ED13F
:10126000BB6B343303F5F2731846FEF721F80346DF
:10127000154A934213D1BB6B343303F5F47318460C
:10128000FEF716F80246BB6B5A61BB6B343303F5AD
:10129000F6731846FEF70CF80246BB6B1A61BB6B7F
:1012A00097F857201A70094B1B8801339AB2074BE5
:1012B0001A80064B1A88BB6BDA8000231846583711
:1012C000BD4680BD52526141727241610865012084
:1012D00080B584B000AF786039600923FB737B6808
:1012E000002B1CD07B681B68002B18D07B681B6808
:1012F0001B78002B13D07B689A887B681B68DB887F
:101300009A420CD17B681B685B781846FDF718FF82
:10131000034603F00103002B01D10023FB73FB7B89
:10132000002B02D17B681B6800E000233A68136041
:10133000FB7B18461037BD4680BD000080B588B0E5
:1013400000AFF860B9601346FB71BB683B6107F101
:1013500010031846FFF7D9FCF861FB69002B01DA8E
:101360000B2328E0164AFB6952F82330BB61BB69A6
:10137000002B02D0BB6900221A70FB68002B02D040
:10138000FB6800221A70FA680D49FB6941F82320B6
:10139000FB68002B02D0FB79012B01D000230AE06F
:1013A00007F10C0107F1080300221846FFF748FD7A
:1013B0000346FB75FB7D18462037BD4680BD00BF48
:1013C0000465012080B5ADF5187D00AF07F51873F1
:1013D000A3F51573186007F51873A3F51673196054
:1013E00007F51873A3F259231A7007F51873A3F5BC
:1013F00015731B68002B01D1092352E207F51873FE
:10140000A3F2592307F51872A2F25922127802F0BA
:101410003F021A7007F51873A3F259231A7807F5DB
:10142000047107F108031846FFF70AFD034687F821
:101430005F3297F85F32002B40F02682D7F81032E7
:10144000C7F81432D7F8103207F11002DA6007F546
:101450001873A3F516731A6807F505731146184635
:10146000FFF7E2FB034687F85F3297F85F32002B05
:1014700007D197F83F325BB2002B02DA062387F8D8
:101480005F3207F51873A3F259231B7803F01C038E
:10149000002B00F0A08097F85F32002B18D097F84F
:1014A0005F32042B07D107F505731846FFF7C2F822
:1014B000034687F85F3207F51873A3F2592307F53F
:1014C0001872A2F25922127842F008021A7015E03E
:1014D00097F81A3203F01103002B03D0072387F883
:1014E0005F320BE007F51873A3F259231B7803F062
:1014F0000403002B02D0082387F85F3297F85F328D
:10150000002B40F0888007F51873A3F259231B784D
:1015100003F00803002B7ED0F9F78CFBC7F85002CC
:10152000D7F830320E33D7F850121846FDF7FEFECA
:10153000D7F830321633D7F850121846FDF7F6FEBA
:10154000D7F830320B3320221A70D7F81032D7F880
:10155000302211461846FEF7DBFCC7F84C02D7F8DC
:101560001032D7F8301200221846FEF7F0FCD7F8F8
:1015700030321C3300211846FDF7D8FED7F8103260
:101580000122DA70D7F84C32002B44D0D7F8103251
:101590001B6BC7F8503207F505730022D7F84C12C1
:1015A0001846FEF7FDF9034687F85F3297F85F3279
:1015B000002B30D1D7F81032D7F850121846FDF76B
:1015C000A3FF034687F85F32D7F81032D7F84C22D2
:1015D000013A1A611FE097F85F32002B1BD197F890
:1015E0001A3203F01003002B03D0042387F85F3274
:1015F00011E007F51873A3F259231B7803F00203D7
:10160000002B08D097F81A3203F00103002B02D008
:10161000072387F85F3297F85F32002B25D107F553
:101620001873A3F259231B7803F00803002B0BD087
:1016300007F51873A3F2592307F51872A2F259227D
:10164000127842F040021A70D7F810321A6B07F580
:101650001873A3F515731B681A62D7F8302207F5C3
:101660001873A3F515731B685A6297F85F32002B45
:1016700040F00A81D7F81032D7F8302211461846C8
:10168000FEF746FC024607F51873A3F515731B68B1
:101690009A60D7F830321C331846FDF709FE02462F
:1016A00007F51873A3F515731B68DA6007F518734F
:1016B000A3F515731B6800229A62D7F8102207F56C
:1016C0001873A3F515731B681A60D7F81032DA88FF
:1016D00007F51873A3F515731B689A8007F518733F
:1016E000A3F515731B6807F51872A2F25922127838
:1016F0001A7407F51873A3F515731B6800225A7442
:1017000007F51873A3F515731B680022DA6107F556
:101710001873A3F515731B6800225A6107F5187337
:10172000A3F515731B682C334FF400720021184683
:10173000FDF749FE07F51873A3F259231B7803F050
:101740002003002B00F0A08007F51873A3F5157394
:101750001B68DB68002B00F0978007F51873A3F572
:1017600015731B68DA6807F51873A3F515731B6802
:101770005A61D7F810325B895B02C7F8483207F527
:101780001873A3F515731B689B68C7F8583207F5E3
:101790001873A3F515731B68DB68C7F8543221E092
:1017A00007F51873A3F515731B68D7F85812184678
:1017B000FDF765FFC7F85802D7F85832012B02D859
:1017C000022387F85F32D7F85832B3F1FF3F02D1D6
:1017D000012387F85F32D7F85422D7F84832D31A5A
:1017E000C7F8543297F85F32002B05D1D7F854224E
:1017F000D7F848329A42D3D807F51873A3F5157372
:101800001B68D7F858229A6197F85F32002B3BD1BA
:10181000D7F85432C3F30803002B35D0D7F8103271
:10182000D7F858121846FDF70BFFC7F84402D7F84F
:101830004432002B03D1022387F85F3224E0D7F82B
:1018400054325A0AD7F844321A4407F51873A3F5EC
:1018500015731B68DA61D7F81032587807F51873DA
:10186000A3F515731B6803F12C0107F51873A3F595
:1018700015731B68DA690123FDF7A4FC0346002BEE
:1018800002D0012387F85F3297F85F32002B06D031
:1018900007F51873A3F515731B6800221A6097F8F3
:1018A0005F32184607F51877BD4680BD80B58EB00B
:1018B00000AFF860B9607A603B60BB687B623B68F0
:1018C00000221A60FB6807F1140211461846FFF760
:1018D000FFFC034687F8373097F83730002B07D1E5
:1018E000FB685B7C87F8373097F83730002B02D0E5
:1018F00097F8373015E1FB681B7C03F00103002BE0
:1019000001D107230DE1FB68DA68FB685B69D31A34
:101910003B627A683B6A9A4240F2FE803B6A7B6097
:10192000FAE0FB685B69C3F30803002B40F0C68054
:10193000FB685B695B0A7A695289013A1340FB6173
:10194000FB69002B2FD1FB685B69002B03D1FB687F
:101950009B683B6313E0FB689B6A002B07D0FB6826
:101960005B691946F868FEF718F9386307E0FA680A
:10197000FB689B6919461046FDF781FE38633B6B97
:10198000012B04D8FB6802225A740223C9E03B6B86
:10199000B3F1FF3F04D1FB6801225A740123C0E078
:1019A000FB683A6B9A617A69FB689B691946104635
:1019B000FDF746FEB861BB69002B04D1FB6802222B
:1019C0005A740223ADE0BA69FB691344BB617B68BA
:1019D0005B0ABB62BB6A002B39D0FA69BB6A13444D
:1019E0007A695289934205D97B695B891A46FB69FA
:1019F000D31ABB627B695878BB6ABA69796AFDF70A
:101A0000E1FB0346002B04D0FB6801225A7401233A
:101A100087E0FB681B7C5BB2002B14DAFB68DA6999
:101A2000BB69D31ABA6A9A420DD9FB68DA69BB69F5
:101A3000D31A5B027A6AD018FB682C334FF4007219
:101A40001946FDF79FFCBB6A5B02FB6250E0FB6836
:101A5000DB69BA699A422ED0FB681B7C5BB2002B13
:101A600018DA7B695878FB6803F12C01FB68DA69A6
:101A70000123FDF7C7FB0346002B04D0FB680122BE
:101A80005A7401234DE0FB681B7C03F07F03DAB23C
:101A9000FB681A747B695878FB6803F12C010123F9
:101AA000BA69FDF78FFB0346002B04D0FB680122C7
:101AB0005A74012335E0FB68BA69DA61FB685B6937
:101AC000C3F30803C3F50073FB62FA6A7B689A42AA
:101AD00001D97B68FB62FB6803F12C02FB685B6940
:101AE000C3F308031344FA6A1946786AFDF74AFCFF
:101AF0007A6AFB6A13447B62FB685A69FB6A1A4480
:101B0000FB685A613B681A68FB6A1A443B681A60B2
:101B10007A68FB6AD31A7B607B68002B7FF401AF85
:101B2000002318463837BD4680BD80B58CB000AF65
:101B3000F860B9607A603B60BB68FB613B6800227B
:101B40001A60FB6807F1100211461846FFF7C0FB48
:101B5000034687F82F3097F82F30002B07D1FB680A
:101B60005B7C87F82F3097F82F30002B02D097F846
:101B70002F304BE1FB681B7C03F00203002B01D1EB
:101B8000072343E1FB685A697B681A44FB685B6979
:101B90009A4280F02D81FB685B69DB437B6027E123
:101BA000FB685B69C3F30803002B40F0E380FB682C
:101BB0005B695B0A3A695289013A1340BB61BB69B0
:101BC000002B43D1FB685B69002B0CD1FB689B6841
:101BD000BB62BB6A002B1AD1FB6800211846FDF7D7
:101BE00044FFB86213E0FB689B6A002B07D0FB68D8
:101BF0005B691946F868FDF7D0FFB86207E0FA683C
:101C0000FB689B6919461046FDF72FFFB862BB6A57
:101C1000002B00F0F280BB6A012B04D1FB6802228A
:101C20005A740223F2E0BB6AB3F1FF3F04D1FB68B0
:101C300001225A740123E9E0FB68BA6A9A61FB68E1
:101C40009B68002B02D1FB68BA6A9A60FB681B7C18
:101C50005BB2002B18DA3B695878FB6803F12C0162
:101C6000FB68DA690123FDF7CDFA0346002B04D0A7
:101C7000FB6801225A740123C8E0FB681B7C03F057
:101C80007F03DAB2FB681A743A69FB689B691946EC
:101C90001046FDF7D5FC78617B69002B04D1FB6809
:101CA00002225A740223B1E07A69BB6913447B6152
:101CB0007B685B0A3B623B6A002B3CD0BA693B6A9B
:101CC00013443A695289934205D93B695B891A46A4
:101CD000BB69D31A3B623B6958783B6A7A69F969F8
:101CE000FDF790FA0346002B04D0FB6801225A74DA
:101CF00001238BE0FB68DA697B69D31A3A6A9A425E
:101D000015D9FB6803F12C00FB68DA697B69D31AEB
:101D10005B02FA6913444FF400721946FDF732FB77
:101D2000FB681B7C03F07F03DAB2FB681A743B6A22
:101D30005B027B623FE0FB68DB697A699A4216D0FE
:101D4000FB685A69FB68DB689A4210D23B69587895
:101D5000FB6803F12C0101237A69FDF733FA03468E
:101D6000002B04D0FB6801225A7401234EE0FB686B
:101D70007A69DA61FB685B69C3F30803C3F5007332
:101D80007B627A6A7B689A4201D97B687B62FB68D6
:101D900003F12C02FB685B69C3F3080313447A6AFE
:101DA000F9691846FDF7EEFAFB681B7C63F07F03C8
:101DB000DAB2FB681A74FA697B6A1344FB61FB6848
:101DC0005A697B6A1A44FB685A61FB68DA68FB68E7
:101DD0005B699A4238BF1A46FB68DA603B681A684A
:101DE0007B6A1A443B681A607A687B6AD31A7B6004
:101DF0007B68002B7FF4D4AE00E000BFFB681B7C47
:101E000043F04003DAB2FB681A74002318463037F7
:101E1000BD4680BD80B586B000AF78607B6807F1B5
:101E2000080211461846FFF753FA0346FB75FB7D7F
:101E3000002B68D17B681B7C03F04003002B62D031
:101E40007B681B7C5BB2002B15DABB6858787B681B
:101E500003F12C017B68DA690123FDF7D3F903460E
:101E6000002B01D001234FE07B681B7C03F07F0334
:101E7000DAB27B681A74F8F7DDFE3861BA687B68FD
:101E80001B6A19461046FDF73FFB0346FB75FB7DB9
:101E9000002B38D17B685B6AFB60FB680B331A78D8
:101EA000FB680B3342F02002D2B21A707B681868CC
:101EB0007B689B681A46F968FEF749F8FB6803F1EE
:101EC0001C027B68DB6819461046FDF72FFAFB6899
:101ED000163339691846FDF729FAFB6812330021D9
:101EE0001846FDF708FABB680122DA70BB6818468D
:101EF000FDF738FB0346FB757B681B7C23F0400332
:101F0000DAB27B681A74FB7D18461837BD4680BD6F
:101F100080B584B000AF78607868FFF77BFF034638
:101F2000FB73FB7B002B0ED17B6807F10802114687
:101F30001846FFF7CDF90346FB73FB7B002B02D15C
:101F40007B6800221A60FB7B18461037BD4680BDB7
:101F500080B590B000AF786039607B6807F1080207
:101F600011461846FFF7B4F9034687F83F3097F853
:101F70003F30002B03D17B685B7C87F83F3097F8BC
:101F80003F30002B02D097F83F30E6E17B689B6A38
:101F9000002B00F0D1803B68B3F1FF3F5AD17B6842
:101FA0009B6A7B627B6A1A1D7A621B687B610223D3
:101FB000BB627B689B683B633B6B002B3AD03B6BFF
:101FC0003B610023FB62BB6A0233BB623B6BFB607D
:101FD000FB6A0133FB627B68396B1846FDF74FFBE8
:101FE00038633B6B012B04D87B6802225A740223AE
:101FF000B3E13B6BB3F1FF3F04D17B6801225A741C
:102000000123AAE1FB6801333A6B9A42DED0BA6A37
:102010007B699A4209D87B6A1A1D7A62FA6A1A6049
:102020007B6A1A1D7A623A691A60BB689B693A6BCF
:102030009A42C4D37B689B6ABA6A1A60BA6A7B699F
:102040009A4203D87B6A00221A6084E1112387F840
:102050003F3080E17B68DB683A689A4202D97B684E
:10206000DB683B607B683A685A613B68002B00F094
:1020700072813B68013B19467868FDF78EFD024688
:102080007B689A61BA687B689B6919461046FDF7C0
:10209000D7FAB861BB69002B04D17B6802225A745D
:1020A00002235AE13B68013B5B0ABA685289013A54
:1020B0001340BA691344BB617B685B69C3F30803CF
:1020C000002B00F048817B68DB69BA699A4200F016
:1020D00042817B681B7C5BB2002B18DABB685878A6
:1020E0007B6803F12C017B68DA690123FDF78AF82C
:1020F0000346002B04D07B6801225A7401232CE193
:102100007B681B7C03F07F03DAB27B681A74BB68C0
:1021100058787B6803F12C010123BA69FDF752F866
:102120000346002B04D07B6801225A74012314E17A
:102130007B68BA69DA610EE17B68DB683A689A42CB
:1021400008D97B681B7C03F00203002B02D17B685B
:10215000DB683B607B685B693B6200237B637B6879
:102160007A6B5A613B68002B00F0A780BB685B89E3
:102170005B02FB613B6A002B1BD03B685A1EFB696C
:10218000B2FBF3F23B6A591EFB69B1FBF3F39A42CF
:102190000FD33B6A5A1EFB695B421A407B685A6147
:1021A0007B685B693A68D31A3B607B689B69BB6359
:1021B00022E07B689B68BB63BB6B002B19D17B68FB
:1021C00000211846FDF751FCB863BB6B012B04D10D
:1021D0007B6802225A740223BFE0BB6BB3F1FF3F5E
:1021E00004D17B6801225A740123B6E07B68BA6B84
:1021F0009A607B68BA6B9A61BB6B002B5DD03AE04A
:102200003A68FB69D31A3B607B685A69FB691A44D8
:102210007B685A617B681B7C03F00203002B0BD0A8
:102220007B68B96B1846FDF720FCB863BB6B002BCD
:1022300008D100233B6022E07B68B96B1846FDF7AC
:102240001EFAB863BB6BB3F1FF3F04D17B68012278
:102250005A74012381E0BB6B012B04D9BB689B69D5
:10226000BA6B9A4204D37B6802225A74022374E048
:102270007B68BA6B9A613A68FB699A42C0D87B68FE
:102280005A693B681A447B685A613B68C3F3080388
:10229000002B12D0BB68B96B1846FDF7D1F97863F3
:1022A0007B6B002B04D17B6802225A74022354E01A
:1022B0003B685B0A7A6B13447B637B685A697B6873
:1022C000DB689A420AD97B685A697B68DA607B6866
:1022D0001B7C43F04003DAB27B681A747B685B694D
:1022E000C3F30803002B36D07B68DB697A6B9A4214
:1022F00031D07B681B7C5BB2002B18DABB68587846
:102300007B6803F12C017B68DA690123FCF77AFF13
:102310000346002B04D07B6801225A7401231CE081
:102320007B681B7C03F07F03DAB27B681A74BB689E
:1023300058787B6803F12C0101237A6BFCF742FF8C
:102340000346002B04D07B6801225A74012304E069
:102350007B687A6BDA6197F83F3018464037BD46A4
:1023600080BD80B5ADF51E7D00AF07F51E73A3F5EA
:102370001D7318600023C7F8703207F503713B1D09
:1023800002221846FEF75CFD034687F87732D7F83D
:102390000C32C7F8403297F87732002B40F0948027
:1023A000D7F80C3207F10C02DA6007F51E73A3F5BB
:1023B0001D731A6807F5107311461846FEF734FCB2
:1023C000034687F8773297F87732002B7CD197F85D
:1023D0006B325BB2002B03DA062387F8773208E012
:1023E00097F8463203F00103002B02D0072387F849
:1023F000773297F87732002B3BD1D7F80C32D7F8E9
:102400005C2211461846FDF783FDC7F8700297F865
:10241000463203F01003002B2BD0D7F80C32C7F84C
:102420001032D7F87032C7F8183207F5047300215C
:102430001846FDF7E6FB034687F8773297F87732C0
:10244000002B16D107F5047300211846FDF78BFF0A
:10245000034687F8773297F87732002B02D10723AB
:1024600087F8773297F87732042B02D1002387F868
:10247000773297F87732002B26D107F5107318467C
:10248000FEF7D0F9034687F8773297F87732002BBA
:102490000ED1D7F87032002B0AD007F51073002246
:1024A000D7F870121846FDF77BFA034687F87732A3
:1024B00097F87732002B07D1D7F80C321846FDF782
:1024C00051F8034687F8773297F87732184607F5C0
:1024D0001E77BD4680BD000090B59DB000AFF8608E
:1024E0007A603B600B46FB7201237B644FF4007300
:1024F0003B6407F10C031846FEF707FCF863FB6B1F
:10250000002B02DA0B2300F00DBC944AFB6B52F84F
:102510002330002B05D0914AFB6B52F82330002268
:102520001A70FB6B87F83B30002387F83A3097F836
:102530003B301846FCF71EFE034687F8393097F803
:10254000393003F00103002B01D00323EAE397F8AD
:10255000393003F00403002B01D00A23E2E307F132
:10256000140297F83B3003211846FCF76BFE034634
:10257000002B0CD17B69002B09D07B69B3F5004F90
:1025800005D87B695A1E7B691340002B01D00123BB
:102590007B614FF40073FB867B68002B03D0FB8EBE
:1025A0007A689A4209D37B68B3F1807F05D87B684B
:1025B0005A1E7B681340002B01D01323B2E3FB8E1D
:1025C0007A68B2FBF3F37B603B683B63FB8ED7F822
:1025D0008020B2FBF3F3FB62FA8EFB6A02FB03F38B
:1025E000BB62BB6A002B01D10E239BE307F11002F3
:1025F00097F83B3001211846FCF724FE0346002BD8
:1026000001D001238EE3FB7A03F00803002B01D0F5
:10261000002300E03F237B623B697A6A9A4201D93A
:102620000E237FE33A697B6AD31A3B613B697F2BB8
:1026300001D80E2376E37B68802B01D9132371E345
:10264000FB7A03F00203002B0DD0FB7A03F00703A3
:10265000022B04D0FB7A03F00103002B03D10323E8
:1026600087F84F3009E0FB7A03F00103002B01D11A
:10267000132357E3022387F84F307B683B6597F8B5
:102680004F30032B3CD13B6D002B1BD13B695B0CC6
:10269000FB650023BB6401233B6505E0BB6C013394
:1026A000BB643B6D5B003B652D4ABB6C32F813305D
:1026B000002B07D02A4ABB6C32F813301A46FB6D48
:1026C0009342EBD23A693B6DB2FBF3F33B623B6A58
:1026D00002339A00FB8E13445A1EFB8EB2FBF3F3B7
:1026E000BB6620237B650023FB663B6A4FF6F572D1
:1026F000934203D93B6A1B4A934252D90E2311E3FA
:102700003B6D002B1BD13B691B0BFB650023BB649E
:1027100001233B6505E0BB6C0133BB643B6D5B0093
:102720003B65114ABB6C32F81330002B07D00E4AC0
:10273000BB6C32F813301A46FB6D9342EBD23A6908
:102740003B6DB2FBF3F33B623B6A40F6F57293429A
:102750000CD93B6A02335B00FB6512E00465012083
:102760005CB80208F5FFFF0F6CB80208012387F878
:102770004F303A6A13465B00134401335B0803335E
:10278000FB65FA8EFB6D13445A1EFB8EB2FBF3F30E
:10279000BB6601237B653B6C5A01FB8EB2FBF3F3F6
:1027A000FB667A6A7B6D1344BB65BB6E7A6C03FB78
:1027B00002F2BB6D1344FA6E1344FB617A69FB6944
:1027C00013445A1E7B695B421A40FB69D31AFB65AE
:1027D00097F84F30032B08D17A6DFB6D13447B655E
:1027E000BA6DFB6D1344BB6506E0FA6D7B6CB2FB02
:1027F000F3F3BA6E1344BB663B6D1A01FB691A44CE
:102800007B6AD21A3B699A4201D90E238AE23A695D
:102810007B6DD21ABB6E796C01FB03F3D21AFB6E8F
:10282000D21A3B6DB2FBF3F33B6297F84F30032BA8
:102830000FD13B6A4FF6F57293420AD87B68002BA2
:1028400005D13B6D5B087B607B68002B44D10E2378
:1028500068E297F84F30022B33D13B6A4FF6F5729E
:1028600093421ED97B68002B07D13B6D5B00402B48
:1028700003D83B6D5B007B6033E0FB7A03F002031F
:10288000002B03D0032387F84F302AE07B68002B0E
:1028900005D13B6D5B007B607B68802B1ED90E23CE
:1028A00040E23B6A40F6F57293420AD87B68002BFF
:1028B00005D13B6D5B007B607B68802B10D90E23BC
:1028C00030E297F84F30012B0CD13B6A40F6F5729D
:1028D000934207D90E2325E200BFCEE600BFCCE627
:1028E00000BFCAE600BFFB8E1A460021386BFCF71A
:1028F0006AFD0B22B249386BFCF744FD3B6B0B338E
:10290000FA8E11461846FCF7F6FC3B6B0D333A6D18
:10291000D2B21A703B6B0E337A6D92B211461846E2
:10292000FCF7E9FC3B6B10337A6CD2B21A703B6B4C
:1029300003F1110297F84F30032B02D03B6C9BB28E
:1029400000E0002319461046FCF7D5FC3B69B3F5BF
:10295000803F08D23B6B13333A6992B21146184656
:10296000FCF7C9FC06E03B6B20333A691146184678
:10297000FCF7DCFC3B6B1533F8221A703B6B183309
:102980003F211846FCF7B7FC3B6B1A33FF21184672
:10299000FCF7B1FC3B6B1C33796A1846FCF7C6FCAC
:1029A00097F84F30032B31D13B6B03F14304F8F719
:1029B00041F9034619462046FCF7B8FC3B6B24332B
:1029C000B96E1846FCF7B2FC3B6B2C33022118465B
:1029D000FCF7ACFC3B6B303301211846FCF78BFC59
:1029E0003B6B323306211846FCF785FC3B6B4033CA
:1029F00080221A703B6B423329221A703B6B47339B
:102A0000132270491846FCF7BDFC20E03B6B03F134
:102A10002704F8F70FF9034619462046FCF786FC11
:102A20003B6B1633BA6E92B211461846FCF763FC44
:102A30003B6B243380221A703B6B263329221A7099
:102A40003B6B2B33132260491846FCF79BFC3B6B16
:102A500003F5FF734AF655211846FCF74CFC97F82E
:102A60003B0001237A6A396BFCF7CCFB0346002B51
:102A700001D0012356E197F84F30032B40D17B6AF8
:102A80009A1D97F83B000123396BFCF7BBFBFB8ECB
:102A90001A460021386BFCF796FC4C49386BFCF762
:102AA00045FC3B6B03F5F27349491846FCF73EFCC5
:102AB0003B6B03F5F4723B6A013B19461046FCF789
:102AC00035FC3B6B03F5F67302211846FCF72EFC30
:102AD0003B6B03F5FF734AF655211846FCF70BFCD8
:102AE0007B6ADA1D97F83B000123396BFCF78AFB00
:102AF0007B6A5A1C97F83B000123396BFCF782FB79
:102B0000BA6A0021386BFCF75EFCBB6D7B66002364
:102B1000BB644BE097F84F30032B13D16FF00701E4
:102B2000386BFCF703FC3B6B04334FF0FF31184666
:102B3000FCF7FCFB3B6B08336FF070411846FCF769
:102B4000F5FB0BE097F84F30012B01D1214B01E051
:102B50006FF007031946386BFCF7E8FBBB6E3B666A
:102B60003A6EFB6A934228BF1346FB6597F83B0019
:102B7000FB6D7A6E396BFCF745FB0346002B01D0E9
:102B80000123CFE0FB8E1A460021386BFCF71BFCBB
:102B90007A6EFB6D13447B663A6EFB6DD31A3B660F
:102BA0003B6E002BDCD1BB6C0133BB64BA6C7B6C1D
:102BB0009A42AFD397F84F30032B0DD13B6D0CE009
:102BC000C8A90208D4A90208E8A902085252614122
:102BD00072724161F8FFFF00FB6E3B663A6EFB6A62
:102BE000934228BF1346FB6597F83B00FB6D7A6E56
:102BF000396BFCF707FB0346002B01D0012391E062
:102C00007A6EFB6D13447B663A6EFB6DD31A3B669E
:102C10003B6E002BE2D197F84F30032B03D10C23EE
:102C200087F84E3010E03B69B3F5803F03D30623AD
:102C300087F84E3008E097F84F30022B01D104237B
:102C400000E0012387F84E30FB7A03F00803002BE5
:102C50005BD1FB8E1A460021386BFCF7B4FB3B6B53
:102C600003F5FF734AF655211846FCF744FB3B6B0E
:102C700003F5DF73BB61BB6900221A70BB690133C6
:102C800001221A70BB69023301221A70BB69033337
:102C900000221A70BB69043397F84E201A703A6903
:102CA0007B6A1A44214BA3FB0213D21A5208134425
:102CB0005B0BFB65BB690533FE221A70FB6D9B083D
:102CC000DAB2BB69063342F03F02D2B21A70BB6976
:102CD0000733FA6DD2B21A70BB690833796A1846A5
:102CE000FCF724FBBB690C333A6911461846FCF724
:102CF0001DFB97F83B0001230022396BFCF782FA99
:102D00000346002B01D001230CE097F83B30002252
:102D100000211846FCF796FA0346002B01D0012348
:102D200000E0002318467437BD4690BD5B5615057C
:102D300080B487B000AFF860B9601346FB7101231F
:102D4000FB750023BB751F4B5B7ADBB2002B31D1C7
:102D50001C4B5B7ADBB21A461A4B00219954194B73
:102D60005B7ADBB2174A9B001344FA685A60154B32
:102D70005B7ADBB21A46134B1344FA791A72114B81
:102D80005B7ADBB25A1CD1B20E4A5172BB75BB7D65
:102D90003033DAB2BB681A70BB6801333A221A705A
:102DA000BB6802332F221A70BB68033300221A70EB
:102DB0000023FB75FB7D18461C37BD465DF8047B80
:102DC000704700BF0C65012080B582B000AF78600D
:102DD0003960002239687868FFF7AAFF0346184671
:102DE0000837BD4680BD000080B485B000AF034603
:102DF0003960FB80FB887F2B02D8FB88FB8125E0B4
:102E00003B68002B0BD0FB88FF2B05D8FB88803B51
:102E1000124A32F8133000E00023FB8116E0002351
:102E2000FB8109E0FB890D4A32F81330FA889A4297
:102E300006D0FB890133FB81FB897F2BF2D900E0AF
:102E400000BFFB8980339BB2DBB2FB81FB89184654
:102E50001437BD465DF8047B704700BF7CB802089C
:102E600080B487B000AF0346FB80FB88B3F5805F7A
:102E700001D23E4B00E03E4B7B617B699A1C7A613C
:102E80001B887B827B8A002B68D0FA887B8A9A42D7
:102E900064D37B699A1C7A611B883B823B8A1B0A3C
:102EA000FB813B8ADBB23B82FA88798A3B8A0B44FE
:102EB0009A4249DAFB89082B4FD801A252F823F035
:102EC000E52E0208F72E02080D2F0208152F020822
:102ED0001D2F0208252F02082D2F0208352F02086A
:102EE0003D2F0208FA887B8AD31A5B007A69134463
:102EF0001B88FB8027E0FA887B8AD31A9BB203F0F9
:102F000001039BB2FA88D31AFB801CE0FB88103BBC
:102F1000FB8018E0FB88203BFB8014E0FB88303B03
:102F2000FB8010E0FB881A3BFB800CE0FB88083339
:102F3000FB8008E0FB88503BFB8004E0FB88A3F5A6
:102F4000E353FB8000BF08E0FB89002B95D13B8A4F
:102F50005B007A6913447B618FE700BFFB881846EA
:102F60001C37BD465DF8047B704700BF7CB9020882
:102F700070BB0208F8B52DED028B57EC106B55ECC9
:102F8000114B00F057FD22462B4630463946B0EE35
:102F9000408AF0EE608ADDF7D9FD90B90022002367
:102FA00020462946DDF7A0FD58B104F0CBFF2123D0
:102FB00003600022002310461946DDF757FC41EC60
:102FC000180BB0EE480AF0EE680ABDEC028BF8BDB3
:102FD000F8B52DED028BB0EE408AF0EE608A55EC2C
:102FE000114B00F031FE22462B462046294657EC75
:102FF000106BDDF7ABFD00283BD151EC180B002224
:103000000023DDF771FDB8B10022002320462946D8
:10301000DDF76AFD002846D145EC104B00F01AFAA6
:1030200038B30022002320462946DDF767FD00B3B0
:1030300004F088FF22231BE047EC106B00F00AFA33
:10304000E0B9B0EE480AF0EE680A00F003FAA8B161
:1030500045EC104B00F0FEF980B132463B4630465D
:103060003946DDF773FD0028E2D004F06BFF212321
:103070000360BDEC028B47EC106BF8BD002200230F
:1030800030463946DDF730FD0028F2D0B0EE480A70
:10309000F0EE680A00F0DEF90028EAD045EC104BAB
:1030A00000F0D8F9C3E7014F0026E2E70000F03F47
:1030B00038B52DED028B55EC104B00F0DDF92246B2
:1030C0002B4620462946B0EE408AF0EE608ADDF7B6
:1030D0003DFD90B90022002320462946DDF70EFD74
:1030E00058B104F02FFF2123036000220023104673
:1030F0001946DDF7BBFB41EC180BB0EE480AF0EEC9
:10310000680ABDEC028B38BD1FB553EC102B264866
:1031100023F00041814206D89FED211B05B05DF8E8
:1031200004EB00F005BB2148814208D9104619463E
:10313000DDF7BAF841EC100B05B05DF804FB68460A
:1031400001F0C6FA00F0030001280BD0022815D0C8
:10315000D8B99DED021B9DED000B00F0E9FA51EC92
:10316000100BE7E79DED021B9DED000B00F0A8FBA7
:1031700053EC102B104603F10041DBE79DED021BE1
:103180009DED000B00F0D4FAF2E79DED021B9DEDE2
:10319000000B012000F094FBE1E700BFAFF30080DB
:1031A0000000000000000000FB21E93FFFFFEF7F6F
:1031B0001FB553EC102B264823F00041814207D85D
:1031C0009FED211B002005B05DF804EB00F078BBFB
:1031D0002048814208D910461946DDF765F841ECD0
:1031E000100B05B05DF804FB684601F071FA00F0C1
:1031F000030001280CD0022811D0E8B99DED021B74
:103200009DED000B012000F05BFB51EC100BE6E79D
:103210009DED021B9DED000B00F08AFAF5E79DED98
:10322000021B9DED000B012000F04AFB53EC102B1C
:10323000104603F10041D2E79DED021B9DED000B0E
:1032400000F076FAF2E700BF000000000000000086
:10325000FB21E93FFFFFEF7F08B52DED028BB0EEBC
:10326000408A01F0D9FCB4EE488AF1EE10FAF0EE93
:10327000408A15D6B0EE480A00F09EF8F7EE007AC4
:10328000B4EEE70AF1EE10FA0ADD04F05BFEBDECE5
:10329000028B21230360BDE80840044800F0E6B833
:1032A000B0EE680ABDEC028B08BD00BFADC40208D9
:1032B00001F098BD08B52DED028BF0EE408AB0EE1E
:1032C000608A01F02FFEF4EE488AF1EE10FA0CD677
:1032D000DFED078AB4EE688AF1EE10FA05D104F04A
:1032E00031FE88EEA80A21230360BDEC028B08BDE5
:1032F0000000000008B52DED028BB0EE408A00F012
:1033000095F9B4EE488AF1EE10FA0CD6DFED078A93
:10331000B4EEE88AF1EE10FA05D504F013FE88EE5B
:10332000A80A21230360BDEC028B08BD0000000049
:1033300010EE103A07B51E4A23F00043934206D818
:10334000DFED1C0A03B05DF804EB01F0C5BBB3F17F
:10335000FF4F04D330EE400A03B05DF804FB68462B
:1033600001F062FE00F00300012809D0022810D00D
:10337000B0B9DDED010A9DED000A01F0ADFBEBE710
:10338000DDED010A9DED000A01F0FEFBB1EE400A01
:10339000E2E7DDED010A9DED000A01F09DFBF5E796
:1033A000DDED010A9DED000A012001F0EDFBD3E700
:1033B000D80F493F0000000010EE103A23F0004300
:1033C00000EE103A7047000010EE103A07B51F4AA1
:1033D00023F00043934207D8DFED1D0A002003B01D
:1033E0005DF804EB01F0D0BBB3F1FF4F04D330EE36
:1033F000400A03B05DF804FB684601F015FE00F0DA
:10340000030001280AD002280FD0C0B9DDED010A5F
:103410009DED000A012001F0B7FBEAE7DDED010AAE
:103420009DED000A01F058FBE3E7DDED010A9DED9B
:10343000000A012001F0A8FBB1EE400AD9E7DDED5A
:10344000010A9DED000A01F047FBF5E7D80F493F5F
:103450000000000082B08DED000B019840F00040AC
:1034600000F58010C00F02B0704700009FED010A08
:10347000704700BF0000C07F2DE9F84F684A55EC47
:10348000104BAA432B46214610D1224620462946FE
:10349000DDF7C2F802460B4620462946DCF706FF58
:1034A00004460D4645EC104BBDE8F88F002D0EDCB0
:1034B00025F000422243F5D09DB122462046294600
:1034C000DCF7F2FE02460B46DDF7D0F9E8E72A15F5
:1034D00015D1002009E0CB0A153A4905002BFAD096
:1034E000F7E72A46FAE75B000130DC02FBD5441E11
:1034F000121BC0F1200421FA04F423438140C3F3DA
:103500001303A2F2FF3543F48013D2075CBF5B00C4
:1035100003EBD1734FEA430358BF4900002603EB86
:10352000D1736D104900162032464FF4001417195C
:103530009F42DEBF3A19DB1B3619CF0F013807EB6C
:1035400043034FEA41014FEA5404F0D104462027D7
:103550004FF0004C9A4200EB0C0E02DB13D18E456B
:1035600011D8BEF1000F0EEB0C0042DA002840DB50
:1035700002F101089B1A8E4588BF03F1FF33A1EBCE
:103580000E01644442464FEAD17E013F0EEB4303F5
:103590004FEA41014FEA5C0CDCD119431BD0DFF844
:1035A00084A0DFF884B0DAE90001DBE90023DCF76E
:1035B0007BFEDAE9008902460B4640464946DDF7C4
:1035C000A7FA40B1B4F1FF3FDAE90001DBE90023DB
:1035D00011D101363C4672106308F10702F17F52A7
:1035E00002F5001248BF43F0004302EB05511846B4
:1035F00056E79046BEE7DCF759FEDAE90089024655
:103600000B4640464946DDF779FA20B1A01C08BFB9
:1036100001360234DFE7631C23F00104DBE700BF5F
:103620000000F07FB0020020A8020020B1EEC00A26
:10363000704700000000000051EC100BC1F30A536A
:103640002DE9F041A3F2FF36132E0C4605468046C5
:1036500034DC002E17DA32A3D3E90023DCF726FE90
:1036600000220023DDF768FA50B1002C55DA24F06F
:1036700000442C430025AC422B4C08BF4FF00044C3
:103680002146284623E0294F374101EA0703034337
:103690001DD023A3D3E90023DCF708FE002200237A
:1036A000DDF74AFA0028EBD0002CBEBF4FF48013A0
:1036B0003341E41824EA07040025E1E7332E0ADD4C
:1036C000B6F5806F03D102460B46DCF7EFFD41EC07
:1036D000100BBDE8F081A3F213434FF0FF37DF403A
:1036E0000742F4D00EA3D3E90023DCF7DFFD00226C
:1036F0000023DDF721FA0028C2D0002C0ADA142EAC
:1037000001D1013406E0C6F134060123B3401D4463
:103710004545F6D325EA0705B2E700252C46AFE775
:103720009C7500883CE4377E0000F0BFFFFF0F006F
:103730002DE9F74F57EC106B27F00048B8F1795F8F
:103740008DED001B06D230463946DDF715FA00280C
:1037500000F0888032463B4630463946DCF75CFF55
:10376000514B002204460D46DCF756FF40A3D3E937
:10377000002382468B4620462946DCF74DFF3EA3B8
:10378000D3E90023DCF792FD22462B46DCF744FF09
:103790003BA3D3E90023DCF787FD22462B46DCF769
:1037A0003BFF39A3D3E90023DCF780FD22462B46FB
:1037B000DCF732FF36A3D3E90023DCF775FD2246A0
:1037C0002B46DCF729FF34A3D3E90023DCF76EFD99
:1037D00022462B46DCF720FF22462B46DCF71CFF57
:1037E000DDE9002304460D4630463946DCF714FF78
:1037F0000B46024629462046DCF756FD2B4B9845E2
:1038000006460F4610D802460B4650465946DCF78E
:103810004BFD0B46264902460020DCF745FD41ECF6
:10382000100B03B0BDE8F08F224B214998458CBFA7
:10383000214DA8F50015002422462B460020DCF778
:1038400033FD2246804689462B4650465946DCF7D2
:103850002BFD32463B46DCF727FD02460B46404631
:103860004946DAE79FED0E0BDBE700BFAFF30080C0
:10387000D43888BEE9FAA8BDC4B1B4BD9EEE213EDD
:10388000AD529C804F7E923E9015CB19A001FA3E1E
:103890007751C1166CC1563F4C5555555555A53FEE
:1038A000000000000000F03F0000E03F3233D33F53
:1038B0000000F03F0000E93F0000D23F00000000A0
:1038C0002DE9F04F55EC104B25F0004385B0B3F1D6
:1038D000795F8DED021B804605D220462946DDF733
:1038E0004BF9002852D022462B4620462946DCF7C9
:1038F00093FE82468B4602460B4620462946DCF75D
:103900008BFE42A3D3E90023CDE90001504659467E
:10391000DCF782FE3FA3D3E90023DCF7C5FC524667
:103920005B46DCF779FE3DA3D3E90023DCF7BEFC60
:1039300052465B46DCF770FE3AA3D3E90023DCF77E
:10394000B3FC52465B46DCF767FE38A3D3E900239D
:10395000DCF7ACFC06460F46B8F1000F1BD102465F
:103960000B4650465946DCF757FE25A3D3E9002302
:10397000DCF79AFCDDE90023DCF74EFE02460B463D
:1039800020462946DCF792FC04460D4645EC104BD8
:1039900005B0BDE8F08FDDE902011B4B0022DCF72A
:1039A0003BFE3246804689463B46DDE90001DCF7B6
:1039B00033FE02460B4640464946DCF775FC52464C
:1039C0005B46DCF729FEDDE90223DCF76DFC0CA386
:1039D000D3E9002306460F46DDE90001DCF71CFEB3
:1039E00002460B4630463946DCF760FC02460B4681
:1039F00020462946DCF758FCC6E700BFAFF300803D
:103A0000495555555555C53F0000E03F7CD5CF5A27
:103A10003AD9E53DEB9C2B8AE6E55A3E7DFEB1574F
:103A2000E31DC73ED561C119A0012A3FA6F81011B8
:103A30001111813F53EC112B23F0004C2DE9F0477D
:103A400052EA0C0451EC100B1E46174696460CD059
:103A5000774C21F00048A045894606D85442754D60
:103A600014434CEAD474AC4209D9DCF7D5FD0246C4
:103A70000B46DCF7FBFE41EC100BBDE8F087E045A0
:103A80008246044601F0004509DCF4DB8242F2D8AC
:103A900005D1694B03EB1573D3E90001EBE7654AE8
:103AA00019EA020F48D1B8F1000F3DD163495346DE
:103AB000002B36DC16424FD1BCF1000F44D15F4AD7
:103AC0003B46002B3DDC5E4881424ADBC9F31303D1
:103AD00043F480135A48824257DBC6F3130646F478
:103AE0008016891A981BA4EB0E07002962D1744531
:103AF00038BF00F1FF300028A4BF3C46034653EA1C
:103B00000401C6D0B3F5801F69DB4D498A426CDBE6
:103B1000A3F580132B4302F2FF3243EA0251204601
:103B2000A9E701395B00C3E745494FEAC823002BE9
:103B3000C0DD01395B00FAE74FEA2851A1F2FF31FD
:103B4000B8E7013A5B00BCE73D4A4FEACC23002BC3
:103B5000B9DD013A5B00FAE74FEA2C52A2F2FF32DC
:103B6000B1E7401A1F280ADC01F21E4308FA00F8E8
:103B70002AFA03F343EA08030AFA00F4AAE7314BEE
:103B80005B1A0AFA03F30024A4E7801A1F280ADC50
:103B900002F21E460CFA00FC27FA06F646EA0C066C
:103BA00007FA00FE9DE7274EB61A07FA06F64FF011
:103BB000000E96E7744538BF00F1FF30002805DAA3
:103BC000E00F00EB4303640001398BE750EA070381
:103BD0003FF45FAFFB0F03EB40037C00F4E7E10F22
:103BE00001EB43036400013A8CE7891A14290ADCCB
:103BF00002F21E4203FA02F2CC4022430B4143EA96
:103C00000501104637E71F2907DC02F21E42CC40AF
:103C100003FA02F222432B46F1E7C2F17F4202F59A
:103C20007F0202F57B42E23243FA02F2F3E700BF81
:103C3000FFFFEF7F0000F07F30BC0208EDFBFFFFCD
:103C400002FCFFFFE2FBFFFF2DE9F04F91B08DED8D
:103C5000001BDDE9001929F0004A5AEA010057EC7F
:103C6000106B13D1B31987F4002252419842984B3C
:103C7000934180F0EA84DDE9002330463946DCF7E1
:103C800015FB41EC100B11B0BDE8F08F914A27F005
:103C9000004890453D46334606D801D1002EEAD172
:103CA000924501D80ED169B105F1404505F5801561
:103CB0001D43E0D1DDE90032DB1882F400225241DD
:103CC0009D42D4E7002DC3463ADA834A92454DD847
:103CD000A2F15472924540F2C7844FEA2A52A2F2EE
:103CE000FF32142A0FDDC2F1340221FA02F404FA81
:103CF00002F28A4240F0B88404F00104C4F10204E4
:103D0000002958D10EE0002954D1C2F114024AFA18
:103D100002F404FA02F2524540F0A38404F00104D4
:103D2000C4F102046D4A92452ED1B9F1000F80F220
:103D300094846A4932463B460020DCF797FDA0E7B1
:103D40000024C1BB634A9245ECD108F1404202F520
:103D500080121A4300F07984614B984508D9B9F173
:103D6000000FC0F27684DDE900018AE70224E8E76B
:103D7000B9F1000F4FF000004FF0000181DADDE9EA
:103D8000000303F100417CE7B9F1804F06D13246D0
:103D90003B4630463946DCF73FFC72E7514A9145D5
:103DA00009D1002D07DB47EC106B11B0BDE8F04FD7
:103DB000FFF762BB002447EC106B029300F084FE17
:103DC000029B51EC100B53BB444B25F040429A42EE
:103DD00002D0B8F1000F22D1B9F1000F05DA024686
:103DE0000B4600203D49DCF741FD002DBFF649AFF1
:103DF00008F1404808F5801858EA040808D102463E
:103E00000B4610461946DCF74FFA02460B4694E77C
:103E1000012C7FF436AF01F10043194631E7EB0F77
:103E2000013B53EA040202D132463B46E9E7013C3A
:103E30001C4316D09FED227BBAF1844F8DED027B9F
:103E400040F21281284B9A45254B16D998450BD83C
:103E5000B9F1000F0BDA002011B0BDE8F04F01F00E
:103E60009BBB9FED197BE7E7B9F1000FF3DC002066
:103E700011B0BDE8F04F01F087BB98450CD2DDE9E9
:103E8000020100220023DCF739FE003818BF0120B0
:103E9000B9F1000FECDADFE7104B98454FF0000264
:103EA00024D9DDE902010023DCF728FE003818BF21
:103EB0000120B9F1000FCFDCDAE700BFAFF30080DB
:103EC000000000000000F03F000000000000F0BF14
:103ED0000000F0FF0000F07FFFFF3F430000F03FD5
:103EE000FFFFEF3F0000E03F0000F0435A4BDCF7DC
:103EF000DBF951A3D3E9002304460D46DCF78CFB24
:103F00004FA3D3E9002306460F4620462946DCF797
:103F100083FB524B82468B46002220462946DCF723
:103F20007BFB02460B4648A1D1E90001DCF7BCF956
:103F300022462B46DCF770FB02460B460020484920
:103F4000DCF7B2F92246804689462B4620462946B0
:103F5000DCF762FB02460B4640464946DCF75CFB59
:103F60003BA3D3E90023DCF757FB02460B46504640
:103F70005946DCF799F902460B4680468946304699
:103F80003946DCF793F9002432463B4620460D467D
:103F9000DCF78AF902460B4640464946DCF784F9CD
:103FA000DDE90023CDE9042300230493DDE904AB1C
:103FB00006460F4652465B46DDE90001DCF774F920
:103FC00022462B46DCF728FBDDE9002380468946A4
:103FD00030463946DCF720FB02460B464046494650
:103FE000DCF764F952465B4606460F4620462946F2
:103FF000DCF712FB0B4602468046894630463946BE
:10400000DCF754F9174B994204460D468A468B4615
:1040100040F3EF8201F13F4303F5E003034300F077
:10402000E881DDE9020100220023DCF767FD0038AA
:1040300018BF012010E700BF000000604715F73FE0
:1040400044DF5DF80BAE543E555555555555D53F9B
:10405000FE822B654715F73F0000F03F0000D03F80
:104060000000E03FFFFF8F40D54B2B4000222BB9D3
:10407000D44BDCF7D1FA6FF034028B464FEA2B5366
:10408000A3F2FF3313440A93CF4BCBF3130B4BF044
:104090007F559B4545F4401508DDCC4B9B4540F3CF
:1040A000A5810A9B01330A93A5F580154FF0000AFC
:1040B0004FEACA030B93C64B03EBCA0393ED007B95
:1040C000294653EC172B8DED067BCDE90801DCF773
:1040D000EBF8DDE9082306460F46DDE90601DCF7CB
:1040E000E5F802460B460020BA49DCF7BFFBCDE9F4
:1040F0000C0102460B4630463946DCF78DFACDE915
:104100000401DDE904BC6D1045F000554FF0000BD3
:1041100005F500256146002205EB8A435846E14635
:10412000CDE90EBC14461D46DCF776FA02460B4676
:1041300030463946DCF7B8F8DDE9062306460F4677
:1041400020462946DCF7B0F802460B46DDE90801B7
:10415000DCF7AAF85A464B46DCF75EFA02460B46F5
:1041600030463946DCF7A0F8DDE90C23DCF754FAD9
:10417000DDE90423CDE9060110461946DCF74CFAC7
:104180007DA3D3E9002304460D46DCF745FA7CA362
:10419000D3E90023DCF78AF822462B46DCF73CFA09
:1041A00079A3D3E90023DCF781F822462B46DCF71C
:1041B00033FA77A3D3E90023DCF778F822462B46BD
:1041C000DCF72AFA74A3D3E90023DCF76FF8224660
:1041D0002B46DCF721FA72A3D3E90023DCF766F85B
:1041E000224606460F462B4620462946DCF714FA9F
:1041F00002460B4630463946DCF70EFA5A4604466C
:104200000D464B46DDE90401DCF750F8DDE90623F5
:10421000DCF702FA22462B46DCF748F85A46CDE98D
:1042200008014B4658464946DCF7F6F96A4B00222E
:1042300006460F46DCF73AF8DDE90823DCF736F8E6
:10424000D846DDE90EBC0D465A460B464046494667
:10425000CDE90CBCDCF7E0F95C46804689465E4B54
:10426000002220462946DCF71FF832463B46DCF7A1
:104270001BF802460B46DDE90801DCF715F8DDE91D
:104280000423DCF7C9F9224606460F462B46DDE932
:104290000601DCF7C1F902460B4630463946DCF729
:1042A00005F806460F4602460B4640464946DBF7F0
:1042B000FDFFDDE90CBC3CA3D3E900235846CDE962
:1042C00008BC0D46DCF7A8F95C46CDE9040142467E
:1042D0004B4620462946DBF7E7FF02460B463046B1
:1042E0003946DBF7E1FF32A3D3E90023DCF794F989
:1042F00031A3D3E9002306460F4620462946DCF7C2
:104300008BF902460B4630463946DBF7CFFF0B9A56
:10431000324B1344D3E90023DBF7C8FFCDE9060194
:104320000A98DCF70FF90B9A2D4B1344D3E9008957
:104330000646DDE906230F46DDE90401DBF7B6FF9B
:1043400042464B46DBF7B2FF32463B46DBF7AEFF59
:10435000DDE908BC32463B4658460D46DBF7A4FF74
:1043600042464B46DBF7A0FFDDE90423DBF79CFF69
:104370005C46024636E000BFEF4E454A287ECA3F03
:1043800065DBC9934A86CD3F01411DA96074D13FC9
:104390004D268F515555D53FFFAB6FDBB66DDB3FDB
:1043A000033333333333E33F000000E009C7EE3F0C
:1043B000FD033ADC09C7EE3FF5015B14E02F3EBE7A
:1043C0000000F07F000040438E98030079B60B0098
:1043D00060BC02080000F03F0000084040BC02083A
:1043E00050BC02080B46DDE90601D7E54FF0010A93
:1043F0005EE6B4A3D3E9002330463946DBF756FF27
:104400004246CDE900014B4620462946DBF74CFFEA
:1044100002460B46DDE90001DCF78EFB00287FF445
:1044200000AE4FEA2A5A4FF48013AAF2FE3A43FA3A
:104430000AFADA44CAF30A519D48A1F2FF31084151
:1044400000EA0A03CAF3130AC1F114014AF4801AFC
:104450004AFA01FABBF1000F404649464FF000020C
:10446000B8BFCAF1000ADBF71FFF80468946324613
:104470003B4640464946DBF719FF00247CA3D3E9BD
:10448000002320460D46DCF7C7F84246CDE900017F
:104490004B4620462946DBF707FF02460B463046CF
:1044A0003946DBF701FF74A3D3E90023DCF7B4F846
:1044B00073A3D3E900238046894620462946DCF7CA
:1044C000ABF802460B4640464946DBF7EFFE044692
:1044D0000D4602460B46DDE90001DBF7E7FEDDE9AC
:1044E000002380468946DBF7DFFE02460B46204666
:1044F0002946DBF7D9FE424606460F464B46404664
:104500004946DCF789F860A3D3E9002304460D4649
:10451000DCF782F85EA3D3E90023DBF7C5FE224671
:104520002B46DCF779F85CA3D3E90023DBF7BEFE6A
:1045300022462B46DCF770F859A3D3E90023DBF7BA
:10454000B3FE22462B46DCF767F857A3D3E90023D6
:10455000DBF7ACFE22462B46DCF75EF802460B4644
:1045600040464946DBF7A0FE04460D4602460B4690
:1045700040464946DCF750F80022CDE900014FF0F3
:10458000804320462946DBF78FFE02460B46DDE9D5
:104590000001DCF76BF9324604460D463B464046C7
:1045A0004946DCF739F832463B46DBF77FFE0246E8
:1045B0000B4620462946DBF777FE42464B46DBF7A3
:1045C00073FE0B4602463B490020DBF76DFE41ECD3
:1045D000100B10EE903A03EB0A53B3F5801F30DA5C
:1045E000504600F025FF51EC100BDDE90223FFF7E8
:1045F000D2BB314C21F00043A3421AD92F4B0B44BC
:10460000034309D0DDE9020100220023DCF776FA3A
:10461000003818BF01202BE442464B46DBF744FE2E
:1046200032463B46DCF77EFA0028EBD1DFF89CA04F
:10463000F7E69A46224B9A453FF6F3AEDDF810A016
:1046400015E751EC100B1946CFE71A490020FFF788
:1046500018BB00200021FFF714BB30463946FFF796
:1046600010BB0C46FFF75EBB0024FFF749BB00BF41
:1046700000000000432EE63FEF39FAFE422EE63FEF
:10468000396CA80C615C20BED0A4BE726937663E4E
:10469000F16BD2C541BDBB3E2CDE25AF6A56113F42
:1046A00093BDBE166CC1663F3E5555555555C53F29
:1046B0000000F0FF0000F03FFFCB904000346F3F60
:1046C0000000E03FFE822B654715973C00CC9040F0
:1046D0002DE9F04F57EC106BC54B8DB027F000481B
:1046E00098450446049707D80022002380ED000B6C
:1046F000C0E90223002528E0BE4B984578D8049BEA
:10470000BD4D002B3046ACA3D3E90023394638DD3C
:10471000DBF7CAFDA84506460F461AD0A8A3D3E981
:104720000023DBF7C1FD02460B4680468946304632
:104730003946DBF7B9FDA2A3D3E90023DBF7B4FDCB
:10474000C4E90089C4E90201012528460DB0BDE88D
:10475000F08F9DA3D3E90023DBF7A6FD9CA3D3E94B
:10476000002306460F46DBF79FFD02460B468046B8
:10477000894630463946DBF797FD95A3D3E90023F8
:10478000DCE7DBF793FDA84506460F4618D08CA35F
:10479000D3E90023DBF78AFD02460B4680468946B3
:1047A00030463946DBF780FD85A3D3E90023DBF7EC
:1047B0007DFD4FF0FF35C4E90089C4E90201C4E77B
:1047C00081A3D3E90023DBF771FD81A3D3E90023A3
:1047D00006460F46DBF76AFD02460B4680468946D1
:1047E00030463946DBF760FD79A3D3E90023DEE7E5
:1047F000824B984500F2D18000F066F957EC106BBF
:1048000075A3D3E9002330463946DBF705FF7C4B1F
:104810000022DBF74BFDDCF7AFF90546DBF792FE34
:1048200002460B46CDE9022363A3D3E90023DBF75D
:10483000F3FE02460B4630463946DBF735FD60A3F2
:10484000D3E9002382468B46DDE90201DBF7E4FE73
:104850001F2D06460F460CDC6A4B6A1E53F82230A9
:10486000434506D032463B4650465946DBF71CFDD1
:104870000EE03B46324650465946DBF715FD4FEAFF
:1048800028530593C1F30A53C3EB1853102B02DCD2
:10489000C4E9000139E04CA3D3E90023DDE90201BA
:1048A000DBF7BAFE06460F4602460B46504659460F
:1048B000DBF7FAFC02460B468046894650465946CD
:1048C000DBF7F2FC32463B46DBF7EEFC40A3D3E9D4
:1048D000002306460F46DDE90201DBF79DFE324666
:1048E0003B46DBF7E1FC02460B4606460F464046D8
:1048F0004946DBF7D9FC059AC1F30A53D31A312B89
:1049000020DCC4E90001C246CB46D4E90089504608
:1049100042464B465946DBF7C7FC3B463246DBF77F
:10492000C3FC049B002BC4E90201BFF60EAF09F1E2
:104930000043636001F10043C4F80080A060E360BD
:104940006D4202E726A3D3E90023DDE90201DBF78C
:1049500063FE06460F4602460B4640464946DBF7D5
:10496000A3FC02460B4682468B4640464946DBF78F
:104970009BFC32463B46DBF797FC1BA3D3E90023A5
:1049800006460F46DDE90201DBF746FE32463B46AE
:10499000DBF78AFC06460F4664E71B4B984535D982
:1049A00032463B4630463946DBF77EFCC4E902011D
:1049B000C4E900019EE600BF00004054FB21F93F1E
:1049C0003163621A61B4D03D0000601A61B4D03D19
:1049D0007370032E8A19A33B83C8C96D305FE43F0F
:1049E0000000002E8A19A33BC14920259A837B39F8
:1049F000FB21E93F7BD90240FB21F93FFB213941F3
:104A00000000E03F70BC0208FFFFEF7F4FEA28552F
:104A1000A5F21645A8EB055130460F46DCF7ACF879
:104A2000DBF790FD02460B4630463946CDE90623BA
:104A3000DBF73AFC224B0022DBF7EEFD0F46064681
:104A4000DCF79AF8DBF77EFD02460B463046394626
:104A5000CDE90823DBF728FC194B0022DBF7DCFD4E
:104A6000CDE90A010DF130094FF0030800260027B7
:104A700079E9020132463B46C24608F1FF38DCF7CD
:104A800033F80028F4D10F4B0193022300932A46F8
:104A90005346214606A800F087FD049B002B0546DF
:104AA000BFF653AED4E9002101F10043C4E900236D
:104AB000D4E9022101F10043C4E9022340E700BF29
:104AC00000007041F0BC020851EC100B024621F0CE
:104AD000004343EC102B704710EE103A23F00043D4
:104AE000B3F1485FF0EE406AB7EE000A04D2FDEE83
:104AF000E67A17EE902A42B326EEA67ADFED1A7A0E
:104B00009FED1A6A1A4AA7EE276A9342DFED197AD7
:104B1000E6EE077A9FED186AA7EE876ADFED177A4F
:104B2000E6EE077A9FED166AA7EE876A60EEE60A60
:104B300026EE076AF6EE007AE7EE060A67EE277AB7
:104B400004D877EEE07A30EE670A70470D4A934258
:104B50009ABF03F17F4307EE103AB5EE027A30EECA
:104B6000470A77EEC77AECE74ED747ADF6740F31B8
:104B70009999993E7CF293B4010DD037610BB6BA86
:104B8000ABAA2A3D0000483F10EE103A23F0004344
:104B9000B3F1485F04D2FDEEC07A17EE903A5BB3F2
:104BA00020EE007ADFED157A9FED156AA7EE276AF1
:104BB000DFED147AE6EE077A9FED136AA7EE876AB7
:104BC000DFED127A60EE076AE6EE077A30B99FED04
:104BD000106AA7EE276AA6EE260A704767EEE67A05
:104BE000B6EE006AE0EE867AD7EE870ADFED097A44
:104BF000E6EEA70A30EE600A704700BFD3C92E2F39
:104C0000342FD7B21BEF3836010D50B98988083CD4
:104C1000ABAA2ABEABAA2A3E38B510EE105A25F030
:104C20000044B4F17E5F2DED048B0CD1DFED5D7A95
:104C30009FED5D7A60EE277AE0EE077AB0EE670AC4
:104C4000BDEC048B38BD04D970EE407A87EEA70A1C
:104C5000F6E7B4F17C5FF7EE008A0BD2B4F1485F5F
:104C600052D2DFED527A70EE277AF4EEE87AF1EE66
:104C700010FAE5DCFEF7A0FB38EEC08AF6EE007A0B
:104C800028EE278A9FED4A7ADFED4A7A9FED4A9A0D
:104C9000A8EE277ADFED497AE7EE087A9FED487AA9
:104CA000A7EE887ADFED477AE7EE087A9FED467A3D
:104CB000A7EE889ADFED457AE8EE077A9FED447A11
:104CC000A7EE887ADFED437AE7EE087AB0EE480A7D
:104CD000E7EE888AFEF7AAFC3F4B29EE089A9C4231
:104CE00089EE286AF0EE006A3DD9A0EE060ADFEDF3
:104CF0003B7AE0EE267A9FED2C0A30EE670A002D13
:104D0000D8BFB1EE400A9BE760EE007ADFED296A7A
:104D10009FED277A9FED2C6AA7EEA67ADFED276A32
:104D2000E7EE276A9FED267AA6EEA77ADFED256AE1
:104D3000E7EE276A9FED207AA6EEA77ADFED236AD9
:104D4000E7EE866A9FED226AA6EEA76ADFED216A8A
:104D5000E6EE276A27EE277AE6EEA78AC7EE287ADC
:104D6000A0EE270A6CE710EE103A23F47F6323F0DD
:104D70000F0307EE103AA7EE478A70EE005A30EEA6
:104D8000070ADFED087A88EE005A9FED150AE5EE76
:104D9000667AD5EE867AB0EE406AA7EE666A77EE5E
:104DA000C67AAAE72EBD3BB3DB0FC93FCAF24971F1
:104DB000047F4F3A08EF1138ABAA2A3E461124BDB2
:104DC000A80A4E3E90B0A6BE2EC69D3D613330BFB0
:104DD0002D57014039D119C09999793F2EBD3B33E8
:104DE000DB0F493F10EE902A22F00041B1F1FF4F56
:104DF00010B5F0EE407A06D810EE100A20F000430D
:104E0000B3F1FF4F04D977EEA07AB0EE670A10BD78
:104E1000B2F17E5F03D1BDE8104000F035BA9417BF
:104E200004F0020444EAD07443B9022C5ED09FED32
:104E3000347A032C08BFF0EE477AE6E741B9DFED9C
:104E4000317A9FED317A0028B8BFF0EE477ADCE77F
:104E5000B1F1FF4F10D1B3F1FF4F04F1FF3407D18F
:104E6000022C46D8294B03EB8403D3ED007ACCE720
:104E7000022C41D8264BF6E7B3F1FF4FDFD05B1A87
:104E8000B3F1F45F4FEAE3511ADA002A01DA3C3158
:104E900019DB87EEA00AFEF78FFA00F0F5F9F0EEC5
:104EA000407A012C12D0022C17D0002CADD09FEDEF
:104EB000197A77EE877A9FED187A77EEC77AA4E7AA
:104EC000DFED107AEDE7DFED157AEAE717EE903ABD
:104ED00003F1004307EE903A97E79FED0E7A77EEE5
:104EE000877A9FED0D7A77EE677A8EE7DFED0A7AA3
:104EF0008BE7DFED0B7A88E7DFED087A85E700BF07
:104F0000DB0F49C0DB0FC93FDB0FC9BF04BE02087E
:104F1000F8BD02082EBDBB33DB0F49400000000086
:104F2000DB0F493FF0B510EE905A25F00040431ECC
:104F3000B3F1FF4F06D210EE103A23F00046B6F15F
:104F4000FF4F04D360EE200A80EEA00AF0BD864237
:104F5000FCDB03F0004405D1324B03EB547393EDBB
:104F6000000AF3E713F0FF4F40D132026FF07D01EA
:104F7000002A38DC15F0FF4F3ED107026FF07D02AA
:104F8000002F36DA11F17E0FB9BF6FF07D035B1A87
:104F9000C3F3160343F40003B8BF06FA03F312F198
:104FA0007E0FB5BF6FF07D05C5F31605AD1A45F44C
:104FB0000000B8BFA840891A1D1A01BB13EA2503D7
:104FC00038BF2B46002BC7D0B3F5000F1FDB12F103
:104FD0007E0F1FDBA3F500037F32234343EAC25356
:104FE00000EE103AB2E701395200C1E7F1157F39FE
:104FF000C0E7013A7F00C3E7C2157F3AC2E7002D40
:1050000002DA5B000139D7E7A6D06B00FAE75B0054
:10501000013AD9E7C2F1FF2202F57F028232134141
:105020002343DDE710BE0208F0B510EE106A884B8E
:1050300026F000459D4287B0044605D8002380ED48
:10504000000A4360002022E0824B9D423AD826F0BD
:105050000043002E9FED807A804A23F00F0318DD75
:10506000934270EE477A09BF9FED7D7ADFED7D6A4E
:10507000DFED7D6A77EEC77A37EEE67A77EEC77AAC
:1050800080ED007A77EEE67AC0ED017A012007B074
:10509000F0BD934270EE077A09BF9FED717ADFEDA4
:1050A000716ADFED716A77EE877A37EEA67A77EE6E
:1050B000C77A80ED007A77EEA67AC0ED017A4FF0DC
:1050C000FF30E4E7694B9D4273D8FEF775F99FED19
:1050D000687AF6EE007AE0EE077AFDEEE77AB8EE4F
:1050E000E77A17EE900ADFED5C7AA7EE670A1F28D1
:1050F000DFED5C7A67EE277AB1EE476A70EE676A99
:1051000016EE901A09DC5B4A471E26F0004352F85F
:10511000272023F0FF03934207D1C1F3C752C2EB0C
:10512000D552082A4FEAE55314DC216094ED007A49
:1051300030EE470A002E30EE670A84ED010AA6DA47
:10514000B1EE477AB1EE400A84ED007A84ED010AAF
:1051500040429CE7DFED425AF0EE406AE6EE256AF7
:1051600070EE667AE6EE257ADFED3F5AD7EE257AC5
:1051700076EEE75A15EE902AC2F3C7515B1A192B47
:1051800004DCC4ED005AB0EE660ACFE7DFED3A5A10
:10519000B0EE660AA6EE250A76EEC07ADFED376A33
:1051A000E6EE257AD7EE267A30EE677A84ED007A3D
:1051B000BCE7B5F1FF4F06D370EE407AC0ED017A3F
:1051C000C0ED007A3EE7EA15863AA5EBC25307EE3A
:1051D000903ABDEEE77ADFED2A6AB8EEC77A77EE4D
:1051E000C77A8DED037A67EEA67ABDEEE77AB8EE60
:1051F000C77A77EEC77A8DED047A67EEA67AF5EE78
:10520000407AF1EE10FACDED057A1ED1B5EE407A76
:10521000F1EE10FA0CBF012302231A490191022179
:10522000009103A8214600F017FD002EBFF62FAF16
:10523000D4ED007AF1EE677AC4ED007AD4ED017A0C
:10524000F1EE677AC4ED017A82E70323E5E700BF58
:10525000D80F493FE3CB1640800FC93FD00FC93F5D
:10526000004435374344353708A3852E800F494322
:1052700084F9223F18BE020800A3852E32318D2406
:105280000000804398BE020838B510EE105A25F091
:105290000044B4F1A14FF0EE407A10D3B4F1FF4FC7
:1052A00004D970EE007AB0EE670A38BDDFED4D7AB2
:1052B0009FED4D7A002DC8BFF0EE477AF3E74B4BD8
:1052C0009C4210D8B4F1445F0AD29FED497A30EE87
:1052D000077AF7EE006AB4EEE67AF1EE10FAE2DC55
:1052E0004FF0FF3313E0FEF767F8424B9C424FD874
:1052F000A3F5D0039C4241D8F0EE007ABFEE007ACD
:10530000A0EE277A002330EE270AC7EE007A5A1C57
:1053100027EEA76A9FED387ADFED385A9FED385AAD
:1053200066EE066AE6EE875A9FED367AA5EEA67A15
:10533000DFED355AE7EE265A9FED347AA5EEA67AD0
:10534000DFED335AE7EE265A9FED327AA6EE875A02
:105350009FED317AA5EE267A9FED305AA7EE265AB8
:105360009FED2F7AA5EE267A27EE267AA5EE867A8D
:1053700027EE877A21D177EEC77A94E7F7EE007AA5
:1053800030EE677A30EE270A0123C7EE007ABEE7D7
:10539000244B9C420BD8F7EE087AB7EE007AA0EEC9
:1053A000277A022370EE676AC6EE877AAFE7BFEE10
:1053B000007AC7EE007A0323A9E71B4A1B4902EBD8
:1053C000830201EB8303D3ED006A37EE667A002D8A
:1053D00037EE677AD2ED007A77EEC77AB8BFF1EE92
:1053E000677A60E7DB0FC9BFDB0FC93FFFFFDF3E16
:1053F000CAF24971FFFF973FD769853C59DA4B3DA7
:105400006BF16EBD356B883D6E2EBA3D2549123E5F
:10541000ABAAAA3E21A215BD95879DBD388EE3BDDE
:10542000CDCC4CBEFFFF1B40C0C10208B0C102087A
:1054300070B555EC104BC5F30A5106462B4691B991
:1054400025F0004323433DD0354B2046294600221A
:10545000DBF7E2F8334B9E4204460D460FDA28A3F1
:10546000D3E900231EE040F2FF7291420BD12246A5
:1054700020462946DAF71AFF04460D4622E00B467D
:10548000C1F30A5136394CF2503296420DDD002DEF
:105490001DA1D1E9000102DA1DA1D1E900011AA381
:1054A000D3E90023DBF7B8F8E6E7721840F2FE71A3
:1054B0008A42ECDC002A08DD23F0FF4323F4E003FA
:1054C00043EA025545EC104B70BD12F1350F08DA76
:1054D000002D0BA1D1E90001C1DA0FA1D1E9000132
:1054E000BDE723F0FF43363223F4E00343EA0255DD
:1054F00020460D4B29460022D4E700BFAFF30080C1
:1055000059F3F8C21F6EA5019C7500883CE4377EF4
:105510009C7500883CE437FE59F3F8C21F6EA581E4
:1055200000005043B03CFFFF0000903C10B52DED53
:10553000028BB0EE408AF0EE608A044602F002FD73
:10554000B0EE480AF0EE680ABDEC028B046010BDB4
:10555000034607B551EC100B83B1024601F100433D
:10556000CDE90023DDE90023DBF756F841EC100B11
:10557000222003B05DF804EBFFF7D8BF02460B46CC
:10558000EEE70000000000009FED010BFFF7E0BF19
:1055900000000000000000109FED010BFFF7D8BFD6
:1055A00000000000000000702DE9F04F2DED028B8F
:1055B000ADF5197D12F1140F06930491BE4BA49919
:1055C000089053F821300093069B03F1FF33A8BFE6
:1055D000D41E0593B2BF0024182394FBF3F46FF09C
:1055E000170304FB033303EB020B009B059A9FEDAB
:1055F000AE8B03EB0208A59BA71A20AE03EB87092D
:105600000025454513DD069B20AA02EBC3050DF5D9
:10561000E07A4FF00008009B984531DC9FEDA27BBB
:10562000DDF820908DED027B2F4600261BE0EF4237
:1056300007D459F82500DAF785FFE6E802010135BD
:10564000DFE751EC180BF8E7D7E90023F9E802018E
:10565000DAF7E2FF02460B46DDE90201DAF726FE41
:10566000CDE902010136059B9E42A7F10807EBDD5B
:105670009DED027B08F10108AAEC027B0835CAE720
:10568000009BDDF800800CAA02EB83030A93A59B24
:1056900003EB840309934FEAC8030B9398AB03EB26
:1056A000C80313ED287B8DED027B0CAC70AB03EBD4
:1056B000C805A146C246BAF1000FA5F1080577DC7E
:1056C00058469DED020BFFF7B3FE57EC106B00221E
:1056D0004FF07F5330463946DAF79EFF41EC100B0E
:1056E000FDF7AAFF754B51EC100B0022DAF794FF7F
:1056F00002460B4630463946DAF7D6FD0F460646D7
:10570000DBF73AFA0290DAF71DFF02460B46304605
:105710003946DAF7C9FDBBF1000F06460F466CDDCE
:1057200008F1FF310CAB029D53F82130CBF118008A
:1057300043FA00F2154482409B1A0CAA029542F8E3
:105740002130CBF1170243FA02F9B9F1000F64DD01
:10575000029B00220133029315466FF07F41904572
:1057600000F3B880BBF1000F07DDBBF1010F00F0C3
:10577000BF80BBF1020F00F0C680B9F1020F4CD11F
:1057800032463B464E490020DAF78EFD06460F466C
:10579000002D42D058469FED460BFFF749FE30469C
:1057A000394653EC102BDAF77FFD06460F4634E0FE
:1057B000444B0022DDE90201DAF72EFFDBF7DCF9CA
:1057C000DAF7C0FE404B002206460F46DAF724FF08
:1057D00002460B46DDE90201DAF766FDDBF7CCF99C
:1057E000D5E9002349F8040B39463046DAF75EFD67
:1057F0000AF1FF3ACDE902015DE707D108F1FF3375
:105800000CAA52F823304FEAE3599EE72F4B0022AF
:10581000DBF788F9002843D1814600220023304677
:105820003946DBF761F9002800F0BF8008F1FF334B
:10583000002200998B426EDA002A00F0898008F17C
:10584000FF380CABABF1180B53F82830002BF6D017
:1058500058469FED170BFFF7EBFD08F10103DA0047
:10586000059255EC104B70AADFF858B002EBC30755
:1058700046464FF0000A002E80F2CF804446002CAE
:10588000C0F2FD80124B1F4670AB03EBC4030693BE
:105890004FF0000A4FF0000B0026A8EB0405E2E0F1
:1058A0004FF0020954E700BF0000000000000000B4
:1058B000000000000000F03F10C20208000020407D
:1058C0000000F03F0000703E000070410000E03F2B
:1058D000D0C1020854F8043B45B923B1C3F1807329
:1058E00044F8043C012301321D4638E7CB1AF7E7A0
:1058F00008F1FF320CAB53F82230C3F316030CA9A6
:1059000041F8223039E708F1FF320CAB53F822306E
:10591000C3F31503F3E70CA951F82310013B0A4325
:1059200087E7013453F8042D002AFAD00B9B03F5C6
:1059300018730DEB0305069B20AA434408F10107E9
:10594000983D02EBC3064444BC4204DAA046A2E6FA
:105950000A9B0124E6E7099B53F82700DAF7F2FDDA
:105960009FEDB17BE6E802018DED027BDDF8209032
:10597000B2464FF00008059B984505DD9DED027B82
:105980000137A5EC027BDFE77AE90223F9E802019F
:10599000DAF742FE02460B46DDE90201DAF786FC41
:1059A00008F10108CDE90201E5E7CBF1000047EC81
:1059B000106BFFF73DFD55EC104B9D4B0022204630
:1059C0002946DBF7AFF800B39A4B00222046294660
:1059D000DAF722FEDBF7D0F80646DAF7B3FD944B90
:1059E0000022DAF719FE0B46024629462046DAF76E
:1059F0005BFCDBF7C1F80CAB0BF1180B43F828008C
:105A000008F1010843F8286022E720462946DBF721
:105A1000B3F80CAB43F828001AE70CAB53F8260098
:105A2000DAF790FD22462B46DAF7F6FD524667E993
:105A300002015B4620462946DAF7EEFD013E0446A8
:105A40000D4618E70699F1E802230691F7E80201EE
:105A5000DAF7E2FD02460B4650465946DAF726FCD5
:105A6000013682468B46009B9E4201DCB542E9DA54
:105A700048AB03EBC505C5E900AB013CFFE6A49BC1
:105A8000022B0BDC002B39DC5DD0029B03F00700FE
:105A90000DF5197DBDEC028BBDE8F08FA49B032BA7
:105AA000F3D1059B03F518730DEB0304A4F5A4745F
:105AB0002546C246BAF1000FA5F108056BDC454644
:105AC000012DA4F1080400F38780059C48AB1C4419
:105AD00000200021B8F1010F00F39C80DDE9487837
:105AE000DDE94A56B9F1000F40F0A680049BC3E9F6
:105AF0000078C3E90256C3E90401C6E7059D48AB37
:105B00001D44444600200021002C35DAB9F1000F75
:105B100038D0024601F10043049CC4E90023024648
:105B20000B46DDE94801DAF7BFFB4AAD0124A04589
:105B30002BDAB9F1000F02D001F100431946049BA2
:105B4000C3E90201A1E7059C48AB1C4400200021E9
:105B5000B8F1000F09DAB9F1000F02D001F10043EA
:105B60001946049BC3E900018FE774E90223DAF7C1
:105B70009DFB08F1FF38EBE775E90223DAF796FBA6
:105B8000013CC1E702460B46C6E7F5E80223DAF717
:105B90008DFB0134CBE795ED007B8DED007B95ED22
:105BA000027BDDE9000153EC172B8DED067BDAF764
:105BB0007DFB02460B4606460F46DDE90001DAF79B
:105BC00073FBDDE90623DAF771FB0AF1FF3AC5E959
:105BD0000201C5E900676DE794ED007BD4E902ABF3
:105BE00051EC170B52465B468DED007BDAF75EFBFE
:105BF00002460B4606460F46DDE90001DAF754FB84
:105C000052465B46DAF752FB013DC4E90201C4E9A2
:105C1000006755E774E90223DAF748FB08F1FF381B
:105C200058E700BFAFF30080000000000000000054
:105C3000000070410000703E049B049A1F6008F150
:105C400000445C609D6006F10043D36001F10043B5
:105C50001061536119E700BF2DE9F04F2DED048B62
:105C6000D9B090460190B94A669818F1040F52F8DD
:105C700020A00F4603F1FF3B27DBB8F1030248BF2A
:105C800008F10402D210551C67999FEDB47AE80020
:105C9000A2EB0B060290A8EBC5050AEB0B0C1CACA3
:105CA00001EB860E0020604511DD1CA901EB83008D
:105CB0000DF588794FF0000CD44527DCDDF804E0C1
:105CC000DFEDA67A0646002416E00022DBE7C64296
:105CD0005DBF5EF8201007EE901AF8EEE77AF0EE5E
:105CE000477AE4EC017A0130DDE7FEEC016A96EDDB
:105CF000007AE6EE877A01345C45A6F10406F4DD0D
:105D0000E9EC017A0CF1010C0430D5E708A901EBAC
:105D10008A0104916799DFED908A9FED8E9A01EBDD
:105D2000820203925446A200059258AA02EB840212
:105D300012ED140A44A908AA01EB840094462646F1
:105D4000002EA0F104004CDC2846CDE9062300F02B
:105D5000F5F9B0EE408AB4EE000A28EE000A00F031
:105D600053FAF2EE007AA0EE678A002DDDE90623F1
:105D7000FDEEC87A17EE909AF8EEE77A38EE678A69
:105D800041DD04F1FF3C08A9C5F1080E51F82C6073
:105D900046FA0EF0814400FA0EF0361AC5F10700FB
:105DA00041F82C600641002E3CDD4FF0000E09F159
:105DB00001097046744568DC002D03DD012D74D0A7
:105DC000022D7DD0022E2DD1B7EE000A30EE488A8A
:105DD00040B32846069300F0B1F9069B38EE408A9E
:105DE00020E060EE287A013EFDEEE77AF8EEE77AF1
:105DF000A7EEC90ABDEEC00AACEC010A90ED000A9C
:105E000037EE800A9CE705D1601E08A951F8206092
:105E1000F611C8E7F6EE007AB4EEE78AF1EE10FA72
:105E200031DA0026B5EE408AF1EE10FA40F09880A3
:105E3000601E002250454BDA002A65D0013C08ABB9
:105E4000083D53F82430002BF8D02846B7EE000A5E
:105E500000F074F9631C44AA9FED3F7A990002EBAD
:105E600083022346002B80F2A9802346002BC0F238
:105E7000C78044AA02EB8305DFF8D4C0DFED377A90
:105E80000020E21AB1E002268FE752F8041B48B95D
:105E900021B1C1F5807142F8041C01210EF1010EFF
:105EA000084687E7C1F1FF01F5E704F1FF3C08AAC6
:105EB00052F82C2002F07F0208A941F82C2081E73B
:105EC00004F1FF3C08AA52F82C2002F03F02F3E74D
:105ED00008A951F8201001380A43ABE7013250F805
:105EE000046D002EFAD0059901F5B0710DEB01009B
:105EF000E6181CA904F1010C4C3801EB860622447B
:105F0000624504DA14460EE704980122E7E7039994
:105F1000DDF804E051F82C10059107EE901AF8EE28
:105F2000E77A0024E6EC017ADFED0C7AB1465C45B5
:105F300004DDE0EC017A0CF1010CE1E7FEEC016A12
:105F400039ED017A0134E6EE877AF0E74CC20208B7
:105F500020C20208000080430000803B00000000D7
:105F6000029BB0EE480AA3EB080000F0E7F81FED33
:105F7000077AB4EEC70AF1EE10FA19DB5FED0A7A80
:105F800060EE277A08AAFDEEE77A0835F8EEE77AA0
:105F9000A7EEC70AFDEEE77ABDEEC00A10EE103A92
:105FA00042F8243017EE903A013442F824304CE79E
:105FB000BDEEC00A08AA10EE103AF6E708A850F89D
:105FC0002300019007EE900AF8EEE77A013B67EEB6
:105FD000807A20EE070A62ED017A43E7FCEC016A61
:105FE000B5EC017AE6EE877A0130504501DC824259
:105FF000F4DA58A800EB820242ED287A013B35E73B
:10600000669B022B09DC002B2BDC44D009F0070037
:1060100059B0BDEC048BBDE8F08F669B032BF5D126
:1060200030AA0B1F13441A4620460028A2F104028E
:1060300052DC2246012AA3F104035DDC30AB5FEDA4
:10604000397A0B44012C67DCDDED306A9DED317A45
:10605000002E67D1C7ED006A87ED017AC7ED027A9D
:10606000D4E730AB1FED437A0B442246002A24DAF2
:106070004EB3F1EE477AC7ED007ADDED307A77EE78
:10608000C77A31AA01239C4220DA0EB1F1EE677A79
:10609000C7ED017ABAE730AB5FED507A0B44002CC4
:1060A00005DA0EB1F1EE677AC7ED007AAEE733EDAF
:1060B000017A013C77EE877AF1E773ED017A013AD4
:1060C00037EE277AD2E7F0EE477AD4E7B2EC017ADE
:1060D000013377EE877AD6E7D2ED007AD2ED016A06
:1060E00037EEA67A013877EEC77A82ED007A77EE3E
:1060F000A67AC2ED017A98E7D3ED007AD3ED016A72
:1061000037EEA67A013A77EEC77A83ED007A77EE1A
:10611000A67AC3ED017A8DE733ED017A013C77EE83
:10612000877A8FE7F1EE666AB1EE477AC7ED006ACB
:1061300087ED017AF1EE677A90E700BF10EE103A32
:1061400033F000422BD0B2F1FF4F02D330EE000A01
:10615000704713F0FF4F23D1244BDFED257A98428F
:1061600020EE270A17DB10EE103AC3F3C752193A94
:106170004CF25031884215DDDFED1E7ADFED1E6AEC
:1061800010EE103AB0EE677A002BB8BFF0EE667AE8
:1061900027EE870A7047DFED197A27EE800A7047ED
:1061A000D20DE5E71044FE28E6DC002806DD23F0EA
:1061B000FF4343EAC05300EE103A704710F1160F48
:1061C00009DADFED0E7ADFED0E6A10EE103AB0EE6E
:1061D000677A002BD9E7193023F0FF4343EAC05315
:1061E0009FED080A07EE903AD7E700BFB03CFFFFEB
:1061F0000000004CCAF24971CAF249F16042A20D96
:106200006042A28D0000003310EE103AC3F3C75273
:106210007F3A162A23F000412BDC002A12DADFED48
:10622000197A30EE270AB5EEC00AF1EE10FA06DD53
:10623000002B24DA0029144B08BF4FF0004300EE76
:10624000103A7047114911410B42FAD0DFED0D7A37
:1062500030EE270AB5EEC00AF1EE10FAEFDD002BA2
:10626000BEBF4FF4000040FA02F29B1823EA01037C
:10627000E5E7B1F1FF4FE4D330EE000A70470023A9
:10628000DDE700BFCAF24971000080BFFFFF7F0059
:10629000002100F005BE70B504460D4645EC104BDC
:1062A000164602F0CFFE51EC100B7EB1C5F30A5337
:1062B000C3F16B03002B09DD1B0503F17F5500249F
:1062C00005F5401522462B46DAF7A6F941EC100BEE
:1062D00070BD0000000000002DE9F04F9FB00C469B
:1062E000179200221A9205904FF0000A4FF0000B0F
:1062F0000A46199211782B294AD038D80D2932D85C
:10630000082932D800293BD000220B92199D2A7807
:10631000302A40F0B3806A7802F0DF02582A6ED14A
:1063200002930B9B01931AAB00938E4A05981BAB0B
:1063300019A901F02DFF10F00F06044605D0062E16
:1063400028D10135002319950B93179B002B40F0A2
:106350008E850B9BCBB152460BF1004343EC102BC7
:106360001FB0BDE8F08F2029CED10132C1E72D2921
:10637000CAD101210B91511C19915278002AC5D123
:10638000179B1994002B40F0708552465B46E5E759
:106390000021EFE71A9A3AB135211CA802F04CFF10
:1063A0001A99059802F01AFB013E1B9A042E06D892
:1063B000DFE806F014031D201400DDE91CABE10545
:1063C00048BF4BF0004B2BF000431B0D1B05002B6F
:1063D000BBD101F0B7FD22230360B6E7DDE91CA3C2
:1063E00002F2334223F4801343EA025BE7E7DFF86B
:1063F0007CB1E4E76FF0004B4FF0FF3ADFE7199B09
:106400005A1C19925B78302BF9D0002B9DD00123B8
:106410000993199B0C93002308930A931F460A22A1
:1064200019980578A5F13003D9B2092928D94E4920
:10643000012200F014FF002832D000202A468146B5
:106440003D460346652A01D0452A14D11DB9099A53
:10645000024395D00025199C621C199262782B2A60
:1064600077D02D2A7BD04FF0000CA2F13001092902
:1064700040F2828019944FF00008A2E00023C7E7A1
:10648000082FD5BF0A99089902FB013302FB01339B
:1064900000F10100D4BF0A93089301371990BFE7B8
:1064A000199B5A1C19925A787FB381463D46A2F136
:1064B0003003092B12D90123C4E7199B5A1C1992E6
:1064C0005A780130302AF8D0A2F13103082B00F2BB
:1064D000D384199B0C93814600200546303A00F185
:1064E00001032AD0994400EB050C2B460A21634591
:1064F0000DD1691C01442844082816DC0A980A2397
:1065000003FB00230A93002318E03846DAE7082B40
:1065100003F1010303DC0A9E4E430A96E7E7102BC2
:10652000DEBF089E4E430896E1E70F28EBDC089893
:106530000A2303FB00230893E5E72946199A501C18
:106540001990527818460D46B1E74FF00009012323
:106550007DE74FF0000CA21C1992A27885E74FF05E
:10656000010CF8E77CC2020858C202080000F07F64
:10657000199A511C19915278302AF9D0A2F131019F
:1065800008293FF678AF303A0E92199A0F924FF0E1
:106590000A08199A561C19965278A2F1300EBEF1CB
:1065A000090F39D90F99761A082E44F61F6803DCB3
:1065B0000E998845A8BF8846BCF1000F01D0C8F1EC
:1065C0000008002D4ED1099908437FF4BEAE002B80
:1065D0007FF4D6AE692A28D025DC492A25D04E2A58
:1065E0007FF4CEAE9B4919A801F0F4FF00283FF4D8
:1065F000C7AE199B1B78282B2ED197491CAA19A826
:1066000001F0FCFF052827D11D9BDDF870A043F0A9
:10661000FF4B4BF4E00B98E60E9908FB0121A1F12A
:1066200030020E92B5E76E2ADAE78C4919A801F01C
:10663000D1FF00283FF4A4AE199B8949013B19A85A
:10664000199301F0C7FF10B9199B01331993DFF8B3
:1066500020B24FF0000A78E6824801F0B9FC5BEC0A
:1066600010AB72E6A8EB09030A980993002F08BF44
:106670002F46102D2C46A8BF1024D9F753FF092D03
:1066800082468B4613DC099B002B3FF45EAE099BD0
:1066900078DD162B5FDC744901EBC301D1E9000101
:1066A00052465B46D9F7B8FF82468B464DE66E4BA5
:1066B00003EBC40353E91223D9F7AEFF82460898CF
:1066C0008B46D9F72FFF02460B4650465946D9F75D
:1066D000EDFD0F2D82468B46D5DD099B2C1B1C44FE
:1066E000002C40F3968014F00F030AD05E4901EBB2
:1066F000C30152465B46D1E90001D9F78DFF8246BE
:106700008B4634F00F0473D0B4F59A7F48DD002433
:10671000A0460A94A146059ADFF854B122231360DB
:106720004FF0000A0A9B002B3FF40FAE1A99059810
:1067300002F054F90598494602F050F9059841468F
:1067400002F04CF90A99059802F048F9059821469B
:1067500002F044F9F9E5099AC5F125039342BCDB3F
:10676000414CC5F10F0504EBC50152465B46D1E92A
:106770000001D9F751FF099B5D1B04EBC504D4E967
:1067800000238FE71633A8DB374BA9EB080803EB90
:10679000C808D8E9002350465946DAF767F883E776
:1067A000324B089300232411504659461E46012CB3
:1067B00021DC0BB182468B462C49ABF1547B01EBBB
:1067C000C60152465B46D1E90001D9F725FF284BA7
:1067D0000A460B4027498B42824698D8A1F5801182
:1067E0008B4286BFDFF890B04FF0FF3A02F1547B46
:1067F000002308937AE0E20705D5089BD3E900233C
:10680000D9F70AFF0123089A08320136641008926A
:10681000CDE7EDD0644214F00F020AD0124B03EB27
:10682000C20350465946D3E90023DAF71FF88246DF
:106830008B462411DCD01F2C20DD0024A0460A94B6
:10684000A146059A22234FF0000A4FF0000B136077
:1068500068E700BF63C2020868C202085AC20208A1
:106860005DC20208ADC40208C8C50208A0C502087E
:106870000000F07F0000A07CFFFFEF7F14F010030A
:1068800018BF6A23A94E0893504659460023E207D1
:1068900004D5D6E90023D9F7BFFE0123641006F121
:1068A0000806F4D10BB182468B46089BB3B1CBF3FB
:1068B0000A52C2F16B03002B59460FDD1F2B55DD29
:1068C000342BDEBF4FF0FF33C2F14B0293404FF049
:1068D000000ACCBF4FF05C7B03EA010B00220023CF
:1068E00050465946DAF700F90028A6D10A9B0093D2
:1068F0000C9905982B463A4602F0D8F80A900028E1
:106900003FF405AF099A002AA9EB0803A8BF0023AA
:106910001293002422EAE2731693A0460A9B05987C
:10692000596802F01BF8814600283FF4F4AE0A9B38
:106930001A69023203F10C0192000C3001F039FBAC
:106940004BEC10AB05981CAA1BA9CDE90CAB02F0CF
:10695000E9FB1A9000283FF4DEAE0598012102F011
:106960003BF9804648B94FF00008D4E64FF0FF32BB
:1069700002FA03F303EA0A0AB0E71B9D1C9A002DF2
:10698000ABBF129B169B169E129FACBFEF185E1BEF
:10699000089BED1A1544664B013D9D42C2F136023B
:1069A00050DA5B1B1F2BA2EB03024FF001013DDC11
:1069B00001FA03F3139300231093BD18089BAF4211
:1069C00016441E443B46A8BF2B46B342A8BF3346DD
:1069D000002BC2BFED1AF61AFF1A129B002B16DD10
:1069E000414605981A4602F0B7F980460028BAD009
:1069F00001461A9A059802F005F90E9000283FF416
:106A00008AAE1A99059801F0E9FF0E9B1A93002DA2
:106A10001DDC099B002B23DD4946169A059802F0E0
:106A20009BF98146E0B94FF0000974E6C5F17F4556
:106A300005F57F0505F57B45E23501FA05F3109371
:106A40001391BAE70023109301231393B5E71A9922
:106A500005982A4602F0DAF91A900028D9D15AE6A8
:106A6000002E07DD49460598324602F0CFF98146EF
:106A70000028D8D0002F08DD414605983A4602F09C
:106A8000C5F9804600283FF446AE1A9905984A4653
:106A900002F044FA044600283FF43DAEC3680F9369
:106AA0000023C360414602F01DFA002846DA0F9B1E
:106AB00053EA0A036CD1CBF31303002B68D12BF0FC
:106AC00000431B0D1B05B3F1D66F61D9636913B980
:106AD0002369012B5CDD21460122059802F096F91D
:106AE0004146044602F0FEF9002851DD2BF0004338
:106AF000089A1B0D1B05002A6BD0B3F1D66F68D81E
:106B0000B3F15C7F7FF69DAE0A4B5046594600229A
:106B1000D9F782FD084B0B4082468B46002B7FF451
:106B200005AE059A2223136000E600BF90C202085A
:106B300002FCFFFF000050390000F07FCDF838B0B4
:106B400065D10F9ACBF313035AB39F4A93422BD1CB
:106B5000089B514603B39D4B5A461340B3F1D46F83
:106B60004FF0FF321BD81B0DC3F16B0302FA03F386
:106B7000994219D1964B0E9A9A4202D101313FF4B3
:106B8000CAAD924B0E9A1A4002F5801B4FF0000AD4
:106B9000089B002BB8D1C9E54FF0FF33E8E7134657
:106BA000E6E753EA0A03A1D0109BDBB10E9A134229
:106BB000EED00F9B089A50465946BBB1FFF76BFBCE
:106BC000DDE90C0153EC102BD9F770FB82468B46A4
:106BD000DEE7A3F580136FEA135B6FEA0B5B4FF000
:106BE000FF3AD5E7139B13EA0A0FE1E7FFF753FBE0
:106BF000DDE90C0153EC102BD9F756FB00220023E2
:106C000082468B46D9F770FF0028C1D019E641466D
:106C1000204602F0DFFA57EC106B00224FF0804361
:106C200030463946D9F774FF00286FD00F9B002BF0
:106C30007AD1BAF1000F58D10E9BC3F31303002B86
:106C40005AD1644B002230463946D9F757FF002805
:106C500059D130463946604B0022D9F7DDFC064653
:106C60000F4607F1004306960793DDE90623574DCB
:106C7000CDE910230E9B1D40584B9D4240F0B28041
:106C80000E9BA3F1547B4BEC10AB02F0DBF9DDE97A
:106C9000062351EC100BD9F7BFFC52465B46D9F7DF
:106CA00005FB0B4649494E4A19409142824642D95A
:106CB0000D9A474B9A4203D10C9B01333FF42BAD05
:106CC000DFF80CB14FF0FF3A1A99059801F086FEF3
:106CD0000598494601F082FE0598414601F07EFE86
:106CE0000598214601F07AFE18E6BAF1010F03D1AA
:106CF0000E9B002B3FF4A5AD9FED2B7B354F8DED0B
:106D0000067B0026B1E7344F0026AAE7324B304617
:106D100039460022D9F780FC0F9B06460F46002B10
:106D20009FD0CDE90667A0E79FED217B8DED067B27
:106D300057EC176B99E703F1547B089BCDF838B0FB
:106D4000002BC1D12BF000431B0D1B059D42BBD175
:106D500030463946DAF710F8D9F730FC02460B46D0
:106D600030463946D9F7A0FA0B460246CDE90C2346
:106D7000CBF313060F9B46EA0A061E436FD00EA301
:106D8000D3E90023D9F7BAFE00287FF4CFAC0CA3D7
:106D9000D3E90023DDE90C01D9F7CEFE002893D01A
:106DA000C4E400BFAFF30080000000000000F0BFAB
:106DB000000000000000F03F9535A094FFFFDF3F8A
:106DC00035E5AF350000E03FFFFF0F000000F07F2A
:106DD000FFFFEF7F0000F03F0000E03F0000E07F9A
:106DE000FFFF9F7C089B23B3B5F1D46F21D828A364
:106DF000D3E9002330463946D9F78AFEA0B1394697
:106E00003046D9F7E1FE012838BF0120D9F78AFBC7
:106E10000F9B06460F46FBB901F1004314901593F2
:106E2000DDE91423CDE91023119B03F1D6635B1B2D
:106E300011939DED0C0BDDE910AB02F003F9504608
:106E400053EC102B5946D9F7E7FBDDE90C23D9F7B2
:106E50002DFA82468B4670E7CDE91467E0E70EA372
:106E6000D3E90023D9F74AFE98E700230B93179A3A
:106E7000199B1360FFF76DBA652A3FF466AB452A8C
:106E80003FF463AB0123FFF79EBB00BFAFF300806D
:106E90000000C0FFFFFFDF419535A094FFFFCF3F0B
:106EA0000A4601460248034B0068FFF715BA00BFC7
:106EB00038040020CC020020242B2DE9F047864620
:106EC000904601D8012B06D101F03CF8162303604F
:106ED0000020BDE8F08734480D462A4615F8014BDE
:106EE000065D16F00806F8D12D2C2DD12C78012640
:106EF000951C33F0100209D1302C2AD12A7802F0E7
:106F0000DF02582A25D16C781023023506F1004C97
:106F10000CF1FF3C0022BCFBF3F9104603FB19CA3D
:106F2000A4F13007092F1BD83C46A34227DD571C8C
:106F300007D0814520D301D1A2451DDB00FB0340D2
:106F4000012215F8014BEBE72B2C04BF2C78951C84
:106F5000CFE7002BDAD1302C0CBF08230A23D5E76A
:106F6000A4F14107192F01D8373CDEE7A4F16107EE
:106F7000192F04D8573CD8E74FF0FF32E1E7531CF4
:106F800008D12223CEF800306046B8F1000FA0D01F
:106F9000691E06E006B14042B8F1000F99D0002A00
:106FA000F6D1C8F8001094E7B9C20208FFF784BF11
:106FB00013460A46014602480068FFF77DBF00BF3E
:106FC00038040020002310B50446C0E90033C0E9AE
:106FD0000433836081814366C2818361194608223C
:106FE0005C3000F016F90D4B63620D4BA3620D4B44
:106FF000E3620D4B23630D4B24629C4206D003F1E8
:107000006802944202D0D0339C4205D104F158006A
:10701000BDE8104000F0C0BF10BD00BF897102087C
:10702000AF710208E77102080B72020818650120AF
:10703000024A0349034800F069B800BFB8020020C3
:10704000A19A02083C04002041680C4B994210B5FB
:10705000044601D002F024FDA168094B994202D0F8
:10706000204602F01DFDE168064B994204D02046FF
:10707000BDE8104002F014BD10BD00BF186501202E
:1070800080650120E865012010B50B4B0B4C0C4AC4
:107090001A60204600220421FFF794FF04F16800E3
:1070A00001220921FFF78EFF04F1D0000222BDE882
:1070B00010401221FFF786BF50660120186501209D
:1070C00031700208014800F069BF00BF7F660120EF
:1070D000014800F065BF00BF7F66012010B504467F
:1070E000FFF7F0FF236A1BB1BDE81040FFF7F0BFC8
:1070F000044B2362044B1B68002BF5D1FFF7C4FF40
:10710000F2E700BF49700208506601202DE9F843FC
:107110000746884614460026D4E90195B9F10109CD
:1071200005D52468002CF7D13046BDE8F883AB893B
:10713000012B07D9B5F90E30013303D02946384663
:10714000C04706436835E9E70EB400B59CB01DABF7
:10715000029006906FF00041094807910491094997
:1071600053F8042B05910068019302A902F08AF9F3
:10717000029B00221A701CB05DF804EB03B070474C
:10718000380400200802FFFF10B50C46B1F90E10BC
:1071900000F0B4FE0028ABBF636DA3891B1823F475
:1071A0008053ACBF6365A38110BD002070472DE9FB
:1071B000F0411F468B89DB0505460C46164605D572
:1071C000B1F90E100223002200F086FEA389B4F963
:1071D0000E1023F48053A38132463B462846BDE877
:1071E000F04100F09DBE10B50C46B1F90E1000F054
:1071F00073FE431CA38915BF606523F4805343F4D9
:107200008053A38118BFA38110BDB1F90E1000F007
:1072100053BE02440346934200D1704703F8011B5A
:10722000F9E7C9B20346184613F8012B12B18A4296
:10723000F9D17047002918BF0020704770B5034688
:107240001E4613F8014B44B14A1E01E0A54204D08A
:1072500012F8015F002DF9D1F2E7301A70BD10B5B8
:107260006AB10139841810F8012B11F8013F9A42D4
:1072700003D1A04201D0002AF5D1D01A10BD10468A
:10728000FCE710B50139034632B111F8014F03F89C
:10729000014B013A002CF7D11A440021934200D14E
:1072A00010BD03F8011BF9E72DE9F0414D4A0C46EA
:1072B0000023D0E90001D9F7F7FC002ABCBF02F592
:1072C000A83202F5C0724FF4616100F52F20B2FBC5
:1072D000F1F301FB13224FF03C01ACBF00F66C2030
:1072E00000F66B20A360B2FBF1F301FB1322636095
:1072F0002260C31C072293FBF2F2C2EBC2029B1A6C
:1073000048BF07330028A361B8BFA0F50E33364944
:10731000AEBF90FBF1F1A3F52C7393FBF1F1334B6E
:1073200003FB010048F6AC63B0FBF3F3034440F207
:10733000B45CB0FBFCF29B1A40F26D172C4AB0FB18
:10734000F2F264269B1AB3FBF7F2B3FBFCF3B2FB39
:10735000F6F5EB1A034407FB1233992003EB83077E
:10736000023703F1010EB7FBF0FC00FB0CF002301A
:107370004FF00508B0FBF8F0AEEB000040F2F95E0C
:1073800077458CBF6FF00907022767444FF4C87C2C
:107390000CFB0121012F98BF0131B3F5997F0CD36C
:1073A000A3F59973E361A1F26C710023E060C4E975
:1073B000047123622046BDE8F08112F0030F02D170
:1073C00006FB15255DB94FF4C875B2FBF5F605FB54
:1073D0001622B2FA82F252093B331344E2E7012249
:1073E000FAE700BF80510100B13A02004FC5FDFF2E
:1073F000B03A0200F7B501683B29044611D93C2296
:10740000684600F00BFE019A63680099002A0B445D
:107410006360BBBF3C3203F1FF3322602260B8BF20
:10742000636061683B2911D93C22684600F0F6FD93
:10743000019AA3680099002A0B44A360BBBF3C32A9
:1074400003F1FF3362606260B8BFA360A1681729CF
:1074500011D91822684600F0E1FD019AE36800990D
:10746000002A0B44E360BBBF183203F1FF33A26074
:10747000A260B8BFE36021690B2911D90C226846CC
:1074800000F0CCFD019A63690099002A0B44636106
:10749000BBBF0C3203F1FF3322612261B8BF6361CD
:1074A00063699A071CD1642193FBF1F201FB12324C
:1074B000C2B903F26C734FF4C87293FBF2F102FB92
:1074C0001133002B14BF1C231D23E268002A0BDCA0
:1074D000314D0B206421E668002E30DD03B0F0BD95
:1074E0001C23F2E71D23F0E72B4DD4E90312012AF8
:1074F00014BF55F8220018468142EFDD0132091A07
:107500000C2AE1602261F0D1636900215A1C2161DB
:10751000910762613CD1642192FBF1F001FB1022E2
:10752000002A37D103F26D734FF4C87293FBF2F166
:1075300002FB1133002B14BF1C231D23D5E7226946
:10754000013A2261013216D163695A1E9707C4E9D4
:10755000040219D192FBF1F701FB1722B2B903F231
:107560006B734FF4C87293FBF2F702FB1733002BD7
:1075700014BF1C231D232269012A14BF55F82220A1
:107580001A463244E260A6E71C23F4E71D23F2E723
:107590001C23AAE71D23A8E7ECC302082DE9F04F3E
:1075A00085B0074602F0FAFA81463846FFF722FF17
:1075B000D7E900433C2202FB0344BB687D694FF4DA
:1075C000616202FB0344D7E90363C14A52F82320F6
:1075D000013E012B164411DDA9070FD1642295FB52
:1075E000F2F302FB135343B905F26C734FF4C87204
:1075F00093FBF2F102FB113303B9013605F51C537D
:10760000103344F620629342FE6100F26781462DFA
:1076100040F38E80462340F26D1C64214FF4C87005
:107620009A077FD193FBF1F201FB1232002A7CD141
:1076300003F26C7292FBF0FE00FB1E22002A14BFC4
:1076400062464FF4B77201339D421644E8D1A14B14
:107650004FEAE478C6FB034800F0FAF900F004FAB8
:107660009D4B1B68002B00F04081D7F820A0786963
:107670005346012BA8BF01230193D9F8043000F22F
:107680006C70834240F09680D9E90821D9F8500007
:10769000D9F84CC0131A0393D9F848300293029AD0
:1076A000D9F8283061EBE07BB2EB030E6CEBE371B1
:1076B000744578EB010280F28580D9F80020002A19
:1076C00000F08D80039A944278EB0B02C0F20A819D
:1076D000744578EB0101B4BF4FF0010B4FF0000B84
:1076E000BAF1000F80F28780BBF1010F40F0FF80FC
:1076F000D9F850301C1948EBE3784FF0010B00F03B
:10770000ADF90436072396FBF3F3C3EBC303F61A74
:1077100000F1DB80C7F820B0BE612046414605B0CD
:10772000BDE8F08F40F26D128DE74FF4B7728AE733
:107730008DD0452340F26D1C64214FF4C87012E0D7
:1077400062BB93FBF1F201FB123252BB03F26C728B
:1077500092FBF0FE00FB1E22002A14BF62464FF48B
:10776000B772B61A013B9D4203F00302E8DBDAB9B7
:10777000642295FBF2F302FB1353C3B905F26C7359
:107780004FF4C87293FBF2F102FB1133002B40F26D
:107790006D1308BF4FF4B773F61A58E740F26D1235
:1077A000DFE74FF4B772DCE740F26D13F4E74FF414
:1077B000B773F1E700F0A2F800287FF465AFDDF8B9
:1077C00004B091E7029A121A02924FEAE0726CEB4F
:1077D000020C029A944278EB0C0CF0DB6DE7039AF2
:1077E000944278EB0B02FFF673AFBAF1000FFFF68D
:1077F0007FAF4FF0010B019A82EA0B02012A7FF45E
:1078000073AFBBF1000F35D01B1A3A68D7F80CA044
:107810001A441C193A60384648EBE378FFF7EAFD52
:10782000FA68B2EB0A023FF45FAF012A24DC931C32
:10783000D8BF0122FB69D31827D56B1E98071ED12C
:10784000642193FBF1F001FB1033DBB94FF4C873F3
:1078500005F26B7595FBF3F103FB1155002D40F21A
:107860006D1318BF4FF4B673FB6116443CE74FF03D
:10787000000BC0E7C31AC8E74FF0FF32DAE74FF456
:10788000B673F1E740F26D13EEE7A90717D1642054
:1078900095FBF0F100FB1151A1B94FF4C87105F24D
:1078A0006C7595FBF1F001FB1055002D40F26D1148
:1078B00008BF4FF4B7718B42A8BF5B1AD4E740F200
:1078C0006D11F8E74FF4B771F5E7073622E700BF0F
:1078D000BCC3020880510100746601204FF0FF34E0
:1078E000A0461AE7BAF1000FC1DA4FF0000BD9F841
:1078F00028301C1948EBE37801E700BF2DE9F04779
:10790000044602F04BF940F2B1739C4240F3998077
:107910006FF4F667E519A4F2B27340F26D12AD1080
:1079200002FB03556FF4C86C6FF06302A4F26D7331
:10793000454F93FBF2F31D444FF4C87204EB0C0364
:107940004460B3FBF2F301461D4400F1500C0B7A86
:107950004A694A2B33D1A60705EB020306D14FF043
:10796000640E94FBFEF60EFB164636B94FF4C87E45
:1079700094FBFEF60EFB1646FEB93B2AD4BF00224E
:1079800001221344013B8A69D617C3FB07268B6A81
:10799000D21846EBE373C1E9082328318C45D6D1D0
:1079A000D0E90843D0E912128C429341B4BF0123BD
:1079B000002303600120BDE8F0870022E1E7442BAB
:1079C00001D1AB18DFE7A30705D1642694FBF6F3DA
:1079D00006FB13437BBB4FF4C87394FBF3F603FB26
:1079E0001646B6FA86F67609DFF860E0D1F80C9014
:1079F0004FF0300A2B464FF000080AFB06E608F16C
:107A00000108C14556F828E017DC03F104080726F1
:107A100098FBF6F6C6EBC606A8EB0606921B0E69A7
:107A200006F1FF3648BF0732C6EBC6063244724540
:107A300005DA1344A7E70126D6E77344DFE7073AE0
:107A4000F5E70020B7E700BF80510100C0C602087B
:107A5000014800F0A2BA00BF7C660120014800F096
:107A60009EBA00BF7C660120014B186800F002B886
:107A7000380400202DE9F04F8DB0074602F08EF853
:107A8000BC49BD4D0446384600F090FE064610BB8A
:107A9000BA4BBB4A1860BB4BA0621860BA4B20655A
:107AA000C3E900224A2100220023C4E90300C4E9FB
:107AB0000500C4E90D00C4E90F00C4E90823C4E9C6
:107AC00012232868217284F8301000F07FFE2E60A7
:107AD0000DB0BDE8F08F2968002940F08E8028683D
:107AE00000F074FE3046D8F77DFB411C384600F0AC
:107AF00097FE2860002840F08680A24ADFF888823E
:107B0000DFF878A200231360A04ACAF800300020F2
:107B10000021C8E90022C4E90333C4E90533C4E9FC
:107B20000801C4E90D33C4E90F33C4E912014A2244
:107B30002272A36284F83020236533783A2B08BF81
:107B4000013633783C2B62D1751C914A91490AABBE
:107B5000284601F0DFFF0028BADD0A9BDA1E072A5B
:107B6000B6D8EB5C3E2BB3D102360A9BF518F35C1A
:107B70002D2B5AD101354FF0FF390023ADF81E30BF
:107B8000ADF8203008AF0AABCDE9013703930DF112
:107B90001E03009380490AAB07AA284601F0BAFFEA
:107BA000002895DDBDF81E30BDF820603C2202FBA8
:107BB0000366BDF81C304FF4616202FB03660A9B4A
:107BC00009FB06F605EB0309EB5C3C2B40F0EE806D
:107BD00009F10105714A6F490AAB284601F09AFF85
:107BE000002828DC99F801303E2B24D1684BA6628E
:107BF000C8E90033CAF800606AE7D8F7E9FA002854
:107C00007FF46DAF64E7314600F0CBF975E7604A69
:107C100063490AAB304601F07DFF00287FF758AF7B
:107C20000A9B033B072BA0D952E72B2B08BF01353A
:107C30004FF00109A1E70A9BDA1E072A3FF648AF79
:107C4000EB5C3E2B7FF444AF09F102090A9B09EB80
:107C5000030519F803302D2B40F0B78001354FF0A4
:107C6000FF390023ADF81C30ADF81E30ADF82030E0
:107C70000A930AABCDE9027301930DF11E03009341
:107C800045490AAB07AA284601F044FF002800F343
:107C9000A280A6F5616304930A9B27461D444FF01A
:107CA000000B2B782C2B08BF013595F80090B9F10B
:107CB0004D0F40F0A3800AAB0DF12602CDE9013251
:107CC00009AA0092374903930DF12202284601F0D8
:107CD00021FF03287FF4FCAEBDF822104B1E0B2BB6
:107CE0003FF6F6AEBDF82420531E042B3FF6F0AE4F
:107CF000BDF82630062B3FF6EBAEC7E9031287F836
:107D000008907B610A9B05EB030900254FF00203F5
:107D1000ADF81C30ADF81E50ADF820500A9599F81A
:107D200000302F2B40F096800AAB08AACDE9013233
:107D30000DF11E0200921C49039307AA484601F068
:107D4000E9FEA84200F386804A2100220023C4E90C
:107D50000355C4E90555C4E90823C4E90D55C4E930
:107D60000F55C4E912232172A56284F830102565ED
:107D7000AEE600BF1CC402085466012070660120F4
:107D80001FC4020874660120C4020020ADC40208AA
:107D90006466012023C4020858C402085866012002
:107DA00036C4020844C4020857C402083E4A3F4988
:107DB0000AAB484601F0AEFE00287FF717AF0A9BDA
:107DC000033B072B7FF642AF82E62B2B08BF013522
:107DD0004FF0010945E7BDF81E20BDF820303C21D9
:107DE00001FB0233BDF81C204FF4616101FB02333B
:107DF00009FB03F34FE74FF0010B52E7B9F14A0FCC
:107E000006BF01354B4644230A220BA92846059399
:107E100001F0C6FADDF82C90059BADF82600A945C7
:107E200014D14D23BBF1000F07D12372032102238C
:107E3000C4E90313C4F814B067E784F830300B22A8
:107E40000123C4E90D230023E3635EE780B23B72A4
:107E500078615AE7BDF81E20BDF820303C2101FBB7
:107E60000233BDF81C204FF4616101FB0233BB619A
:107E70000A9D28374D44BBF1000FBCD0049B2365FD
:107E80000B4BC8F800306068074BA662C8F8043096
:107E9000FFF734FDA26A236DCAF800209B1A054A39
:107EA00018BF0123136013E65866012036C4020888
:107EB000646601207466012038B5064D002304462F
:107EC00008462B60DAF722FF431C02D12B6803B16E
:107ED000236038BD7866012038B5074D0446084652
:107EE000114600222A601A46DAF737FF431C02D1F6
:107EF0002B6803B1236038BD7866012038B5074D83
:107F000004460846114600222A601A46DAF7C5FEE2
:107F1000431C02D12B6803B1236038BD7866012071
:107F200038B5074D04460846114600222A601A4615
:107F3000DAF7D0FE431C02D12B6803B1236038BDB1
:107F400078660120014B1868704700BF3804002094
:107F500070B50D4D0D4C641BA4100026A64209D12E
:107F60000B4D0C4C02F0B8FC641BA4100026A6427A
:107F700005D170BD55F8043B98470136EEE755F83A
:107F8000043B98470136F2E748C7020848C7020891
:107F900048C702084CC702087047704770477047CF
:107FA0007047034611F8012B03F8012B002AF9D181
:107FB00070470A44914200F1FF3300D1704710B579
:107FC00011F8014B03F8014F9142F9D110BD0000A7
:107FD0009FED010B704700BF000000000000F87F1C
:107FE0001FB514461A46094B1B680546D86854B994
:107FF000074B1C46CDE9013400912B46054901F0A1
:1080000077FD01F0DFFD044BF4E700BF38040020EA
:10801000ADC402087FC4020872C4020810B591FB07
:10802000F2F402FB14110460416010BD38B505463E
:10803000002941D051F8043C0C1F002BB8BFE418B4
:1080400000F080FC1D4A136833B963601460284651
:10805000BDE8384000F07CBCA34208D92068211854
:108060008B4201BF19685B6809182160EDE71A4669
:108070005B680BB1A342FAD911685018A0420BD12A
:1080800020680144501883421160E0D118685B6891
:10809000536008441060DAE702D90C232B60D6E75E
:1080A000206821188B4204BF19685B68636004BFB5
:1080B000091821605460CAE738BD00BF84660120FA
:1080C0000369B3EB611F2DE9F0434FEA611200F140
:1080D000140445DD11F01F0104EB830604EB820557
:1080E0000CD100F110072946B14234D39B1A9B00F2
:1080F000EA1E964238BF0023234415E054F822704C
:10810000C1F12008CF4005F1040EA1467645F446A2
:1081100015D89A1A9200043A0135AE4238BF0022AF
:10812000A318A75007B104331A1BA3424FEAA202B7
:1081300008BF0023026108BF4361BDE8F083DCF89B
:1081400000C00CFA08FC4CEA070749F8047B5EF80B
:10815000047BCF40DAE751F804CB47F804CFC3E7FC
:108160002346E1E7A0F13003092B02D82038C0B242
:108170007047A0F16103052B01D84738F7E7A0F15C
:108180004103052B01D82738F1E700207047000094
:108190002DE9F04F85B08A4602930B680190904616
:1081A0009C1CA14614F8010B3028FAD0A9EB03035C
:1081B000A3F1020BFFF7D6FF0546002868D1A049BE
:1081C00001224846FFF74BF80746002867D199F887
:1081D00001002646FFF7C6FF002862D02346187824
:1081E0003028994603F10103F9D0FFF7BBFFB0FA3D
:1081F00080F56D094FF0010B4A4616460132307882
:10820000FFF7B0FF0028F8D18D4901223046FFF773
:1082100026F800283FD144B9741C22461646013284
:108220003078FFF79FFF0028F8D1A41BA700337810
:1082300003F0DF03502B3ED173782B2B33D02D2B43
:1082400034D0711C00240878FFF78CFF431EDBB28A
:10825000182B30D8A0F1100211F8010FFFF782FFA0
:1082600000F1FF3C5FFA8CFCBCF1180F4FF00A03E1
:108270001ED904B152421744CAF80010EDB1BBF147
:10828000000F0CBF06250025284605B0BDE8F08F7D
:1082900000252C46B0E7002CC7D12746C7E74E463D
:1082A0002F460125C3E70024B11CCCE70124FBE7DE
:1082B00003FB0200CEE73146DEE7A6EB0903013BF4
:1082C0002946072B0ADC019800F048FB044640B918
:1082D0005C4B0246E4215C48FFF782FE01315B10F3
:1082E000EFE700F1140A002355469B46B14537D30A
:1082F00045F804BBA5EB0A05AD102561584600F012
:108300001FFC6D01D8F800602D1AB54254DDAD1B7D
:108310002946204600F0B3FF814678B16B1E591103
:1083200003F01F025AF821104FF0010909FA02F276
:108330000A4203D04B4536DC4FF00209294620465D
:10834000FFF7BEFE2F44D8F80830BB4242DA01984E
:10835000214600F043FB0E9A00231360A32593E708
:1083600016F8012D2E2A12D0202B04D145F804BB7B
:108370004FF0000B5B4630780393FFF7F3FE039B4F
:1083800000F00F0098404BEA000B0433AEE7B14514
:10839000EAD82B49039301223046FEF760FF039B86
:1083A0000028E1D1A2E7A91E204600F068FF0028BE
:1083B000C2D04FF00309C1E709DA751B21460198C5
:1083C0002A4600F023FD7F1B044600F1140A4FF0FB
:1083D0000009B8E7D8F80450BD426FDDED1BAE428E
:1083E00034DCD8F80C30022B22D0032B24D0012B04
:1083F00015D1AE4213D1012E0BD1029AD8F8043018
:10840000136001232361CAF800300E9B62251C60B3
:108410003AE7711E204600F032FF0028EDD10198A6
:10842000214600F0DBFA0E9A0023136050252BE75B
:108430000F9B002BF3D1E0E70F9B002BDDD1EEE784
:1084400058C20208AEC40208BFC402086F1EB9F1C8
:10845000000F30D127B13946204600F010FF814689
:108460007A1101235AF8222007F01F07BB4013425C
:108470002946204618BF49F00209FFF721FED8F827
:108480000470761B0225B9F1000F47D0D8F80C30E4
:10849000022B15D0032B17D0012B09D119F0020F95
:1084A00006D0DAF8003049EA030919F0010F0ED1BD
:1084B00045F0100532E04FF00109D1E70125E2E770
:1084C0000F9BC3F101030F930F9B002BF0D0D4F847
:1084D00010B004F114034FEA8B0A03EB8B014FF049
:1084E000000C184653F8042BB2F1FF3F1BD00132A9
:1084F0000260022D04F114033CD1D8F80020013AA7
:10850000B24209D17111012253F8213006F01F0641
:1085100002FA06F61E423AD145F020050E9B1C6079
:10852000029B1F60B0E6994243F804CCD9D8A368F7
:108530009B4517DB61680198013100F00FFA814615
:1085400018B91A4B02468421C5E62269023204F1A9
:108550000C0192000C30FFF72CFD2146019800F031
:108560003DFA4C4623695A1C04EB83032261012225
:108570005A61BEE722695A450BDD01212046FFF70B
:108580009FFDD8F808300137BB42FFF6E0AE012569
:10859000C2E716F01F06FAD05344C6F1200653F87E
:1085A000040C00F0CDFAB042E7DBF0E7AEC40208FD
:1085B000C2F10802920070B5C2F120064368046857
:1085C00003FA06F52C43D340046040F8043F884288
:1085D000F4D370BD30B50368013311F8014B14B901
:1085E0000360012030BD13F8012BA2F14105192DC4
:1085F00098BF2032A242F0D00020F3E72DE9F04FDF
:108600000B6801685E1102EB860613F01F0387B04A
:1086100018BF04360025371F82469046019346F85E
:10862000045CB9463C460295AB464A784B1C039322
:1086300042B3104605910492FFF794FD002851D1F2
:10864000049A0599202A18D8029B9B4513DD4C45B6
:1086500006D2072D04DC2A4649462046FFF7A8FF2C
:10866000444552D90023A4F1040944F8043CCDF850
:1086700008B04C461D460399D7E7292A57D1023145
:10868000CAF80010BBF1000F51D04C4506D2072D9F
:1086900004DC2A4649462046FFF78AFF444536D97E
:1086A000A8F10402234653F8041B42F8041F9F421A
:1086B000F9D23B1B23F0030304330134033EB442DD
:1086C00088BF04234344002243F8042B9F42FBD27B
:1086D0003B681BB9474528D101233B60052007B003
:1086E000BDE8F08F0135082D0BF1010B06DD444587
:1086F000C1D9002344F8043C0125043C226800F061
:108700000F0040EA02102060B5E70825B3E7019B9F
:10871000002BDDD0C3F120034FF0FF32DA4056F8D2
:10872000043C134046F8043CD2E7043FD0E7042061
:10873000D5E700002DE9F84FDFF86CA00646894622
:10874000174601F05BFADAF8004034B14B46984620
:1087500013F8012B3AB13D2AF9D1304601F054FA11
:108760000020BDE8F88FA8EB0908A34654F8040BD5
:108770000028F2D042464946FEF771FD0028F4D1A8
:1087800054F8043C03EB080513F808303D2BECD1FA
:10879000DAF80030ABEB03039B1030463B6001F08E
:1087A00033FA681CDDE700BF3402002007B501AAD8
:1087B000FFF7C0FF03B05DF804FB0000024B014669
:1087C000186800F02DB800BF38040020024B0146A5
:1087D0001868FFF72BBC00BF3804002070B50F4E9F
:1087E0000C463168054611B901F0DCF930602146CC
:1087F000284601F0D7F9431C03D14FF0FF3420463F
:1088000070BDC41C24F00304A042F8D0211A2846ED
:1088100001F0C8F90130F2D1EFE700BF8066012016
:108820002DE9F843CD1C25F0030508350C2D38BF84
:108830000C25002D064601DBA94204D90C23336028
:108840000020BDE8F883DFF8D48000F07BF8D8F88A
:1088500000301C4644BB29463046FFF7BFFF431C8F
:10886000044658D1D8F800402746002F43D1002CA9
:108870004BD023683946304604EB030901F092F9E6
:10888000814542D121686D1A29463046FFF7A6FF7F
:1088900001303AD023682B442360D8F800305A685E
:1088A00062BBC8F800700FE02268521B20D40B2A6C
:1088B00017D96119A342256018BF5960636808BFC2
:1088C000C8F8001062514B60304600F041F804F1E6
:1088D0000B00231D20F00700C21A1CBF1B1AA35057
:1088E000AFE76268A3420CBFC8F800205A60EBE70C
:1088F00023466468AEE73C467F68B6E71A465B6885
:10890000A342FBD100235360DEE70C2333603046E3
:1089100000F01EF894E70560D6E700BF84660120EA
:1089200082B001B901A942B14BB113780B60127842
:10893000101E18BF012002B070471046FBE76FF011
:108940000100F8E70148FFF729BB00BF7E66012060
:108950000148FFF725BB00BF7E66012070B5C669E0
:1089600004460D4676B91020FFF728FF0246E06165
:1089700020B9184B18486B21FFF732FBC0E901669C
:108980000660C660E669F36883B1E369DB6853F8A3
:108990002500B8B9012101FA05F6721D92002046A2
:1089A00001F017F960B1C0E901560EE0212204215F
:1089B000204601F00EF9E369F060DB68002BE4D19A
:1089C000002070BD026843F825200023C0E903336E
:1089D000F7E700BF1FC5020836C5020870B5C669B3
:1089E00005460C4676B91020FFF7E8FE0246E8611E
:1089F00020B9094B09488F21FFF7F2FAC0E9016657
:108A00000660C6603CB1EB696268DB6853F822100F
:108A1000216043F8224070BD1FC5020836C5020818
:108A20002DE9F0410D6907460C461E4601F1140C74
:108A30000020DCF8003099B202FB01611E0C0B0C27
:108A400002FB063389B2013001EB034185424CF849
:108A5000041B4FEA1346ECDC0EB3A368AB4219DCEF
:108A6000616838460131FFF779FF804628B9024630
:108A70000C4B0D48BA21FFF7B3FA2269023204F118
:108A80000C0192000C30FFF794FA21463846FFF7AC
:108A9000A5FF444604EB850301355E612561204650
:108AA000BDE8F081AEC4020836C502082DE9F843DE
:108AB0000C4615461F4609220833064693FBF2F37F
:108AC000002101229A4209DB3046FFF747FF40B9F7
:108AD0000246194B1948D321FFF782FA520001319F
:108AE000F0E7089B4361092D4FF00103036116DD98
:108AF00004F10909C8462C4418F8013B0146303BF3
:108B00000A223046FFF78CFFA045F5D1A5F10804F5
:108B10004C442D1B6319BB4204DBBDE8F8830A34C7
:108B20000925F6E714F8013B0146303B0A2230469E
:108B3000FFF776FFEEE700BFAEC4020836C50208B5
:108B4000B0F5803F034636BF030400201020B3F188
:108B5000807F3CBF1B020830B3F1805F3CBF1B012C
:108B60000430B3F1804F3CBF9B000230002B05DB8B
:108B700013F0804F00F1010008BF20207047036808
:108B8000024613F007000BD0D90721D4980749BF3C
:108B90005B089B08012013605CBF136002207047D4
:108BA00099B209B91B0C1020D9B209B908301B0AB7
:108BB000190704BF1B090430990704BF9B08023042
:108BC000D90703D45B0800F1010003D0136070479C
:108BD000002070472020704710B50C460121FFF798
:108BE000BDFE024628B9054B054840F24511FFF786
:108BF000F7F901234461036110BD00BFAEC4020850
:108C000036C502082DE9F04F14460A6923699A42D5
:108C1000A8BF23460F46A4BF0C461F46D4F810A099
:108C2000D7F81090A36861680AEB0906B34285B0D3
:108C3000B8BF0131FFF792FE30B90246444B4548B8
:108C40004FF4B171FFF7CCF900F1140505EB86087C
:108C50002B460022434521D307F1140104F11402ED
:108C600002EB8A0201EB89030293131B153B23F0ED
:108C70000303043304F11507BA4238BF04230193F8
:108C8000029B03918B420CD8002E03DD58F8043D63
:108C9000002B5BD0066105B0BDE8F08F43F8042BD4
:108CA000D8E7B1F800A0BAF1000F24D004F1140EF7
:108CB000A9464FF0000C5EF8047BD9F800301FFA8B
:108CC00087FB9BB20AFB0B334FEA174BD9F80070B6
:108CD00063444FEA174C0AFB0BC707EB13479BB2E1
:108CE00043EA0743724549F8043B4FEA174CE2D880
:108CF000019B45F803C0039BB3F802900431B9F11E
:108D0000000F21D02B6804F1140CAE464FF0000A7E
:108D1000BCF800B0BEF8027009FB0B7757449BB259
:108D200043EA07434EF8043B5CF8043B4FEA134A1E
:108D3000BEF8003009FB0A3303EB174362454FEAE4
:108D4000134AE5D8019FEB51043599E7013E9BE7B3
:108D5000AEC4020836C502082DE9F843154612F0E4
:108D6000030207460E4607D0254C013A002354F86B
:108D70002220FFF755FE0646AD103DD0FC697CB9B8
:108D80001020FFF71BFD0246F86128B91D4B1E4855
:108D900040F2B311FFF724F9C0E901440460C46054
:108DA000D7F81C80D8F808404CB940F271213846F9
:108DB000FFF712FF0023C8F80800044603604FF0D5
:108DC0000009EB070AD5314622463846FFF71AFF5D
:108DD000314680463846FFF701FE46466D100BD0FF
:108DE000206838B9224621463846FFF70BFF20603D
:108DF000C0F800900446E4E73046BDE8F88300BFC1
:108E000090C502081FC5020836C502082DE9F047C3
:108E10000C464968236903EB6218A368074691462C
:108E20004FEA621A08F10106B3420BDB3846FFF73E
:108E300095FD054648B90246284B29484FF4EF7185
:108E4000FFF7CEF801315B00EEE7002300F11401DB
:108E500000F110021846534533DB20692AEAEA7A0A
:108E600004F1140319F01F0901EB8A0103EB800CD4
:108E70002BD0C9F1200E8A460022186800FA09F0AA
:108E800010434AF8040B53F8042B9C4522FA0EF2C7
:108E9000F3D8ACEB0403153B23F00303043304F1D4
:108EA0001500844538BF0423CA500AB108F10206F0
:108EB000013E38462E612146FFF790FD2846BDE869
:108EC000F08742F8040F0133C5E7043953F8042B47
:108ED00041F8042F9C45F9D8EAE700BFAEC4020868
:108EE00036C502080A6903460069801A30B50ED1FA
:108EF0001433143103EB820401EB820154F8045D56
:108F000051F8042D954203D005D24FF0FF3030BD0B
:108F1000A342F3D3FBE70120F9E700002DE9F74F67
:108F200089460646114648461446FFF7DBFF051EF4
:108F300012D129463046FFF711FD024628B93F4BB2
:108F400040F237213E48FFF74BF80123C0E90435D2
:108F5000104603B0BDE8F08FBCBF4B46A14630467B
:108F6000D9F80410BABF1C4601250025FFF7F6FC0E
:108F7000024618B9314B40F24521E3E7D9F81070A9
:108F80002669C56009F1100309F1140504F1140EF6
:108F900000F1140B05EB87080EEB86060193D9460A
:108FA0004FF0000C019B5EF8040B53F804AF0193E3
:108FB0001FFA8AF3194683B2CB1A000C6344C0EB44
:108FC0001A4000EB23409BB243EA0043764549F840
:108FD000043B4FEA204CE5D8331B153B23F0030339
:108FE00015340433A64238BF04231D445B441E4697
:108FF0002C4644450ED308F10301491B21F003011F
:10900000033DA84538BF00210B4453F8041D91B11E
:1090100017619DE754F8041BE646080C1CFA81FC16
:10902000714400EB2C4089B241EA004146F8041B30
:109030004FEA204CDDE7013FE7E700BFAEC402087E
:1090400036C5020882B08DED000B019A0F4B13401C
:10905000A3F15073002B08DC5B42B3F1A07F4FEA11
:10906000235204DA4FF400231341002208E0A2F156
:1090700014031E2BDABF4FF00042DA400122002316
:109080001946104641EC100B02B070470000F07F0B
:109090002DE9F041066900F1140808EB8606371F38
:1090A00056F8042C1046FFF74BFDC0F120030A28A8
:1090B0000B601B4915DCC0F10B0C22FA0CF3B84510
:1090C00043EA010534BF56F8083C0023153002FA84
:1090D00000F023FA0CF303431C4645EC104BBDE8AB
:1090E000F081B8453ABF56F8083CA6F108070023BE
:1090F0000B3812D0C0F1200123FA01F48240224340
:10910000474542F07F558CBF57F8042C002283401E
:10911000CA4045F440151343DEE742EA0105DBE7A8
:109120000000F03F2DE9F7430F46012159EC108B69
:109130001646FFF713FC044630B90246234B244879
:1091400040F20F31FEF74CFFC9F30A55C9F3130380
:109150000DB143F480130193B8F1000323D06846A6
:109160000093FFF70CFDDDE90012D0B1C0F1200340
:1091700002FA03F30B43C24063610192019BA361B6
:10918000002B0CBF012202222261A5B1A5F23345BA
:1091900005443D60C0F135003060204603B0BDE8B5
:1091A000F0836161EAE701A8FFF7E9FC019B6361D5
:1091B00020300122E8E704EB8203A0F2324038605D
:1091C0001869FFF7BDFCC0EB4210E5E7AEC402082A
:1091D00036C502082DE9F04F85B0CDE9001002A98F
:1091E000FFF756FF009803A955EC104BFFF750FF0F
:1091F000019B1969009B1B69C91ADDE902329B1AA0
:109200005BEC10AB03EB4113002BCEBF2A46C3EB44
:1092100003335A462F46D946CCBF02EB035702EB25
:1092200003594B46524620463946D7F71FFB41ECBF
:10923000100B05B0BDE8F08F013970B54911146904
:10924000013102F1140300EB810103EB8404051FDB
:10925000A3420CD3A31A113B23F003031132A24201
:1092600088BF002318440023884205D370BD53F8FB
:10927000046B45F8046FEBE740F8043BF4E700F1BA
:10928000140200694B11984210B511DB0ADD11F090
:109290001F0107D052F8234024FA01F000FA01F12F
:1092A0008C420BD102EB8303934203D8002010BD04
:1092B0000346F7E753F8041D0029F5D00120F6E72F
:1092C0002DE9F043344E86460D46284615F8014BED
:1092D000375D17F00807F8D12D2C2FD12C780127F6
:1092E000851C33F0100009D1302C2CD1287800F0E7
:1092F000DF00582827D16C78102302354FF0FF3853
:109300000026B8FBF3F803FB08F96FEA09093046B9
:10931000A4F1300CBCF1090F1CD86446A3422ADD2D
:10932000B6F1FF3F07D0804522D301D1A1451FDB15
:1093300000FB0340012615F8014BE9E72B2C04BF85
:109340002C78851CCDE7002BD8D1302C0CBF0823FE
:109350000A23D3E7A4F1410CBCF1190F01D8373C23
:10936000DCE7A4F1610CBCF1190F04D8573CD5E738
:109370004FF0FF36DFE7731C06D12223CEF8003012
:10938000304632B9BDE8F08307B14042002AF9D037
:1093900006B1691E1160F5E7B9C20208FFF790BF78
:1093A00013460A46014602480068FFF789BF00BF1E
:1093B000380400200346084641B1FF2A04D98A2216
:1093C0001A604FF0FF3070470A70012070472DE996
:1093D000F0478E681F46BE420B6882460C46904698
:1093E0002DD8B1F90C2012F4906F26D06569096967
:1093F00005EB4505A3EB010905EBD5757B1C4B443B
:109400006D109D4238BF1D46530527D52946FFF7ED
:1094100007FA064660B321694A46FEF7CAFDA389EA
:1094200023F4906343F08003A381266165614E4479
:10943000A5EB09052660A5603E46BE4200D93E4622
:1094400020683246414600F08FFBA3689B1BA36057
:109450002368334423600020BDE8F0872A4600F0EB
:10946000D9FB06460028E0D121695046FEF7DEFD13
:109470000C23CAF80030A38943F04003A3814FF0C6
:10948000FF30E9E72DE9F04F98468B891B069DB028
:1094900007460D46144610D50B6973B94021FFF7F6
:1094A000BFF92860286130B90C233B604FF0FF30D2
:1094B0001DB0BDE8F08F40236B610023099320238A
:1094C0008DF82930CDF80C803023DFF89C818DF8A1
:1094D0002A304FF0010923469A4613F8012B0AB1AE
:1094E000252AF9D1BAEB040B0BD05B46224629465C
:1094F0003846FFF76CFF013000F0A780099A5A4404
:1095000009929AF80030002B00F09F8000234FF062
:10951000FF32CDE905230AF1010A049307938DF880
:1095200053301A935446052214F8011B4E48D6F7BF
:1095300067FE049AD8B9D00644BF20238DF8533073
:10954000110744BF2B238DF853309AF800302A2B93
:1095500015D0079A544600204FF00A0C214611F806
:10956000013B303B092B4BD9B0B1079214E0A0EB83
:10957000080309FA03F313430493A246D2E7039BBB
:10958000191D1B680391002BBBBF5B4242F0020216
:1095900007930793B8BF049223782E2B0AD16378E0
:1095A0002A2B32D1039B1A1D1B68039243EAE373F3
:1095B00002340593DFF8C0A0217803225046D6F785
:1095C0001FFE38B1049BA0EB0A00402282401343E7
:1095D0000134049314F8011B24488DF82810062246
:1095E000D6F70EFE002836D0214B1BBB039B07335A
:1095F00023F0070308330393099B334409936AE775
:109600000CFB02320C460120A8E70023013405932D
:1096100019464FF00A0C204610F8012B303A092A5F
:1096200003D9002BC6D00591C4E70CFB01210446E9
:109630000123F0E703AB00932A460E4B04A93846FA
:10964000AFF30080421C0646D6D1AB895B063FF5DE
:109650002DAF09982CE703AB00932A46054B04A9CC
:10966000384600F079F8EDE790C602089AC602087D
:1096700000000000CF93020896C602082DE9F047CB
:10968000164698468A680B69DDF820909342B8BF69
:109690001346336091F8432007460C460AB1013364
:1096A00033602368990642BF33680233336025680C
:1096B00015F0060506D104F1190AE36832689B1A11
:1096C000AB4226DC94F843302268003B18BF0123EC
:1096D00092062BD404F1430241463846C847013074
:1096E0001ED02368226903F00603042B02BFE5683D
:1096F0003368ED1AA3680CBF25EAE575002593428F
:10970000C4BF9B1AED1800261A34B5421AD10020A6
:1097100008E00123524641463846C847013003D18C
:109720004FF0FF30BDE8F0870135C6E7E1185A1C5D
:10973000302081F84300224494F8451082F8431009
:109740000233C7E70123224641463846C847013065
:10975000E6D00136D9E700002DE9FF470F7E0C9EC9
:10976000782F914680460C469A4601F1430207D86D
:10977000622F0AD8002F00F0D280582F00F0B98055
:1097800004F1420684F842703AE0A7F16303152B16
:10979000F6D801A151F823F0F197020805980208C4
:1097A0008197020881970208819702088197020831
:1097B000059802088197020881970208819702089C
:1097C00081970208059902082F980208BF9802089D
:1097D0008197020881970208279902088197020859
:1097E0002F9802088197020881970208C7980208FB
:1097F00033681A1D1B68326004F1420684F8423057
:1098000001239DE033682068191D3160060601D5EB
:109810001D6803E04506FBD5B3F90050002D03DABF
:109820002D236D4284F8433059480A2311E0216802
:109830003368080653F8045B02D4490648BFADB24A
:109840006F2F5348336014BF0A230823002184F884
:1098500043106668A660002EA2BF216821F00401B3
:1098600021600DB9002E4BD01646B5FBF3F103FB7A
:109870001157C75D06F8017D2F46BB420D46F4D94E
:10988000082B0BD12368DF0708D52369616899424B
:10989000DEBF302306F8013C06F1FF36921B226141
:1098A000CDF800A04B4603AA21464046FFF7E6FE4E
:1098B00001304AD14FF0FF3004B0BDE8F087236893
:1098C00043F0200323603348782784F845702368E9
:1098D00031681F0651F8045B02D45F0648BFADB281
:1098E0003160D90744BF43F0200323601DB110232A
:1098F000ACE72748E9E7236823F020032360F6E775
:109900001646BDE7336825686169181D30602E066C
:109910001B6801D5196002E06806FBD51980002399
:1099200023611646BCE733681A1D32601E68626800
:1099300000213046D6F764FC08B1801B6060636884
:109940002361002384F84330AAE72369324649465D
:109950004046D0470130ADD023689B0713D4E06860
:10996000039B9842B8BF1846A6E7012332464946F2
:109970004046D04701309DD00135E36803995B1A1A
:10998000AB42F2DCEBE7002504F11906F5E700BF76
:10999000A1C60208B2C60208B1F90C202DE9F041B7
:1099A000160705460C4654D44B68002B02DC0B6CA2
:1099B000002B48DDE66A002E45D0002312F48052C9
:1099C0002F68216A2B6030D0626DA389590705D5B5
:1099D0006368D21A636B0BB1236CD21A0023E66A58
:1099E000216A2846B047431CA38906D129681D294E
:1099F0002BD82A4A0A41D60727D400226260D9040C
:109A00002269226004D5421C01D12B6803B960652C
:109A1000616B2F60B9B104F14403994202D028462A
:109A2000FEF704FB002363630DE001232846B047E3
:109A30000246501CC9D12B68002BC6D01D2B01D06B
:109A4000162B1ED12F60002022E043F040031BB2F2
:109A50001BE00F69002FF6D093070E6808BF4B6913
:109A60000F6018BF0023A6EB07088B60B8F1000F4A
:109A7000E9DD216AA66A43463A462846B0470028EF
:109A800008DCB4F90C3043F04003A3814FF0FF3001
:109A9000BDE8F0810744A8EB0008E7E7FEFFBFDF61
:109AA00038B50B6905460C4613B90025284638BD64
:109AB00018B1036A0BB9FDF711FBB4F90C30002B98
:109AC000F3D0626ED00704D4990502D4A06DFEF7DE
:109AD00065FA28462146FFF75FFF636EDA07054601
:109AE000E4D4A3899B05E1D4A06DFEF759FADDE724
:109AF0000EB403B5014603AB054853F8042B0068C8
:109B0000019300F0ABFA02B05DF804EB03B07047CC
:109B1000380400200EB430B59CB01FAC4FF4017275
:109B200054F8045BADF8142002900690D6F75AFB67
:109B30000B4B039007900B930A48019400230F935B
:109B400014934FF6FF73ADF816302A46234602A948
:109B5000006800F0E5F81CB0BDE8304003B0704785
:109B6000AB71020838040020884210B501EB0204F2
:109B700002D98442234607D8431EA14208D011F8D7
:109B8000012B03F8012FF8E7024401468A4200D175
:109B900010BD13F8014D02F8014DF7E7004870477A
:109BA0008804002038B5064D0023044608462B6083
:109BB000D9F7E0F8431C02D12B6803B1236038BD0C
:109BC0007866012008B5062000F0DEFD0120D9F7F7
:109BD00059F870B5A1FB02543CB92946FEF720FEA6
:109BE000064628B90026304670BD0C220260F9E70F
:109BF0002A462146FDF70DFBF5E700000148FEF778
:109C0000CDB900BF7D6601200148FEF7C9B900BF8C
:109C10007D6601202DE9F041804615460C4621B9AC
:109C2000BDE8F0411146FEF7FBBD2AB9FEF7FEF98B
:109C300000242046BDE8F08100F0C2FD85420646C2
:109C400002D8B5EB500FF4D829464046FEF7E8FDA0
:109C500007460028ECD0B5422A46214628BF3246A6
:109C6000FEF7A7F921464046FEF7E0F93C46E0E75B
:109C700038B54B1C144603D14FF0FF35284638BD8C
:109C8000938923F0200393815368526BCDB28AB13C
:109C9000A26B9A4208DD23685A1E226003F8015C19
:109CA000636801336360E9E7214600F076FC002831
:109CB000F1D0E1E72169226841B1914206D212F860
:109CC000011CA94202D1013A2260EAE7C4E90F234C
:109CD00004F1440363630323A363234603F8465F4D
:109CE00023600123DEE710B50C46496B69B104F12E
:109CF0004403994201D0FEF799F9236C6360002078
:109D0000606313B1E36B236010BD236923600023FC
:109D10006360A38943F02003A3814FF0FF30F3E792
:109D20002DE9F0470C46ADF5227D0021CDE9441127
:109D3000A549A0910DF10408A449A54FCDF81881BB
:109D40000646A19100931378002B00F05881F95C2E
:109D500011F0080102F1010519D06368002B0FDD35
:109D600023681A78BA5C120701D42A46EBE7459AB1
:109D70000132459262680133013A62602360ECE788
:109D8000A19B2146304698470028E9D0EDE7252BD6
:109D900012D099466368002B40F3938022681378B1
:109DA0004B4540F02C816368013B6360459B013269
:109DB000013322604593D8E74191439153782A2B90
:109DC00002BF1023951C41930A22A94619F8011BD2
:109DD000A1F13003092B1ED9DFF8F8A10322504668
:109DE000D6F70EFA38B1419AA0EB0A00012383405E
:109DF000134341934D4615F8013B782B06D8572B5A
:109E000010D8252BC5D057D8002B65D003234793F6
:109E10000A23429378E0439B02FB031130394391BC
:109E20004D46D2E7A3F15802202AEFD801A151F8FC
:109E300022F000BFE79E02080D9E02080D9E020858
:109E4000419F02080D9E02080D9E02080D9E020809
:109E50000D9E02080D9E02080D9E02080D9E02082E
:109E6000579F02083D9F0208BF9E0208BF9E02083E
:109E7000BF9E02080D9E0208F99E02080D9E020870
:109E80000D9E02080D9E02080D9E0208679F0208A3
:109E9000019F0208DF9E02080D9E02080D9E020827
:109EA000639F02080D9E02083D9F02080D9E020856
:109EB0000D9E0208E79E0208453B022BA6D805230B
:109EC00021E0A19B21463046984700283FF466AF29
:109ED0004498002840F08B804FF0FF308BE0419A8F
:109EE00042F020024192419A42F4007241921022C3
:109EF0006E2B429202D905E000234293032302E035
:109F000008234293042347936368002B39DD419B68
:109F1000590604D423681A78BA5C120738D4479BD0
:109F2000022B47DC6B46224641A9304600F0AEF9D1
:109F3000012864D002287FF418AFC9E70A22D7E7C6
:109F40002946404600F0F0FA419B43F0400341931C
:109F500005460123D7E7419B43F04003419300238B
:109F6000D1E70223CFE74198C3063FF5FEAE009B41
:109F7000459A191D00911B68C0074CBF1A801A60D2
:109F8000F3E6A19B2146304698470028BFD09FE7C3
:109F9000459A013245926268013A002A626002DD08
:109FA00001332360B6E7A19B21463046984700283D
:109FB000B0D08DE7042B0FDC6B46224641A930461A
:109FC00000F0BEF9B4E700BF719C0208E79C0208EC
:109FD000B9C2020896C602080A4B002B3FF4C5AE70
:109FE0006B46224641A93046AFF30080A0E7A38923
:109FF0005B063FF571AF0DF5227DBDE8F087449813
:10A00000F9E700BF000000009368013B002B10B48B
:10A01000936008DA9469A34201DB0A2903D15DF851
:10A02000044B00F0F4BA1368581C1060197008460D
:10A030005DF8044B7047F8B506460F461446D51830
:10A04000AC4201D1002007E014F8011B3A4630462B
:10A05000FFF7DAFF431CF3D1F8BD00002DE9F04F04
:10A060000D469DB014469846064618B1036A0BB9D2
:10A07000FDF734F86B6ED90705D4AB899A0502D485
:10A08000A86DFDF78BFFAB891B0701D52B699BB929
:10A090002946304600F0FAFA70B16B6EDC0704D541
:10A0A0004FF0FF301DB0BDE8F08FAB899805F7D4B5
:10A0B000A86DFDF775FFF3E70023099320238DF8C2
:10A0C0002930CDF80C803023DFF8AC818DF82A30B0
:10A0D0004FF0010923469A4613F8012B0AB1252AAD
:10A0E000F9D1BAEB040B0BD05B4622462946304629
:10A0F000FFF7A1FF013000F0A780099A5A440992A6
:10A100009AF80030002B00F09F8000234FF0FF32C0
:10A11000CDE905230AF1010A049307938DF8533022
:10A120001A935446052214F8011B5348D6F768F8D1
:10A13000049AD8B9D10644BF20238DF853301307B1
:10A1400044BF2B238DF853309AF800302A2B15D0BA
:10A15000079A544600204FF00A0C214611F8013BA3
:10A16000303B092B4BD9B0B1079214E0A0EB0803A8
:10A1700009FA03F313430493A246D2E7039B191D84
:10A180001B680391002BBBBF5B4242F002020793A6
:10A190000793B8BF049223782E2B0AD163782A2B19
:10A1A00032D1039B1A1D1B68039243EAE373023406
:10A1B0000593DFF8D4A0217803225046D6F720F883
:10A1C00038B1049BA0EB0A004022824013430134C3
:10A1D000049314F8011B29488DF828100622D6F79D
:10A1E0000FF800283FD0264B1BBB039B073323F0FF
:10A1F000070308330393099B3B4409936AE70CFB6D
:10A2000002320C460120A8E70023013405931946C9
:10A210004FF00A0C204610F8012B303A092A03D9D6
:10A22000002BC6D00591C4E70CFB01210446012395
:10A23000F0E703AB00932A46124B04A93046AFF374
:10A2400000800746781CD6D16B6ED90705D4AB8940
:10A250009A0502D4A86DFDF7A3FEAB895B063FF516
:10A260001FAF09981EE703AB00932A46054B04A9CC
:10A270003046FFF771FAE4E790C602089AC6020872
:10A280000000000037A0020896C602082DE9F84336
:10A2900015468A6880460C4632B98A69002A14BF7E
:10A2A0004FF0FF3201228A602268DFF89090D106D9
:10A2B0005FBF1A68111D196016680027A06988B170
:10A2C000012807D12B681A7863699B5C53B9002F6A
:10A2D00031D022E0022820D12B681B7819F80330F6
:10A2E0001B071AD42368DA065EBF2B681B7806F8B2
:10A2F000013B2A686B6801322A60A268013B013A7F
:10A300006B600137A26042B1002BD7DCD4F88031FA
:10A310002946404698470028D0D0236813F0100300
:10A3200005D1E2680132E260A26902B133702369AB
:10A330003B4423610020BDE8F88300BFB9C2020896
:10A340002DE9F04F9846744B0C468246164693E82A
:10A35000070087B003AB83E80700704BA169704A20
:10A36000032908BF1A46A36801925A1EB2F5AE7FB0
:10A3700088BF6FF4AE75274682BF03EB050940F234
:10A380005D13A36057F81C3B43F4506398BF4FF034
:10A39000000923603D464FF0000B316803AB09789C
:10A3A00053F82B000222D5F72BFF28B3BBF1010F86
:10A3B00059D162682AB92268082142F400726160AA
:10A3C0002260226822F4A0622260A268511EA1606D
:10A3D00092B13268511C3160127805F8012B726815
:10A3E000013A002A726007DCD4F8802131465046D9
:10A3F0009047002840F085800BF1010BBBF1030F63
:10A40000CBD163680BB90A2363606368454960690F
:10A41000C91A00F089F84FF0000BA3682268002BDE
:10A420003DD03168606991F800C010F80C00002838
:10A4300035D0BCF1300F24D1100522D50BF1010B22
:10A44000B9F1000F03D0013309F1FF39A36073683C
:10A45000013B002B73601BDD336801333360A3685D
:10A46000013BA360D9E7BBF1020FAED1226802F431
:10A47000C061B1F5007FBFD11021616042F48072EC
:10A48000A2E722F4106222600B7805F8013BDEE7B8
:10A49000D4F880313146504698470028DFD02368F1
:10A4A000D9050DD5BD4209D915F8011CD4F87C3168
:10A4B00032465046984705F1FF394D46BD4228D0F7
:10A4C000226812F0100213D12A706368019E394687
:10A4D0005046B047D8F8003021681A1DC8F800204F
:10A4E00011F0200F1B680FD01860E3680133E360A0
:10A4F0002369ED1B5D442B442361002007B0BDE8B8
:10A50000F08F4FF0000BCAE7CA074CBF18801860E5
:10A51000EBE70120F2E700BFFCA90208AD6F0208DB
:10A520009D93020834C7020870B50B7804465E2B71
:10A530000BBF4B784A1C8A1C002108BF012101383F
:10A5400004F1FF0500F8011FA842FBD10BB9501E12
:10A5500070BD81F00101E1541046024612F8015B22
:10A560002D2D05D05D2D16D0002DF1D02B46F2E714
:10A5700046785D2EFAD0B342F8DC02301A4601323A
:10A580009642A154FBDCF21A013A5D1CB342A8BF0B
:10A590000022AB18E1E71046DAE72DE9F0410C465E
:10A5A000496B04F1440399421DD14FF48061FEF7D9
:10A5B00037F918B94FF0FF30BDE8F0814FF48063F0
:10A5C000A36394F84630606380F8FF3394F8453015
:10A5D00080F8FE3394F8443080F8FD3300F2FD300B
:10A5E00020600020E8E7A66B77003A46FFF712FBF1
:10A5F00005460028DED000EB0608014632464046FC
:10A60000FDF7D7FCC4E90D57C4F80080E9E7F8B5B9
:10A610000E461446054618B1036A0BB9FCF75EFDF9
:10A62000A369A360A3891A0701D5236943B9214609
:10A63000284600F02BF818B14FF0FF373846F8BD28
:10A6400023682269981A6369F6B28342374605DCAB
:10A6500021462846FFF724FA0028EDD1A368013BE4
:10A66000A36023685A1C22601E706269431C9A42D0
:10A6700004D0A389DB07E1D50A2EDFD12146284685
:10A68000FFF70EFA0028D9D0D6E7000038B5294BDD
:10A69000054618680C4618B1036A0BB9FCF71EFD95
:10A6A000B4F90C30190722D4DA0607D409222A603B
:10A6B00043F04003A3814FF0FF3033E0580712D539
:10A6C000616B41B104F14403994202D02846FDF781
:10A6D000ADFC00236363A38923F02403A38100233B
:10A6E000636023692360A38943F00803A38123697E
:10A6F0004BB9A38903F42073B3F5007F03D021463F
:10A70000284600F08BF8B4F90C3013F001020AD09F
:10A710000022A26062695242A261226942B913F02A
:10A720008000C5D138BD990758BF6269A260F4E7BF
:10A730000020F7E7380400201F2938B505460C46ED
:10A7400004D9162303604FF0FF3038BDC26B12B13D
:10A7500052F821304BB9284600F030F82246014625
:10A760002846BDE8384000F017B8012B0AD0591C24
:10A7700003D1162303600120E7E7002142F82410EB
:10A78000204698470020E0E7024B01461868FFF793
:10A79000D3BF00BF3804002038B5074D002304465E
:10A7A000084611462B60D8F75DFA431C02D12B688E
:10A7B00003B1236038BD00BF78660120D8F74ABADC
:10A7C00051F8043C181F002BBCBF0B58C018704731
:10A7D00070B50C46B1F90E10002996B015461E460C
:10A7E0000DDAA38913F0800F4FF0000114BF40234E
:10A7F0004FF48063002031602B6016B070BD6A4654
:10A8000000F048F80028ECDB019901F47041A1F553
:10A810000053594259414FF48063EBE78B89F7B5F8
:10A820009D0706460C4607D504F1470323602361C4
:10A830000123636103B0F0BD01AB6A46FFF7C8FFB7
:10A84000009F054639463046FDF7EAFF48B9B4F99E
:10A850000C309A05EED423F0030343F00203A381E6
:10A86000E2E7A389206043F08003A381019BC4E950
:10A8700004075BB1B4F90E10304600F01DF828B1A2
:10A88000A38923F0030343F00103A381A3891D439C
:10A89000A581CFE738B5074D002304460846114689
:10A8A0002B60D8F73FFA431C02D12B6803B1236019
:10A8B00038BD00BF7866012038B5064D0023044638
:10A8C00008462B60D8F73EFA431C02D12B6803B12F
:10A8D000236038BD78660120F8B500BFF8BC08BC1D
:10A8E0009E467047F8B500BFF8BC08BC9E4670474E
:10A8F00054524941440000004B616C6D616E5175CA
:10A9000065737400446961676E6F7369730000005A
:10A91000556E5061636B0000436F6E74726F6C0014
:10A920004D61737465725478000000004D656D6F61
:10A9300072790000536176654D656D0053656E64F4
:10A940004D656D0053756E004750530041444353AD
:10A9500000000000446961676E6F7369735F4D6545
:10A960006D6F72790000000024474E524D43000085
:10A97000244750524D43000024474E4747410000B2
:10A980002447504747410000000000002E0000000F
:10A99000252E2A7325642E62696E000049444C45B9
:10A9A00000000000546D722053766300546D7251A4
:10A9B00000000000222A3A3C3E3F7C7F000000005D
:10A9C0002B2C3B3D5B5D0000EBFE904D53444F5301
:10A9D000352E30004E4F204E414D45202020204640
:10A9E00041543332202020004E4F204E414D45200F
:10A9F00020202046415420202020200036C7020875
:10AA000039C702083CC7020800000000000000002F
:10AA10000102030406070809000000000102030404
:10AA200000002110422063308440A550C660E770CA
:10AA3000088129914AA16BB18CC1ADD1CEE1EFF172
:10AA40003112100273325222B5529442F772D6621A
:10AA5000399318837BB35AA3BDD39CC3FFF3DEE3C2
:10AA60006224433420040114E664C774A44485546A
:10AA70006AA54BB528850995EEE5CFF5ACC58DD512
:10AA80005336722611163006D776F6669556B446BA
:10AA90005BB77AA719973887DFF7FEE79DD7BCC762
:10AAA000C448E5588668A77840086118022823380A
:10AAB000CCC9EDD98EE9AFF9488969990AA92BB9B2
:10AAC000F55AD44AB77A966A711A500A333A122A5A
:10AAD000FDDBDCCBBFFB9EEB799B588B3BBB1AAB02
:10AAE000A66C877CE44CC55C222C033C600C411CAA
:10AAF000AEED8FFDECCDCDDD2AAD0BBD688D499D52
:10AB0000977EB66ED55EF44E133E322E511E700EF9
:10AB10009FFFBEEFDDDFFCCF1BBF3AAF599F788FA1
:10AB20008891A981CAB1EBA10CD12DC14EF16FE181
:10AB30008010A100C230E3200450254046706760B9
:10AB4000B9839893FBA3DAB33DC31CD37FE35EF3D1
:10AB5000B1029012F322D232354214527762567209
:10AB6000EAB5CBA5A89589856EF54FE52CD50DC521
:10AB7000E234C324A0148104667447642454054459
:10AB8000DBA7FAB79987B8975FE77EF71DC73CD771
:10AB9000D326F2369106B0165766767615463456A9
:10ABA0004CD96DC90EF92FE9C899E9898AB9ABA9C1
:10ABB0004458654806782768C018E1088238A328F9
:10ABC0007DCB5CDB3FEB1EFBF98BD89BBBAB9ABB11
:10ABD000754A545A376A167AF10AD01AB32A923A49
:10ABE0002EFD0FED6CDD4DCDAABD8BADE89DC98D61
:10ABF000267C076C645C454CA23C832CE01CC10C99
:10AC00001FEF3EFF5DCF7CDF9BAFBABFD98FF89FB0
:10AC1000176E367E554E745E932EB23ED10EF01EE8
:10AC20000020FD44000000009A4FE5C69AC91FC5E8
:10AC30000020AA4400C05F44333369C3CDCC8042B6
:10AC400000009F429A99B941333393406666A6BF8C
:10AC50009A993940000000C09A59B0C430FAD444DF
:10AC6000105E75C4F8D27C43C87FBE42BFC15E414E
:10AC70007CD368C16666E63F2BD5943FFCEB5CBF96
:10AC80008B113DBE2483B9BC530EEE43EA922043A0
:10AC90002DDA84409A261241B4CF294039BE67BECE
:10ACA000CB7CB2BEE644433DD1102A3B4819DDBC03
:10ACB0005863333B2A41BF414D30B3C081D4B0BF4C
:10ACC0009B532ABF20D95C3E6DB2A03BD1CEB5B913
:10ACD0005CC3263BF645173B015A6A3AAD87AE3D49
:10ACE00000AFAABEDDE22FBD62EF0D3CC917E1BB8C
:10ACF0001AA900BAD4C306B9E3F25CB80141A9B8F5
:10AD0000D2367E3C91935A3B8B8D6F39207B423AF1
:10AD1000FF28A1B95F5F08B708B25EB5105A563672
:10AD2000368680BB909750B90515D5385DF3F3365C
:10AD300086F6B6B5024D04B58FC49834CFA28E38CE
:10AD40006949AEB7E4587C36B3EA933424C114B2EF
:10AD500008C6BE327E639534251F2FB5DA3CC1325A
:10AD600045B23B32AE30F4AF12D074B471153CB280
:10AD7000A43AB0B08A2555AFB1FE72B193082EAE99
:10AD80006EE451AD2B2DF12EB22749AD5FE0B0AB93
:10AD900000000000000000000000000000000000B3
:10ADA00000000000000000000000000000000000A3
:10ADB0000000000000000000000000000000000093
:10ADC00000000000330B8E45EA25E2C4D6DAB8C194
:10ADD000BE33B042418E3B41987C80C015DC13C12C
:10ADE0007777973F169B6CC05CD3E33E0000000072
:10ADF0008DBA16BE924C6BC3F849F54161AF1FC1C5
:10AE000020EA2B414664143FA39BBDBED08280BE86
:10AE10000C86463E00000000BE3C003D3C49D13B54
:10AE200086B0E7C1F9238740BFAF9CBF4CAE8F3ED1
:10AE3000255A6EBB41FEE43C36C86B3CA21D483B24
:10AE4000F64517BA014B433A224D29C057BECE3DB5
:10AE5000F39480BD2A35523C323C49BBF9D429BA1F
:10AE60004690323A984C93370146B6B80751A13D07
:10AE7000F0E51F3BE74431BAFE25123A4BE3FFB839
:10AE8000124501B9452F8B3600000080C5EE993B75
:10AE90002ED7EBB9EF199F3686F6B6373EA222358C
:10AEA000024D84B48FC49834F7D238B79AC8D7B655
:10AEB00050D88CB461154FB5B521DFB36D9E98B1F4
:10AEC00073D6A1353CD380331FF9CBB3C10991B2FE
:10AED000AE30743100C73D3442C77A313A887FB111
:10AEE0008A25552E3DBF0DB2A6C9C3AFC52E83AE70
:10AEF0003059D5AE5193772BFE24CA2A00000000AA
:10AF0000000040419A9939C16666A6BFCDCCCCBF3E
:10AF10009A99193FCDCC4CBE00000080CDCCCCBD61
:10AF200000000080CDCCCC3D0000000000000000FF
:10AF300033331B41652440C06A79DBBF544A42BFAA
:10AF4000B413B93E9CC3B2BD73D09ABC8988083D86
:10AF5000FE3C74BC00000000000000800000000007
:10AF60003ACD13C03B84533D2EF9E4BE00000000EF
:10AF7000C262FE3C588A28BB000000007E49D03ADD
:10AF8000D110AA3A0000000000000080307B52BFC0
:10AF9000C676E43D85D3C33BE51EE23B255AEE3A37
:10AFA0006DB2A03A1C5B083A176905390000000031
:10AFB000000000807EEF49BDBF3DA93BEBB377BAEF
:10AFC00085F865B811C604B83B0777B80000008063
:10AFD0000000000000000080FF262F3AE9D38C38E3
:10AFE000595099B8E3F25C37000000005F5F88B603
:10AFF00008B25EB500000080BDEB7338E08970B721
:10B000007FD4B5355DF3733500000000000000000B
:10B01000BFB04B33C29280360000008015CB3BB3EB
:10B0200026C79DB2000000800000008037CA84332C
:10B030003CD3003250C42BB1A68188B00000000080
:10B040003DEAF2B000000080B6FB0CAF000000004B
:10B05000000000809308AEAD6EE4D1AC916A94AC70
:10B0600000000080FE244AAA00000000000000004A
:10B0700000000000000000000000000000000000D0
:10B0800000000000000000000000000000000000C0
:10B090000000000000000000000000000000ACC143
:10B0A000B3E17FC1EC05D13F7719B2BEA53204BE32
:10B0B000B512863DAC38E83D898808BDBF2D37BD47
:10B0C000000000000000008000000080CE8C5FC007
:10B0D0002DA31EBD13779C3ECCD9DB3DE51E62BD82
:10B0E000EEAC523C4530233C1F379C3B00000080B7
:10B0F000D2808D3A000000006E465DBE048D023D98
:10B10000048D823B43BF16BB84AE3EBBBD8E80BA6E
:10B110001C5B08BA176985B900000080013C9CB827
:10B120009FDCFDBCFDC6823BEBB3773A000000001C
:10B1300011C604393B077738BA9F5737984C1337F5
:10B140000150D0360DE2B83A904C24396FA4BFB804
:10B15000BE1FB8B72E789D367FD4B5B500000080ED
:10B1600000000080BDEB7338686734375F5F88B6D6
:10B170003EA2A2B43EA22234000000800000008063
:10B18000C29280B5532FC73415CBBBB3000000006B
:10B1900024C114320000008037CA84333CD300330A
:10B1A00050C42BB100000080000000003DEAF230E6
:10B1B00002EA5E3000000000000000800000008015
:10B1C00000000000000000800000000000000000FF
:10B1D000FE244AAA46696C65412E62696E00000031
:10B1E00000000046696C65422E62696E0000000036
:10B1F000000046696C65432E62696E000000000025
:10B200000046696C65442E62696E00000000000013
:10B2100046696C65452E62696E00000000000046BC
:10B22000696C65462E62696E000000000000466988
:10B230006C65472E62696E00000000000046696C74
:10B2400065482E62696E00000000000046696C656A
:10B25000492E62696E00000000000046696C654A74
:10B260002E62696E00000000000046696C654B2E7E
:10B2700062696E00000000000046696C654C2E6239
:10B28000696E00000000000046696C654D2E626921
:10B290006E00000000000046696C654E2E62696E0B
:10B2A00000000000000046696C654F2E62696E0068
:10B2B000000000000046696C65502E62696E000057
:10B2C0000000000046696C65512E62696E00000046
:10B2D00000000046696C65522E62696E0000000035
:10B2E000000046696C65532E62696E000000000024
:10B2F0000046696C65542E62696E00000000000013
:10B3000046696C65552E62696E00000000000046BB
:10B31000696C65562E62696E000000000000466987
:10B320006C65572E62696E00000000000046696C73
:10B3300065582E62696E00000000000046696C6569
:10B34000592E62696E00000000000046696C655A63
:10B350002E62696E00000000000046696C65414184
:10B360002E62696E000000000046696C6541422E45
:10B3700062696E000000000046696C6541432E6200
:10B38000696E000000000046696C6541442E6269E8
:10B390006E000000000046696C6541452E62696ED2
:10B3A000000000000046696C6541462E62696E002F
:10B3B0000000000046696C6541472E62696E00001E
:10B3C00000000046696C6541482E62696E0000000D
:10B3D000000046696C6541492E62696E00000000FC
:10B3E0000046696C65414A2E62696E0000000000EB
:10B3F00046696C65414B2E62696E00000000004694
:10B40000696C65414C2E62696E000000000046695F
:10B410006C65414D2E62696E000000000046696C4B
:10B4200065414E2E62696E000000000046696C6541
:10B43000414F2E62696E000000000046696C654154
:10B44000502E62696E000000000046696C65415133
:10B450002E62696E000000000046696C6541522E44
:10B4600062696E000000000046696C6541532E62FF
:10B47000696E000000000046696C6541542E6269E7
:10B480006E000000000046696C6541552E62696ED1
:10B49000000000000046696C6541562E62696E002E
:10B4A0000000000046696C6541572E62696E00001D
:10B4B00000000046696C6541582E62696E0000000C
:10B4C000000046696C6541592E62696E00000000FB
:10B4D0000046696C65415A2E62696E0000000000EA
:10B4E00046696C6542412E62696E000000000046AC
:10B4F000696C6542422E62696E0000000000466978
:10B500006C6542432E62696E000000000046696C63
:10B510006542442E62696E000000000046696C6559
:10B5200042452E62696E000000000046696C65426B
:10B53000462E62696E000000000046696C65424755
:10B540002E62696E000000000046696C6542482E5C
:10B5500062696E000000000046696C6542492E6217
:10B56000696E000000000046696C65424A2E6269FF
:10B570006E000000000046696C65424B2E62696EE9
:10B58000000000000046696C65424C2E62696E0046
:10B590000000000046696C65424D2E62696E000035
:10B5A00000000046696C65424E2E62696E00000024
:10B5B000000046696C65424F2E62696E0000000013
:10B5C0000046696C6542502E62696E000000000002
:10B5D00046696C6542512E62696E000000000046AB
:10B5E000696C6542522E62696E0000000000466977
:10B5F0006C6542532E62696E000000000046696C63
:10B600006542542E62696E000000000046696C6558
:10B6100042552E62696E000000000046696C65426A
:10B62000562E62696E000000000046696C65425744
:10B630002E62696E000000000046696C6542582E5B
:10B6400062696E000000000046696C6542592E6216
:10B65000696E000000000046696C65425A2E6269FE
:10B660006E000000000046696C6543412E62696E01
:10B67000000000000046696C6543422E62696E005E
:10B680000000000046696C6543432E62696E00004D
:10B6900000000046696C6543442E62696E0000003C
:10B6A000000046696C6543452E62696E000000002B
:10B6B0000046696C6543462E62696E00000000001A
:10B6C00046696C6543472E62696E000000000046C3
:10B6D000696C6543482E62696E000000000046698F
:10B6E0006C6543492E62696E000000000046696C7B
:10B6F00065434A2E62696E000000000046696C6571
:10B70000434B2E62696E000000000046696C654381
:10B710004C2E62696E000000000046696C65434D66
:10B720002E62696E000000000046696C65434E2E73
:10B7300062696E000000000046696C65434F2E622E
:10B74000696E000000000046696C6543502E626916
:10B750006E000000000046696C6543512E62696E00
:10B76000000000000046696C6543522E62696E005D
:10B770000000000046696C6543532E62696E00004C
:10B7800000000046696C6543542E62696E0000003B
:10B79000000046696C6543552E62696E000000002A
:10B7A0000046696C6543562E62696E000000000019
:10B7B000000610160006101601AE01083DAE010885
:10B7C00059AE01089BAE0108DDAE01084355454165
:10B7D0004141414345454549494941414592924F7F
:10B7E0004F4F5555594F554F9C4F9E9F41494F556F
:10B7F000A5A5A6A7A8A9AAABACADAEAFB0B1B2B390
:10B80000B4414141B8B9BABBBCBDBEBFC0C1C2C3DF
:10B81000C4C54141C8C9CACBCCCDCECFD1D1454595
:10B820004549494949D9DADBDCDD49DF4FE14F4F72
:10B830004F4FE6E8E85555555959EEEFF0F1F2F360
:10B84000F4F5F6F7F8F9FAFBFCFDFEFF0103050736
:10B85000090E10121416181C1E0000000100020030
:10B860000400080010002000000000000100040097
:10B87000100040000001000200000000C700FC00B2
:10B88000E900E200E400E000E500E700EA00EB0088
:10B89000E800EF00EE00EC00C400C500C900E600BF
:10B8A000C600F400F600F200FB00F900FF00D6002D
:10B8B000DC00F800A300D800D7009201E100ED0001
:10B8C000F300FA00F100D100AA00BA00BF00AE00F8
:10B8D000AC00BD00BC00A100AB00BB0091259225CF
:10B8E000932502252425C100C200C000A9006325BC
:10B8F000512557255D25A200A500102514253425C6
:10B900002C251C2500253C25E300C3005A25542581
:10B9100069256625602550256C25A400F000D0001F
:10B92000CA00CB00C8003101CD00CE00CF001825E1
:10B930000C2588258425A600CC008025D300DF00B7
:10B94000D400D200F500D500B500FE00DE00DA001C
:10B95000DB00D900FD00DD00AF00B400AD00B10098
:10B960001720BE00B600A700F700B800B000A8007E
:10B97000B700B900B300B200A025A00061001A030F
:10B98000E0001703F8000703FF0001007801000141
:10B99000300132010601390110014A012E017901FD
:10B9A000060180014D004302810182018201840170
:10B9B000840186018701870189018A018B018B013E
:10B9C0008D018E018F0190019101910193019401EC
:10B9D000F60196019701980198013D029B019C0197
:10B9E0009D0120029F01A001A001A201A201A401CA
:10B9F000A401A601A701A701A901AA01AB01AC01FD
:10BA0000AC01AE01AF01AF01B101B201B301B301AD
:10BA1000B501B501B701B801B801BA01BB01BC015C
:10BA2000BC01BE01F701C001C101C201C301C401D3
:10BA3000C501C401C701C801C701CA01CB01CA01C0
:10BA4000CD011001DD0101008E01DE011201F301C3
:10BA50000300F101F401F401F801280122021201AE
:10BA60003A020900652C3B023B023D02662C3F0274
:10BA700040024102410246020A0153024000810194
:10BA80008601550289018A0158028F015A029001EC
:10BA90005C025D025E025F02930161026202940138
:10BAA0006402650266026702970196016A02622CCF
:10BAB0006C026D026E029C01700271029D017302A4
:10BAC00074029F0176027702780279027A027B0281
:10BAD0007C02642C7E027F02A60181028202A901FF
:10BAE0008402850286028702AE014402B101B201DE
:10BAF00045028D028E028F0290029102B7017B03F4
:10BB00000300FD03FE03FF03AC0304008603880368
:10BB100089038A03B1031103C2030200A303A30331
:10BB2000C4030803CC0303008C038E038F03D803E4
:10BB30001801F2030A00F903F303F403F503F60313
:10BB4000F703F703F903FA03FA0330042003500460
:10BB50001007600422018A043601C1040E01CF04DB
:10BB60000100C004D0044401610526040000000067
:10BB70007D1D0100632C001E9601A01E5A01001FAE
:10BB80000806101F0606201F0806301F0806401F63
:10BB90000606511F0700591F521F5B1F541F5D1FD0
:10BBA000561F5F1F601F0806701F0E00BA1FBB1FC5
:10BBB000C81FC91FCA1FCB1FDA1FDB1FF81FF91FC1
:10BBC000EA1FEB1FFA1FFB1F801F0806901F0806C5
:10BBD000A01F0806B01F0400B81FB91FB21FBC1F6A
:10BBE000CC1F0100C31FD01F0206E01F0206E51F85
:10BBF0000100EC1FF21F0100FC1F4E210100322149
:10BC000070211002842101008321D0241A05302CD8
:10BC10002F04602C0201672C0601752C0201802C78
:10BC20006401002D260841FF1A03000000000000F7
:10BC30000000000000000000000000000000008084
:10BC4000000000000000000006D0CF43EBFD4C3E9A
:10BC500000000000000000000000004003B8E23FC8
:10BC6000000000000000F03F000000000000F83F6E
:10BC7000FB21F93FFB2109407CD91240FB211940EF
:10BC80007A6A1F407CD92240BBFD2540FB21294018
:10BC90003A462C407A6A2F405C4731407CD932408A
:10BCA0009C6B3440BBFD3540DB8F3740FB21394076
:10BCB0001BB43A403A463C405AD83D407A6A3F402D
:10BCC0004C7E40405C4741406C1042407CD9424031
:10BCD0008CA243409C6B4440AC344540BBFD454086
:10BCE000CBC64640DB8F4740EB584840FB214940DC
:10BCF00083F9A200444E6E00FC291500D15727009D
:10BD0000DD34F50062DBC0003C99950041904300B2
:10BD10006351FE00BBDEAB00B761C5003A6E240084
:10BD2000D24D42004906E00009EA2E001C92D100E3
:10BD3000EB1DFE0029B11C00E83EA700F53582008E
:10BD400044BB2E009CE98400B4267000417E5F0055
:10BD5000D6913900538339009CF439008B5F8400FD
:10BD600028F9BD00F81F3B00DEFF97000F98050083
:10BD7000112FEF000A5A8B006D1F6D00CF7E360029
:10BD800009CB2700464FB7009E663F002DEA5F00B3
:10BD9000BA277500E5EBC7003D7BF100F7390700D6
:10BDA00092528A00FB6BEA001FB15F00085D8D00B4
:10BDB000300356007BFC4600F0AB6B0020BCCF008C
:10BDC00036F49A00E3A91D005E619100081BE600AD
:10BDD00085996500A0145F008D40680080D8FF0041
:10BDE00027734D0006063100CA561500C9A8730016
:10BDF0007BE260006B8CC00000000080DB0F4940DC
:10BE0000DB0F49C0DB0F49BFE4CB1640E4CB16C0C3
:10BE10000000000000000080000FC93F000F4940F3
:10BE200000CB9640000FC9400053FB4000CB1641A9
:10BE300000ED2F41000F49410031624100537B4129
:10BE4000003A8A4100CB9641005CA34100EDAF412E
:10BE5000007EBC41000FC94100A0D5410031E24144
:10BE600000C2EE410053FB4100F20342003A0A4295
:10BE70000083104200CB164200141D42005C234296
:10BE800000A5294200ED2F4200363642007E3C429A
:10BE900000C74242000F4942A2000000F900000022
:10BEA000830000006E0000004E000000440000000F
:10BEB0001500000029000000FC0000002700000021
:10BEC00057000000D1000000F50000003400000021
:10BED000DD000000C0000000DB0000006200000088
:10BEE00095000000990000003C00000043000000A5
:10BEF0009000000041000000FE0000005100000022
:10BF000063000000AB000000DE000000BB0000008A
:10BF1000C500000061000000B70000002400000020
:10BF20006E0000003A000000420000004D000000DA
:10BF3000D2000000E0000000060000004900000000
:10BF40002E000000EA00000009000000D1000000FF
:10BF5000920000001C000000FE0000001D00000018
:10BF6000EB0000001C000000B100000029000000F0
:10BF7000A70000003E000000E80000008200000072
:10BF800035000000F50000002E000000BB0000009E
:10BF90004400000084000000E90000009C00000054
:10BFA0007000000026000000B40000005F000000E8
:10BFB0007E000000410000003900000091000000F8
:10BFC000D60000003900000083000000530000008C
:10BFD00039000000F40000009C0000008400000014
:10BFE0005F0000008B000000BD000000F9000000B1
:10BFF000280000003B0000001F000000F8000000C7
:10C0000097000000FF000000DE00000005000000B7
:10C01000980000000F000000EF0000002F0000005B
:10C02000110000008B0000005A0000000A00000010
:10C030006D0000001F0000006D00000036000000D1
:10C040007E000000CF00000027000000CB000000B1
:10C0500009000000B70000004F000000460000008B
:10C060003F000000660000009E0000005F0000002E
:10C07000EA0000002D00000075000000270000000D
:10C08000BA000000C7000000EB000000E50000005F
:10C09000F10000007B0000003D00000007000000F0
:10C0A00039000000F70000008A0000005200000084
:10C0B00092000000EA0000006B000000FB0000009E
:10C0C0005F000000B10000001F0000008D000000B4
:10C0D0005D000000080000005600000003000000A2
:10C0E0003000000046000000FC0000007B00000063
:10C0F0006B000000AB000000F0000000CF0000006B
:10C10000BC000000200000009A000000F4000000C5
:10C11000360000001D000000A9000000E300000040
:10C1200091000000610000005E000000E6000000D9
:10C130001B000000080000006500000099000000DE
:10C14000850000005F00000014000000A000000057
:10C1500068000000400000008D000000FF000000AB
:10C16000D8000000800000004D00000073000000B7
:10C17000270000003100000006000000060000005B
:10C180001500000056000000CA0000007300000007
:10C19000A8000000C900000060000000E2000000EC
:10C1A0007B000000C00000008C0000006B0000005D
:10C1B0006937AC3168212233B40F14336821A233BC
:10C1C0003863ED3EDA0F493F5E987B3FDA0FC93F97
:10C1D00000000040FB21F93F000000002D44743EA8
:10C1E000000000809846F83C0000006051CC783B8D
:10C1F00000000080831BF0390000004020257A38C1
:10C20000000000802282E336000000001DF3693543
:10C21000020000000300000004000000060000000F
:10C220000000C93F0000F0390000DA370000A233F7
:10C230000000842E0000502B0000C2270000D022F6
:10C240000000C41F0000C61B0000441704000000CB
:10C2500007000000090000002E006E6600696E698C
:10C26000747900616E00000034000000CEFBFFFF17
:10C27000CB030000010000000000000035000000BA
:10C28000CEFBFFFFCB030000010000000000000018
:10C29000BC89D897B2D29C3C33A7A8D523F649399C
:10C2A0003DA7F444FD0FA5329D978CCF08BA5B25BE
:10C2B000436FAC6428066811002020202020202035
:10C2C0002020282828282820202020202020202046
:10C2D0002020202020202020208810101010101056
:10C2E00010101010101010101004040404040404A2
:10C2F000040404101010101010104141414141413C
:10C30000010101010101010101010101010101011D
:10C31000010101011010101010104242424242422D
:10C3200002020202020202020202020202020202ED
:10C330000202020210101010200000000000000095
:10C3400000000000000000000000000000000000ED
:10C3500000000000000000000000000000000000DD
:10C3600000000000000000000000000000000000CD
:10C3700000000000000000000000000000000000BD
:10C3800000000000000000000000000000000000AD
:10C39000000000000000000000000000000000009D
:10C3A000000000000000000000000000000000008D
:10C3B000000000000000000000000000000000007D
:10C3C0001F0000003B0000005A0000007800000041
:10C3D00097000000B5000000D4000000F30000004A
:10C3E00011010000300100004E0100001F0000009C
:10C3F0001C0000001F0000001E0000001F000000C5
:10C400001E0000001F0000001F0000001E000000B2
:10C410001F0000001E0000001F000000545A0047CB
:10C420004D54002531315B2D2B302D39412D5A6172
:10C430002D7A5D256E002531315B412D5A612D7AB3
:10C440005D256E004D256875256E2E256875256E57
:10C450002E256875256E002F256875256E3A25688E
:10C4600075256E3A256875256E004300504F534977
:10C4700058002C2066756E6374696F6E3A200061F7
:10C480007373657274696F6E202225732220666152
:10C49000696C65643A2066696C6520222573222CDC
:10C4A000206C696E65202564257325730A0042613E
:10C4B0006C6C6F6320737563636565646564002FDE
:10C4C0006275696C642F676E752D746F6F6C732D58
:10C4D000666F722D73746D33325F31322E332E726C
:10C4E000656C312E32303234303932362D313731BD
:10C4F000352F7372632F6E65776C69622F6E657767
:10C500006C69622F6C6962632F7374646C69622F4B
:10C510006764746F612D6765746865782E63005277
:10C5200045454E54206D616C6C6F63207375636379
:10C530006565646564002F6275696C642F676E754C
:10C540002D746F6F6C732D666F722D73746D333233
:10C550005F31322E332E72656C312E3230323430F0
:10C560003932362D313731352F7372632F6E65773F
:10C570006C69622F6E65776C69622F6C6962632FDC
:10C580007374646C69622F6D707265632E63000052
:10C5900005000000190000007D0000000000000000
:10C5A0000080E03779C34143176E05B5B5B89346AF
:10C5B000F5F93FE9034F384D321D30F94877825A7B
:10C5C0003CBF737FDD4F1575000000000000F03F99
:10C5D000000000000000244000000000000059405E
:10C5E0000000000000408F40000000000088C340B1
:10C5F00000000000006AF8400000000080842E4126
:10C6000000000000D01263410000000084D7974171
:10C610000000000065CDCD41000000205FA0024277
:10C62000000000E876483742000000A2941A6D42EC
:10C63000000040E59C30A2420000901EC4BCD642DF
:10C6400000003426F56B0C430080E03779C341438A
:10C6500000A0D8855734764300C84E676DC1AB4300
:10C66000003D9160E458E143408CB5781DAF15441E
:10C6700050EFE2D6E41A4B4492D54D06CFF08044F9
:10C68000F64AE1C7022DB544B49DD9794378EA440E
:10C69000232D302B2000686C4C00656667454647AB
:10C6A000003031323334353637383941424344452E
:10C6B000460030313233343536373839616263649D
:10C6C000656600001F0000001C0000001F00000045
:10C6D0001E0000001F0000001E0000001F000000E0
:10C6E0001F0000001E0000001F0000001E000000D0
:10C6F0001F0000001F0000001D0000001F000000C0
:10C700001E0000001F0000001E0000001F000000AF
:10C710001F0000001E0000001F0000001E0000009F
:10C720001F000000412D46612D663839303132330B
:10C73000343536375D002B2D00303000785800003E
:08C74000903AFD7F01000000AA
:04C74800B50100082F
:04C74C00910100084F
:10C7500000000000000000000000000000000000D9
:10C7600000000000000000000000000000000000C9
:10C7700000000000000000000000000000000000B9
:10C7800000000000000000000000000000000000A9
:10C790000000000000000000000000000000000099
:10C7A0000000000000000000000000000000000089
:10C7B0000000000000000000000000000000000079
:10C7C0000000000000000000000000000000000069
:10C7D0000000000000000000000000000000000059
:10C7E0000000000000000000000000000000000049
:10C7F0000000000000000000000000000000000039
:10C800000000000000000000000000000000000028
:10C810000000000000000000000000000000000018
:10C820000000000000000000000000000000000008
:10C8300000000000000000000000000000000000F8
:10C8400000000000000000000000000000000000E8
:10C8500000000000000000000000000000000000D8
:10C8600000000000000000000000000000000000C8
:10C8700000000000000000000000000000000000B8
:10C8800000000000000000000000000000000000A8
:10C890000000000000000000000000000000000098
:10C8A0000000000000000000000000000000000088
:10C8B0000000000000000000000000000000000078
:10C8C0000000000000000000000000000000000068
:10C8D0000000000000000000000000000000000058
:10C8E0000000000000000000000000000000000048
:10C8F0000000000000000000000000000000000038
:10C900000000000000000000000000000000000027
:10C910000000000000000000000000000000000017
:10C920000000000000000000000000000000000007
:10C9300000000000000000000000000000000000F7
:10C9400000000000000000000000000000000000E7
:10C9500000000000000000000000000000000000D7
:10C9600000000000000000000000000000000000C7
:10C9700000000000000000000000000000000000B7
:10C9800000000000801500200024F40000000000DA
:10C9900000000000000000000000803F0000803F19
:10C9A0000000803F000000000000000000000000C8
:10C9B0004EB03A6C8E814595C5E26EE401010501E9
:10C9C000010101010101010000100000050000004B
:10C9D00005005501E803201C2D00000000000000A8
:10C9E00098F98E3C100000000101000006000000D4
:10C9F000AAAAAAAA0000000059F3F8C21F6EA50156
:10CA0000000000000000F03F0000000003000000F4
:10CA1000186501201FC402081FC40208430000005B
:10CA20000000000000000000000000000000000006
:10CA300000000000000000000000000043000000B3
:10CA400000000000000000000000000000000000E6
:10CA50000000000000000000000000004300000093
:10CA600000000000000000000000000000000000C6
:10CA70000000000000000000000000004300000073
:10CA800000000000000000000000000000000000A6
:10CA90000000000000000000000000004300000053
:10CAA0000000000000000000000000000000000086
:10CAB0000000000000000000000000004300000033
:10CAC0000000000000000000000000000000000066
:10CAD0000000000000000000000000004300000013
:10CAE0000000000000000000000000000000000046
:10CAF000000000000000000000000000B5930208E4
:10CB00002189020800000000B8C2020858C20208C9
:10CB1000ADC40208ADC40208ADC40208ADC4020829
:10CB2000ADC40208ADC40208ADC40208ADC4020819
:10CB3000ADC40208FFFFFFFFFFFFFFFFFFFFFFFF86
:10CB4000FFFF00000100415343494900000000007D
:10CB500000000000000000000000000000000000D5
:10CB6000000000000000415343494900000000005C
:10CB700000000000000000000000000000000000B5
:10CB800000000000000000003C0400200000000045
:10CB90001865012080650120E86501200000000083
:10CBA0000000000000000000000000000000000085
:10CBB0000000000000000000000000000000000075
:10CBC0000000000000000000000000000000000065
:10CBD0000000000000000000010000000000000054
:10CBE0004A000000000000000000000000000000FB
:10CBF0000000000000000000000000000000000035
:10CC000000000000000000004A00000000000000DA
:10CC10000000000000000000000000000000000014
:10CC20000000000000000000000000000000000004
:10CC300000000000000000000000000000000000F4
:10CC400000000000000000000000000000000000E4
:10CC500000000000000000000000000000000000D4
:10CC600000000000000000000000000000000000C4
:10CC700000000000000000000000000000000000B4
:10CC800000000000000000000000000000000000A4
:10CC90000000000000000000000000000000000094
:10CCA0000000000000000000000000000000000084
:10CCB0000000000000000000000000000000000074
:10CCC0000000000000000000000000000000000064
:10CCD0000000000000000000000000000000000054
:10CCE0000000000000000000000000000000000044
:10CCF0000000000000000000000000000000000034
:10CD00000000000000000000000000000000000023
:10CD10000000000000000000000000000000000013
:10CD20000000000000000000000000000000000003
:10CD300000000000000000000000000000000000F3
:10CD400000000000000000000000000000000000E3
:10CD500000000000000000000000000000000000D3
:10CD600000000000000000000000000000000000C3
:10CD700000000000000000000000000000000000B3
:10CD800000000000000000000000000000000000A3
:10CD90000000000000000000000000000000000093
:10CDA0000000000000000000000000000000000083
:10CDB0000000000000000000000000000000000073
:10CDC0000000000000000000000000000000000063
:10CDD0000000000000000000000000000000000053
:10CDE0000000000000000000000000000000000043
:10CDF0000000000000000000000000000000000033
:10CE00000000000000000000000000000000000022
:10CE10000000000000000000000000000000000012
:10CE20000000000000000000000000000000000002
:10CE300000000000000000000000000000000000F2
:10CE400000000000000000000000000000000000E2
:10CE500000000000000000000000000000000000D2
:10CE600000000000000000000000000000000000C2
:10CE700000000000000000000000000000000000B2
:10CE800000000000000000000000000000000000A2
:10CE90000000000000000000000000000000000092
:10CEA0000000000000000000000000000000000082
:10CEB0000000000000000000000000000000000072
:10CEC0000000000000000000000000000000000062
:10CED0000000000000000000000000000000000052
:10CEE0000000000000000000000000000000000042
:10CEF0000000000000000000000000000000000032
:10CF00000000000000000000000000000000000021
:10CF10000000000000000000000000000000000011
:10CF20000000000000000000000000000000000001
:10CF300000000000000000000000000000000000F1
:10CF400000000000000000000000000000000000E1
:10CF500000000000000000000000000000000000D1
:10CF600000000000000000000000000000000000C1
:10CF700000000000000000000000000000000000B1
:10CF800000000000000000000000000000000000A1
:10CF90000000000000000000000000000000000091
:10CFA0000000000000000000000000000000000081
:10CFB0000000000000000000000000000000000071
:10CFC0000000000000000000000000000000000061
:10CFD0000000000000000000000000000000000051
:10CFE0000000000000000000000000000000000041
:10CFF0000000000000000000000000000000000031
:10D000000000000000000000000000000000000020
:10D010000000000000000000000000000000000010
:10D020000000000000000000000000000000000000
:10D0300000000000000000000000000000000000F0
:10D0400000000000000000000000000000000000E0
:10D0500000000000000000000000000000000000D0
:10D0600000000000000000000000000000000000C0
:10D0700000000000000000000000000000000000B0
:10D0800000000000000000000000000000000000A0
:10D090000000000000000000000000000000000090
:10D0A0000000000000000000000000000000000080
:10D0B0000000000000000000000000000000000070
:10D0C0000000000000000000000000000000000060
:10D0D0000000000000000000000000000000000050
:10D0E0000000000000000000000000000000000040
:10D0F0000000000000000000000000000000000030
:10D10000000000000000000000000000000000001F
:10D11000000000000000000000000000000000000F
:10D1200000000000000000000000000000000000FF
:10D1300000000000000000000000000000000000EF
:10D1400000000000000000000000000000000000DF
:10D1500000000000000000000000000000000000CF
:10D1600000000000000000000000000000000000BF
:10D1700000000000000000000000000000000000AF
:10D18000000000000000000000000000000000009F
:10D19000000000000000000000000000000000008F
:10D1A000000000000000000000000000000000007F
:10D1B000000000000000000000000000000000006F
:10D1C000000000000000000000000000000000005F
:10D1D000000000000000000000000000000000004F
:10D1E000000000000000000000000000000000003F
:10D1F000000000000000000000000000000000002F
:10D20000000000000000000000000000000000001E
:10D21000000000000000000000000000000000000E
:10D2200000000000000000000000000000000000FE
:10D2300000000000000000000000000000000000EE
:10D2400000000000000000000000000000000000DE
:10D2500000000000000000000000000000000000CE
:10D2600000000000000000000000000000000000BE
:10D2700000000000000000000000000000000000AE
:10D28000000000000000000000000000000000009E
:10D29000000000000000000000000000000000008E
:10D2A000000000000000000000000000000000007E
:10D2B000000000000000000000000000000000006E
:10D2C000000000000000000000000000000000005E
:10D2D000000000000000000000000000000000004E
:10D2E000000000000000000000000000000000003E
:10D2F000000000000000000000000000000000002E
:10D30000000000000000000000000000000000001D
:10D31000000000000000000000000000000000000D
:10D3200000000000000000000000000000000000FD
:10D3300000000000000000000000000000000000ED
:10D3400000000000000000000000000000000000DD
:10D3500000000000000000000000000000000000CD
:10D3600000000000000000000000000000000000BD
:10D3700000000000000000000000000000000000AD
:10D38000000000000000000000000000000000009D
:10D39000000000000000000000000000000000008D
:10D3A000000000000000000000000000000000007D
:10D3B000000000000000000000000000000000006D
:10D3C000000000000000000000000000000000005D
:10D3D000000000000000000000000000000000004D
:10D3E000000000000000000000000000000000003D
:10D3F000000000000000000000000000000000002D
:10D40000000000000000000000000000000000001C
:10D41000000000000000000000000000000000000C
:10D4200000000000000000000000000000000000FC
:10D4300000000000000000000000000000000000EC
:10D4400000000000000000000000000000000000DC
:10D4500000000000000000000000000000000000CC
:10D4600000000000000000000000000000000000BC
:10D4700000000000000000000000000000000000AC
:10D48000000000000000000000000000000000009C
:10D49000000000000000000000000000000000008C
:10D4A000000000000000000000000000000000007C
:10D4B000000000000000000000000000000000006C
:10D4C000000000000000000000000000000000005C
:10D4D000000000000000000000000000000000004C
:10D4E000000000000000000000000000000000003C
:10D4F000000000000000000000000000000000002C
:10D50000000000000000000000000000000000001B
:10D51000000000000000000000000000000000000B
:10D5200000000000000000000000000000000000FB
:10D5300000000000000000000000000000000000EB
:10D5400000000000000000000000000000000000DB
:10D5500000000000000000000000000000000000CB
:10D5600000000000000000000000000000000000BB
:10D5700000000000000000000000000000000000AB
:10D58000000000000000000000000000000000009B
:10D59000000000000000000000000000000000008B
:10D5A000000000000000000000000000000000007B
:10D5B000000000000000000000000000000000006B
:10D5C000000000000000000000000000000000005B
:10D5D000000000000000000000000000000000004B
:10D5E000000000000000000000000000000000003B
:10D5F000000000000000000000000000000000002B
:10D60000000000000000000000000000000000001A
:10D61000000000000000000000000000000000000A
:10D6200000000000000000000000000000000000FA
:10D6300000000000000000000000000000000000EA
:10D6400000000000000000000000000000000000DA
:10D6500000000000000000000000000000000000CA
:10D6600000000000000000000000000000000000BA
:10D6700000000000000000000000000000000000AA
:10D68000000000000000000000000000000000009A
:10D69000000000000000000000000000000000008A
:10D6A000000000000000000000000000000000007A
:10D6B000000000000000000000000000000000006A
:10D6C000000000000000000000000000000000005A
:10D6D000000000000000000000000000000000004A
:10D6E000000000000000000000000000000000003A
:10D6F000000000000000000000000000000000002A
:10D700000000000000000000000000000000000019
:10D710000000000000000000000000000000000009
:10D7200000000000000000000000000000000000F9
:10D7300000000000000000000000000000000000E9
:10D7400000000000000000000000000000000000D9
:10D7500000000000000000000000000000000000C9
:10D7600000000000000000000000000000000000B9
:10D7700000000000000000000000000000000000A9
:10D780000000000000000000000000000000000099
:10D790000000000000000000000000000000000089
:10D7A0000000000000000000000000000000000079
:10D7B0000000000000000000000000000000000069
:10D7C0000000000000000000000000000000000059
:10D7D0000000000000000000000000000000000049
:10D7E0000000000000000000000000000000000039
:10D7F0000000000000000000000000000000000029
:10D800000000000000000000000000000000000018
:10D810000000000000000000000000000000000008
:10D8200000000000000000000000000000000000F8
:10D8300000000000000000000000000000000000E8
:10D8400000000000000000000000000000000000D8
:10D8500000000000000000000000000000000000C8
:10D8600000000000000000000000000000000000B8
:10D8700000000000000000000000000000000000A8
:10D880000000000000000000000000000000000098
:10D890000000000000000000000000000000000088
:10D8A0000000000000000000000000000000000078
:10D8B0000000000000000000000000000000000068
:10D8C0000000000000000000000000000000000058
:10D8D0000000000000000000000000000000000048
:10D8E0000000000000000000000000000000000038
:10D8F0000000000000000000000000000000000028
:10D900000000000000000000000000000000000017
:10D910000000000000000000000000000000000007
:10D9200000000000000000000000000000000000F7
:10D9300000000000000000000000000000000000E7
:10D9400000000000000000000000000000000000D7
:10D9500000000000000000000000000000000000C7
:10D9600000000000000000000000000000000000B7
:10D9700000000000000000000000000000000000A7
:10D980000000000000000000000000000000000097
:10D990000000000000000000000000000000000087
:10D9A0000000000000000000000000000000000077
:10D9B0000000000000000000000000000000000067
:10D9C0000000000000000000000000000000000057
:10D9D0000000000000000000000000000000000047
:10D9E0000000000000000000000000000000000037
:10D9F0000000000000000000000000000000000027
:10DA00000000000000000000000000000000000016
:10DA10000000000000000000000000000000000006
:10DA200000000000000000000000000000000000F6
:10DA300000000000000000000000000000000000E6
:10DA400000000000000000000000000000000000D6
:10DA500000000000000000000000000000000000C6
:10DA600000000000000000000000000000000000B6
:10DA700000000000000000000000000000000000A6
:10DA80000000000000000000000000000000000096
:10DA90000000000000000000000000000000000086
:10DAA0000000000000000000000000000000000076
:10DAB0000000000000000000000000000000000066
:10DAC0000000000000000000000000000000000056
:10DAD0000000000000000000000000000000000046
:10DAE0000000000000000000000000000000000036
:10DAF0000000000000000000000000000000000026
:10DB00000000000000000000000000000000000015
:10DB10000000000000000000000000000000000005
:10DB200000000000000000000000000000000000F5
:10DB300000000000000000000000000000000000E5
:10DB400000000000000000000000000000000000D5
:10DB500000000000000000000000000000000000C5
:10DB600000000000000000000000000000000000B5
:10DB700000000000000000000000000000000000A5
:10DB80000000000000000000000000000000000095
:10DB90000000000000000000000000000000000085
:10DBA0000000000000000000000000000000000075
:10DBB0000000000000000000000000000000000065
:10DBC0000000000000000000000000000000000055
:10DBD0000000000000000000000000000000000045
:10DBE0000000000000000000000000000000000035
:10DBF0000000000000000000000000000000000025
:10DC00000000000000000000000000000000000014
:10DC10000000000000000000000000000000000004
:10DC200000000000000000000000000000000000F4
:10DC300000000000000000000000000000000000E4
:10DC400000000000000000000000000000000000D4
:10DC500000000000000000000000000000000000C4
:10DC600000000000000000000000000000000000B4
:10DC700000000000000000000000000000000000A4
:10DC80000000000000000000000000000000000094
:10DC90000000000000000000000000000000000084
:10DCA0000000000000000000000000000000000074
:10DCB0000000000000000000000000000000000064
:10DCC0000000000000000000000000000000000054
:10DCD0000000000000000000000000000000000044
:10DCE0000000000000000000000000000000000034
:10DCF0000000000000000000000000000000000024
:10DD00000000000000000000000000000000000013
:10DD10000000000000000000000000000000000003
:10DD200000000000000000000000000000000000F3
:10DD300000000000000000000000000000000000E3
:10DD400000000000000000000000000000000000D3
:10DD500000000000000000000000000000000000C3
:10DD600000000000000000000000000000000000B3
:10DD700000000000000000000000000000000000A3
:10DD80000000000000000000000000000000000093
:10DD90000000000000000000000000000000000083
:10DDA0000000000000000000000000000000000073
:10DDB0000000000000000000000000000000000063
:10DDC0000000000000000000000000000000000053
:10DDD0000000000000000000000000000000000043
:10DDE0000000000000000000000000000000000033
:10DDF0000000000000000000000000000000000023
:10DE00000000000000000000000000000000000012
:10DE10000000000000000000000000000000000002
:10DE200000000000000000000000000000000000F2
:10DE300000000000000000000000000000000000E2
:10DE400000000000000000000000000000000000D2
:10DE500000000000000000000000000000000000C2
:10DE600000000000000000000000000000000000B2
:10DE700000000000000000000000000000000000A2
:10DE80000000000000000000000000000000000092
:10DE90000000000000000000000000000000000082
:10DEA0000000000000000000000000000000000072
:10DEB0000000000000000000000000000000000062
:10DEC0000000000000000000000000000000000052
:10DED0000000000000000000000000000000000042
:10DEE0000000000000000000000000000000000032
:10DEF0000000000000000000000000000000000022
:10DF00000000000000000000000000000000000011
:10DF10000000000000000000000000000000000001
:10DF200000000000000000000000000000000000F1
:10DF300000000000000000000000000000000000E1
:10DF400000000000000000000000000000000000D1
:10DF500000000000000000000000000000000000C1
:10DF600000000000000000000000000000000000B1
:10DF700000000000000000000000000000000000A1
:10DF80000000000000000000000000000000000091
:10DF90000000000000000000000000000000000081
:10DFA0000000000000000000000000000000000071
:10DFB0000000000000000000000000000000000061
:10DFC0000000000000000000000000000000000051
:10DFD0000000000000000000000000000000000041
:10DFE0000000000000000000000000000000000031
:10DFF0000000000000000000000000000000000021
:10E000000000000000000000000000000000000010
:10E010000000000000000000000000000000000000
:10E0200000000000000000000000000000000000F0
:10E0300000000000000000000000000000000000E0
:10E0400000000000000000000000000000000000D0
:10E0500000000000000000000000000000000000C0
:10E0600000000000000000000000000000000000B0
:10E0700000000000000000000000000000000000A0
:10E080000000000000000000000000000000000090
:10E090000000000000000000000000000000000080
:10E0A0000000000000000000000000000000000070
:10E0B0000000000000000000000000000000000060
:10E0C0000000000000000000000000000000000050
:10E0D0000000000000000000000000000000000040
:10E0E0000000000000000000000000000000000030
:10E0F0000000000000000000000000000000000020
:10E10000000000000000000000000000000000000F
:10E1100000000000000000000000000000000000FF
:10E1200000000000000000000000000000000000EF
:10E1300000000000000000000000000000000000DF
:10E1400000000000000000000000000000000000CF
:10E1500000000000000000000000000000000000BF
:10E1600000000000000000000000000000000000AF
:10E17000000000000000000000000000000000009F
:10E18000000000000000000000000000000000008F
:10E19000000000000000000000000000000000007F
:10E1A000000000000000000000000000000000006F
:10E1B000000000000000000000000000000000005F
:10E1C000000000000000000000000000000000004F
:10E1D000000000000000000000000000000000003F
:10E1E000000000000000000000000000000000002F
:10E1F000000000000000000000000000000000001F
:10E20000000000000000000000000000000000000E
:10E2100000000000000000000000000000000000FE
:10E2200000000000000000000000000000000000EE
:10E2300000000000000000000000000000000000DE
:10E2400000000000000000000000000000000000CE
:10E2500000000000000000000000000000000000BE
:10E2600000000000000000000000000000000000AE
:10E27000000000000000000000000000000000009E
:10E28000000000000000000000000000000000008E
:10E29000000000000000000000000000000000007E
:10E2A000000000000000000000000000000000006E
:10E2B000000000000000000000000000000000005E
:10E2C000000000000000000000000000000000004E
:10E2D000000000000000000000000000000000003E
:10E2E000000000000000000000000000000000002E
:10E2F000000000000000000000000000000000001E
:10E30000000000000000000000000000000000000D
:10E3100000000000000000000000000000000000FD
:10E3200000000000000000000000000000000000ED
:10E3300000000000000000000000000000000000DD
:10E3400000000000000000000000000000000000CD
:10E3500000000000000000000000000000000000BD
:10E3600000000000000000000000000000000000AD
:10E37000000000000000000000000000000000009D
:10E38000000000000000000000000000000000008D
:10E39000000000000000000000000000000000007D
:10E3A000000000000000000000000000000000006D
:10E3B000000000000000000000000000000000005D
:10E3C000000000000000000000000000000000004D
:10E3D000000000000000000000000000000000003D
:10E3E000000000000000000000000000000000002D
:10E3F000000000000000000000000000000000001D
:10E40000000000000000000000000000000000000C
:10E4100000000000000000000000000000000000FC
:10E4200000000000000000000000000000000000EC
:10E4300000000000000000000000000000000000DC
:10E4400000000000000000000000000000000000CC
:10E4500000000000000000000000000000000000BC
:10E4600000000000000000000000000000000000AC
:10E47000000000000000000000000000000000009C
:10E48000000000000000000000000000000000008C
:10E49000000000000000000000000000000000007C
:10E4A000000000000000000000000000000000006C
:10E4B000000000000000000000000000000000005C
:10E4C000000000000000000000000000000000004C
:10E4D000000000000000000000000000000000003C
:10E4E000000000000000000000000000000000002C
:10E4F000000000000000000000000000000000001C
:10E50000000000000000000000000000000000000B
:10E5100000000000000000000000000000000000FB
:10E5200000000000000000000000000000000000EB
:10E5300000000000000000000000000000000000DB
:10E5400000000000000000000000000000000000CB
:10E5500000000000000000000000000000000000BB
:10E5600000000000000000000000000000000000AB
:10E57000000000000000000000000000000000009B
:10E58000000000000000000000000000000000008B
:10E59000000000000000000000000000000000007B
:10E5A000000000000000000000000000000000006B
:10E5B000000000000000000000000000000000005B
:10E5C000000000000000000000000000000000004B
:10E5D000000000000000000000000000000000003B
:10E5E000000000000000000000000000000000002B
:10E5F000000000000000000000000000000000001B
:10E60000000000000000000000000000000000000A
:10E6100000000000000000000000000000000000FA
:10E6200000000000000000000000000000000000EA
:10E6300000000000000000000000000000000000DA
:10E6400000000000000000000000000000000000CA
:10E6500000000000000000000000000000000000BA
:10E6600000000000000000000000000000000000AA
:10E67000000000000000000000000000000000009A
:10E68000000000000000000000000000000000008A
:10E69000000000000000000000000000000000007A
:10E6A000000000000000000000000000000000006A
:10E6B000000000000000000000000000000000005A
:10E6C000000000000000000000000000000000004A
:10E6D000000000000000000000000000000000003A
:10E6E000000000000000000000000000000000002A
:10E6F000000000000000000000000000000000001A
:10E700000000000000000000000000000000000009
:10E7100000000000000000000000000000000000F9
:10E7200000000000000000000000000000000000E9
:10E7300000000000000000000000000000000000D9
:10E7400000000000000000000000000000000000C9
:10E7500000000000000000000000000000000000B9
:10E7600000000000000000000000000000000000A9
:10E770000000000000000000000000000000000099
:10E780000000000000000000000000000000000089
:10E790000000000000000000000000000000000079
:10E7A0000000000000000000000000000000000069
:10E7B0000000000000000000000000000000000059
:10E7C0000000000000000000000000000000000049
:10E7D0000000000000000000000000000000000039
:10E7E0000000000000000000000000000000000029
:10E7F0000000000000000000000000000000000019
:10E800000000000000000000000000000000000008
:10E8100000000000000000000000000000000000F8
:10E8200000000000000000000000000000000000E8
:10E8300000000000000000000000000000000000D8
:10E8400000000000000000000000000000000000C8
:10E8500000000000000000000000000000000000B8
:10E8600000000000000000000000000000000000A8
:10E870000000000000000000000000000000000098
:10E880000000000000000000000000000000000088
:10E890000000000000000000000000000000000078
:10E8A0000000000000000000000000000000000068
:10E8B0000000000000000000000000000000000058
:10E8C0000000000000000000000000000000000048
:10E8D0000000000000000000000000000000000038
:10E8E0000000000000000000000000000000000028
:10E8F0000000000000000000000000000000000018
:10E900000000000000000000000000000000000007
:10E9100000000000000000000000000000000000F7
:10E9200000000000000000000000000000000000E7
:10E9300000000000000000000000000000000000D7
:10E9400000000000000000000000000000000000C7
:10E9500000000000000000000000000000000000B7
:10E9600000000000000000000000000000000000A7
:10E970000000000000000000000000000000000097
:10E980000000000000000000000000000000000087
:10E990000000000000000000000000000000000077
:10E9A0000000000000000000000000000000000067
:10E9B0000000000000000000000000000000000057
:10E9C0000000000000000000000000000000000047
:10E9D0000000000000000000000000000000000037
:10E9E0000000000000000000000000000000000027
:10E9F0000000000000000000000000000000000017
:10EA00000000000000000000000000000000000006
:10EA100000000000000000000000000000000000F6
:10EA200000000000000000000000000000000000E6
:10EA300000000000000000000000000000000000D6
:10EA400000000000000000000000000000000000C6
:10EA500000000000000000000000000000000000B6
:10EA600000000000000000000000000000000000A6
:10EA70000000000000000000000000000000000096
:10EA80000000000000000000000000000000000086
:10EA90000000000000000000000000000000000076
:10EAA0000000000000000000000000000000000066
:10EAB0000000000000000000000000000000000056
:10EAC0000000000000000000000000000000000046
:10EAD0000000000000000000000000000000000036
:10EAE0000000000000000000000000000000000026
:10EAF0000000000000000000000000000000000016
:10EB00000000000000000000000000000000000005
:10EB100000000000000000000000000000000000F5
:10EB200000000000000000000000000000000000E5
:10EB300000000000000000000000000000000000D5
:10EB400000000000000000000000000000000000C5
:10EB500000000000000000000000000000000000B5
:10EB600000000000000000000000000000000000A5
:10EB70000000000000000000000000000000000095
:10EB80000000000000000000000000000000000085
:10EB90000000000000000000000000000000000075
:10EBA0000000000000000000000000000000000065
:10EBB0000000000000000000000000000000000055
:10EBC0000000000000000000000000000000000045
:10EBD0000000000000000000000000000000000035
:10EBE0000000000000000000000000000000000025
:10EBF0000000000000000000000000000000000015
:10EC00000000000000000000000000000000000004
:10EC100000000000000000000000000000000000F4
:10EC200000000000000000000000000000000000E4
:10EC300000000000000000000000000000000000D4
:10EC400000000000000000000000000000000000C4
:10EC500000000000000000000000000000000000B4
:10EC600000000000000000000000000000000000A4
:10EC70000000000000000000000000000000000094
:10EC80000000000000000000000000000000000084
:10EC90000000000000000000000000000000000074
:10ECA0000000000000000000000000000000000064
:10ECB0000000000000000000000000000000000054
:10ECC0000000000000000000000000000000000044
:10ECD0000000000000000000000000000000000034
:10ECE0000000000000000000000000000000000024
:10ECF0000000000000000000000000000000000014
:10ED00000000000000000000000000000000000003
:10ED100000000000000000000000000000000000F3
:10ED200000000000000000000000000000000000E3
:10ED300000000000000000000000000000000000D3
:10ED400000000000000000000000000000000000C3
:10ED500000000000000000000000000000000000B3
:10ED600000000000000000000000000000000000A3
:10ED70000000000000000000000000000000000093
:10ED80000000000000000000000000000000000083
:10ED90000000000000000000000000000000000073
:10EDA0000000000000000000000000000000000063
:10EDB0000000000000000000000000000000000053
:10EDC0000000000000000000000000000000000043
:10EDD0000000000000000000000000000000000033
:10EDE0000000000000000000000000000000000023
:10EDF0000000000000000000000000000000000013
:10EE00000000000000000000000000000000000002
:10EE100000000000000000000000000000000000F2
:10EE200000000000000000000000000000000000E2
:10EE300000000000000000000000000000000000D2
:10EE400000000000000000000000000000000000C2
:10EE500000000000000000000000000000000000B2
:10EE600000000000000000000000000000000000A2
:10EE70000000000000000000000000000000000092
:10EE80000000000000000000000000000000000082
:10EE90000000000000000000000000000000000072
:10EEA0000000000000000000000000000000000062
:10EEB0000000000000000000000000000000000052
:10EEC0000000000000000000000000000000000042
:10EED0000000000000000000000000000000000032
:10EEE0000000000000000000000000000000000022
:10EEF0000000000000000000000000000000000012
:10EF00000000000000000000000000000000000001
:10EF100000000000000000000000000000000000F1
:10EF200000000000000000000000000000000000E1
:10EF300000000000000000000000000000000000D1
:10EF400000000000000000000000000000000000C1
:10EF500000000000000000000000000000000000B1
:10EF600000000000000000000000000000000000A1
:10EF70000000000000000000000000000000000091
:10EF80000000000000000000000000000000000081
:10EF90000000000000000000000000000000000071
:10EFA0000000000000000000000000000000000061
:10EFB0000000000000000000000000000000000051
:10EFC0000000000000000000000000000000000041
:10EFD0000000000000000000000000000000000031
:10EFE0000000000000000000000000000000000021
:10EFF0000000000000000000000000000000000011
:10F000000000000000000000000000000000000000
:10F0100000000000000000000000000000000000F0
:10F0200000000000000000000000000000000000E0
:10F0300000000000000000000000000000000000D0
:10F0400000000000000000000000000000000000C0
:10F0500000000000000000000000000000000000B0
:10F0600000000000000000000000000000000000A0
:10F070000000000000000000000000000000000090
:10F080000000000000000000000000000000000080
:10F090000000000000000000000000000000000070
:10F0A0000000000000000000000000000000000060
:10F0B0000000000000000000000000000000000050
:10F0C0000000000000000000000000000000000040
:10F0D0000000000000000000000000000000000030
:10F0E0000000000000000000000000000000000020
:10F0F0000000000000000000000000000000000010
:10F1000000000000000000000000000000000000FF
:10F1100000000000000000000000000000000000EF
:10F1200000000000000000000000000000000000DF
:10F1300000000000000000000000000000000000CF
:10F1400000000000000000000000000000000000BF
:10F1500000000000000000000000000000000000AF
:10F16000000000000000000000000000000000009F
:10F17000000000000000000000000000000000008F
:10F18000000000000000000000000000000000007F
:10F19000000000000000000000000000000000006F
:10F1A000000000000000000000000000000000005F
:10F1B000000000000000000000000000000000004F
:10F1C000000000000000000000000000000000003F
:10F1D000000000000000000000000000000000002F
:10F1E000000000000000000000000000000000001F
:10F1F000000000000000000000000000000000000F
:10F2000000000000000000000000000000000000FE
:10F2100000000000000000000000000000000000EE
:10F2200000000000000000000000000000000000DE
:10F2300000000000000000000000000000000000CE
:10F2400000000000000000000000000000000000BE
:10F2500000000000000000000000000000000000AE
:10F26000000000000000000000000000000000009E
:10F27000000000000000000000000000000000008E
:10F28000000000000000000000000000000000007E
:10F29000000000000000000000000000000000006E
:10F2A000000000000000000000000000000000005E
:10F2B000000000000000000000000000000000004E
:10F2C000000000000000000000000000000000003E
:10F2D000000000000000000000000000000000002E
:10F2E000000000000000000000000000000000001E
:10F2F000000000000000000000000000000000000E
:10F3000000000000000000000000000000000000FD
:10F3100000000000000000000000000000000000ED
:10F3200000000000000000000000000000000000DD
:10F3300000000000000000000000000000000000CD
:10F3400000000000000000000000000000000000BD
:10F3500000000000000000000000000000000000AD
:10F36000000000000000000000000000000000009D
:10F37000000000000000000000000000000000008D
:10F38000000000000000000000000000000000007D
:10F39000000000000000000000000000000000006D
:10F3A000000000000000000000000000000000005D
:10F3B000000000000000000000000000000000004D
:10F3C000000000000000000000000000000000003D
:10F3D000000000000000000000000000000000002D
:10F3E000000000000000000000000000000000001D
:10F3F000000000000000000000000000000000000D
:10F4000000000000000000000000000000000000FC
:10F4100000000000000000000000000000000000EC
:10F4200000000000000000000000000000000000DC
:10F4300000000000000000000000000000000000CC
:10F4400000000000000000000000000000000000BC
:10F4500000000000000000000000000000000000AC
:10F46000000000000000000000000000000000009C
:10F47000000000000000000000000000000000008C
:10F48000000000000000000000000000000000007C
:10F49000000000000000000000000000000000006C
:10F4A000000000000000000000000000000000005C
:10F4B000000000000000000000000000000000004C
:10F4C000000000000000000000000000000000003C
:10F4D000000000000000000000000000000000002C
:10F4E000000000000000000000000000000000001C
:10F4F000000000000000000000000000000000000C
:10F5000000000000000000000000000000000000FB
:10F5100000000000000000000000000000000000EB
:10F5200000000000000000000000000000000000DB
:10F5300000000000000000000000000000000000CB
:10F5400000000000000000000000000000000000BB
:10F5500000000000000000000000000000000000AB
:10F56000000000000000000000000000000000009B
:10F57000000000000000000000000000000000008B
:10F58000000000000000000000000000000000007B
:10F59000000000000000000000000000000000006B
:10F5A000000000000000000000000000000000005B
:10F5B000000000000000000000000000000000004B
:10F5C000000000000000000000000000000000003B
:10F5D000000000000000000000000000000000002B
:10F5E000000000000000000000000000000000001B
:10F5F000000000000000000000000000000000000B
:10F6000000000000000000000000000000000000FA
:10F6100000000000000000000000000000000000EA
:10F6200000000000000000000000000000000000DA
:10F6300000000000000000000000000000000000CA
:10F6400000000000000000000000000000000000BA
:10F6500000000000000000000000000000000000AA
:10F66000000000000000000000000000000000009A
:10F67000000000000000000000000000000000008A
:10F68000000000000000000000000000000000007A
:10F69000000000000000000000000000000000006A
:10F6A000000000000000000000000000000000005A
:10F6B000000000000000000000000000000000004A
:10F6C000000000000000000000000000000000003A
:10F6D000000000000000000000000000000000002A
:10F6E000000000000000000000000000000000001A
:10F6F000000000000000000000000000000000000A
:10F7000000000000000000000000000000000000F9
:10F7100000000000000000000000000000000000E9
:10F7200000000000000000000000000000000000D9
:10F7300000000000000000000000000000000000C9
:10F7400000000000000000000000000000000000B9
:10F7500000000000000000000000000000000000A9
:10F760000000000000000000000000000000000099
:10F770000000000000000000000000000000000089
:10F780000000000000000000000000000000000079
:10F790000000000000000000000000000000000069
:10F7A0000000000000000000000000000000000059
:10F7B0000000000000000000000000000000000049
:10F7C0000000000000000000000000000000000039
:10F7D0000000000000000000000000000000000029
:10F7E0000000000000000000000000000000000019
:10F7F0000000000000000000000000000000000009
:10F8000000000000000000000000000000000000F8
:10F8100000000000000000000000000000000000E8
:10F8200000000000000000000000000000000000D8
:10F8300000000000000000000000000000000000C8
:10F8400000000000000000000000000000000000B8
:10F8500000000000000000000000000000000000A8
:10F860000000000000000000000000000000000098
:10F870000000000000000000000000000000000088
:10F880000000000000000000000000000000000078
:10F890000000000000000000000000000000000068
:10F8A0000000000000000000000000000000000058
:10F8B0000000000000000000000000000000000048
:10F8C0000000000000000000000000000000000038
:10F8D0000000000000000000000000000000000028
:10F8E0000000000000000000000000000000000018
:10F8F0000000000000000000000000000000000008
:10F9000000000000000000000000000000000000F7
:10F9100000000000000000000000000000000000E7
:10F9200000000000000000000000000000000000D7
:10F9300000000000000000000000000000000000C7
:10F9400000000000000000000000000000000000B7
:10F9500000000000000000000000000000000000A7
:10F960000000000000000000000000000000000097
:10F970000000000000000000000000000000000087
:10F980000000000000000000000000000000000077
:10F990000000000000000000000000000000000067
:10F9A0000000000000000000000000000000000057
:10F9B0000000000000000000000000000000000047
:10F9C0000000000000000000000000000000000037
:10F9D0000000000000000000000000000000000027
:10F9E0000000000000000000000000000000000017
:10F9F0000000000000000000000000000000000007
:10FA000000000000000000000000000000000000F6
:10FA100000000000000000000000000000000000E6
:10FA200000000000000000000000000000000000D6
:10FA300000000000000000000000000000000000C6
:10FA400000000000000000000000000000000000B6
:10FA500000000000000000000000000000000000A6
:10FA60000000000000000000000000000000000096
:10FA70000000000000000000000000000000000086
:10FA80000000000000000000000000000000000076
:10FA90000000000000000000000000000000000066
:10FAA0000000000000000000000000000000000056
:10FAB0000000000000000000000000000000000046
:10FAC0000000000000000000000000000000000036
:10FAD0000000000000000000000000000000000026
:10FAE0000000000000000000000000000000000016
:10FAF0000000000000000000000000000000000006
:10FB000000000000000000000000000000000000F5
:10FB100000000000000000000000000000000000E5
:10FB200000000000000000000000000000000000D5
:10FB300000000000000000000000000000000000C5
:10FB400000000000000000000000000000000000B5
:10FB500000000000000000000000000000000000A5
:10FB60000000000000000000000000000000000095
:10FB70000000000000000000000000000000000085
:10FB80000000000000000000000000000000000075
:10FB90000000000000000000000000000000000065
:10FBA0000000000000000000000000000000000055
:10FBB0000000000000000000000000000000000045
:10FBC0000000000000000000000000000000000035
:10FBD0000000000000000000000000000000000025
:10FBE0000000000000000000000000000000000015
:10FBF0000000000000000000000000000000000005
:10FC000000000000000000000000000000000000F4
:10FC100000000000000000000000000000000000E4
:10FC200000000000000000000000000000000000D4
:10FC300000000000000000000000000000000000C4
:10FC400000000000000000000000000000000000B4
:10FC500000000000000000000000000000000000A4
:10FC60000000000000000000000000000000000094
:10FC70000000000000000000000000000000000084
:10FC80000000000000000000000000000000000074
:10FC90000000000000000000000000000000000064
:10FCA0000000000000000000000000000000000054
:10FCB0000000000000000000000000000000000044
:10FCC0000000000000000000000000000000000034
:10FCD0000000000000000000000000000000000024
:10FCE0000000000000000000000000000000000014
:10FCF0000000000000000000000000000000000004
:10FD000000000000000000000000000000000000F3
:10FD100000000000000000000000000000000000E3
:10FD200000000000000000000000000000000000D3
:10FD300000000000000000000000000000000000C3
:10FD400000000000000000000000000000000000B3
:10FD500000000000000000000000000000000000A3
:10FD60000000000000000000000000000000000093
:10FD70000000000000000000000000000000000083
:10FD80000000000000000000000000000000000073
:10FD90000000000000000000000000000000000063
:10FDA0000000000000000000000000000000000053
:10FDB0000000000000000000000000000000000043
:10FDC0000000000000000000000000000000000033
:10FDD0000000000000000000000000000000000023
:10FDE0000000000000000000000000000000000013
:10FDF0000000000000000000000000000000000003
:10FE000000000000000000000000000000000000F2
:10FE100000000000000000000000000000000000E2
:10FE200000000000000000000000000000000000D2
:10FE300000000000000000000000000000000000C2
:10FE400000000000000000000000000000000000B2
:10FE500000000000000000000000000000000000A2
:10FE60000000000000000000000000000000000092
:10FE70000000000000000000000000000000000082
:10FE80000000000000000000000000000000000072
:10FE90000000000000000000000000000000000062
:10FEA0000000000000000000000000000000000052
:10FEB0000000000000000000000000000000000042
:10FEC0000000000000000000000000000000000032
:10FED0000000000000000000000000000000000022
:10FEE0000000000000000000000000000000000012
:10FEF0000000000000000000000000000000000002
:10FF000000000000000000000000000000000000F1
:10FF100000000000000000000000000000000000E1
:10FF200000000000000000000000000000000000D1
:10FF300000000000000000000000000000000000C1
:10FF400000000000000000000000000000000000B1
:10FF500000000000000000000000000000000000A1
:10FF60000000000000000000000000000000000091
:10FF70000000000000000000000000000000000081
:10FF80000000000000000000000000000000000071
:10FF90000000000000000000000000000000000061
:10FFA0000000000000000000000000000000000051
:10FFB0000000000000000000000000000000000041
:10FFC0000000000000000000000000000000000031
:10FFD0000000000000000000000000000000000021
:10FFE0000000000000000000000000000000000011
:10FFF0000000000000000000000000000000000001
:020000040803EF
:1000000000000000000000000000000000000000F0
:1000100000000000000000000000000000000000E0
:1000200000000000000000000000000000000000D0
:1000300000000000000000000000000000000000C0
:1000400000000000000000000000000000000000B0
:1000500000000000000000000000000000000000A0
:100060000000000000000000000000000000000090
:100070000000000000000000000000000000000080
:100080000000000000000000000000000000000070
:100090000000000000000000000000000000000060
:1000A0000000000000000000000000000000000050
:1000B0000000000000000000000000000000000040
:1000C0000000000000000000000000000000000030
:1000D0000000000000000000000000000000000020
:1000E0000000000000000000000000000000000010
:1000F0000000000000000000000000000000000000
:1001000000000000000000000000000000000000EF
:1001100000000000000000000000000000000000DF
:1001200000000000000000000000000000000000CF
:1001300000000000000000000000000000000000BF
:1001400000000000000000000000000000000000AF
:10015000000000000000000000000000000000009F
:10016000000000000000000000000000000000008F
:10017000000000000000000000000000000000007F
:10018000000000000000000000000000000000006F
:10019000000000000000000000000000000000005F
:1001A000000000000000000000000000000000004F
:1001B000000000000000000000000000000000003F
:1001C000000000000000000000000000000000002F
:1001D000000000000000000000000000000000001F
:1001E000000000000000000000000000000000000F
:1001F00000000000000000000000000000000000FF
:1002000000000000000000000000000000000000EE
:1002100000000000000000000000000000000000DE
:1002200000000000000000000000000000000000CE
:1002300000000000000000000000000000000000BE
:1002400000000000000000000000000000000000AE
:10025000000000000000000000000000000000009E
:10026000000000000000000000000000000000008E
:10027000000000000000000000000000000000007E
:10028000000000000000000000000000000000006E
:10029000000000000000000000000000000000005E
:1002A000000000000000000000000000000000004E
:1002B000000000000000000000000000000000003E
:1002C000000000000000000000000000000000002E
:1002D000000000000000000000000000000000001E
:1002E000000000000000000000000000000000000E
:1002F00000000000000000000000000000000000FE
:1003000000000000000000000000000000000000ED
:1003100000000000000000000000000000000000DD
:1003200000000000000000000000000000000000CD
:1003300000000000000000000000000000000000BD
:1003400000000000000000000000000000000000AD
:10035000000000000000000000000000000000009D
:10036000000000000000000000000000000000008D
:10037000000000000000000000000000000000007D
:10038000000000000000000000000000000000006D
:10039000000000000000000000000000000000005D
:1003A000000000000000000000000000000000004D
:1003B000000000000000000000000000000000003D
:1003C000000000000000000000000000000000002D
:1003D000000000000000000000000000000000001D
:1003E000000000000000000000000000000000000D
:1003F00000000000000000000000000000000000FD
:1004000000000000000000000000000000000000EC
:1004100000000000000000000000000000000000DC
:1004200000000000000000000000000000000000CC
:1004300000000000000000000000000000000000BC
:1004400000000000000000000000000000000000AC
:10045000000000000000000000000000000000009C
:10046000000000000000000000000000000000008C
:10047000000000000000000000000000000000007C
:10048000000000000000000000000000000000006C
:10049000000000000000000000000000000000005C
:1004A000000000000000000000000000000000004C
:1004B000000000000000000000000000000000003C
:1004C000000000000000000000000000000000002C
:1004D000000000000000000000000000000000001C
:1004E000000000000000000000000000000000000C
:1004F00000000000000000000000000000000000FC
:1005000000000000000000000000000000000000EB
:1005100000000000000000000000000000000000DB
:1005200000000000000000000000000000000000CB
:1005300000000000000000000000000000000000BB
:1005400000000000000000000000000000000000AB
:10055000000000000000000000000000000000009B
:10056000000000000000000000000000000000008B
:10057000000000000000000000000000000000007B
:10058000000000000000000000000000000000006B
:10059000000000000000000000000000000000005B
:1005A000000000000000000000000000000000004B
:1005B000000000000000000000000000000000003B
:1005C000000000000000000000000000000000002B
:1005D000000000000000000000000000000000001B
:1005E000000000000000000000000000000000000B
:1005F00000000000000000000000000000000000FB
:1006000000000000000000000000000000000000EA
:1006100000000000000000000000000000000000DA
:1006200000000000000000000000000000000000CA
:1006300000000000000000000000000000000000BA
:1006400000000000000000000000000000000000AA
:10065000000000000000000000000000000000009A
:10066000000000000000000000000000000000008A
:10067000000000000000000000000000000000007A
:10068000000000000000000000000000000000006A
:10069000000000000000000000000000000000005A
:1006A000000000000000000000000000000000004A
:1006B000000000000000000000000000000000003A
:1006C000000000000000000000000000000000002A
:1006D000000000000000000000000000000000001A
:1006E000000000000000000000000000000000000A
:1006F00000000000000000000000000000000000FA
:1007000000000000000000000000000000000000E9
:1007100000000000000000000000000000000000D9
:1007200000000000000000000000000000000000C9
:1007300000000000000000000000000000000000B9
:1007400000000000000000000000000000000000A9
:100750000000000000000000000000000000000099
:100760000000000000000000000000000000000089
:100770000000000000000000000000000000000079
:100780000000000000000000000000000000000069
:100790000000000000000000000000000000000059
:1007A0000000000000000000000000000000000049
:1007B0000000000000000000000000000000000039
:1007C0000000000000000000000000000000000029
:1007D0000000000000000000000000000000000019
:1007E0000000000000000000000000000000000009
:1007F00000000000000000000000000000000000F9
:1008000000000000000000000000000000000000E8
:1008100000000000000000000000000000000000D8
:1008200000000000000000000000000000000000C8
:1008300000000000000000000000000000000000B8
:1008400000000000000000000000000000000000A8
:100850000000000000000000000000000000000098
:100860000000000000000000000000000000000088
:100870000000000000000000000000000000000078
:100880000000000000000000000000000000000068
:100890000000000000000000000000000000000058
:1008A0000000000000000000000000000000000048
:1008B0000000000000000000000000000000000038
:1008C0000000000000000000000000000000000028
:1008D0000000000000000000000000000000000018
:1008E0000000000000000000000000000000000008
:1008F00000000000000000000000000000000000F8
:1009000000000000000000000000000000000000E7
:1009100000000000000000000000000000000000D7
:1009200000000000000000000000000000000000C7
:1009300000000000000000000000000000000000B7
:1009400000000000000000000000000000000000A7
:100950000000000000000000000000000000000097
:100960000000000000000000000000000000000087
:100970000000000000000000000000000000000077
:100980000000000000000000000000000000000067
:100990000000000000000000000000000000000057
:1009A0000000000000000000000000000000000047
:1009B0000000000000000000000000000000000037
:1009C0000000000000000000000000000000000027
:1009D0000000000000000000000000000000000017
:1009E0000000000000000000000000000000000007
:1009F00000000000000000000000000000000000F7
:100A000000000000000000000000000000000000E6
:100A100000000000000000000000000000000000D6
:100A200000000000000000000000000000000000C6
:100A300000000000000000000000000000000000B6
:100A400000000000000000000000000000000000A6
:100A50000000000000000000000000000000000096
:100A60000000000000000000000000000000000086
:100A70000000000000000000000000000000000076
:100A80000000000000000000000000000000000066
:100A90000000000000000000000000000000000056
:100AA0000000000000000000000000000000000046
:100AB0000000000000000000000000000000000036
:100AC0000000000000000000000000000000000026
:100AD0000000000000000000000000000000000016
:100AE0000000000000000000000000000000000006
:100AF00000000000000000000000000000000000F6
:100B000000000000000000000000000000000000E5
:100B100000000000000000000000000000000000D5
:100B200000000000000000000000000000000000C5
:100B300000000000000000000000000000000000B5
:100B400000000000000000000000000000000000A5
:100B50000000000000000000000000000000000095
:100B60000000000000000000000000000000000085
:100B70000000000000000000000000000000000075
:100B80000000000000000000000000000000000065
:100B90000000000000000000000000000000000055
:100BA0000000000000000000000000000000000045
:100BB0000000000000000000000000000000000035
:100BC0000000000000000000000000000000000025
:100BD0000000000000000000000000000000000015
:100BE0000000000000000000000000000000000005
:100BF00000000000000000000000000000000000F5
:100C000000000000000000000000000000000000E4
:100C100000000000000000000000000000000000D4
:100C200000000000000000000000000000000000C4
:100C300000000000000000000000000000000000B4
:100C400000000000000000000000000000000000A4
:100C50000000000000000000000000000000000094
:100C60000000000000000000000000000000000084
:100C70000000000000000000000000000000000074
:100C80000000000000000000000000000000000064
:100C90000000000000000000000000000000000054
:100CA0000000000000000000000000000000000044
:100CB0000000000000000000000000000000000034
:100CC0000000000000000000000000000000000024
:100CD0000000000000000000000000000000000014
:100CE0000000000000000000000000000000000004
:100CF00000000000000000000000000000000000F4
:100D000000000000000000000000000000000000E3
:100D100000000000000000000000000000000000D3
:100D200000000000000000000000000000000000C3
:100D300000000000000000000000000000000000B3
:100D400000000000000000000000000000000000A3
:100D50000000000000000000000000000000000093
:100D60000000000000000000000000000000000083
:100D70000000000000000000000000000000000073
:100D80000000000000000000000000000000000063
:100D90000000000000000000000000000000000053
:100DA0000000000000000000000000000000000043
:100DB0000000000000000000000000000000000033
:100DC0000000000000000000000000000000000023
:100DD0000000000000000000000000000000000013
:100DE0000000000000000000000000000000000003
:100DF00000000000000000000000000000000000F3
:100E000000000000000000000000000000000000E2
:100E100000000000000000000000000000000000D2
:100E200000000000000000000000000000000000C2
:100E300000000000000000000000000000000000B2
:100E400000000000000000000000000000000000A2
:100E50000000000000000000000000000000000092
:100E60000000000000000000000000000000000082
:100E70000000000000000000000000000000000072
:100E80000000000000000000000000000000000062
:100E90000000000000000000000000000000000052
:100EA0000000000000000000000000000000000042
:100EB0000000000000000000000000000000000032
:100EC0000000000000000000000000000000000022
:100ED0000000000000000000000000000000000012
:100EE0000000000000000000000000000000000002
:100EF00000000000000000000000000000000000F2
:100F000000000000000000000000000000000000E1
:100F100000000000000000000000000000000000D1
:100F200000000000000000000000000000000000C1
:100F300000000000000000000000000000000000B1
:100F400000000000000000000000000000000000A1
:100F50000000000000000000000000000000000091
:100F60000000000000000000000000000000000081
:100F70000000000000000000000000000000000071
:100F80000000000000000000000000000000000061
:100F90000000000000000000000000000000000051
:100FA0000000000000000000000000000000000041
:100FB0000000000000000000000000000000000031
:100FC0000000000000000000000000000000000021
:100FD0000000000000000000000000000000000011
:100FE0000000000000000000000000000000000001
:100FF00000000000000000000000000000000000F1
:1010000000000000000000000000000000000000E0
:1010100000000000000000000000000000000000D0
:1010200000000000000000000000000000000000C0
:1010300000000000000000000000000000000000B0
:1010400000000000000000000000000000000000A0
:101050000000000000000000000000000000000090
:101060000000000000000000000000000000000080
:101070000000000000000000000000000000000070
:101080000000000000000000000000000000000060
:101090000000000000000000000000000000000050
:1010A0000000000000000000000000000000000040
:1010B0000000000000000000000000000000000030
:1010C0000000000000000000000000000000000020
:1010D0000000000000000000000000000000000010
:1010E0000000000000000000000000000000000000
:1010F00000000000000000000000000000000000F0
:1011000000000000000000000000000000000000DF
:1011100000000000000000000000000000000000CF
:1011200000000000000000000000000000000000BF
:1011300000000000000000000000000000000000AF
:10114000000000000000000000000000000000009F
:10115000000000000000000000000000000000008F
:10116000000000000000000000000000000000007F
:10117000000000000000000000000000000000006F
:10118000000000000000000000000000000000005F
:10119000000000000000000000000000000000004F
:1011A000000000000000000000000000000000003F
:1011B000000000000000000000000000000000002F
:1011C000000000000000000000000000000000001F
:1011D000000000000000000000000000000000000F
:1011E00000000000000000000000000000000000FF
:1011F00000000000000000000000000000000000EF
:1012000000000000000000000000000000000000DE
:1012100000000000000000000000000000000000CE
:1012200000000000000000000000000000000000BE
:1012300000000000000000000000000000000000AE
:10124000000000000000000000000000000000009E
:10125000000000000000000000000000000000008E
:10126000000000000000000000000000000000007E
:10127000000000000000000000000000000000006E
:10128000000000000000000000000000000000005E
:10129000000000000000000000000000000000004E
:1012A000000000000000000000000000000000003E
:1012B000000000000000000000000000000000002E
:1012C000000000000000000000000000000000001E
:1012D000000000000000000000000000000000000E
:1012E00000000000000000000000000000000000FE
:1012F00000000000000000000000000000000000EE
:1013000000000000000000000000000000000000DD
:1013100000000000000000000000000000000000CD
:1013200000000000000000000000000000000000BD
:1013300000000000000000000000000000000000AD
:10134000000000000000000000000000000000009D
:10135000000000000000000000000000000000008D
:10136000000000000000000000000000000000007D
:10137000000000000000000000000000000000006D
:10138000000000000000000000000000000000005D
:10139000000000000000000000000000000000004D
:1013A000000000000000000000000000000000003D
:1013B000000000000000000000000000000000002D
:1013C000000000000000000000000000000000001D
:1013D000000000000000000000000000000000000D
:1013E00000000000000000000000000000000000FD
:1013F00000000000000000000000000000000000ED
:1014000000000000000000000000000000000000DC
:1014100000000000000000000000000000000000CC
:1014200000000000000000000000000000000000BC
:1014300000000000000000000000000000000000AC
:10144000000000000000000000000000000000009C
:10145000000000000000000000000000000000008C
:10146000000000000000000000000000000000007C
:10147000000000000000000000000000000000006C
:10148000000000000000000000000000000000005C
:10149000000000000000000000000000000000004C
:1014A000000000000000000000000000000000003C
:1014B000000000000000000000000000000000002C
:1014C000000000000000000000000000000000001C
:1014D000000000000000000000000000000000000C
:1014E00000000000000000000000000000000000FC
:1014F00000000000000000000000000000000000EC
:1015000000000000000000000000000000000000DB
:1015100000000000000000000000000000000000CB
:1015200000000000000000000000000000000000BB
:1015300000000000000000000000000000000000AB
:10154000000000000000000000000000000000009B
:10155000000000000000000000000000000000008B
:10156000000000000000000000000000000000007B
:10157000000000000000000000000000000000006B
:10158000000000000000000000000000000000005B
:10159000000000000000000000000000000000004B
:1015A000000000000000000000000000000000003B
:1015B000000000000000000000000000000000002B
:1015C000000000000000000000000000000000001B
:1015D000000000000000000000000000000000000B
:1015E00000000000000000000000000000000000FB
:1015F00000000000000000000000000000000000EB
:1016000000000000000000000000000000000000DA
:1016100000000000000000000000000000000000CA
:1016200000000000000000000000000000000000BA
:1016300000000000000000000000000000000000AA
:10164000000000000000000000000000000000009A
:10165000000000000000000000000000000000008A
:10166000000000000000000000000000000000007A
:10167000000000000000000000000000000000006A
:10168000000000000000000000000000000000005A
:10169000000000000000000000000000000000004A
:1016A000000000000000000000000000000000003A
:1016B000000000000000000000000000000000002A
:1016C000000000000000000000000000000000001A
:1016D000000000000000000000000000000000000A
:1016E00000000000000000000000000000000000FA
:1016F00000000000000000000000000000000000EA
:1017000000000000000000000000000000000000D9
:1017100000000000000000000000000000000000C9
:1017200000000000000000000000000000000000B9
:1017300000000000000000000000000000000000A9
:101740000000000000000000000000000000000099
:101750000000000000000000000000000000000089
:101760000000000000000000000000000000000079
:101770000000000000000000000000000000000069
:101780000000000000000000000000000000000059
:101790000000000000000000000000000000000049
:1017A0000000000000000000000000000000000039
:1017B0000000000000000000000000000000000029
:1017C0000000000000000000000000000000000019
:1017D0000000000000000000000000000000000009
:1017E00000000000000000000000000000000000F9
:1017F00000000000000000000000000000000000E9
:1018000000000000000000000000000000000000D8
:1018100000000000000000000000000000000000C8
:1018200000000000000000000000000000000000B8
:1018300000000000000000000000000000000000A8
:101840000000000000000000000000000000000098
:101850000000000000000000000000000000000088
:101860000000000000000000000000000000000078
:101870000000000000000000000000000000000068
:101880000000000000000000000000000000000058
:101890000000000000000000000000000000000048
:1018A0000000000000000000000000000000000038
:1018B0000000000000000000000000000000000028
:1018C0000000000000000000000000000000000018
:1018D0000000000000000000000000000000000008
:1018E00000000000000000000000000000000000F8
:1018F00000000000000000000000000000000000E8
:1019000000000000000000000000000000000000D7
:1019100000000000000000000000000000000000C7
:1019200000000000000000000000000000000000B7
:1019300000000000000000000000000000000000A7
:101940000000000000000000000000000000000097
:101950000000000000000000000000000000000087
:101960000000000000000000000000000000000077
:101970000000000000000000000000000000000067
:101980000000000000000000000000000000000057
:101990000000000000000000000000000000000047
:1019A0000000000000000000000000000000000037
:1019B0000000000000000000000000000000000027
:1019C0000000000000000000000000000000000017
:1019D0000000000000000000000000000000000007
:1019E00000000000000000000000000000000000F7
:1019F00000000000000000000000000000000000E7
:101A000000000000000000000000000000000000D6
:101A100000000000000000000000000000000000C6
:101A200000000000000000000000000000000000B6
:101A300000000000000000000000000000000000A6
:101A40000000000000000000000000000000000096
:101A50000000000000000000000000000000000086
:101A60000000000000000000000000000000000076
:101A70000000000000000000000000000000000066
:101A80000000000000000000000000000000000056
:101A90000000000000000000000000000000000046
:101AA0000000000000000000000000000000000036
:101AB0000000000000000000000000000000000026
:101AC0000000000000000000000000000000000016
:101AD0000000000000000000000000000000000006
:101AE00000000000000000000000000000000000F6
:101AF00000000000000000000000000000000000E6
:101B000000000000000000000000000000000000D5
:101B100000000000000000000000000000000000C5
:101B200000000000000000000000000000000000B5
:101B300000000000000000000000000000000000A5
:101B40000000000000000000000000000000000095
:101B50000000000000000000000000000000000085
:101B60000000000000000000000000000000000075
:101B70000000000000000000000000000000000065
:101B80000000000000000000000000000000000055
:101B90000000000000000000000000000000000045
:101BA0000000000000000000000000000000000035
:101BB0000000000000000000000000000000000025
:101BC0000000000000000000000000000000000015
:101BD0000000000000000000000000000000000005
:101BE00000000000000000000000000000000000F5
:101BF00000000000000000000000000000000000E5
:101C000000000000000000000000000000000000D4
:101C100000000000000000000000000000000000C4
:101C200000000000000000000000000000000000B4
:101C300000000000000000000000000000000000A4
:101C40000000000000000000000000000000000094
:101C50000000000000000000000000000000000084
:101C60000000000000000000000000000000000074
:101C70000000000000000000000000000000000064
:101C80000000000000000000000000000000000054
:101C90000000000000000000000000000000000044
:101CA0000000000000000000000000000000000034
:101CB0000000000000000000000000000000000024
:101CC0000000000000000000000000000000000014
:101CD0000000000000000000000000000000000004
:101CE00000000000000000000000000000000000F4
:101CF00000000000000000000000000000000000E4
:101D000000000000000000000000000000000000D3
:101D100000000000000000000000000000000000C3
:101D200000000000000000000000000000000000B3
:101D300000000000000000000000000000000000A3
:101D40000000000000000000000000000000000093
:101D50000000000000000000000000000000000083
:101D60000000000000000000000000000000000073
:101D70000000000000000000000000000000000063
:101D80000000000000000000000000000000000053
:101D90000000000000000000000000000000000043
:101DA0000000000000000000000000000000000033
:101DB0000000000000000000000000000000000023
:101DC0000000000000000000000000000000000013
:101DD0000000000000000000000000000000000003
:101DE00000000000000000000000000000000000F3
:101DF00000000000000000000000000000000000E3
:101E000000000000000000000000000000000000D2
:101E100000000000000000000000000000000000C2
:101E200000000000000000000000000000000000B2
:101E300000000000000000000000000000000000A2
:101E40000000000000000000000000000000000092
:101E50000000000000000000000000000000000082
:101E60000000000000000000000000000000000072
:101E70000000000000000000000000000000000062
:101E80000000000000000000000000000000000052
:101E90000000000000000000000000000000000042
:101EA0000000000000000000000000000000000032
:101EB0000000000000000000000000000000000022
:101EC0000000000000000000000000000000000012
:101ED0000000000000000000000000000000000002
:101EE00000000000000000000000000000000000F2
:101EF00000000000000000000000000000000000E2
:101F000000000000000000000000000000000000D1
:101F100000000000000000000000000000000000C1
:101F200000000000000000000000000000000000B1
:101F300000000000000000000000000000000000A1
:101F40000000000000000000000000000000000091
:101F50000000000000000000000000000000000081
:101F60000000000000000000000000000000000071
:101F70000000000000000000000000000000000061
:101F80000000000000000000000000000000000051
:101F90000000000000000000000000000000000041
:101FA0000000000000000000000000000000000031
:101FB0000000000000000000000000000000000021
:101FC0000000000000000000000000000000000011
:101FD0000000000000000000000000000000000001
:101FE00000000000000000000000000000000000F1
:101FF00000000000000000000000000000000000E1
:1020000000000000000000000000000000000000D0
:1020100000000000000000000000000000000000C0
:1020200000000000000000000000000000000000B0
:1020300000000000000000000000000000000000A0
:102040000000000000000000000000000000000090
:102050000000000000000000000000000000000080
:102060000000000000000000000000000000000070
:102070000000000000000000000000000000000060
:102080000000000000000000000000000000000050
:102090000000000000000000000000000000000040
:1020A0000000000000000000000000000000000030
:1020B0000000000000000000000000000000000020
:1020C0000000000000000000000000000000000010
:1020D0000000000000000000000000000000000000
:1020E00000000000000000000000000000000000F0
:1020F00000000000000000000000000000000000E0
:1021000000000000000000000000000000000000CF
:1021100000000000000000000000000000000000BF
:1021200000000000000000000000000000000000AF
:10213000000000000000000000000000000000009F
:10214000000000000000000000000000000000008F
:10215000000000000000000000000000000000007F
:10216000000000000000000000000000000000006F
:10217000000000000000000000000000000000005F
:10218000000000000000000000000000000000004F
:10219000000000000000000000000000000000003F
:1021A000000000000000000000000000000000002F
:1021B000000000000000000000000000000000001F
:1021C000000000000000000000000000000000000F
:1021D00000000000000000000000000000000000FF
:1021E00000000000000000000000000000000000EF
:1021F00000000000000000000000000000000000DF
:1022000000000000000000000000000000000000CE
:1022100000000000000000000000000000000000BE
:1022200000000000000000000000000000000000AE
:10223000000000000000000000000000000000009E
:10224000000000000000000000000000000000008E
:10225000000000000000000000000000000000007E
:10226000000000000000000000000000000000006E
:10227000000000000000000000000000000000005E
:10228000000000000000000000000000000000004E
:10229000000000000000000000000000000000003E
:1022A000000000000000000000000000000000002E
:1022B000000000000000000000000000000000001E
:1022C000000000000000000000000000000000000E
:1022D00000000000000000000000000000000000FE
:1022E00000000000000000000000000000000000EE
:1022F00000000000000000000000000000000000DE
:1023000000000000000000000000000000000000CD
:1023100000000000000000000000000000000000BD
:1023200000000000000000000000000000000000AD
:10233000000000000000000000000000000000009D
:10234000000000000000000000000000000000008D
:10235000000000000000000000000000000000007D
:10236000000000000000000000000000000000006D
:10237000000000000000000000000000000000005D
:10238000000000000000000000000000000000004D
:10239000000000000000000000000000000000003D
:1023A000000000000000000000000000000000002D
:1023B000000000000000000000000000000000001D
:1023C000000000000000000000000000000000000D
:1023D00000000000000000000000000000000000FD
:1023E00000000000000000000000000000000000ED
:1023F00000000000000000000000000000000000DD
:1024000000000000000000000000000000000000CC
:1024100000000000000000000000000000000000BC
:1024200000000000000000000000000000000000AC
:10243000000000000000000000000000000000009C
:10244000000000000000000000000000000000008C
:10245000000000000000000000000000000000007C
:10246000000000000000000000000000000000006C
:10247000000000000000000000000000000000005C
:10248000000000000000000000000000000000004C
:0400000508002E05BC
:00000001FF
