:020000040800F2
:1000000000000220512E0008812B0008892B0008D7
:10001000912B0008992B0008A12B0008000000007C
:100020000000000000000000000000009100020835
:10003000A92B00080000000081030208E903020860
:10004000A12E0008A12E0008A12E0008A12E000854
:10005000A12E0008A12E0008A12E0008A12E000844
:10006000B72B0008A12E0008A12E0008C52B000800
:10007000A12E0008A12E0008A12E0008A12E000824
:10008000D92B0008A12E0008A12E0008A12E0008DF
:10009000A12E0008A12E0008A12E0008A12E000804
:1000A000A12E0008A12E0008A12E0008A12E0008F4
:1000B000A12E0008A12E0008A12E0008A12E0008E4
:1000C000A12E0008A12E0008A12E0008A12E0008D4
:1000D000A12E0008A12E0008A12E0008ED2B00087B
:1000E000A12E0008012C0008A12E0008A12E000856
:1000F000A12E0008A12E0008A12E0008A12E0008A4
:10010000A12E0008152C0008A12E0008292C00089B
:100110003D2C0008A12E0008A12E0008512C00083B
:10012000A12E0008A12E0008A12E0008652C0008B1
:10013000A12E0008A12E0008A12E0008A12E000863
:10014000A12E0008A12E0008A12E0008A12E000853
:10015000A12E0008792C0008A12E00088D2C000883
:10016000A12E0008A12E0008A12E0008A12E000833
:10017000A12E0008A12E0008A12E000800000000FA
:08018000A12E0008A12E0008C9
:1001900010B5054C237833B9044B13B10448AFF3C1
:1001A00000800123237010BDF00400200000000037
:1001B000B8C1020808B5034B1BB103490348AFF3AC
:1001C000008008BD00000000F4040020B8C102084F
:1001D00010F8012B11F8013B012A28BF9A42F7D0F1
:1001E000D01A7047034613F8012B002AFBD1181AC6
:1001F000013870470000000000000000000000000F
:1002000001F0FF01102A2BDB10F0070F08D010F8C7
:10021000013B013A8B422DD010F0070F42B3F6D1CB
:10022000F0B441EA012141EA014122F007047FF0E4
:1002300000070023F0E80256083C85EA010586EA3B
:10024000010685FA47F5A3FA87F586FA47F6A5FA77
:1002500087F68EB9EED1F0BC01F0FF0102F0070283
:1002600032B110F8013B013A83EA010313B1F8D12E
:100270000020704701387047002D06BF354603380F
:10028000073815F0010F07D1013015F4807F02BF48
:10029000013015F4C03F0130F0BC0138704700BF99
:1002A00081F0004102E000BF83F0004330B54FEA27
:1002B00041044FEA430594EA050F08BF90EA020F94
:1002C0001FBF54EA000C55EA020C7FEA645C7FEA27
:1002D000655C00F0E2804FEA5454D4EB5555B8BF4A
:1002E0006D420CDD2C4480EA020281EA030382EABB
:1002F000000083EA010180EA020281EA0303362D4D
:1003000088BF30BD11F0004F4FEA01314FF4801C1F
:100310004CEA113102D0404261EB410113F0004F31
:100320004FEA03334CEA133302D0524263EB4303E8
:1003300094EA050F00F0A780A4F10104D5F1200E86
:100340000DDB02FA0EFC22FA05F2801841F10001E1
:1003500003FA0EF2801843FA05F359410EE0A5F1B5
:1003600020050EF1200E012A03FA0EFC28BF4CF0E6
:10037000020C43FA05F3C01851EBE37101F000459C
:1003800007D54FF0000EDCF1000C7EEB00006EEBA9
:100390000101B1F5801F1BD3B1F5001F0CD3490833
:1003A0005FEA30004FEA3C0C04F101044FEA44528A
:1003B00012F5800F80F09A80BCF1004F08BF5FEA11
:1003C000500C50F1000041EB045141EA050130BDF1
:1003D0005FEA4C0C404141EB0101013C28BFB1F503
:1003E000801FE9D291F0000F04BF01460020B1FA4E
:1003F00081F308BF2033A3F10B03B3F120020CDA21
:100400000C3208DD02F1140CC2F10C0201FA0CF0FE
:1004100021FA02F10CE002F11402D8BFC2F1200C63
:1004200001FA02F120FA0CFCDCBF41EA0C01904019
:10043000E41AA2BF01EB0451294330BD6FEA040462
:100440001F3C1CDA0C340EDC04F11404C4F120024D
:1004500020FA04F001FA02F340EA030021FA04F35F
:1004600045EA030130BDC4F10C04C4F1200220FAB6
:1004700002F001FA04F340EA0300294630BD21FAF4
:1004800004F0294630BD94F0000F83F4801306BFBA
:1004900081F480110134013D4EE77FEA645C18BFAE
:1004A0007FEA655C29D094EA050F08BF90EA020F45
:1004B00005D054EA000C04BF1946104630BD91EA3D
:1004C000030F1EBF0021002030BD5FEA545C05D140
:1004D0004000494128BF41F0004130BD14F580047F
:1004E0003CBF01F5801130BD01F0004545F0FE41F3
:1004F00041F470014FF0000030BD7FEA645C1ABF28
:10050000194610467FEA655C1CBF0B46024650EA5E
:10051000013406BF52EA033591EA030F41F400218A
:1005200030BD00BF90F0000F04BF0021704730B510
:100530004FF4806404F132044FF000054FF00001E5
:1005400050E700BF90F0000F04BF0021704730B5A6
:100550004FF4806404F1320410F0004548BF40427B
:100560004FF000013EE700BF42004FEAE2014FEAD0
:1005700031014FEA02701FBF12F07F4393F07F4FAB
:1005800081F06051704732F07F4208BF704793F0AE
:100590007F4F04BF41F40021704730B54FF46074C1
:1005A00001F0004521F000411CE700BF50EA0102C4
:1005B00008BF704730B54FF000050AE050EA01026D
:1005C00008BF704730B511F0004502D5404261EBDD
:1005D00041014FF4806404F132045FEA915C3FF41E
:1005E000D8AE4FF003025FEADC0C18BF03325FEABB
:1005F000DC0C18BF033202EBDC02C2F1200300FA6C
:1006000003FC20FA02F001FA03FE40EA0E0021FA90
:1006100002F11444BDE600BF70B54FF0FF0C4CF47E
:10062000E06C1CEA11541DBF1CEA135594EA0C0F30
:1006300095EA0C0F00F0DEF82C4481EA030621EA6B
:100640004C5123EA4C5350EA013518BF52EA0335A6
:1006500041F4801143F4801338D0A0FB02CE4FF058
:100660000005E1FB02E506F00042E0FB03E54FF088
:100670000006E1FB03569CF0000F18BF4EF0010E80
:10068000A4F1FF04B6F5007F64F5407404D25FEA7C
:100690004E0E6D4146EB060642EAC62141EA55512F
:1006A0004FEAC52040EA5E504FEACE2EB4F1FD0C71
:1006B00088BFBCF5E06F1ED8BEF1004F08BF5FEAEF
:1006C000500E50F1000041EB045170BD06F00046A1
:1006D00046EA010140EA020081EA0301B4EB5C044E
:1006E000C2BFD4EB0C0541EA045170BD41F4801146
:1006F0004FF0000E013C00F3AB8014F1360FDEBF6B
:10070000002001F0004170BDC4F10004203C35DA46
:100710000C341BDC04F11404C4F1200500FA05F3C9
:1007200020FA04F001FA05F240EA020001F000426A
:1007300021F0004110EBD37021FA04F642EB0601E0
:100740005EEA430E08BF20EAD37070BDC4F10C040A
:10075000C4F1200500FA04F320FA05F001FA04F2CE
:1007600040EA020001F0004110EBD37041F10001BA
:100770005EEA430E08BF20EAD37070BDC4F12005C5
:1007800000FA05F24EEA020E20FA04F301FA05F22D
:1007900043EA020321FA04F001F0004121FA04F2D5
:1007A00020EA020000EBD3705EEA430E08BF20EAA5
:1007B000D37070BD94F0000F0FD101F000464000DF
:1007C00041EB010111F4801F08BF013CF7D041EA61
:1007D000060195F0000F18BF704703F00046520065
:1007E00043EB030313F4801F08BF013DF7D043EA36
:1007F0000603704794EA0C0F0CEA135518BF95EAEC
:100800000C0F0CD050EA410618BF52EA4306D1D172
:1008100081EA030101F000414FF0000070BD50EA91
:10082000410606BF1046194652EA430619D094EA1B
:100830000C0F02D150EA013613D195EA0C0F05D105
:1008400052EA03361CBF104619460AD181EA030159
:1008500001F0004141F0FE4141F470014FF0000011
:1008600070BD41F0FE4141F4780170BD70B54FF0AC
:10087000FF0C4CF4E06C1CEA11541DBF1CEA13552C
:1008800094EA0C0F95EA0C0F00F0A7F8A4EB05040E
:1008900081EA030E52EA03354FEA013100F0888005
:1008A0004FEA03334FF0805545EA131343EA1263CE
:1008B0004FEA022245EA111545EA10654FEA002683
:1008C0000EF000419D4208BF964244F1FD0404F53C
:1008D000407402D25B084FEA3202B61A65EB030598
:1008E0005B084FEA32024FF480104FF4002CB6EB55
:1008F000020E75EB030E22BFB61A754640EA0C00D5
:100900005B084FEA3202B6EB020E75EB030E22BF14
:10091000B61A754640EA5C005B084FEA3202B6EB55
:10092000020E75EB030E22BFB61A754640EA9C0014
:100930005B084FEA3202B6EB020E75EB030E22BFE4
:10094000B61A754640EADC0055EA060E18D04FEAA2
:10095000051545EA16754FEA06164FEAC30343EA42
:1009600052734FEAC2025FEA1C1CC0D111F4801F0F
:100970000BD141EA00014FF000004FF0004CB6E708
:1009800011F4801F04BF01430020B4F1FD0C88BFA7
:10099000BCF5E06F3FF6AFAEB5EB030C04BFB6EBB2
:1009A000020C5FEA500C50F1000041EB045170BDA5
:1009B0000EF0004E4EEA113114EB5C04C2BFD4EBD2
:1009C0000C0541EA045170BD41F480114FF0000E56
:1009D000013C90E645EA060E8DE60CEA135594EAD2
:1009E0000C0F08BF95EA0C0F3FF43BAF94EA0C0FD5
:1009F0000AD150EA01347FF434AF95EA0C0F7FF44A
:100A000025AF104619462CE795EA0C0F06D152EA9D
:100A100003353FF4FDAE1046194622E750EA410681
:100A200018BF52EA43067FF4C5AE50EA41047FF492
:100A30000DAF52EA43057FF4EBAE12E74FF0FF3CF7
:100A400006E000BF4FF0010C02E000BF4FF0010CC8
:100A50004DF804CD4FEA410C7FEA6C5C4FEA430C41
:100A600018BF7FEA6C5C1BD001B050EA410C0CBF90
:100A700052EA430C91EA030F02BF90EA020F0020F2
:100A8000704710F1000F91EA030F58BF994208BF59
:100A900090422CBFD8176FEAE37040F00100704716
:100AA0004FEA410C7FEA6C5C02D150EA013C07D16D
:100AB0004FEA430C7FEA6C5CD6D152EA033CD3D0B8
:100AC0005DF8040B704700BF8446104662468C46B2
:100AD0001946634600E000BF01B5FFF7B7FF0028E5
:100AE00048BF10F1000F01BD4DF808EDFFF7F4FF0E
:100AF0000CBF012000205DF808FB00BF4DF808ED99
:100B0000FFF7EAFF34BF012000205DF808FB00BFBB
:100B10004DF808EDFFF7E0FF94BF012000205DF8DD
:100B200008FB00BF4DF808EDFFF7CEFF94BF012092
:100B300000205DF808FB00BF4DF808EDFFF7C4FF8B
:100B400034BF012000205DF808FB00BF4FEA410CD4
:100B50007FEA6C5C02D150EA013C0AD14FEA430CB7
:100B60007FEA6C5C02D152EA033C02D14FF00000F4
:100B700070474FF0010070474FEA410212F5001232
:100B800015D211D56FF47873B3EB625212D94FEAD4
:100B9000C12343F0004343EA505311F0004F23FABE
:100BA00002F018BF404270474FF00000704750EA13
:100BB000013005D111F0004008BF6FF000407047D0
:100BC0004FF00000704700BF4A0011D212F500122A
:100BD00011D20DD56FF47873B3EB62520ED44FEA95
:100BE000C12343F0004343EA505323FA02F0704715
:100BF0004FF00000704750EA013002D14FF0FF3053
:100C000070474FF0000070474FEA4102B2F1E043F5
:100C100024BFB3F5001CDCF1FE5C0DD901F0004CE3
:100C20004FEAC0024CEA5070B2F1004F40EB830033
:100C300008BF20F00100704711F0804F21D113F15F
:100C40003872BCBF01F00040704741F480114FEA98
:100C50005252C2F11802C2F1200C10FA0CF320FA21
:100C600002F018BF40F001004FEAC1234FEAD3233E
:100C700003FA0CFC40EA0C0023FA02F34FEA4303A8
:100C8000CCE77FEA625307D150EA01331EBF4FF031
:100C9000FE4040F44000704701F0004040F0FE404C
:100CA00040F40000704700BF7BB972B90029BEBF95
:100CB00000204FF0004106E008BF00281CBF6FF085
:100CC00000414FF0FF3000F0EBB9ADF1080C6DE9D9
:100CD00004CE002909DB002B1ADB00F083F8DDF8D5
:100CE00004E0DDE9022304B07047404261EB4101BA
:100CF000002B1BDB00F076F8DDF804E0DDE90223D1
:100D000004B0404261EB4101524263EB4303704740
:100D1000524263EB430300F065F8DDF804E0DDE9DF
:100D2000022304B0404261EB41017047524263EB41
:100D3000430300F057F8DDF804E0DDE9022304B0D6
:100D4000524263EB4303704753B94AB9002908BFC5
:100D500000281CBF4FF0FF314FF0FF3000F0A0B96A
:100D6000ADF1080C6DE904CE00F03CF8DDF804E0CC
:100D7000DDE9022304B0704738B5002200230446A1
:100D80000D46FFF7BBFE28B920462946BDE838408E
:100D900000F00AB8204605F1004100F005F8404295
:100DA00061EB410138BD00BFD0B50C4B00220646B7
:100DB0000F46FFF731FCFFF707FF0446FFF7B2FBD2
:100DC000074B0022FFF728FC02460B463046394607
:100DD000FFF76AFAFFF7F8FE2146D0BD0000F03DAC
:100DE0000000F0412DE9F047089D0C46002B4ED144
:100DF00094468C458646B2FA82F262D94AB1C2F173
:100E00002003914020FA03F30CFA02FC194300FA84
:100E100002FE4FEA1C471FFA8CF6B1FBF7F44FEACB
:100E20001E4307FB141143EA014304FB06F19942F8
:100E30000AD91CEB030304F1FF3080F012819942C0
:100E400040F20F81023C6344591A1FFA8EF3B1FB42
:100E5000F7F007FB101143EA014300FB06F69E4240
:100E60000AD91CEB030300F1FF3180F0FC809E42A5
:100E700040F2F980634402389B1B40EA04400021A1
:100E80001DB1D3400022C5E90032BDE8F0878B4296
:100E900005D90DB1C5E9000100210846F5E7B3FA0F
:100EA00083F1002946D1A34202D39042C0F0F080E2
:100EB000861A64EB03030120002DE6D0C5E9006328
:100EC000E3E7002A40F09080A1EB0C044FEA1C48B5
:100ED0001FFA8CF70121B4FBF8F64FEA1E4308FB1A
:100EE000164443EA044307FB06F0984208D91CEB7A
:100EF000030306F1FF3402D2984200F2CD80264669
:100F00001C1A1FFA8EF3B4FBF8F008FB104443EAF6
:100F1000044300FB07F79F4208D91CEB030300F1D1
:100F2000FF3402D29F4200F2B0802046DB1B40EA31
:100F30000640A5E7C1F120068B4022FA06F71F43C1
:100F400020FA06FC04FA01F343EA0C03F44000FA29
:100F500001F8380C4FEA1349B4FBF0FE1FFA87FC86
:100F600000FB1E4449EA04440EFB0CF9A14502FAB9
:100F700001F20AD93C190EF1FF3A80F08480A145B4
:100F800040F28180AEF1020E3C44A4EB09041FFA4A
:100F900083F9B4FBF0F300FB134449EA044403FB78
:100FA0000CFCA44507D93C1903F1FF3067D2A445D6
:100FB00065D9023B3C4443EA0E40A0FB0293A4EBFC
:100FC0000C049C42CE469C4651D34ED055B1B8EB52
:100FD0000E0364EB0C0404FA06F6CB401E43CC402F
:100FE000C5E90064002150E7C2F1200320FA03F1B3
:100FF0000CFA02FC24FA03F394400C434FEA1C4819
:1010000000FA02FE1FFA8CF7B3FBF8F008FB103170
:10101000230C43EA014300FB07F1994208D91CEB7A
:10102000030300F1FF362CD299422AD902386344D7
:101030005B1AA4B2B3FBF8F108FB113344EA034492
:1010400001FB07F3A34208D91CEB040401F1FF36AE
:1010500013D2A34211D902396444E41A41EA00418F
:1010600039E70446F0E6084606E7C845AED2B9EBD4
:10107000020E63EB070C0138A8E73146EDE70346A3
:1010800099E73046D4E7D6467FE7634402384DE718
:101090000646234608460FE7023E634430E700BF9A
:1010A000704700BF84B080B584B000AF07F1180C62
:1010B0008CE80F00124B1B7E012B1AD197F83420BD
:1010C0003B46194607F1180003F052F87B78F02BE5
:1010D0000FD1BB78052B0CD13B460333184609F0E2
:1010E00049FCFB79012B0CBF01230023DAB2054B2D
:1010F0001A7000BF1037BD46BDE8804004B070478D
:10110000681600207502002080B584B004AF12F08C
:10111000CDFA00F081F900F03BFC00F0F3FB00F0A9
:101120001BFD00F0F7F900F023FA00F04FFA00F091
:1011300011FB00F031FB00F065FB00F0B9FB1BF088
:10114000B1F900F071FA00F087FB00F0CFF902F07E
:1011500015FF034601221946754819F010FC02F0EC
:1011600003FF034601221946724819F008FC43F6B2
:10117000982000F0CDFD08F019FD6F4B1B7883F02F
:101180000103DBB2002B03D00021002002F08EFE11
:1011900000F080FF07F024F8684B1B7842F6D0720D
:1011A0001946674827F0A5FC64220021654827F00E
:1011B000A0FC64220021644827F09BFC634B02934F
:1011C000634B01930323009300234FF44072614962
:1011D00061481CF07EFD0346604A1360604B029339
:1011E000604B01930323009300234FF440725E4948
:1011F0005E481CF06EFD03465D4A13605D4B029332
:101200005D4B01930323009300234FF440725B492D
:101210005B481CF05EFD03465A4A13605A4B02932A
:101220005A4B01930323009300234FF4A0625849C3
:1012300058481CF04EFD0346574A1360574B029323
:10124000574B01930323009300234FF4A0625549A9
:1012500055481CF03EFD0346544A1360544B02931C
:10126000544B01930323009300234FF440725249DF
:1012700052481CF02EFD0346514A1360514B019316
:101280000123009300234FF4A0624F494F481CF004
:1012900084FD4F4B019302230093002340F6B84294
:1012A0004C494D481CF079FD4C4B019302230093AF
:1012B00000234FF410624A494A481CF06EFD4A4B25
:1012C00001930223009300234FF4007247494848DA
:1012D0001CF063FD474B01930223009300234FF45E
:1012E0004072454945481CF058FD454B0193022387
:1012F000009300234FF40072424943481CF04DFD17
:10130000424B01930123009300234FF4A062404914
:1013100040481CF042FD05F0CBF9244B1B681846F1
:1013200008F09AFC09F078F91CF02AFF00BFFDE7ED
:10133000D40800208C080020750200208A020020BA
:10134000007D006444170020A8170020A0100010A2
:10135000A0040010D0C1020819B400087C220020AB
:10136000401D001040110010D8C10208598E00081D
:10137000C8190020E0290010E01D0010E4C1020897
:10138000C15A00088C160020803E0010802A0010F0
:10139000F0C10208B1F40008082A00202053001010
:1013A000203F0010F8C10208A9E60008AC22002086
:1013B000C05F0010C053001000C20208AD9A0008C0
:1013C000381C0020CC1C00200CC202087DA00008A4
:1013D000C01C002014C20208119E0008C41C00207A
:1013E0001CC20208799C00084022002024C2020886
:1013F00061AD00084422002028C2020831AF000875
:101400003C2200202CC2020851AB0008C81C00205E
:1014100034C20208655C000880B594B000AF07F1E3
:10142000200330220021184627F063FB07F10C034C
:1014300000221A605A609A60DA601A610023BB6069
:10144000284B1B6C274A43F080531364254B1B6CBD
:1014500003F08053BB60BB6800237B60224B1B689A
:10146000214A43F4804313601F4B1B6803F48043FD
:101470007B607B680A233B620123FB6210233B6392
:1014800001237B630223BB630023FB6308233B64CC
:1014900054237B640223BB640423FB6407F1200311
:1014A000184615F067F90346002B01D000F060FEE6
:1014B0000F23FB6002233B6180237B610023BB6120
:1014C0000023FB6107F10C030121184615F0CAFB4C
:1014D0000346002B01D000F04BFE00BF5037BD4645
:1014E00080BD00BF003802400070004080B500AFF2
:1014F000064B074A1A60054812F022FA0346002BF1
:1015000001D000F035FE00BF80BD00BF0C050020FB
:101510000030024080B500AF124B134A1A60114BE5
:10152000124A5A600F4B00229A600E4B0022DA607A
:101530000C4B4FF480421A610A4B00225A61094B4E
:1015400000229A61074B0022DA61064B00221A62E0
:10155000044813F06BFC0346002B01D000F008FE9A
:1015600000BF80BD1405002000540040A08601008B
:1015700080B500AF124B134A1A60114B124A5A60E1
:101580000F4B00229A600E4B0022DA600C4B4FF496
:1015900080421A610A4B00225A61094B00229A616B
:1015A000074B0022DA61064B00221A62044813F04E
:1015B0003DFC0346002B01D000F0DAFD00BF80BDEA
:1015C0006805002000580040A086010080B500AFEB
:1015D000124B134A1A60114B124A5A600F4B0022E9
:1015E0009A600E4B0022DA600C4B4FF480421A6175
:1015F0000A4B00225A61094B00229A61074B0022D4
:10160000DA61064B00221A62044813F00FFC03460D
:10161000002B01D000F0ACFD00BF80BDBC05002058
:10162000005C0040A086010080B590B000AF07F1DB
:101630002C0300221A605A609A60DA601A61002353
:10164000BB623B4628220021184627F052FA3F4B46
:101650003F4A1A603D4B00225A603C4B7F229A6001
:101660003A4BFF22DA60394B00221A61374B0022D5
:101670005A61364B00229A61344815F0E7FD034663
:10168000002B01D000F074FD002387F82C300023DC
:1016900087F82D30002387F82E300023BB6300230A
:1016A000FB6307F12C0301221946284815F051FE6F
:1016B0000346002B01D000F05BFD022387F82830A1
:1016C000042387F82930282387F82A30252387F830
:1016D0002B3007F12803012219461C4815F031FF71
:1016E0000346002B01D000F043FD00233B70012393
:1016F0007B700023BB7000237B600023FB60002312
:101700003B614FF000437B610023BB610023FB6121
:10171000012387F820304FF480737B623B4601221F
:1017200019460A4815F0E0FF0346002B01D000F0EF
:101730001FFD00220521292012F0CAF8292012F0ED
:10174000E3F800BF4037BD4680BD00BF1006002053
:101750000028004080B400AF0D4B0E4A1A600C4BBD
:1017600000225A600A4B00229A60094B0022DA607C
:10177000074B00221A61064B4FF480425A61044B1A
:1017800004229A6100BFBD465DF8047B704700BF2C
:1017900030060020002C014080B500AF174B184ADE
:1017A0001A60164B4FF482725A60144B00229A60F2
:1017B000124B0022DA60114B00221A610F4B0022FB
:1017C0005A610E4B4FF400729A610C4B1022DA6191
:1017D0000A4B00221A62094B00225A62074B002270
:1017E0009A62064B0A22DA62044817F038FC034674
:1017F000002B01D000F0BCFC00BF80BD74070020AE
:10180000003C004080B500AF114B124A1A60104BEB
:101810004FF416525A600E4B00229A600C4B002275
:10182000DA600B4B00221A61094B0C225A61084BFB
:1018300000229A61064B0022DA61054818F0C4FFC5
:101840000346002B01D000F093FC00BF80BD00BF19
:101850008C080020004C004080B500AF124B134AAA
:101860001A60114B4FF4E1325A600F4B4FF4805223
:101870009A600D4B0022DA600B4B4FF480621A61C4
:10188000094B0C225A61084B00229A61064B002238
:10189000DA61054818F098FF0346002B01D000F0EC
:1018A00067FC00BF80BD00BFD40800200048004096
:1018B00080B500AF114B124A1A60104B4FF4E13261
:1018C0005A600E4B00229A600C4B0022DA600B4BE0
:1018D00000221A61094B0C225A61084B00229A61BE
:1018E000064B0022DA61054818F06EFF0346002B14
:1018F00001D000F03DFC00BF80BD00BF1C090020EE
:101900000014014080B582B000AF00237B601F4B04
:101910001B6B1E4A43F4800313631C4B1B6B03F4C5
:1019200080037B607B6800233B60184B1B6B174A6E
:1019300043F400131363154B1B6B03F400133B605C
:101940003B68002205210B2011F0C2FF0B2011F093
:10195000DBFF00220521102011F0BAFF102011F04A
:10196000D3FF002205213B2011F0B2FF3B2011F0F4
:10197000CBFF00220521452011F0AAFF452011F0E0
:10198000C3FF00BF0837BD4680BD00BF003802401E
:1019900080B58EB000AF07F1240300221A605A60B0
:1019A0009A60DA601A6100233B62664B1B6B654AE2
:1019B00043F004031363634B1B6B03F004033B62AC
:1019C0003B6A0023FB615F4B1B6B5E4A43F02003C5
:1019D00013635C4B1B6B03F02003FB61FB6900236B
:1019E000BB61584B1B6B574A43F080031363554B45
:1019F0001B6B03F08003BB61BB6900237B61514B10
:101A00001B6B504A43F0010313634E4B1B6B03F0F7
:101A100001037B617B6900233B614A4B1B6B494A95
:101A200043F002031363474B1B6B03F002033B615C
:101A30003B690023FB60434B1B6B424A43F040036E
:101A40001363404B1B6B03F04003FB60FB680023F8
:101A5000BB603C4B1B6B3B4A43F010031363394B99
:101A60001B6B03F01003BB60BB6800237B60354B2E
:101A70001B6B344A43F008031363324B1B6B03F0B8
:101A800008037B607B68002242F230212E4813F06D
:101A90008FF900224FF440412C4813F089F942F2AB
:101AA00030237B620123BB620023FB6200233B6384
:101AB00007F124031946244812F0CAFE04237B626E
:101AC0004FF48813BB620023FB6207F1240319461D
:101AD0001F4812F0BDFE4FF400737B624FF4881371
:101AE000BB620023FB6207F124031946174812F07A
:101AF000AFFE4FF480737B620023BB620023FB6266
:101B000007F124031946134812F0A2FE4FF4404394
:101B10007B620123BB620023FB6200233B6307F16E
:101B200024031946094812F093FE002200210820E0
:101B300011F0CEFE082011F0E7FE00BF3837BD4699
:101B400080BD00BF0038024000080240001C024077
:101B5000000402400018024080B588B000AF3B1D71
:101B600000221A605A609A60DA601A615A619A61BA
:101B70004C4B4FF020421A604A4B4B4A5A60494B3B
:101B800000229A60474B0022DA60464B00221A611D
:101B9000444B10225A61434B00229A61414B002270
:101BA000DA61404B00221A623E4B00225A623D4BE2
:101BB0004FF480529A623B4B0022DA62394B00228A
:101BC0001A63384B00225A63364B00229A63354B16
:101BD00000225A640F237B600F23BB60FF23FB604E
:101BE0000F233B6110237B611123BB610023FB6149
:101BF0003B1D002219462B4818F0FCFA0346002B27
:101C000001D000F0B5FA294B4FF020421A60274B63
:101C1000254A5A60254B02229A60244B0022DA6042
:101C2000224B00221A61214B10225A611F4B0022C5
:101C30009A611E4B0022DA611C4B00221A621B4B78
:101C400000225A62194B4FF480529A62174B0022BD
:101C5000DA62164B00221A63144B00225A63134BAC
:101C600000229A63114B00225A640F237B600F23DA
:101C7000BB60FF23FB600F233B6110237B611123BB
:101C8000BB610023FB613B1D00221946074818F089
:101C9000B1FA0346002B01D000F06AFA00BF2037EA
:101CA000BD4680BD64090020040100A0B4090020E5
:101CB00080B485B000AF78607B681B68064A9342A9
:101CC00003D17B685B6DFB6000BF00BF1437BD466E
:101CD0005DF8047B704700BF003C004080B582B0D7
:101CE00000AF1DF0ADF80346012B09D0EFF30583DB
:101CF0007B607B68002B03D11CF0A6FB034601E050
:101D0000024B1B6818460837BD4680BD182A0020C4
:101D10002DE9B04F86B000AF78601DF091F8034612
:101D2000012B42D0EFF30583FB60FB68002B3CD115
:101D30007B6800229846914642464B464FF0000091
:101D40004FF00001590141EAD261500102460B46B1
:101D5000B2EB080463EB09054FF000024FF00003FB
:101D6000AB0043EA9473A20014461D4614EB080A24
:101D700045EB090B4FF000024FF000034FEACB0395
:101D800043EA5A734FEACA0292469B465046594666
:101D90004FF47A724FF00003FEF7D6FF02460B466F
:101DA000134618461CF04EF918E0FFF797FF38610C
:101DB0007B687B617B69B3F1FF3F05D00A4B1B78E1
:101DC0001A467B6913447B6100BFFFF787FF024619
:101DD0003B69D31A7A699A42F7D800BF00BF183717
:101DE000BD46BDE8B08F00BFA802002080B582B01C
:101DF00000AF00237B600B4B1B683A1D1146184651
:101E00001BF0B0FA7B68002B07D0074B4FF08052D5
:101E10001A60BFF34F8FBFF36F8F00BF0837BD4607
:101E200080BD00BFF421002004ED00E080B582B049
:101E300000AF00237B600B4B1B683A1D1146184610
:101E40001BF090FA7B68002B07D0074B4FF08052B5
:101E50001A60BFF34F8FBFF36F8F00BF0837BD46C7
:101E600080BD00BFF021002004ED00E080B584B00B
:101E700000AF78600023FB607B681B680C4A9342CC
:101E800012D10C4B1B6807F10C02114618461BF0CF
:101E900069FAFB68002B07D0074B4FF080521A609D
:101EA000BFF34F8FBFF36F8F00BF1037BD4680BDAC
:101EB000003C0040F821002004ED00E090B589B01E
:101EC00004AF78600023BB607B681B68604A934264
:101ED00037D102F053F803461B78FB735D4B1B6848
:101EE000002B14D05B4B186807F1080207F10F01B3
:101EF00000231BF081F9BB68002B19D0564B4FF023
:101F000080521A60BFF34F8FBFF36F8F10E0FB7BDF
:101F10001946524802F03CF8504BCE2203926C46D0
:101F200003F1100207CA84E807000FCBFFF7BAF8E5
:101F300002F024F8034601221946494818F01FFD13
:101F400066E07B681B68474A934237D102F00CF881
:101F500003461B78FB73444B1B68002B14D0424B89
:101F6000186807F1080207F10F0100231BF044F97C
:101F7000BB68002B19D0384B4FF080521A60BFF36A
:101F80004F8FBFF36F8F10E0FB7B1946334801F092
:101F9000FFFF324BAB2203926C4603F1100207CADB
:101FA00084E807000FCBFFF77DF801F0DDFF034663
:101FB000012219462D4818F0E2FC29E07B681B68D5
:101FC0002B4A934224D106F02BF903461B78FB736E
:101FD000284B1B68002B13D0264B186807F108020A
:101FE00007F10F0100231BF007F9BB68002B07D096
:101FF000194B4FF080521A60BFF34F8FBFF36F8FB2
:1020000006F00EF90346012219461B4818F0B7FCEA
:102010001CF016FF0346012B16D0184B1B68002B33
:1020200012D0164B1B6807F10802002118461DF05C
:102030008DFBBB68002B07D0074B4FF080521A6016
:10204000BFF34F8FBFF36F8F00BF1437BD4690BDF6
:10205000004800403C1C002004ED00E06816002011
:10206000D4080020004C0040401C00208C080020B8
:1020700000140140441C00201C090020082A0020F4
:1020800080B483B000AF786000BF0C37BD465DF808
:10209000047B704780B400AF114B1B68104A23F4D7
:1020A000405313600E4B1B680D4A43F4805313607A
:1020B0000B4B5B680A4A23F040035360084B9B6854
:1020C000074A23F440539360054BDB68044A23F42A
:1020D0004053D36000BFBD465DF8047B704700BF2E
:1020E0000008024080B485B000AFF860B9607A6043
:1020F000FB68074A1A60BB68064A1A607B684FF49F
:1021000080721A6000BF1437BD465DF8047B7047CB
:10211000040A0020A40A002080B485B000AFF86053
:10212000B9607A60FB68074A1A60BB68064A1A60A1
:102130007B684FF4C0721A6000BF1437BD465DF86B
:10214000047B7047A40E0020440F002080B582B0AD
:1021500000AF78607B681B68044A934201D111F09C
:10216000C7FA00BF0837BD4680BD00BF001400405D
:1021700080B400AF72B600BF00BFFDE780B483B08B
:1021800000AF00237B60104B5B6C0F4A43F480432D
:1021900053640D4B5B6C03F480437B607B680023CE
:1021A0003B60094B1B6C084A43F080531364064B99
:1021B0001B6C03F080533B603B6800BF0C37BD468F
:1021C0005DF8047B704700BF0038024080B485B0E2
:1021D00000AF78607B681B680B4A93420DD10023E7
:1021E000FB600A4B1B6B094A43F480531363074B94
:1021F0001B6B03F48053FB60FB6800BF1437BD46C4
:102200005DF8047B704700BF003002400038024098
:1022100080B58EB000AF786007F1240300221A6009
:102220005A609A60DA601A617B681B684B4A934275
:102230002CD100233B624A4B1B6B494A43F00203FB
:102240001363474B1B6B03F002033B623B6AC023E3
:102250007B621223BB620023FB6203233B630423E4
:102260007B6307F1240319463E4812F0F1FA00237C
:10227000FB613B4B1B6C3A4A43F400131364384B2D
:102280001B6C03F40013FB61FB6963E07B681B6854
:10229000354A93422CD10023BB61314B1B6B304A32
:1022A00043F0800313632E4B1B6B03F08003BB6171
:1022B000BB6930237B621223BB620023FB620323D2
:1022C0003B6304237B6307F124031946274812F07C
:1022D000BFFA00237B61224B1B6C214A43F480032D
:1022E00013641F4B1B6C03F480037B617B6931E03B
:1022F0007B681B681E4A93422CD100233B61184B1C
:102300001B6B174A43F080031363154B1B6B03F0E1
:1023100080033B613B694FF4C0737B621223BB6255
:102320000023FB6203233B6304237B6307F1240345
:1023300019460E4812F08CFA0023FB60084B1B6C08
:10234000074A43F400031364054B1B6C03F40003BA
:10235000FB60FB6800BF3837BD4680BD00540040BD
:10236000003802400004024000580040001C0240B7
:10237000005C004080B586B000AF786007F10803CC
:1023800000221A605A609A60DA607B681B68104A03
:10239000934219D10223BB604FF400737B6107F1B4
:1023A0000803184614F070FE0346002B01D0FFF717
:1023B000DFFE084B01221A6000220521292011F0BE
:1023C00087FA292011F0A0FA00BF1837BD4680BD5A
:1023D000002800403C0E474280B58AB000AF7860CC
:1023E00007F1140300221A605A609A60DA601A61D9
:1023F0007B681B68764A934240F0E68000233B618D
:10240000744B5B6C734A43F400635364714B5B6CB5
:1024100003F400633B613B690023FB606D4B1B6B66
:102420006C4A43F0040313636A4B1B6B03F0040311
:10243000FB60FB680023BB60664B1B6B654A43F087
:1024400008031363634B1B6B03F00803BB60BB689B
:102450004FF480737B610223BB610123FB61032383
:102460003B620C237B6207F1140319465A4812F0B1
:10247000EFF94FF480537B610223BB610023FB61C2
:1024800003233B620C237B6207F114031946524875
:1024900012F0DEF904237B610223BB610123FB619F
:1024A00003233B620C237B6207F1140319464B485C
:1024B00012F0CEF94A4B4B4A1A60494B4FF000627A
:1024C0005A60474B00229A60454B0022DA60444B29
:1024D0004FF480621A61424B4FF480525A61404B74
:1024E0004FF480429A613E4B2022DA613C4B00223D
:1024F0001A623B4B04225A62394B03229A62384BD0
:102500000022DA62364B00221A63354811F068FA6D
:102510000346002B01D0FFF72BFE7B68304A1A647C
:102520002F4A7B689363304B304A1A602E4B4FF032
:1025300000625A602C4B40229A602B4B0022DA60DA
:10254000294B4FF480621A61274B4FF480525A6135
:10255000254B4FF480429A61234B2022DA61224BB3
:1025600000221A62204B04225A621F4B03229A62F5
:102570001D4B0022DA621C4B00221A631A4811F02C
:102580002FFA0346002B01D0FFF7F2FD7B68164AB5
:10259000DA63154A7B68936300220521312011F02C
:1025A00097F9312011F0B0F9002205213B2011F0FC
:1025B0008FF93B2011F0A8F900220521452011F0E8
:1025C00087F9452011F0A0F900BF2837BD4680BD2E
:1025D000002C01400038024000080240000C02407C
:1025E000B40600205864024014070020A064024092
:1025F00080B582B000AF78607B681B68114A934257
:102600001BD1114B5B6C104A23F4006353644FF4ED
:1026100088510E4812F0B8FA04210D4812F0B4FAAD
:102620007B681B6C184611F089FA7B68DB6B1846D7
:1026300011F084FA312011F075F900BF0837BD465A
:1026400080BD00BF002C014000380240000802405D
:10265000000C024080B58AB000AF786007F1140327
:1026600000221A605A609A60DA601A617B681B68FF
:102670005A4A934240F0AD8000233B61584B1B6C9B
:10268000574A43F400431364554B1B6C03F4004357
:102690003B613B690023FB60514B1B6B504A43F08D
:1026A000040313634E4B1B6B03F00403FB60FB68D6
:1026B0000023BB604A4B1B6B494A43F00203136380
:1026C000474B1B6B03F00203BB60BB684FF44063D6
:1026D0007B610223BB610023FB6103233B62062372
:1026E0007B6207F1140319463E4812F0B1F820232B
:1026F0007B610223BB610023FB6103233B62062352
:102700007B6207F114031946374812F0A1F8374BE2
:10271000374A1A60354B00225A60344B00229A60C7
:10272000324B0022DA60314B4FF480621A612F4B3A
:1027300000225A612D4B00229A612C4B0022DA6153
:102740002A4B00221A62294B00225A62274811F0B4
:1027500047F90346002B01D0FFF70AFD7B68234AA7
:10276000DA64224A7B689363224B234A1A60214B26
:1027700000225A601F4B40229A601E4B0022DA60F2
:102780001C4B4FF480621A611A4B00225A61194B9C
:1027900000229A61174B0022DA61164B00221A625E
:1027A000144B00225A62134811F01AF90346002B09
:1027B00001D0FFF7DDFC7B680E4A9A640D4A7B6806
:1027C000936300220521332011F082F8332011F0A9
:1027D0009BF800BF2837BD4680BD00BF003C0040CD
:1027E000003802400008024000040240CC070020EC
:1027F000106002402C0800208860024080B58EB036
:1028000000AF786007F1240300221A605A609A60D2
:10281000DA601A617B681B68574A934234D10023FF
:102820003B62564B1B6C554A43F400231364534BD5
:102830001B6C03F400233B623B6A0023FB614F4B9C
:102840001B6B4E4A43F0010313634C4B1B6B03F0AD
:102850000103FB61FB6903237B620223BB6200234C
:10286000FB6203233B6308237B6307F124031946C0
:10287000434811F0EDFF00220521342011F028F823
:10288000342011F041F873E07B681B683D4A9342A5
:1028900035D10023BB61394B1B6C384A43F480238C
:1028A0001364364B1B6C03F48023BB61BB690023AC
:1028B0007B61324B1B6B314A43F0020313632F4B96
:1028C0001B6B03F002037B617B694FF440637B6207
:1028D0000223BB620023FB6203233B6307237B636A
:1028E00007F124031946284811F0B2FF0022052100
:1028F000272010F0EDFF272011F006F838E07B6864
:102900001B68224A934233D100233B611B4B5B6C13
:102910001A4A43F020035364184B5B6C03F0200306
:102920003B613B690023FB60144B1B6B134A43F074
:1029300004031363114B1B6B03F00403FB60FB6880
:10294000C0237B620223BB620023FB6203233B6341
:1029500008237B6307F1240319460D4811F078FF23
:1029600000220521472010F0B3FF472010F0CCFFD4
:1029700000BF3837BD4680BD004C004000380240E3
:1029800000000240004800400004024000140140E2
:102990000008024080B586B000AF3B1D00221A60DF
:1029A0005A609A60DA601A612C4B1B68002B51D177
:1029B0002A4B01221A6000233B60294B9B6B284A5B
:1029C00043F001039363264B9B6B03F001033B60D1
:1029D0003B684FF23F037B600223BB600023FB6038
:1029E00003233B610C237B613B1D19461D4811F0FD
:1029F0002FFF40F23F237B600223BB600023FB607C
:102A000003233B610C237B613B1D1946164811F0E3
:102A10001FFF4FF683737B600223BB600023FB60C4
:102A200003233B610C237B613B1D19460F4811F0CA
:102A30000FFF4DF6B3737B600223BB600023FB6086
:102A400003233B610C237B613B1D1946084811F0B1
:102A5000FFFE00E000BF1837BD4680BD44150020D2
:102A600000380240001402400018024000100240EA
:102A7000000C024080B582B000AF7860FFF78AFF9B
:102A800000BF0837BD4680BD80B58EB000AF78600E
:102A90000023FB620023BB620023FB60334B1B6CF3
:102AA000324A43F020031364304B1B6C03F02003C5
:102AB000FB60FB6807F1100207F11403114618468A
:102AC00014F0B0FA3B6AFB62FB6A002B03D114F0EE
:102AD00081FA786304E014F07DFA03465B007B63BF
:102AE0007B6B234AA2FB03239B0C013BBB62214B64
:102AF000214A1A601F4B40F2E732DA601D4ABB6A76
:102B000053601C4B00221A611A4B00229A60194B29
:102B100000229A61174817F0B5FB034687F8333057
:102B200097F83330002B1BD1124817F005FC0346F1
:102B300087F8333097F83330002B11D1372010F05D
:102B4000E3FE7B680F2B08D800227968372010F04D
:102B5000BFFE0A4A7B68136002E0012387F8333026
:102B600097F8333018463837BD4680BD00380240EC
:102B700083DE1B434815002000140040A4020020FF
:102B800080B400AF00BFFDE780B400AF00BFFDE739
:102B900080B400AF00BFFDE780B400AF00BFFDE729
:102BA00080B400AF00BFFDE780B400AF00BFBD46FA
:102BB0005DF8047B704780B500AF042012F012F975
:102BC00000BF80BD80B500AF024811F0FFF800BF24
:102BD00080BD00BFCC07002080B500AF024811F0D7
:102BE000F5F800BF80BD00BF2C08002080B500AF05
:102BF000024817F0E9FE00BF80BD00BFD4080020E6
:102C000080B500AF024814F0B3FE00BF80BD00BF26
:102C10001006002080B500AF024815F0FBFB00BF96
:102C200080BD00BF3006002080B500AF024816F01E
:102C3000A1FF00BF80BD00BF7407002080B500AFBA
:102C4000024817F0C1FE00BF80BD00BF8C08002005
:102C500080B500AF024817F0DFFB00BF80BD00BFAA
:102C60004815002080B500AF024811F0AFF800BF52
:102C700080BD00BFB406002080B500AF024811F04F
:102C8000A5F800BF80BD00BF1407002080B500AFCD
:102C9000024817F099FE00BF80BD00BF1C0900204C
:102CA00080B400AF01231846BD465DF8047B704731
:102CB00080B582B000AF7860396026F0B3FD03467E
:102CC00016221A604FF0FF3318460837BD4680BD04
:102CD00080B582B000AF78604FF0FF317868FFF7C1
:102CE000E7FF00BFFDE780B586B000AFF860B960D0
:102CF0007A6000237B610AE0AFF300800146BB6885
:102D00005A1CBA60CAB21A707B6901337B617A6956
:102D10007B689A42F0DB7B6818461837BD4680BD59
:102D200080B586B000AFF860B9607A6000237B613F
:102D300009E0BB685A1CBA601B781846AFF30080E4
:102D40007B6901337B617A697B689A42F1DB7B683E
:102D500018461837BD4680BD80B483B000AF786098
:102D60004FF0FF3318460C37BD465DF8047B7047C3
:102D700080B483B000AF786039603B684FF4005294
:102D80005A60002318460C37BD465DF8047B704737
:102D900080B483B000AF7860012318460C37BD467D
:102DA0005DF8047B704780B485B000AFF860B9600F
:102DB0007A60002318461437BD465DF8047B7047DF
:102DC00080B586B000AF7860144A154BD31A7B618A
:102DD0007B693B61134B1B68002B02D1114B124ADC
:102DE0001A60104B1A687B6813443A699A4207D2FA
:102DF00026F018FD03460C221A604FF0FF3309E05D
:102E0000084B1B68FB60074B1A687B681344054A34
:102E10001360FB6818461837BD4680BD00000220CD
:102E200000040000941500200000006080B400AF92
:102E3000064BD3F88830054A43F47003C2F8883053
:102E400000BFBD465DF8047B704700BF00ED00E0A9
:102E5000DFF834D0FFF7EAFF0C480D490D4A002394
:102E600002E0D458C4500433C4188C42F9D30A4A3F
:102E70000A4C002301E013600432A242FBD326F087
:102E8000D7FCFEF741F97047000002200000002047
:102E9000F004002030E00208F004002080660120E9
:102EA000FEE7000080B588B004AF78602323BB73D1
:102EB0006D4B1B684FF0FF3118461AF0DDFB6423A1
:102EC00002930123019307F10E03009301232122B2
:102ED000D221786812F01EFC0346FB73624B18681F
:102EE0000023002200211AF085F8FB7B002B01D083
:102EF000FB7BB4E000237B735B4B1B684FF0FF311F
:102F000018461AF0B9FB642302930123019307F1D9
:102F10000D03009301232222D221786812F0FAFBDC
:102F20000346FB73504B18680023002200211AF05F
:102F300061F8FB7B002B01D0FB7B90E000233B730F
:102F4000494B1B684FF0FF3118461AF095FB64237C
:102F500002930123019307F10C0300930123232221
:102F6000D221786812F0D6FB0346FB733E4B1868FB
:102F70000023002200211AF03DF8FB7B002B01D03A
:102F8000FB7B6CE00023FB72374B1B684FF0FF317B
:102F900018461AF071FB642302930123019307F191
:102FA0000B03009301232522D221786812F0B2FB93
:102FB0000346FB732C4B18680023002200211AF0F3
:102FC00019F8FB7B002B01D0FB7B48E01323BB727D
:102FD000254B1B684FF0FF3118461AF04DFB642358
:102FE00002930123019307F10A0300930123242292
:102FF000D221786812F08EFB0346FB731A4B1868D7
:1030000000230022002119F0F5FFFB7B002B01D0EB
:10301000FB7B24E00F237B72134B1B684FF0FF31C7
:1030200018461AF029FB642302930123019307F148
:103030000903009301232022D221786812F06AFB51
:103040000346FB73084B186800230022002119F087
:10305000D1FFFB7B002B01D0FB7B00E00023184657
:103060001037BD4680BD00BF0022002080B588B06B
:1030700004AF78603960364B1B684FF0FF3118465B
:103080001AF0FAFA642302930623019307F1080366
:1030900000930123A822D221786812F035FC034660
:1030A000FB732B4B186800230022002119F0A2FFAC
:1030B000FB7B002B01D0012345E07B7A1B021AB277
:1030C0003B7A1BB213431AB23B685A84FB7A1B0249
:1030D0001AB2BB7A1BB213431AB23B689A847B7B49
:1030E0001B021AB23B7B1BB213431AB23B68DA8451
:1030F0003B68B3F9223007EE903AF8EEE77A9FED9D
:10310000157A67EE877A3B68C3ED037A3B68B3F9BB
:10311000243007EE903AF8EEE77A9FED0E7A67EEEC
:10312000877A3B68C3ED047A3B68B3F9263007EE33
:10313000903AF8EEE77A9FED077A67EE877A3B6878
:10314000C3ED057A002318461037BD4680BD00BF89
:1031500000220020295C0F3C80B588B004AF786065
:103160004FF40873FB810F4B1B684FF0FF3118467B
:103170001AF082FA642302930223019307F10E03EB
:103180000093012301229021786812F0C3FA054BC5
:10319000186800230022002119F02CFF00BF10370F
:1031A000BD4680BD0022002080B588B004AF7860A5
:1031B00039601B4B1B684FF0FF3118461AF05CFA60
:1031C000642302930223019307F10C03009301236C
:1031D00000229021786812F097FB114B18680023A9
:1031E0000022002119F006FF3B7B1B021AB27B7BF9
:1031F0001BB213431AB23B681A853B68B3F92830F7
:1032000007EE903AF8EEE77A9FED067A67EE877A56
:103210003B68C3ED067A00BF1037BD4680BD00BFD6
:10322000002200200000003C80B582B000AF786032
:103230007868FFF737FE7868FFF78EFF00BF083722
:10324000BD4680BD80B582B000AF78603960396816
:103250007868FFF70BFF39687868FFF7A5FF322021
:103260001AF0F0FE3968786800F05EF900BF0837A0
:10327000BD4680BD80B586B002AF786048F20703D6
:10328000BB811D4B1B684FF0FF3118461AF0F4F953
:1032900007F10C026423009302236021786811F087
:1032A00009FF154B186800230022002119F0A2FE27
:1032B0003220FEF72DFD20237B730F4B1B684FF050
:1032C000FF3118461AF0D8F907F10C026423009375
:1032D00002236021786811F0EDFE074B1868002387
:1032E0000022002119F086FE0120FEF711FD00BF2B
:1032F0001037BD4680BD00BF0022002080B586B0DB
:1033000002AF786048F20703BB811D4B1B684FF08A
:10331000FF3118461AF0B0F907F10C02642300934C
:1033200002236021786811F0C5FE154B1868002350
:103330000022002119F05EFE3220FEF7E9FC402356
:103340007B730F4B1B684FF0FF3118461AF094F94E
:1033500007F10C026423009302236021786811F0C6
:10336000A9FE074B186800230022002119F042FE35
:103370000120FEF7CDFC00BF1037BD4680BD00BF69
:103380000022002080B58CB002AFF860B9607A608E
:103390003B60002387F827300723FB77FB7F3B75D3
:1033A00001237B755E4B1B684FF0FF3118461AF006
:1033B00063F907F114026423009302236021F86883
:1033C00011F078FE564B186800230022002119F0F6
:1033D00011FE0A201AF036FE0623FB77504B1B68BD
:1033E0004FF0FF3118461AF047F907F11F02642326
:1033F000009301236021F86811F05CFE07F11E02C2
:103400006423009301236021F86811F051FF444BBD
:10341000186800230022002119F0ECFD97F82730EE
:10342000013387F82730BB7F03F00103002B03D162
:1034300097F82730042BCFD9BB7F03F00103002B73
:103440000CD13B684FF000021A603B681A687B6839
:103450001A607B681A68BB681A605DE00023FB771E
:103460002F4B1B684FF0FF3118461AF005F907F192
:103470001F026423009301236021F86811F01AFEF3
:1034800007F118026423009306236021F86811F005
:103490000FFF234B186800230022002119F0AAFD1A
:1034A0007B7E1B021AB23B7E1BB213431BB2BB8452
:1034B000FB7E1B021AB2BB7E1BB213431BB27B8482
:1034C0007B7F1B021AB23B7F1BB213431BB23B84B0
:1034D000BB8C07EE903AB8EE677ADFED126AC7EE62
:1034E000267ABB68C3ED007A7B8C07EE903AB8EE83
:1034F000677ADFED0C6AC7EE267A7B68C3ED007A47
:103500003B8C07EE903AB8EE677ADFED066AC7EEBD
:10351000267A3B68C3ED007A2837BD4680BD00BFE0
:10352000002200200000004580B588B000AF786020
:1035300039607868FFF79EFE07F1140307F118025F
:1035400007F11C017868FFF71DFF7868FFF7D6FECA
:1035500007F1080307F10C0207F110017868FFF783
:1035600011FF97ED077AD7ED047A37EE677AF0EE20
:10357000006AC7EE267A9FED3E7A67EE877A3B684F
:10358000C3ED007A97ED067AD7ED037A37EE677AC6
:10359000F0EE006AC7EE267A9FED357A67EE877AFD
:1035A0003B68C3ED017A97ED057AD7ED027A37EEE5
:1035B000677AF0EE006AC7EE267A9FED2D7A67EE05
:1035C000877A3B68C3ED027A386800F0D3F839682F
:1035D000786800F051F83B68D3ED007AF0EEE77AB6
:1035E00017EE900AFCF7C0FF4FF00002214BFDF7E9
:1035F0003DF902460B4610461946FDF7E5FA03462B
:103600009AB23B689A833B68D3ED017AF0EEE77A91
:1036100017EE900AFCF7A8FF4FF00002154BFDF7DC
:1036200025F902460B4610461946FDF7CDFA03462A
:103630009AB23B68DA833B68D3ED027AF0EEE77A20
:1036400017EE900AFCF790FF4FF00002094BFDF7D0
:103650000DF902460B4610461946FDF7B5FA03462A
:103660009AB23B681A8400BF2037BD4680BD00BFB8
:103670000050C3470000244080B485B000AF78609C
:1036800039603B68D3ED007AF5EEC07AF1EE10FABE
:10369000ACBF01230023FB733B68D3ED017AF5EE49
:1036A000C07AF1EE10FAACBF01230023BB733B6874
:1036B000D3ED027AF5EEC07AF1EE10FAACBF012339
:1036C00000237B73FB7B9B005AB2BB7B5B005BB22E
:1036D00013435AB297F90D3013435BB2DAB23B6829
:1036E00083F82A2000BF1437BD465DF8047B70477D
:1036F00080B582B000AF78601C4B1B68002B31D0C6
:103700001A4B1B684FF0FF31184619F0B5FF7B6864
:103710001B68174A13607B685B68154A53607B68B7
:103720009B68134A93607B68DB68114AD3607B68AF
:103730001B690F4A13617B685B690D4A53617B68A3
:103740009B690B4A93617B68DB69094AD3617B689B
:103750001B6A074A1362054B1868002300220021E8
:1037600019F048FC00BF0837BD4680BD102200207C
:103770003C02002080B52DED028B8AB000AF78604E
:103780007B681B68BB617B685B687B617B689B684F
:103790003B615A4B1B68002B00F09A80574B1B680B
:1037A0004FF0FF31184619F067FF554BD3ED007A03
:1037B00097ED067A77EE676A514B93ED037AC6EE82
:1037C000877AC7ED097A4E4BD3ED017A97ED057AEA
:1037D00037EE677A4A4BD3ED047A87EE278A484B57
:1037E000D3ED067AB0EE670A21F05EFAB0EE407AC9
:1037F000D7ED097A67EE277A38EE678A404BD3ED2A
:10380000067AB0EE670A21F003FAB0EE407AC8EE0D
:10381000077AC7ED087A3A4BD3ED087AB0EE670A1B
:1038200021F0F6F9B0EE408A354BD3ED077AB0EED1
:10383000670A21F0EDF9F0EE407A28EE277AF7EEEC
:10384000006AC6EE877AC7ED037A2D4BD3ED027A74
:1038500097ED047A37EE677A294BD3ED057A87EE38
:10386000278A274BD3ED077AB0EE670A21F01CFABE
:10387000B0EE407AD7ED097A67EE277A38EE678A9C
:103880001F4BD3ED087AB0EE670A21F00DFAB0EEC7
:10389000407AD7ED087A67EE278A194BD3ED077A7D
:1038A000B0EE670A21F0B4F9F0EE407A68EEA77A3C
:1038B00078EE677A97ED037A67EE277AC7ED077A95
:1038C0000E4B186800230022002119F093FB05E03D
:1038D000BB697B627B693B623B69FB617B687A6A9F
:1038E0001A607B683A6A5A607B68FA699A6000BF1E
:1038F0002837BD46BDEC028B80BD00BF10220020E2
:103900003C02002080B582B000AF0346FB71124B31
:103910001B684FF0FF31184619F0AEFEFB79012B02
:1039200006D10E4B0E4A1A600E4B01221A7008E0A7
:10393000FB79022B05D1094B0B4A1A60094B022275
:103940001A70054B186800230022002119F052FB61
:1039500000BF0837BD4680BD18220020600200204D
:10396000C015002064020020EC15002080B485B052
:1039700000AF78600023FB7309E0FB7B7A681A4490
:10398000FB7B11780A4AD154FB7B0133FB73FB7B31
:10399000042BF2D9074B1B7843F00103DAB2054B35
:1039A0001A7000BF1437BD465DF8047B704700BF36
:1039B00098150020BC15002080B485B000AF786059
:1039C0000023FB730AE0FB7B7A681A44FB7B053318
:1039D00011780A4AD154FB7B0133FB73FB7B042B28
:1039E000F1D9074B1B7843F00203DAB2044B1A708B
:1039F00000BF1437BD465DF8047B70479815002062
:103A0000BC15002080B485B000AF78600023FB7344
:103A10000AE0FB7B7A681A44FB7B0A3311780A4A76
:103A2000D154FB7B0133FB73FB7B042BF1D9074B98
:103A30001B7843F00403DAB2044B1A7000BF14374A
:103A4000BD465DF8047B704798150020BC1500202A
:103A500080B485B000AF78600023FB730AE0FB7B85
:103A60007A681A44FB7B0F3311780A4AD154FB7BE6
:103A70000133FB73FB7B042BF1D9074B1B7843F01D
:103A80000803DAB2044B1A7000BF1437BD465DF864
:103A9000047B704798150020BC15002080B485B0C9
:103AA00000AF78600023FB730AE0FB7B7A681A445E
:103AB000FB7B143311780A4AD154FB7B0133FB732F
:103AC000FB7B042BF1D9074B1B7843F01003DAB2D0
:103AD000044B1A7000BF1437BD465DF8047B704775
:103AE00098150020BC15002080B485B000AF786028
:103AF0000023FB730AE0FB7B7A681A44FB7B1933D3
:103B000011780A4AD154FB7B0133FB73FB7B042BF6
:103B1000F1D9074B1B7843F02003DAB2044B1A703B
:103B200000BF1437BD465DF8047B70479815002030
:103B3000BC15002080B485B000AF78600023FB7313
:103B40000AE0FB7B7A681A44FB7B1E3311780A4A31
:103B5000D154FB7B0133FB73FB7B042BF1D9074B67
:103B60001B7843F04003DAB2044B1A7000BF1437DD
:103B7000BD465DF8047B704798150020BC150020F9
:103B800080B582B000AF786039607B681A780F4BDF
:103B900083F823200E4B1B7863F07F03DAB20C4BC3
:103BA0001A700B4B1B78FF2B0AD10848FFF7A0FDBA
:103BB000074B00221A70386800F00CF8012300E06F
:103BC000002318460837BD4680BD00BF9815002069
:103BD000BC15002080B582B000AF7860214B1B6817
:103BE000002B3AD01F4B1B684FF0FF31184619F0DD
:103BF00043FD1D4B1A687B681A607B6804331A4AC0
:103C000052681A607B680833174A92681A607B68AA
:103C10000C33154AD2681A607B681033124A126955
:103C20001A607B681433104A52691A607B68183333
:103C30000D4A92691A607B681C330B4AD2691A607C
:103C40007B682033084A126A1A60064B1868002302
:103C50000022002119F0CEF900E000BF0837BD4670
:103C600080BD00BF102200203C02002080B485B03F
:103C700000AF786041F60F53FB817B6802331B78FD
:103C800002333B7301237B7316E0FB891B0A9BB253
:103C90007A7B79680A44127853407B817B890C4A8D
:103CA00032F813301AB2FB891B021BB253401BB20D
:103CB000FB817B7B01337B737A7B3B7B9A42E4D92C
:103CC000FB8918461437BD465DF8047B704700BF7A
:103CD00000C3020880B485B000AF786039607B68AB
:103CE000FB603B68BB600D4B00221A700AE0FB686A
:103CF0001A780A4B1B785340DAB2084B1A70FB68EB
:103D00000133FB60FA68BB689A42F0D3034B1B781F
:103D100018461437BD465DF8047B7047181600201E
:103D200080B485B000AF78600023FB7302E0FB7BBA
:103D30000133FB73FB7B7A6813441B78002BF6D1AD
:103D4000FB7B18461437BD465DF8047B704780B591
:103D500086B000AFB9607B600346FB731346BB734C
:103D60000023BB827B68CD221A707B680133FA7B0B
:103D70001A70BB7B272B01D92723BB737B680233C7
:103D8000BA7B1A700023FB750CE0FB7DBA681A44FD
:103D9000FB7D033319467B680B4412781A70FB7D58
:103DA0000133FB75FA7DBB7B9A42EED37868FFF74F
:103DB0005DFF0346BB82BB8A1B0A9AB2BB7B0333FF
:103DC00019467B680B44D2B21A70BB7B04331A4687
:103DD0007B681344BA8AD2B21A70BB7B05331A4689
:103DE0007B6813440A221A70BB7B06331A467B6831
:103DF000134400221A7000BF1837BD4680BD80B43E
:103E000083B000AF03463960FB713B68CD221A7066
:103E10003B680133FA791A703B68023300221A704A
:103E20003B680333FA791A703B680433FA791A70E5
:103E30003B6805330A221A703B68063300221A7069
:103E400000BF0C37BD465DF8047B704780B582B07B
:103E500000AF78600BF0DFFB7B6802331B78063322
:103E60009AB24FF0FF337968034816F0FDFC00BFAB
:103E70000837BD4680BD00BFD408002080B582B0A1
:103E800000AF78600BF0C0FB7B6802331B78063311
:103E90009AB24FF0FF337968034816F0E5FC00BF93
:103EA0000837BD4680BD00BF8C08002080B58EB0AD
:103EB00000AF03463960FB713868FFF731FF0346F6
:103EC0001A4607F10803F8793968FFF740FFBB7A13
:103ED00006339AB207F108014FF0FF33034816F09A
:103EE000C3FC00BF3837BD4680BD00BF8C08002032
:103EF00080B582B000AF78600B46FB70FB78AB2BCF
:103F000008D17B6802331B78272B03D87868FFF72A
:103F1000B5FF0AE0FB78CE2B07D17B6802331B7814
:103F2000272B02D87868FFF791FF00BF0837BD46FE
:103F300080BD80B58EB000AF03460A46FB711346C4
:103F4000BB7107F10802FB7911461846FFF757FFCE
:103F5000BA7907F1080311461846FFF7C9FF00BFF9
:103F60003837BD4680BD000080B400AF024B184614
:103F7000BD465DF8047B70476516002080B400AF35
:103F8000024B1846BD465DF8047B7047641600205E
:103F900080B584B000AF78600B46FB701AF054FA1D
:103FA000F8607B685B69FA68D31AB3F57A7F05D944
:103FB0007B6800221A767B6800221A747B681B7C5F
:103FC000062B00F2838001A252F823F0E93F00089B
:103FD0001B400008294000085F4000088D40000891
:103FE0009B400008A9400008FB78AB2B02D0FB786F
:103FF000CE2B0ED17B6800221A767B68FA781A7075
:104000007B6801221A741AF01FFA02467B685A6113
:1040100066E07B6800221A7462E07B68FA785A7066
:104020007B6802221A745BE0FB78002B06D17B6868
:1040300004221A747B68FA789A7051E0FB78272B77
:1040400009D87B6803221A747B68FA789A707B68B7
:1040500000225A7444E07B6802221A7640E07B68B2
:104060005B7C1A467B681344FA78DA707B685B7C69
:104070000133DAB27B685A747B685A7C7B689B7820
:104080009A422AD37B6804221A7426E07B68FA7865
:104090005A737B6805221A7422E07B68FA789A7357
:1040A0007B6806221A741BE0FB780A2B06D17B681A
:1040B00001221A767B68FA78DA7310E07B681B7E3F
:1040C000012B0CD07B6802221A7608E07B68022262
:1040D0001A767B6800221A7402E000BF00E000BF7D
:1040E00000BF1037BD4680BD80B483B000AF78609C
:1040F0000B46FB707B685B78FA789A420FD17B683D
:104100009B78002B0BD17B685B7BFA789A4206D1B7
:104110007B689B7BFA789A4201D1012300E000235F
:1041200018460C37BD465DF8047B704780B584B0F7
:1041300000AF78600023FB810023BB817868FFF724
:1041400095FD0346BB817B685B7B1B021AB27B68D3
:104150009B7B1BB213431BB2FB81FA89BB899A423A
:1041600001D1012300E0002318461037BD4680BD71
:1041700080B586B000AFF860B9601346FB71FB688C
:104180001B7E022B0CD1BB68FA791A70BB68FF2228
:104190005A70BB6800229A70BB680022DA7061E036
:1041A000FF21F868FFF7A0FF0346012B0DD1FB6844
:1041B0001A78BB681A70BB68FF225A70BB6800226D
:1041C0009A70BB680022DA704CE0AA21F868FFF709
:1041D0008BFF0346012B0DD1FB681A78BB681A7060
:1041E000BB68AA225A70BB6800229A70BB68002282
:1041F000DA7037E0F868FFF799FF0346002B28D004
:10420000FB681B78FA799A4223D1FB681A78BB685D
:104210001A70FB685A78BB685A70FB689A78BB685A
:104220009A7000237B610DE0FA687B6913440333C5
:104230001978BA687B69134403330A461A707B699C
:1042400001337B61FB689B781A467B699342EBDB09
:1042500008E0BB68FA791A70BB6800225A70BB6824
:1042600000229A70FB6800221A76FB6800221A74FA
:10427000FB6800221A7000BF1837BD4680BD80B5AC
:1042800084B000AF786039607B681B7E022B0DD153
:104290007B681A783B681A703B68FF225A703B684B
:1042A00000229A703B680022DA705DE0FF21786896
:1042B000FFF71AFF0346012B0DD17B681A783B6884
:1042C0001A703B68FF225A703B6800229A703B6864
:1042D0000022DA7048E0AA217868FFF705FF03465C
:1042E000012B0DD17B681A783B681A703B68AA22B3
:1042F0005A703B6800229A703B680022DA7033E003
:104300007868FFF713FF0346002B23D07B681A78E9
:104310003B681A707B685A783B685A707B689A7859
:104320003B689A700023FB600DE07A68FB681344D9
:10433000033319783A68FB68134403330A461A704A
:10434000FB680133FB607B689B781A46FB689342ED
:10435000EBDB09E07B681A783B681A703B68002247
:104360005A703B6800229A707B6800221A767B683C
:1043700000221A747B6800221A7000BF1037BD46F5
:1043800080BD000080B584B000AF78600E4806F0B4
:104390008FFBF860FB681B0EDAB27B681A70FB6853
:1043A0001A0C7B680133D2B21A70FB681A0A7B6858
:1043B0000233D2B21A707B680333FA68D2B21A7031
:1043C00000BF1037BD4680BD1006002080B584B008
:1043D00000AF78608B4806F06BFBB860BB681B0EC3
:1043E000DAB27B681A70BB681A0C7B680133D2B2F0
:1043F0001A70BB681A0A7B680233D2B21A707B68E3
:104400000333BA68D2B21A707F4B9B8B1B0A9AB2E5
:104410007B680433D2B21A707B4B9A8B7B6805336E
:10442000D2B21A70784BDB8B1B0A9AB27B680633C8
:10443000D2B21A70744BDA8B7B680733D2B21A701F
:10444000714B1B8C1B0A9AB27B680833D2B21A706C
:104450006D4B1A8C7B680933D2B21A706A4BB3F970
:1044600022301B121AB27B680A33D2B21A70664B22
:10447000B3F922207B680B33D2B21A70624BB3F9C6
:1044800024301B121AB27B680C33D2B21A705E4B06
:10449000B3F924207B680D33D2B21A705A4BB3F9AA
:1044A00026301B121AB27B680E33D2B21A70564BEA
:1044B000B3F926207B680F33D2B21A70524BB3F98E
:1044C00028301B121AB27B681033D2B21A704E4BCE
:1044D000B3F928207B681133D2B21A704A4B93F893
:1044E0002A301B015AB2494B93F82A305BB203F0D1
:1044F0000F035BB213435AB27B681233D2B21A7005
:10450000424B9B8B1B0A9AB27B681333D2B21A7050
:104510003E4B9A8B7B681433D2B21A703B4BDB8BC9
:104520001B0A9AB27B681533D2B21A70374BDA8BFA
:104530007B681633D2B21A70344B1B8C1B0A9AB2AA
:104540007B681733D2B21A70304B1A8C7B681833E1
:10455000D2B21A702D4BB3F922301B121AB27B68FB
:104560001933D2B21A70294BB3F922207B681A335F
:10457000D2B21A70254BB3F924301B121AB27B68E1
:104580001B33D2B21A70214BB3F924207B681C3341
:10459000D2B21A701D4BB3F926301B121AB27B68C7
:1045A0001D33D2B21A70194BB3F926207B681E3323
:1045B000D2B21A70154BB3F928301B121AB27B68AD
:1045C0001F33D2B21A70114BB3F928207B68203305
:1045D000D2B21A700023FB600CE0FB6821331A464C
:1045E0007B6813440A49FA680A4412781A70FB6817
:1045F0000133FB60FB68042BEFDD00BF00BF103709
:10460000BD4680BD10060020C0150020EC1500201E
:104610008416002080B483B000AF78607B684C22A1
:104620001A707B68013349221A707B680233452275
:104630001A707B68033353221A707B680433452257
:104640001A707B68053332221A707B680633302279
:104650001A707B68073332221A707B68083336225F
:104660001A707B68093341221A707B680A334C2226
:104670001A707B680B3352221A707B680C334D2200
:104680001A707B680D3341221A707B680E335322F7
:104690001A707B680F3345221A707B6810334322EF
:1046A0001A707B68113336221A707B6812333722F6
:1046B0001A707B6813334A221A707B6814334322C2
:1046C0001A707B6815334A221A707B6816334122B0
:1046D0001A707B68173350221A707B6818337B225C
:1046E0001A707B68193341221A707B681A335A2278
:1046F0001A707B681B33EC221A707B681C332422EF
:104700001A707B681D334C221A707B681E3333226B
:104710001A707B681F334A221A707B682033452247
:104720001A707B68213341221A707B682233412240
:104730001A707B68233348221A707B682433422224
:104740001A707B68253348221A707B68263343220F
:104750001A7000BF0C37BD465DF8047B704700003F
:1047600080B584B000AF78603A4806F0A1F9F860EF
:10477000FB681B0EDAB27B681A70FB681A0C7B6848
:104780000133D2B21A70FB681A0A7B680233D2B2C4
:104790001A707B680333FA68D2B21A707B680433EC
:1047A00000221A702C4B1B881B0A9AB27B680533B7
:1047B000D2B21A70284B1A887B680633D2B21A70AC
:1047C000254B5B881B0A9AB27B680733D2B21A70FA
:1047D000214B5A887B680833D2B21A701E4B9B88D3
:1047E0001B0A9AB27B680933D2B21A701A4B9A88A4
:1047F0007B680A33D2B21A70174BDB881B0A9AB255
:104800007B680B33D2B21A70134BDA887B680C3397
:10481000D2B21A70104B1B891B0A9AB27B680D33F7
:10482000D2B21A700C4B1A897B680E33D2B21A704E
:10483000094B5B891B0A9AB27B680F33D2B21A709C
:10484000054B5A897B681033D2B21A7000BF1037FB
:10485000BD4680BD100600206822002080B584B0CF
:1048600000AF7860644806F023F9F860FB681B0E1F
:10487000DAB27B681A70FB681A0C7B680133D2B21B
:104880001A70FB681A0A7B680233D2B21A707B680E
:104890000333FA68D2B21A707B68043300221A70AC
:1048A000564B9B691A0E7B680533D2B21A70534B74
:1048B0009B691A0C7B680633D2B21A704F4B9B6906
:1048C0001A0A7B680733D2B21A704C4B9A697B681C
:1048D0000833D2B21A70494BDB691A0E7B68093370
:1048E000D2B21A70454BDB691A0C7B680A33D2B21C
:1048F0001A70424BDB691A0A7B680B33D2B21A700A
:104900003E4BDA697B680C33D2B21A703B4BD3E969
:104910000A014FF000024FF000030A0E00237968ED
:104920000D31D3B20B70354BD3E90A014FF00002C1
:104930004FF000030A0C002379680E31D3B20B70DC
:104940002E4BD3E90A014FF000024FF000030A0A90
:10495000002379680F31D3B20B70284BD3E90A01D9
:104960004FF000024FF000030A0000237968103175
:10497000D3B20B70214BD3E90A014FF000024FF084
:104980000003020E42EA01220B0E79681131D3B204
:104990000B701A4BD3E90A014FF000024FF00003ED
:1049A000020C42EA01420B0C79681231D3B20B704F
:1049B000124BD3E90A014FF000024FF00003020A44
:1049C00042EA01620B0A79681331D3B20B700B4BC8
:1049D000D3E90A2379681431D3B20B707B6815339D
:1049E000064A92F836201A707B68163300221A7035
:1049F00000BF1037BD4680BD100600209019002072
:104A000090B585B000AF7860634806F051F8F86063
:104A1000FB681B0EDAB27B681A70FB681A0C7B68A5
:104A20000133D2B21A70FB681A0A7B680233D2B221
:104A30001A707B680333FA68D2B21A707B68043349
:104A400000221A707B68053300221A707B689C1D57
:104A500001F0E8FC034623707B68073300221A70DC
:104A60004E4B1A887B680833D2B21A707B680933C0
:104A700000221A707B6803F10A0401F023FD03464B
:104A800023707B680B3300221A70454B1A887B68B1
:104A90000C33D2B21A707B680D3300221A707B6817
:104AA00003F10E0401F0E6FC034623707B680F332C
:104AB00000221A703B4B1A887B681033D2B21A70EE
:104AC0007B68113300221A707B6803F1120401F035
:104AD00021FD034623707B68133300221A70324B8A
:104AE0001A887B681433D2B21A707B68153300229F
:104AF0001A707B6803F1160401F04EFD0346237023
:104B00007B68173300221A70284B1A887B68183389
:104B1000D2B21A707B68193300221A707B6803F1D5
:104B20001A0401F069FD034623707B681B330022E1
:104B30001A701F4B1A887B681C33D2B21A707B68BC
:104B40001D3300221A707B681E3300221A707B68A6
:104B50001F3300221A707B68203300221A707B6892
:104B6000213300221A707B68223300221A707B687E
:104B7000233300221A707B68243300221A707B686A
:104B8000253300221A707B68263300221A7000BF7A
:104B90001437BD4690BD00BF100600209C160020B3
:104BA0009E160020A0160020A2160020A4160020A9
:104BB000A616002080B584B000AF7860AE4805F03E
:104BC00077FFF860FB681B0EDAB27B681A70FB682F
:104BD0001A0C7B680133D2B21A70FB681A0A7B6820
:104BE0000233D2B21A707B680333FA68D2B21A70F9
:104BF000A24B5B681A0E7B680433D2B21A709F4BCB
:104C00005B681A0C7B680533D2B21A709B4B5B68E9
:104C10001A0A7B680633D2B21A70984B5A687B68BE
:104C20000733D2B21A70954B1B691A0E7B68083392
:104C3000D2B21A70914B1B691A0C7B680933D2B23D
:104C40001A708E4B1B691A0A7B680A33D2B21A702B
:104C50008A4B1A697B680B33D2B21A70874B9B68F8
:104C60001A0E7B680C33D2B21A70844B9B681A0CF4
:104C70007B680D33D2B21A70804B9B681A0A7B682E
:104C80000E33D2B21A707D4B9A687B680F33D2B262
:104C90001A707A4B9B691A0E7B681033D2B21A7065
:104CA000764B9B691A0C7B681133D2B21A70734B26
:104CB0009B691A0A7B681233D2B21A706F4B9A69D9
:104CC0007B681333D2B21A707B6814336C4A127843
:104CD0001A706C4B1B881B0A9AB27B681533D2B2D0
:104CE0001A70684B1A887B681633D2B21A707B68C8
:104CF0001733654A12781A70644B1B881B0A9AB2E4
:104D00007B681833D2B21A70604B1A887B681933EB
:104D1000D2B21A705E4BD3E908014FF000024FF097
:104D200000030A00002379681A31D3B20B70584B84
:104D3000D3E908014FF000024FF00003020E42EAEF
:104D400001220B0E79681B31D3B20B70504BD3E9A3
:104D500008014FF000024FF00003020C42EA01424A
:104D60000B0C79681C31D3B20B70494BD3E90801A5
:104D70004FF000024FF00003020A42EA01620B0A00
:104D800079681D31D3B20B70414BD3E908237968A0
:104D90001E31D3B20B703F4BD3E906014FF0000236
:104DA0004FF000030A00002379681F31D3B20B7063
:104DB000384BD3E906014FF000024FF00003020E1A
:104DC00042EA01220B0E79682031D3B20B70314BCD
:104DD000D3E906014FF000024FF00003020C42EA53
:104DE00001420B0C79682131D3B20B70294BD3E906
:104DF00006014FF000024FF00003020A42EA01628E
:104E00000B0A79682231D3B20B70224BD3E9062307
:104E100079682331D3B20B707B682433174A127838
:104E20001A701D4B1B785AB21C4B1B785B005BB28F
:104E300003F002035BB213435AB2194B1B789B0079
:104E40005BB203F004035BB213435AB20B4B1B7FFC
:104E5000DB005BB203F008035BB213435AB2114BA1
:104E60001B781B015BB203F010035BB213435AB211
:104E70000D4B1B781AE000BF1006002070180020B0
:104E8000002A0020042A0020012A0020022A0020F3
:104E9000C822002030250020E1210020E021002050
:104EA000101900205D1C00208B0200205B015BB20A
:104EB00003F020035BB213435AB20B4B1B789B01E8
:104EC0005BB203F040035BB213435AB27B682533F5
:104ED000D2B21A707B682633044A12781A7000BF67
:104EE0001037BD4680BD00BF8C0200205C1C002036
:104EF00080B584B000AF78607A4805F0D9FDF860DD
:104F0000FB681B0EDAB27B681A70FB681A0C7B68B0
:104F10000133D2B21A70FB681A0A7B680233D2B22C
:104F20001A707B680333FA68D2B21A706E4B1B6832
:104F30001A0E7B680433D2B21A706B4B1B681A0CC2
:104F40007B680533D2B21A70674B1B681A0A7B68FC
:104F50000633D2B21A70644B1A687B680733D2B238
:104F60001A70614B5B681A0E7B680833D2B21A70F4
:104F70005D4B5B681A0C7B680933D2B21A705A4BCE
:104F80005B681A0A7B680A33D2B21A70564B5A68A9
:104F90007B680B33D2B21A70544B1B681A0E7B68B5
:104FA0000C33D2B21A70514B1B681A0C7B680D334C
:104FB000D2B21A704D4B1B681A0A7B680E33D2B2FC
:104FC0001A704A4B1A687B680F33D2B21A70474B7B
:104FD0005B681A0E7B681033D2B21A70434B5B6861
:104FE0001A0C7B681133D2B21A70404B5B681A0AF4
:104FF0007B681233D2B21A703C4B5A687B68133309
:10500000D2B21A703A4B1B681A0E7B681433D2B2B4
:105010001A70374B1B681A0C7B681533D2B21A70A2
:10502000334B1B681A0A7B681633D2B21A70304BA6
:105030001A687B681733D2B21A702D4B5B681A0E50
:105040007B681833D2B21A70294B5B681A0C7B68E4
:105050001933D2B21A70264B5B681A0A7B681A336E
:10506000D2B21A70224B5A687B681B33D2B21A70C4
:10507000204B1B681A0E7B681C33D2B21A701D4B72
:105080001B681A0C7B681D33D2B21A70194B1B684F
:105090001A0A7B681E33D2B21A70164B1A687B68E4
:1050A0001F33D2B21A70134B5B681A0E7B68203321
:1050B000D2B21A700F4B5B681A0C7B682133D2B2E4
:1050C0001A700C4B5B681A0A7B682233D2B21A70D2
:1050D000084B5A687B682333D2B21A7000BF10376E
:1050E000BD4680BD10060020C0160020B01600206E
:1050F000B8160020C816002080B58CB000AF7860CC
:10510000B44B1B684FF0FF31184618F0B5FAB24B9C
:105110001B68FB62AF4B186800230022002117F0C8
:1051200069FFAE4805F0C4FCB862BB6A1B0EDAB278
:105130007B681A70BB6A1A0C7B680133D2B21A7092
:10514000BB6A1A0A7B680233D2B21A707B680333D7
:10515000BA6AD2B21A70FB6AD3ED007A9FEDA07AD8
:1051600067EE877AFDEEE77A17EE903AFB84FB6AEA
:10517000D3ED017A9FED9A7A67EE877AFDEEE77AB2
:1051800017EE903ABB84FB6AD3ED027A9FED947AD6
:1051900067EE877AFDEEE77A17EE903A7B84B7F9EF
:1051A00026301B121AB27B680433D2B21A707B68A5
:1051B0000533FA8CD2B21A70B7F924301B121AB226
:1051C0007B680633D2B21A707B680733BA8CD2B2CE
:1051D0001A70B7F922301B121AB27B680833D2B2A8
:1051E0001A707B6809337A8CD2B21A707D4B1B8897
:1051F0001B0A9AB27B680A33D2B21A70794B1A88AA
:105200007B680B33D2B21A70764B5B881B0A9AB25A
:105210007B680C33D2B21A70724B5A887B680D339C
:10522000D2B21A706F4B9B881B0A9AB27B680E33FE
:10523000D2B21A706B4B9A887B680F33D2B21A7055
:10524000684BDB881B0A9AB27B681033D2B21A70A3
:10525000644BDA887B681133D2B21A70614B1B89B8
:105260001B0A9AB27B681233D2B21A705D4B1A894C
:105270007B681333D2B21A705A4B5B891B0A9AB2FD
:105280007B681433D2B21A70564B5A897B68153337
:10529000D2B21A70544BD3ED007A9FED547A67EE78
:1052A000877AFDEEE77A17EE903AFB614E4BD3ED2D
:1052B000017A9FED4E7A67EE877AFDEEE77A17EE78
:1052C000903ABB61FB691A0E7B681633D2B21A7032
:1052D000FB691A147B681733D2B21A70FB691A1271
:1052E0007B681833D2B21A707B681933FA69D2B26C
:1052F0001A70BB691A0E7B681A33D2B21A70BB6976
:105300001A147B681B33D2B21A70BB691A127B68FD
:105310001C33D2B21A707B681D33BA69D2B21A70CC
:10532000314B93ED027ADFED326AC7EE267AFCEE5E
:10533000E77AC7ED007A3B78FB757B681E33FA7D10
:105340001A702C4BD3ED047A9FED2B7A67EE877A97
:10535000FDEEE77A17EE903ABB82264BD3ED057A45
:105360009FED257A67EE877AFDEEE77A17EE903AA1
:105370007B82204BD3ED067A9FED1F7A67EE877A0A
:10538000FDEEE77A17EE903A3B821A4BD3ED077A9F
:105390009FED197A67EE877AFDEEE77A17EE903A7D
:1053A000FB81B7F914301B121AB27B681F33D2B2DB
:1053B0001A707B682033BA8AD2B21A70B7F91230E9
:1053C0001B121AB27B682133D2B21A707B68223367
:1053D00014E000BF18220020600200201006002008
:1053E00000007A44682200209019002000247449AB
:1053F00000401C46802200200060EA467A8AD2B231
:105400001A70B7F910301B121AB27B682333D2B26C
:105410001A707B6824333A8AD2B21A70B7F90E3008
:105420001B121AB27B682533D2B21A707B682633FE
:10543000FA89D2B21A7000BF3037BD4680BD00BFB6
:1054400080B588B000AF7860AE4B1B684FF0FF317D
:10545000184618F011F9AC4B1B68FB61A94B186892
:1054600000230022002117F0C5FDA84805F020FB0D
:10547000B861BB691B0EDAB27B681A70BB691A0C83
:105480007B680133D2B21A70BB691A0A7B68023397
:10549000D2B21A707B680333BA69D2B21A70FB6950
:1054A000B3F922301B121AB27B680433D2B21A70DD
:1054B000FB69B3F922207B680533D2B21A70FB690D
:1054C000B3F924301B121AB27B680633D2B21A70B9
:1054D000FB69B3F924207B680733D2B21A70FB69E9
:1054E000B3F926301B121AB27B680833D2B21A7095
:1054F000FB69B3F926207B680933D2B21A70FB69C5
:10550000D3ED007A9FED827A67EE877AFDEEE77A37
:1055100017EE903AFB82FB69D3ED017A9FED7C7A1E
:1055200067EE877AFDEEE77A17EE903ABB82FB6969
:10553000D3ED027A9FED767A67EE877AFDEEE77A11
:1055400017EE903A7B82B7F916301B121AB27B68BD
:105550000A33D2B21A707B680B33FA8AD2B21A704D
:10556000B7F914301B121AB27B680C33D2B21A701E
:105570007B680D33BA8AD2B21A70B7F912301B1297
:105580001AB27B680E33D2B21A707B680F337A8AF4
:10559000D2B21A705F4B1B881B0A9AB27B68103319
:1055A000D2B21A705B4B1A887B681133D2B21A7070
:1055B000584B5B881B0A9AB27B681233D2B21A70BE
:1055C000544B5A887B681333D2B21A70514B9B8864
:1055D0001B0A9AB27B681433D2B21A704D4B9A8868
:1055E0007B681533D2B21A704A4BDB881B0A9AB219
:1055F0007B681633D2B21A70464BDA887B68173351
:10560000D2B21A70434B1B891B0A9AB27B681833BB
:10561000D2B21A703F4B1A897B681933D2B21A7012
:105620003D4BD3ED007A9FED3D7A67EE877AFDEE34
:10563000E77A17EE903AFB60374BD3ED017A9FED96
:10564000377A67EE877AFDEEE77A17EE903ABB601D
:10565000FB681A0E7B681A33D2B21A70FB681A14F0
:105660007B681B33D2B21A70FB681A127B681C333A
:10567000D2B21A707B681D33FA68D2B21A70BB6856
:105680001A0E7B681E33D2B21A70BB681A147B687C
:105690001F33D2B21A70BB681A127B682033D2B2A1
:1056A0001A707B682133BA68D2B21A701A4B93ED24
:1056B000027ADFED1B6AC7EE267A7B682233FCEEA6
:1056C000E77AC7ED007A3A78D2B21A70FB69B3F97B
:1056D00028301B121AB27B682333D2B21A70FB69CE
:1056E000B3F928207B682433D2B21A707B68253343
:1056F00000221A707B68263300221A7000BF203700
:10570000BD4680BD18220020600200201006002047
:1057100000007A4468220020901900200024744977
:1057200000401C4680B58EB000AF7860B24B1B685D
:105730004FF0FF31184617F09FFFB04B1B68BB625C
:10574000AD4B186800230022002117F053FCAC4831
:1057500005F0AEF978627B6A1B0EDAB27B681A70CC
:105760007B6A1A0C7B680133D2B21A707B6A1A0A00
:105770007B680233D2B21A707B6803337A6AD2B282
:105780001A70BB6AD3ED007A9FED9E7A67EE877A36
:10579000FDEEE77A17EE903A7B84BB6AD3ED017A8F
:1057A0009FED987A67EE877AFDEEE77A17EE903AEA
:1057B0003B84BB6AD3ED027A9FED927A67EE877ADB
:1057C000FDEEE77A17EE903AFB83B7F922301B1211
:1057D0001AB27B680433D2B21A707B6805337A8CB4
:1057E000D2B21A70B7F920301B121AB27B68063396
:1057F000D2B21A707B6807333A8CD2B21A70B7F9FA
:105800001E301B121AB27B680833D2B21A707B6842
:105810000933FA8BD2B21A707B4B9B891B0A9AB25E
:105820007B680A33D2B21A70774B9A897B680B3344
:10583000D2B21A70744BDB891B0A9AB27B680C33A4
:10584000D2B21A70704BDA897B680D33D2B21A70FB
:105850006D4B1B8A1B0A9AB27B680E33D2B21A7048
:10586000694B1A8A7B680F33D2B21A70BB6AB3F9DC
:1058700022301B121AB27B681033D2B21A70BB6A84
:10588000B3F922207B681133D2B21A70BB6AB3F924
:1058900024301B121AB27B681233D2B21A70BB6A60
:1058A000B3F924207B681333D2B21A70BB6AB3F900
:1058B00026301B121AB27B681433D2B21A70BB6A3C
:1058C000B3F926207B681533D2B21A704F4BD3ED53
:1058D000007A9FED4F7A67EE877AFDEEE77A17EE52
:1058E000903ABB61494BD3ED017A9FED497A67EE5F
:1058F000877AFDEEE77A17EE903A7B61BB691A0E64
:105900007B681633D2B21A70BB691A147B681733DE
:10591000D2B21A70BB691A127B681833D2B21A70ED
:105920007B681933BA69D2B21A707B691A0E7B6828
:105930001A33D2B21A707B691A147B681B33D2B245
:105940001A707B691A127B681C33D2B21A707B689A
:105950001D337A69D2B21A702C4B93ED027ADFEDC7
:105960002D6AC7EE267AFCEEE77AC7ED007A3B781F
:10597000FB747B681E33FA7C1A70274B1B781B0163
:105980005AB2264B1B881B0A9BB25BB203F00F0373
:105990005BB213435AB27B681F33D2B21A701F4BEB
:1059A0001A887B682033D2B21A701D4BD3F8A0300E
:1059B0007B631B4BD3F8A4303B63194BD3F8A8305F
:1059C000FB62174BD3ED277AF5EEC07AF1EE10FAB1
:1059D0002AD5D7ED0D7AF1EE677AC7ED0D7AD7EDBE
:1059E0000C7AF1EE677AC7ED0C7AD7ED0B7AF1EE0F
:1059F000677AC7ED0B7A17E01822002060020020BA
:105A00001006002000007A4468220020901900202F
:105A10000024744900401C46021C0020041C002085
:105A2000CC1900200060EA46D7ED0D7A1FED037A0D
:105A300067EE877AFDEEE77A17EE903A3B82D7ED74
:105A40000C7A1FED087A67EE877AFDEEE77A17EE9B
:105A5000903AFB81D7ED0B7A1FED0E7A67EE877ACD
:105A6000FDEEE77A17EE903ABB81B7F910301B12C2
:105A70001AB27B682133D2B21A707B6822333A8A19
:105A8000D2B21A70B7F90E301B121AB27B682333E8
:105A9000D2B21A707B682433FA89D2B21A70B7F97D
:105AA0000C301B121AB27B682533D2B21A707B6895
:105AB0002633BA89D2B21A7000BF3837BD4680BDCE
:105AC0002DE9B04F9EB002AF7860012387F86F30A8
:105AD0005F4BBB6600F0B2FB02F048F907F14003F0
:105AE0001846FEF78DFFBB6E00229846914642464F
:105AF0004B464FF000004FF00001590141EAD261DE
:105B0000500102460B46B2EB080463EB09054FF067
:105B100000024FF00003AB0043EA9473A200144666
:105B20001D4614EB080A45EB090B4FF000024FF03D
:105B300000034FEACB0343EA5A734FEACA02924684
:105B40009B46504659464FF47A724FF00003FBF7DC
:105B5000FBF802460B4607F10C0300924FF0FF32B0
:105B60000021002019F038FC0346012B2AD1FB68E4
:105B700003F00103002B02D0012387F86F30FB688C
:105B800003F00203002B02D0002387F86F30FB687C
:105B900003F00403002B15D02E4B1B684FF0FF3190
:105BA000184617F069FD2C4B1B781A464EF66023F9
:105BB00002FB03F3BB66274B186800230022002179
:105BC00017F018FA97F86F30012B8CD1234B1B6814
:105BD0004FF0FF31184617F04FFD00F02FFB02F099
:105BE000C5F807F140031846FEF70AFF1B4B18687B
:105BF00000230022002117F0FDF907F140031846A9
:105C000000F03AFD034683F00103DBB2002B0DD018
:105C100007F140031846FEF7B5FB07F1100307F143
:105C2000400104220120FEF792F807E007F110037B
:105C300007F1400127220220FEF789F8084B186877
:105C400007F1100100234FF0FF3217F0D3F94AE7B4
:105C5000C02709000C220020760200202422002008
:105C60004C1C00202DE9B04F9CB002AF7860634B14
:105C70007B667B6E00229846914642464B464FF02B
:105C800000004FF00001590141EAD2615001024683
:105C90000B46B2EB080463EB09054FF000024FF02E
:105CA0000003AB0043EA9473A20014461D4614EBB4
:105CB000080A45EB090B4FF000024FF000034FEAD2
:105CC000CB0343EA5A734FEACA0292469B465046B8
:105CD00059464FF47A724FF00003FBF735F802464D
:105CE0000B4613460093464B4FF0FF320021002035
:105CF00019F072FB0346012B2DD1414B1B6803F0B9
:105D00000103002B02D03F4B01221A703C4B1B6851
:105D100003F00203002B02D03A4B00221A70384BDA
:105D20001B6803F00403002B15D0374B1B684FF0A2
:105D3000FF31184617F0A0FC344B1B781A464EF67C
:105D4000602302FB03F37B662F4B186800230022BD
:105D5000002117F04FF92B4B1B78002B89D02C49D1
:105D60002C4800F06BF800F02BF92B4B1B78002B24
:105D70003FF47FAF294808F059FD2949274800F032
:105D80005DF800F037F9274B03F5FA430C331A4658
:105D9000254B1846114642F6D0731A4623F079FD7A
:105DA0002249214800F04AF800F0E8F9204B00228F
:105DB0001A601F4B1B68FF221849184602F00AF9A7
:105DC0001C49164800F03AF800F03AF907F13C0394
:105DD0001846FFF78DF807F10C0307F13C01272265
:105DE0000D20FDF7B4FF144B186807F10C010023D8
:105DF0004FF0FF3217F0FEF83BE700BFC027090065
:105E000098160020740200200C2200207702002047
:105E1000C0160020007D0064E0210020D0AC0064AA
:105E2000C816002000000C08A0DC0064B01600209A
:105E3000B0180020B81600204C1C0020F0B587B028
:105E400000AF786039600023FB600023BB60544BD7
:105E500000221A70524B00225A70514B00229A7045
:105E60004F4B0022DA704F4B00221A604E4B1B68DA
:105E70009A684D4B1B6842F001029A6040F6F4327A
:105E8000796849480DF078FD0346464A1360474B50
:105E90001A68444B1B689A427ED000237B6178E0ED
:105EA0007A6913461B029B1A1B01FB60FB687A6828
:105EB00013443F4A104619464FF47F631A4623F0B5
:105EC000E8FC394B1B689A68374B1B6842F00102AB
:105ED0009A60344B00221A604FF47F723449324882
:105EE0000DF04AFD03462F4A1360324B1A682D4BC2
:105EF0001B689A424AD000233B6144E03A6913464A
:105F00005B0013441B011A46FB681344BB60BB686B
:105F10007A681344284A1C46164604F1300C35466C
:105F20002346186859689A68DB680FC51034103624
:105F30006445F4D11C4B1B689A681B4B1B6842F0EC
:105F400001029A60174B00221A600C221A49164867
:105F50000DF012FD0346134A1360184B1A68114BDB
:105F60001B689A420CD00E4A7B69134401221A70B6
:105F70000B4B0122DA703A6830210F4800F01EF90D
:105F80003B6901333B613B69542BB7DD7B690133CE
:105F90007B617B69022B83DD00BF1C37BD46F0BDF2
:105FA00094160020901600200C05002068020020A6
:105FB000700C01646C020020601C016470020020FF
:105FC00080B500AF084BDB78002B0AD0074B1B785D
:105FD00042F6D0721946064822F08BFD024B002291
:105FE000DA7000BF80BD00BF941600208A02002036
:105FF000007D006480B500AF0D4BDB78002B14D022
:106000000C4B1B7883F00103DBB2002B0DD00A4B45
:106010001B784FF4FF721946084822F06AFD0748C2
:1060200008F06CFB024B0022DA7000BF80BD00BF9D
:1060300094160020BC2200208A020020901C0164DB
:1060400080B500AF464B1B78002B3DD0444B5B78AE
:10605000002B39D0424B9B78002B35D0414B1B682D
:1060600010221946404801F063F83E4B1A683F4B36
:106070001B6813443B4A13603A4B1B6810221946B5
:10608000394801F055F8374B1A68384B1B681344F0
:10609000344A1360334B1B6810221946324801F012
:1060A00047F8334B1B7842F6D0721946314822F03C
:1060B00020FD314B1B68FF222E49184601F08CFE53
:1060C0000A2017F0BFFF49E0254B1B78002B10D0AA
:1060D000294B00221A60234B1B68102219462248C4
:1060E00001F026F8244B1B6855222249184601F07E
:1060F00073FE1B4B5B78002B15D01F4B4FF4805267
:106100001A601A4B1B68174A1360164B1B68102243
:106110001946154801F00CF8174B1B685522154914
:10612000184601F059FE0E4B9B78002B16D0124BEF
:106130004FF400521A600D4B1B685B00094A136054
:10614000084B1B6810221946074800F0F1FF0A4B64
:106150001B6855220749184601F03EFE00BF80BD6E
:1061600094160020401700207407002080020020B1
:106170008A020020D0AC0064B418002080B500AFC3
:106180000B4BDB78002B10D00A4B1B7842F6D072F9
:106190001946094822F0ADFC1AF094F800F09AFA7A
:1061A0001AF0C2F8024B0022DA7000BF80BD00BFB7
:1061B000941600208A020020A0DC006480B487B01E
:1061C00000AFF860B9607A601B4B1B78BB7400238A
:1061D0007B6126E0FA687B6913441B787B747A7CC8
:1061E000BB7C9A421AD07B681B685A1C7B681A6079
:1061F0007A7CBB7C5340FB740DE0FB7C013BDBB243
:106200005AB297F9133013405BB2FB747B685B683A
:106210005A1C7B685A60FB7C002BEED17B690133F2
:106220007B617A69BB689A42D4D300BF00BF1C3738
:10623000BD465DF8047B70478A02002080B586B0B9
:1062400004AF6C4B1B684FF0FF31184617F014FA7F
:1062500064230293022301933B1D009301230F2229
:10626000902165480FF050FB03461A46634B1A70A5
:10627000624B1B78002B0FD13B791B027A791343B9
:1062800040F21712934203D15D4B00221A7006E0D0
:106290005B4B01221A7002E05A4B01221A706423F0
:1062A000029301230193FB1C009301230F22D321AE
:1062B00051480FF029FB03461A46504B1A704F4BBA
:1062C0001B78002B09D1FB78D32B03D14E4B002236
:1062D0001A7002E04C4B01221A70642302930123CE
:1062E0000193BB1C009301232022602142480FF040
:1062F0000BFB03461A46414B1A70404B1B78002B90
:1063000009D1BB78062B03D1404B00221A7002E062
:106310003E4B01221A7064230293022301933B1D1A
:10632000009301230F22902139480FF0EDFA034624
:106330001A46324B1A70314B1B78002B0FD13B7928
:106340001B027A79134340F21712934203D1314B67
:1063500000221A7006E02F4B01221A7002E02E4B29
:1063600001221A706423029301230193FB1C009302
:1063700001230F22D32126480FF0C6FA03461A46FE
:106380001E4B1A701D4B1B78002B09D1FB78D32BA9
:1063900003D1224B00221A7002E0204B01221A7016
:1063A0006423029301230193BB1C00930123202249
:1063B000602117480FF0A8FA03461A460F4B1A70CF
:1063C0000E4B1B78002B09D1BB78062B03D1144B45
:1063D00000221A7002E0124B01221A70054B186855
:1063E00000230022002116F005FE00BF0837BD463D
:1063F00080BD00BF0022002014050020D016002020
:1064000078020020A81600207A0200207C020020DA
:106410006805002079020020A91600207B020020D8
:106420007D02002080B400AF0F4B1B78002B03D1FE
:106430000E4B1B78002B10D00D4B1B8801339AB2EA
:106440000B4B1A80094B1B785B005AB2064B1B782A
:106450005BB213435BB2DBB200E000231846BD46DB
:106460005DF8047B704700BF7C0200207D020020A5
:106470009C16002080B400AF0F4B1B78002B03D17B
:106480000E4B1B78002B10D00D4B1B8801339AB29A
:106490000B4B1A80094B1B785B005AB2064B1B78DA
:1064A0005BB213435BB2DBB200E000231846BD468B
:1064B0005DF8047B704700BF78020020790200205D
:1064C000A016002080B400AF0F4B1B78002B03D127
:1064D0000E4B1B78002B10D00D4B1B8801339AB24A
:1064E0000B4B1A80094B1B785B005AB2064B1B788A
:1064F0005BB213435BB2DBB200E000231846BD463B
:106500005DF8047B704700BF7A0200207B02002008
:106510009E16002080B400AF1C4B1B78002B0BD1C3
:106520001A4B5B78002B07D1184B9B78002B03D1BB
:10653000164BDB78002B1FD0154B1B8801339AB20A
:10654000134B1A80134B01221A70104BDB78DB00BF
:106550005AB20E4B9B789B005BB213435AB20B4B63
:106560005B785B005BB213435AB2084B1B785BB29B
:1065700013435BB2DBB203E0064B00221A70002328
:106580001846BD465DF8047B704700BFD418002054
:10659000A21600207E02002080B400AF124B1B78B0
:1065A000002B03D1114B1B78002B13D0104B1B88F1
:1065B00001339AB20E4B1A800E4B01221A700B4B0C
:1065C0001B785B005AB2084B1B785BB213435BB27B
:1065D000DBB203E0074B00221A7000231846BD46C9
:1065E0005DF8047B704700BFAA160020AB160020A0
:1065F000A41600207F02002080B400AF194B1B7846
:10660000002B0BD1184B1B78002B07D1174B1B7895
:10661000002B03D1164B1B78002B1CD0154B1B886D
:1066200001339AB2134B1A800E4B1B78DB005AB21F
:106630000D4B1B789B005BB213435AB20B4B1B787C
:106640005B005BB213435AB2094B1B785BB2134336
:106650005BB2DBB200E000231846BD465DF8047B68
:10666000704700BFAC160020BC220020AD160020F1
:10667000AE160020A616002080B485B000AF78606A
:106680000423FB730AE0FB7B7A6813441B78002B1E
:1066900001D0012306E0FB7B0133FB73FB7B262B40
:1066A000F1D9002318461437BD465DF8047B7047C6
:1066B00080B500AF16F0B4F80346044A136016F034
:1066C000AFF80346024A136000BF80BDD416002015
:1066D000D81600202DE9B04F8CB000AF0DF034FE7D
:1066E000484BF322DA600023BB600A233B6101239D
:1066F0007B610223BB613A1D07F10803114618466E
:106700000DF084FF0346002B74D13F4B3B624FF4E6
:10671000FA53FB610023FB6216E0FB6A9B003B4AD5
:106720009918FB6A9B003A6A13441B6800229A4638
:10673000934652465B4602200DF0B2FD0346002B05
:1067400007D1FB6A0133FB62FA6AFB699A42E4D320
:1067500000E000BF2E4B3B6240F6F433FB610023A8
:10676000BB6219E0BB6A9A00284B03F5FA430C336D
:10677000D118BB6A9B003A6A13441B6800229846F2
:10678000914642464B4602200DF08AFD0346002BFF
:1067900007D1BB6A0133BB62BA6AFB699A42E1D393
:1067A00000E000BF1B4B3B6240F27713FB6100230C
:1067B0007B6219E07B6A9A00144B03F52C43E833A3
:1067C000D1187B6A9B003A6A13441B6800221C465E
:1067D000154622462B4602200DF062FD0346002B93
:1067E00007D17B6A01337B627A6AFB699A42E1D303
:1067F00000E000BF0DF0CAFD00BF3037BD46BDE868
:10680000B08F00BF003C02400000006400000C0894
:10681000A0DC0064901E016480B500AF0B4A0C4BF5
:10682000104619464FF4FA431A4623F032F8084B43
:1068300003F52C43E8331A46064B1846114640F23E
:10684000DC531A4623F025F800BF80BD0000006429
:1068500000000C08901E016480B586B002AF78601D
:106860000B467B800523BB8100233B817B88184638
:1068700000F0F4F807F1080207F10C014FF0FF33C4
:1068800000930223786812F0D0FE7B88184600F04F
:10689000F7F87B7A03F00203002B0CBF01230023DF
:1068A000DBB218461037BD4680BD80B500AF00F0A2
:1068B000C9F8102000F0E4F8202000F0E1F84020B2
:1068C00000F0DEF84FF4007000F0DAF800BF80BD91
:1068D00080B500AF4FF4FA420021494822F009F98F
:1068E000474B0F225A70474B00221A80464B00221A
:1068F0001A80464B00221A80454B00221A8008223B
:106900000021444822F0F5F8434B00221A70434B13
:1069100000221A70424B00221A70424B00221A7059
:10692000414B00221A70414B00221A7000F08AF885
:10693000102000F0A5F8202000F0A2F8402000F080
:106940009FF84FF4007000F09BF8394B00221A704A
:10695000374B00225A70364B00225A60344B0022CB
:106960009A60334B0022DA60314B00221A61304BBF
:1069700000229A822E4B00229A612D4B00221A7718
:106980002B494FF000024FF00003C1E9082310210A
:10699000284800F001F940F6B83017F053FB2021E9
:1069A000244800F0F9F840F6B83017F04BFB4021CE
:1069B000204800F0F1F840F6B83017F043FB4FF4F0
:1069C00000711C4800F0E8F840F6B83017F03AFBC8
:1069D000194B1B7842F6D0721946184822F089F8F4
:1069E000174B00221A60164B1B68FF2213491846EA
:1069F00001F0F2F90A2017F025FB00BF80BD00BFAF
:106A000000000064B8180020BA180020BC1800204C
:106A1000BE180020C0180020C8180020C918002087
:106A2000CA180020CB180020CC180020CD18002058
:106A300070180020740700208A020020D0AC006487
:106A4000B418002080B500AF01224FF40051024875
:106A50000EF0AEF900BF80BD0008024080B582B0E4
:106A600000AF0346FB80FB880022194603480EF066
:106A70009FF900BF0837BD4680BD00BF0008024037
:106A800080B582B000AF0346FB80FB880122194627
:106A900003480EF08DF900BF0837BD4680BD00BF2A
:106AA0000008024080B584B000AF78600B467B8060
:106AB0009F23FB73244B1B684FF0FF31184616F0E1
:106AC000DBFD7B881846FFF7C9FF07F10F010A239A
:106AD0000122786812F04CFB7B88102B06D10A2328
:106AE00003221A49786812F087FC1DE07B88202B6E
:106AF00006D10A2303221649786812F07DFC13E0C0
:106B00007B88402B06D10A2303221249786812F0B1
:106B100073FC09E07B88B3F5007F05D10A230322CB
:106B20000D49786812F068FC7B881846FFF7A8FFCB
:106B3000054B186800230022002116F05BFA00BF05
:106B40001037BD4680BD00BFE8210020A0180020FE
:106B5000A4180020A8180020AC18002080B586B02A
:106B600002AF78600B467B800623FB737B88184658
:106B7000FFF774FF07F10E0207F10F010A230093DC
:106B80000123786812F051FD7B881846FFF778FFE3
:106B900000BF1037BD4680BD80B586B002AF7860BB
:106BA0000B467B80414B1B684FF0FF31184616F0B7
:106BB00063FD0023BB607B681B68DB68BB607B6890
:106BC0001B689B68BB60BB687B8819467868FFF7C9
:106BD000C5FF7B8819467868FFF73EFE0346002B09
:106BE0000CD07B881846FFF74BFF304B186800230A
:106BF0000022002116F0FEF9012353E0C723BB73E6
:106C00007B881846FFF72AFF07F10E010A2300933D
:106C10000123274A786812F008FD0346FB737B883E
:106C20001846FFF72DFFFB7B002B2CD14FF47A7019
:106C300017F008FA7B881846FFF710FF0A23009325
:106C400002231C4A1C49786812F0EFFC0346FB73D0
:106C50007B881846FFF714FFFB7B002B15D1154BE3
:106C60005A78164B1A70154B1B7803F00103002B52
:106C700002D0052017F0E6F9104B1B7803F0010352
:106C8000002BD7D102E000BF00E000BF074B18681F
:106C900000230022002116F0ADF97B881846FFF78B
:106CA000EFFEFB7B18461037BD4680BDE821002073
:106CB000DC16002014190020840200200C1700208C
:106CC00090B58FB002AFF860B9607A603B60024B5C
:106CD0001B7887F82F30A1E170180020BB68DBB269
:106CE000BB62BB6AC3F580737B627A6A3B6893427E
:106CF00028BF13463B620023BB61FB681B68DB684F
:106D0000BB61FB681B689B68BB61BB69B7F840301F
:106D10001946F868FFF722FFB7F840301946F868BF
:106D2000FFF79AFD0346002B40F07E81A74B1B78AE
:106D3000022B0BD9A54B00221A70A54B1B780133EF
:106D4000DAB2A34B1A70BB683033BB60A04B1B7820
:106D50001D2B3BD99F4B1B7818469F4B1B88194610
:106D60009E4A4FF47A6300FB03F30B445B00134429
:106D70005B785AB29A4B1B88194601238B405BB251
:106D800013435AB2934B1B781C46934B1B881846EF
:106D9000D1B2924A4FF47A6304FB03F303445B00DD
:106DA00013440A465A70BB6803F57F63BB60884B87
:106DB00000221A708B4B1B780133DAB2894B1A70A0
:106DC000874B1B8801339AB2854B1A80854B1B7801
:106DD000042B42D97F4B1B7818467F4B1B881946E2
:106DE0007E4A4FF47A6300FB03F30B4412F813302E
:106DF000784A12781446784A1288104643F0010304
:106E0000D9B2764A4FF47A6304FB03F3034402F8E1
:106E10001310704B1B78744A32F81320013291B270
:106E2000714A22F813106C4B1B8801339AB26A4BDB
:106E30001A80694B1B881A4613461B029B1ADB01FA
:106E4000BB60624B00221A70614B00221A70654BC6
:106E500000221A70624B00221A805E4B1B781A4681
:106E6000614B33F81230B3F5FA6F1ED9594B1B78CA
:106E70000133DAB2574B1A700023BB60554B1B78B5
:106E8000184600F0F5F90346A7F840304F4B0022B2
:106E90001A704F4B00221A70524B00221A70504B3E
:106EA00000221A804C4B00221A80504B12221A707A
:106EB000BB681B0EDAB24D4B5A70BB681B0CDAB2C2
:106EC0004A4B9A70BB681B0ADAB2484BDA70BB684F
:106ED000DAB2464B1A713A6A7968454822F0D9FC11
:106EE000444B1B680021184616F0C6FB00BFFB6828
:106EF0001B689B6803F08003802BF8D0B7F8403004
:106F00001846FFF7ABFD3B6A9BB205339BB23A4A8A
:106F10003649F86812F032FD0346FB77FB7F002B01
:106F200040F08480334B1B684FF0FF31184616F059
:106F3000A3FB00BFFB681B689B6803F08003802BEA
:106F4000F8D0B7F840301846FFF79AFD0523BB820A
:106F500000233B82B7F840301846FFF77FFD07F16A
:106F6000100207F114010A2300930223F86812F0BB
:106F70005CFB0346FB77B7F840301846FFF780FD0F
:106F8000FB7F002B54D17B7C03F00103002B02D04C
:106F9000012017F057F87B7C03F00103002BD9D1B7
:106FA000B7F84030184600F0BBFD0346002B14BF75
:106FB00001230023BB77BB7F002B1FD0034B1B7823
:106FC0000133DAB2014B1A7018E000BFC818002074
:106FD000C918002070180020B818002000000064B4
:106FE000BC180020CA180020C01800204417002038
:106FF00049170020F82100200C180020BB7F002B2F
:107000007FF494AEBA683B6A1344BB607A683B6A0B
:1070100013447B603A683B6AD31A3B603B68002BA1
:107020007FF45CAE00230AE000BF02E000BF00E096
:1070300000BFB7F840301846FFF722FD012318467D
:107040003437BD4690BD00BF80B586B000AFF86054
:10705000B9607A607B80324B1B680021184616F0BD
:107060000BFB00233B61FB681B68DB683B61FB6833
:107070001B689B683B613B697B8804331A4600218F
:10708000284821F036FD274B13221A70BB681B0ECF
:10709000DAB2244B5A70BB681B0CDAB2214B9A70DF
:1070A000BB681B0ADAB21F4BDA70BB68DAB21D4B41
:1070B0001A713B8C1846FFF7D1FC7B8805339BB2D5
:1070C000194A1849F86812F059FC0346FB75FB7D14
:1070D000002B1AD1124B1B684FF0FF31184616F0E7
:1070E000CBFA00BFFB681B689B6803F08003802B12
:1070F000F8D03B8C1846FFF7C3FC7B881A460B4937
:10710000786822F0C6FB002305E000BF3B8C1846E0
:10711000FFF7B6FC012318461837BD4680BD00BFF7
:10712000F821002044170020A8170020AD170020E8
:1071300080B588B002AFF860B9601346FB800023C9
:10714000FB7503237B75454B21221A70BB681B0E10
:10715000DAB2424B5A70BB681B0CDAB23F4B9A70E2
:10716000BB681B0ADAB23D4BDA70BB68DAB23B4B44
:107170001A7100233B61FB681B68DB683B61FB689D
:107180001B689B683B613B69FB881946F868FFF701
:10719000E5FCFB881946F868FFF75EFB0346002B09
:1071A00005D0FB881846FFF76BFC012351E0FB88F4
:1071B0001846FFF753FC0A2300930423284A274963
:1071C000F86812F032FA0346BB75FB881846FFF7E1
:1071D00057FCBB7D002B32D1642016F033FFFB88B7
:1071E0001846FFF73BFC0A23009302231D4A1E4961
:1071F000F86812F01AFA0346BB75FB881846FFF7C9
:107200003FFCBB7D002B1CD1164B5A78174B1A70D4
:10721000164B1B7803F00103002B02D0052016F05B
:1072200011FFFB7D0133FB75104B1B7803F001034D
:10723000002B08D0FA7D7B7D9A42D0D303E000BFBB
:1072400002E000BF00E000BFFB881846FFF718FC13
:10725000BB7D18461837BD4680BD00BF18190020F9
:10726000DC16002020190020880200200C170020C6
:1072700080B483B000AF0346FB71FB79032B14D8B5
:1072800001A252F823F000BF997200089D72000815
:10729000A1720008A5720008102307E0202305E072
:1072A000402303E04FF4007300E0102318460C372E
:1072B000BD465DF8047B7047F0B587B002AF7860DB
:1072C000884B1B684FF0FF31184616F0D5F9864BF6
:1072D0001B781846854B1B881946854A4FF47A63FC
:1072E00000FB03F30B4412F81330002B13D07F4B39
:1072F0001B8801339AB27D4B1A807C4B1B881A463F
:1073000013461B029B1ADB011A46774B5A60794BD6
:1073100000221A7002E0774B01221A70724B1B7820
:107320001846724B1B881946714A4FF47A6300FB6A
:1073300003F30B445B0013445B781A466E4B1B88C7
:1073400042FA03F303F00103002B14BF01230023CF
:10735000DAB26A4B1A70694B1B78002B0FD0664B60
:107360001B8801339AB2644B1A805F4B5B6803F54C
:107370007F635D4A5360624B00221A7002E0604BEB
:1073800001221A70584B5B685E4A934208D9564BEB
:1073900000225A60544B1B780133DAB2524B1A70F8
:1073A000544B1B7883F00103DBB2002B8FD1544B7D
:1073B0001B7883F00103DBB2002B88D14A4B1B788A
:1073C0001846FFF755FF0346BB814F4B1B7883F0F0
:1073D0000103DBB2002B34D0434B1B7F002B30D09A
:1073E000414B5968BB8900933023484A4848FFF70E
:1073F0002BFE0A2016F026FE444B1B78CD2B15D110
:107400000023FB73384B5B683033374A5360364B8D
:10741000DB680133344AD360334B1B690133324A92
:10742000136100F075FE00F0A5FE01E00123FB737F
:10743000FB7B83F00103DBB2002BD1D1324B012265
:107440001A703022FF21334821F053FB314A7B6808
:107450001C46164604F1300C354623461868596818
:107460009A68DB680FC5103410366445F4D11E4BA2
:107470005968BB8900933023264A2548FFF720FC32
:107480000346002B08D0174B186800230022002168
:1074900015F0B0FD012320E0134B01221A77124BA7
:1074A0005B683033104A53600F4BDB6801330E4A80
:1074B000D3600D4B1B6901330B4A136100F028FEAA
:1074C00000F058FE074B186800230022002115F039
:1074D00091FD0D4B01221A70002318461437BD464A
:1074E000F0BD00BFE821002070180020B81800206F
:1074F00000000064CC180020BC180020DB1800201D
:10750000CD180020ABAA2A00DA180020E0180020CD
:107510007407002010170020F0B587B002AF786024
:107520005F4B1B684FF0FF31184616F0A5F85D4B16
:107530005A785C4B1B789A421ED15A4B9A68594B29
:107540005B689A4200D017E0564B00229A60554B78
:1075500000225A60534B00229A60524B00225A601C
:10756000504B00221A774E4B18680023002200214E
:1075700015F040FD0123C0E14A4B5B7818464A4BA9
:107580001B881946494A4FF47A6300FB03F30B4406
:1075900012F81330002B13D0434B1B8801339AB2DF
:1075A000414B1A80404B1B881A4613461B029B1AFC
:1075B000DB011A463B4B9A603D4B00221A7002E0F9
:1075C0003B4B01221A70374B5B781846364B1B88B1
:1075D0001946364A4FF47A6300FB03F30B445B0011
:1075E00013445B781A46334B1B8842FA03F303F0CB
:1075F0000103002B14BF01230023DAB22E4B1A70B3
:107600002D4B1B78002B0FD02A4B1B8801339AB2CD
:10761000284B1A80234B9B6803F57F63214A9360B4
:10762000264B00221A7002E0244B01221A701D4BD7
:107630009B68234A934208D91A4B00229A60194B3F
:107640005B780133DAB2174B5A70194B1B7883F011
:107650000103DBB2002B8FD1184B1B7883F00103A1
:10766000DBB2002B88D10F4B5B781846FFF700FE8A
:107670000346FB810B4B9968FB8900933023114A29
:107680001148FFF7E1FC0346002B1FD0044B18689C
:1076900000230022002115F0ADFC01232DE100BFE5
:1076A000E821002070180020BA18002000000064B3
:1076B000CC180020BE180020DB180020CD180020B8
:1076C000ABAA2A0010170020740700202D228D4934
:1076D000786822F0DEF8FB89184600F0C7F9034607
:1076E000042B05DD884B1B780133DAB2864B1A7008
:1076F000854B1B78282B2BD9844B5B781846844B01
:107700001B881946834A4FF47A6300FB03F30B444A
:107710005B0013445B785AB27F4B1B8819460123E8
:107720008B405BB213435AB2784B5B781E46784B62
:107730001B881846D1B2774A4FF47A6306FB03F3ED
:1077400003445B0013440A465A706F4B00221A70C0
:10775000FB89184600F08AF90346DAB26F4B1B78B2
:107760001344DAB26D4B1A70FB89184600F032F9F7
:10777000664B9B683033654A9360644B9B8A013348
:107780009AB2624B9A82614B9B6901335F4A936163
:107790005E4B9B8A542B37D95C4B00229A825B4B01
:1077A0009B6803F6FF7323F47F6323F00F03574AAC
:1077B0009360564B9A685A4B1B68D31A00221C469A
:1077C0001546524BC3E90845504BD3E908231146EF
:1077D000FB891A465348FFF7ABFCFB89184600F0BB
:1077E0005BF94D4B1B8801339AB24B4B1A804A4BC5
:1077F0001B88082B08D1484B00221A80444B1B8859
:1078000001339AB2424B1A80404B9B69464A9342DD
:1078100028D93E4B00229A613C4B00229A823B4B76
:107820005B780133DAB2394B5A7038494FF00002B5
:107830004FF00003C1E90823374B00221A80344B74
:1078400000221A80314B5B78032B08D92F4B002282
:107850005A70314B00221A802D4B00221A802B4B7C
:1078600000229A60294B5A78284B1B789A4236D1CD
:10787000264B9A68254B5B689A4230D1234B0022F5
:107880009A60224B00225A60204B00229A601F4BC4
:1078900000225A601D4B00221A771C4B00221A77D7
:1078A000224B00221A80224B00221A80184B002201
:1078B0001A80194B00221A80144B0022DA60134BF5
:1078C00000221A61114B00221A70104B00225A70CC
:1078D0000E4B00229A820D4B00229A6102E00B4B64
:1078E00001221A77134B00221A70134B18680023D9
:1078F0000022002115F07EFB002318461437BD46F8
:10790000F0BD00BF10170020CB1800207018002019
:10791000BA18002000000064BE1800209C18002047
:107920008002002074070020AAAA2A00B8180020AC
:10793000BC18002010190020E821002080B584B078
:1079400000AF0346FB808123FB73FB881846FFF7DB
:1079500085F807F10F010A230122094811F008FCFC
:107960000A2301220749064811F046FDFB88184604
:10797000FFF786F8034B1B7818461037BD4680BDCD
:10798000740700209918002080B584B000AF03462A
:10799000FB80B323FB73FB881846FFF75FF807F102
:1079A0000F010A230122094811F0E2FB0A230122F8
:1079B0000749064811F020FDFB881846FFF760F8DC
:1079C000034B1B7818461037BD4680BD7407002056
:1079D0009A18002080B584B000AF0346FB80B62320
:1079E000FB73FB881846FFF739F807F10F010A23EC
:1079F0000122054811F0BCFBFB881846FFF740F850
:107A000000BF1037BD4680BD7407002080B584B02C
:107A100000AF0346FB80FB881846FFF78FFF034645
:107A2000DBB203F00803FB73FB7B082B01D10123BE
:107A300000E0002318461037BD4680BD80B584B0F5
:107A400000AF0346FB80FB881846FFF777FF03462D
:107A5000DBB203F00403FB73FB7B042B01D1012396
:107A600000E0002318461037BD4680BD80B584B0C5
:107A700000AF0346FB80FB881846FFF785FF0346EF
:107A8000DBB203F03C03FB73FB7B9B08FB73FB7BCC
:107A900018461037BD4680BD80B584B000AF0346A0
:107AA000FB8000233B73FB881846FFF7DFFF03468C
:107AB0003B73FB881846FFF7A9FF0346FB723B7B2D
:107AC000062B02D10123FB7301E00023FB73FB7A39
:107AD000002B02D00123BB7301E00023BB730F4BCB
:107AE0001B78142B02D101237B7301E000237B73ED
:107AF000FB7B002B05D1BB7B002B02D17B7B002BBA
:107B000001D0012300E00023BB72BB7A03F0010324
:107B1000BB72BB7A18461037BD4680BD981800204E
:107B200080B584B000AF0346FB80FB881846FFF7A2
:107B300085FF0346BB73BB7B002B05D00C4B1B782A
:107B40000133DAB20A4B1A70094B1B78032B08D1A8
:107B50000123FB73074B1B780133DAB2054B1A7014
:107B600001E00023FB73FB7B18461037BD4680BD48
:107B70009B1800209818002080B584B000AF034601
:107B8000FB806623FB73FB881846FEF767FF07F14F
:107B90000F010A2301220F4811F0EAFAFB88184668
:107BA000FEF76EFF9923FB73FB881846FEF756FF1E
:107BB00007F10F010A230122064811F0D9FAFB88C8
:107BC0001846FEF75DFF642016F03CFA00BF103740
:107BD000BD4680BD7407002080B584B000AF034669
:107BE000FB710023FB73FB791846FFF741FB03464B
:107BF000BB814FF47A7016F025FABB8919465348B9
:107C0000FEF750FFBB89102B1AD1514B1B789D2BCF
:107C100007D14F4B5B78602B03D14D4B9B781B2BCF
:107C20000AD04C4B01221A70FB7B0133FB73BB89DA
:107C30001846FFF7A1FF5DE0464B00221A7059E09D
:107C4000BB89202B1AD1444B1B789D2B07D1424B6B
:107C50005B78602B03D1404B9B781B2B0AD03D4BAC
:107C600001221A70FB7B0133FB73BB891846FFF7B7
:107C700083FF3FE0374B00221A703BE0BB89402B6B
:107C80001AD1364B1B789D2B07D1344B5B78602B78
:107C900003D1324B9B781B2B0AD02E4B01221A703A
:107CA000FB7B0133FB73BB891846FFF765FF21E0BF
:107CB000284B00221A701DE0BB89B3F5007F19D153
:107CC000274B1B789D2B07D1254B5B78602B03D16D
:107CD000234B9B781B2B0AD01E4B01221A70FB7B77
:107CE0000133FB73BB891846FFF746FF02E0194BCF
:107CF00000221A70FB7B012B04D8164B1B78002B3B
:107D00007FF47BAFFB79013B164A32F81330B3F5B1
:107D1000FA6F03D3144B01221A7002E0124B0022B7
:107D20001A700C4B1B78002B03D10F4B1B78002BC8
:107D300001D0012300E00023FB72FB7A03F0010372
:107D4000FB72FB7A18461037BD4680BD74070020D1
:107D5000A0180020D8180020A4180020A81800207F
:107D6000AC180020C0180020D918002080B582B0BF
:107D700000AF174B00221A6000237B6019E07B687C
:107D8000DBB21846FFF728FF03461946114A7B6805
:107D900013440A461A700F4A7B6813441B78002B61
:107DA00004D00B4B1B680133094A13607B68013315
:107DB0007B607B68032BE2DD054B1B68042B01D144
:107DC000012300E0002318460837BD4680BD00BFF0
:107DD000D0180020D418002080B58EB002AFF86013
:107DE000B9601346FB71744B1B684FF0FF311846A6
:107DF00015F042FC05233B830023BB826F4AFB68DE
:107E00001360002387F82F30B3E03023BB62A7E074
:107E10006A4B1B68DBB27B627B6AC3F580733B6293
:107E20003A6ABB6A934228BF1346FB6100233B6159
:107E3000634B1B68DB683B61614B1B689B683B6164
:107E40003B6910215E48FEF789FE10215C48FEF771
:107E500003FD0346002B40F09B805A4B12221A7000
:107E6000564B1B681B0EDAB2564B5A70534B1B68AD
:107E70001B0CDAB2534B9A70504B1B681B0ADAB2D8
:107E8000504BDA704D4B1B68DAB24E4B1A71FA69DF
:107E9000B9684D4821F0FDFC4C4B1B680021184689
:107EA00015F0EAFB00BF464B1B689B6803F080039C
:107EB000802BF8D01020FEF7D1FDFB699BB2053373
:107EC0009BB2434A3F493E4811F058FD0346FB76BA
:107ED000FB7E002B5ED13D4B1B684FF0FF311846F7
:107EE00015F0CAFB00BF364B1B689B6803F080038C
:107EF000802BF8D01020FEF7C3FD0A2016F0A2F860
:107F00001020FEF7ABFD07F1140207F118010A2358
:107F1000009302232A4811F088FB0346FB761020C9
:107F2000FEF7AEFDFB7E002B36D17B7D03F0010317
:107F3000002B02D0012016F085F87B7D03F00103B1
:107F4000002BDDD11D4B1A68FB6913441B4A1360DB
:107F5000BA6AFB69D31ABB62BA68FB691344BB6097
:107F6000BB6A002B7FF454AF97F82F30013387F8AA
:107F70002F3097F82F20FB799A42FFF446AF0E4B33
:107F8000186800230022002115F034F800230FE0C8
:107F900000BF02E000BF00E000BF074B18680023ED
:107FA0000022002115F026F81020FEF769FD0123BC
:107FB00018463037BD4680BDE8210020DC1800207F
:107FC000740700204417002049170020F8210020E2
:107FD0000C18002080B588B000AFF860B960134677
:107FE000FB71454B1B684FF0FF31184615F044FB01
:107FF0003023BB610023FB7761E0404B1B6800210D
:10800000184615F039FB00233B613D4B1B68DB68CC
:108010003B613B4B1B689B683B613B69BB6905331C
:108020001A460021374820F064FD364B13221A709F
:10803000FB681B0EDAB2334B5A70FB681B0CDAB2CA
:10804000304B9A70FB681B0ADAB22E4BDA70FB6871
:10805000DAB22C4B1A711020FEF700FDBB699BB2FF
:1080600005339BB2284A2749254811F087FC03466F
:10807000FB75FB7D002B2FD1204B1B684FF0FF3190
:10808000184615F0F9FA00BF1D4B1B689B6803F0FA
:108090008003802BF8D01020FEF7F2FCBA691B4950
:1080A000B86821F0F6FBFB683033FB60BB68303307
:1080B000BB600A2015F0C6FFFB7F0133FB77FA7F18
:1080C000FB799A4299D30C4B1868002300220021B7
:1080D00014F090FF00230BE000BF1020FEF7D0FC4F
:1080E000054B186800230022002114F083FF0123B0
:1080F00018462037BD4680BDE8210020F821002029
:108100007407002044170020A8170020AD17002096
:1081100080B400AF144BDB68542B1FD9134B1B8862
:1081200001339AB2114B1A80104B1B88082B08D1CF
:108130000E4B00221A800E4B1B8801339AB20C4B57
:108140001A80094B0022DA60074B5B6803F6FF7365
:1081500023F47F6323F00F03034A536000BFBD463F
:108160005DF8047B704700BF70180020BC18002029
:10817000B818002080B400AF144B1B69144A934216
:108180001DD9144B00221A80134B00221A800F4B6A
:1081900000221A610D4B0022DA600C4B1B78013370
:1081A000DAB20A4B1A70094B1B78032B04D90B4B1C
:1081B00001221A70012303E0044B00225A600023BD
:1081C0001846BD465DF8047B704700BF701800205C
:1081D000AAAA2A00BC180020B818002010190020F4
:1081E00080B500AF0A4802F0A1FA0A4B00221A70CB
:1081F00038220021084820F07CFC00F011F80346EA
:1082000001221946054812F0BAFB00BF80BD00BF2D
:108210002419002089190020901900201C09002031
:1082200080B400AF024B1846BD465DF8047B704732
:108230002219002080B582B000AF0346FB71FB79A4
:108240001946064802F083FA0346012B02D1044B7B
:1082500001221A7000BF0837BD4680BD24190020D6
:108260008919002080B400AF074B1B78DBB2002BCC
:1082700004D0054B00221A70044B00E0002318467E
:10828000BD465DF8047B7047891900202419002041
:1082900080B487B000AF87ED010A0346FB7097ED0D
:1082A000017ADFED1E6AC7EE267AFDEEE77A17EE59
:1082B000903A3B613B69642202FB03F307EE903A7C
:1082C000F8EEE77A97ED017A77EE677AC7ED037AF1
:1082D0003B6907EE903AB8EEE77AD7ED036A9FED77
:1082E000106AC6EE867A77EE277AC7ED057AFB78B4
:1082F000532B02D0FB78572B05D1D7ED057AF1EE41
:10830000677AC7ED057A7B6907EE903AB0EE670AA7
:108310001C37BD465DF8047B704700BF0000C842B3
:108320000000704280B487B000AFF8607A601A46EF
:108330000B46FB721346BB720023FB750023BB8206
:1083400000237B820BE0BB8AFA6813441B782C2B3A
:1083500002D1FB7D0133FB75BB8A0133BB82BB8A33
:10836000FA6813441B78002B12D0FA7DFB7A9A42EC
:10837000E9D30DE0BB8AFA681A447B8A79680B441A
:1083800012781A70BB8A0133BB827B8A01337B82ED
:10839000BB8AFA6813441B78002B10D0BB8AFA689A
:1083A00013441B782C2B0AD0BB8AFA6813441B7821
:1083B0002A2B04D07A8ABB7A013B9A42DADB7B8A89
:1083C0007A68134400221A7000BF1C37BD465DF85E
:1083D000047B704780B483B000AF78607B681B7803
:1083E000303BDBB21A46920013445B00DAB27B6882
:1083F00001331B781344DBB2303BDBB218460C3739
:10840000BD465DF8047B70472DE9B04FF6B000AF74
:10841000C7F86C010622ED49D7F86C0120F08FFBFC
:108420000346002B09D00622E949D7F86C0120F059
:1084300086FB0346002B40F0598207F5C2720223E7
:108440000221D7F86C01FFF76DFF97F88431412BBB
:1084500040F04382DF4A012382F8363007F5E072AC
:108460000F230121D7F86C01FFF75CFF07F5B87205
:108470000F230921D7F86C01FFF754FF07F5E073CC
:108480001846FFF7A7FF034687F8D43107F5E073D6
:1084900002331846FFF79EFF034687F8D33107F5EE
:1084A000E07304331846FFF795FF034687F8D2318F
:1084B00007F5B8731846FFF78DFF034687F8D131EB
:1084C00007F5B87302331846FFF784FF034687F8B1
:1084D000D03107F5B87304331846FFF77BFF034626
:1084E00087F8CF31BB4A97F8CF3182F83030B94A9C
:1084F00097F8D03182F83130B64A97F8D13182F806
:108500003230B44A97F8D43182F83330B14A97F810
:10851000D33182F83430AF4A97F8D23182F835300F
:1085200097F8CF310022C7F84031C7F84421AA4B51
:10853000D7E950894A4603FB02F20223414601FB78
:1085400003F31A44A44B4146A1FB0313C7F864315B
:108550000B46C7F86031D7F86431D318C7F86431D7
:1085600097F8D0310022C7F83831C7F83C219B4B2F
:10857000D7E94E894A4603FB02F20023414601FB3C
:1085800003F31A44954B4146A1FB0313C7F85C3132
:108590000B46C7F85831D7F85C31D318C7F85C31AF
:1085A000D7E958894346D7E9560102469B18C7F8D0
:1085B00030310B464A4642EB0303C7F8343197F893
:1085C000D4310022C7F82831C7F82C21D7E94A89CD
:1085D00042464B464FF000004FF00001990041EA3F
:1085E0009271900002460B4641465418494643EBAF
:1085F00001054FF000024FF00003EB0043EA547313
:10860000E20014461D464346B4EB030A4046494681
:108610000B4665EB030B4FF000024FF000034FEAEF
:108620000B1343EA1A734FEA0A1292469B4603461B
:108630001AEB03033B670B464BEB03037B674FF0DF
:1086400000024FF00003D7E91C4529460B012146E3
:1086500043EA117321460A0114461D4697F8D131A9
:108660000022C7F82031C7F82421D7E948894246BB
:108670004B464FF000004FF00001590141EAD26132
:10868000500102460B464146511AB966494663EB12
:108690000103FB664FF000024FF00003D7E91AAB6D
:1086A00059464B02514643EAD15351464A021046BD
:1086B0001946034642469B183B660B464A4642EB28
:1086C00003037B664FF000024FF00003D7E918ABBD
:1086D00059468B01514643EA916351468A015146FE
:1086E000511AB965594663EB0103FB65D7E91601D9
:1086F000034642469B18C7F818314B460A4642EBE0
:108700000303C7F81C31D7E946120B46E318C7F834
:108710001031134645EB0303C7F81431D7E94C4534
:108720002346D7E9440102469B18C7F808310B4697
:108730002A4642EB0303C7F80C3197F8D3310022E5
:10874000C7F80031C7F80421D7E9404522462B4637
:10875000911839655B417B65D7E91423214651188F
:10876000B96429464B41FB644FF000024FF000030F
:10877000D7E9128949464B01414643EAD163414654
:108780004A01414689183964494643EB010179643D
:10879000D7E91001034622469B18C7F8F8302B464C
:1087A0000A4642EB0303C7F8FC30D7E942452346AB
:1087B000D7E93E0102469B18C7F8F0300B462A461F
:1087C00042EB0303C7F8F4300AE000BF48C20208D6
:1087D00050C202089019002000E40B5400E1F50596
:1087E00097F8D2310022C7F8E830C7F8EC20D7E973
:1087F0003C452346D7E93A0102469B18C7F8E030CA
:108800000B462A4642EB0303C7F8E430354BD7E961
:108810003812C3E90A1207F5D8720F230321D7F8DB
:108820006C01FFF77FFD07F5CE7202230421D7F814
:108830006C01FFF777FD97F8B031002B1BD007F5DF
:10884000D87318461FF094F953EC102B10461946B4
:10885000F8F7DAF9024697F89C31184600EE102A2C
:10886000FFF716FDF0EE407A1E4BC3ED007A1D4B6C
:108870001B681C4A936107F5C6720F230521D7F8C0
:108880006C01FFF74FFD07F5C47202230621D7F8EC
:108890006C01FFF747FD97F88C31002B00F09F82A9
:1088A00007F5C67318461FF063F953EC102B1046FA
:1088B0001946F8F7A9F9024697F88831184600EEEC
:1088C000102AFFF7E5FCF0EE407A064BC3ED017A83
:1088D000054B1B68034AD36181E2024B002283F8F7
:1088E00036207CE290190020941900200622E349EA
:1088F000D7F86C0120F023F90346002B09D006229B
:10890000DF49D7F86C0120F01AF90346002B40F03C
:10891000698207F5C07202230621D7F86C01FFF7C0
:1089200001FD97F88031302B00F0548297F88031A8
:10893000002B00F04F82D34A012382F8363007F52E
:10894000E0720F230121D7F86C01FFF7EBFC07F56C
:10895000E0731846FFF73EFD034687F8D73107F569
:10896000E07302331846FFF735FD034687F8D6312A
:1089700007F5E07304331846FFF72CFD034687F82C
:10898000D531C14B1B78BF4A82F83030BE4B5B7883
:10899000BC4A82F83130BC4B9B78BA4A82F83230FC
:1089A000B84A97F8D73182F83330B64A97F8D631BB
:1089B00082F83430B34A97F8D53182F83530B24B6B
:1089C0001B78DBB20022C7F8D830C7F8DC20AF4BE9
:1089D000D7E936452A4603FB02F20223214601FB72
:1089E00003F31A44A94B2146A1FB0313C7F85431E2
:1089F0000B46C7F85031D7F85431D318C7F8543163
:108A0000A14B5B78DBB20022C7F8D030C7F8D42086
:108A10009F4BD7E934452A4603FB02F20023214647
:108A200001FB03F31A449A4B2146A1FB0313C7F839
:108A30004C310B46C7F84831D7F84C31D318C7F83A
:108A40004C31D7E954452346D7E9520102469B18D9
:108A5000C7F8C8300B462A4642EB0303C7F8CC30B0
:108A600097F8D7310022C7F8C030C7F8C420D7E93B
:108A7000304522462B464FF000004FF00001990090
:108A800041EA9271900002460B46214612EB010822
:108A9000294643EB01094FF000024FF000034FEA73
:108AA000C90343EA58734FEAC802904699462346E1
:108AB000B8EB0303BB632B4669EB0303FB634FF087
:108AC00000024FF00003D7E90E8949460B014146E9
:108AD00043EA117341460A011046194603462246ED
:108AE0009B183B632B460A4642EB03037B634FF024
:108AF00000024FF00003D7E90C4529460B0121463F
:108B000043EA117321460A0114461D465E4B9B78C9
:108B1000DBB20022C7F8B830C7F8BC20D7E92E89ED
:108B200042464B464FF000004FF00001590141EA28
:108B3000D261500102460B464146511AB96249467C
:108B400063EB0103FB624FF000024FF00003D7E933
:108B50000AAB59464B02514643EAD15351464A02A9
:108B600010461946034642469B183B620B464A464E
:108B700042EB03037B624FF000024FF00003D7E9A2
:108B800008AB59468B01514643EA916351468A012D
:108B90005146511AB961594663EB0103FB61D7E9AC
:108BA0000601034642469B18C7F8B0304B460A46BA
:108BB00042EB0303C7F8B430D7E92C120B46E31895
:108BC000C7F8A830134645EB0303C7F8AC30D7E924
:108BD00032452346D7E92A0102469B18C7F8A03040
:108BE0000B462A4642EB0303C7F8A43097F8D63168
:108BF0000022C7F89830C7F89C20D7E926452246BE
:108C00002B46911839615B417B61D7E904232146EA
:108C10005118B96029464B41FB604FF000024FF0FC
:108C20000003D7E9028949464B01414643EAD16333
:108C300041464A01414689183960494643EB0101E2
:108C40007960D7E90001034622469B18C7F89030A7
:108C50002B460A4642EB0303C7F89430D7E9284570
:108C60002346D7E9240102469B18C7F888300B46F3
:108C70002A4642EB0303C7F88C300BE058C20208C7
:108C800060C20208901900202822002000E40B5442
:108C900000E1F50597F8D5310022C7F88030C7F814
:108CA0008420D7E922452346D7E9200102469B18B4
:108CB000BB670B462A4642EB0303FB674C4BD7E9E5
:108CC0001E12C3E90A1207F5D8720F230221D7F842
:108CD0006C01FFF727FB07F5CE7202230321D7F8BB
:108CE0006C01FFF71FFB07F5D0720F230921D7F89E
:108CF0006C01FFF717FB97F8B031002B1BD007F57D
:108D0000D87318461EF034FF53EC102B104619464A
:108D1000F7F77AFF024697F89C31184600EE102AC2
:108D2000FFF7B6FAF0EE407A314BC3ED007A304BE4
:108D30001B682F4A936197F8A031002B12D007F5DA
:108D4000D07318461EF014FF53EC102B1046194632
:108D5000F7F75AFF0346264A9360264B1B68244ABE
:108D6000136206E0224B4FF000029A60204B002273
:108D70001A6207F5C6720F230421D7F86C01FFF7BA
:108D8000D1FA07F5C47202230521D7F86C01FFF769
:108D9000C9FA97F88C31002B23D007F5C673184613
:108DA0001EF0E6FE53EC102B10461946F7F72CFF89
:108DB000024697F88831184600EE102AFFF768FA45
:108DC000F0EE407A0A4BC3ED017A0B4B1B68084A60
:108DD000D36106E0064B002283F8362002E000BF94
:108DE00000E000BF00BF07F5EC77BD46BDE8B08FDF
:108DF00090190020981900209419002080B582B0A5
:108E000000AFFFF72FFA78607B68002B1AD07868E4
:108E100001F0D6FC0346002B14D006220C497868DA
:108E20001FF08DFE0346002B07D006220949786803
:108E30001FF085FE0346002B04D17868FFF7E4FAA3
:108E4000012300E0002318460837BD4680BD00BF5F
:108E500058C2020860C202082DE9B04FA6B002AFA6
:108E6000F861002387F88F300723C7F88830002384
:108E7000A7F88C300023A7F8863000F0F7F815F03B
:108E8000E3FA034600223B617A61D7E904234FF0FD
:108E900000004FF00001590141EAD2615001024641
:108EA0000B463969B2EB0108796963EB01094FF0B0
:108EB00000024FF000034FEA890343EA98734FEA38
:108EC000880290469946D7E904120B4618EB030333
:108ED0003B60134649EB03037B604FF000024FF009
:108EE0000003D7E900894946CB00414643EA517364
:108EF0004146CA00104619464FF47A724FF00003FB
:108F0000F7F722FF02460B461346A7F88C30544B66
:108F100018686423009301230122D7F8881013F006
:108F200099FCC7F8800007F17C03642200924FF09F
:108F3000FF320021002016F04FFA0346012B0FD11B
:108F4000FB6F03F00103002B02D0012387F88F3061
:108F5000FB6F03F00203002B02D0002387F88F3051
:108F6000D7F88020D7F888301340D7F888209A4265
:108F7000CDD197F88F30002BC9D015F065FA034694
:108F800000229A46934652465B464FF000004FF04F
:108F90000001590141EAD261500102460B46B2EB91
:108FA0000A0463EB0B054FF000024FF00003AB0027
:108FB00043EA9473A20014461D4614EB0A03BB60F7
:108FC00045EB0B03FB604FF000024FF00003D7E9C5
:108FD00002894946CB00414643EA51734146CA00E3
:108FE000C7E90223104619464FF47A724FF0000386
:108FF000F7F7AAFE02460B461346A7F88630B7F8E5
:109000008C20B7F886301146184600F0FBF807F1BF
:1090100024031846FCF786FB124B1B684FF0FF3108
:10902000184614F029FB07F14C0307F1240127220D
:109030000B20FAF78CFE0B4B18680023002200214E
:1090400013F0D8FF084B186807F14C0100234FF0CC
:10905000FF3213F0CFFFB7F88630A7F88C3056E711
:10906000D8160020042200204C1C0020B0B59AB075
:1090700002AF4FF07E537B634FF00003BB634FF0B2
:109080000003FB634FF00003BB624FF07E53FB62B3
:109090004FF000033B6307F1440300221946534895
:1090A0000EF0F1F907F14003002219464F480EF087
:1090B000CCFA97F8433003F5FA6097F84130194637
:1090C00097F842301C4697F844301D4697F84530D3
:1090D00097F84620019200932B46224609F0D0FBD8
:1090E00087ED170A07F13403184697ED170A03F0C6
:1090F00061F93F4BD3ED007A3D4B93ED017A3C4B48
:10910000D3ED026A07F128031846F0EE661AB0EEB6
:10911000471AF0EE670A97ED170A03F069F9354B25
:109120001B684FF0FF31184614F0A6FA324B1B684B
:10913000BB65304B186800230022002113F05AFF52
:109140002E4B1B8807EE903AB8EE677A2B4B5B8864
:1091500007EE903AF8EE677A77EE677AC7ED077A0E
:10916000264B9B8807EE903AB8EE677A234BDB8854
:1091700007EE903AF8EE677A77EE677AC7ED087AED
:109180001E4B1B8907EE903AB8EE677A1B4B5B8942
:1091900007EE903AF8EE677A77EE677AC7ED097ACC
:1091A000BB6D1B683B61BB6D5B687B61BB6D9B6886
:1091B000BB61BB6DDB687B60BB6D1B69BB60BB6D5E
:1091C0005B69FB6007F1280007F11C0207F134011D
:1091D0003B1D019307F1100300930346084806F076
:1091E00097FB00BF6037BD46B0BD00BF1006002032
:1091F0009019002018220020600200206822002020
:10920000CC190020B0B59CB002AF03460A46FB80E3
:109210001346BB804FF000037B664FF07E53BB6369
:109220004FF00003FB634FF000033B644FF000037B
:10923000FB624FF07E533B634FF000037B6307F10B
:1092400048030022194668480EF01DF907F144034F
:109250000022194664480EF0F8F997F8473003F5F4
:10926000FA6097F84530194697F846301C4697F84B
:1092700048301D4697F8493097F84A2001920093EC
:109280002B46224609F0FCFA87ED180A07F138034D
:10929000184697ED180A03F08DF8544BD3ED007A79
:1092A000524B93ED017A514BD3ED026A07F12C0337
:1092B0001846F0EE661AB0EE471AF0EE670A97ED20
:1092C000180A03F095F84A4B1B684FF0FF31184617
:1092D00014F0D2F9474B1B68FB65454B1868002317
:1092E0000022002113F086FE434B1B8807EE903AC4
:1092F000B8EE677A404B5B8807EE903AF8EE677AF3
:1093000077EE677AC7ED087A3B4B9B8807EE903A79
:10931000B8EE677A384BDB8807EE903AF8EE677A5A
:1093200077EE677AC7ED097A334B1B8907EE903ADF
:10933000B8EE677A304B5B8907EE903AF8EE677AC1
:1093400077EE677AC7ED0A7AFB6D1B687B61FB6D70
:109350005B68BB61FB6D9B68FB61FB6DDB68BB60A1
:10936000FB6D1B69FB60FB6D5B693B61234B1B68FD
:109370004FF0FF31184614F07FF9214B04221A6098
:10938000FA88BB88D31A9AB21E4B1A801D4B1B88D1
:1093900007EE903AB8EE677ADFED1B6AC7EE267AE1
:1093A000C7ED197A07F12C0007F1200207F1380107
:1093B00007F10803019307F11403009397ED190ACD
:1093C00003460F4806F028FA03461A460F4B1A7058
:1093D0000A4B186800230022002113F00BFE00BF87
:1093E0006837BD46B0BD00BF1006002090190020B0
:1093F0001822002060020020682200201422002091
:10940000CC190020001C002000007A44021C00201F
:1094100080B485B000AF78600023FB7309E0FB7B6C
:109420007A681A44FB7B11780A4AD154FB7B0133DA
:10943000FB73FB7B042BF2D9074B1B7843F0010332
:10944000DAB2054B1A7000BF1437BD465DF8047BD5
:10945000704700BF081C0020211C002080B485B08C
:1094600000AF78600023FB730AE0FB7B7A681A4444
:10947000FB7B053311780A4AD154FB7B0133FB7324
:10948000FB7B042BF1D9074B1B7843F00203DAB2C4
:10949000044B1A7000BF1437BD465DF8047B70475B
:1094A000081C0020211C002080B485B000AF78602B
:1094B0000023FB730AE0FB7B7A681A44FB7B0A33C8
:1094C00011780A4AD154FB7B0133FB73FB7B042BDD
:1094D000F1D9074B1B7843F00403DAB2044B1A703E
:1094E00000BF1437BD465DF8047B7047081C0020A0
:1094F000211C002080B485B000AF78600023FB738E
:109500000AE0FB7B7A681A44FB7B0F3311780A4A26
:10951000D154FB7B0133FB73FB7B042BF1D9074B4D
:109520001B7843F00803DAB2044B1A7000BF1437FB
:10953000BD465DF8047B7047081C0020211C0020FC
:1095400080B586B000AFF860B9607A600023FB7523
:109550000AE0FB7DFA681A44FB7D14331178124A45
:10956000D154FB7D0133FB75FB7D042BF1D90F4BEF
:109570001B7843F01003DAB20C4B1A700B4B1B78BC
:109580001F2B0CD10849B86806F036FA074B0022A9
:109590001A707968B86800F00BF8012300E0002326
:1095A00018461837BD4680BD081C0020211C00202D
:1095B00080B584B000AF78603960614B1B68002BC8
:1095C00000F0B9805E4B1B684FF0FF31184614F075
:1095D00053F87B681B68DAB23B681A707B6803F546
:1095E0000A731B68FB603B680133FA68D2B21A70D9
:1095F000FB681A0A3B680233D2B21A70FB681A0C75
:109600003B680333D2B21A70FB681A0E3B6804330E
:10961000D2B21A707B6803F50B731B68FB603B6862
:109620000533FA68D2B21A70FB681A0A3B6806332F
:10963000D2B21A70FB681A0C3B680733D2B21A70A8
:10964000FB681A0E3B680833D2B21A707B6803F5C8
:109650000C731B68FB603B680933FA68D2B21A705E
:10966000FB681A0A3B680A33D2B21A70FB681A0CFC
:109670003B680B33D2B21A70FB681A0E3B680C338E
:10968000D2B21A707B686C331B68FB603B680D3389
:10969000FA68D2B21A70FB681A0A3B680E33D2B26B
:1096A0001A70FB681A0C3B680F33D2B21A70FB6851
:1096B0001A0E3B681033D2B21A707B688C331B6869
:1096C000FB603B681133FA68D2B21A70FB681A0A61
:1096D0003B681233D2B21A70FB681A0C3B68133322
:1096E000D2B21A70FB681A0E3B681433D2B21A70E9
:1096F0007B6868331B68FB603B681533FA68D2B23D
:109700001A70FB681A0A3B681633D2B21A70FB68EB
:109710001A0C3B681733D2B21A70FB681A0E3B68FA
:109720001833D2B21A70064B1868002300220021A9
:1097300013F060FC00E000BF1037BD4680BD00BFE5
:109740001422002080B584B000AF786014F07CFE55
:10975000F8607B681B78042B00F2D38001A252F8DA
:1097600023F000BF79970008359800085798000843
:10977000F3980008FB9800087B685B6BFA68D31AC3
:1097800040F6B832934240F2C0807B689B781A461C
:10979000614B9B5C002B18D07B68D86B7B680433D3
:1097A0000022194613F086FE0346012B40F0AD80DF
:1097B0007B6800225A707B6801221A707B689B7854
:1097C0001A46554B002199549FE07B689B781A46B6
:1097D000524B9B5C002B00F098807B68986B7B68F9
:1097E00004330022194613F065FE0346012B06D10F
:1097F0007B6800225A707B6801221A7085E07B68C2
:109800009B781A46464B9B5C002B7ED07B680433CA
:10981000002200210820FAF79AFA7B689B781A4602
:109820003F4B002199547B6800225A707B680122CB
:109830001A706AE07B681A1D7B68DB78194610464F
:10984000FAF756FB14F000FE02467B685A637B6809
:1098500002221A705CE07B689B781A46314B9B5C55
:10986000002B0ED07B6803221A7014F0EDFD024627
:109870007B685A637B689B781A462A4B002199546F
:1098800045E07B689B781A46274B9B5C002B15D0E4
:109890007B685B780133DAB27B685A707B685B78EF
:1098A000022B01D8012200E004227B681A707B6839
:1098B0009B781A461C4B0021995428E014F0C4FDF3
:1098C000B8607B685B6BBA68D31A40F6B8329342D3
:1098D0001DD97B685B780133DAB27B685A707B688C
:1098E0005B78022B01D8012200E004227B681A7009
:1098F0000DE07B6800221A700AE07B6800221A7073
:1099000006E07B6804221A7002E000BF00E000BF9E
:1099100000BF1037BD4680BD2C1C0020241C002039
:10992000281C0020301C0020341C002080B584B08E
:1099300002AF00233B603B46322200924FF0FF32E1
:109940000021002015F048FD78607B68002B01D1D4
:10995000002300E03B6818460837BD4680BD000084
:1099600080B586B000AFF860B9601346FB71002384
:10997000FB7587E0FB7D5B00012202FA03F31A46C8
:10998000FB681340002B03D0FB7D434A0121D154D7
:10999000FB7D5B000133012202FA03F31A46FB68E8
:1099A0001340002B03D0FB7D3C4A0121D154FB7DA9
:1099B00004335B00012202FA03F31A46FB681340EA
:1099C000002B09D0FB7D9B00BA6813441B68DB7831
:1099D0001946AA20FAF7ADFAFB7D04335B00013388
:1099E000012202FA03F31A46FB681340002B09D048
:1099F000FB7D9B00BA6813441B68DB781946FF2087
:109A0000FAF797FAFB7D08335B00012202FA03F3B1
:109A10001A46FB681340002B03D0FB7D204A01212E
:109A2000D154FB7D08335B000133012202FA03F3BA
:109A30001A46FB681340002B03D0FB7D184A002117
:109A4000D154FB7D0C335B00012202FA03F31A466A
:109A5000FB681340002B03D0FB7D124A0121D15437
:109A6000FB7D0E335B00012202FA03F31A46FB680A
:109A70001340002B03D0FB7D0B4A0121D154FB7D09
:109A80000133FB75FA7DFB799A42FFF473AF00BF97
:109A900000BF1837BD4680BD301C0020341C00209C
:109AA000241C00202C1C0020281C002080B5A6B0FF
:109AB00000AF786007F150034022002118461FF0E4
:109AC00018F8012387F85230CE2387F853302F4BF4
:109AD0001B68C7F8883007F11003402200211846A0
:109AE0001FF007F8AB23FB74294B1B68BB64294BA1
:109AF0001B68FB6407F11003BB6007F15003FB60B8
:109B0000254B01225A70244B00221A70234B00224D
:109B10005A70224B00221A70214B00225A70204B9F
:109B200000221A701F4B00225A701E4B00221A701E
:109B30001D4B00225A701C4B00221A70FFF7F6FED4
:109B4000C7F89000D7F89030002B07D007F1080332
:109B500002221946D7F89000FFF702FF002387F88A
:109B600097300EE097F897309B0098333B4453F8BA
:109B7000903C1846FFF7E6FD97F89730013387F8D9
:109B8000973097F89730012BECD9D7E7501C00207D
:109B9000541C0020581C0020241C00202C1C0020D9
:109BA000281C0020301C0020341C002080B500AF91
:109BB00000220121322013F050F903461E4A13609F
:109BC00000220121322013F048F903461B4A13609A
:109BD000002201214FF4FA7013F03FF90346184AAE
:109BE000136000220D210A2013F037F90346154AAD
:109BF000136000222D21642013F02FF90346124A2E
:109C0000136000222D210A2013F027F903460F4A82
:109C1000136000222D21642013F01FF903460C4A23
:109C2000136000222D21012013F017F90346094A81
:109C3000136000BF80BD00BF3C1C0020401C002002
:109C4000441C0020481C00204C1C0020501C0020FC
:109C5000541C0020581C002080B483B000AF7860F2
:109C6000044A7B68136000BF0C37BD465DF8047B77
:109C7000704700BFE421002080B586B002AF786055
:109C800007F10C03002200924FF0FF320021002068
:109C900015F0A2FB0346012B0FD1FB6803F008036C
:109CA000002B02D04B4B00221A70FB6803F0040318
:109CB000002B02D0474B01221A70464B1B7883F0D1
:109CC0000103DBB2002B7DD0FEF750F803461A46A5
:109CD000414B1A70404B1B7883F00103DBB2002B21
:109CE00013D03E4B1B7F002B0FD03D4B1B78002B1E
:109CF0000BD03C48FDF710FC3B4B186800234FF09D
:109D0000FF32384913F076F95FE0384B1B7883F067
:109D10000103DBB2002B21D0354B1A78354B1B7871
:109D20009A420FD1344B1A88344B1B889A4209D17E
:109D3000334BD3E90601334BD3E90823994208BFDB
:109D400090420BD0274805F01FF8274B18680023D6
:109D50004FF0FF32234913F04DF936E0244B1A78C7
:109D6000244B1B789A4216D1234B1A88234B1B880D
:109D70009A4210D1224BD3E90601224BD3E90823A2
:109D8000994208BF904206D1144B1B7F83F0010318
:109D9000DBB2002B0FD1FDF7E9FF0346002B06D104
:109DA0000F4B1B7883F00103DBB2002B0DD00F4B60
:109DB0001B78002B09D0144B00221A70134B012280
:109DC0001A7002E0114B00221A704FF4FA6014F07E
:109DD00039F955E78B020020BD1C002070180020C7
:109DE0008C020020901C0020541C0020BC2200206B
:109DF000002A0020012A0020022A0020042A002034
:109E000030250020C82200205C1C00205D1C0020A2
:109E100080B59CB002AF7860002387F8673000F00F
:109E200063F9034683F00103DBB2002B0BD0FCF790
:109E3000F3FC00F079F9FCF738FD04F071FE824B79
:109E400001221A702AE0814B1B7883F00103DBB2F8
:109E5000002B03D00021A020FAF728F8FCF738FDEA
:109E600004F056FD7A4B1B7842F6D07219467948B9
:109E70001EF03FFE16F026FAFCF72CFC16F054FA02
:109E8000714B01221A70714B1B7883F00103DBB216
:109E9000002B03D00021A120FAF708F8FCF7CEF937
:109EA000FDF764FF07F138031846FAF7A9FD07F13B
:109EB00038031846FCF7E0FB034683F00103DBB2EE
:109EC000002B0DD007F138031846FAF75BFA07F1BB
:109ED000080307F1380104220120F9F738FF07E0F1
:109EE00007F1080307F1380127220220F9F72FFFB5
:109EF000564B1B7883F00103DBB2002B04D007F133
:109F000008031846F9F7BAFF4FF47A7014F09AF87C
:109F100007F16003642200924FF0FF32002100201D
:109F200015F05AFA0346012B1FD13B6E03F0400394
:109F3000002B02D0012387F867303B6E03F08003CB
:109F4000002B02D0002387F867303B6E03F4807348
:109F5000002B02D0404B01221A703B6E03F40073B9
:109F6000002B02D03C4B00221A7097F86730002B70
:109F700011D03A4B1B680A223949184613F09AFA55
:109F80000346012B07D1374B186800234FF0FF32EF
:109F9000334913F02FF8334B1B680A223049184617
:109FA00013F088FA0346012BB2D1FDF7DFFE03461A
:109FB0001A462D4B1A702D4B1B78002B0BD0274BBC
:109FC000186800234FF0FF32254913F013F80A20D8
:109FD00014F038F89CE7244B1B7883F00103DBB2C4
:109FE000002B14D0224B1B7883F00103DBB2002B33
:109FF0000DD0194B1B78002B09D01948FDF75CF9DF
:10A000001C4B01221A70194B00221A701AE01A4BCD
:10A010001B7883F00103DBB2002B09D0104804F059
:10A020001FFE144B02221A70104B00221A706FE7A9
:10A030000A4B186800230A22094912F0DBFF0A20A4
:10A0400014F000F864E700BFE02100207502002052
:10A050008A020020A0DC00648C020020541C002036
:10A06000601C00204C1C0020BD1C00205D1C00203A
:10A07000101900205C1C0020BC22002080B586B096
:10A0800002AF786007F10C034EF6602200924FF0A9
:10A09000FF320021002015F09FF90346012B0FD15C
:10A0A000FB6803F01003002B02D00D4B01221A7045
:10A0B000FB6803F02003002B02D0094B00221A702A
:10A0C000084B1B78002BDDD000F024F916F0FAF8CD
:10A0D000FCF700FB00F016FA16F026F9D2E700BFF5
:10A0E000E1210020E021002080B483B000AF0D4BBF
:10A0F0007B607B681B78002B09D07B685B78002B2A
:10A1000005D07B689B78002B01D0012300E0002361
:10A1100003F00103DBB218460C37BD465DF8047B43
:10A12000704700BF00000E0880B500AF674B684A5B
:10A13000104619464FF4A2631A461FF0AAFB1422D8
:10A14000644965481EF00DFD614B1B6A624A53610C
:10A150005F4BD3E90A236049C1E906235C4BD3E98D
:10A160000C235D49C1E90823594BD3E90E235A4911
:10A17000C1E90A23564B93F84020574B83F830200F
:10A18000554B534A343302F144014FF40B721846D5
:10A190001FF07FFB1422514951481EF0E2FC4C4B4A
:10A1A000D3F884324E4A5361494BD3E9A2234C4938
:10A1B000C1E90623464BD3E9A4234949C1E9082351
:10A1C000434BD3E9A6234649C1E90A23404B93F800
:10A1D000A022434B83F83020414B3D4A343302F5F3
:10A1E00029714FF40B7218461FF053FB384B93F84C
:10A1F00008253C4B1A70364B93F809253A4B1A70D8
:10A20000334BB3F80A25394B1A80314BB3F80C2580
:10A21000374B1A802E4B93F8D024364B1A702C4BA8
:10A2200093F8D124334B5A70294BD3F8D434314AA4
:10A230005360274BD3F8D8342E4A9360244BD3F87D
:10A24000DC342C4AD360224BD3F8E034294A136122
:10A250001F4BB3F8E424274B9A821D4BD3F8E83404
:10A26000244A93611A4B93F8EC24224B1A77184B2B
:10A2700003F59E63D3E900231E49C1E90823144B6B
:10A28000B3F8F8241C4B1A80114BB3F8FA241B4B7B
:10A290001A800F4BB3F8FC24194B1A800C4BB3F8FF
:10A2A000FE24184B1A80184A094B03F5A06303CB10
:10A2B00010605160064B93F80E25144B1A70044B36
:10A2C00093F80F25124B1A7000BF80BD00000E08D6
:10A2D000D01C0020DC1C0020C8220020401F0020D1
:10A2E00030250020002A0020012A0020022A002018
:10A2F000042A002070180020B8180020BA18002086
:10A30000BC180020BE180020C01800205C1C0020D3
:10A310008C02002080B500AF684B1A78684B1A7029
:10A32000664B1A78664B5A70644B1A78644B9A7075
:10A33000644965481FF0A5FA624B5B69604A136285
:10A34000604BD3E906235E49C1E90A235D4BD3E99B
:10A3500008235B49C1E90C235A4BD3E90A23584926
:10A36000C1E90E23574B93F83020554B83F840201A
:10A37000534B544A443302F134014FF40B721846E4
:10A380001FF087FA514952481FF07BFA4F4B5B6927
:10A390004B4AC2F884324D4BD3E906234849C1E900
:10A3A000A2234A4BD3E908234549C1E9A423474BDB
:10A3B000D3E90A234249C1E9A623444B93F830204C
:10A3C0003F4B83F8A0223E4B404A03F5297302F12C
:10A3D00034014FF40B7218461FF05BFA3D4B1A78AC
:10A3E000374B83F808253C4B1A78354B83F8092501
:10A3F0003A4B1A88324BA3F80A25394B1A88304B4E
:10A40000A3F80C25374B1A782D4B83F8D024354B05
:10A410005A782B4B83F8D124324B5B68284AC2F818
:10A42000D434304B9B68264AC2F8D8342D4BDB68B5
:10A43000234AC2F8DC342B4B1B69214AC2F8E034B2
:10A44000284B9A8A1E4BA3F8E424264B9B691C4A8E
:10A45000C2F8E834234B1A7F194B83F8EC24214BC4
:10A46000D3E90823164901F59E61C1E900231E4B7B
:10A470001A88134BA3F8F8241C4B1A88104BA3F826
:10A48000FA241B4B1A880E4BA3F8FC24194B1A888C
:10A490000B4BA3F8FE240A4B174A03F5A063106880
:10A4A000516803C3154B1A78054B83F80E25144BDE
:10A4B0001A78034B83F80F2500BF80BDE1210020EF
:10A4C000D01C0020C8220020DC1C002030250020E9
:10A4D000401F0020002A0020012A0020022A00201C
:10A4E000042A002070180020B8180020BA18002094
:10A4F000BC180020BE180020C01800205C1C0020E2
:10A500008C02002080B485B000AF4FF4A2737B6052
:10A510003C4B3B603C4BFB6000BF3C4BDB6803F4B7
:10A520008033002BF9D1394B1B69002B05DA374BEF
:10A53000374A5A60354B374A5A60344B1B69334AA5
:10A5400023F440731361314B1B69304A43F40073A9
:10A5500013612E4B1B692D4A43F0020313612B4BF1
:10A560001B692A4A23F0F8031361284B1B69274A09
:10A5700043F058031361254B1B69244A43F480338D
:10A58000136100BF214BDB6803F48033002BF9D14A
:10A590001E4B1B691D4A23F0020313611B4B1B69F1
:10A5A0001A4A43F0010313610023BB6013E0BB6848
:10A5B0009B003A681A44FB6812681A6000BF134B8C
:10A5C000DB6803F48033002BF9D1FB680433FB60B4
:10A5D000BB680133BB60BA687B689A42E7D30B4B18
:10A5E0001B690A4A23F001031361084B1B69074AE0
:10A5F00043F00043136100BF1437BD465DF8047B90
:10A60000704700BFD01C002000000E08003C024034
:10A6100023016745AB89EFCD80B500AF012012F073
:10A62000A8FC0346314A1360012012F0A2FC034645
:10A630002F4A1360012012F09CFC03462D4A136040
:10A64000012012F096FC03462B4A1360012012F001
:10A6500090FC0346294A136003220021012012F0D6
:10A66000FCFB0346264A136003220021012012F05E
:10A67000F4FB0346234A136003220021012012F059
:10A68000ECFB0346204A1360012012F072FC0346E3
:10A690001E4A1360012012F06CFC03461C4A136032
:10A6A000012012F066FC03461A4A1360012012F0E2
:10A6B00060FC0346184A1360012012F05AFC03465E
:10A6C000164A1360012012F054FC0346144A13602A
:10A6D000012012F04EFC0346124A1360012012F0D2
:10A6E00048FC0346104A136000BF80BDE8210020EB
:10A6F000EC210020FC210020002200200422002068
:10A70000F8210020F0210020F42100200822002060
:10A710000C220020142200201022002018220020E9
:10A720001C220020202200202422002080B483B09C
:10A7300000AF78607B68002283F864207B68002289
:10A740001A7000BF0C37BD465DF8047B704780B4BB
:10A7500083B000AF78600B46FB70FB780D2B01D106
:10A76000002327E0FB780A2B0CD17B6893F8643038
:10A770001A467B68002199547B68002283F8642084
:10A78000012317E07B6893F86430622B0DD87B6857
:10A7900093F864305A1CD1B27A6882F86410194672
:10A7A0007B68FA785A54002304E07B68002283F81F
:10A7B0006420022318460C37BD465DF8047B7047C1
:10A7C00080B588B000AF7860242178681EF099F9D0
:10A7D00078612A2178681EF094F938617B69002B32
:10A7E00006D03B69002B03D03A697B699A4201D2BB
:10A7F000002321E00023FB777B690133BB6107E085
:10A80000BB691A78FB7F5340FB77BB690133BB619F
:10A81000BA693B699A42F3D33B69013310220021A4
:10A8200018461EF035F80346FB73FA7FFB7B9A420D
:10A830000CBF01230023DBB218462037BD4680BD84
:10A8400080B58EB000AF78607968096800200A464C
:10A850000346C7E90C2307F10C0207F13003114648
:10A8600018461EF091F93B6ADBB2643BDAB20E4B3C
:10A870001A70FB69DBB20133DAB20B4B5A70BB6959
:10A88000DAB2094B9A707B69DAB2074BDA703B692E
:10A89000DAB2054B1A71FB68DAB2034B5A7100BF8A
:10A8A0003837BD4680BD00BF3022002080B58EB055
:10A8B00000AF78607B681B7864333B627B68013350
:10A8C0001B78013BFB617B6802331B78BB617B68B3
:10A8D00003331B787B617B6804331B783B617B68A7
:10A8E00005331B78FB600023FB6207F10C0318465D
:10A8F0001EF0C4FAC7E90C013B6B18463837BD4659
:10A9000080BD000080B500AF14F09AFA0346012B19
:10A9100001D1012312E00A4B1B68002B01D1002357
:10A920000CE0074B1B684FF0FF31184612F0A4FEF5
:10A930000346012B01D1012300E00023184680BD0E
:10A94000FC21002080B500AF14F07AFA0346012BF9
:10A950000BD0074B1B68002B08D0054B1868002351
:10A960000022002112F046FB00E000BF80BD00BFC6
:10A97000FC21002080B58AB000AF786007F1100399
:10A9800000221A605A609A60DA601A610023FB6044
:10A990007B68002B01D1002378E07B681B781A06C6
:10A9A0007B6801331B781B041A437B6802331B78D6
:10A9B0001B0213437A680332127813437B627B6A6B
:10A9C000344A934203D97B6A334A934201D9002324
:10A9D0005CE0324A7B6A13603048FFF731FF304B4E
:10A9E000DB783B742E4B1B797B742D4B5B79BB74EE
:10A9F0000023FB6100233B622A4B1B783B73284BEF
:10AA00001B78FB73264B5B787B73254B9B78BB7362
:10AA1000FFF778FF0346002B01D1002336E007F152
:10AA200010030022194620480CF093FC0346002B2B
:10AA300003D0FFF787FF002328E007F10C03002273
:10AA4000194619480CF07DFD0346002B03D0FFF793
:10AA500079FF00231AE0124B1A78144B1A70104B2E
:10AA60005A78124B5A700E4B9A78104B9A700C4BC6
:10AA7000DA780E4BDA700A4B1A790C4B1A71084BC4
:10AA80005A790A4B5A71FFF75DFF012318462837A0
:10AA9000BD4680BDFFB85569000CBD72382200204C
:10AAA000302200208D0200201006002028220020E5
:10AAB00080B58AB000AF786000237B627B68002B92
:10AAC00001D100233BE0204B1B684FF0FF311846BB
:10AAD00012F0D2FD0346012B30D107F11003002202
:10AAE000194678680CF0CFFC0346002B1FD107F104
:10AAF0000C030022194678680CF0A7FD0346002BD2
:10AB000015D1FA7B114B1A707A7B104B5A70BA7BB5
:10AB10000E4B9A703A7C0D4BDA707A7C0B4B1A71A3
:10AB2000BA7C0A4B5A710948FFF7C0FE7862064B9F
:10AB3000186800230022002112F05CFA7B6A184694
:10AB40002837BD4680BD00BFFC2100202822002000
:10AB50002DE9B04F96B002AF78604FF47A73A7F842
:10AB60004E304FF4E153FB87002387F847306F489E
:10AB7000F8F75AFB6E48F8F757FB07F10C034FF054
:10AB8000FF32009200220021002014F025FC034631
:10AB9000012B2ED1FB6803F00403002B02D001230C
:10ABA00087F84730FB6803F00803002B02D000232E
:10ABB00087F847305F4B1B684FF0FF31184612F0A3
:10ABC0005BFD5D4B1B88A7F84E305C4B1B88FB87F9
:10ABD000584B186800230022002112F00BFAFB8F5B
:10ABE0004FF47A7203FB02F2B7F84E30B2FBF3F384
:10ABF000BB6400233B6473E0B7F84E3000229846F4
:10AC0000914642464B464FF000004FF0000159017B
:10AC100041EAD261500102460B46B2EB080463EBF5
:10AC200009054FF000024FF00003AB0043EA9473B4
:10AC3000A20014461D4614EB080A45EB090B4FF021
:10AC400000024FF000034FEACB0343EA5A734FEA86
:10AC5000CA0292469B46504659464FF47A724FF0CC
:10AC60000003F6F771F802460B4607F10C03009259
:10AC70004FF0FF320021002014F0AEFBFB6803F020
:10AC80000203002B31D197F8473083F00103DBB288
:10AC9000002B1AD007F11003184600F045FA284B94
:10ACA000186807F1100100234FF0FF3212F0A2F9EB
:10ACB000244B1B680121184611F09EFE224B1B6895
:10ACC0000121184611F098FE07E020491748F8F7CF
:10ACD000B9FA1F491648F8F7B5FA3B6C01333B64E3
:10ACE0003A6CBB6C9A4287D300E000BF002387F820
:10ACF0004730184B186800230093032301220021DA
:10AD000014F0FCFB144B1868002300930323022269
:10AD1000002114F0F3FB114B186800230093032368
:10AD20000222002114F0EAFB27E700BF14050020EF
:10AD300068050020082200208E02002090020020DA
:10AD40004C1C0020D4160020D8160020C01500206E
:10AD5000EC150020C81C00207C220020C81900200F
:10AD60002DE9B04F94B002AF7860002387F84730E8
:10AD70004FF47A73A7F844304FF4E1537B870022F5
:10AD80004FF4007163480AF013F807F108034FF01D
:10AD9000FF32009200220021002014F01DFB034628
:10ADA000012B2ED1BB6803F00403002B02D001233A
:10ADB00087F84730BB6803F00803002B02D000235C
:10ADC00087F84730544B1B684FF0FF31184612F09C
:10ADD00053FC524B1B88A7F84430514B1B887B8790
:10ADE0004D4B186800230022002112F003F97B8FDD
:10ADF0004FF47A7203FB02F2B7F84430B2FBF3F37C
:10AE00003B6400F071FA0023FB6379E0B7F844304B
:10AE100000229846914642464B464FF000004FF0C4
:10AE20000001590141EAD261500102460B46B2EBE2
:10AE3000080463EB09054FF000024FF00003AB007C
:10AE400043EA9473A20014461D4614EB080A45EB2E
:10AE5000090B4FF000024FF000034FEACB0343EA27
:10AE60005A734FEACA0292469B46504659464FF4DF
:10AE70007A724FF00003F5F767FF02460B4607F1C1
:10AE8000080300924FF0FF320021002014F0A4FAD2
:10AE9000BB6803F00203002B37D197F8473083F0EB
:10AEA0000103DBB2002B1AD007F10C03184600F0A7
:10AEB0006FF91C4B186807F10C0100234FF0FF32AB
:10AEC00012F098F8184B1B680421184611F094FDF5
:10AED000164B1B680421184611F08EFD0DE007F19A
:10AEE0000C03184600F07AF90E4B186807F10C01B4
:10AEF00000234FF0FF3212F07DF8FB6B0133FB6350
:10AF0000FA6B3B6C9A4281D300E000BF002387F8C4
:10AF1000473034E7001C0240082200208E02002047
:10AF2000900200204C1C0020D4160020D8160020CF
:10AF30002DE9B04F96B002AF78604FF47A73A7F85E
:10AF40004E304FF4E153FB87002387F8473007F179
:10AF50000C034FF0FF32009200220021002014F079
:10AF60003BFA0346012B2ED1FB6803F00403002BB0
:10AF700002D0012387F84730FB6803F00803002B59
:10AF800002D0002387F84730424B1B684FF0FF3157
:10AF9000184612F071FB404B1B88A7F84E303F4B10
:10AFA0001B88FB873B4B186800230022002112F00E
:10AFB00021F8FB8F4FF47A7203FB02F2B7F84E30A0
:10AFC000B2FBF3F3BB6400233B6458E0B7F84E30A8
:10AFD00000229846914642464B464FF000004FF003
:10AFE0000001590141EAD261500102460B46B2EB21
:10AFF000080463EB09054FF000024FF00003AB00BB
:10B0000043EA9473A20014461D4614EB080A45EB6C
:10B01000090B4FF000024FF000034FEACB0343EA65
:10B020005A734FEACA0292469B46504659464FF41D
:10B030007A724FF00003F5F787FE02460B4607F1E0
:10B040000C0300924FF0FF320021002014F0C4F9ED
:10B05000FB6803F00203002B16D197F8473083F00A
:10B060000103DBB2002B05D007F11003184600F0F6
:10B0700017F801E0FDF7C2FE3B6C01333B643A6C0C
:10B08000BB6C9A42A2D300E000BF002387F8473090
:10B090005DE700BF082200208E0200209002002001
:10B0A00080B58CB000AF7860FDF7A8FE0346002B9A
:10B0B0002DD007F108031846F9F7D0FB164B1B6893
:10B0C0004FF0FF31184612F0D7FA07F108017B68FC
:10B0D0001A220520F8F73BFE0F4B186800230022C8
:10B0E000002111F087FF0D4B186800234FF0FF324D
:10B0F000796811F07FFF0A4B1B680221184611F096
:10B100007BFC084B1B680221184611F075FC00BF40
:10B110003037BD4680BD00BF042200204C1C0020FB
:10B12000D4160020D816002080B58CB000AF78600F
:10B1300012491348F8F786F812491348F8F782F8CD
:10B1400007F108031846F9F741F9104B1B684FF057
:10B15000FF31184612F090FA07F108017B682722A8
:10B160000320F8F7F4FD094B1868002300220021A2
:10B1700011F040FF00BF3037BD4680BDC015002034
:10B1800014050020EC150020680500200422002092
:10B1900080B58CB000AF786000F0DEF807F10803EE
:10B1A0001846F9F7DDFA0C4B1B684FF0FF311846D3
:10B1B00012F062FA07F108017B6813220420F8F705
:10B1C000C6FD054B186800230022002111F012FF74
:10B1D00000BF3037BD4680BD0422002080B58CB052
:10B1E00000AF786000F0B8F807F108031846FAF7E6
:10B1F00027F90C4B1B684FF0FF31184612F03CFA50
:10B2000007F108017B6827220E20F8F7A0FD054B07
:10B21000186800230022002111F0ECFE00BF303737
:10B22000BD4680BD0422002080B586B002AF034633
:10B230000A46FB711346BB7108233B73FB797B7392
:10B24000BB79BB7307F10C026423009303232E2107
:10B25000034809F02FFF00BF1037BD4680BD00BF77
:10B26000BC05002080B586B002AF03460A46FB71DC
:10B270001346BB7118233B73FB797B73BB79BB739C
:10B2800007F10C026423009303232E21034809F0E5
:10B2900011FF00BF1037BD4680BD00BFBC050020B8
:10B2A00080B586B002AF03463960FB711346BB71AF
:10B2B00010233B73FB797B7307F10C02642300932B
:10B2C00002232E21074809F0F5FEBB799BB26422C8
:10B2D00000923A682E21034809F0EAFF00BF1037B8
:10B2E000BD4680BDBC05002080B500AF01224FF4F3
:10B2F00000710B4809F05CFD3F211220FFF794FF1D
:10B3000001211020FFF7AEFF10211020FFF7AAFF48
:10B31000012204491020FFF7C3FF00BF80BD00BF1A
:10B32000001C02405822002080B584B002AF786033
:10B330000B46FB70FB789BB25B009BB264220092D1
:10B340007A682E21034809F0B3FF00BF0837BD46D5
:10B3500080BD00BFBC05002080B500AF06212C4891
:10B36000FFF7E2FF2A4B1B781B011AB2284B5B78D0
:10B370001B09DBB21BB213431BB29AB2254B1A80D6
:10B38000234B9B781B011AB2214BDB781B09DBB2E4
:10B390001BB213431BB29AB21E4B5A801C4B1B7933
:10B3A0001B011AB21A4B5B791B09DBB21BB21343A8
:10B3B0001BB29AB2174B9A80154B9B791B011AB29C
:10B3C000134BDB791B09DBB21BB213431BB29AB2DE
:10B3D000104BDA800E4B1B7A1B011AB20C4B5B7AB6
:10B3E0001B09DBB21BB213431BB29AB2094B1A8181
:10B3F000074B9B7A1B011AB2054BDB7A1B09DBB2A8
:10B400001BB213431BB29AB2024B5A8100BF80BDDC
:10B41000482200206822002090B5B1B002AF7860C9
:10B42000002387F8B7304C4801F0AAFA4FF07E535A
:10B430007B644FF00003BB644FF00003FB644FF0EC
:10B440000003BB634FF07E53FB634FF000033B648C
:10B450004FF00003FB624FF000033B634FF000032B
:10B460007B634FF000033B624FF000037B624FF0C1
:10B470000003BB620723C7F8B030384B18684FF49D
:10B480007A73009301230122D7F8B01011F0E2F98A
:10B49000C7F8AC0007F1A803642200924FF0FF3216
:10B4A0000021002013F098FF0346012B11D1D7F89B
:10B4B000A83003F00103002B02D0012387F8B73036
:10B4C000D7F8A83003F00203002B02D0002387F83E
:10B4D000B730D7F8AC20D7F8B0301340D7F8B02049
:10B4E0009A42CAD197F8B730002BC6D007F1200492
:10B4F00007F12C0207F1380107F1440007F10803B6
:10B50000019307F10C030093234600F02DF807F197
:10B5100050031846F9F7F0FD114B1B684FF0FF314F
:10B52000184612F0A9F807F1780307F15001272215
:10B530000620F8F70CFC0A4B1868002300220021B3
:10B5400011F058FD074B186807F1780100234FF000
:10B55000FF3211F04FFD90E780220020D41600202A
:10B56000042200204C1C0020B0B588B002AFF86067
:10B57000B9607A603B60314B1B684FF0FF31184671
:10B5800012F07AF82E4B1B687B612C4B1868002355
:10B590000022002111F02EFD79682A4800F05AF8A7
:10B5A0003968786900F0E8F80022B96A26480BF09B
:10B5B0006AFF0022F96A24480CF047F8FB6ADB783E
:10B5C00003F5FA60FB6A5B781946FB6A9B781C46B8
:10B5D000BB6A1B781D46BB6A5B781A46BB6A9B78C0
:10B5E000019300922B46224607F04AF987ED040AA0
:10B5F000F86897ED040A00F0DDFE144BD3ED007AF5
:10B60000124B93ED017A114BD3ED026AB868F0EE5C
:10B61000661AB0EE471AF0EE670A97ED040A00F0DA
:10B62000E7FE3B6800937B68BA68F968084801F058
:10B63000CFF900BF1837BD46B0BD00BF18220020AB
:10B6400060020020682200201006002090190020CF
:10B650008022002080B586B000AF786039607B68BA
:10B660001B8807EE903AB8EE677A7B685B8807EE36
:10B67000903AF8EE677A77EE677AC7ED057A7B68DD
:10B680009B8807EE903AB8EE677A7B68DB8807EE16
:10B69000903AF8EE677A77EE677AC7ED047A7B68BE
:10B6A0001B8907EE903AB8EE677A7B685B8907EEF4
:10B6B000903AF8EE677A77EE677AC7ED037AD7EDBE
:10B6C000057A27EEA77AD7ED047A67EEA77A37EEE8
:10B6D000277AD7ED037A67EEA77A77EE277A17EE07
:10B6E000900AF4F741FF02460B4643EC102B19F089
:10B6F0004FF953EC102B10461946F5F785FA03461F
:10B70000BB60D7ED027A9FED1B7AF4EEC77AF1EEBB
:10B7100010FA1DDDD7ED056A97ED027AC6EE877A3D
:10B720003B68C3ED007A3B680433D7ED046A97EDBC
:10B73000027AC6EE877AC3ED007A3B680833D7ED0C
:10B74000036A97ED027AC6EE877AC3ED007A0DE0C0
:10B750003B684FF000021A603B6804334FF0000270
:10B760001A603B6808334FF000021A6000BF1837B8
:10B77000BD4680BDCDCCCC3D80B586B000AF7860F5
:10B7800039607B681B687B617B685B683B617B68B9
:10B790009B68FB60D7ED057A27EEA77AD7ED047A90
:10B7A00067EEA77A37EE277AD7ED037A67EEA77AA6
:10B7B00077EE277A17EE900AF4F7D6FE02460B468C
:10B7C00043EC102B19F0E4F853EC102B10461946FB
:10B7D000F5F71AFA0346BB60D7ED027A9FED1B7AA4
:10B7E000F4EEC77AF1EE10FA1DDDD7ED056A97ED9C
:10B7F000027AC6EE877A3B68C3ED007A3B68043371
:10B80000D7ED046A97ED027AC6EE877AC3ED007A27
:10B810003B680833D7ED036A97ED027AC6EE877A64
:10B82000C3ED007A0DE03B684FF000021A603B6800
:10B8300004334FF000021A603B6808334FF00002F7
:10B840001A6000BF1837BD4680BD00BFBD378635C2
:10B8500080B582B000AF87ED010A97ED010A19F0BB
:10B860006BF9F0EE407AB0EE670A0837BD4680BD4E
:10B8700080B582B000AF87ED010AC7ED000AD7EDB1
:10B88000000A97ED010A19F083F9F0EE407AB0EE64
:10B89000670A0837BD4680BD80B582B000AF87ED2E
:10B8A000010A97ED010A19F0B3F9F0EE407AB0EE13
:10B8B000670A0837BD4680BD80B582B000AF87ED0E
:10B8C000010AC7ED000AD7ED000A97ED010A19F049
:10B8D00061F9F0EE407AB0EE670A0837BD4680BDE8
:10B8E00080B582B000AF87ED010A97ED010A19F02B
:10B8F000DBF9F0EE407AB0EE670A0837BD4680BD4E
:10B9000080B582B000AF87ED010A97ED010A19F00A
:10B9100061F9F0EE407AB0EE670A0837BD4680BDA7
:10B9200080B487B000AFF860B9607A6087ED000A34
:10B930007B68C3F119037A6802FB03F3DA0F13443F
:10B940005B101A46BB6813447B61FA687B699B00F5
:10B950001344043393ED007AFB68D3ED007AD7EDFE
:10B96000006A76EEE76AFA687B69B6339B00134497
:10B970000433D3ED007A66EEA77A77EE277AB0EE3D
:10B98000670A1C37BD465DF8047B704780B487B0FA
:10B9900000AFF860B9607A6087ED000A7B68C3F198
:10B9A00019037A6802FB03F3DA0F13445B101A469B
:10B9B000BB6813447B61FA687B695C339B0013446A
:10B9C00093ED007AFB68D3ED007AD7ED006A76EE4E
:10B9D000E76AFA687B6903F589739B001344D3ED2A
:10B9E000007A66EEA77A77EE277AB0EE670A1C3700
:10B9F000BD465DF8047B704780B598B000AF7861B4
:10BA0000F0EE406AB0EE607AF0EE417AC7ED011ACE
:10BA100087ED002AC7ED026A87ED037AC7ED047A45
:10BA2000D7ED027A9FED6D7A67EE877AC7ED177AC8
:10BA3000D7ED037A9FED697A67EE877AC7ED167ABC
:10BA4000D7ED047A9FED657A67EE877AC7ED157AB0
:10BA5000D7ED017A9FED627A67EE877AC7ED147AA7
:10BA6000D7ED007A9FED5E7A67EE877AC7ED137A9D
:10BA700097ED140A19F018F987ED120A97ED140AD8
:10BA800019F0C6F887ED110A97ED130A19F00CF9B1
:10BA900087ED100A97ED130A19F0BAF887ED0F0A2F
:10BAA00097ED0F7AD7ED177A27EE277AD7ED106A40
:10BAB000D7ED167A66EEA77A77EE277AC7ED0E7A7B
:10BAC000D7ED127AB1EE677AD7ED0E7A27EE277AA4
:10BAD000D7ED116AD7ED157A66EEA77A77EE277A59
:10BAE000C7ED0D7AD7ED107AB1EE677AD7ED177AF8
:10BAF00027EE277AD7ED0F6AD7ED167A66EEA77A8A
:10BB000077EE277AC7ED0C7AD7ED117AB1EE677A26
:10BB1000D7ED0E7A27EE277AD7ED127AF1EE676A23
:10BB2000D7ED157A66EEA77A77EE277AC7ED0B7A0E
:10BB3000D7ED0D7A27EEA77AD7ED0C7A67EEA77AC4
:10BB400077EE277AB0EE670A19F044F887ED0A0A13
:10BB5000D7ED0A7A27EEA77AD7ED0B7A67EEA77AA8
:10BB600077EE277AB0EE670A19F034F887ED090A04
:10BB7000D7ED0A0A97ED0B0A19F00AF8F0EE407AB1
:10BB80009FED187A67EE877AC7ED087AD7ED0D0A30
:10BB900097ED0C0A18F0FCFFF0EE407A9FED117A59
:10BBA00067EE877AC7ED077A7B697A6B1A607B69E3
:10BBB0003A6B5A607B69FA6A9A607B69BA6ADA60A2
:10BBC0007B697A6A1A617B693A6A5A617B69FA69A8
:10BBD0009A6178696037BD4680BD00BF286B6E4EA4
:10BBE00035FA8E3CE12E654280B598B000AF87ED06
:10BBF000070AC7ED060A87ED051AD7ED077A9FED0C
:10BC0000427A67EE877AC7ED177AD7ED067A9FED0D
:10BC10003E7A67EE877AC7ED167A3C4B7B653C4BE4
:10BC20003B653C4BFB6497ED170A19F03DF887ED37
:10BC3000120A97ED170A18F0EBFF87ED110A97ED3E
:10BC4000160A19F031F887ED100A97ED160A18F068
:10BC5000DFFF87ED0F0AD7ED127A67EEA77A9FED27
:10BC60002E7A67EE877AB7EE007A77EE677AB0EED3
:10BC7000670A18F0AFFFB0EE407ADFED286AC6EE33
:10BC8000877AC7ED0E7AD7ED0E7A9FED257A27EEEB
:10BC9000877AD7ED057A77EE277A97ED127A67EEF5
:10BCA000277AC7ED0D7A97ED0E7AD7ED057A77EE04
:10BCB000277A97ED117A67EE277AC7ED0C7A97ED20
:10BCC0000C7AD7ED0F7A67EE277AC7ED097A97EDF0
:10BCD0000C7AD7ED107A67EE277AC7ED0A7A7B6B7C
:10BCE000FB62796ABA6AFB6A06EE901A07EE102ABE
:10BCF00007EE903AB0EE660AF0EE470AB0EE671A29
:10BD00006037BD4680BD00BF35FA8E3C32A5C24AC1
:10BD1000885CDB3B47497E3F885CDB3B32A5C24AFF
:10BD200047497E3F80B52DED028BA2B000AF87ED75
:10BD3000090AF0EE606AB0EE417AF0EE617A78615D
:10BD4000C7ED066A87ED077AC7ED087ABB69BB6560
:10BD5000FB697B653B6A3B654FF00003C7F88430A5
:10BD60004FF00003C7F880304FF00003FB67D7EDBA
:10BD7000167A27EEA77AD7ED157A67EEA77A37EE0F
:10BD8000277AD7ED147A67EEA77A77EE277AC7ED90
:10BD9000137ADFED476A97ED137AC6EE877AC7ED1F
:10BDA000127A97ED167AD7ED127A67EE277AC7EDF9
:10BDB000117A97ED157AD7ED127A67EE277AC7EDEB
:10BDC000107A97ED147AD7ED127A67EE277AC7EDDD
:10BDD0000F7AD7ED127A9FED367A67EE877AC7ED44
:10BDE0000E7A97ED130A18F0F5FEB0EE407ADFED0B
:10BDF000306AC6EE877AC7ED1C7A4FF00003FB6607
:10BE00004FF00003BB664FF000037B663B6F3B6661
:10BE1000FB6EFB6500237B6710E27B6FBB6706E26E
:10BE2000BA6F7B6F9A4245D17B6F002B00F0A580E3
:10BE30003B6FBB647B6F5B00013B07EE903AB8EE53
:10BE4000E77AD7ED116AD7ED1C7A66EEA76A97ED0F
:10BE5000106AD7ED1B7A66EE277A76EEE77A67EE00
:10BE6000277AC7ED1C7A7B6F5B00013B07EE903AA7
:10BE7000B8EEE77AD7ED116AD7ED1B7A66EEA76ABE
:10BE800097ED106AD7ED127A66EE277A76EEA77AEA
:10BE900067EE277AC7ED1B7A4FF00003BB664FF0C1
:10BEA00000037B663B6F3B66FB6EFB6565E000BF96
:10BEB000006FC24A3B6EBB64BA6F7B6FD31A07EE4A
:10BEC000903AB8EEE77AF7EE006AC6EE877AC7EDE9
:10BED0000D7ABB6F5B00013B07EE903AB8EEE77A54
:10BEE000D7ED0F7A27EE277AD7ED187A27EE277A43
:10BEF000BA6F7B6F1344013B07EE903AF8EEE76AA6
:10BF0000D7ED0E7A66EEA76AD7ED1A7A66EEA77AB3
:10BF100077EE677A97ED0D7A67EE277AC7ED187A94
:10BF2000BB6CBB66FB6DBB64BB6F5B00013B07EE8C
:10BF3000903AB8EEE77AD7ED0F7A27EE277AD7ED69
:10BF4000177A27EE277ABA6F7B6F1344013B07EE0F
:10BF5000903AF8EEE76AD7ED0E7A66EEA76AD7ED6B
:10BF6000197A66EEA77A77EE677A97ED0D7A67EE23
:10BF7000277AC7ED177ABB6C7B667B6F0B2B00F3C0
:10BF800085807B6F0133BA6F9A427FDDBA6F7B6F1A
:10BF9000D31A07EE903AF8EEE77AB6EE007A27EE7B
:10BFA000877ABA6F7B6FD31A013B07EE903AF8EEAF
:10BFB000E77A27EE278ABB6F591E7B6F013397ED17
:10BFC000090A1A467869FFF7ABFCB0EE407AD7ED64
:10BFD000187A67EE278ABB6F591E7B6F013397ED86
:10BFE000090A1A467869FFF7D1FCB0EE407AD7ED1E
:10BFF000177A67EE277A78EEA77A68EE277A97EDB8
:10C00000217A77EE277AC7ED217ABA6F7B6FD31A40
:10C0100007EE903AF8EEE77AB6EE007A27EE877AE6
:10C02000BA6F7B6FD31A013B07EE903AF8EEE77ACE
:10C0300027EE278ABB6F591E7B6F013397ED090AE4
:10C040001A467869FFF76CFCF0EE407AB1EE677A39
:10C05000D7ED177A67EE278ABB6F591E7B6F0133C6
:10C0600097ED090A1A467869FFF790FCB0EE407A1E
:10C07000D7ED187A67EE277A78EEA77A68EE277AF6
:10C0800097ED207A77EE277AC7ED207ABB6F012BE8
:10C090005EDD7B6F012B5BDDBB6F591E7B6F013B50
:10C0A00097ED090A1A467869FFF73AFCF0EE407AF4
:10C0B000B1EE677AD7ED187A27EE278ABB6F591E43
:10C0C0007B6F013B97ED090A1A467869FFF75EFC22
:10C0D000B0EE407AD7ED177A67EE277A78EE677A76
:10C0E000B6EE007A67EE877A97ED217A77EE277AB7
:10C0F000C7ED217ABB6F591E7B6F013B97ED090A93
:10C100001A467869FFF70CFCF0EE407AB1EE677AD8
:10C11000D7ED177A27EE278ABB6F591E7B6F013B3D
:10C1200097ED090A1A467869FFF730FCB0EE407ABD
:10C13000D7ED187A67EE277A78EE277AB6EE007A8E
:10C1400067EE877A97ED207A77EE277AC7ED207A27
:10C150007B6F012B30D1BB6F012B2DDDBB6F013B02
:10C1600097ED090A002219467869FFF7D9FBF0EE2E
:10C17000407AB1EE677AD7ED187A67EE277A97EDB5
:10C18000217A77EE277AC7ED217ABB6F013B97EDD5
:10C19000090A002219467869FFF7C2FBF0EE407ADF
:10C1A000B1EE677AD7ED177A67EE277A97ED207AA6
:10C1B00077EE277AC7ED207ABB6F012B34DDBA6F9B
:10C1C0007B6F9A4230DDBA6F7B6FD31A07EE903ADD
:10C1D000B8EEE78ABB6F013B97ED090A7A6F194603
:10C1E0007869FFF79DFBF0EE407AB1EE677AD7ED04
:10C1F000187A67EE278ABB6F013B97ED090A7A6FC1
:10C2000019467869FFF7C2FBB0EE407AD7ED177A8E
:10C2100067EE277A78EEE77A68EE277A97ED1F7A4D
:10C2200077EE277AC7ED1F7ABB6F0133BB67BB6F11
:10C230000D2B7FF7F5AD7B6F01337B677B6F0D2B8C
:10C240007FF7EBADD7ED217AF1EE677A9FED167AA5
:10C2500067EE877AC7ED0A7AD7ED207AF1EE677A32
:10C260009FED117A67EE877AC7ED0B7AD7ED1F7ACB
:10C27000F1EE677A9FED0C7A67EE877AC7ED0C7A5C
:10C28000B96AFA6A3B6B06EE901A07EE102A07EEBF
:10C29000903AB0EE660AF0EE470AB0EE671A8837B9
:10C2A000BD46BDEC028B80BD5F70893080B485B027
:10C2B00000AFF860B9607A60FB68043393ED007AF0
:10C2C000BB680833D3ED007A27EE277AFB68083382
:10C2D000D3ED006ABB680433D3ED007A66EEA77A2B
:10C2E00077EE677A7B68C3ED007AFB68083393EDDD
:10C2F000007ABB68D3ED007A27EE277AFB68D3ED8E
:10C30000006ABB680833D3ED007A66EEA77A7B68D3
:10C31000043377EE677AC3ED007AFB6893ED007A19
:10C32000BB680433D3ED007A27EE277AFB68043329
:10C33000D3ED006ABB68D3ED007A66EEA77A7B681E
:10C34000083377EE677AC3ED007A00BF1437BD4635
:10C350005DF8047B704780B584B000AF78604FF023
:10C360000003FB600023BB6016E0BB689B007A689B
:10C37000134493ED007ABB689B007A681344D3EDB5
:10C38000007A67EE277A97ED037A77EE277AC7ED82
:10C39000037ABB680133BB60BB68022BE5DD97ED18
:10C3A000030AFFF7ADFAF0EE407AB0EE670A1037F5
:10C3B000BD4680BD80B582B000AF87ED010A386010
:10C3C00097ED010A06F074FB084B1A683B681A6087
:10C3D0003B680433054A52681A603B680833034AD5
:10C3E00092681A6000BF0837BD4680BD0C2A002045
:10C3F00080B52DED028BB6B000AF87ED050AC7ED15
:10C40000040A87ED031AC7ED021A786097ED021A45
:10C41000D7ED030A97ED040AFFF7E6FBF0EE406A5A
:10C42000B0EE607AF0EE417AC7ED256A87ED267AA4
:10C43000C7ED277AD7ED057A9FEDFB7A37EEC77AFD
:10C44000DFEDFA6AC7EE267A9FEDF97A77EE877A02
:10C45000C7ED357AD7ED256A97ED267AD7ED277A9D
:10C46000F448F0EE660AB0EE471AF0EE671A97ED60
:10C47000350AFFF757FCF0EE406AB0EE607AF0EE56
:10C48000417AC7ED226A87ED237AC7ED247A07F156
:10C490006C03D7ED226A97ED237AD7ED247A97EDD6
:10C4A000032AD7ED041AB0EE660AF0EE470AB0EEA2
:10C4B000671A1846FFF7A0FA97ED040A07F078F814
:10C4C00087ED340A97ED030A07F072F887ED330A17
:10C4D00007F148032422002118461CF00AFB97EDBF
:10C4E000330AFFF7D9F9F0EE407AB1EE678A97ED9B
:10C4F000340AFFF7F5F9F0EE407A68EE277AC7EDD7
:10C50000127A97ED330AFFF7EBF9F0EE407AF1EE8D
:10C51000677AC7ED137A97ED330AFFF7BDF9F0EEAE
:10C52000407AB1EE678A97ED340AFFF7B5F9F0EE7D
:10C53000407A68EE277AC7ED147A97ED330AFFF751
:10C54000CFF9F0EE407AB1EE678A97ED340AFFF743
:10C55000C7F9F0EE407A68EE277AC7ED157A97EDC5
:10C56000330AFFF799F9F0EE407AC7ED167A97EDA6
:10C57000330AFFF7B5F9F0EE407AB1EE678A97ED2E
:10C58000340AFFF789F9F0EE407A68EE277AC7EDB2
:10C59000177A97ED340AFFF77FF9F0EE407AC7ED8E
:10C5A000187A97ED340AFFF79BF9F0EE407AF1EE36
:10C5B000677AC7ED1A7A97ED127AD7ED1B7A27EED4
:10C5C000277AD7ED136AD7ED1C7A66EEA77A37EE95
:10C5D000277AD7ED146AD7ED1D7A66EEA77A77EE43
:10C5E000277AC7ED0F7A97ED157AD7ED1B7A27EEEC
:10C5F000277AD7ED166AD7ED1C7A66EEA77A37EE62
:10C60000277AD7ED176AD7ED1D7A66EEA77A77EE0F
:10C61000277AC7ED107A97ED187AD7ED1B7A27EEB7
:10C62000277AD7ED196AD7ED1C7A66EEA77A37EE2E
:10C63000277AD7ED1A6AD7ED1D7A66EEA77A77EEDC
:10C64000277AC7ED117A7B69C7F8C830D7ED327AFF
:10C650009FED797A77EE877AC7ED317AD7ED327A26
:10C660009FED717A77EEC77AC7ED307AD7ED307AE1
:10C670009FED727A67EE877A9FED717A77EE877A0F
:10C68000F3EE080AB0EE670AFFF716F987ED2F0AF6
:10C69000D7ED317A9FED647A77EEC77A9FED697AAC
:10C6A00067EE877A9FED687A77EE677AB0EE670A71
:10C6B00006F07EFFF0EE407AB0EE670AFFF710F961
:10C6C000F0EE407A9FED617A27EE878AD7ED317AD6
:10C6D0009FED557A77EEC77A9FED5D7A67EE877AA0
:10C6E0009FED5C7A77EE877A77EEA77AB0EE670AED
:10C6F00006F05EFFF0EE407AB0EE670AFFF7F0F862
:10C70000F0EE407A9FED547A67EE877A78EE677A9A
:10C71000C7ED2E7AD7ED317A9FED437A77EEC77A5F
:10C720009FED4E7A67EE877A9FED4D7A77EE677AC6
:10C73000B0EE670A06F03CFF87ED2D0A97ED2D0A53
:10C74000FFF7AAF8B0EE407AD7ED2E7A67EE877A37
:10C75000C7ED2C7A97ED2F7AD7ED2C7A77EE277AE2
:10C76000C7ED2B7A3F4BC7F8A83097ED2A7AD7ED63
:10C770002B7A67EE277AC7ED297A07F1180324226E
:10C78000002118461CF0B5F94FF07E53BB6397EDBE
:10C79000290AFFF781F8F0EE407AC7ED067A97EDA7
:10C7A000290AFFF79DF8F0EE407AF1EE677AC7EDBF
:10C7B000077A97ED290AFFF793F8F0EE407AC7ED74
:10C7C000097A97ED290AFFF767F8F0EE407AC7ED8E
:10C7D0000A7A97ED067AD7ED0F7A27EE277AD7ED0A
:10C7E000076AD7ED107A66EEA77A37EE277AD7ED8B
:10C7F000086AD7ED117A66EEA77A77EE277A7B681A
:10C80000C3ED007A97ED097AD7ED0F7A27EE277AF4
:10C81000D7ED0A6AD7ED107A66EEA77A37EE277A57
:10C82000D7ED0B6A22E000BF64A1154A00A0B64311
:10C830000000FA4400C50208CDE8513A9386C04191
:10C84000399495414BE6583D7B14FA42753FA7B9A0
:10C850008F537C3F293C8C439C53C93795BFD634BA
:10C86000B083BB41920A863EBD378635D7ED117A3B
:10C8700066EEA77A7B68043377EE277AC3ED007AF9
:10C8800097ED0C7AD7ED0F7A27EE277AD7ED0D6A60
:10C89000D7ED107A66EEA77A37EE277AD7ED0E6AD3
:10C8A000D7ED117A66EEA77A7B68083377EE277AA0
:10C8B000C3ED007A7B6893ED007A7B68D3ED007A54
:10C8C00027EE277A7B680433D3ED006A7B68043354
:10C8D000D3ED007A66EEA77A37EE277A7B680833C5
:10C8E000D3ED006A7B680833D3ED007A66EEA77A51
:10C8F00077EE277AB0EE670AFFF702F887ED280A8D
:10C90000D7ED287A1FED287AF4EEC77AF1EE10FA07
:10C9100022DD7B68D3ED006A97ED287AC6EE877A30
:10C920007B68C3ED007A7B680433D3ED006A7B68D3
:10C93000043397ED287AC6EE877AC3ED007A7B68D8
:10C940000833D3ED006A7B68083397ED287AC6EE8A
:10C95000877AC3ED007A0DE07B684FF000021A6021
:10C960007B6804334FF000021A607B6808334FF095
:10C9700000021A6000BFD837BD46BDEC028B80BDF7
:10C9800080B483B000AF78607B684FF07E521A604D
:10C990007B684FF000025A607B684FF000029A609B
:10C9A0007B684FF00002DA607B684FF000021A6289
:10C9B0007B684FF000025A627B684FF000029A6277
:10C9C00000BF0C37BD465DF8047B704700000000D7
:10C9D00090B5C7B000AF07F58C74A4F586742060DD
:10C9E00007F58C70A0F58870016007F58C71A1F5D2
:10C9F0008A710A6007F58C72A2F58C72136007F5D4
:10CA00008C73A3F588731B681B68C7F8EC3007F5B7
:10CA10008C73A3F588731B685B68C7F8F03007F563
:10CA20008C73A3F588731B689B68C7F8F43007F113
:10CA3000E00207F58C73A3F58A7107F58C73A3F5F3
:10CA4000887309681868FFF731FC07F1E00318469E
:10CA5000FFF781FC87ED410AD7ED386A97ED417AFF
:10CA6000C6EE877AC7ED357AD7ED396A97ED417A08
:10CA7000C6EE877AC7ED367AD7ED3A6A97ED417AF6
:10CA8000C6EE877AC7ED377A07F1C80207F1E001F1
:10CA900007F58C73A3F588731868FFF707FC07F197
:10CAA000E0031846FFF757FC87ED400AD7ED326ADE
:10CAB00097ED407AC6EE877AC7ED2F7AD7ED336AC5
:10CAC00097ED407AC6EE877AC7ED307AD7ED346AB3
:10CAD00097ED407AC6EE877AC7ED317A07F58C7309
:10CAE000A3F58C731B681B68C7F8B03007F58C730F
:10CAF000A3F58C731B685B68C7F8B43007F58C73BB
:10CB0000A3F58C731B689B68C7F8B83007F1A402C3
:10CB100007F58C73A3F58C73D7F828111868FFF705
:10CB2000C5FB07F1A4031846FFF715FC87ED3F0A84
:10CB3000D7ED296A97ED3F7AC6EE877AC7ED267A58
:10CB4000D7ED2A6A97ED3F7AC6EE877AC7ED277A46
:10CB5000D7ED2B6A97ED3F7AC6EE877AC7ED287A34
:10CB600007F18C0207F1A40107F58C73A3F58C7310
:10CB70001868FFF79BFB07F1A4031846FFF7EBFBD0
:10CB800087ED3E0AD7ED236A97ED3E7AC6EE877AA7
:10CB9000C7ED207AD7ED246A97ED3E7AC6EE877A04
:10CBA000C7ED217AD7ED256A97ED3E7AC6EE877AF2
:10CBB000C7ED227AD7F8EC30FB65D7F8D4303B6666
:10CBC000D7F8BC307B66D7F8F030BB66D7F8D830E2
:10CBD000FB66D7F8C0303B67D7F8F4307B67D7F8EF
:10CBE000DC30BB67D7F8C430FB67D7F8B030BB6325
:10CBF000D7F89830FB63D7F880303B64D7F8B4306F
:10CC00007B64D7F89C30BB64D7F88430FB64D7F8DA
:10CC1000B8303B65D7F8A0307B65D7F88830BB6566
:10CC20000023C7F8143159E00023C7F810314CE055
:10CC30004FF00003C7F80C310023C7F808312AE091
:10CC4000D7F8142113465B001344D7F80821134486
:10CC50009B0003F58C733B44E03B93ED007AD7F8DF
:10CC6000102113465B001344D7F8082113449B009E
:10CC700003F58C733B44BC3BD3ED007A67EE277A17
:10CC800097ED437A77EE277AC7ED437AD7F80831E4
:10CC90000133C7F80831D7F80831022BD0DD07F58A
:10CCA0008C73A3F58271D7F8102113465B001344EF
:10CCB000D7F8142113449B000B44D7F80C211A60B9
:10CCC000D7F810310133C7F81031D7F81031022BE3
:10CCD000AEDDD7F814310133C7F81431D7F8143169
:10CCE000022BA1DD07F58C73A3F58273D3ED007AD7
:10CCF000B7EE007A37EE877A07F58C73A3F5827367
:10CD0000D3ED047A37EE277A07F58C73A3F5827397
:10CD1000D3ED087A77EE277AF1EE006A87EEA67AED
:10CD2000B0EE470AFEF7ECFDF0EE407A07F58C73A3
:10CD3000A3F586731B68C3ED047A07F58C73A3F51E
:10CD40008273D3ED007AB7EE007A37EE877A07F573
:10CD50008C73A3F58273D3ED047A37EE677A07F507
:10CD60008C73A3F58273D3ED087A77EE677AF1EED0
:10CD7000006A87EEA67AB0EE470AFEF7C1FDF0EE34
:10CD8000407A07F58C73A3F586731B68C3ED057AAB
:10CD900007F58C73A3F58273D3ED007AB7EE007AB2
:10CDA00037EE677A07F58C73A3F58273D3ED047AB7
:10CDB00037EE277A07F58C73A3F58273D3ED087AE3
:10CDC00077EE677AF1EE006A87EEA67AB0EE470A50
:10CDD000FEF796FDF0EE407A07F58C73A3F58673A7
:10CDE0001B68C3ED067A07F58C73A3F58273D3ED48
:10CDF000007AB7EE007A37EE677A07F58C73A3F501
:10CE00008273D3ED047A37EE677A07F58C73A3F556
:10CE10008273D3ED087A77EE277AF1EE006A87EE17
:10CE2000A67AB0EE470AFEF76BFDF0EE407A07F502
:10CE30008C73A3F586731B68C3ED077A07F58C73B3
:10CE4000A3F586731B681A6907F58C73A3F58673BF
:10CE50001B681A6007F58C73A3F586731B685A6903
:10CE600007F58C73A3F586731B685A6007F58C73FE
:10CE7000A3F586731B689A6907F58C73A3F586730F
:10CE80001B689A6007F58C73A3F586731B68DA69D3
:10CE900007F58C73A3F586731B68DA6007F58C734E
:10CEA000A3F586731B6893ED047A07F58C73A3F5DD
:10CEB00086731B68D3ED077A27EE277A07F58C7304
:10CEC000A3F586731B68D3ED056A07F58C73A3F58C
:10CED00086731B68D3ED067A66EEA77A77EE277A1B
:10CEE00037EEA76A07F58C73A3F586731B6893ED7D
:10CEF000067A07F58C73A3F586731B68D3ED067A63
:10CF000027EE277A07F58C73A3F586731B68D3ED9C
:10CF1000076A07F58C73A3F586731B68D3ED077A50
:10CF200066EEA77A77EE277A77EEA77AB7EE007AE1
:10CF300077EE677AF0EE670AB0EE460AFEF798FCE5
:10CF400010EE103A1846F3F70FFB5FA3D3E9002366
:10CF5000F3F762FB02460B4610461946F3F754FE00
:10CF6000024607F58C73A3F586731B681A6207F5F2
:10CF70008C73A3F586731B6893ED047A07F58C73A5
:10CF8000A3F586731B68D3ED067A27EE277A07F59B
:10CF90008C73A3F586731B68D3ED076A07F58C7352
:10CFA000A3F586731B68D3ED057A66EEA77A77EE54
:10CFB000677A77EEA77AB0EE670AFEF749FC10EEC3
:10CFC000103A1846F3F7D0FA3FA3D3E90023F3F75A
:10CFD00023FB02460B4610461946F3F715FE0246A0
:10CFE00007F58C73A3F586731B685A6207F58C737B
:10CFF000A3F586731B6893ED047A07F58C73A3F58C
:10D0000086731B68D3ED057A27EE277A07F58C73B4
:10D01000A3F586731B68D3ED066A07F58C73A3F539
:10D0200086731B68D3ED077A66EEA77A77EE277AC8
:10D0300037EEA76A07F58C73A3F586731B6893ED2B
:10D04000057A07F58C73A3F586731B68D3ED057A13
:10D0500027EE277A07F58C73A3F586731B68D3ED4B
:10D06000066A07F58C73A3F586731B68D3ED067A01
:10D0700066EEA77A77EE277A77EEA77AB7EE007A90
:10D0800077EE677AF0EE670AB0EE460AFEF7F0FB3D
:10D0900010EE103A1846F3F767FA0BA3D3E9002312
:10D0A000F3F7BAFA02460B4610461946F3F7ACFD01
:10D0B000024607F58C73A3F586731B689A6200BF5E
:10D0C00007F58E77BD4690BDF8C1631ADCA54C40CC
:10D0D00080B483B000AF78607B681B781A067B68E9
:10D0E00001331B781B041A437B6802331B781B0235
:10D0F00013437A680332127813431A4A13607B6829
:10D1000004331B781A067B6805331B781B041A430B
:10D110007B6806331B781B0213437A680732127848
:10D120001343114A13607B6808331B781A067B6827
:10D1300009331B781B041A437B680A331B781B02D4
:10D1400013437A680B3212781343084A13607B68E2
:10D150001A7B074B1A7000BF0C37BD465DF8047B85
:10D16000704700BF680200206C020020700200209F
:10D170008A02002080B584B000AF0346FB71FB79C2
:10D18000002B01D0FB79FB730A4B1B684FF0FF317A
:10D19000184610F071FA084AFB7B1370054B1868AB
:10D1A0000023002200210FF025FF00BF1037BD46ED
:10D1B00080BD00BF0C2200207602002080B584B024
:10D1C00000AF0346FB71FB79002B01D0FB79FB73A9
:10D1D0000A4B1B684FF0FF31184610F04DFA084A11
:10D1E000FB7B1370054B18680023002200210FF011
:10D1F00001FF00BF1037BD4680BD00BF0C220020DC
:10D200007702002090B587B000AF3C4684E80F005D
:10D210004FF47A73FB824FF4E153BB82FB78002B0F
:10D2200008D13B79002B05D17B79002B02D1BB794A
:10D23000002B02D0BB78042B06D0BB6A1B88FB8274
:10D24000BB6A5B88BB820FE0FB781B021AB23B799A
:10D250001BB213431BB2FB827B791B021AB2BB7950
:10D260001BB213431BB2BB820B4B1B684FF0FF3149
:10D27000184610F001FA094AFB8A1380084ABB8A53
:10D280001380054B18680023002200210FF0B2FE26
:10D2900000BF1C37BD4690BD082200208E02002032
:10D2A0009002002080B584B002AF0346FB71FB7989
:10D2B000012B0AD10D4B18680023009303234FF470
:10D2C0008072002112F01AF90CE0FB79002B09D1D1
:10D2D000064B18680023009303234FF400720021CB
:10D2E00012F00CF900BF0837BD4680BDC01C0020FD
:10D2F00090B5A3B002AF3C4684E80F0000237B61E9
:10D300003B78AB2B14BF01230023DBB287F87F30BF
:10D310003B78AB2B40F0DC877B78AA3B552B00F2A7
:10D32000C58701A252F823F0EBE00008ADE2000847
:10D33000ADE20008ADE20008ADE20008ADE2000891
:10D3400081D40008D7D400082FD500085DD6000886
:10D35000B5D800080BD70008D9D7000853D8000863
:10D3600025D900087DD90008A9D900085BDF00088D
:10D3700087DF0008B3DF0008DFDF00080BE00008EC
:10D38000D5D900085BDA0008F1DA000889DB00086B
:10D3900021DC0008A7DC00083FDD00086DDD000887
:10D3A0009BDD0008C9DD000815DE000843DE00082B
:10D3B00071DE00089DDE0008ADE20008ADE2000865
:10D3C000ADE20008ADE20008ADE20008ADE2000801
:10D3D000ADE20008ADE20008ADE20008ADE20008F1
:10D3E000ADE20008ADE20008ADE20008ADE20008E1
:10D3F000ADE20008ADE20008ADE20008ADE20008D1
:10D40000ADE20008ADE20008ADE20008ADE20008C0
:10D41000ADE20008ADE20008ADE20008ADE20008B0
:10D42000ADE20008ADE20008ADE20008ADE20008A0
:10D43000ADE20008ADE20008ADE20008ADE2000890
:10D4400019E10008ADE20008ADE2000897E100082C
:10D45000EDE10008ADE20008ADE20008ADE2000831
:10D46000ADE20008ADE20008ADE20008ADE2000860
:10D47000ADE20008ADE20008ADE20008C9E0000836
:10D48000CA4B18680023009303230822002112F0DE
:10D4900035F8C74B186800230093032302220021AC
:10D4A00012F02CF8C34B186897F87F3004335B00F8
:10D4B00001229A4097F87F3008335B00012101FA7E
:10D4C00003F313431A46002300930123002112F0B3
:10D4D00015F801F0D1B8B54B186800230093032369
:10D4E0000422002112F00AF8B14B186800230093BF
:10D4F00001230122002112F001F8AE4B186897F8C1
:10D500007F3004335B0001229A4097F87F30083364
:10D510005B000133012101FA03F313431A46002390
:10D5200000930123002111F0E9FF01F0A5B8A14B00
:10D53000186897F87F3004335B00012202FA03F386
:10D540001A46002300930123002111F0D7FF9A4BC4
:10D550001B684FF0FF31184610F08EF8974B1B6890
:10D5600018460FF01EFD38673B6F002B1BD1FAF7F2
:10D57000FDFBF8F763FE07F148031846F7F740FA9A
:10D580008D4B18680023002200210FF033FD07F1B6
:10D5900048031846F9F770F8034683F00103DBB23D
:10D5A000002B38D029E007F1180307F148010022C9
:10D5B0000220F6F7CCFB824B186807F11801002314
:10D5C0004FF47A720FF016FD7A4B186897F87F3097
:10D5D0000C335B00012202FA03F31A460023009386
:10D5E0000123002111F08AFF734B186800230022E9
:10D5F00000210FF0FFFC01F03FB807F14803184687
:10D60000F6F7C0FE07F1180307F1480104220120D4
:10D61000F6F79DFB07E007F1180307F14801272201
:10D620000220F6F794FB664B186807F118010023F7
:10D630004FF47A720FF0DEFC5E4B186897F87F307B
:10D640000C335B00012202FA03F31A460023009315
:10D650000323002111F052FF01F00EB8554B18685A
:10D6600097F87F3004335B0001229A4097F87F30AF
:10D6700008335B00012101FA03F31A4397F87F3066
:10D680000E335B00012101FA03F313431A46002312
:10D6900000930123002111F031FF454B186800234E
:10D6A000009303230222002111F028FF454B186844
:10D6B0000023009303230222002111F01FFF424B9D
:10D6C00018680023009303230222002111F016FFA3
:10D6D0003E4B18680023009303230222002111F01F
:10D6E0000DFF3B4B18680023009303230222002107
:10D6F00011F004FF2D4B186800230093032304222C
:10D70000002111F0FBFE00F0B7BF2A4B186897F814
:10D710007F3004335B00012202FA03F31A46002330
:10D7200000930123002111F0E9FE294B1868002322
:10D73000009301230122002111F0E0FE254B18681F
:10D740000023009303238022002111F0D7FEFB78F1
:10D7500003F00103002B00F08A8707F14803184605
:10D76000F6F758FF07F1180307F148012722FF20B9
:10D77000F6F7EDFA124B186807F1180100234FF481
:10D780007A720FF037FC0B4B186897F87F300C3328
:10D790005B00012202FA03F31A46002300930123DF
:10D7A000002111F0ABFE00F062BF00BFC41C0020DE
:10D7B000C81C0020381C002024220020E821002062
:10D7C000581C00203C22002040220020442200203F
:10D7D0008C160020C01C0020BD4B186897F87F30C5
:10D7E00004335B00012202FA03F31A46002300937C
:10D7F0000123002111F082FEFB7803F00103002BCE
:10D8000008D0B44B186800230093032302220021A0
:10D8100011F074FEFB7803F00203002B08D0AE4B2E
:10D8200018680023009303230222002111F066FEF2
:10D83000FB7803F00403002B00F01B87A74B18684C
:10D840000023009303230222002111F057FE00F071
:10D8500010BF9F4B186897F87F3004335B0001229C
:10D8600002FA03F31A46002300930123002111F06A
:10D8700045FEFB7803F00103002B0AD0984B186893
:10D880000023009303231022002111F037FE00F043
:10D89000F2BEFB7803F00103002B40F0EC86904BC6
:10D8A00018680023009303232022002111F026FE94
:10D8B00000F0E1BE864B186897F87F3004335B00B8
:10D8C000012202FA03F31A460023009301230021E8
:10D8D00011F014FE07F148031846F7F76BF907F14A
:10D8E000180307F1480127220C20F6F730FA7D4B88
:10D8F000186807F1180100234FF47A720FF07AFBD1
:10D90000734B186897F87F300C335B00012202FAE2
:10D9100003F31A46002300930123002111F0EEFDCA
:10D9200000F0AABE6A4B186897F87F3004335B009A
:10D93000012202FA03F31A46002300930123002177
:10D9400011F0DCFDFB781846FFF738FC3B791846F0
:10D95000FFF710FC644B1868002300930123042296
:10D96000002111F0CBFD614B1868002300930123C7
:10D970000422002111F0C2FD00F07EBE544B186855
:10D9800097F87F3004335B00012202FA03F31A4652
:10D99000002300930123002111F0B0FDFB7818460D
:10D9A000F5F7B0FF00F068BE494B186897F87F3074
:10D9B00004335B00012202FA03F31A4600230093AA
:10D9C0000123002111F09AFDFB781846FFF76AFC4D
:10D9D00000F052BE3E4B186897F87F3004335B006E
:10D9E000012202FA03F31A460023009301230021C7
:10D9F00011F084FD4FF47A73BB824FF4E153FB8244
:10DA000007F1140300933B460FCBFFF7FBFB374BAB
:10DA100018680023009303230222002111F06EFDF9
:10DA20002E4B18680023009303230522002111F0D8
:10DA300065FD284B1868002300930323052200216D
:10DA400011F05CFD244B186800230093032305228A
:10DA5000002111F053FD00F00FBE1D4B186897F820
:10DA60007F3004335B00012202FA03F31A460023DD
:10DA700000930123002111F041FD4FF47A73BB8222
:10DA80004FF4E153FB8207F1140300933B460FCBA5
:10DA9000FFF7B8FB154B18680023009303230222FD
:10DAA000002111F02BFD0D4B186800230093032378
:10DAB0000922002111F022FD064B18680023009373
:10DAC00003230922002111F019FD00F0D5BD00BF8C
:10DAD000381C002040220020442200203C2200204C
:10DAE000CC1C0020581C00208C160020C81C0020D4
:10DAF000C14B186897F87F3004335B00012202FAAB
:10DB000003F31A46002300930123002111F0F6FCD1
:10DB10004FF47A73BB824FF4E163FB8207F1140385
:10DB200000933B460FCBFFF76DFBB44B1868002307
:10DB3000009303230222002111F0E0FCB04B18688F
:10DB40000023009303230922002111F0D7FCAD4BE1
:10DB500018680023009303230922002111F0CEFC52
:10DB6000A94B18680023009303230922002111F018
:10DB7000C5FCA64B18680023009303230122002153
:10DB800011F0BCFC00F078BD9B4B186897F87F3013
:10DB900004335B00012202FA03F31A4600230093C8
:10DBA0000123002111F0AAFC4FF47A73BB824FF4D9
:10DBB000E153FB8207F1140300933B460FCBFFF7C1
:10DBC00021FB8E4B186800230093032302220021BF
:10DBD00011F094FC8A4B1868002300930323092258
:10DBE000002111F08BFC874B18680023009303235E
:10DBF0000922002111F082FC834B18680023009356
:10DC000003230922002111F079FC804B18680023BE
:10DC1000009303230122002111F070FC00F02CBDC1
:10DC2000754B186897F87F3004335B00012202FAC5
:10DC300003F31A46002300930123002111F05EFC38
:10DC40004FF47A73BB824FF4E163FB8207F1140354
:10DC500000933B460FCBFFF7D5FA684B18680023BB
:10DC6000009303230222002111F048FC644B186842
:10DC70000023009303230922002111F03FFC624B93
:10DC800018680023009303230922002111F036FCB9
:10DC90005E4B18680023009303230122002111F03A
:10DCA0002DFC00F0E9BC544B186897F87F30043322
:10DCB0005B00012202FA03F31A46002300930123BA
:10DCC000002111F01BFC4FF47A73BB824FF4E15337
:10DCD000FB8207F1140300933B460FCBFFF792FA48
:10DCE000464B18680023009303230222002111F001
:10DCF00005FC434B186800230093032309220021ED
:10DD000011F0FCFB3F4B186800230093032309220A
:10DD1000002111F0F3FB3C4B186800230093032310
:10DD20000922002111F0EAFB394B18680023009307
:10DD300003230122002111F0E1FB00F09DBC2E4BDA
:10DD4000186897F87F3004335B00012202FA03F36E
:10DD50001A46002300930123002111F0CFFB3B461C
:10DD600003331846F5F702FE00F086BC224B186814
:10DD700097F87F3004335B00012202FA03F31A465E
:10DD8000002300930123002111F0B8FB3B4603332D
:10DD90001846F5F711FE00F06FBC174B186897F89E
:10DDA0007F3004335B00012202FA03F31A4600239A
:10DDB00000930123002111F0A1FB3B4603331846D9
:10DDC000F5F720FE00F058BC0B4B186897F87F3031
:10DDD00004335B00012202FA03F31A460023009386
:10DDE0000123002111F08AFB3B4603331846F5F767
:10DDF0002FFE00F041BC00BF381C0020C81C0020D2
:10DE00003C22002040220020442200207C220020CE
:10DE1000C8190020BD4B186897F87F3004335B00A9
:10DE2000012202FA03F31A46002300930123002182
:10DE300011F064FB3B4603331846F5F72FFE00F064
:10DE40001BBCB24B186897F87F3004335B0001228B
:10DE500002FA03F31A46002300930123002111F074
:10DE60004DFB3B4603331846F5F73EFE00F004BC7D
:10DE7000A64B186897F87F3004335B00012202FA42
:10DE800003F31A46002300930123002111F036FB0F
:10DE90003B4603331846F5F74DFEEDE39B4B186800
:10DEA00097F87F3004335B00012202FA03F31A462D
:10DEB000002300930123002111F020FB07F1480209
:10DEC0003B46033311461846F5F75AFE0346002B2E
:10DED00021D007F1180307F1480124220720F5F7A4
:10DEE00036FF8B4B186807F1180100234FF47A7244
:10DEF0000FF080F8854B186897F87F300C335B0083
:10DF0000012202FA03F31A460023009301230021A1
:10DF100011F0F4FAB0E307F1180307F14801002209
:10DF20000720F5F714FF7A4B186807F11801002352
:10DF30004FF47A720FF05EF8744B186897F87F30E0
:10DF40000C335B00012202FA03F31A46002300930C
:10DF50000123002111F0D2FA8EE36C4B186897F878
:10DF60007F3004335B00012202FA03F31A460023D8
:10DF700000930123002111F0C1FA3B4603331846F8
:10DF8000FBF746FA78E3614B186897F87F30043363
:10DF90005B00012202FA03F31A46002300930123D7
:10DFA000002111F0ABFA3B4603331846FBF756FA53
:10DFB00062E3564B186897F87F3004335B00012208
:10DFC00002FA03F31A46002300930123002111F003
:10DFD00095FA3B4603331846FBF766FA4CE34B4B86
:10DFE000186897F87F3004335B00012202FA03F3CC
:10DFF0001A46002300930123002111F07FFA3B46CB
:10E0000003331846FBF776FA36E3404B186897F867
:10E010007F3004335B00012202FA03F31A46002327
:10E0200000930123002111F069FA07F148023B46F1
:10E03000033338491846FBF783FA0346002B21D0F7
:10E0400007F1180307F1480119220F20F5F77FFEA9
:10E050002F4B186807F1180100234FF47A720EF065
:10E06000C9FF2A4B186897F87F300C335B000122F8
:10E0700002FA03F31A46002300930123002111F052
:10E080003DFAF9E207F1180307F1480100220F20D9
:10E09000F5F75DFE1E4B186807F1180100234FF4D9
:10E0A0007A720EF0A7FF194B186897F87F300C337F
:10E0B0005B00012202FA03F31A46002300930123B6
:10E0C000002111F01BFAD7E2104B186897F87F3047
:10E0D0005B000133012202FA03F31A460023009386
:10E0E0000123002111F00AFAC6E2084B186897F8DC
:10E0F0007F305B00012202FA03F31A4600230093EB
:10E100000123002111F0FAF9B6E200BF381C00200B
:10E11000581C0020CC190020A94B186897F87F30B4
:10E1200004335B00012202FA03F31A460023009332
:10E130000123002111F0E2F9FB79012B1FD1A04B43
:10E1400018680023009301234FF40032002111F0DE
:10E15000D5F99C4B01221A709B4B18680023009341
:10E1600003230422002111F0C9F9984B18680023F9
:10E17000009303230122002111F0C0F905E0FB798F
:10E18000002B02D18F4B00221A703B4603331846F6
:10E19000FCF7F0FB70E2BB780D2B15D1884B1868AB
:10E1A00097F87F3004335B00012202FA03F31A462A
:10E1B000002300930123002111F0A0F93B46033313
:10E1C0001846FEF785FF57E27D4B186897F87F30B9
:10E1D00004335B000133012202FA03F31A460023E1
:10E1E00000930123002111F089F945E2744B18686E
:10E1F00097F87F3004335B0001229A4097F87F3014
:10E200000E335B00012101FA03F313431A46002386
:10E2100000930323002111F071F96D4B186800235E
:10E22000009303234022002111F068F9694B18681C
:10E230000023009301230122002111F05FF9634BB9
:10E2400018680023009303230222002111F056F9DD
:10E25000614B18680023009303230222002111F070
:10E260004DF95E4B1868002300930323022200211E
:10E2700011F044F95A4B186800230093032302223B
:10E28000002111F03BF9574B18680023009303233A
:10E290000222002111F032F94B4B18680023009341
:10E2A00003230422002111F029F9E5E1444B186809
:10E2B00097F87F3004335B000133012202FA03F345
:10E2C0001A46002300930123002111F017F9D3E12E
:10E2D0003B78CE2B40F0BA817B78AA2B00F094815A
:10E2E000AA2BC0F2A181FF2B00F39E81F02BC0F27C
:10E2F0009B81F03B0F2B00F2978101A252F823F093
:10E3000041E30008E9E300088FE40008D1E40008D5
:10E3100027E5000829E6000829E6000829E60008A4
:10E3200029E6000829E6000829E6000829E6000891
:10E3300029E6000829E6000829E60008E7E50008C4
:10E340001F4B186897F87F3004335B00012202FAF4
:10E3500003F31A46002300930123002111F0CEF8A5
:10E36000FB79012B1FD1164B186800230093012362
:10E370004FF40032002111F0C1F8124B01221A7043
:10E38000114B18680023009303230422002111F08D
:10E39000B5F80E4B186800230093032301220021D7
:10E3A00011F0ACF805E0FB79002B02D1054B0022FF
:10E3B0001A703B4603331846FCF7DCFA5CE100BFF9
:10E3C000381C002075020020C41C0020C81C00203E
:10E3D000C01C0020CC1C00203C2200204022002039
:10E3E000442200208C160020BB78082B3DD1A44B82
:10E3F000186897F87F3004335B00012202FA03F3B8
:10E400001A46002300930123002111F077F8FB78CE
:10E410001A063B791B041A437B791B021343BA7912
:10E420001343BB67FB791A063B7A1B041A437B7ABA
:10E430001B021343BA7A13437B67796FB86FF5F702
:10E4400049FC0346FB7407F1180307F1130101228D
:10E45000E220F5F77CFC8B4B186807F118010023CC
:10E460004FF47A720EF0C6FD06E1854B186897F8F6
:10E470007F3004335B000133012202FA03F31A46B2
:10E48000002300930123002111F038F8F4E07C4BC5
:10E49000186897F87F3004335B00012202FA03F317
:10E4A0001A46002300930123002111F027F807F1F9
:10E4B000180300220021E020F5F749FC714B186891
:10E4C00007F1180100234FF47A720EF093FDD3E0A8
:10E4D000BB780D2B15D16A4B186897F87F30043341
:10E4E0005B00012202FA03F31A4600230093012382
:10E4F000002111F003F83B4603331846FEF7E8FD10
:10E50000BAE05F4B186897F87F3004335B00013343
:10E51000012202FA03F31A4600230093012300218B
:10E5200010F0ECFFA8E0564B186897F87F300433E2
:10E530005B0001229A4097F87F300E335B00012187
:10E5400001FA03F313431A46002300930323002127
:10E5500010F0D4FF4C4B1868002300930323402293
:10E56000002110F0CBFF494B1868002300930123D2
:10E570000122002110F0C2FF454B186800230093D0
:10E5800003230222002110F0B9FF424B1868002338
:10E59000009303230222002110F0B0FF3E4B1868C5
:10E5A0000023009303230222002110F0A7FF3B4B1E
:10E5B00018680023009303230222002110F09EFF1D
:10E5C000374B18680023009303230222002110F028
:10E5D00095FF344B18680023009303230422002185
:10E5E00010F08CFF48E0264B186897F87F305B00EE
:10E5F0000133012202FA03F31A4600230093012398
:10E60000002110F07BFF37E01D4B186897F87F3032
:10E610005B00012202FA03F31A4600230093012350
:10E62000002110F06BFF27E0154B186897F87F303A
:10E6300004335B000133012202FA03F31A4600237C
:10E6400000930123002110F059FF15E00C4B1868CE
:10E6500097F87F3004335B00012202FA03F31A4675
:10E66000002300930123002110F048FF04E000BFC5
:10E6700002E000BF00E000BF00BF8437BD4690BD90
:10E68000381C0020501C0020C01C0020CC1C002086
:10E69000C81C00203C2200204022002044220020F0
:10E6A0008C160020C41C002080B588B000AF7860B4
:10E6B000114B1B6818460FF0DFF8F86113E00E4BA2
:10E6C0001B6807F10C014FF0FF3218460EF0F2FE06
:10E6D0000346012B04D107F10C030FCBFEF708FE14
:10E6E000FB69013BFB61FB69002BE8D14FF4FA7039
:10E6F0000FF0A8FCDCE700BF481C002090B585B0F7
:10E7000000AF78602A4B1B684FF0FF3118460EF0BF
:10E71000B3FF0023FB73274B274A02F2CD54206836
:10E720006168A26807C3A289A17B1A800A469A7011
:10E7300013222049214814F0B5FA03461A46204B0B
:10E740001A701F4B1B781B49184600F08BFD1C4BA1
:10E750001B78002B05D00A200FF074FCFB7B0133E3
:10E76000FB73FB7B032B03D8154B1B78002BDFD1EE
:10E77000104B012283F860220023BB6006E0796819
:10E780000C4800F01FF8BB680133BB60BB68172B57
:10E79000F5DD0A4815F02CF8054B18680023002217
:10E7A00000210EF027FC00BF1437BD4690BD00BF0E
:10E7B000EC21002098270020901E0164CC27002027
:10E7C000B022002080B584B000AF786039604FF48B
:10E7D000FF73FB607B68012283F83020786800F0CB
:10E7E000CBFC7B6803F134000E4BFA68396814F0F7
:10E7F0000CFE03461A460C4B1A700B4B1B787968BB
:10E80000184600F02FFD084B1B78002B05D1064B56
:10E810001B787968184600F025FD00BF1037BD460B
:10E8200080BD00BFB4220020B022002090B585B08A
:10E8300000AF7860304B1B684FF0FF3118460EF088
:10E840001BFF2E4B2E4A02F2CD5420686168A2684D
:10E8500007C3A289A17B1A800A469A700122274920
:10E86000284814F01FFA03461A46274B1A70264B05
:10E870001B782249184600F0F5FC234B1B78002B2F
:10E880002ED10023FB8114E0FA8913461B029B1A48
:10E890005B001A467B6899181C4B4FF4FF721948AD
:10E8A00014F074FC03461A46174B1A70FB890133A7
:10E8B000FB81FB89172BE7D9124814F099FF0F4B06
:10E8C00000225A630D494FF000024FF00003C1E9E6
:10E8D00006230A494FF000024FF00003C1E9082364
:10E8E000054B18680023002200210EF083FB00BFB7
:10E8F0001437BD4690BD00BFEC21002098270020B2
:10E90000901E0164CC270020B0220020B8220020F5
:10E9100090B5ADF5057D02AF0023C7F804323B1D6D
:10E920004FF4007200924FF4004202216C4815F03F
:10E9300043FA03461A466B4B1A706B4A6B4B1046F0
:10E94000194640F2DC531A461AF0A3FF684B002226
:10E950001A70684B01221A80674B00221A70674BAD
:10E9600001221A80664B00225A6165494FF000026D
:10E970004FF00003C1E9062361494FF000024FF058
:10E980000003C1E908235F4B00225A615D494FF043
:10E9900000024FF00003C1E906235A494FF000027C
:10E9A0004FF00003C1E90823554B002283F83020C3
:10E9B00053494FF000024FF00003C1E90A23514BC5
:10E9C000002283F830204F494FF000024FF000033F
:10E9D000C1E90A2364200FF035FB012240494A486F
:10E9E00014F01CF903461A463E4B1A7064200FF0CF
:10E9F00029FB3C4B1B784249184600F033FCD7F802
:10EA000004320133C7F80432364B1B78002B03D095
:10EA1000D7F80432032BDDDD324B1B78002B55D1A8
:10EA2000374A314B14460FCB07C4238002341B0CEA
:10EA3000237032223249354814F034F903461A461D
:10EA4000284B1A70274B1B78002B04D12C4B01222A
:10EA500083F8602203E02A4B002283F86022214BD6
:10EA60001B782749184600F0FDFB264A1E4B14462A
:10EA70000FCB07C4238002341B0C237031222149A1
:10EA8000234814F00FF903461A46164B1A70154B1B
:10EA90001B78002B04D11B4B012283F8602203E07A
:10EAA000184B002283F860220E4B1B78154918463C
:10EAB00000F0D8FB174B1B784FF4FF72194616482D
:10EAC0001AF017F81448FFF719FE04E0134B01225F
:10EAD0001A7000F02FFC00BF07F50377BD4690BD0C
:10EAE00068C20208B0220020901E0164B4CA020865
:10EAF000002A0020042A0020012A0020022A0020E7
:10EB0000C82200203025002000000020FC22002028
:10EB1000642500208A020020901C0164BC22002091
:10EB200080B582B000AF00237B6001224149002004
:10EB300014F074F864200FF085FA01223D493E4834
:10EB400014F06CF803461A463C4B1A7064200FF020
:10EB500079FA3A4B1B783A49184600F083FB7B68F8
:10EB600001337B60354B1B78002B02D07B68032B75
:10EB7000E0DD324B1B78002B52D1324B1B781A460A
:10EB800013461B019B1A304A13440F2219462C4886
:10EB90001AF07FFE32222A492C4814F083F80346EB
:10EBA0001A46264B1A70254B1B78002B04D1244B98
:10EBB000012283F8602203E0214B002283F86022C7
:10EBC0001E4B1B781E49184600F04CFB204B1B784F
:10EBD0001A4613461B019B1A1B4A13440F2219465F
:10EBE0001C481AF056FE31221A491B4814F05AF8F4
:10EBF00003461A46114B1A70104B1B78002B04D198
:10EC0000144B012283F8602203E0124B002283F8A8
:10EC100060220A4B1B780F49184600F023FB04E0E2
:10EC20000E4B01221A7000F085FB00BF0837BD466D
:10EC300080BD00BF68C2020800000020B022002092
:10EC4000C8220020002A0020901E0164FC2200201F
:10EC5000012A00203025002064250020BC2200204D
:10EC6000B0B584B000AF7860404B1B684FF0FF3107
:10EC700018460EF001FD0023FB6079683C4800F067
:10EC80003DF93B4BD3E908013A4B1B889BB200226C
:10EC90001C46154622462B46F2F756F802460B460E
:10ECA00013467B817B8947F61812934245D9304839
:10ECB00000F02AFB304B1B780133DAB22E4B1A706E
:10ECC0000A200FF0BFF92C4B1B781A4613461B0184
:10ECD0009B1A2A4A13440F22194625481AF0D9FDD7
:10ECE00033222349264813F0DDFF03461A46254BFD
:10ECF0001A70244B1B78002B04D11D4B012283F882
:10ED0000602203E01A4B002283F860221D4B1B781F
:10ED10001749184600F0A6FA174B1B78622B05D14D
:10ED2000FB680133FB60144B00221A70FB68032B55
:10ED300003D0144B1B78002BBCD10F4B1B78622BDC
:10ED400008D10D4B00221A700A4B1B8801339AB26E
:10ED5000084B1A80054B18680023002200210EF092
:10ED600049F900BF1037BD46B0BD00BFEC210020FF
:10ED7000C8220020042A0020002A0020901E0164DE
:10ED8000FC220020B0220020B0B584B000AF786033
:10ED9000514B1B684FF0FF3118460EF06DFC0023FD
:10EDA0007B810023FB604D4BD3E906014C4B1B8854
:10EDB0009BB200221C46154622462B46F1F7C4FFA3
:10EDC00002460B4613467B817B8947F61812934215
:10EDD0000FD8424BD3E90601424BD3E908239942AD
:10EDE00008BF90425CD1404B1A78404B1B789A4246
:10EDF00056D13A4800F088FAC8200FF023F9374975
:10EE00004FF000024FF00003C1E9062333494FF0F1
:10EE100000024FF00003C1E90823344B1B78013393
:10EE2000DAB2324B1A700A200FF00CF92F4B1B7814
:10EE30001A4613461B019B1A2D4A13440F221946EA
:10EE400026481AF026FD312224492A4813F02AFFC9
:10EE500003461A46284B1A70274B1B78002B04D107
:10EE60001E4B012283F8602203E01C4B002283F832
:10EE70006022214B1B781949184600F0F3F91B4B0F
:10EE80001B78622B05D1FB680133FB60174B002216
:10EE90001A70FB68032B03D0174B1B78002BABD1E8
:10EEA000124B1B78622B08D1104B00221A700C4BAE
:10EEB0001B8801339AB20A4B1A807968074800F020
:10EEC000D1F8054B18680023002200210EF092F8BB
:10EED00000BF1037BD46B0BDEC210020302500201A
:10EEE000022A0020C8220020002A0020012A002037
:10EEF000901E016464250020B02200202DE9B0435B
:10EF000082B000AF78603960324B012283F8302044
:10EF1000786800F031F97B6803F134027B681B6C80
:10EF20001946104614F084FC03461A462A4B1A7000
:10EF3000294B1B787968184600F094F9264B1B780A
:10EF4000002B41D17B6803F13400244BD3E900232B
:10EF5000234B396814F059FA03461A461E4B1A70AF
:10EF60001D4B1B787968184600F07CF91A4B1B780A
:10EF7000002B21D11A4B1B687968184600F092F9D2
:10EF80007B68D3E90A23541C43F100057B68C3E97D
:10EF90000A457B68D3E90A230B2A73F100030BD3DC
:10EFA0007B683433184614F0A5FB79684FF00002F3
:10EFB0004FF00003C1E90A237B681B6C00229846CE
:10EFC00091467B68C3E9088900BF0837BD46BDE8A4
:10EFD000B08300BF30250020B0220020980200201E
:10EFE000B422002080B582B000AF78607B689A6C54
:10EFF0007B681B6C9A420CBF01230023DAB2174BCB
:10F000001A70174B1B787968184600F02BF9134BD0
:10F010001B78002B1DD0786800F076F97B681846C5
:10F0200014F00FFE0D4B00221A7064200FF00AF846
:10F030007B68343379683322184613F033FE034675
:10F040001A46074B1A70064B1B787968184600F071
:10F0500009F900BF0837BD4680BD00BFBD220020B2
:10F06000B02200202DE9B04382B000AF7860396053
:10F070007B6893F83030002B25D03B4814F03AFBE6
:10F08000786800F041F97B683433796801221846CA
:10F0900013F008FE03461A46344B1A70334B1B78A4
:10F0A0007968184600F0DEF87B68012283F8602258
:10F0B0007B68002283F8302079684FF000024FF01F
:10F0C0000003C1E90A237B681B6C00229846914625
:10F0D0007B68C3E90889786800F04EF87B6803F123
:10F0E00034007B68D3E906231346194614F0A0FBCD
:10F0F00003461A461D4B1A701C4B1B78796818463C
:10F1000000F0B0F8194B1B78002B28D17B6803F175
:10F110003400174BD3E90023164B396814F036F846
:10F1200003461A46114B1A70104B1B787968184623
:10F1300000F098F80D4B1B78002B10D17B689B6C6E
:10F1400000221C4615467B68C3E90645094B1B682F
:10F150007968184600F0A6F87868FFF743FF00BF0B
:10F160000837BD46BDE8B083FC220020B022002055
:10F1700098020020B822002080B58AB002AF7860E3
:10F180007B685B69032B51DD786800F0BDF87B6814
:10F19000184614F056FD2C4B1B781A4613461B01DB
:10F1A0009B1A2A4A13442A49184619F0B7FC034609
:10F1B000FB61254B1B781A4613461B019B1A234AF9
:10F1C0001A44244B1B6807F1080000931346FA69A0
:10F1D000214919F029FC7B6807F1080211461846FD
:10F1E0001AF04FFB79684FF000024FF00003C1E9BD
:10F1F000082379684FF000024FF00003C1E90623AD
:10F20000144B1B680133134A13607B6834337968ED
:10F210003322184613F046FD03461A460F4B1A7068
:10F220000E4B1B787968184600F01CF87B685B6908
:10F23000062B04DD0A4B01221A7000F07BF800BF98
:10F240002037BD4680BD00BF002A0020901E01640B
:10F250006CC20208C022002070C20208B022002046
:10F26000BC22002080B483B000AF03463960FB713C
:10F27000FB79002B08D00A4B01221A703B685B69AE
:10F280005A1C3B685A6105E0054B00221A703B6826
:10F2900000225A6100BF0C37BD465DF8047B704701
:10F2A000BF22002080B483B000AF786039607B68F3
:10F2B0002D2B15D03B689A6C3B681B6C9A4206D18B
:10F2C0000F4B00221A703B6800225A6111E00C4B70
:10F2D00001221A703B685B695A1C3B685A6108E05E
:10F2E000074B00221A70074B00221A603B6800226D
:10F2F0005A6100BF0C37BD465DF8047B704700BF04
:10F30000BE220020B822002080B582B000AF786015
:10F310007B6893F86032002B08D07B683433184642
:10F3200014F066FA7B68002283F8602200BF083779
:10F33000BD4680BD98B500AF01225049002013F0B2
:10F340006DFC4F4808F0D2FC4E4B5B6A4D4A43F4CB
:10F35000006353620A200EF075FE4A4B5B6A494A0D
:10F3600023F4006353620A200EF06CFE444808F058
:10F370000DFC0346002B03D0434B01221A707CE0A6
:10F3800064200EF05FFE01223C49404813F046FC29
:10F3900003461A463E4B1A703D4B1B78002B52D148
:10F3A000394B00221A703B4A3B4B14460FCB07C423
:10F3B000238002341B0C237032223649374813F065
:10F3C00071FC03461A46324B1A70314B1B78002BE6
:10F3D00004D1304B012283F8602203E02D4B002240
:10F3E00083F860222A4B1B782A491846FFF73AFF18
:10F3F0002B4A294B14460FCB07C4238002341B0C25
:10F40000237031222649274813F04CFC03461A4644
:10F410001F4B1A701E4B1B78002B10D1204B012262
:10F4200083F860221A4B1B78002B10D11C4BD3E9B8
:10F430000623134619461B4814F0FAF907E0124B4D
:10F4400001221A7003E0164B002283F86022164B4B
:10F45000114A02F2CD5420686168A26807C3A289EC
:10F46000A17B1A800A469A7013220F490F4813F0A5
:10F4700019FC03461A46064B1A7098BD68C202086A
:10F480003006002000380240BC220020000000208E
:10F49000B0220020C8220020901E0164FC2200201F
:10F4A000302500206425002098270020CC2700204C
:10F4B00080B584B000AF78604B4B00221A764A4B7F
:10F4C00000221A74484B00225A61484B00221A76D7
:10F4D000464B00221A74454B00225A61444B1B686C
:10F4E00018460EF0C9F9F86026E0414B1B684FF052
:10F4F000FF32404918460DF0DDFF0346012B1BD1BA
:10F500003C4B1B7819463948F4F742FDFB68013B38
:10F51000FB60364B1B7E002B0ED000F07CF8CE2219
:10F5200035493248F4F724FE344B186800234FF075
:10F53000FF3231490DF05EFDFB68002BD5D1304B19
:10F540001B6818460EF098F9F86025E02C4B1B68F4
:10F550004FF0FF32274918460DF0ACFF0346012B50
:10F560001AD1244B1B7819461F48F4F711FDFB688C
:10F57000013BFB601C4B1B7E002B0DD000F044F8C0
:10F580001D491948F4F77BFE1C4B186800234FF007
:10F59000FF3219490DF02EFDFB68002BD6D1194B17
:10F5A0001B6818460EF068F9F86012E0154B1B68EE
:10F5B0004FF0FF320F4918460DF07CFF0346012B38
:10F5C00004D10C4B1B781846F8F734FEFB68013B5E
:10F5D000FB60FB68002BE9D14FF0FF3201210020D6
:10F5E0000FF080FE7AE700BF2C160020481600209E
:10F5F0003C1C0020062A00201C160020481C00206D
:10F60000401C0020441C002080B400AF00BFBD4659
:10F610005DF8047B704780B400AF00BFBD465DF865
:10F62000047B704780B582B000AF78607B6804339C
:10F63000184601F0E8FF7B682833184601F0E3FF25
:10F640007B686A4A5A607B68694A9A607B68694A43
:10F65000DA607B68664A1A617B68674A5A617B6830
:10F66000664A9A617B68634ADA617B68634A1A6218
:10F670007B68634A5A627B681A1D7B682833194687
:10F68000104602F036FC7B68022283F84C207B682F
:10F690009033184601F07FFE7B68CC33184601F0AA
:10F6A0007AFE7B68D833184601F075FE7B689C3380
:10F6B000184602F07EFC7B68BC33184602F079FCE9
:10F6C0007B68AC33184602F074FC7B68E433184660
:10F6D00001F0C2FF7B6803F5BA73184601F0BCFF66
:10F6E0007B6803F50173184601F0B6FF7B6803F1F0
:10F6F000E4027B68E43319469FED420A104602F0AB
:10F7000046F87B6803F5BA727B6803F5BA7319464D
:10F710009FED3C0A104602F03AF87B6803F501724F
:10F720007B6803F5017319469FED360A104602F017
:10F730002EF87B6803F58473184601F064FF7B683C
:10F7400003F59673184601F05EFF7B6803F5CC73F2
:10F75000184601F058FF7B6803F5A873184601F0BE
:10F7600052FF7B6803F5DE73184601F04CFF7B689F
:10F7700003F5F073184601F046FF7B6850331846D6
:10F7800001F009FE7B687033184601F004FE7B68C7
:10F790005C33184601F0FFFD7B687C33184601F0AE
:10F7A000FAFD7B684FF07C529A667B684FF07C5282
:10F7B000C3F888207B68144ADA667B68134AC3F86A
:10F7C0008C207B68124AC3F828227B68104AC3F851
:10F7D0002C227B680F4AC3F830227B6807221A600C
:10F7E000002318460837BD4680BD00BFE7A90E3D7F
:10F7F000AACA30362B732939554D103D4DC21B38DE
:10F80000E52B013CCDCCCC3DACC5A736ACC52737EC
:10F8100017B7D1386F12833A80B586B000AF7861E0
:10F820003961FA60BB6087ED010A7B695033396941
:10F83000184601F099FD7B695C33F968184601F0C0
:10F8400093FD7B697033B968184601F08DFD7B69C3
:10F850007C33396A184601F087FD7B6950331846BE
:10F8600001F08FFE7B695C33184601F08AFE7B69EC
:10F870007033184601F085FE7B697C33184601F031
:10F8800080FE7B699033796A184601F06DFD7B69D3
:10F8900003F190021D4BD3ED007A7B69903319463A
:10F8A000B0EE670A104601F0B9FD7B691B6803F0F2
:10F8B0000103002B07D0786901F00BFA0346002BF7
:10F8C00001D001231EE07B691B6803F00203002BBB
:10F8D00007D0786901F0D0FA0346002B01D002234B
:10F8E00010E07B691B6803F00403002B09D097ED3F
:10F8F000010A786900F036F90346002B01D0042391
:10F9000000E0002318461837BD4680BDA002002045
:10F9100080B584B000AFF860B9607A603B60F86889
:10F92000FFF780FEFB685033B968184601F01CFDF4
:10F93000FB685C337968184601F016FDFB6870338C
:10F940003968184601F010FDFB687C33B969184628
:10F9500001F00AFDFB685033184601F012FEFB6807
:10F960005C33184601F00DFEFB687033184601F059
:10F9700008FEFB687C33184601F003FEFB689033F9
:10F98000F969184601F0F0FCFB6803F19002194B8D
:10F99000D3ED007AFB6890331946B0EE670A104643
:10F9A00001F03CFDFB6803F19002FB68CC33194683
:10F9B000104601F011FEF86801F08BF90346002BA8
:10F9C00001D0012312E0FB6803F1BC02FB689C3309
:10F9D0001946104602F039FFFB6803F1BC02FB68D0
:10F9E000AC331946104602F030FF0023184610379A
:10F9F000BD4680BDA002002080B582B000AF786017
:10FA00003960574B1B68002B00F0A480544B1B68D7
:10FA10004FF0FF3118460DF02FFE3B681B781A4659
:10FA20007B681A603B6804331B781A063B68033313
:10FA30001B781B041A433B6802331B781B021A43D2
:10FA40003B6801331B7819467B6803F50A730A4348
:10FA50001A603B6808331B781A063B6807331B782B
:10FA60001B041A433B6806331B781B021A433B688E
:10FA700005331B7819467B6803F50B730A431A603C
:10FA80003B680C331B781A063B680B331B781B044E
:10FA90001A433B680A331B781B021A433B6809333D
:10FAA0001B7819467B6803F50C730A431A603B68A0
:10FAB00010331B781A063B680F331B781B041A435C
:10FAC0003B680E331B781B021A433B680D331B78CF
:10FAD00019467B686C330A431A603B6814331B7801
:10FAE0001A063B6813331B781B041A433B68123316
:10FAF0001B781B021A433B6811331B7819467B683D
:10FB00008C330A431A603B6818331B781A063B682B
:10FB100017331B781B041A433B6816331B781B02F0
:10FB20001A433B6815331B7819467B6868330A43D0
:10FB30001A607B68D3ED1A7AB7EE007A77EE677AAF
:10FB40007B68C3ED227A064B18680023002200214F
:10FB50000DF050FA002318460837BD4680BD00BF9F
:10FB600014220020B0B5ADF56A7D02AF07F56873C9
:10FB7000A3F56773186007F56873A3F5687383EDE1
:10FB8000000A07F56873A3F567731A6807F55A73D7
:10FB9000CC3207CA83E8070007F56873A3F56773DB
:10FBA0001A6807F55773D83207CA83E8070007F5C4
:10FBB0006873A3F567731B68181D07F56873A3F5D1
:10FBC00067731B68CC3307F56372194601F054FE66
:10FBD00007F56873A3F567731B68CC3307F560728C
:10FBE00007F56371184601F06CFCD7EDE07AF1EE91
:10FBF000677AC7EDE07AD7EDE17AF1EE677AC7ED83
:10FC0000E17AD7EDE27AF1EE677AC7EDE27A07F5AD
:10FC10006873A3F567731B68283307F55D7207F5F2
:10FC20006071184601F028FE97EDDA7AD7EDDD6AAB
:10FC300007F56873A3F56873D3ED007A66EEA77ACB
:10FC400077EE277AC7EDDA7A97EDDB7AD7EDDE6AC1
:10FC500007F56873A3F56873D3ED007A66EEA77AAB
:10FC600077EE277AC7EDDB7A97EDDC7AD7EDDF6A9E
:10FC700007F56873A3F56873D3ED007A66EEA77A8B
:10FC800077EE277AC7EDDC7A07F56873A3F567731B
:10FC90001B6803F19C0007F56873A3F567731B6885
:10FCA000CC3307F55372194602F0ABFA07F56873C7
:10FCB000A3F567731B6893ED277AD7EDD36A07F531
:10FCC0006873A3F56873D3ED007A66EEA77A77EED2
:10FCD000677AC7EDCF7A07F56873A3F567731B687A
:10FCE00093ED287AD7EDD46A07F56873A3F56873A6
:10FCF000D3ED007A66EEA77A77EE677AC7EDD07A11
:10FD000007F56873A3F567731B6893ED297AD7ED40
:10FD1000D56A07F56873A3F56873D3ED007A66EECC
:10FD2000A77A77EE677AC7EDD17A07F56873A3F5FE
:10FD300067731B6893ED2A7AD7EDD66A07F5687367
:10FD4000A3F56873D3ED007A66EEA77A77EE677A4B
:10FD5000C7EDD27A07F54F73184602F044F907F55C
:10FD60004673184601F078FC07F53D7207F563739A
:10FD70001146184602F082F807F56873A3F5677319
:10FD80001B68CC3307F534721146184602F076F83A
:10FD900007F56873A3F567731B68191D07F5EA7209
:10FDA00007F53473184601F0D0FD07F5EA7207F540
:10FDB000EA7107F53D73184601F0A7FC07F5687373
:10FDC000A3F567731B68283307F52B7207F5EA71F3
:10FDD000184601F0BAFD07F52B7107F56873A3F516
:10FDE000687307F52B7293ED000A104601F0CFFC03
:10FDF00007F52B7207F52B7107F54673184601F0CE
:10FE000042FC07F5227107F56873A3F5687307F5DF
:10FE1000347293ED000A104601F0B9FC07F5227226
:10FE200007F5227107F54673184601F06EFC07F5D9
:10FE30006873A3F567731B6803F1280207F519714E
:10FE400007F56873A3F5687393ED000A104601F097
:10FE50009EFC07F5EA7207F522731146184601F079
:10FE6000D0FC07F56873A3F567731B6803F1E40121
:10FE700007F5107207F52B73184601F066FD07F5BC
:10FE80006873A3F567731B6803F5847307F507723E
:10FE900007F5EA71184601F058FD07F56873A3F5F8
:10FEA00067731B6803F5BA7107F5FC7207F52273D7
:10FEB000184601F04AFD07F5EA7207F52B73114663
:10FEC000184601F09EFC07F5C67207F5EA7107F5C2
:10FED0001073184601F039FD07F5EA7207F519733A
:10FEE0001146184601F08DFC07F5D87207F5EA7146
:10FEF00007F51973184601F028FD07F56873A3F597
:10FF000067731B68D3ED8A7A07F5D87207F5D87343
:10FF10001146B0EE670A184601F039FC07F5C672C3
:10FF200007F5D87107F5C673184601F0ACFB07F565
:10FF3000B47107F56873A3F5687307F5107293ED54
:10FF4000000A104601F023FC07F5EA7207F5077175
:10FF500007F52B73184601F0F8FC07F5B47207F5A6
:10FF6000EA7107F5B473184601F08DFB07F5687365
:10FF7000A3F567731B6803F5967107F5A27207F581
:10FF80002B73184601F0E1FC07F56873A3F567735E
:10FF90001B6803F1E40207F56873A3F56873D3EDFA
:10FFA000007A67EEA77A07F590731946B0EE670AF4
:10FFB000104601F0ECFB07F56873A3F567731B6847
:10FFC00003F5A87207F5EA7107F56873A3F568737E
:10FFD00093ED000A104601F0DAFB07F5907207F581
:10FFE000EA7107F59073184601F04DFB07F5EA71C9
:10FFF00007F56873A3F5687307F5077293ED000AB8
:020000040801F1
:10000000104601F0C4FB07F5907207F5EA7107F599
:100010009073184601F037FB07F5EA7207F5227373
:100020001146184601F0EDFB07F5D87207F5EA71A5
:1000300007F5FC73184601F088FC07F5907207F588
:10004000D87107F59073184601F01DFB07F568732A
:10005000A3F567731B6803F5967207F1FC0107F5BA
:100060006873A3F5687393ED000A104601F08FFBE7
:1000700007F56873A3F567731B6803F5CC7107F583
:10008000EA7207F52273184601F05FFC07F1FC02E3
:1000900007F5EA7107F1FC03184601F0F4FA07F5D9
:1000A0006873A3F5327207F56873A3F567731B686D
:1000B000154603F501740FCC0FC50FCC0FC523688F
:1000C0002B6007F56873A3F56873D3ED007A27EE0C
:1000D000A77A07F56873A3F567731B68D3ED8B7A6E
:1000E00067EE277A07F56873A3F5E673C3ED007A28
:1000F00007F56873A3F5E6734FF000025A6007F541
:100100006873A3F5E6734FF000029A6007F5687311
:10011000A3F5E6734FF00002DA6007F56873A3F504
:100120006873D3ED007A27EEA77A07F56873A3F515
:1001300067731B68D3ED8B7A67EE277A07F56873D0
:10014000A3F5E673C3ED047A07F56873A3F5E673C8
:100150004FF000025A6107F56873A3F5E6734FF09C
:1001600000029A6107F56873A3F5E6734FF0000289
:10017000DA6107F56873A3F56873D3ED007A27EEAB
:10018000A77A07F56873A3F567731B68D3ED8B7ABD
:1001900067EE277A07F56873A3F5E673C3ED087A6F
:1001A00007F1D80207F5EA7107F1D803184601F004
:1001B0006AFA07F56873A3F567731B6807F5687239
:1001C000A2F5057203F1E40415460FCD0FC40FCD5F
:1001D0000FC42B68236007F56873A3F567731B686A
:1001E00007F56872A2F50E7203F5847415460FCDFB
:1001F0000FC40FCD0FC42B68236007F56873A3F5F8
:1002000067731B6807F56872A2F5177203F5967499
:1002100015460FCD0FC40FCD0FC42B68236007F513
:100220006873A3F567731B6807F56872A2F52072FF
:1002300003F5BA7415460FCD0FC40FCD0FC42B684C
:10024000236007F56873A3F567731B6807F5687289
:10025000A2F5297203F5CC7415460FCD0FC40FCD4E
:100260000FC42B68236007F56873A3F567731B68D9
:1002700007F56872A2F5327203F5017415460FCDC9
:100280000FC40FCD0FC42B68236007F56873A3F567
:1002900067731B6803F5847207F56873A3F56773CA
:1002A0001B6803F5A8731946104601F0AAFA07F572
:1002B0006873A3F567731B6803F5967207F5687397
:1002C000A3F567731B6803F5DE731946104601F04A
:1002D00098FA07F56873A3F567731B6803F5CC728A
:1002E00007F56873A3F567731B6803F5F073194688
:1002F000104601F086FA07F56873A3F567731B686B
:1003000003F19C0407F54F730FCB84E80F0007F54A
:100310006873A3F567731B68CC3307F55A7207CA75
:1003200083E8070007F56873A3F567731B68D83384
:1003300007F5577207CA83E8070007F56873A3F546
:1003400067731B6893ED247A07F56873A3F56773E9
:100350001B68D3ED337A37EE677A07F56873A3F538
:1003600067731B68D3ED367A77EE677A07F56873A3
:10037000A3F53573C3ED007A07F56873A3F56773CA
:100380001B6893ED257A07F56873A3F567731B68FF
:10039000D3ED347A37EE677A07F56873A3F56773A0
:1003A0001B68D3ED377A77EE677A07F56873A3F5A4
:1003B0003573C3ED017A07F56873A3F567731B689E
:1003C00093ED267A07F56873A3F567731B68D3ED81
:1003D000357A37EE677A07F56873A3F567731B689C
:1003E000D3ED387A77EE677A07F56873A3F535733E
:1003F000C3ED027A07F1A803184601F02DF907F1C1
:100400008403184601F0FFF807F16003184601F075
:1004100023F907F13C03184601F0F5F807F5687376
:10042000A3F567731B68D3F8302207F56873A3F54B
:1004300059731A6007F56873A3F567731B68D3F8DF
:10044000302207F56873A3F559731A6107F56873CD
:10045000A3F567731B68D3F8302207F56873A3F51B
:1004600059731A6207F1840407F1A80207F1CC015D
:1004700007F56873A3F5677007F13C03019307F173
:10048000600300932346006800F0C1F80346002B88
:1004900001D00423B6E007F1A803184601F0B3F831
:1004A00007F16003184601F0AEF80023C7F89C334B
:1004B0009AE007F56873A3F56772D7F89C335B0180
:1004C0004833126813440833C7F8983307F5687344
:1004D000A3F567731B689C3307F118021146184691
:1004E00001F029FFD7F8981307F10C0207F1180360
:1004F000184601F0C1F9D7F8983393ED037A07F560
:100500006873A3F56573D3ED007A77EE677A07F524
:100510006873A3F53573C3ED007AD7F8983393ED7C
:10052000047A07F56873A3F56573D3ED017A77EE66
:10053000677A07F56873A3F53573C3ED017AD7F8C9
:10054000983393ED057A07F56873A3F56573D3EDDA
:10055000027A77EE677A07F56873A3F53573C3ED12
:10056000027A07F1840207F10C031146184601F0E4
:1005700085FC07F13C03184601F045F8D7F898339D
:10058000DA6907F56873A3F559731A60D7F89833D9
:10059000DA6907F56873A3F559731A61D7F89833C8
:1005A000DA6907F56873A3F559731A6207F18404D1
:1005B00007F1A80207F1CC0107F56873A3F567708E
:1005C00007F13C03019307F16003009323460068A1
:1005D00000F01DF80346002B01D0042312E0D7F8E9
:1005E0009C330133C7F89C3307F56873A3F5677331
:1005F0001B6893F84C301A46D7F89C339342FFF4AB
:1006000058AF0023184607F56877BD46B0BD90B5D2
:10061000ADF5197D00AF07F51874A4F515742060C9
:1006200007F51870A0F51670016007F51871A1F5AF
:1006300017710A6007F51872A2F51872136007F5B2
:100640000F7207F51873A3F517731146186801F0B8
:10065000D8F807F5067207F51873A3F51873114655
:10066000186801F0CEF807F5FA731946D7F870024A
:1006700001F0C7F807F51873A3F515731B6803F1AC
:10068000E40107F1440207F51873A3F5177318681E
:1006900001F05BF907F51873A3F515731B6803F5F3
:1006A000A87107F5E87207F51873A3F518731868B1
:1006B00001F04BF907F5E87207F5E87107F144031B
:1006C000184600F0E0FF07F51873A3F515731B68D3
:1006D00003F5DE7307F144021946D7F8700201F002
:1006E00034F907F5E87207F1440107F5E873184695
:1006F00000F0C9FF07F51873A3F515731B6803F520
:10070000847107F1440207F51873A3F5177318688D
:1007100001F01BF907F51873A3F515731B6803F5B2
:10072000BA7107F5D67207F51873A3F51873186830
:1007300001F00BF907F5D67207F5D67107F14403FE
:10074000184600F0A0FF07F51873A3F515731B6892
:1007500003F5F07307F144021946D7F8700201F06F
:10076000F4F807F5D67207F1440107F5D673184679
:1007700000F089FF07F51873A3F515731B6803F5DF
:10078000967107F1440207F51873A3F517731868FB
:1007900001F0DBF807F51873A3F515731B6803F573
:1007A000CC7107F5C47207F51873A3F518731868B0
:1007B00001F0CBF807F5C47207F5C47107F14403E3
:1007C000184600F060FF07F51873A3F515731B6852
:1007D00003F5017307F144021946D7F8700201F0DE
:1007E000B4F807F5C47207F1440107F5C47318465D
:1007F00000F049FF07F1F80207F50F7107F5E873FC
:10080000184601F0A2F807F1440207F5067107F552
:10081000D673184601F099F807F1F80207F1440180
:1008200007F1F803184600F02EFF07F1440207F520
:10083000FA7107F5C473184601F087F807F1F8025A
:1008400007F1440107F1F803184600F01CFF07F117
:10085000F80207F1F803D7F87412184600F013FFF6
:1008600007F1D40207F1F8031146184601F041FBE5
:100870000346002B01D0042326E207F5B27207F5E8
:10088000E8731146184600F0BCFF07F5A07207F5A3
:10089000D6731146184600F0B4FF07F58E7207F5BF
:1008A000C4731146184600F0ACFF07F1B00207F11F
:1008B000D40107F5B273184601F047F807F18C022E
:1008C00007F1D40107F5A073184601F03EF807F1CF
:1008D000680207F1D40107F58E73184601F035F868
:1008E00007F1380207F51873A3F5167307F1B00086
:1008F000196800F0C1FF07F12C0207F51873A3F582
:10090000167307F18C00196800F0B6FF07F120029A
:1009100007F51873A3F5167307F16800196800F05E
:10092000ABFF07F51873A3F515731B6893ED337AC6
:1009300007F51873A3F50A73D3ED007A77EE277ADB
:1009400007F51873A3F515731B68C3ED337A07F524
:100950001873A3F515731B6893ED347A07F51873B4
:10096000A3F50A73D3ED017A77EE277A07F51873AA
:10097000A3F515731B68C3ED347A07F51873A3F557
:1009800015731B6893ED357A07F51873A3F50A7391
:10099000D3ED027A77EE277A07F51873A3F515736E
:1009A0001B68C3ED357A07F51873A3F515731B683B
:1009B00093ED367A07F51873A3F51073D3ED007A2B
:1009C00077EE277A07F51873A3F515731B68C3ED47
:1009D000367A07F51873A3F515731B6893ED377A0C
:1009E00007F51873A3F51073D3ED017A77EE277A24
:1009F00007F51873A3F515731B68C3ED377A07F570
:100A00001873A3F515731B6893ED387A07F51873FF
:100A1000A3F51073D3ED027A77EE277A07F51873F2
:100A2000A3F515731B68C3ED387A07F51873A3F5A2
:100A300014734FF07E521A6007F51873A3F50D7307
:100A4000D3ED007ABEEE007A67EE877A07F5187369
:100A5000A3F51473C3ED017A07F51873A3F50D73AD
:100A6000D3ED017ABEEE007A67EE877A07F5187348
:100A7000A3F51473C3ED027A07F51873A3F50D738C
:100A8000D3ED027ABEEE007A67EE877A07F5187327
:100A9000A3F51473C3ED037A07F51873A3F5157363
:100AA0001B6803F19C0107F51873A3F515731B6808
:100AB00003F19C0207F11003184601F0F0FA07F564
:100AC0001873A3F515731B689C33184601F08BFA55
:100AD00007F1440207F5E87107F1B003184600F08A
:100AE00034FF07F51873A3F515731B6803F1E400D1
:100AF00007F51873A3F515731B6803F1E40207F1FA
:100B00004403194600F001FE07F1440207F5D671CF
:100B100007F1B003184600F018FF07F51873A3F5A6
:100B200015731B6803F5847007F51873A3F5157327
:100B30001B6803F5847207F14403194600F0E5FDD4
:100B400007F1440207F5C47107F1B003184600F03D
:100B5000FCFE07F51873A3F515731B6803F5967073
:100B600007F51873A3F515731B6803F5967207F163
:100B70004403194600F0C9FD07F1440207F5D67198
:100B800007F18C03184600F0E0FE07F51873A3F593
:100B900015731B6803F5BA7007F51873A3F5157381
:100BA0001B6803F5BA7207F14403194600F0ADFD66
:100BB00007F1440207F5C47107F18C03184600F0F1
:100BC000C4FE07F51873A3F515731B6803F5CC7005
:100BD00007F51873A3F515731B6803F5CC7207F1BD
:100BE0004403194600F091FD07F1440207F5C47172
:100BF00007F16803184600F0A8FE07F51873A3F57F
:100C000015731B6803F5017007F51873A3F51573C9
:100C10001B6803F5017207F14403194600F075FDE6
:100C200007F51873A3F515731B6803F5847207F5B0
:100C30001873A3F515731B6803F5A87319461046BE
:100C400000F0DFFD07F51873A3F515731B6803F5B6
:100C5000967207F51873A3F515731B6803F5DE7319
:100C60001946104600F0CDFD07F51873A3F515736E
:100C70001B6803F5CC7207F51873A3F515731B6891
:100C800003F5F0731946104600F0BBFD07F5187325
:100C9000A3F515731B68E433184601F0A9F807F5AE
:100CA0001873A3F515731B6803F5BA73184601F0A2
:100CB0009FF807F51873A3F515731B6803F5017307
:100CC000184601F095F80023184607F51977BD4638
:100CD00090BD80B5BCB000AF78607A6807F1E403DE
:100CE000503207CA83E807007A6807F1C0035C3214
:100CF00007CA83E8070007F1E403184600F041FC47
:100D000007F1C003184600F03CFC7B6803F150007B
:100D10007B68703307F1D802194600F0D2FB7B687C
:100D200003F15C007B687C3307F1B402194600F0E4
:100D3000C8FB07F1D803184600F023FC07F1B40301
:100D4000184600F01EFC07F1CC0207F1D80107F1AC
:100D5000E403184600F0B5FB07F1A80207F1B4015F
:100D600007F1C003184600F0ACFB07F1CC031846AE
:100D700000F007FC07F1A803184600F002FCD7F8C2
:100D8000E430C7F88430D7F8E830C7F89030D7F8A7
:100D9000EC30C7F89C30D7F8D830C7F88830D7F88F
:100DA000DC30C7F89430D7F8E030C7F8A030D7F877
:100DB000CC30C7F88C30D7F8D030C7F89830D7F897
:100DC000D430C7F8A430D7F8C0303B66D7F8C43069
:100DD000FB66D7F8C830BB67D7F8B4307B66D7F866
:100DE000B8303B67D7F8BC30FB67D7F8A830BB6694
:100DF000D7F8AC307B67D7F8B030C7F8803007F150
:100E00003C0207F184031146184600F0FAFC07F192
:100E1000180207F13C0107F16003184600F095FD48
:100E200007F1080207F118031146184601F011FCFA
:100E30007B6803F1BC0207F108031146184601F074
:100E40007EFB7B68BC33D7ED027A97ED037AD7ED52
:100E5000046A97ED056AF0EE461AB0EE661AF0EEF7
:100E6000470AB0EE670A184601F085F800231846D5
:100E7000F037BD4680BD000080B52DED028BDEB0A1
:100E800000AF07F5BC73A3F5BA73186007F5847358
:100E9000184600F0B8FB07F14803184600F07BFA4B
:100EA0000023C7F870317CE007F5BC73A3F5BA7274
:100EB000D7F870315B0148331268134403F108001E
:100EC00007F5BC73A3F5BA72D7F870315B015033E4
:100ED000126813440C3307F15402194600F0E0FE87
:100EE00007F5BC73A3F5BA731A68D7F870310333EA
:100EF0005B0113440833D3ED007A07F1540207F184
:100F000054031146B0EE670A184600F040FC07F59E
:100F1000847207F1540107F58473184600F0B3FB9F
:100F200007F5BC73A3F5BA72D7F870315B0148338B
:100F30001268134403F1080007F5BC73A3F5BA72F5
:100F4000D7F870315B015033126813440C3307F14A
:100F50003C02194600F0B5FA07F5BC73A3F5BA7365
:100F60001A68D7F8703103335B0113440833D3EDAB
:100F7000007A07F13C0207F13C031146B0EE670A24
:100F8000184600F04BFA07F1480207F13C0107F15F
:100F90004803184600F015FAD7F870310133C7F846
:100FA000703107F5BC73A3F5BA731B6893F84C3026
:100FB0001A46D7F870319342FFF476AF07F5847381
:100FC000184600F031FD87ED5A0A07F1C00207F517
:100FD00084731146184600F014FC07F1E40207F18F
:100FE000C00107F58473184600F04DFB07F1E403D8
:100FF000184600F031FD87ED590A07F1780207F134
:10100000E4031146184600F07BFD07F1780318460B
:1010100000F00AFD87ED580AD7ED5A7A27EEA77A35
:10102000D7ED587A77EE677AC7ED577AD7ED5A7AC7
:1010300027EEA78A07F1480207F148031146184630
:1010400000F017FAF0EE407A78EE277AC7ED567A7C
:1010500007F1300207F1480107F1E403184600F0F8
:101060000BFC07F1300207F148031146184600F067
:1010700000FAB0EE407AD7ED597A77EE877AC7ED6D
:10108000557A07F1240207F1300107F1E40318460D
:1010900000F0F2FB07F1240207F14803114618465D
:1010A00000F0E7F987ED540A97ED577AD7ED567AB5
:1010B00077EE277AF1EE677AC7ED537AD7ED557A56
:1010C000F1EE677AC7ED527A97ED577AD7ED567AF7
:1010D00027EE277AD7ED556AD7ED5A7A66EEA77ACA
:1010E00037EE277AD7ED547A77EE677AC7ED517AE3
:1010F0004FF07E53C7F874310023C7F86C3172E0AB
:10110000D7ED5D7A67EEA77AC7ED507A97ED507A02
:10111000D7ED5D7A67EE277AC7ED4F7AD7ED507A33
:1011200067EEA77AC7ED4E7A97ED537AD7ED507AEE
:1011300027EE277AD7ED4E7A37EE277AD7ED526A27
:10114000D7ED5D7A66EEA77A77EE277A97ED517A3A
:1011500077EE277AC7ED4D7AD7ED4F7AB1EE007A68
:1011600027EE877AD7ED537A77EEA76AD7ED5D7AC7
:1011700066EEA77A77EE277A97ED527A77EE277A9E
:10118000C7ED4C7AD7ED4D6A97ED4C7AC6EE877A6B
:1011900097ED5D7A77EE677AC7ED4B7A97ED4B7AEC
:1011A000D7ED5D7A77EE677AF0EEE77A9FED6D7AAC
:1011B000F4EEC77AF1EE10FA04D5D7F82C31C7F85F
:1011C000743115E0D7F82C31C7F87431D7F86C3189
:1011D00040F2F312934201D10223BBE0D7F86C3105
:1011E0000133C7F86C31D7F86C31B3F5FA7F87DB80
:1011F00097ED5D7AD7ED5A7A37EE277AD7ED397ABF
:1012000077EE677AC7ED277AD7ED3A7AF1EE677A0B
:10121000C7ED287AD7ED3B7AF1EE677AC7ED297AE8
:10122000D7ED3C7AF1EE677AC7ED2A7A97ED5D7AD1
:10123000D7ED5A7A37EE277AD7ED3D7A77EE677A8F
:10124000C7ED2B7AD7ED3E7AF1EE677AC7ED2C7AAF
:10125000D7ED3F7AF1EE677AC7ED2D7AD7ED407A78
:10126000F1EE677AC7ED2E7A97ED5D7AD7ED5A7A6F
:1012700037EE277AD7ED417A77EE677AC7ED2F7A86
:1012800007F1180207F1480107F19C03184600F026
:1012900076FD0346002B01D0FF235BE007F5BC730E
:1012A000A3F5B073D3ED007A07F5BC73A3F5B07363
:1012B00093ED017A07F5BC73A3F5B073D3ED026A21
:1012C00007F10803F0EE661AB0EE471AF0EE670A6F
:1012D000B7EE000A184600F04EFE07F10803184664
:1012E00000F081FE07F5BC73A3F5BA731B6803F128
:1012F000AC0207F108031146184601F020F907F582
:10130000BC73A3F5BA731B6803F1AC0207F5BC7399
:10131000A3F5B873D3ED007A07F5BC73A3F5B873E2
:1013200093ED017A07F5BC73A3F5B873D3ED026AA8
:1013300007F5BC73A3F5B87393ED036AF0EE461A94
:10134000B0EE661AF0EE470AB0EE670A104600F0FB
:1013500012FE0023184607F5BC77BD46BDEC028B94
:1013600080BD00BF77CC2B3280B483B000AF7860F3
:1013700039603B681A687B681A603B685A687B680A
:101380005A603B689A687B689A6000BF0C37BD461C
:101390005DF8047B704780B483B000AF78607B68F1
:1013A0004FF000021A607B684FF000025A607B68C1
:1013B0004FF000029A6000BF0C37BD465DF8047B19
:1013C000704780B485B000AFF860B9607A60FB68A0
:1013D00093ED007ABB68D3ED007A77EE277A7B68CD
:1013E000C3ED007AFB6893ED017ABB68D3ED017A17
:1013F00077EE277A7B68C3ED017AFB6893ED027A7A
:10140000BB68D3ED027A77EE277A7B68C3ED027A68
:1014100000BF1437BD465DF8047B704780B485B0CB
:1014200000AFF86087ED020A7960FB6893ED007AFF
:10143000D7ED027A67EE277A7B68C3ED007AFB6806
:1014400093ED017AD7ED027A67EE277A7B68C3EDD8
:10145000017AFB6893ED027AD7ED027A67EE277A7C
:101460007B68C3ED027A00BF1437BD465DF8047B8C
:10147000704780B483B000AF786039607B6893EDCB
:10148000007A3B68D3ED007A27EE277A7B68D3EDAC
:10149000016A3B68D3ED017A66EEA77A37EE277AC8
:1014A0007B68D3ED026A3B68D3ED027A66EEA77AD9
:1014B00077EE277AB0EE670A0C37BD465DF8047BFD
:1014C000704780B485B000AFF860B9607A60FB689F
:1014D00093ED017ABB68D3ED027A27EE277AFB6899
:1014E000D3ED026ABB68D3ED017A66EEA77A77EE98
:1014F000677A7B68C3ED007AFB6893ED027ABB687C
:10150000D3ED007A27EE277AFB68D3ED006ABB683B
:10151000D3ED027A66EEA77A77EE677A7B68C3ED41
:10152000017AFB6893ED007ABB68D3ED017A27EE70
:10153000277AFB68D3ED016ABB68D3ED007A66EECB
:10154000A77A77EE677A7B68C3ED027A00BF14371B
:10155000BD465DF8047B704780B582B000AF78600F
:1015600079687868FFF785FFF0EE407AB0EE670A99
:1015700013F030FBF0EE407AB0EE670A0837BD4654
:1015800080BD80B584B000AF78607868FFF7E4FF75
:1015900087ED030A7B68D3ED006A97ED037AC6EE08
:1015A000877A7B68C3ED007A7B68D3ED016A97ED9B
:1015B000037AC6EE877A7B68C3ED017A7B68D3ED48
:1015C000026A97ED037AC6EE877A7B68C3ED027AEA
:1015D00000BF1037BD4680BD80B483B000AF7860D7
:1015E00039607B681A683B681A607B685A683B6898
:1015F0005A607B689A683B689A6000BF0C37BD46AA
:101600005DF8047B704780B485B000AF786000233C
:10161000FB6017E00023BB600EE07968FA681346B0
:101620005B001344BA6813449B000B444FF0000264
:101630001A60BB680133BB60BB68022BEDDDFB6841
:101640000133FB60FB68022BE4DD00BF00BF1437F1
:10165000BD465DF8047B704780B582B000AF78600E
:101660007868FFF7D0FF7B684FF07E521A607B6886
:101670004FF07E521A617B684FF07E521A6200BFB3
:101680000837BD4680BD80B487B000AFF860B96050
:101690007A6000237B612EE000233B6125E0F9683E
:1016A0007A6913465B0013443A6913449B000B4468
:1016B00093ED007AB9687A6913465B0013443A697E
:1016C00013449B000B44D3ED007A77EE277A7968B8
:1016D0007A6913465B0013443A6913449B000B4438
:1016E000C3ED007A3B6901333B613B69022BD6DDD8
:1016F0007B6901337B617B69022BCDDD00BF00BFBD
:101700001C37BD465DF8047B704780B487B000AFDE
:10171000F860B9607A6000237B612EE000233B61B2
:1017200025E0F9687A6913465B0013443A6913446B
:101730009B000B4493ED007AB9687A6913465B000D
:1017400013443A6913449B000B44D3ED007A77EEBF
:10175000677A79687A6913465B0013443A691344DF
:101760009B000B44C3ED007A3B6901333B613B694D
:10177000022BD6DD7B6901337B617B69022BCDDDDA
:1017800000BF00BF1C37BD465DF8047B704780B4C6
:1017900087B000AFF86087ED020A796000237B61B3
:1017A00025E000233B611CE0F9687A6913465B0081
:1017B00013443A6913449B000B4493ED007AD7ED30
:1017C000027A67EE277A79687A6913465B001344D8
:1017D0003A6913449B000B44C3ED007A3B69013323
:1017E0003B613B69022BDFDD7B6901337B617B69F8
:1017F000022BD6DD00BF00BF1C37BD465DF8047B61
:101800007047B0B48FB000AF7860396000237B635D
:1018100020E000233B6317E079683A6B13465B00D6
:1018200013447A6B13449B000B4419687A6B13467C
:101830005B0013443A6B13449B0038333B442C3B0E
:1018400019603B6B01333B633B6B022BE4DD7B6B2D
:1018500001337B637B6B022BDBDD3B681D4607F1AD
:101860000C040FCC0FC50FCC0FC523682B6000BF35
:101870003C37BD46B0BC704780B485B000AFF8605F
:10188000B9607A60FB6893ED007ABB68D3ED007AAB
:1018900027EE277AFB68D3ED016ABB68D3ED017AA6
:1018A00066EEA77A37EE277AFB68D3ED026ABB684B
:1018B000D3ED027A66EEA77A77EE277A7B68C3EDDE
:1018C000007AFB6893ED037ABB68D3ED007A27EECC
:1018D000277AFB68D3ED046ABB68D3ED017A66EE24
:1018E000A77A37EE277AFB68D3ED056ABB68D3ED9C
:1018F000027A66EEA77A77EE277A7B68C3ED017AE3
:10190000FB6893ED067ABB68D3ED007A27EE277A61
:10191000FB68D3ED076ABB68D3ED017A66EEA77A60
:1019200037EE277AFB68D3ED086ABB68D3ED027AFD
:1019300066EEA77A77EE277A7B68C3ED027A00BF5E
:101940001437BD465DF8047B7047B0B491B000AF6A
:10195000F860B9607A600023FB6353E00023BB6347
:101960004AE0FA6B13465B001344BA6B13449B00C6
:1019700040333B44303B4FF000021A6000237B634E
:1019800034E0FA6B13465B001344BA6B13449B00BC
:1019900040333B44303B93ED007AF968FA6B1346D1
:1019A0005B0013447A6B13449B000B44D3ED006A35
:1019B000B9687A6B13465B001344BA6B13449B00FF
:1019C0000B44D3ED007A66EEA77A77EE277AFA6BAE
:1019D00013465B001344BA6B13449B0040333B44F3
:1019E000303BC3ED007A7B6B01337B637B6B022B57
:1019F000C7DDBB6B0133BB63BB6B022BB1DDFB6B84
:101A00000133FB63FB6B022BA8DD7B681D4607F1EE
:101A100010040FCC0FC50FCC0FC523682B6000BF7F
:101A20004437BD46B0BC704780B483B000AF786027
:101A30007B6893ED007A7B68D3ED047A37EE277AE2
:101A40007B68D3ED087A77EE277AB0EE670A0C3719
:101A5000BD465DF8047B704780B483B000AF78600A
:101A60007B6893ED007A7B68D3ED046A7B68D3EDE5
:101A7000087A66EEA76A7B6893ED056A7B68D3ED0A
:101A8000077A66EE277A76EEE77A27EE277A7B6882
:101A9000D3ED016A7B6893ED036A7B68D3ED087A26
:101AA00026EE276A7B68D3ED055A7B68D3ED067A6C
:101AB00065EEA77A76EE677A66EEA77A37EE677AF2
:101AC0007B68D3ED026A7B6893ED036A7B68D3ED94
:101AD000077A26EE276A7B68D3ED045A7B68D3ED3C
:101AE000067A65EEA77A76EE677A66EEA77A77EEE3
:101AF000277AB0EE670A0C37BD465DF8047B704765
:101B000080B483B000AF786039607B6893ED047A6D
:101B10007B68D3ED087A27EE277A7B68D3ED056AD8
:101B20007B68D3ED077A66EEA77A77EE677A3B6833
:101B3000C3ED007A7B68D3ED017AB1EE677A7B68FA
:101B4000D3ED087A27EE277A7B68D3ED026A7B68AB
:101B5000D3ED077A66EEA77A77EE277A3B68C3ED76
:101B6000017A7B6893ED017A7B68D3ED057A27EEE5
:101B7000277A7B68D3ED026A7B68D3ED047A66EE40
:101B8000A77A77EE677A3B68C3ED027A7B68D3ED7C
:101B9000037AB1EE677A7B68D3ED087A27EE277A6D
:101BA0007B68D3ED056A7B68D3ED067A66EEA77A8B
:101BB00077EE277A3B68C3ED037A7B6893ED007A72
:101BC0007B68D3ED087A27EE277A7B68D3ED026A2B
:101BD0007B68D3ED067A66EEA77A77EE677A3B6884
:101BE000C3ED047A7B68D3ED007AB1EE677A7B6847
:101BF000D3ED057A27EE277A7B68D3ED026A7B68FE
:101C0000D3ED037A66EEA77A77EE277A3B68C3EDC9
:101C1000057A7B6893ED037A7B68D3ED077A27EE2C
:101C2000277A7B68D3ED046A7B68D3ED067A66EE8B
:101C3000A77A77EE677A3B68C3ED067A7B68D3EDC7
:101C4000007AB1EE677A7B68D3ED077A27EE277AC0
:101C50007B68D3ED016A7B68D3ED067A66EEA77ADE
:101C600077EE277A3B68C3ED077A7B6893ED007ABD
:101C70007B68D3ED047A27EE277A7B68D3ED016A7F
:101C80007B68D3ED037A66EEA77A77EE677A3B68D6
:101C9000C3ED087A00BF0C37BD465DF8047B704782
:101CA00080B485B000AFF860B9607A60FB6893EDEE
:101CB000007ABB68D3ED007A67EE277A7B68C3EDC4
:101CC000007AFB6893ED007ABB68D3ED017A67EE8A
:101CD000277A7B68C3ED017AFB6893ED007ABB68D5
:101CE000D3ED027A67EE277A7B68C3ED027AFB6850
:101CF00093ED017ABB68D3ED007A67EE277A7B68B3
:101D0000C3ED037AFB6893ED017ABB68D3ED017AEA
:101D100067EE277A7B68C3ED047AFB6893ED017A5E
:101D2000BB68D3ED027A67EE277A7B68C3ED057A4C
:101D3000FB6893ED027ABB68D3ED007A67EE277AF1
:101D40007B68C3ED067AFB6893ED027ABB68D3ED3E
:101D5000017A67EE277A7B68C3ED077AFB6893ED1B
:101D6000027ABB68D3ED027A67EE277A7B68C3ED0F
:101D7000087A00BF1437BD465DF8047B704780B514
:101D800092B000AFF860B9607A60F868FFF764FE5F
:101D900087ED110A07F120031946F868FFF7B0FE36
:101DA00007F1140207F12003B9681846FFF764FD34
:101DB000D7ED056A97ED117AC6EE877A7B68C3ED99
:101DC000007AD7ED066A97ED117AC6EE877A7B68BE
:101DD000C3ED017AD7ED076A97ED117AC6EE877ADF
:101DE0007B68C3ED027A002318464837BD4680BDA4
:101DF00080B487B000AF78607B6893ED017A7B6830
:101E0000D3ED037A77EE277AB6EE007A67EE877A1B
:101E1000C7ED057A7B6893ED027A7B68D3ED067A8D
:101E200077EE277AB6EE007A67EE877AC7ED047A06
:101E30007B6893ED057A7B68D3ED077A77EE277A96
:101E4000B6EE007A67EE877AC7ED037A7B687A6927
:101E50005A607B687A69DA607B683A699A607B6865
:101E60003A699A617B68FA685A617B68FA68DA6154
:101E700000BF1C37BD465DF8047B704780B483B05B
:101E800000AF786039603B684FF000021A607B68F1
:101E9000D3ED027AF1EE677A3B68C3ED017A7B6895
:101EA0005A683B689A607B689A683B68DA603B686E
:101EB0004FF000021A617B68D3ED007AF1EE677A89
:101EC0003B68C3ED057A7B68D3ED017AF1EE677A62
:101ED0003B68C3ED067A7B681A683B68DA613B6849
:101EE0004FF000021A6200BF0C37BD465DF8047B5C
:101EF000704780B58EB000AF786039607868FFF7C2
:101F0000ABFD87ED0B0A07F1080319467868FFF768
:101F1000F7FD00237B6326E000233B631DE07A6B23
:101F200013465B0013443A6B13449B0038333B4425
:101F3000303BD3ED006A97ED0B7AC6EE877A3968AD
:101F40007A6B13465B0013443A6B13449B000B44BB
:101F5000C3ED007A3B6B01333B633B6B022BDEDD51
:101F60007B6B01337B637B6B022BD5DD0023184633
:101F70003837BD4680BD80B487B000AF786187ED4B
:101F8000040AC7ED030A87ED021AC7ED011A7B693F
:101F90003A691A607B69FA685A607B69BA689A6024
:101FA0007B697A68DA6000BF1C37BD465DF8047B48
:101FB000704780B483B000AF78607B684FF0000258
:101FC0001A607B684FF000025A607B684FF0000295
:101FD0009A607B684FF00002DA6000BF0C37BD46A4
:101FE0005DF8047B704780B584B000AF78607B6893
:101FF00093ED007A7B68D3ED007A27EE277A7B6831
:10200000D3ED016A7B68D3ED017A66EEA77A37EEED
:10201000277A7B68D3ED026A7B68D3ED027A66EE9D
:10202000A77A37EE277A7B68D3ED036A7B68D3ED16
:10203000037A66EEA77A77EE277AB0EE670A12F097
:10204000C9FD87ED030A7B68D3ED006A97ED037A3B
:10205000C6EE877A7B68C3ED007A7B68D3ED016AB0
:1020600097ED037AC6EE877A7B68C3ED017A7B68C9
:10207000D3ED026A97ED037AC6EE877A7B68C3EDEB
:10208000027A7B68D3ED036A97ED037AC6EE877A0E
:102090007B68C3ED037A00BF1037BD4680BD90B4A6
:1020A00088B000AFF860B9607A60FB6893ED007AA1
:1020B000BB68D3ED007A27EE277AFB68D3ED016A7F
:1020C000BB68D3ED017A66EEA77A37EE677AFB68D4
:1020D000D3ED026ABB68D3ED027A66EEA77A37EEDB
:1020E000677AFB68D3ED036ABB68D3ED037A66EECB
:1020F000A77A77EE677AC7ED047AFB6893ED007AEA
:10210000BB68D3ED017A27EE277AFB68D3ED016A2D
:10211000BB68D3ED007A66EEA77A37EE277AFB68C4
:10212000D3ED026ABB68D3ED037A66EEA77A37EE89
:10213000277AFB68D3ED036ABB68D3ED027A66EEBB
:10214000A77A77EE677AC7ED057AFB6893ED007A98
:10215000BB68D3ED027A27EE277AFB68D3ED016ADC
:10216000BB68D3ED037A66EEA77A37EE677AFB6831
:10217000D3ED026ABB68D3ED007A66EEA77A37EE3C
:10218000277AFB68D3ED036ABB68D3ED017A66EE6C
:10219000A77A77EE277AC7ED067AFB6893ED007A87
:1021A000BB68D3ED037A27EE277AFB68D3ED016A8B
:1021B000BB68D3ED027A66EEA77A37EE277AFB6822
:1021C000D3ED026ABB68D3ED017A66EEA77A37EEEB
:1021D000677AFB68D3ED036ABB68D3ED007A66EEDD
:1021E000A77A77EE277AC7ED077A7B681C4607F156
:1021F00010030FCB84E80F0000BF2037BD4690BC12
:10220000704780B485B000AFF860B9607A60FB6851
:1022100093ED017ABB68D3ED007A27EE277AFB684D
:10222000D3ED026ABB68D3ED017A66EEA77A37EE8A
:10223000277AFB68D3ED036ABB68D3ED027A66EEBA
:10224000A77A77EE277ABEEE007A67EE877A7B6808
:10225000C3ED007AFB6893ED007ABB68D3ED007A9A
:1022600027EE277AFB68D3ED036ABB68D3ED017ACA
:1022700066EEA77A37EE277AFB68D3ED026ABB6871
:10228000D3ED027A66EEA77A77EE677AB6EE007A39
:1022900067EE877A7B68C3ED017AFB68D3ED037A3A
:1022A000B1EE677ABB68D3ED007A27EE277AFB6838
:1022B000D3ED006ABB68D3ED017A66EEA77A37EEFC
:1022C000277AFB68D3ED016ABB68D3ED027A66EE2C
:1022D000A77A77EE277AB6EE007A67EE877A7B6880
:1022E000C3ED027AFB6893ED027ABB68D3ED007A06
:1022F00027EE277AFB68D3ED016ABB68D3ED017A3C
:1023000066EEA77A37EE677AFB68D3ED006ABB68A2
:10231000D3ED027A66EEA77A77EE277AB6EE007AE8
:1023200067EE877A7B68C3ED037A00BF1437BD463A
:102330005DF8047B704780B588B000AF7860396085
:102340007B6893ED007A7B68D3ED007A27EE277ADD
:102350007B68D3ED016A7B68D3ED017A66EEA77ADC
:1023600037EE277A7B68D3ED026A7B68D3ED027A79
:1023700066EEA77A37EE277A7B68D3ED036A7B682F
:10238000D3ED037A66EEA77A77EE277AB0EE670A86
:1023900012F020FC87ED070A7B68D3ED006A97ED09
:1023A000077AC6EE877AC7ED067A7B68D3ED016AB5
:1023B00097ED077AC6EE877AC7ED057A7B68D3ED8D
:1023C000026A97ED077AC6EE877AC7ED047A7B68D2
:1023D000D3ED036A97ED077AC6EE877AC7ED037AE5
:1023E000D7ED047A27EEA77AD7ED037A67EEA77ABE
:1023F00077EE277A77EEA77AB7EE007A77EE677AEC
:102400003B68C3ED007A97ED057AD7ED047A27EEA5
:10241000277AD7ED066AD7ED037A66EEA77A77EECC
:10242000677A77EEA77A3B68C3ED017A97ED057A74
:10243000D7ED037A27EE277AD7ED066AD7ED047A2F
:1024400066EEA77A77EE277A77EEA77A3B68C3ED38
:10245000027A97ED057AD7ED047A27EE277AD7ED41
:10246000066AD7ED037A66EEA77A77EE277A77EEDB
:10247000A77A3B68C3ED037AD7ED057A27EEA77AF2
:10248000D7ED037A67EEA77A77EE277A77EEA77A09
:10249000B7EE007A77EE677A3B68C3ED047A97ED82
:1024A000047AD7ED037A27EE277AD7ED066AD7EDBF
:1024B000057A66EEA77A77EE677A77EEA77A3B68B9
:1024C000C3ED057A97ED057AD7ED037A27EE277AE3
:1024D000D7ED066AD7ED047A66EEA77A77EE677ACB
:1024E00077EEA77A3B68C3ED067A97ED047AD7EDCD
:1024F000037A27EE277AD7ED066AD7ED057A66EEDE
:10250000A77A77EE277A77EEA77A3B68C3ED077A4A
:10251000D7ED057A27EEA77AD7ED047A67EEA77A8A
:1025200077EE277A77EEA77AB7EE007A77EE677ABA
:102530003B68C3ED087A00BF2037BD4680BD80B43C
:1025400085B000AF786039607B6893ED007A3B68B6
:10255000D3ED007A27EE277A7B68D3ED016A3B68DA
:10256000D3ED017A66EEA77A37EE277A7B68D3ED52
:10257000026A3B68D3ED027A66EEA77A37EE277AD5
:102580007B68D3ED036A3B68D3ED037A66EEA77AE6
:1025900077EE277AC7ED037AD7ED037AF5EE407A26
:1025A000F1EE10FA29D17B68D3ED007AF5EEC07A0E
:1025B000F1EE10FA00D447E07B68D3ED007AF1EE3B
:1025C000677A7B68C3ED007A7B68D3ED017AF1EE20
:1025D000677A7B68C3ED017A7B68D3ED027AF1EE0E
:1025E000677A7B68C3ED027A7B68D3ED037AF1EEFC
:1025F000677A7B68C3ED037A26E0D7ED037AF5EEC0
:10260000C07AF1EE10FA1FD57B68D3ED007AF1EEB7
:10261000677A7B68C3ED007A7B68D3ED017AF1EECF
:10262000677A7B68C3ED017A7B68D3ED027AF1EEBD
:10263000677A7B68C3ED027A7B68D3ED037AF1EEAB
:10264000677A7B68C3ED037A1437BD465DF8047B77
:10265000704780B590B000AF786039607B681B68C8
:10266000FB627B685B68BB627B689B687B627B68A4
:10267000DB683B627B681B69FB617B685B69BB61F4
:102680007B689B697B617B68DB693B617B681B6A5C
:10269000FB60D7ED0B7AB7EE007A37EE877AD7ED8D
:1026A000077A77EE277A97ED037A77EE277AC7EDE8
:1026B0000F7AD7ED0B7AB7EE007A37EE877AD7ED3F
:1026C000077A37EE677AD7ED037A77EE677AC7ED48
:1026D0000E7AB7EE007AD7ED0B7A37EE677AD7ED40
:1026E000077A37EE277AD7ED037A77EE677AC7ED68
:1026F0000D7AB7EE007AD7ED0B7A37EE677AD7ED21
:10270000077A77EE677A97ED037A77EE277AC7ED47
:102710000C7AD7ED0F7AF5EEC07AF1EE10FA02D509
:102720004FF00003FB63D7ED0E7AF5EEC07AF1EEC1
:1027300010FA02D54FF00003BB63D7ED0D7AF5EE2A
:10274000C07AF1EE10FA02D54FF000037B63D7EDAB
:102750000C7AF5EEC07AF1EE10FA02D54FF00003D4
:102760003B6397ED0F0A12F035FAF0EE407AB6EEC1
:10277000007A67EE877A3B68C3ED007A97ED0E0A20
:1027800012F028FAF0EE407AB6EE007A67EE877A19
:102790003B68C3ED017A97ED047AD7ED067A77EEC0
:1027A000677AF5EEC07AF1EE10FA07D53B68D3ED03
:1027B000017AF1EE677A3B68C3ED017A97ED0D0A75
:1027C00012F008FAF0EE407AB6EE007A67EE877AF9
:1027D0003B68C3ED027A97ED097AD7ED057A77EE7B
:1027E000677AF5EEC07AF1EE10FA07D53B68D3EDC3
:1027F000027AF1EE677A3B68C3ED027A97ED0C0A34
:1028000012F0E8F9F0EE407AB6EE007A67EE877AD9
:102810003B68C3ED037A97ED087AD7ED0A7A77EE35
:10282000677AF5EEC07AF1EE10FA07D53B68D3ED82
:10283000037AF1EE677A3B68C3ED037A3868FFF7F5
:10284000D2FB00BF4037BD4680BD80B483B000AF2F
:10285000786039607B681A683B681A607B685A68E0
:102860003B685A607B689A683B689A607B68DA6864
:102870003B68DA6000BF0C37BD465DF8047B7047EB
:102880002DE9B04388B000AFF860B9607A603B6072
:10289000BB68022B05DCFB68013BFB60BB680C33AB
:1028A000BB60F868EDF74EFE4FF000027C4BEDF791
:1028B000DDFF02460B4643EC172BB0EE470AF0EE65
:1028C000670A12F029FB53EC102B10461946EEF75D
:1028D0009BF90346FB61B0EE007AD7ED077A77EEFD
:1028E000677A17EE900AEDF73FFE04460D46F86949
:1028F000EDF73AFE4FF000026A4BEDF7B7FF0246E4
:102900000B4643EC172BB0EE470AF0EE670A12F0C5
:1029100003FB53EC102B20462946EDF7C7FC02467B
:102920000B4610461946EEF76FF90346BB61FB688C
:1029300003F593530C331846EDF704FE50A3D3E987
:102940000023EDF769FE02460B4643EC172BB0EE71
:10295000470AF0EE670A12F0DFFA55EC104BBB683D
:1029600001331846EDF7EEFD47A3D3E90023EDF759
:1029700053FE02460B4643EC172BB0EE470AF0EE2F
:10298000670A12F0C9FA53EC102B20462946EDF7DE
:102990008DFC02460B4614461D467868EDF7D2FDC5
:1029A00002460B4620462946EDF780FC02460B46C0
:1029B00014461D46B869EDF7D7FD02460B46204682
:1029C0002946EDF773FC02460B461046194630A324
:1029D000D3E90023EDF768FC02460B461046194682
:1029E000EEF712F903467B617869EDF7BDFD044609
:1029F0000D463868EDF7A6FD80468946B86BEDF7C1
:102A0000A1FD4FF00002284BEDF730FF02460B46C8
:102A100040464946EDF74AFC02460B469046994629
:102A2000F86BEDF78FFD1CA3D3E90023EDF71EFF34
:102A300002460B4640464946EDF738FC02460B4637
:102A4000104619464FF00002184BEDF70FFF0246F3
:102A50000B4620462946EDF729FC02460B46104658
:102A60001946EEF7D1F803467B617B6907EE903A91
:102A7000B0EE670A2037BD46BDE8B083AFF30080F3
:102A80000000000000D4764061545227A0993E40D7
:102A90000000000000D29740000000000020AC4081
:102AA000000059400000104000004E400000384037
:102AB000B0B52DED028BA4B000AF87ED010A7868A8
:102AC000EDF752FD0FF29443D3E90023EDF7ECFB51
:102AD00002460B46104619460FF28843D3E90023FD
:102AE000EDF7C4FE02460B4610461946EEF78CF889
:102AF0000346C7F88030D7F88000EDF735FD0FF2B8
:102B00006C43D3E90023EDF787FD02460B461046E0
:102B100019460FF26043D3E90023EDF7C7FB0246E5
:102B20000B4643EC172B4FF4B470B0EE470AF0EEAF
:102B3000670A00F0FFFC53EC102B10461946EEF725
:102B400063F80346FB67D7F88000EDF70DFD0FF241
:102B50002C43D3E90023EDF75FFD02460B461046F8
:102B600019460FF22043D3E90023EDF79FFB0246FD
:102B70000B4643EC172B4FF4B470B0EE470AF0EE5F
:102B8000670A00F0D7FC53EC102B10461946EEF7FD
:102B90003BF80346BB67F86FEDF7E6FC04460D46CD
:102BA000B86FEDF7E1FCDEA3D3E90023EDF734FDC8
:102BB00002460B46104619464FF00002E64BEDF771
:102BC00055FE02460B4643EC172BB0EE470AF0EEDB
:102BD000670A11F05DFF51EC100BCFA3D3E900237E
:102BE000EDF71AFD02460B4620462946EDF75EFB3F
:102BF00002460B4614461D46D7ED1E7A77EEA77A9D
:102C000017EE900AEDF7B0FCC5A3D3E90023EDF76A
:102C100003FD02460B46104619464FF00002CE4B0C
:102C2000EDF724FE02460B4643EC172BB0EE470AA5
:102C3000F0EE670A11F02CFF51EC100BBAA3D3E9A8
:102C40000023EDF7E9FC02460B4620462946EDF746
:102C50002DFB02460B4643EC172B4FF4B470B0EE3D
:102C6000470AF0EE670A00F065FC53EC102B1046A3
:102C70001946EDF7C9FF03467B67D7F88000EDF7EB
:102C800073FCABA3D3E90023EDF7C6FC02460B4669
:102C9000A9A1D1E90001EDF707FB02460B4610465A
:102CA0001946EDF7B1FF03463B67B86FEDF75CFCE3
:102CB0009BA3D3E90023EDF7AFFC02460B46104679
:102CC00019464FF00002A44BEDF7D0FD02460B462B
:102CD00043EC172BB0EE470AF0EE670A11F084FEC2
:102CE00051EC100B96A3D3E90023EDF795FC0246B7
:102CF0000B4695A1D1E90001EDF7D6FA02460B4645
:102D000014461D46D7ED1E7A77EEA77A17EE900A85
:102D1000EDF72AFC82A3D3E90023EDF77DFC024600
:102D20000B46104619464FF000028B4BEDF79EFD07
:102D300002460B4643EC172BB0EE470AF0EE670A4B
:102D400011F052FE51EC100B81A3D3E90023EDF7F3
:102D500063FC02460B4620462946EDF7A5FA0246DB
:102D60000B4610461946EDF74FFF0346FB66F86E1B
:102D7000EDF7FAFB04460D46786FEDF7F5FB68A317
:102D8000D3E90023EDF748FC02460B4610461946EE
:102D90004FF00002704BEDF769FD02460B4643EC25
:102DA000172BB0EE470AF0EE670A11F01DFE53EC48
:102DB000102B20462946EDF72FFC02460B46104605
:102DC0001946EDF721FF03467B64F86EEDF7CCFB67
:102DD00004460D46386FEDF7C7FB51A3D3E9002336
:102DE000EDF71AFC02460B46104619464FF000025A
:102DF000594BEDF73BFD02460B4643EC172BB0EE6B
:102E0000470AF0EE670A11F0EFFD53EC102B204655
:102E10002946EDF701FC02460B4614461D46786F25
:102E2000EDF7A2FB3EA3D3E90023EDF7F5FB024645
:102E30000B46104619464FF00002474BEDF716FDC2
:102E400002460B4643EC172BB0EE470AF0EE670A3A
:102E500011F01EFE53EC102B20462946EDF7DCFB4B
:102E600002460B4610461946EDF7CEFE0346BB64FC
:102E7000F86EEDF779FB04460D46386FEDF774FBFD
:102E800027A3D3E90023EDF7C7FB02460B46104604
:102E900019464FF00002304BEDF7E8FC02460B46B6
:102EA00043EC172BB0EE470AF0EE670A11F0F0FD85
:102EB00053EC102B20462946EDF7AEFB02460B469D
:102EC00014461D46786FEDF74FFB15A3D3E9002399
:102ED000EDF7A2FB02460B46104619464FF00002E2
:102EE0001D4BEDF7C3FC02460B4643EC172BB0EE2F
:102EF000470AF0EE670A11F0CBFD53EC102B204689
:102F00002946EDF789FB02460B4610461946EDF7B8
:102F10007BFE0346FB643BE06F153B4F79A2FE3F0F
:102F2000182D4454FB21094086EB1EC77979943F44
:102F3000B465AF2DF2A18A3F596DFE5F75703740C1
:102F400015394E4E101C913F14103F719300F03F05
:102F5000A5203861D44B223F0080664000000080ED
:102F60002CB4424100000000A0D5E140273108AC5C
:102F70001894E1408FC2F5285C877140B6A1629C2D
:102F8000E193E1403460353B77587640EBAA0E4D33
:102F90000023C7F88C3018E0D7F88C309B009033B2
:102FA0003B444C3BD3ED007A1FED087A67EE877AFD
:102FB000D7F88C309B0090333B44583BC3ED007AEC
:102FC000D7F88C300133C7F88C30D7F88C30022B0F
:102FD000E2DDD7F88000EDF7C7FA0FF20853D3E926
:102FE0000023EDF719FB02460B4614461D4602204E
:102FF00097ED200A00F0BAFA51EC100B0FF2EC43F7
:10300000D3E90023EDF708FB02460B46204629468C
:10301000EDF74CF902460B4614461D46032097ED8A
:10302000200A00F0A3FA51EC100B0FF2C843D3E9C9
:103030000023EDF7F1FA02460B4620462946EDF74C
:1030400035F902460B4610461946EDF7DDFD0346FD
:10305000BB66D7F88000EDF787FA0FF2A043D3E9FB
:103060000023EDF7D9FA02460B4614461D4602200E
:1030700097ED200A00F07AFA51EC100B0FF284431E
:10308000D3E90023EDF7C8FA02460B46204629464D
:10309000EDF70AF902460B4614461D46032097ED4C
:1030A000200A00F063FA51EC100B0FF26043D3E9F1
:1030B0000023EDF7B1FA02460B4620462946EDF70C
:1030C000F3F802460B4610461946EDF79DFD034600
:1030D0007B66D7F88000EDF747FA0FF20843D3E993
:1030E0000023EDF799FA02460B4614461D460220CE
:1030F00097ED200A00F03AFA51EC100B0FF214434E
:10310000D3E90023EDF788FA02460B46204629460C
:10311000EDF7CCF802460B4614461D46032097ED0A
:10312000200A00F023FA51EC100BFCA3D3E9002392
:10313000EDF772FA02460B4620462946EDF7B6F83F
:1031400002460B4610461946EDF75EFD03463B6608
:10315000B86EEDF709FAF3A3D3E90023EDF75CFAB3
:1031600002460B4610461946F0A3D3E90023EDF7BB
:103170007DFB02460B4610461946EDF745FD03461A
:10318000FB65786EEDF7F0F9E6A3D3E90023EDF7E0
:1031900043FA02460B4610461946E4A3D3E900233E
:1031A000EDF764FB02460B4610461946EDF72CFD81
:1031B0000346BB65386EEDF7D7F9DAA3D3E90023F0
:1031C000EDF72AFA02460B4610461946D7A3D3E973
:1031D0000023EDF74BFB02460B4610461946EDF770
:1031E00013FD03467B6597ED160AF8F755FBB0EE25
:1031F000408A97ED150AF8F74FFBF0EE407A28EE7B
:10320000278A97ED170AF8F747FBF0EE407A28EE89
:10321000278A97ED150AF8F763FBF0EE408A97EDE1
:10322000170AF8F75DFBF0EE407A68EEA77A78EEC1
:10323000677AC7ED057A97ED150AF8F751FBB0EEFE
:10324000408A97ED160AF8F727FBF0EE407A28EE51
:10325000278A97ED170AF8F71FFBF0EE407A28EE61
:10326000278A97ED170AF8F73BFBF0EE408A97EDB7
:10327000150AF8F711FBF0EE407A68EEA77A78EEBF
:10328000277AC7ED067A97ED160AF8F729FBB0EE14
:10329000408A97ED170AF8F7FFFAF0EE407A68EEE9
:1032A000277AC7ED077A97ED170AF8F719FBF0EEC2
:1032B000407AB1EE678A97ED160AF8F7EDFAF0EE6C
:1032C000407A28EE278A97ED150AF8F7E5FAF0EE2E
:1032D000407A28EE278A97ED150AF8F701FBF0EE01
:1032E000408A97ED170AF8F7D7FAF0EE407A68EEC1
:1032F000A77A78EE677AC7ED087A97ED150AF8F79E
:10330000EFFAF0EE407AB1EE678A97ED170AF8F718
:10331000E7FAF0EE407A28EE278A97ED160AF8F7DA
:10332000BBFAF0EE407A28EE278A97ED150AF8F7F7
:10333000B3FAF0EE408A97ED170AF8F7ADFAF0EE1F
:10334000407A68EEA77A78EE277AC7ED097A97ED8A
:10335000160AF8F7C5FAF0EE407AB1EE678A97EDF3
:10336000170AF8F7BDFAF0EE407A68EE277AC7ED53
:103370000A7A97ED160AF8F7B3FAF0EE407AB1EE52
:10338000678A97ED150AF8F787FAF0EE407A68EE4B
:10339000277AC7ED0B7A97ED160AF8F7A1FAF0EE47
:1033A000407AB1EE678A97ED150AF8F799FAF0EED0
:1033B000407A68EE277AC7ED0C7A97ED160AF8F78F
:1033C0006BFAF0EE407AC7ED0D7A0023C7F888302B
:1033D00044E0D7F888309B0090333B44883B4FF063
:1033E00000021A600023C7F884302EE0D7F8883036
:1033F0009B0090333B44883B93ED007AD7F88820BC
:1034000013465B001344D7F8842013449B00903389
:103410003B447C3BD3ED006AD7F884309B0090336B
:103420003B44583BD3ED007A66EEA77A77EE277AD5
:10343000D7F888309B0090333B44883BC3ED007A3B
:10344000D7F884300133C7F88430D7F88430022BA2
:10345000CCDDD7F888300133C7F88830D7F888300A
:10346000022BB6DD97ED027AD7ED027A27EE277AA6
:10347000D7ED036AD7ED037A66EEA77A37EE277A9F
:10348000D7ED046AD7ED047A66EEA77A77EE277A4D
:10349000B0EE670AF8F734FA87ED140AD7ED026A3E
:1034A00097ED147AC6EE877A0D4BC3ED007AD7ED0F
:1034B000036A97ED147AC6EE877A094BC3ED017A59
:1034C000D7ED046A97ED147AC6EE877A044BC3ED04
:1034D000027A00BF9037BD46BDEC028BB0BD00BF85
:1034E0000C2A0020849ECDAA6F04A2403541D47DD1
:1034F0000052D33F8CD99255116E923F4ED1915CC0
:103500003E519F4058A835CD3B4EDB3FBF81C98D12
:10351000226BA53F4F5DF92CCF83F13F49A0C1A697
:10352000CEA3923F182D4454FB2109400000000017
:1035300080C6234180B584B000AF87ED020B786070
:103540007868ECF7FFFF02460B4643EC112B97ED32
:10355000020B11F07FF9B0EE407AF0EE607AB0EE37
:10356000470AF0EE670A1037BD4680BDB0B582B09D
:1035700000AF87ED010A38607868ECF7F5FF044684
:103580000D463868ECF7DEFF02460B4643EC112B84
:1035900045EC104B11F08CF9B0EE407AF0EE607A09
:1035A000B0EE470AF0EE670A0837BD46B0BD00002E
:1035B00080B584B000AF87ED010AD7ED017AF5EE52
:1035C000C07AF1EE10FA19DBD7ED017A9FED367A69
:1035D000F4EEC77AF1EE10FA10D87868ECF7C4FF71
:1035E0002FA3D3E90023EDF717F802460B46104648
:1035F0001946EDF709FB0346FB6049E0D7ED017A78
:10360000F5EEC07AF1EE10FA20D507E0D7ED017A99
:103610009FED257A77EE877AC7ED017AD7ED017AAB
:10362000F5EEC07AF1EE10FAF0D47868ECF79CFF72
:103630001BA3D3E90023ECF7EFFF02460B4610462D
:103640001946EDF7E1FA0346FB6021E007E0D7ED0C
:10365000017A9FED157A77EEC77AC7ED017AD7ED3B
:10366000017A9FED117AF4EEC77AF1EE10FAEEDCF2
:103670007868ECF779FF0AA3D3E90023ECF7CCFFD5
:1036800002460B4610461946EDF7BEFA0346FB60AC
:10369000FB6807EE903AB0EE670A1037BD4680BD72
:1036A000399D52A246DF913F0000B44380B500AF80
:1036B0000E4B1B680D4A43F4007313600B4B1B68E1
:1036C0000A4A43F480631360084B1B68074A43F4BB
:1036D00080731360032000F0F0F80F20EFF7D4F9A7
:1036E000EEF74CFD0023184680BD00BF003C0240B1
:1036F00080B400AF064B1B781A46064B1B68134478
:10370000044A136000BFBD465DF8047B704700BFEC
:10371000A8020020182A002080B485B000AF78608D
:103720007B6803F00703FB600C4BDB68BB60BA6887
:103730004FF6FF031340BB60FB681A02BB681343DC
:1037400043F0BF6343F40033BB60044ABB68D360FB
:1037500000BF1437BD465DF8047B704700ED00E004
:1037600080B400AF044BDB681B0A03F00703184664
:10377000BD465DF8047B704700ED00E080B483B087
:1037800000AF0346FB7197F90730002B0BDBFB7989
:1037900003F01F02074997F907305B09012000FA7F
:1037A00002F241F8232000BF0C37BD465DF8047BD0
:1037B000704700BF00E100E080B483B000AF034673
:1037C000FB7197F90730002B12DBFB7903F01F0226
:1037D0000A4997F907305B09012000FA02F2203309
:1037E00041F82320BFF34F8F00BFBFF36F8F00BF9F
:1037F00000BF0C37BD465DF8047B704700E100E078
:1038000080B483B000AF03463960FB7197F907308D
:10381000002B0ADB3B68DAB20C4997F9073012013A
:10382000D2B20B4483F800230AE03B68DAB20849BD
:10383000FB7903F00F03043B1201D2B20B441A765A
:1038400000BF0C37BD465DF8047B704700E100E027
:1038500000ED00E080B489B000AFF860B9607A6034
:10386000FB6803F00703FB61FB69C3F10703042B4B
:1038700028BF0423BB61FB690433062B02D9FB6913
:10388000033B00E000237B614FF0FF32BB6902FA8B
:1038900003F3DA43BB681A407B699A404FF0FF316B
:1038A0007B6901FA03F3D9437B680B401343184645
:1038B0002437BD465DF8047B704780B582B000AF09
:1038C00078607868FFF728FF00BF0837BD4680BDE5
:1038D00080B586B000AF0346B9607A60FB73002301
:1038E0007B61FFF73DFF78617A68B9687869FFF717
:1038F000B1FF024697F90F3011461846FFF780FFD7
:1039000000BF1837BD4680BD80B582B000AF03460A
:10391000FB7197F907301846FFF730FF00BF0837F3
:10392000BD4680BD80B582B000AF0346FB7197F9FC
:1039300007301846FFF740FF00BF0837BD4680BD7F
:1039400080B582B000AF78607B68002B01D1012385
:103950000EE07B685B79DBB2002B05D17B6800222F
:103960001A717868EEF732FC7B6801225A710023E5
:1039700018460837BD4680BD80B487B000AFF860F8
:10398000B9607A6000233B61FB6802225A71FB68D0
:103990001B689A68FB681B6842F001029A6000236A
:1039A0007B610AE07B699B00BA681A44FB681B686C
:1039B00012681A607B6901337B617A697B689A427D
:1039C000F0D3FB681B681B683B61FB6801225A71DE
:1039D0003B6918461C37BD465DF8047B7047000004
:1039E00080B586B000AF786000237B61EEF776F992
:1039F00038617B68002B01D1012399E07B680222AA
:103A000083F835207B68002283F834207B681B68AC
:103A10001A687B681B6822F001021A600FE0EEF75B
:103A20005DF902463B69D31A052B08D97B68202231
:103A30005A657B68032283F83520032378E07B688E
:103A40001B681B6803F00103002BE8D17B681B682F
:103A50001B687B617A69384B13407B617B685A68CD
:103A60007B689B681A437B68DB681A437B681B6929
:103A70001A437B685B691A437B689B691A437B68BE
:103A8000DB691A437B681B6A13437A6913437B61C2
:103A90007B685B6A042B07D17B68DA6A7B681B6BE7
:103AA00013437A6913437B617B681B687A691A60E8
:103AB0007B681B685B697B617B6923F007037B6123
:103AC0007B685B6A7A6913437B617B685B6A042B62
:103AD00017D17B689B6A7A6913437B617B68DB6AD9
:103AE000002B0ED0786800F05FFB0346002B08D057
:103AF0007B6840225A657B68012283F835200123C8
:103B000016E07B681B687A695A61786800F016FBDA
:103B10000346FB607B68DB6D3F229A40FB689A603E
:103B20007B6800225A657B68012283F835200023D8
:103B300018461837BD4680BD3F8010F080B584B070
:103B400000AF78607B68002B01D1012350E07B68D7
:103B500093F83530DBB2022B01D1022348E07B68B9
:103B60001B681A687B681B6822F001021A607B6878
:103B70001B6800221A607B681B6800225A607B6801
:103B80001B6800229A607B681B680022DA607B68F1
:103B90001B6800221A617B681B6821225A617868C1
:103BA00000F0CCFA0346FB607B680022DA637B6896
:103BB00000221A647B6800225A647B6800229A649F
:103BC0007B680022DA647B6800221A657B68DB6D03
:103BD0003F229A40FB689A607B6800225A657B68A6
:103BE000002283F835207B68002283F834200023EC
:103BF00018461037BD4680BD80B586B000AFF8606E
:103C0000B9607A603B600023FB75FB689B6D3B618C
:103C1000FB6893F83430012B01D1022340E0FB68AC
:103C2000012283F83420FB6893F83530DBB2012B96
:103C30002FD1FB68022283F83520FB6800225A65E9
:103C40003B687A68B968F86800F04AFAFB68DB6D8F
:103C50003F229A403B699A60FB681B681A68FB68C0
:103C60001B6842F016021A60FB681B6C002B07D021
:103C7000FB681B681A68FB681B6842F008021A6040
:103C8000FB681B681A68FB681B6842F001021A6037
:103C900005E0FB68002283F834200223FB75FB7DDE
:103CA00018461837BD4680BD80B584B000AF786037
:103CB0007B689B6DFB60EEF711F8B8607B6893F84A
:103CC0003530DBB2022B08D07B6880225A657B68D6
:103CD000002283F83420012352E07B681B681A68B5
:103CE0007B681B6822F016021A607B681B685A69A1
:103CF0007B681B6822F080025A617B681B6C002B7A
:103D000003D17B689B6C002B07D07B681B681A680B
:103D10007B681B6822F008021A607B681B681A68BF
:103D20007B681B6822F001021A6013E0EDF7D6FFF2
:103D30000246BB68D31A052B0CD97B6820225A6532
:103D40007B68032283F835207B68002283F83420C7
:103D5000032315E07B681B681B6803F00103002B3D
:103D6000E4D17B68DB6D3F229A40FB689A607B68F8
:103D7000012283F835207B68002283F83420002359
:103D800018461037BD4680BD80B483B000AF786060
:103D90007B6893F83530DBB2022B04D07B6880223D
:103DA0005A6501230CE07B68052283F835207B6887
:103DB0001B681A687B681B6822F001021A600023E6
:103DC00018460C37BD465DF8047B704780B586B059
:103DD00000AF78600023BB608E4B1B688E4AA2FB4D
:103DE00003239B0A7B617B689B6D3B613B691B687E
:103DF000FB607B68DB6D08229A40FB681340002B58
:103E00001AD07B681B681B6803F00403002B13D0D7
:103E10007B681B681A687B681B6822F004021A60C2
:103E20007B68DB6D08229A403B699A607B685B6D1A
:103E300043F001027B685A657B68DB6D01229A4082
:103E4000FB681340002B12D07B681B685B6903F092
:103E50008003002B0BD07B68DB6D01229A403B690D
:103E60009A607B685B6D43F002027B685A657B68F1
:103E7000DB6D04229A40FB681340002B12D07B6854
:103E80001B681B6803F00203002B0BD07B68DB6D03
:103E900004229A403B699A607B685B6D43F00402A0
:103EA0007B685A657B68DB6D10229A40FB68134083
:103EB000002B43D07B681B681B6803F00803002BB2
:103EC0003CD07B68DB6D10229A403B699A607B682E
:103ED0001B681B6803F48023002B18D07B681B68C9
:103EE0001B6803F40023002B08D17B681B6C002B9C
:103EF00024D07B681B6C786898471FE07B689B6CBC
:103F0000002B1BD07B689B6C7868984716E07B6819
:103F10001B681B6803F48073002B07D17B681B6848
:103F20001A687B681B6822F008021A607B681B6CA9
:103F3000002B03D07B681B6C786898477B68DB6D2F
:103F400020229A40FB681340002B00F08F807B6892
:103F50001B681B6803F01003002B00F087807B6850
:103F6000DB6D20229A403B699A607B6893F835307C
:103F7000DBB2052B36D17B681B681A687B681B682F
:103F800022F016021A607B681B685A697B681B68FE
:103F900022F080025A617B681B6C002B03D17B6886
:103FA0009B6C002B07D07B681B681A687B681B68BA
:103FB00022F008021A607B68DB6D3F229A403B6961
:103FC0009A607B68012283F835207B68002283F8A1
:103FD00034207B681B6D002B7ED07B681B6D78685E
:103FE000984779E07B681B681B6803F48023002BEB
:103FF0001DD07B681B681B6803F40023002B0DD1C8
:104000007B685B6C002B31D07B685B6C7868984771
:104010002CE000BF38020020B5814E1B7B68DB6BB3
:10402000002B23D07B68DB6B786898471EE07B68A9
:104030001B681B6803F48073002B0FD17B681B681F
:104040001A687B681B6822F010021A607B680122E4
:1040500083F835207B68002283F834207B68DB6B93
:10406000002B03D07B68DB6B786898477B685B6DBF
:10407000002B32D07B685B6D03F00103002B22D054
:104080007B68052283F835207B681B681A687B688B
:104090001B6822F001021A60BB680133BB607A69B9
:1040A0009A4207D37B681B681B6803F00103002B4F
:1040B000F2D100E000BF7B68012283F835207B68E5
:1040C000002283F834207B68DB6C002B05D07B68F2
:1040D000DB6C7868984700E000BF1837BD4680BDAC
:1040E00080B485B000AFF860B9607A603B60FB686F
:1040F0001B681A68FB681B6822F480221A60FB6840
:104100001B683A685A60FB689B68402B08D1FB68C3
:104110001B687A689A60FB681B68BA68DA6007E017
:10412000FB681B68BA689A60FB681B687A68DA608B
:1041300000BF1437BD465DF8047B704780B485B07E
:1041400000AF78607B681B68DBB2103B144AA2FBAF
:1041500003231B09FB60134AFB6813441B781A46B0
:104160007B68DA65FB68032B09D97B681B6823F43D
:104170007F7323F003031A1D7B689A6507E07B6851
:104180001B6823F47F7323F003037A6893657B68CD
:104190009B6D18461437BD465DF8047B704700BF21
:1041A000ABAAAAAA90D0020880B485B000AF78600C
:1041B0000023FB737B689B6ABB607B689B69002B59
:1041C0001FD1BB68032B56D801A252F823F000BFC1
:1041D000E1410108F3410108E1410108774201088A
:1041E0007B68DB6A03F08073002B46D00123FB73EE
:1041F00043E07B68DB6AB3F1C07F40D10123FB73EE
:104200003DE07B689B69B3F5005F21D1BB68032B60
:1042100037D801A252F823F0294201082F420108A1
:1042200029420108414201080123FB7330E07B6809
:10423000DB6A03F08073002B25D00123FB7322E09F
:104240007B68DB6AB3F1C07F1FD10123FB731CE0E5
:10425000BB68022B03D9BB68032B03D018E00123F2
:10426000FB7315E07B68DB6A03F08073002B0ED0D4
:104270000123FB730BE000BF0AE000BF08E000BFB2
:1042800006E000BF04E000BF02E000BF00E000BFA6
:10429000FB7B18461437BD465DF8047B704700BFB2
:1042A00080B586B000AFF860B960C7E9002301238C
:1042B000FB75234B1B7E012B01D102233BE0204BDE
:1042C00001221A764CF2503000F070F80346FB756C
:1042D000FB7D002B2BD1FB68002B05D13B781946C9
:1042E000B86800F01BF916E0FB68012B05D13B888C
:1042F0001946B86800F0EEF80DE0FB68022B05D116
:104300003B681946B86800F0C3F804E0D7E9002319
:10431000B86800F08BF84CF2503000F047F80346D4
:10432000FB75084B1B69074A23F001031361044B1B
:1043300000221A76FB7D18461837BD4680BD00BFA7
:104340001C2A0020003C024080B483B000AF002350
:10435000FB710B4B1B69002B0BDA094B094A5A60A6
:10436000074B094A5A60064B1B69002B01DA0123EF
:10437000FB71FB7918460C37BD465DF8047B70472E
:10438000003C024023016745AB89EFCD80B400AF0C
:10439000054B1B69044A43F0004313610023184690
:1043A000BD465DF8047B7047003C024080B584B098
:1043B00000AF78600023FB601A4B0022DA61EDF752
:1043C0008DFCF86010E07B68B3F1FF3F0CD07B6898
:1043D000002B07D0EDF782FC0246FB68D31A7A68FF
:1043E0009A4201D2032319E00F4BDB6803F48033B8
:1043F000002BE8D10C4BDB6803F00103002B02D04B
:10440000094B0122DA60084BDB6803F0F203002B52
:1044100003D000F0A5F8012300E000231846103770
:10442000BD4680BD1C2A0020003C024080B485B0FF
:1044300000AFF860C7E90023144B1B69134A23F44B
:1044400040731361114B1B69104A43F440731361AD
:104450000E4B1B690D4A43F001031361FB683A6878
:104460001A60BFF36F8F00BFD7E900014FF0000261
:104470004FF000030A000023F968043113460B6073
:1044800000BF1437BD465DF8047B7047003C024016
:1044900080B483B000AF786039600D4B1B690C4A63
:1044A00023F4407313610A4B1B69094A43F40073F8
:1044B0001361074B1B69064A43F0010313617B68D4
:1044C0003A681A6000BF0C37BD465DF8047B704740
:1044D000003C024080B483B000AF78600B467B8024
:1044E0000D4B1B690C4A23F4407313610A4B1B6983
:1044F000094A43F480731361074B1B69064A43F072
:10450000010313617B687A881A8000BF0C37BD46AF
:104510005DF8047B704700BF003C024080B483B06C
:1045200000AF78600B46FB700C4B1B690B4A23F401
:1045300040731361094B094A1B691361074B1B69DF
:10454000064A43F0010313617B68FA781A7000BFD2
:104550000C37BD465DF8047B704700BF003C02404D
:1045600080B400AF274BDB6803F01003002B08D0AA
:10457000254BDB6943F01003234AD361214B102202
:10458000DA60204BDB6803F02003002B08D01E4BC1
:10459000DB6943F008031C4AD3611A4B2022DA601E
:1045A000184BDB6803F04003002B08D0164BDB6987
:1045B00043F00403144AD361124B4022DA60114BDA
:1045C000DB6803F08003002B08D00F4BDB6943F05E
:1045D00002030D4AD3610B4B8022DA60094BDB6882
:1045E00003F00203002B08D0074BDB6943F02003E4
:1045F000054AD361034B0222DA6000BFBD465DF875
:10460000047B7047003C02401C2A002080B584B027
:1046100000AF786039600123FB730023BB60314B2E
:104620001B7E012B01D1022358E02E4B01221A766A
:104630004CF25030FFF7BAFE0346FB73FB7B002BB6
:1046400048D13B684FF0FF321A607B681B68012B32
:1046500015D17B681B69DAB27B685B681946104626
:1046600000F044F84CF25030FFF7A0FE0346FB7315
:104670001D4B1B691C4A23F00403136128E07B686F
:104680009B68BB601CE07B681B69DBB21946B8689D
:1046900000F050F84CF25030FFF788FE0346FB73F1
:1046A000114B1B69104A23F0FA031361FB7B002BAB
:1046B00003D03B68BA681A600AE0BB680133BB608C
:1046C0007B68DA687B689B681344BA689A42DAD3DD
:1046D00000F078F8034B00221A76FB7B184610375F
:1046E000BD4680BD1C2A0020003C024080B483B03F
:1046F00000AF03463960FB710D4B1B690C4A23F474
:10470000407313610A4B1B69094A43F004031361A8
:10471000074B1A69FB791B021343054A43F48033A4
:10472000136100BF0C37BD465DF8047B704700BFC6
:10473000003C024080B485B000AF78600B46FB704F
:104740000023FB60FB78002B02D10023FB6010E00C
:10475000FB78012B03D14FF48073FB6009E0FB78F9
:10476000022B03D14FF40073FB6002E04FF440735F
:10477000FB60134B1B69124A23F440731361104B07
:104780001A690F49FB6813430B610D4B1B690C4AF7
:1047900023F0F80313610A4B1A697B68DB001343AB
:1047A000074A43F002031361054B1B69044A43F4B3
:1047B0008033136100BF1437BD465DF8047B70473A
:1047C000003C024080B400AF204B1B6803F4007330
:1047D000002B17D01D4B1B681C4A23F40073136079
:1047E0001A4B1B68194A43F400631360174B1B688C
:1047F000164A23F400631360144B1B68134A43F4F6
:1048000000731360114B1B6803F48063002B17D0F7
:104810000E4B1B680D4A23F4806313600B4B1B681F
:104820000A4A43F480531360084B1B68074A23F479
:1048300080531360054B1B68044A43F48063136084
:1048400000BFBD465DF8047B704700BF003C0240DE
:1048500080B489B000AF7860396000237B610023A9
:104860003B610023BB610023FB616BE10122FB691B
:1048700002FA03F37B613B681B687A6913403B6172
:104880003A697B699A4240F05A813B685B6803F061
:104890000303012B05D03B685B6803F00303022B85
:1048A00030D17B689B68BB61FB695B00032202FA25
:1048B00003F3DB43BA691340BB613B68DA68FB6909
:1048C0005B0002FA03F3BA691343BB617B68BA6900
:1048D0009A607B685B68BB610122FB6902FA03F3A3
:1048E000DB43BA691340BB613B685B681B0903F09B
:1048F0000102FB6902FA03F3BA691343BB617B68E7
:10490000BA695A603B685B6803F00303032B17D056
:104910007B68DB68BB61FB695B00032202FA03F37F
:10492000DB43BA691340BB613B689A68FB695B0073
:1049300002FA03F3BA691343BB617B68BA69DA60B0
:104940003B685B6803F00303022B23D1FB69DA08A1
:104950007B68083253F82230BB61FB6903F0070320
:104960009B000F2202FA03F3DB43BA691340BB61D9
:104970003B681A69FB6903F007039B0002FA03F323
:10498000BA691343BB61FB69DA087B680832B9690D
:1049900043F822107B681B68BB61FB695B00032244
:1049A00002FA03F3DB43BA691340BB613B685B68FF
:1049B00003F00302FB695B0002FA03F3BA691343D5
:1049C000BB617B68BA691A603B685B6803F440337B
:1049D000002B00F0B4800023FB60604B5B6C5F4AEF
:1049E00043F4804353645D4B5B6C03F48043FB6092
:1049F000FB685B4AFB699B08023352F82330BB61BA
:104A0000FB6903F003039B000F2202FA03F3DB436D
:104A1000BA691340BB617B68524A93422BD07B68D2
:104A2000514A934225D07B68504A93421FD07B68FD
:104A30004F4A934219D07B684E4A934213D07B6809
:104A40004D4A93420DD07B684C4A934207D07B6815
:104A50004B4A934201D107230EE008230CE00623C2
:104A60000AE0052308E0042306E0032304E0022310
:104A700002E0012300E00023FA6902F00302920041
:104A80009340BA691343BB613549FB699B08023304
:104A9000BA6941F823203B4B9B68BB613B69DB4310
:104AA000BA691340BB613B685B6803F48013002B59
:104AB00003D0BA693B691343BB61324ABB69936057
:104AC000304BDB68BB613B69DB43BA691340BB61B8
:104AD0003B685B6803F40013002B03D0BA693B69A1
:104AE0001343BB61274ABB69D360264B5B68BB613C
:104AF0003B69DB43BA691340BB613B685B6803F405
:104B00000033002B03D0BA693B691343BB611D4AD4
:104B1000BB6953601B4B1B68BB613B69DB43BA69D4
:104B20001340BB613B685B6803F48033002B03D008
:104B3000BA693B691343BB61124ABB691360FB69E5
:104B40000133FB61FB690F2B7FF690AE00BF00BF06
:104B50002437BD465DF8047B704700BF0038024033
:104B600000380140000002400004024000080240FA
:104B7000000C0240001002400014024000180240E5
:104B8000001C0240003C014080B487B000AF786058
:104B9000396000233B610023FB600023BB600023DE
:104BA0007B61CDE001227B6902FA03F33B613A6845
:104BB0003B691340FB60FA683B699A4240F0BD8054
:104BC000654A7B699B08023352F82330BB607B69DE
:104BD00003F003039B000F2202FA03F3BA681340A9
:104BE000BB607B685D4A93422BD07B685C4A9342F2
:104BF00025D07B685B4A93421FD07B685A4A934218
:104C000019D07B68594A934213D07B68584A934223
:104C10000DD07B68574A934207D07B68564A93422F
:104C200001D107230EE008230CE006230AE0052348
:104C300008E0042306E0032304E0022302E001234A
:104C400000E000237A6902F0030292009340BA6800
:104C50009A4232D1494B1A68FB68DB4347491340FB
:104C60000B60464B5A68FB68DB43444913404B607A
:104C7000424BDA68FB68DB4340491340CB603F4B53
:104C80009A68FB68DB433D4913408B607B6903F006
:104C900003039B000F2202FA03F3BB602E4A7B69D9
:104CA0009B08023352F82310BB68DA432A487B6919
:104CB0009B080A40023340F823207B681A687B690E
:104CC0005B00032101FA03F3DB431A407B681A609F
:104CD0007B69DA087B68083253F822107B6903F09D
:104CE00007039B000F2202FA03F3DB437A69D20821
:104CF00019407B68083243F822107B68DA687B69C8
:104D00005B00032101FA03F3DB431A407B68DA609E
:104D10007B685A6801217B6901FA03F3DB431A407F
:104D20007B685A607B689A687B695B00032101FAA3
:104D300003F3DB431A407B689A607B6901337B6134
:104D40007B690F2B7FF62EAF00BF00BF1C37BD461F
:104D50005DF8047B704700BF00380140000002404E
:104D60000004024000080240000C02400010024013
:104D70000014024000180240001C0240003C0140A8
:104D800080B485B000AF78600B467B807B681A6981
:104D90007B881340002B02D00123FB7301E000232A
:104DA000FB73FB7B18461437BD465DF8047B7047E8
:104DB00080B483B000AF78600B467B8013467B7075
:104DC0007B78002B03D07A887B689A6103E07B882C
:104DD0001A047B689A6100BF0C37BD465DF8047BFE
:104DE0007047000080B582B000AF0346FB80084BDF
:104DF0005A69FB881340002B06D0054AFB88536193
:104E0000FB88184600F006F800BF0837BD4680BD95
:104E1000003C014080B483B000AF0346FB8000BF7C
:104E20000C37BD465DF8047B7047000080B584B048
:104E300000AF78607B68002B01D101232BE17B68F8
:104E400093F83D30DBB2002B06D17B68002283F85B
:104E50003C207868EDF7DCF97B68242283F83D205C
:104E60007B681B681A687B681B6822F001021A6065
:104E70007B681B681A687B681B6842F400421A60F2
:104E80007B681B681A687B681B6822F400421A6002
:104E900002F0A0F8F8607B685B68814A934207D80B
:104EA000FB68804A934294BF01230023DBB206E0F3
:104EB000FB687D4A934294BF01230023DBB2002BA1
:104EC00001D00123E7E0FB68784AA2FB03239B0C97
:104ED000BB607B681B685B6823F03F017B681B68D5
:104EE000BA680A435A607B681B681B6A23F03F015B
:104EF0007B685B686A4A934202D8BB68013309E069
:104F0000BB684FF4967202FB03F3694AA2FB0323CA
:104F10009B0901337A6812680B4313627B681B6834
:104F2000DB6923F44F4222F0FF027B685B685C4937
:104F30008B4219D8FB68591E7B685B685B00B1FB2C
:104F4000F3F3591C40F6FC730B40002B0AD0FB68AE
:104F5000591E7B685B685B00B1FBF3F30133C3F35D
:104F60000B0351E004234FE07B689B68002B11D1B9
:104F7000FB68581E7B6859680B465B000B44B0FB0E
:104F8000F3F30133C3F30B03002B0CBF0123002306
:104F9000DBB212E0FB68581E7B6859680B469B0029
:104FA0000B4499000B44B0FBF3F30133C3F30B0341
:104FB000002B0CBF01230023DBB2002B01D0012307
:104FC00022E07B689B68002B0ED1FB68581E7B6833
:104FD00059680B465B000B44B0FBF3F30133C3F39A
:104FE0000B0343F400430FE0FB68581E7B685968CD
:104FF0000B469B000B4499000B44B0FBF3F30133C9
:10500000C3F30B0343F44043796809681343CB614E
:105010007B681B681B6823F0C0017B68DA697B68CA
:105020001B6A1A437B681B680A431A607B681B680B
:105030009B6823F4034323F0FF037A6811697A68BD
:10504000D26811437A6812680B4393607B681B68CF
:10505000DB6823F0FF017B685A697B689B691A4310
:105060007B681B680A43DA607B681B681A687B6888
:105070001B6842F001021A607B6800221A647B6898
:10508000202283F83D207B6800221A637B6800227F
:1050900083F83E20002318461037BD4680BD00BF70
:1050A000A08601007F841E00FF083D0083DE1B43B5
:1050B000D34D621080B588B002AFF8607A601A46AE
:1050C0000B467B8113463B81ECF708FE7861FB6859
:1050D00093F83D30DBB2202B40F0E0807B690093F9
:1050E000192301227049F86801F00EF90346002BDC
:1050F00001D00223D3E0FB6893F83C30012B01D1AF
:105100000223CCE0FB68012283F83C20FB681B688B
:105110001B6803F00103012B07D0FB681B681A68AA
:10512000FB681B6842F001021A60FB681B681A6882
:10513000FB681B6822F400621A60FB68212283F876
:105140003D20FB68102283F83E20FB6800221A6491
:10515000FB687A685A62FB683A895A85FB685B8DFE
:105160009AB2FB681A85FB68504ADA6279897B69D2
:105170003A6AF86800F0FAFD0346002B01D00123DB
:105180008DE000233B61FB681B685B693B61FB684A
:105190001B689B693B613B6966E07A69396AF8681C
:1051A00001F0CCF90346002B0DD0FB681B6C042BDF
:1051B00007D1FB681B681A68FB681B6842F4007221
:1051C0001A6001236BE0FB685B6A1A78FB681B6856
:1051D0001A61FB685B6A5A1CFB685A62FB685B8D4C
:1051E0009BB2013B9AB2FB685A85FB681B8D013B61
:1051F0009AB2FB681A85FB681B685B6903F00403BD
:10520000042B1BD1FB681B8D002B17D0FB685B6A3E
:105210001A78FB681B681A61FB685B6A5A1CFB689A
:105220005A62FB685B8D9BB2013B9AB2FB685A8560
:10523000FB681B8D013B9AB2FB681A857A69396A53
:10524000F86801F0C3F90346002B0DD0FB681B6C16
:10525000042B07D1FB681B681A68FB681B6842F4C3
:1052600000721A6001231AE0FB681B8D002B94D199
:10527000FB681B681A68FB681B6842F400721A60BE
:10528000FB68202283F83D20FB68002283F83E2043
:10529000FB68002283F83C20002300E0022318462C
:1052A0001837BD4680BD00BF020010000000FFFFA0
:1052B00080B58CB002AFF8607A601A460B467B81ED
:1052C00013463B81ECF70AFD7862FB6893F83D30AA
:1052D000DBB2202B40F017827B6A00931923012256
:1052E0007C49F86801F010F80346002B01D0022336
:1052F0000AE2FB6893F83C30012B01D1022303E260
:10530000FB68012283F83C20FB681B681B6803F0E4
:105310000103012B07D0FB681B681A68FB681B6838
:1053200042F001021A60FB681B681A68FB681B6880
:1053300022F400621A60FB68222283F83D20FB6899
:10534000102283F83E20FB6800221A64FB687A680A
:105350005A62FB683A895A85FB685B8D9AB2FB6892
:105360001A85FB685C4ADA6279897B6A3A6BF8686D
:1053700000F07EFD0346002B01D00123C4E1FB6851
:105380001B8D002B13D100233B62FB681B685B69FC
:105390003B62FB681B689B693B623B6AFB681B685E
:1053A0001A68FB681B6842F400721A6098E1FB6897
:1053B0001B8D012B1BD1FB681B681A68FB681B68DF
:1053C00022F480621A600023FB61FB681B685B6942
:1053D000FB61FB681B689B69FB61FB69FB681B68E1
:1053E0001A68FB681B6842F400721A6078E1FB6877
:1053F0001B8D022B1BD1FB681B681A68FB681B689E
:1054000022F480621A60FB681B681A68FB681B68DC
:1054100042F400621A600023BB61FB681B685B6991
:10542000BB61FB681B689B69BB61BB6958E1FB689A
:105430001B681A68FB681B6842F480621A600023CC
:105440007B61FB681B685B697B61FB681B689B6910
:105450007B617B6944E1FB681B8D032B00F2F180CB
:10546000FB681B8D012B23D17A6A396BF86801F038
:10547000F5F80346002B01D0012345E1FB681B68CA
:105480001A69FB685B6AD2B21A70FB685B6A5A1CC5
:10549000FB685A62FB681B8D013B9AB2FB681A8558
:1054A000FB685B8D9BB2013B9AB2FB685A8517E1A2
:1054B000FB681B8D022B4ED17B6A00933B6B002255
:1054C0000649F86800F020FF0346002B08D00123AE
:1054D0001AE100BF020010000000FFFF04000100FD
:1054E000FB681B681A68FB681B6842F400721A604C
:1054F000FB681B681A69FB685B6AD2B21A70FB68AA
:105500005B6A5A1CFB685A62FB681B8D013B9AB2AE
:10551000FB681A85FB685B8D9BB2013B9AB2FB6806
:105520005A85FB681B681A69FB685B6AD2B21A70FD
:10553000FB685B6A5A1CFB685A62FB681B8D013B67
:105540009AB2FB681A85FB685B8D9BB2013B9AB2ED
:10555000FB685A85C4E07B6A00933B6B00226C4970
:10556000F86800F0D1FE0346002B01D00123CBE008
:10557000FB681B681A68FB681B6822F480621A606B
:10558000FB681B681A69FB685B6AD2B21A70FB6819
:105590005B6A5A1CFB685A62FB681B8D013B9AB21E
:1055A000FB681A85FB685B8D9BB2013B9AB2FB6876
:1055B0005A857B6A00933B6B00225549F86800F0DE
:1055C000A3FE0346002B01D001239DE0FB681B686E
:1055D0001A68FB681B6842F400721A60FB681B685B
:1055E0001A69FB685B6AD2B21A70FB685B6A5A1C64
:1055F000FB685A62FB681B8D013B9AB2FB681A85F7
:10560000FB685B8D9BB2013B9AB2FB685A85FB68D5
:105610001B681A69FB685B6AD2B21A70FB685B6A26
:105620005A1CFB685A62FB681B8D013B9AB2FB68EF
:105630001A85FB685B8D9BB2013B9AB2FB685A8569
:105640004EE07A6A396BF86801F008F80346002BDF
:1056500001D0012358E0FB681B681A69FB685B6A8C
:10566000D2B21A70FB685B6A5A1CFB685A62FB680C
:105670001B8D013B9AB2FB681A85FB685B8D9BB260
:10568000013B9AB2FB685A85FB681B685B6903F0B3
:105690000403042B24D1FB681B8D032B07D1FB686B
:1056A0001B681A68FB681B6822F480621A60FB683A
:1056B0001B681A69FB685B6AD2B21A70FB685B6A86
:1056C0005A1CFB685A62FB681B8D013B9AB2FB684F
:1056D0001A85FB685B8D9BB2013B9AB2FB685A85C9
:1056E000FB681B8D002B7FF4B6AEFB68202283F88D
:1056F0003D20FB68002283F83E20FB68002283F8EF
:105700003C20002300E0022318462837BD4680BD18
:105710000400010080B588B002AFF8600846114669
:105720001A4603467B810B463B811346FB80ECF710
:10573000D5FA7861FB6893F83D30DBB2202B40F05E
:10574000D9807B690093192301226D49F86800F024
:10575000DBFD0346002B01D00223CCE0FB6893F86D
:105760003C30012B01D10223C5E0FB68012283F804
:105770003C20FB681B681B6803F00103012B07D06A
:10578000FB681B681A68FB681B6842F001021A601C
:10579000FB681B681A68FB681B6822F400621A60C9
:1057A000FB68212283F83D20FB68402283F83E20DD
:1057B000FB6800221A64FB683A6A5A62FB68BA8C7A
:1057C0005A85FB685B8D9AB2FB681A85FB684D4A67
:1057D000DA62F8883A8979897B690193BB6A009318
:1057E0000346F86800F012FC0346002B52D0012358
:1057F00081E07A69B96AF86800F0A0FE0346002BE0
:105800000DD0FB681B6C042B07D1FB681B681A6862
:10581000FB681B6842F400721A6001236BE0FB68AE
:105820005B6A1A78FB681B681A61FB685B6A5A1C22
:10583000FB685A62FB681B8D013B9AB2FB681A85B4
:10584000FB685B8D9BB2013B9AB2FB685A85FB6893
:105850001B685B6903F00403042B1BD1FB681B8DE1
:10586000002B17D0FB685B6A1A78FB681B681A610B
:10587000FB685B6A5A1CFB685A62FB681B8D013B24
:105880009AB2FB681A85FB685B8D9BB2013B9AB2AA
:10589000FB685A85FB681B8D002BAAD17A69B96A0F
:1058A000F86800F093FE0346002B0DD0FB681B6CDC
:1058B000042B07D1FB681B681A68FB681B6842F45D
:1058C00000721A60012316E0FB681B681A68FB6807
:1058D0001B6842F400721A60FB68202283F83D20A6
:1058E000FB68002283F83E20FB68002283F83C20FE
:1058F000002300E0022318461837BD4680BD00BFD4
:10590000020010000000FFFF80B58CB002AFF8600D
:10591000084611461A4603467B810B463B811346D7
:10592000FB80ECF7DBF97862FB6893F83D30DBB283
:10593000202B40F014827B6A0093192301227B49BB
:10594000F86800F0E1FC0346002B01D0022307E2D7
:10595000FB6893F83C30012B01D1022300E2FB6885
:10596000012283F83C20FB681B681B6803F00103DD
:10597000012B07D0FB681B681A68FB681B6842F0A4
:1059800001021A60FB681B681A68FB681B6822F436
:1059900000621A60FB68222283F83D20FB684022E7
:1059A00083F83E20FB6800221A64FB683A6B5A6257
:1059B000FB68BA8E5A85FB685B8D9AB2FB681A85C4
:1059C000FB685B4ADA62F8883A8979897B6A0193D5
:1059D000BB6B00930346F86800F0AEFB0346002B58
:1059E00001D00123BCE1FB681B8D002B13D10023E8
:1059F0003B62FB681B685B693B62FB681B689B69D9
:105A00003B623B6AFB681B681A68FB681B6842F4D0
:105A100000721A6090E1FB681B8D012B1BD1FB68A3
:105A20001B681A68FB681B6822F480621A600023F6
:105A3000FB61FB681B685B69FB61FB681B689B691A
:105A4000FB61FB69FB681B681A68FB681B6842F412
:105A500000721A6070E1FB681B8D022B1BD1FB6882
:105A60001B681A68FB681B6822F480621A60FB6876
:105A70001B681A68FB681B6842F400621A60002306
:105A8000BB61FB681B685B69BB61FB681B689B694A
:105A9000BB61BB6950E100237B61FB681B685B69EC
:105AA0007B61FB681B689B697B617B6944E1FB68E8
:105AB0001B8D032B00F2F180FB681B8D012B23D182
:105AC0007A6AB96BF86800F0C9FD0346002B01D073
:105AD000012345E1FB681B681A69FB685B6AD2B267
:105AE0001A70FB685B6A5A1CFB685A62FB681B8D64
:105AF000013B9AB2FB681A85FB685B8D9BB2013B48
:105B00009AB2FB685A8517E1FB681B8D022B4ED1B8
:105B10007B6A0093BB6B00220649F86800F0F4FB37
:105B20000346002B08D001231AE100BF0200100039
:105B30000000FFFF04000100FB681B681A68FB6897
:105B40001B6842F400721A60FB681B681A69FB68E4
:105B50005B6AD2B21A70FB685B6A5A1CFB685A62B5
:105B6000FB681B8D013B9AB2FB681A85FB685B8D55
:105B70009BB2013B9AB2FB685A85FB681B681A69A5
:105B8000FB685B6AD2B21A70FB685B6A5A1CFB68DE
:105B90005A62FB681B8D013B9AB2FB681A85FB6851
:105BA0005B8D9BB2013B9AB2FB685A85C4E07B6A6D
:105BB0000093BB6B00226C49F86800F0A5FB03461C
:105BC000002B01D00123CBE0FB681B681A68FB683F
:105BD0001B6822F480621A60FB681B681A69FB6804
:105BE0005B6AD2B21A70FB685B6A5A1CFB685A6225
:105BF000FB681B8D013B9AB2FB681A85FB685B8DC5
:105C00009BB2013B9AB2FB685A857B6A0093BB6BDF
:105C100000225549F86800F077FB0346002B01D0BD
:105C200001239DE0FB681B681A68FB681B6842F44F
:105C300000721A60FB681B681A69FB685B6AD2B263
:105C40001A70FB685B6A5A1CFB685A62FB681B8D02
:105C5000013B9AB2FB681A85FB685B8D9BB2013BE6
:105C60009AB2FB685A85FB681B681A69FB685B6A15
:105C7000D2B21A70FB685B6A5A1CFB685A62FB68F6
:105C80001B8D013B9AB2FB681A85FB685B8D9BB24A
:105C9000013B9AB2FB685A854EE07A6AB96BF868A4
:105CA00000F0DCFC0346002B01D0012358E0FB6828
:105CB0001B681A69FB685B6AD2B21A70FB685B6A80
:105CC0005A1CFB685A62FB681B8D013B9AB2FB6849
:105CD0001A85FB685B8D9BB2013B9AB2FB685A85C3
:105CE000FB681B685B6903F00403042B24D1FB6889
:105CF0001B8D032B07D1FB681B681A68FB681B68A8
:105D000022F480621A60FB681B681A69FB685B6A90
:105D1000D2B21A70FB685B6A5A1CFB685A62FB6855
:105D20001B8D013B9AB2FB681A85FB685B8D9BB2A9
:105D3000013B9AB2FB685A85FB681B8D002B7FF4F0
:105D4000B6AEFB68202283F83D20FB68002283F872
:105D50003E20FB68002283F83C20002300E0022361
:105D600018462837BD4680BD0400010080B588B0C4
:105D700002AFF8607A603B600B467B81FB68DB6AB0
:105D80007B617B69082B06D07B69012B03D07B6983
:105D900013F5803F08D1FB681B681A68FB681B6815
:105DA00042F480721A600BE0FB681B6B122B07D168
:105DB000FB681B681A68FB681B6842F480721A60F3
:105DC0003B6800937B6800224FF00111F86800F0F7
:105DD0009BFA0346002B0DD0FB681B681B6803F47D
:105DE0008073B3F5807F03D1FB684FF400721A64AF
:105DF000032335E0FB681B69B3F5804F08D17B892D
:105E0000DBB21A46FB681B6802F0FE021A611BE057
:105E10007B89DB11DBB203F00603DBB263F00F0317
:105E2000DAB2FB681B681A613B687A680E49F86849
:105E300000F0E4FA0346002B01D0012310E07B8937
:105E4000DAB2FB681B681A613B687A680749F86830
:105E500000F0D4FA0346002B01D0012300E0002318
:105E600018461837BD4680BD080001000200010039
:105E700080B588B002AFF8607A603B600B467B81EA
:105E8000FB68DB6A7B61FB681B681A68FB681B6840
:105E900042F480621A607B69082B06D07B69012B73
:105EA00003D07B6913F5803F08D1FB681B681A6833
:105EB000FB681B6842F480721A600BE0FB681B6B86
:105EC000112B07D1FB681B681A68FB681B6842F43A
:105ED00080721A603B6800937B6800224FF00111CA
:105EE000F86800F011FA0346002B0DD0FB681B6820
:105EF0001B6803F48073B3F5807F03D1FB684FF414
:105F000000721A64032379E0FB681B69B3F5804FC4
:105F100008D17B89DBB243F00103DAB2FB681B686E
:105F20001A615FE07B89DB11DBB203F00603DBB2B1
:105F300063F00F03DAB2FB681B681A613B687A688A
:105F40003049F86800F05AFA0346002B01D00123CB
:105F500054E07B89DAB2FB681B681A613B687A6897
:105F60002949F86800F04AFA0346002B01D00123C2
:105F700044E000233B61FB681B685B693B61FB6895
:105F80001B689B693B613B69FB681B681A68FB687F
:105F90001B6842F480721A603B6800937B680022A1
:105FA0004FF00111F86800F0AFF90346002B0DD057
:105FB000FB681B681B6803F48073B3F5807F03D113
:105FC000FB684FF400721A64032317E07B89DB112E
:105FD000DBB203F00603DBB263F00E03DAB2FB6858
:105FE0001B681A613B687A680749F86800F006FA8E
:105FF0000346002B01D0012300E000231846183788
:10600000BD4680BD080001000200010080B588B0D7
:1060100002AFF860084611461A4603467B810B46DC
:106020003B811346FB80FB681B681A68FB681B6892
:1060300042F480721A607B6A00933B6A00224FF040
:106040000111F86800F060F90346002B0DD0FB68E1
:106050001B681B6803F48073B3F5807F03D1FB6872
:106060004FF400721A6403235FE07B89DBB21A46A7
:10607000FB681B6802F0FE021A617B6A3A6A2D49CE
:10608000F86800F0BBF90346002B01D001234CE077
:1060900000237B61FB681B685B697B61FB681B6895
:1060A0009B697B617B697A6A396AF86800F046FA15
:1060B0000346002B0DD0FB681B6C042B07D1FB683B
:1060C0001B681A68FB681B6842F400721A6001239F
:1060D0002BE0FB88012B05D13B89DAB2FB681B68FA
:1060E0001A6121E03B891B0A9BB2DAB2FB681B688C
:1060F0001A617A6A396AF86800F020FA0346002BC0
:106100000DD0FB681B6C042B07D1FB681B681A6859
:10611000FB681B6842F400721A60012305E03B89AA
:10612000DAB2FB681B681A61002318461837BD46AF
:1061300080BD00BF0200010080B588B002AFF860EA
:10614000084611461A4603467B810B463B8113469F
:10615000FB80FB681B681A68FB681B6842F480625E
:106160001A60FB681B681A68FB681B6842F480723F
:106170001A607B6A00933B6A00224FF00111F868B5
:1061800000F0C2F80346002B0DD0FB681B681B68AB
:1061900003F48073B3F5807F03D1FB684FF4007282
:1061A0001A640323AAE07B89DBB21A46FB681B68EA
:1061B00002F0FE021A617B6A3A6A5249F86800F0FE
:1061C0001DF90346002B01D0012397E000237B61DA
:1061D000FB681B685B697B61FB681B689B697B6173
:1061E0007B697A6A396AF86800F0A8F90346002BDF
:1061F0000DD0FB681B6C042B07D1FB681B681A6869
:10620000FB681B6842F400721A60012376E0FB8889
:10621000012B05D13B89DAB2FB681B681A6121E0CA
:106220003B891B0A9BB2DAB2FB681B681A617A6A67
:10623000396AF86800F082F90346002B0DD0FB683C
:106240001B6C042B07D1FB681B681A68FB681B6872
:1062500042F400721A60012350E03B89DAB2FB6815
:106260001B681A617A6A396AF86800F067F90346B0
:10627000002B0DD0FB681B6C042B07D1FB681B683F
:106280001A68FB681B6842F400721A60012335E04B
:10629000FB681B681A68FB681B6842F480721A600E
:1062A0007B6A00933B6A00224FF00111F86800F00E
:1062B0002BF80346002B0DD0FB681B681B6803F40A
:1062C0008073B3F5807F03D1FB684FF400721A64CA
:1062D000032313E07B89DBB243F00103DAB2FB68EE
:1062E0001B681A617B6A3A6A0649F86800F086F80A
:1062F0000346002B01D0012300E000231846183785
:10630000BD4680BD0200010080B584B000AFF860DA
:10631000B9603B601346FB7148E03B68B3F1FF3F57
:1063200044D0EBF7DBFC0246BB69D31A3A689A42C9
:1063300002D33B68002B39D1BB681B0CDBB2012BAD
:106340000DD1FB681B685B69DA43BB6813409BB2E5
:10635000002B0CBF01230023DBB21A460CE0FB68C4
:106360001B689B69DA43BB6813409BB2002B0CBFD0
:1063700001230023DBB21A46FB799A4216D1FB684F
:1063800000221A63FB68202283F83D20FB6800226C
:1063900083F83E20FB681B6C43F02002FB681A6404
:1063A000FB68002283F83C20012323E0BB681B0C20
:1063B000DBB2012B0DD1FB681B685B69DA43BB685C
:1063C00013409BB2002B0CBF01230023DBB21A4603
:1063D0000CE0FB681B689B69DA43BB6813409BB207
:1063E000002B0CBF01230023DBB21A46FB799A4233
:1063F00093D0002318461037BD4680BD80B584B0C9
:1064000000AFF860B9607A603B6071E0FB681B68C0
:106410005B6903F48063B3F5806F23D1FB681B686D
:106420001A68FB681B6842F400721A60FB681B68FC
:106430006FF480625A61FB6800221A63FB682022B5
:1064400083F83D20FB68002283F83E20FB681B6C2C
:1064500043F00402FB681A64FB68002283F83C20C6
:10646000012367E07B68B3F1FF3F41D0EBF736FCD7
:1064700002463B68D31A7A689A4202D37B68002BA3
:1064800036D1BB681B0CDBB2012B0CD1FB681B683F
:106490005B69DA43BB6813409BB2002B14BF012336
:1064A0000023DBB20BE0FB681B689B69DA43BB6827
:1064B00013409BB2002B14BF01230023DBB2002B3F
:1064C00016D0FB6800221A63FB68202283F83D2067
:1064D000FB68002283F83E20FB681B6C43F020021F
:1064E000FB681A64FB68002283F83C20012321E04A
:1064F000BB681B0CDBB2012B0CD1FB681B685B6912
:10650000DA43BB6813409BB2002B14BF0123002366
:10651000DBB20BE0FB681B689B69DA43BB68134086
:106520009BB2002B14BF01230023DBB2002B7FF4AE
:106530006DAF002318461037BD4680BD80B584B0CE
:1065400000AFF860B9607A6034E0F86800F0E3F812
:106550000346002B01D0012334E0BB68B3F1FF3FB9
:1065600028D0EBF7BBFB02467B68D31ABA689A4285
:1065700002D3BB68002B1DD1FB681B685B6903F06D
:106580008003802B16D0FB6800221A63FB68202250
:1065900083F83D20FB68002283F83E20FB681B6CDB
:1065A00043F02002FB681A64FB68002283F83C2059
:1065B000012307E0FB681B685B6903F08003802B05
:1065C000C3D1002318461037BD4680BD80B584B0C6
:1065D00000AFF860B9607A6034E0F86800F09BF8CA
:1065E0000346002B01D0012334E0BB68B3F1FF3F29
:1065F00028D0EBF773FB02467B68D31ABA689A423D
:1066000002D3BB68002B1DD1FB681B685B6903F0DC
:106610000403042B16D0FB6800221A63FB682022B7
:1066200083F83D20FB68002283F83E20FB681B6C4A
:1066300043F02002FB681A64FB68002283F83C20C8
:10664000012307E0FB681B685B6903F00403042B6C
:10665000C3D1002318461037BD4680BD80B584B035
:1066600000AFF860B9607A6049E0FB681B685B695D
:1066700003F01003102B19D1FB681B686FF0100298
:106680005A61FB6800221A63FB68202283F83D20D0
:10669000FB68002283F83E20FB681A6CFB681A64D2
:1066A000FB68002283F83C20012330E0EBF716FB67
:1066B00002467B68D31ABA689A4202D3BB68002BA1
:1066C0001DD1FB681B685B6903F04003402B16D0AB
:1066D000FB6800221A63FB68202283F83D20FB68D8
:1066E000002283F83E20FB681B6C43F02002FB680D
:1066F0001A64FB68002283F83C20012307E0FB6852
:106700001B685B6903F04003402BAED100231846A1
:106710001037BD4680BD80B483B000AF78607B6821
:106720001B685B6903F48063B3F5806F1BD17B68E2
:106730001B686FF480625A617B6800221A637B6871
:10674000202283F83D207B68002283F83E207B686E
:106750001B6C43F004027B681A647B68002283F898
:106760003C20012300E0002318460C37BD465DF8AD
:10677000047B704780B586B000AF78607B68002BE3
:1067800001D1012367E27B681B6803F00103002B42
:1067900075D0884B9B6803F00C03042B0CD0854B01
:1067A0009B6803F00C03082B12D1824B5B6803F447
:1067B0008003B3F5800F0BD17E4B1B6803F40033CD
:1067C000002B5BD07B685B68002B57D1012342E232
:1067D0007B685B68B3F5803F06D1764B1B68754AD2
:1067E00043F4803313601DE07B685B68B3F5A02F32
:1067F0000CD1704B1B686F4A43F4802313606D4BC0
:106800001B686C4A43F4803313600BE0694B1B68D0
:10681000684A23F480331360664B1B68654A23F48F
:10682000802313607B685B68002B13D0EBF756FA6C
:10683000386108E0EBF752FA02463B69D31A642B41
:1068400001D9032307E25B4B1B6803F40033002BE1
:10685000F0D014E0EBF742FA386108E0EBF73EFACB
:1068600002463B69D31A642B01D90323F3E1514B50
:106870001B6803F40033002BF0D100E000BF7B68FD
:106880001B6803F00203002B63D04A4B9B6803F0A4
:106890000C03002B0BD0474B9B6803F00C03082B19
:1068A0001CD1444B5B6803F48003002B16D1414B91
:1068B0001B6803F00203002B05D07B68DB68012B0B
:1068C00001D00123C7E13B4B1B6823F0F8027B6832
:1068D0001B69DB00374913430B603AE07B68DB68D8
:1068E000002B20D0344B01221A60EBF7F7F9386106
:1068F00008E0EBF7F3F902463B69D31A022B01D902
:106900000323A8E12B4B1B6803F00203002BF0D0FC
:10691000284B1B6823F0F8027B681B69DB002549C4
:1069200013430B6015E0244B00221A60EBF7D6F9F5
:10693000386108E0EBF7D2F902463B69D31A022B23
:1069400001D9032387E11B4B1B6803F00203002BD3
:10695000F0D17B681B6803F00803002B36D07B68FE
:106960005B69002B16D0154B01221A60EBF7B6F9C4
:10697000386108E0EBF7B2F902463B69D31A022B03
:1069800001D9032367E10B4B5B6F03F00203002B7C
:10699000F0D01BE0094B00221A60EBF79FF9386139
:1069A0000EE0EBF79BF902463B69D31A022B07D99D
:1069B000032350E10038024000004742800E474266
:1069C000884B5B6F03F00203002BEAD17B681B68E6
:1069D00003F00403002B00F097800023FB75814B2C
:1069E0001B6C03F08053002B0FD10023BB607D4B49
:1069F0001B6C7C4A43F0805313647A4B1B6C03F08E
:106A00008053BB60BB680123FB75774B1B6803F4A5
:106A10008073002B18D1744B1B68734A43F4807346
:106A20001360EBF75BF9386108E0EBF757F90246C2
:106A30003B69D31A022B01D903230CE16A4B1B6873
:106A400003F48073002BF0D07B689B68012B06D188
:106A5000644B1B6F634A43F0010313671CE07B68C0
:106A60009B68052B0CD15F4B1B6F5E4A43F0040300
:106A700013675C4B1B6F5B4A43F0010313670BE02A
:106A8000584B1B6F574A23F001031367554B1B6F7D
:106A9000544A23F0040313677B689B68002B15D0CE
:106AA000EBF71CF938610AE0EBF718F902463B698D
:106AB000D31A41F28832934201D90323CBE0494BE8
:106AC0001B6F03F00203002BEED014E0EBF706F986
:106AD00038610AE0EBF702F902463B69D31A41F24A
:106AE0008832934201D90323B5E03E4B1B6F03F07C
:106AF0000203002BEED1FB7D012B05D1394B1B6C22
:106B0000384A23F0805313647B689B69002B00F0A4
:106B1000A180344B9B6803F00C03082B5CD07B688E
:106B20009B69022B41D1314B00221A60EBF7D6F85A
:106B3000386108E0EBF7D2F802463B69D31A022B22
:106B400001D9032387E0274B1B6803F00073002B58
:106B5000F0D17B68DA697B681B6A1A437B685B6AE1
:106B60009B011A437B689B6A5B08013B1B041A4329
:106B70007B68DB6A1B061B4913434B601B4B0122DE
:106B80001A60EBF7ABF8386108E0EBF7A7F80246BC
:106B90003B69D31A022B01D903235CE0114B1B681C
:106BA00003F00073002BF0D054E0104B00221A6069
:106BB000EBF794F8386108E0EBF790F802463B6990
:106BC000D31A022B01D9032345E0064B1B6803F0BF
:106BD0000073002BF0D13DE07B689B69012B07D14E
:106BE000012338E000380240007000406000474256
:106BF0001B4B5B68FB607B689B69012B28D0FB68A3
:106C000003F480027B68DB699A4221D1FB6803F0C0
:106C10003F027B681B6A9A421AD1FA6847F6C07332
:106C200013407A68526A9201934211D1FB6803F4CF
:106C300040327B689B6A5B08013B1B049A4207D188
:106C4000FB6803F070627B68DB6A1B069A4201D026
:106C5000012300E0002318461837BD4680BD00BF61
:106C60000038024080B584B000AF786039607B683E
:106C7000002B01D10123CCE0684B1B6803F0070314
:106C80003A689A420CD9654B3A68D2B21A70634B93
:106C90001B6803F007033A689A4201D00123B8E069
:106CA0007B681B6803F00203002B20D07B681B6805
:106CB00003F00403002B05D0594B9B68584A43F45A
:106CC000E05393607B681B6803F00803002B05D03A
:106CD000534B9B68524A43F460439360504B9B680C
:106CE00023F0F0027B689B684D4913438B607B68FF
:106CF0001B6803F00103002B44D07B685B68012B09
:106D000007D1474B1B6803F40033002B19D1012333
:106D10007FE07B685B68022B03D07B685B68032B9A
:106D200007D13F4B1B6803F00073002B09D10123EF
:106D30006FE03B4B1B6803F00203002B01D10123E2
:106D400067E0374B9B6823F003027B685B6834493C
:106D500013438B60EAF7C2FFF8600AE0EAF7BEFF70
:106D60000246FB68D31A41F28832934201D90323C9
:106D70004FE02B4B9B6803F00C027B685B689B0029
:106D80009A42EBD1254B1B6803F007033A689A42FD
:106D90000CD2224B3A68D2B21A70204B1B6803F017
:106DA00007033A689A4201D0012332E07B681B68EE
:106DB00003F00403002B08D0194B9B6823F4E05226
:106DC0007B68DB68164913438B607B681B6803F0A4
:106DD0000803002B09D0124B9B6823F460427B68A8
:106DE0001B69DB000E4913438B6000F021F802465B
:106DF0000B4B9B681B0903F00F030A49CB5C22FA7B
:106E000003F3094A1360094B1B681846EBF73CFE75
:106E1000002318461037BD4680BD00BF003C02402D
:106E200000380240E8C2020838020020A402002014
:106E30002DE9B04F90B000AF00237B630023FB63CC
:106E400000233B630023BB63594B9B6803F00C0397
:106E5000082B0DD0082B00F2A180002B02D0042BB0
:106E600003D09BE0534BBB639BE0534BBB6398E069
:106E70004F4B5B6803F03F037B634D4B5B6803F450
:106E80008003002B28D04A4B5B689B0900223B62A1
:106E90007A623B6AC3F308000021474B03FB01F20F
:106EA000002300FB03F31344434AA0FB0212FA62DF
:106EB0000A46BA62FA6A1344FB627B6B0022BB612A
:106EC000FA61D7E90623D7E90A01E9F73DFF02464F
:106ED0000B461346FB6353E0354B5B689B0900226E
:106EE0003B617A613B69C3F3080A4FF0000B5246DD
:106EF0005B464FF000004FF00001590141EAD261BA
:106F0000500102460B46B2EB0A0863EB0B094FF047
:106F100000024FF000034FEA891343EA98634FEAF7
:106F20008812B2EB080463EB09054FF000024FF042
:106F30000003EB0043EA5473E20014461D4614EBD1
:106F40000A033B6045EB0B037B604FF000024FF000
:106F50000003D7E9004529468B02214643EA9153B5
:106F600021468A02104619467B6B0022BB60FA60FC
:106F7000D7E90223E9F7E8FE02460B461346FB6316
:106F80000B4B5B681B0C03F0030301335B003B639B
:106F9000FA6B3B6BB2FBF3F3BB6302E0054BBB63E5
:106FA00000BFBB6B18464037BD46BDE8B08F00BF81
:106FB000003802400024F40040787D0180B400AF26
:106FC000034B1B681846BD465DF8047B704700BF45
:106FD0003802002080B500AFFFF7F0FF0246054BF6
:106FE0009B689B0A03F007030349CB5C22FA03F377
:106FF000184680BD00380240F8C2020880B500AFD4
:10700000FFF7DCFF0246054B9B685B0B03F00703B1
:107010000349CB5C22FA03F3184680BD00380240D6
:10702000F8C2020880B483B000AF786039607B6832
:107030000F221A60124B9B6803F003027B685A60B0
:107040000F4B9B6803F0F0027B689A600C4B9B68C7
:1070500003F4E0527B68DA60094B9B68DB0803F4B9
:10706000E0527B681A61074B1B6803F007023B681C
:107070001A6000BF0C37BD465DF8047B704700BF47
:1070800000380240003C024080B586B000AF786016
:1070900000237B6100233B617B681B6803F00103D5
:1070A000002B05D17B681B6803F00403002B35D04F
:1070B000624B00221A60EAF711FE786108E0EAF7F5
:1070C0000DFE02467B69D31A022B01D90323B0E0DF
:1070D0005B4B1B6803F00063002BF0D17B685B689F
:1070E0009A017B689B681B0755491343C1F884309C
:1070F000524B01221A60EAF7F1FD786108E0EAF7E5
:10710000EDFD02467B69D31A022B01D9032390E0DF
:107110004B4B1B6803F00063002BF0D07B681B68AF
:1071200003F00203002B00F083800023FB60444B3C
:107130001B6C434A43F080531364414B1B6C03F0B8
:107140008053FB60FB683F4B1B683E4A43F48073EF
:107150001360EAF7C3FD786108E0EAF7BFFD024675
:107160007B69D31A022B01D9032362E0354B1B68DC
:1071700003F48073002BF0D0314B1B6F03F440738A
:107180003B613B69002B2FD07B68DB6803F44073C5
:107190003A699A4228D02A4B1B6F23F440733B6113
:1071A000294B01221A60284B00221A60244A3B69AD
:1071B0001367234B1B6F03F00103012B14D1EAF774
:1071C0008DFD78610AE0EAF789FD02467B69D31AF2
:1071D00041F28832934201D903232AE0184B1B6FF6
:1071E00003F00203002BEED07B68DB6803F44073EE
:1071F000B3F5407F0DD1124B9B6823F4F8127B68E6
:10720000DB6823F0704323F440730D4913438B6014
:1072100005E00B4B9B680A4A23F4F8139360084B74
:107220001A6F7B68DB68C3F30B03054913430B67D5
:10723000002318461837BD4680BD00BF680047428E
:107240000038024000700040400E474280B584B0D4
:1072500000AF78600123FB737B68002B01D1012311
:1072600073E07B685B7FDBB2002B05D17B6800227B
:107270001A777868EBF77EF87B6802225A777B688A
:107280001B68DB6803F01003102B55D07B681B686C
:10729000CA225A627B681B6853225A62786800F0DF
:1072A000D3FB0346FB73FB7B002B2CD17B681B6855
:1072B0009B687A68126823F4E00323F0400393602C
:1072C0007B681B6899687B685A687B681B691A43EE
:1072D0007B685B691A437B681B680A439A607B681A
:1072E0001B687A68D2681A617B681B6819697B68B9
:1072F0009B681A047B681B680A431A61786800F06F
:10730000DAFB0346FB73FB7B002B10D17B681B6809
:107310001A6C7B681B6822F480221A647B681B68E5
:10732000196C7B689A697B681B680A431A647B68DE
:107330001B68FF225A6201E00023FB73FB7B002BDA
:1073400002D17B6801225A77FB7B18461037BD4675
:1073500080BD90B587B000AFF860B9607A60002357
:107360007B61FB681B7F012B01D1022387E0FB6857
:1073700001221A77FB6802225A777B68002B26D1FC
:10738000FB681B689B6803F04003002B02D1BB68BD
:107390000022DA70BB681B78184600F0B1FB034688
:1073A0001C04BB685B78184600F0AAFB03461B026E
:1073B0001C43BB689B78184600F0A2FB034644EAD6
:1073C0000302BB68DB789B0513437B6118E0FB6815
:1073D0001B689B6803F04003002B02D1BB680022AE
:1073E000DA70BB681B781A04BB685B781B02134316
:1073F000BA6892781A43BB68DB789B0513437B61BC
:10740000FB681B68CA225A62FB681B6853225A62D7
:10741000F86800F019FB0346FB74FB7C002B20D1BD
:10742000FB681A687B6903F07F3323F0FE43136027
:10743000FB681B689A68FB681B6822F480229A60CC
:10744000FB681B689968BB68DA68BB681B691A43EC
:10745000FB681B680A439A60F86800F02CFB03463F
:10746000FB74FB7C002B02D1FB6801225A77FB687E
:107470001B68FF225A62FB6800221A77FB7C1846C1
:107480001C37BD4690BD80B586B000AFF860B960CE
:107490007A6000237B61FB681B689A6ABB685A604C
:1074A000FB681B681B69C3F30E02BB689A60FB682C
:1074B0001B681B6803F07F3323F0FE437B617B690D
:1074C0001B0CDBB203F03F03DAB2BB681A707B69B6
:1074D0001B0ADBB203F07F03DAB2BB685A707B6928
:1074E000DBB203F07F03DAB2BB689A707B699B0D55
:1074F000DBB203F00103DAB2BB68DA707B68002B01
:107500001AD1BB681B78184600F018FB03461A46D0
:10751000BB681A70BB685B78184600F00FFB034627
:107520001A46BB685A70BB689B78184600F006FB89
:1075300003461A46BB689A70002318461837BD46A2
:1075400080BD90B587B000AFF860B9607A60002365
:107550007B61FB681B7F012B01D1022371E0FB687B
:1075600001221A77FB6802225A777B68002B0ED122
:10757000BB685B7803F01003002B08D0BB685B7816
:1075800023F01003DBB20A33DAB2BB685A707B68AF
:10759000002B1CD1BB68DB78184600F0B1FA03461B
:1075A0001C04BB685B78184600F0AAFA03461B026D
:1075B0001C43BB689B78184600F0A2FA034644EAD5
:1075C0000302BB681B785B0313437B610EE0BB685F
:1075D000DB781A04BB685B781B021343BA689278A5
:1075E0001A43BB681B785B0313437B61FB681B6812
:1075F000CA225A62FB681B6853225A62F86800F07C
:1076000023FA0346FB74FB7C002B0CD1FB681A6841
:107610007B6923F07F4323F0C0035360F86800F0D8
:107620004AFA0346FB74FB7C002B02D1FB68012263
:107630005A77FB681B68FF225A62FB6800221A77A0
:10764000FB7C18461C37BD4690BD80B586B000AFA8
:10765000F860B9607A6000237B61FB681B685B6837
:1076600023F07F4323F0C0037B617B691B0CDAB2FC
:10767000BB68DA707B691B0ADBB203F01F03DAB266
:10768000BB685A707B69DBB203F03F03DAB2BB68B8
:107690009A707B695B0BDBB203F00703DAB2BB685D
:1076A0001A707B68002B1AD1BB68DB78184600F093
:1076B00045FA03461A46BB68DA70BB685B78184621
:1076C00000F03CFA03461A46BB685A70BB689B78C8
:1076D000184600F033FA03461A46BB689A70002336
:1076E00018461837BD4680BD90B589B000AFF86028
:1076F000B9607A609B4B1B689B4AA2FB0323DB0AA1
:107700004FF47A7202FB03F37B610023FB610023D9
:10771000BB61FB681B7F012B01D102231EE1FB68CB
:1077200001221A77FB6802225A777B68002B37D137
:10773000FB681B689B6803F04003002B02D1BB6809
:107740000022DA70BB681B78184600F0D9F90346AE
:107750001C04BB685B78184600F0D2F903461B0294
:107760001C43BB689B78184600F0CAF9034644EAFC
:107770000302BB68DB789B0542EA0304BB6893F80D
:107780002030184600F0BCF903461B0644EA030209
:10779000BB68DB691A43BB685B691343FB6123E089
:1077A000FB681B689B6803F04003002B02D1BB6899
:1077B0000022DA70BB681B781A04BB685B781B0276
:1077C0001343BA6892781A43BB68DB789B051A4367
:1077D000BB6893F820301B061A43BB68DB691A4369
:1077E000BB685B691343FB61BB685A68BB689B69F4
:1077F0001343BB61FB681B68CA225A62FB681B68A3
:1078000053225A62BB685B6AB3F5807F42D1FB6842
:107810001B689A68FB681B6822F480729A60FB6898
:107820001B68DB68DAB2FB681B6862F4C072DA605E
:107830007B69013B7B617B69002B0BD1FB681B687B
:10784000FF225A62FB6803225A77FB6800221A77EC
:10785000032383E0FB681B68DB6803F00103002B54
:10786000E6D0FB681B68FA69DA61FB681B68BA69D5
:107870005A64FB681B689A68FB681B6842F4807254
:107880009A60FB681B689A68FB681B6842F4805228
:107890009A604CE0FB681B689A68FB681B6822F4DE
:1078A00000729A60FB681B68DB68DAB2FB681B68D1
:1078B00062F42072DA602B4B1B682B4AA2FB032375
:1078C000DB0A4FF47A7202FB03F37B617B69013BB5
:1078D0007B617B69002B0BD1FB681B68FF225A621E
:1078E000FB6803225A77FB6800221A77032335E0EE
:1078F000FB681B68DB6803F00203002BE6D0FB6823
:107900001B68FA691A62FB681B68BA699A64FB68AB
:107910001B689A68FB681B6842F400729A60FB68F7
:107920001B689A68FB681B6842F400529A600F4B10
:107930001B680E4A43F4003313600C4B9B680B4AE0
:1079400043F400339360FB681B68FF225A62FB68B4
:1079500001225A77FB6800221A7700231846243741
:10796000BD4690BD38020020D34D6210003C01405E
:1079700080B582B000AF78601F4B4FF400325A617F
:107980007B681B689B6803F48053002B12D07B68D4
:107990001B68DB6803F48073002B0BD07B681B68CB
:1079A000DB68DAB27B681B6862F4C072DA60786800
:1079B000EAF766FB7B681B689B6803F40053002BA7
:1079C00012D07B681B68DB6803F40073002B0BD0BC
:1079D0007B681B68DB68DAB27B681B6862F4207224
:1079E000DA60786800F0C8F87B6801225A7700BF37
:1079F0000837BD4680BD00BF003C014080B584B063
:107A000000AF78600023FB607B681B680D4ADA607A
:107A1000EAF764F9F86009E0EAF760F90246FB6802
:107A2000D31AB3F57A7F01D9032307E07B681B687B
:107A3000DB6803F02003002BEED00023184610373C
:107A4000BD4680BD5F7F010080B584B000AF786027
:107A50000023BB600023FB737B681B68DB6803F0BB
:107A60004003002B22D17B681B68DA687B681B68A7
:107A700042F08002DA60EAF731F9B8600CE0EAF728
:107A80002DF90246BB68D31AB3F57A7F04D97B6817
:107A900004225A770123FB737B681B68DB6803F0C1
:107AA0004003002B02D1FB7B012BE8D1FB7B184666
:107AB0001037BD4680BD80B584B000AF786000232C
:107AC000FB737B681B68DA687B681B6822F08002A6
:107AD000DA607B681B689B6803F02003002B0AD1E7
:107AE0007868FFF78BFF0346002B04D07B680422E5
:107AF0005A770123FB73FB7B18461037BD4680BDC8
:107B000080B485B000AF0346FB710023FB6005E045
:107B1000FB680133FB60FB790A3BFB71FB79092BA6
:107B2000F6D8FB68DBB21B01DAB2FB791343DBB298
:107B300018461437BD465DF8047B704780B485B0A5
:107B400000AF0346FB710023FB60FB791B09DBB22E
:107B50001A4613469B0013445B00FB60FB68DAB2D5
:107B6000FB7903F00F03DBB21344DBB21846143782
:107B7000BD465DF8047B704780B483B000AF786089
:107B800000BF0C37BD465DF8047B704780B582B0FE
:107B900000AF78607B68002B01D1012322E07B6875
:107BA00093F83430DBB2002B05D17B6800221A77C2
:107BB0007868EAF711FC7B68032283F83420786840
:107BC00000F014F80346002B01D001230AE07B6883
:107BD00000229A637B6800221A637B68012283F883
:107BE0003420002318460837BD4680BDB0B58EB09E
:107BF00004AF78600023BB600023FB6000233B617F
:107C000000237B610023BB617623FB617B681D68D9
:107C10006C4607F1140393E8070084E8070007F1B6
:107C200008030ECB284603F0FDFE034687F82730F5
:107C300097F82730002B01D001234FE0294B002279
:107C40001A607B681B68184603F035FF254B01223C
:107C50001A600220EAF75CF8786801F097F8386259
:107C60003B6A002B0BD07B68012283F834207B68B1
:107C70009A6B3B6A1A437B689A6301232EE078680B
:107C800000F0B6FF38623B6A002B0BD07B68012204
:107C900083F834207B689A6B3B6A1A437B689A634B
:107CA00001231BE07B681B684FF40071184603F04A
:107CB000A2FF38623B6A002B0FD07B681B680A4A20
:107CC0009A637B689A6B3B6A1A437B689A637B680A
:107CD000012283F83420012300E0002318462837CE
:107CE000BD46B0BDA0802542FF05400080B582B0F2
:107CF00000AF78607B68002B01D1012311E07B6825
:107D0000032283F83420786801F0CEF87868EAF727
:107D10006FFC7B6800229A637B68002283F8342022
:107D2000002318460837BD4680BD000080B592B0DC
:107D300000AFF860B9607A603B60E9F7CFFF386365
:107D40007B68BB63BB687B63BB68002B07D1FB68A8
:107D50009B6B43F00062FB689A630123C5E1FB68FB
:107D600093F83430DBB2012B40F0B881FB6800227D
:107D70009A63BA6B3B681A44FB68DB6D9A4207D979
:107D8000FB689B6B43F00072FB689A630123ACE1D4
:107D9000FB68032283F83420FB681B680022DA6248
:107DA000FB685B6C012B02D0BB6B5B02BB634FF0CB
:107DB000FF337B613B685B02BB619023FB61022365
:107DC0003B6200237B620123BB62FB681B6807F1F7
:107DD00014021146184603F0E2FE3B68012B0AD953
:107DE000FB6802221A63FB681B68B96B184603F034
:107DF00046FF786409E0FB6801221A63FB681B6890
:107E0000B96B184603F019FF78647B6C002B12D015
:107E1000FB681B687E4A9A63FB689A6B7B6C1A430B
:107E2000FB689A63FB68012283F83420FB68002218
:107E30001A63012359E1BB69FB6361E0FB681B68BE
:107E40005B6B03F40043002B3CD0FB6B002B39D061
:107E500000233B6433E0FB681B68184603F00DFE0B
:107E6000F862FB6ADAB27B6B1A707B6B01337B635F
:107E7000FB6B013BFB63FB6A1B0ADAB27B6B1A707C
:107E80007B6B01337B63FB6B013BFB63FB6A1B0C6E
:107E9000DAB27B6B1A707B6B01337B63FB6B013B4C
:107EA000FB63FB6A1B0EDAB27B6B1A707B6B0133D0
:107EB0007B63FB6B013BFB633B6C01333B643B6CC3
:107EC000072BC8D9E9F70AFF02463B6BD31A3A6D74
:107ED0009A4202D93B6D002B12D1FB681B684C4AB9
:107EE0009A63FB689B6B43F00042FB689A63FB68F4
:107EF000012283F83420FB6800221A630323F4E094
:107F0000FB681B685A6B40F22A331340002B95D054
:107F1000FB681B685B6B03F48073002B22D03B680B
:107F2000012B1FD9FB685B6C032B1BD0FB681B6804
:107F3000184603F00BFF78647B6C002B12D0FB68B3
:107F40001B68334A9A63FB689A6B7B6C1A43FB6825
:107F50009A63FB68012283F83420FB6800221A63CD
:107F60000123C2E0FB681B685B6B03F00803002B76
:107F700006D1FB681B685B6B03F40073002B12D007
:107F8000FB681B68224A9A63FB689B6B43F00802FC
:107F9000FB689A63FB68012283F83420FB680022A7
:107FA0001A630123A1E0FB681B685B6B03F002030B
:107FB000002B12D0FB681B68154A9A63FB689B6B09
:107FC00043F00202FB689A63FB68012283F83420C5
:107FD000FB6800221A63012387E0FB681B685B6B68
:107FE00003F02003002B64D0FB681B68084A9A63E7
:107FF000FB689B6B43F02002FB689A63FB680122DD
:1080000083F83420FB6800221A6301236DE000BF6F
:10801000FF054000FB681B68184603F02EFDF86260
:10802000FB6ADAB27B6B1A707B6B01337B63FB6B91
:10803000013BFB63FB6A1B0ADAB27B6B1A707B6B3A
:1080400001337B63FB6B013BFB63FB6A1B0CDAB206
:108050007B6B1A707B6B01337B63FB6B013BFB63B8
:10806000FB6A1B0EDAB27B6B1A707B6B01337B638E
:10807000FB6B013BFB63E9F731FE02463B6BD31A16
:108080003A6D9A4202D93B6D002B12D1FB681B68F6
:10809000184A9A63FB689B6B43F00042FB689A6343
:1080A000FB68012283F83420FB6800221A63012355
:1080B0001BE0FB681B685B6B03F40013002B02D012
:1080C000FB6B002BA6D1FB681B6840F23A529A6307
:1080D000FB68012283F83420002306E0FB689B6BD9
:1080E00043F00052FB689A63012318464837BD46A7
:1080F00080BD00BFFF05400080B592B000AFF860C2
:10810000B9607A603B60E9F7E9FD38637B68BB637F
:10811000BB687B63BB68002B07D1FB689B6B43F09C
:108120000062FB689A6301236DE1FB6893F83430C9
:10813000DBB2012B40F06081FB6800229A63BA6BCE
:108140003B681A44FB68DB6D9A4207D9FB689B6B5E
:1081500043F00072FB689A63012354E1FB68032239
:1081600083F83420FB681B680022DA62FB685B6CD2
:10817000012B02D0BB6B5B02BB634FF0FF33BB61D3
:108180003B685B02FB6190233B6200237B62002320
:10819000BB620123FB62FB681B6807F118021146F2
:1081A000184603F0FCFC3B68012B0AD9FB6820222F
:1081B0001A63FB681B68B96B184603F0A4FD78646A
:1081C00009E0FB6810221A63FB681B68B96B18464C
:1081D00003F077FD78647B6C002B12D0FB681B6882
:1081E0008B4A9A63FB689A6B7B6C1A43FB689A63B1
:1081F000FB68012283F83420FB6800221A63012304
:1082000001E1FB69FB6365E0FB681B685B6B03F4E2
:108210008043002B40D0FB6B002B3DD000233B6400
:1082200037E07B6B1B787B617B6B01337B63FB6B84
:10823000013BFB637B6B1B781A027B6913437B61F9
:108240007B6B01337B63FB6B013BFB637B6B1B78BD
:108250001A047B6913437B617B6B01337B63FB6B8C
:10826000013BFB637B6B1B781A067B6913437B61C5
:108270007B6B01337B63FB6B013BFB63FB681B6820
:1082800007F114021146184603F004FC3B6C01335D
:108290003B643B6C072BC4D9E9F720FD02463B6BDE
:1082A000D31A3A6D9A4202D93B6D002B12D1FB686A
:1082B0001B68574A9A63FB689A6B7B6C1A43FB688E
:1082C0009A63FB68012283F83420FB6800221A635A
:1082D000032398E0FB681B685A6B40F21A33134083
:1082E000002B91D0FB681B685B6B03F48073002B41
:1082F00022D03B68012B1FD9FB685B6C032B1BD082
:10830000FB681B68184603F021FD78647B6C002B2A
:1083100012D0FB681B683E4A9A63FB689A6B7B6CC1
:108320001A43FB689A63FB68012283F83420FB68D8
:1083300000221A63012366E0FB681B685B6B03F095
:108340000803002B06D1FB681B685B6B03F400730A
:10835000002B12D0FB681B682D4A9A63FB689B6B4D
:1083600043F00802FB689A63FB68012283F834201B
:10837000FB6800221A63012345E0FB681B685B6B06
:1083800003F00203002B12D0FB681B68204A9A639B
:10839000FB689B6B43F00202FB689A63FB68012257
:1083A00083F83420FB6800221A6301232BE0FB686A
:1083B0001B685B6B03F01003002B12D0FB681B687B
:1083C000134A9A63FB689B6B43F01002FB689A6345
:1083D000FB68012283F83420FB6800221A63012322
:1083E00011E0FB681B6840F23A529A63FB68012275
:1083F00083F83420002306E0FB689B6B43F00052B7
:10840000FB689A63012318464837BD4680BD00BF0C
:10841000FF05400080B584B000AF78607B681B6BBF
:10842000FB607B681B685B6B03F40043002B08D088
:10843000FB6803F00803002B03D0786800F069FDA7
:1084400065E17B681B685B6B03F48073002B00F0B5
:108450008F807B681B684FF480729A637B681B680F
:10846000DB6B7A68126823F4434323F03A03D36347
:108470007B681B68DA6A7B681B6822F00102DA629B
:10848000FB6803F00803002B39D0FB6803F00203FC
:10849000002B04D1FB6803F02003002B11D07B6874
:1084A0001B68184603F052FCB860BB68002B08D06C
:1084B0007B689A6BBB681A437B689A63786800F0A4
:1084C0002FF97B681B6840F23A529A637B6801225D
:1084D00083F834207B6800221A63FB6803F00103F1
:1084E000002B04D1FB6803F00203002B03D0786853
:1084F00004F078F80BE1786804F06AF807E1FB68AB
:1085000003F08003002B00F00281FB6803F02003DE
:10851000002B11D07B681B68184603F017FCB8606D
:10852000BB68002B08D07B689A6BBB681A437B68DA
:108530009A63786800F0F4F8FB6803F00103002BFD
:1085400040F0E580FB6803F00203002B40F0DF8081
:108550007B681B68DA6A7B681B6822F00802DA62B3
:108560007B68012283F83420786804F031F8CEE08B
:108570007B681B685B6B03F48043002B08D0FB68AF
:1085800003F00803002B03D0786800F013FDBEE071
:108590007B681B685A6B40F23A231340002B00F0B3
:1085A000B6807B681B685B6B03F00203002B05D071
:1085B0007B689B6B43F002027B689A637B681B6855
:1085C0005B6B03F00803002B05D07B689B6B43F0CB
:1085D00008027B689A637B681B685B6B03F020036F
:1085E000002B05D07B689B6B43F020027B689A636D
:1085F0007B681B685B6B03F01003002B05D07B6866
:108600009B6B43F010027B689A637B681B685B6B13
:1086100003F40073002B05D07B689B6B43F00802CA
:108620007B689A637B681B6840F23A729A637B6846
:108630001B68DB6B7A68126823F44E7323F0020325
:10864000D3637B681B68184603F080FB02467B6897
:108650009B6B1A437B689A63FB6803F00803002B4B
:108660000AD07B68012283F834207B6800221A63D9
:10867000786800F055F84AE0FB6803F08003002BAF
:1086800045D0FB6803F01003002B04D1FB6803F016
:108690002003002B11D07B68DB6B1F4A1A657B68B7
:1086A000DB6B1846FBF770FB0346002B2FD07B6873
:1086B000DB6B184600F02EFA29E0FB6803F001039B
:1086C000002B04D1FB6803F00203002B11D07B6860
:1086D0001B6C124A1A657B681B6C1846FBF754FB2F
:1086E0000346002B13D07B681B6C184600F049FA38
:1086F0000DE07B6800229A637B68012283F83420B6
:108700007B6800221A63786803F058FFFFE700BF18
:108710001037BD4680BD00BF158B0108838B010853
:1087200080B483B000AF786000BF0C37BD465DF801
:10873000047B704780B483B000AF786039607B6899
:108740005B6E9B0FDAB23B681A707B685B6E9B0EA8
:10875000DBB203F00F03DAB23B685A707B685B6EE2
:108760001B0EDBB203F00303DAB23B689A707B683E
:108770005B6E1B0CDAB23B68DA707B685B6E1B0ABF
:10878000DAB23B681A717B685B6EDAB23B685A7189
:108790007B689B6E1B0D9AB23B68DA807B689B6E90
:1087A0001B0CDBB203F00F03DAB23B681A727B6872
:1087B0009B6EDB0BDBB203F00103DAB23B685A724B
:1087C0007B689B6E9B0BDBB203F00103DAB23B6864
:1087D0009A727B689B6E5B0BDBB203F00103DAB22B
:1087E0003B68DA727B689B6E1B0BDBB203F0010304
:1087F000DAB23B681A733B6800225A737B685B6C81
:10880000002B63D17B689B6E9A0040F6FC7313408B
:108810007A68D26E920F1A433B681A617B68DB6EEE
:10882000DB0EDBB203F00703DAB23B681A757B6834
:10883000DB6E1B0EDBB203F00703DAB23B685A753E
:108840007B68DB6E5B0DDBB203F00703DAB23B68DB
:108850009A757B68DB6E9B0CDBB203F00703DAB220
:108860003B68DA757B68DB6EDB0BDBB203F007037A
:10887000DAB23B681A763B681B695A1C7B685A65FA
:108880003B681B7EDBB203F007030233012202FACE
:1088900003F37A68526D03FB02F27B685A653B680A
:1088A0001B7ADBB203F00F0301229A407B689A65C2
:1088B0007B685B6D7A68926D520A03FB02F27B68FB
:1088C000DA657B684FF400721A6631E07B685B6C96
:1088D000012B1DD17B689B6E1B0403F47C127B680B
:1088E000DB6E1B0C1A433B681A613B681B69013342
:1088F0009A027B685A657B685A6D7B68DA657B688B
:108900004FF400729A657B689A6D7B681A660FE077
:108910007B681B68584A9A637B689B6B43F0805264
:108920007B689A637B68012283F8342001239DE0F1
:108930007B68DB6E9B0BDBB203F00103DAB23B68B2
:108940005A767B68DB6EDB09DBB203F07F03DAB2B9
:108950003B689A767B68DB6EDBB203F07F03DAB2AA
:108960003B68DA767B681B6FDB0FDAB23B681A77FD
:108970007B681B6F5B0FDBB203F00303DAB23B686B
:108980005A777B681B6F9B0EDBB203F00703DAB2EA
:108990003B689A777B681B6F9B0DDBB203F00F037C
:1089A000DAB23B68DA777B681B6F5B0DDBB203F0F2
:1089B0000103DAB23B6883F820203B68002283F889
:1089C00021207B681B6F1B0CDBB203F00103DAB2C2
:1089D0003B6883F822207B681B6FDB0BDBB203F064
:1089E0000103DAB23B6883F823207B681B6F9B0B83
:1089F000DBB203F00103DAB23B6883F824207B6822
:108A00001B6F5B0BDBB203F00103DAB23B6883F848
:108A100025207B681B6F1B0BDBB203F00103DAB26E
:108A20003B6883F826207B681B6F9B0ADBB203F050
:108A30000303DAB23B6883F827207B681B6F1B0AAD
:108A4000DBB203F00303DAB23B6883F828207B68CB
:108A50001B6F5B08DBB203F07F03DAB23B6883F87D
:108A600029203B68012283F82A20002318460C376E
:108A7000BD465DF8047B7047FF05400080B483B0BD
:108A800000AF786039607B685A6C3B681A607B681D
:108A90009A6C3B685A607B68DA6C3B689A607B68CA
:108AA0001A6D3B68DA607B685A6D3B681A617B68B7
:108AB0009A6D3B685A617B68DA6D3B689A617B68A6
:108AC0001A6E3B68DA61002318460C37BD465DF824
:108AD000047B704780B586B000AF78600023FB60F0
:108AE00007F10C031946786800F0EBF978617B69AF
:108AF000002B05D07B689A6B7B691A437B689A636D
:108B0000FB685B0A03F00F033B613B6918461837AB
:108B1000BD4680BD80B584B000AF78607B689B6B3C
:108B2000FB60FB681B6840F23A529A63F868FFF7F3
:108B3000D1FFB860FB68012283F83420FB68002273
:108B40001A63BB68062B02D0BB68052B0AD1FB68F1
:108B50001B68184603F0FAF80246FB689B6B1A4341
:108B6000FB689A63FB689B6B002B03D1F86803F0EA
:108B700025FD02E0F868FFF7D3FD00BF1037BD46C2
:108B800080BD80B584B000AF78607B689B6BFB6074
:108B9000FB681B6840F23A529A63F868FFF79AFF45
:108BA000B860FB68012283F83420FB6800221A6356
:108BB000BB68062B02D0BB68052B0AD1FB681B687B
:108BC000184603F0C3F80246FB689B6B1A43FB6828
:108BD0009A63FB689B6B002B03D1F86803F0EEFCF3
:108BE00002E0F868FFF79CFD00BF1037BD4680BD6E
:108BF000B0B594B004AF78600123FB817B681B683B
:108C0000184602F074FF0346002B02D14FF0806338
:108C1000B8E07B685B6C032B2FD07B681B68184621
:108C200003F05BF9F863FB6B002B01D0FB6BA9E051
:108C30007B681B680021184602F09EFF02467B6895
:108C40005A677B681B680421184602F095FF0246AC
:108C50007B689A677B681B680821184602F08CFFC6
:108C600002467B68DA677B681B680C21184602F0B5
:108C700083FF02467B68C3F880207B685B6C032B14
:108C80000DD07B681B6807F10E021146184603F0F1
:108C900061F9F863FB6B002B01D0FB6B72E07B6822
:108CA0005B6C032B36D0FB891A467B681A657B68A0
:108CB0001A687B681B6D1B041946104603F02BF9DC
:108CC000F863FB6B002B01D0FB6B5BE07B681B68E0
:108CD0000021184602F050FF02467B685A667B6806
:108CE0001B680421184602F047FF02467B689A661B
:108CF0007B681B680821184602F03EFF02467B682D
:108D0000DA667B681B680C21184602F035FF0246C4
:108D10007B681A677B681B680421184602F02CFFE9
:108D200003461A0D7B68DA6407F110031946786868
:108D3000FFF700FD0346002B02D04FF0805321E0E7
:108D40007B6819687B681B6D1B0400221C46154656
:108D500022462B46084603F01BF8F863FB6B002BFA
:108D600001D0FB6B0EE07B681D687B686C4603F1ED
:108D7000100207CA84E8070004330ECB284602F02D
:108D800051FE002318464037BD46B0BD80B586B0C1
:108D900000AF78600023BB6000237B6100233B6150
:108DA0007B681B68184603F016F8F860FB68002B18
:108DB00001D0FB6872E07B681B68184603F029F855
:108DC000F860FB68002B0DD07B6800229A647B68FA
:108DD0001B68184602F0FFFFF860FB68002B04D008
:108DE000FB685BE07B6801229A647B689B6C012BCB
:108DF00037D17B681B680021184603F029F8F8601A
:108E0000FB68002B2DD04FF0805347E07B681B6838
:108E10000021184603F01CF8F860FB68002B01D015
:108E2000FB683BE07B681B681E49184603F032F87C
:108E3000F860FB68002B02D04FF080532EE07B6877
:108E40001B680021184602F097FE78617B69DB0FF2
:108E5000012B01D1012300E000233B61BB680133FA
:108E6000BB60BB684FF6FE72934202D83B69002B91
:108E7000CCD0BB684FF6FE72934202D94FF080739C
:108E80000CE07B6903F08043002B03D07B68012258
:108E90005A6402E07B6800225A640023184618379F
:108EA000BD4680BD000010C180B582B000AF7860C3
:108EB0007B681B68184602F00CFE00BF0837BD46F1
:108EC00080BD80B584B000AF786039603B68002B0E
:108ED00002D14FF0006318E07B681A687B681B6D55
:108EE0001B041946104603F056F8F860FB68002B87
:108EF00001D0FB6809E07B681B680021184602F07E
:108F00003BFE02463B681A60002318461037BD46F8
:108F100080BD80B586B000AF78607B689B6AFB60DF
:108F20007B68DB6A3B613B69002B3FD000237B61A0
:108F300033E07B681B68184602F09FFDB860BB6891
:108F4000DAB2FB681A70FB680133FB603B69013BD6
:108F50003B61BB681B0ADAB2FB681A70FB6801331D
:108F6000FB603B69013B3B61BB681B0CDAB2FB68F1
:108F70001A70FB680133FB603B69013B3B61BB68D6
:108F80001B0EDAB2FB681A70FB680133FB603B69A9
:108F9000013B3B617B6901337B617B69072BC8D94E
:108FA0007B68FA689A627B683A69DA6200BF1837B0
:108FB000BD4680BD80B586B000AF78607B681B6A17
:108FC000FB607B685B6A3B613B69002B43D00023FD
:108FD0007B6137E0FB681B78BB60FB680133FB609B
:108FE0003B69013B3B61FB681B781A02BB6813437A
:108FF000BB60FB680133FB603B69013B3B61FB6885
:109000001B781A04BB681343BB60FB680133FB6029
:109010003B69013B3B61FB681B781A06BB68134345
:10902000BB60FB680133FB603B69013B3B617B68D4
:109030001B6807F108021146184602F02BFD7B69F8
:1090400001337B617B69072BC4D97B68FA681A629C
:109050007B683A695A6200BF1837BD4680BD80B54B
:1090600082B000AF78607B68002B01D101237BE0E8
:109070007B685B6A002B08D17B685B68B3F5827FF5
:1090800009D07B680022DA6105E07B6800221A6162
:109090007B6800225A617B6800229A627B6893F8A1
:1090A0005130DBB2002B06D17B68002283F85020C0
:1090B0007868E9F7CFFA7B68022283F851207B6851
:1090C0001B681A687B681B6822F040021A607B6884
:1090D0005B6803F482727B689B6803F404431A4361
:1090E0007B68DB6803F400631A437B681B6903F049
:1090F00002031A437B685B6903F001031A437B6830
:109100009B6903F400731A437B68DB6903F038033F
:109110001A437B681B6A03F0800342EA03017B6801
:109120009B6A03F400527B681B680A431A607B68E1
:109130009B691B0C03F004017B685B6A03F010025F
:109140007B681B680A435A607B681B68DA697B6826
:109150001B6822F40062DA617B6800225A657B6832
:10916000012283F85120002318460837BD4680BDF0
:1091700080B588B000AFF860B9603B601346FB80F3
:10918000E8F7ACFDF861FB887B83FB6893F851300E
:10919000DBB2012B01D002232AE1BB68002B02D0F5
:1091A000FB88002B01D1012322E1FB6893F85030AA
:1091B000012B01D102231BE1FB68012283F850201F
:1091C000FB68032283F85120FB6800225A65FB6884
:1091D000BA681A63FB68FA889A86FB68FA88DA86A6
:1091E000FB6800229A63FB6800229A87FB680022D2
:1091F000DA87FB6800225A64FB6800221A64FB6865
:109200009B68B3F5004F0FD1FB681B681A68FB68B9
:109210001B6822F040021A60FB681B681A68FB6832
:109220001B6842F480421A60FB681B681B6803F0ED
:109230004003402B07D0FB681B681A68FB681B685B
:1092400042F040021A60FB68DB68B3F5006F52D150
:10925000FB685B68002B02D07B8B012B45D1FB6840
:109260001B6B1A88FB681B68DA60FB681B6B9A1C17
:10927000FB681A63FB68DB8E9BB2013B9AB2FB680A
:10928000DA8632E0FB681B689B6803F00203022B5E
:1092900012D1FB681B6B1A88FB681B68DA60FB68DD
:1092A0001B6B9A1CFB681A63FB68DB8E9BB2013B4D
:1092B0009AB2FB68DA8618E0E8F710FD0246FB690F
:1092C000D31A3A689A4203D83B68B3F1FF3F02D100
:1092D0003B68002B09D1FB68012283F85120FB6811
:1092E000002283F85020032382E0FB68DB8E9BB2D0
:1092F000002BC7D153E0FB685B68002B02D07B8B4F
:10930000012B47D1FB681A6BFB681B680C33127882
:109310001A70FB681B6B5A1CFB681A63FB68DB8EB8
:109320009BB2013B9AB2FB68DA8633E0FB681B68AC
:109330009B6803F00203022B13D1FB681A6BFB68D6
:109340001B680C3312781A70FB681B6B5A1CFB6885
:109350001A63FB68DB8E9BB2013B9AB2FB68DA862C
:1093600018E0E8F7BBFC0246FB69D31A3A689A4258
:1093700003D83B68B3F1FF3F02D13B68002B09D112
:10938000FB68012283F85120FB68002283F85020FB
:1093900003232DE0FB68DB8E9BB2002BC6D1FA695C
:1093A0003968F86800F0D2FE0346002B02D0FB6853
:1093B00020225A65FB689B68002B0AD100237B6141
:1093C000FB681B68DB687B61FB681B689B687B61D3
:1093D0007B69FB68012283F85120FB68002283F837
:1093E0005020FB685B6D002B01D0012300E00023BF
:1093F00018462037BD4680BD80B588B002AFF86002
:10940000B9603B601346FB80FB6893F85130DBB2D8
:10941000012B01D0022304E1FB685B68B3F5827F76
:1094200012D1FB689B68002B0ED1FB68042283F8E5
:109430005120FA883B6800931346BA68B968F86807
:1094400000F0F3F80346ECE0E8F748FC7861BB680D
:10945000002B02D0FB88002B01D10123E1E0FB6847
:1094600093F85030012B01D10223DAE0FB6801228E
:1094700083F85020FB68042283F85120FB68002207
:109480005A65FB68BA689A63FB68FA889A87FB6832
:10949000FA88DA87FB6800221A63FB6800229A8642
:1094A000FB680022DA86FB6800221A64FB6800224F
:1094B0005A64FB689B68B3F5004F0FD1FB681B68CB
:1094C0001A68FB681B6822F040021A60FB681B6880
:1094D0001A68FB681B6822F480421A60FB681B68EC
:1094E0001B6803F04003402B07D0FB681B681A6819
:1094F000FB681B6842F040021A60FB68DB68002BC7
:1095000070D135E0FB681B689B6803F00103012BF9
:1095100015D1FB681B6803F10C02FB689B6B12788A
:10952000D2B21A70FB689B6B5A1CFB689A63FB688B
:10953000DB8F9BB2013B9AB2FB68DA8718E0E8F751
:10954000CDFB02467B69D31A3A689A4203D83B683E
:10955000B3F1FF3F02D13B68002B09D1FB68012228
:1095600083F85120FB68002283F85020032358E041
:10957000FB68DB8F9BB2002BC4D138E0FB681B6813
:109580009B6803F00103012B13D1FB681B68DA68A9
:10959000FB689B6B92B21A80FB689B6B9A1CFB6802
:1095A0009A63FB68DB8F9BB2013B9AB2FB68DA8758
:1095B00018E0E8F793FB02467B69D31A3A689A42AF
:1095C00003D83B68B3F1FF3F02D13B68002B09D1C0
:1095D000FB68012283F85120FB68002283F85020A9
:1095E00003231EE0FB68DB8F9BB2002BC6D17A6998
:1095F0003968F86800F044FD0346002B02D0FB6890
:1096000020225A65FB68012283F85120FB68002262
:1096100083F85020FB685B6D002B01D0012300E034
:10962000002318461837BD4680BD80B58AB000AF0C
:10963000F860B9607A607B8001237B62E8F74EFBBB
:109640003862FB6893F85130FB77FB685B68BB615D
:109650007B88FB82FB7F012B0CD0BB69B3F5827F3B
:1096600006D1FB689B68002B02D1FB7F042B01D045
:1096700002237FE1BB68002B05D07B68002B02D062
:109680007B88002B01D1012374E1FB6893F85030F3
:10969000012B01D102236DE1FB68012283F85020E8
:1096A000FB6893F85130DBB2042B03D0FB68052232
:1096B00083F85120FB6800225A65FB687A689A6338
:1096C000FB687A88DA87FB687A889A87FB68BA68C9
:1096D0001A63FB687A88DA86FB687A889A86FB6860
:1096E00000221A64FB6800225A64FB681B681B682E
:1096F00003F04003402B07D0FB681B681A68FB6827
:109700001B6842F040021A60FB68DB68B3F5006F2B
:109710007ED1FB685B68002B02D0FB8A012B6CD1E9
:10972000FB681B6B1A88FB681B68DA60FB681B6BA5
:109730009A1CFB681A63FB68DB8E9BB2013B9AB2F2
:10974000FB68DA8659E0FB681B689B6803F002033C
:10975000022B1BD1FB68DB8E9BB2002B16D07B6AE1
:10976000012B13D1FB681B6B1A88FB681B68DA603E
:10977000FB681B6B9A1CFB681A63FB68DB8E9BB251
:10978000013B9AB2FB68DA8600237B62FB681B68A8
:109790009B6803F00103012B19D1FB68DB8F9BB29F
:1097A000002B14D0FB681B68DA68FB689B6B92B2D5
:1097B0001A80FB689B6B9A1CFB689A63FB68DB8FC3
:1097C0009BB2013B9AB2FB68DA8701237B62E8F720
:1097D00085FA02463B6AD31A3A6B9A420DD83B6B24
:1097E000B3F1FF3F09D0FB68012283F85120FB68E9
:1097F000002283F850200323BCE0FB68DB8E9BB281
:10980000002BA0D1FB68DB8F9BB2002B9BD182E0A9
:10981000FB685B68002B02D0FB8A012B71D1FB68CF
:109820001A6BFB681B680C3312781A70FB681B6B91
:109830005A1CFB681A63FB68DB8E9BB2013B9AB231
:10984000FB68DA865DE0FB681B689B6803F0020337
:10985000022B1CD1FB68DB8E9BB2002B17D07B6ADE
:10986000012B14D1FB681A6BFB681B680C33127850
:109870001A70FB681B6B5A1CFB681A63FB68DB8E53
:109880009BB2013B9AB2FB68DA8600237B62FB68DD
:109890001B689B6803F00103012B19D1FB68DB8F68
:1098A0009BB2002B14D0FB681B68DA68FB689B6BCB
:1098B000D2B21A70FB689B6B5A1CFB689A63FB68F8
:1098C000DB8F9BB2013B9AB2FB68DA8701237B6294
:1098D000E8F704FA02463B6AD31A3A6B9A4203D875
:1098E0003B6BB3F1FF3F02D13B6B002B09D1FB680F
:1098F000012283F85120FB68002283F850200323C3
:1099000038E0FB68DB8E9BB2002B9CD1FB68DB8FC1
:109910009BB2002B97D13A6A396BF86800F016FCBD
:109920000346002B08D0FB6820225A65FB68002202
:1099300083F8502001231DE0FB689B68002B0AD1AF
:1099400000233B61FB681B68DB683B61FB681B68AD
:109950009B683B613B69FB68012283F85120FB68EF
:10996000002283F85020FB685B6D002B01D001239F
:1099700000E0002318462837BD4680BD80B586B07C
:1099800000AFF860B9607A607B80FB6893F8513073
:10999000FB75FB685B683B61FB7D012B0CD03B6971
:1099A000B3F5827F06D1FB689B68002B02D1FB7D5B
:1099B000042B01D00223CFE0BB68002B05D07B68CD
:1099C000002B02D07B88002B01D10123C4E0FB686F
:1099D00093F85030012B01D10223BDE0FB68012236
:1099E00083F85020FB6893F85130DBB2042B03D08E
:1099F000FB68052283F85120FB6800225A65FB684A
:109A0000BA681A63FB687A889A86FB687A88DA866D
:109A1000FB687A689A63FB687A889A87FB687A8819
:109A2000DA87FB6800221A64FB6800225A64FB682C
:109A300093F85130DBB2042B08D1FB68DB6C484A49
:109A40001A64FB68DB6C474ADA6307E0FB68DB6C8F
:109A5000454A1A64FB68DB6C444ADA63FB68DB6CDA
:109A6000434ADA64FB68DB6C00221A65FB68D86C39
:109A7000FB681B680C331946FB689B6B1A46FB6836
:109A8000DB8F9BB2FAF7B8F80346002B0BD0FB68CC
:109A90005B6D43F01002FB685A65FB68002283F897
:109AA0005020012358E0FB681B685A68FB681B685C
:109AB00042F001025A60FB689B6C00221A64FB684A
:109AC0009B6C0022DA63FB689B6C0022DA64FB6803
:109AD0009B6C00221A65FB68986CFB681B6B19462F
:109AE000FB681B680C331A46FB68DB8E9BB2FAF7E7
:109AF00083F80346002B0BD0FB685B6D43F010022C
:109B0000FB685A65FB68002283F85020012323E09C
:109B1000FB681B681B6803F04003402B07D0FB6801
:109B20001B681A68FB681B6842F040021A60FB68F9
:109B3000002283F85020FB681B685A68FB681B688A
:109B400042F020025A60FB681B685A68FB681B6879
:109B500042F002025A60002318461837BD4680BD05
:109B6000D19E0108999D0108ED9E0108419E0108C2
:109B7000099F010880B588B000AF78607B681B68DA
:109B80005B68FB617B681B689B68BB61BB6903F01A
:109B90004003002B0ED1BB6903F00103002B09D059
:109BA000FB6903F04003002B04D07B681B6C7868D2
:109BB0009847CEE0BB6903F00203002B09D0FB6994
:109BC00003F08003002B04D07B685B6C78689847B7
:109BD000BFE0BB6903F02003002B0AD1BB6903F08F
:109BE0004003002B05D1BB6903F48073002B00F008
:109BF000B080FB6903F02003002B00F0AA80BB6952
:109C000003F04003002B23D07B6893F85130DBB284
:109C1000032B11D07B685B6D43F004027B685A65AF
:109C200000237B617B681B68DB687B617B681B684A
:109C30009B687B617B690BE000233B617B681B6851
:109C4000DB683B617B681B689B683B613B6980E02C
:109C5000BB6903F02003002B14D07B685B6D43F0DD
:109C600001027B685A650023FB607B681B689B6868
:109C7000FB607B681B681A687B681B6822F04002E7
:109C80001A60FB68BB6903F48073002B0CD07B68FF
:109C90005B6D43F008027B685A650023BB607B68FC
:109CA0001B689B68BB60BB687B685B6D002B4FD0FB
:109CB0007B681B685A687B681B6822F0E0025A6068
:109CC0007B68012283F85120FB6903F00203002B1B
:109CD00004D1FB6903F00103002B34D07B681B68BF
:109CE0005A687B681B6822F003025A607B68DB6C51
:109CF000002B11D07B68DB6C174A1A657B68DB6C24
:109D00001846FAF741F80346002B05D07B685B6DD7
:109D100043F040027B685A657B689B6C002B16D031
:109D20007B689B6C0C4A1A657B689B6C1846FAF73B
:109D30002BF80346002B0AD07B685B6D43F0400292
:109D40007B685A6503E07868E7F7B2FF00E000BF80
:109D500000BF2037BD4680BD499F010880B483B055
:109D600000AF786000BF0C37BD465DF8047B7047DC
:109D700080B483B000AF786000BF0C37BD465DF89B
:109D8000047B704780B483B000AF786000BF0C37AD
:109D9000BD465DF8047B704780B584B000AF786045
:109DA0007B689B6BFB60E7F799FFB8607B681B687B
:109DB0001B6803F48073B3F5807F3BD0FB681B689E
:109DC0005A68FB681B6822F020025A60FB689B6897
:109DD000002B0DD1FB685B68B3F5827F08D1FB686F
:109DE0001B685A68FB681B6822F003025A6007E090
:109DF000FB681B685A68FB681B6822F001025A6006
:109E0000BA686421F86800F03BF90346002B02D0E1
:109E1000FB6820225A65FB680022DA87FB68012272
:109E200083F85120FB685B6D002B03D0F868E7F7DF
:109E30003FFF02E0F868FFF791FF1037BD4680BD95
:109E400080B584B000AF78607B689B6BFB60E7F700
:109E500045FFB8607B681B681B6803F48073B3F52B
:109E6000807F2FD0FB681B685A68FB681B6822F054
:109E700020025A60BA686421F86800F067F9034666
:109E8000002B05D0FB685B6D43F02002FB685A6530
:109E9000FB681B685A68FB681B6822F003025A6063
:109EA000FB680022DA86FB680022DA87FB68012261
:109EB00083F85120FB685B6D002B03D0F868E7F74F
:109EC000F7FE02E0F868E7F7D1FF1037BD4680BD26
:109ED00080B584B000AF78607B689B6BFB60F868EE
:109EE000FFF746FF00BF1037BD4680BD80B584B088
:109EF00000AF78607B689B6BFB60F868FFF742FF00
:109F000000BF1037BD4680BD80B584B000AF78601B
:109F10007B689B6BFB60FB681B685A68FB681B686F
:109F200022F003025A60FB685B6D43F01002FB688D
:109F30005A65FB68012283F85120F868E7F7B8FEFC
:109F400000BF1037BD4680BD80B584B000AF7860DB
:109F50007B689B6BFB60FB680022DA87FB68002252
:109F6000DA86F868E7F7A4FE00BF1037BD4680BD6B
:109F700080B588B000AFF860B9603B601346FB71F4
:109F8000E7F7ACFE0246BB6A9B1A3A681344FB61D2
:109F9000E7F7A4FEB861394B1B685B011B0DFA693A
:109FA00002FB03F37B6154E03B68B3F1FF3F50D009
:109FB000E7F794FE0246BB69D31AFA699A4202D9BE
:109FC000FB69002B3DD1FB681B685A68FB681B6866
:109FD00022F0E0025A60FB685B68B3F5827F11D122
:109FE000FB689B68B3F5004F04D0FB689B68B3F532
:109FF000806F07D1FB681B681A68FB681B6822F03A
:10A0000040021A60FB689B6AB3F5005F0FD1FB68E2
:10A010001B681A68FB681B6822F400521A60FB6810
:10A020001B681A68FB681B6842F400521A60FB68E0
:10A03000012283F85120FB68002283F8502003237B
:10A0400017E07B69002B01D10023FB617B69013B99
:10A050007B61FB681B689A68BB681340BA689A42C8
:10A060000CBF01230023DBB21A46FB799A429BD135
:10A07000002318462037BD4680BD00BF38020020AF
:10A0800080B586B002AFF860B9607A60FB685B6843
:10A09000B3F5827F11D1FB689B68B3F5004F04D004
:10A0A000FB689B68B3F5806F07D1FB681B681A6873
:10A0B000FB681B6822F040021A60FB685B68B3F51E
:10A0C000827F2AD1FB689B68B3F5806F12D07B68D2
:10A0D0000093BB6800228021F868FFF749FF034620
:10A0E000002B2DD0FB685B6D43F02002FB685A65A6
:10A0F000032326E07B680093BB6800220121F868F7
:10A10000FFF736FF0346002B1AD0FB685B6D43F068
:10A110002002FB685A65032313E07B680093BB6849
:10A1200000220121F868FFF723FF0346002B07D028
:10A13000FB685B6D43F02002FB685A65032300E077
:10A14000002318461037BD4680BD000080B588B09A
:10A1500002AFF860B9607A607B680093BB68012247
:10A160000221F868FFF704FF0346002B07D0FB68C5
:10A170005B6D43F02002FB685A65032332E01B4B02
:10A180001B681B4AA2FB03235B0D4FF47A7202FB90
:10A1900003F37B61FB685B68B3F5827F12D17B6858
:10A1A0000093BB6800228021F868FFF7E1FE0346B8
:10A1B000002B16D0FB685B6D43F02002FB685A65EC
:10A1C00003230FE07B69002B0AD07B69013B7B6195
:10A1D000FB681B689B6803F08003802BF2D000E0D3
:10A1E00000BF002318461837BD4680BD3802002046
:10A1F000819F5E1680B584B000AFF860B9607A6068
:10A20000FB68002B01D1012338E0FB6893F849304B
:10A21000DBB2002B06D1FB68002283F84820F868E7
:10A22000E8F728FCFB681A68FB68083319461046F3
:10A2300001F020FBFB681868FB689B681A46B96848
:10A2400001F082FBFB685868FB689A68FB681B6B2F
:10A25000796801F0AFFBFB681B68FA68926853F8F5
:10A260002210FB681B68FA68926841F0010143F80C
:10A270002210FB68012283F849200023184610377A
:10A28000BD4680BD80B582B000AF78607B68002B92
:10A2900001D1012341E07B6893F83D30DBB2002B14
:10A2A00006D17B68002283F83C20786800F039F8FA
:10A2B0007B68022283F83D207B681A687B68043340
:10A2C0001946104600F0C0F97B68012283F8462049
:10A2D0007B68012283F83E207B68012283F83F20BF
:10A2E0007B68012283F840207B68012283F84120AB
:10A2F0007B68012283F842207B68012283F8432097
:10A300007B68012283F844207B68012283F8452082
:10A310007B68012283F83D20002318460837BD469C
:10A3200080BD80B483B000AF786000BF0C37BD46FD
:10A330005DF8047B7047000080B485B000AF7860A2
:10A340007B6893F83D30DBB2012B01D001234EE056
:10A350007B68022283F83D207B681B68DA687B6893
:10A360001B6842F00102DA607B681B68234A934253
:10A3700022D07B681B68B3F1804F1DD07B681B68BF
:10A380001F4A934218D07B681B681E4A934213D021
:10A390007B681B681C4A93420ED07B681B681B4A73
:10A3A000934209D07B681B68194A934204D07B68AA
:10A3B0001B68184A934211D17B681B689B6803F0A5
:10A3C0000703FB60FB68062B10D07B681B681A68CC
:10A3D0007B681B6842F001021A6007E07B681B681B
:10A3E0001A687B681B6842F001021A600023184655
:10A3F0001437BD465DF8047B704700BF0000014084
:10A400000004004000080040000C0040000401402F
:10A41000004001400018004080B584B000AF786073
:10A420007B681B68DB68FB607B681B681B69BB6023
:10A43000BB6803F00203002B20D0FB6803F002038B
:10A44000002B1BD07B681B686FF002021A617B68CF
:10A4500001221A777B681B689B6903F00303002BBA
:10A4600003D0786800F0D2F805E0786800F0C4F80E
:10A47000786800F0D5F87B6800221A77BB6803F093
:10A480000403002B20D0FB6803F00403002B1BD037
:10A490007B681B686FF004021A617B6802221A77DE
:10A4A0007B681B689B6903F44073002B03D07868BA
:10A4B00000F0ACF805E0786800F09EF8786800F0ED
:10A4C000AFF87B6800221A77BB6803F00803002B03
:10A4D00020D0FB6803F00803002B1BD07B681B68AF
:10A4E0006FF008021A617B6804221A777B681B6888
:10A4F000DB6903F00303002B03D0786800F086F8D3
:10A5000005E0786800F078F8786800F089F87B68F2
:10A5100000221A77BB6803F01003002B20D0FB68E1
:10A5200003F01003002B1BD07B681B686FF0100238
:10A530001A617B6808221A777B681B68DB6903F461
:10A540004073002B03D0786800F060F805E078686D
:10A5500000F052F8786800F063F87B6800221A7700
:10A56000BB6803F00103002B0CD0FB6803F0010370
:10A57000002B07D07B681B686FF001021A617868B6
:10A58000E7F7E4FDBB6803F08003002B0CD0FB6809
:10A5900003F08003002B07D07B681B686FF08002FC
:10A5A0001A61786800F006F9BB6803F04003002BDD
:10A5B0000CD0FB6803F04003002B07D07B681B68BE
:10A5C0006FF040021A61786800F034F8BB6803F05D
:10A5D0002003002B0CD0FB6803F02003002B07D0D6
:10A5E0007B681B686FF020021A61786800F0D8F869
:10A5F00000BF1037BD4680BD80B483B000AF786027
:10A6000000BF0C37BD465DF8047B704780B483B053
:10A6100000AF786000BF0C37BD465DF8047B704723
:10A6200080B483B000AF786000BF0C37BD465DF8E2
:10A63000047B704780B483B000AF786000BF0C37F4
:10A64000BD465DF8047B704780B485B000AF78608C
:10A6500039607B681B68FB607B68464A934213D075
:10A660007B68B3F1804F0FD07B68434A93420BD095
:10A670007B68424A934207D07B68414A934203D0A9
:10A680007B68404A934208D1FB6823F07003FB606B
:10A690003B685B68FA681343FB607B68354A93420A
:10A6A0002BD07B68B3F1804F27D07B68324A93422E
:10A6B00023D07B68314A93421FD07B68304A934253
:10A6C0001BD07B682F4A934217D07B682E4A934257
:10A6D00013D07B682D4A93420FD07B682C4A93425B
:10A6E0000BD07B682B4A934207D07B682A4A93425F
:10A6F00003D07B68294A934208D1FB6823F4407356
:10A70000FB603B68DB68FA681343FB60FB6823F07F
:10A7100080023B685B691343FB607B68FA681A60E0
:10A720003B689A687B68DA623B681A687B689A6261
:10A730007B68104A934203D07B68124A934203D14C
:10A740003B681A697B681A637B6801225A617B68DF
:10A750001B6903F00103012B05D17B681B6923F002
:10A7600001027B681A6100BF1437BD465DF8047BA7
:10A77000704700BF00000140000400400008004096
:10A78000000C004000040140004001400044014032
:10A790000048014000180040001C0040002000401C
:10A7A00080B483B000AF786000BF0C37BD465DF861
:10A7B000047B704780B483B000AF786000BF0C3773
:10A7C000BD465DF8047B704780B582B000AF78600D
:10A7D0007B68002B01D1012342E07B6893F8413074
:10A7E000DBB2002B06D17B68002283F8402078681A
:10A7F000E8F704F87B68242283F841207B681B6813
:10A80000DA687B681B6822F40052DA60786800F02E
:10A81000BDFD7B681B681A697B681B6822F4904247
:10A820001A617B681B685A697B681B6822F02A02E0
:10A830005A617B681B68DA687B681B6842F40052C7
:10A84000DA607B6800225A647B68202283F841200A
:10A850007B68202283F842207B6800225A63002311
:10A8600018460837BD4680BD80B58AB002AFF86093
:10A87000B9603B601346FB8000237B61FB6893F863
:10A880004130DBB2202B75D1BB68002B02D0FB8896
:10A89000002B01D101236EE0FB6800225A64FB68A3
:10A8A000212283F84120E7F719FA7861FB68FA88DA
:10A8B0009A84FB68FA88DA84FB689B68B3F5805F4A
:10A8C00008D1FB681B69002B04D10023FB61BB6826
:10A8D000BB6103E0BB68FB610023BB612EE03B680A
:10A8E00000937B6900228021F86800F01FFB03467B
:10A8F000002B05D0FB68202283F8412003233AE097
:10A90000FB69002B0BD1BB691B881A46FB681B68CF
:10A91000C2F308025A60BB690233BB6107E0FB69FE
:10A920001A78FB681B685A60FB690133FB61FB689E
:10A93000DB8C9BB2013B9AB2FB68DA84FB68DB8C50
:10A940009BB2002BCBD13B6800937B690022402156
:10A95000F86800F0EBFA0346002B05D0FB682022D4
:10A9600083F84120032306E0FB68202283F841207E
:10A97000002300E0022318462037BD4680BD80B585
:10A9800084B000AFF860B9601346FB80FB6893F8B1
:10A990004230DBB2202B12D1BB68002B02D0FB88E7
:10A9A000002B01D101230BE0FB6800221A63FB8816
:10A9B0001A46B968F86800F012FB034600E002236B
:10A9C00018461037BD4680BD80B5BAB000AF78607C
:10A9D0007B681B681B68C7F8E4307B681B68DB6812
:10A9E000C7F8E0307B681B685B69C7F8DC30002380
:10A9F000C7F8D8300023C7F8D430D7F8E43003F0D4
:10AA00000F03C7F8D830D7F8D830002B0FD1D7F8BC
:10AA1000E43003F02003002B09D0D7F8E03003F036
:10AA20002003002B03D0786800F0F2FB5BE2D7F83C
:10AA3000D830002B00F0DE80D7F8DC3003F00103C3
:10AA4000002B06D1D7F8E03003F49073002B00F010
:10AA5000D180D7F8E43003F00103002B0BD0D7F8F6
:10AA6000E03003F48073002B05D07B685B6C43F00F
:10AA700001027B685A64D7F8E43003F00403002B2A
:10AA80000BD0D7F8DC3003F00103002B05D07B6836
:10AA90005B6C43F002027B685A64D7F8E43003F041
:10AAA0000203002B0BD0D7F8DC3003F00103002B9E
:10AAB00005D07B685B6C43F004027B685A64D7F86E
:10AAC000E43003F00803002B11D0D7F8E03003F096
:10AAD0002003002B05D1D7F8DC3003F00103002B55
:10AAE00005D07B685B6C43F008027B685A647B6826
:10AAF0005B6C002B00F0F281D7F8E43003F0200308
:10AB0000002B08D0D7F8E03003F02003002B02D050
:10AB1000786800F07DFB7B681B685B6903F040038D
:10AB2000402B0CBF01230023DBB2C7F8D4307B6875
:10AB30005B6C03F00803002B03D1D7F8D430002B53
:10AB40004FD0786800F085FA7B681B685B6903F07A
:10AB50004003402B41D17B681B681433C7F89C30FD
:10AB6000D7F89C3053E8003FC7F89830D7F89830B2
:10AB700023F04003C7F8D0307B681B681433D7F844
:10AB8000D020C7F8A820C7F8A430D7F8A410D7F869
:10AB9000A82041E80023C7F8A030D7F8A030002B48
:10ABA000D9D17B68DB6B002B13D07B68DB6B7E4AD3
:10ABB0001A657B68DB6B1846F9F7E6F80346002B4D
:10ABC00016D07B68DB6B1B6D7A68D26B104698479A
:10ABD0000EE0786800F094F90AE0786800F090F9E7
:10ABE00006E0786800F08CF97B6800225A6475E111
:10ABF00000BF73E17B681B6B012B40F04F81D7F8DE
:10AC0000E43003F01003002B00F04881D7F8E03067
:10AC100003F01003002B00F041810023BB607B6830
:10AC20001B681B68BB607B681B685B68BB60BB689C
:10AC30007B681B685B6903F04003402B40F0B680E3
:10AC40007B68DB6B1B685B68A7F8BE30B7F8BE306B
:10AC5000002B00F045817B689B8DB7F8BE209A429F
:10AC600080F03E817B68B7F8BE20DA857B68DB6BBD
:10AC7000DB69B3F5807F00F088807B681B680C334C
:10AC8000C7F88830D7F8883053E8003FC7F88430D9
:10AC9000D7F8843023F48073C7F8B8307B681B681A
:10ACA0000C33D7F8B820C7F89420C7F89030D7F8FD
:10ACB0009010D7F8942041E80023C7F88C30D7F8DB
:10ACC0008C30002BD9D17B681B6814337B677B6F7A
:10ACD00053E8003F3B673B6F23F00103C7F8B430F4
:10ACE0007B681B681433D7F8B420C7F88020FB6753
:10ACF000F96FD7F8802041E80023BB67BB6F002BBA
:10AD0000E1D17B681B6814333B663B6E53E8003F20
:10AD1000FB65FB6D23F04003C7F8B0307B681B6810
:10AD20001433D7F8B020FA66BB66B96EFA6E41E804
:10AD300000237B667B6E002BE3D17B68202283F8A7
:10AD400042207B6800221A637B681B680C33FB641B
:10AD5000FB6C53E8003FBB64BB6C23F01003C7F8E7
:10AD6000AC307B681B680C33D7F8AC20BA657B65C8
:10AD7000796DBA6D41E800233B653B6D002BE3D153
:10AD80007B68DB6B1846F8F78FFF7B6802225A63FB
:10AD90007B689A8D7B68DB8D9BB2D31A9BB2194678
:10ADA000786800F0B7F89BE019B101087B689A8DCC
:10ADB0007B68DB8D9BB2D31AA7F8CE307B68DB8D26
:10ADC0009BB2002B00F08E80B7F8CE30002B00F045
:10ADD00089807B681B680C33BB63BB6B53E8003F07
:10ADE0007B637B6B23F49073C7F8C8307B681B6868
:10ADF0000C33D7F8C8207A643B64396C7A6C41E82C
:10AE00000023FB63FB6B002BE3D17B681B681433CF
:10AE10007B627B6A53E8003F3B623B6A23F001039D
:10AE2000C7F8C4307B681B681433D7F8C4203A6372
:10AE3000FB62F96A3A6B41E80023BB62BB6A002BF4
:10AE4000E3D17B68202283F842207B6800221A63CA
:10AE50007B681B680C333B613B6953E8003FFB6038
:10AE6000FB6823F01003C7F8C0307B681B680C3305
:10AE7000D7F8C020FA61BB61B969FA6941E80023DB
:10AE80007B617B69002BE3D17B6802225A63B7F8B0
:10AE9000CE301946786800F03DF823E0D7F8E4306A
:10AEA00003F08003002B09D0D7F8E03003F08003D3
:10AEB000002B03D0786800F043F914E0D7F8E430B1
:10AEC00003F04003002B0ED0D7F8E03003F040032E
:10AED000002B08D0786800F083F904E000BF02E09E
:10AEE00000BF00E000BFE837BD4680BD80B483B03E
:10AEF00000AF786000BF0C37BD465DF8047B70473B
:10AF000080B483B000AF786000BF0C37BD465DF8F9
:10AF1000047B704780B483B000AF78600B467B80C1
:10AF200000BF0C37BD465DF8047B704780B586B026
:10AF300000AFF860B9603B601346FB713BE03B6AD1
:10AF4000B3F1FF3F37D0E6F7C9FE02463B68D31A9C
:10AF50003A6A9A4202D33B6A002B01D103233AE0BA
:10AF6000FB681B68DB6803F00403002B23D0BB687D
:10AF7000802B20D0BB68402B1DD0FB681B681B6852
:10AF800003F00803082B16D100237B61FB681B68C4
:10AF90001B687B61FB681B685B687B617B69F86889
:10AFA00000F057F8FB6808225A64FB68002283F817
:10AFB000402001230FE0FB681B681A68BB68134040
:10AFC000BA689A420CBF01230023DBB21A46FB7910
:10AFD0009A42B4D0002318461837BD4680BD80B4CD
:10AFE00085B000AFF860B9601346FB80FB68BA68B3
:10AFF0009A62FB68FA889A85FB68FA88DA85FB68AA
:10B0000000225A64FB68222283F84220FB681B69F5
:10B01000002B07D0FB681B68DA68FB681B6842F4EA
:10B020008072DA60FB681B685A69FB681B6842F033
:10B0300001025A61FB681B68DA68FB681B6842F012
:10B040002002DA60002318461437BD465DF8047B01
:10B05000704780B495B000AF78607B681B680C3394
:10B060007B637B6B53E8003F3B633B6B23F4907344
:10B07000FB647B681B680C33FA6C3A64FB63F96B06
:10B080003A6C41E80023BB63BB6B002BE5D17B68C6
:10B090001B6814333B623B6A53E8003FFB61FB696A
:10B0A00023F00103BB647B681B681433BA6CFA623B
:10B0B000BB62B96AFA6A41E800237B627B6A002BB3
:10B0C000E5D17B681B6B012B19D17B681B680C33A6
:10B0D000FB60FB6853E8003FBB60BB6823F01003D4
:10B0E0007B647B681B680C337A6CBA617B6179691D
:10B0F000BA6941E800233B613B69002BE5D17B68DD
:10B10000202283F842207B6800221A6300BF543754
:10B11000BD465DF8047B704780B584B000AF7860B1
:10B120007B689B6BFB60FB680022DA85FB68002272
:10B13000DA84F868FFF7E4FE00BF1037BD4680BD33
:10B1400080B485B000AF78607B6893F84130DBB2A3
:10B15000212B3ED17B689B68B3F5805F14D17B685F
:10B160001B69002B10D17B681B6AFB60FB681B8886
:10B170001A467B681B68C2F308025A607B681B6A28
:10B180009A1C7B681A6208E07B681B6A591C7A6803
:10B1900011621A787B681B685A607B68DB8C9BB2F3
:10B1A000013B9BB27A681946D184002B0FD17B6892
:10B1B0001B68DA687B681B6822F08002DA607B68B3
:10B1C0001B68DA687B681B6842F04002DA60002383
:10B1D00000E0022318461437BD465DF8047B704733
:10B1E00080B582B000AF78607B681B68DA687B68E6
:10B1F0001B6822F04002DA607B68202283F841203D
:10B200007868FFF773FE002318460837BD4680BDF7
:10B2100080B58CB000AF78607B6893F84230DBB2C9
:10B22000222B40F0AE807B689B68B3F5805F17D11E
:10B230007B681B69002B13D10023FB627B689B6A30
:10B24000BB627B681B685B689BB2C3F308039AB25E
:10B25000BB6A1A807B689B6A9A1C7B689A6226E0AC
:10B260007B689B6AFB620023BB627B689B68B3F5CB
:10B27000805F07D07B689B68002B0AD17B681B69C5
:10B28000002B06D17B681B685B68DAB2FB6A1A7018
:10B2900008E07B681B685B68DBB203F07F03DAB20F
:10B2A000FB6A1A707B689B6A5A1C7B689A627B688F
:10B2B000DB8D9BB2013B9BB27A681946D185002B8E
:10B2C0005DD17B681B68DA687B681B6822F020020E
:10B2D000DA607B681B68DA687B681B6822F480721E
:10B2E000DA607B681B685A697B681B6822F0010280
:10B2F0005A617B68202283F842207B6800225A63CF
:10B300007B681B6B012B35D17B6800221A637B683D
:10B310001B680C337B617B6953E8003F3B613B69F1
:10B3200023F010037B627B681B680C337A6A3A62F5
:10B33000FB61F9693A6A41E80023BB61BB69002BF4
:10B34000E5D17B681B681B6803F01003102B0AD142
:10B350000023FB607B681B681B68FB607B681B68C5
:10B360005B68FB60FB687B689B8D19467868FFF71C
:10B37000D1FD02E07868E6F7A1FD002302E000239A
:10B3800000E0022318463037BD4680BD2DE9B04F9E
:10B39000C0B000AFC7F8F400D7F8F4301B681B69E1
:10B3A00023F44050D7F8F430D968D7F8F4301A684D
:10B3B00040EA01031361D7F8F4309A68D7F8F43003
:10B3C0001B691A43D7F8F4305B691A43D7F8F43095
:10B3D000DB691343C7F8F830D7F8F4301B68DB6833
:10B3E00023F4164121F00C01D7F8F4301A68D7F88D
:10B3F000F8300B43D360D7F8F4301B685B6923F453
:10B400004070D7F8F4309969D7F8F4301A6840EAF8
:10B4100001035361D7F8F4301A688F4B9A4205D074
:10B42000D7F8F4301A688D4B9A4204D1FBF7E6FD49
:10B43000C7F8FC0003E0FBF7CDFDC7F8FC00D7F828
:10B44000F430DB69B3F5004F40F00C81D7F8FC30E5
:10B450000022C7F8E830C7F8EC20D7E93A45224681
:10B460002B469118B9655B41FB65D7E91623214648
:10B4700012EB0108294643EB01094FF000024FF09F
:10B4800000034FEAC90343EA58734FEAC8029046E3
:10B490009946234618EB0303C7F8E0302B4649EBE7
:10B4A0000303C7F8E430D7F8F4305B680022C7F82C
:10B4B000D830C7F8DC20D7E936120B46DB183B65DD
:10B4C000134642EB03037B65D7E91423D7E9380120
:10B4D000E5F73AFC02460B46614BA3FB02235B09EE
:10B4E0001C01D7F8FC300022C7F8D030C7F8D420B0
:10B4F000D7E9348942464B469118B9645B41FB64F5
:10B50000D7E91223414612EB010A494643EB010BEE
:10B510004FF000024FF000034FEACB0343EA5A73A7
:10B520004FEACA0292469B4643461AEB0303C7F80A
:10B53000C8304B464BEB0303C7F8CC30D7F8F43098
:10B540005B680022C7F8C030C7F8C420D7E93012C2
:10B550000B46DB183B64134642EB03037B64D7E9DD
:10B560001023D7E93201E5F7EFFB02460B461146FF
:10B570003B4BA3FB01235B09642202FB03F3CB1AC1
:10B58000DB0003F13202364BA3FB02235B095B00B5
:10B5900003F4F8731C44D7F8FC300022C7F8B83025
:10B5A000C7F8BC20D7E92E8942464B469118B963AB
:10B5B0005B41FB63D7E90E23414651183963494685
:10B5C0004B417B634FF000024FF00003D7E90CAB17
:10B5D0005946CB00514643EA51735146CA001046C2
:10B5E0001946034642469B18C7F8B0304B460A46F8
:10B5F00042EB0303C7F8B430D7F8F4305B6800229D
:10B60000C7F8A830C7F8AC20D7E92A120B46DB18D8
:10B61000BB62134642EB0303FB62D7E90A23D7E977
:10B620002C01E5F791FB02460B460D4BA3FB0213E1
:10B630005B09642101FB03F3D31ADB003233084AB0
:10B64000A2FB03235B0903F00702D7F8F4301B6861
:10B6500022449A6006E100BF00100140001401403E
:10B660001F85EB51D7F8FC300022C7F8A030C7F88F
:10B67000A420D7E9288942464B46911839625B419C
:10B680007B62D7E9082341465418494643EB01053C
:10B690004FF000024FF00003EB0043EA5473E20066
:10B6A00014461D464346E318C7F898304B4645EB11
:10B6B0000303C7F89C30D7F8F4305B680022C7F862
:10B6C0009030C7F894204FF000024FF00003D7E904
:10B6D000244529468B00214643EA917321468A007E
:10B6E000D7E92601E5F730FB02460B46604BA3FB8A
:10B6F00002235B091C01D7F8FC300022C7F8883010
:10B70000C7F88C20D7E9228942464B469118B96187
:10B710005B41FB61D7E9062341465118396149462F
:10B720004B417B614FF000024FF00003D7E904ABBF
:10B730005946CB00514643EA51735146CA00104660
:10B740001946034642469B18C7F880304B460A46C6
:10B7500042EB0303C7F88430D7F8F4305B6800226B
:10B76000BB67FA674FF000024FF00003D7E91E896C
:10B7700049468B00414643EA917341468A00D7E926
:10B780002001E5F7E1FA02460B461146384BA3FBD0
:10B7900001235B09642202FB03F3CB1A1B01323342
:10B7A000334AA2FB03235B0903F0F0031C44D7F8E0
:10B7B000FC3000223B677A67D7E91C8942464B463A
:10B7C0009118B9605B41FB60D7E9022341465118EB
:10B7D000396049464B417B604FF000024FF0000357
:10B7E000D7E900AB5946CB00514643EA5173514665
:10B7F000CA0010461946034642469B18BB664B4694
:10B800000A4642EB0303FB66D7F8F4305B6800227C
:10B810003B667A664FF000024FF00003D7E91889C3
:10B8200049468B00414643EA917341468A00D7E975
:10B830001A01E5F789FA02460B460D4BA3FB0213EA
:10B840005B09642101FB03F3D31A1B013233084A5D
:10B85000A2FB03235B0903F00F02D7F8F4301B6847
:10B8600022449A6000BF07F58077BD46BDE8B08FDF
:10B870001F85EB5180B487B000AF786039603B68BA
:10B880001A687B6853F822303A68126823F0010185
:10B890007B6843F822103B689B68082B02D1402349
:10B8A0007B6101E000237B613B685A687B691A4336
:10B8B0003B689B681A433B68DB681A433B681B691B
:10B8C0001A433B685B691A433B68DB691A433B6870
:10B8D0001B6A1A433B685B6A1A433B689B6A1A43BC
:10B8E0003B68DB6A1A433B681B6B13433B613B6855
:10B8F0009B693A6913433B613B68DB6B3A691343CD
:10B900003B61104BFB60FB6843F48063FB60FB68AA
:10B9100043F4E023FB603B681A687B6853F82220FD
:10B92000FB68DB4302EA03013B681A683B69194381
:10B930007B6843F82210002318461C37BD465DF88B
:10B94000047B70477FFB080080B485B000AFF860CF
:10B95000B9607A607B685A1CFB6853F8223003F0A8
:10B960004041BB681A68BB685B681B011A43BB682F
:10B970009B681B021A43BB68DB681B041A43BB6845
:10B980001B69013B1B051A43BB685B69023B1B0635
:10B990001A43BB689B6913437A6801321943FB68F9
:10B9A00043F82210002318461437BD465DF8047B87
:10B9B0007047000080B485B000AFF860B9607A606D
:10B9C0003B603B68B3F5804F1DD1FB687A6853F844
:10B9D0002220134B1340BA681168BA6852681201EA
:10B9E0001143BA68926812021143BA68926911430E
:10B9F000BA68D26812040A4343EA0201FB687A6813
:10BA000043F8221005E0FB687A686FF0704143F854
:10BA10002210002318461437BD465DF8047B70479A
:10BA20000000F0CF84B080B485B000AF786007F13B
:10BA30001C0080E80E000023FB60FA693B6A1A4391
:10BA40007B6A1A43BB6A1A43FB6A1A433B6B134374
:10BA5000FA681343FB607B685B6823F4FD4323F0C3
:10BA60007F03FA681A437B685A600023184614372C
:10BA7000BD465DF8047B04B0704780B483B000AF6E
:10BA800078607B68D3F8803018460C37BD465DF887
:10BA9000047B704780B483B000AF786039603B6846
:10BAA0001A687B68C3F88020002318460C37BD460F
:10BAB0005DF8047B704780B483B000AF78607B682A
:10BAC00003221A60002318460C37BD465DF8047B3C
:10BAD000704780B483B000AF78607B6800221A6042
:10BAE000002318460C37BD465DF8047B704780B4D0
:10BAF00083B000AF78607B681B6803F003031846CF
:10BB00000C37BD465DF8047B704780B485B000AF4C
:10BB1000786039600023FB603B681A687B689A6034
:10BB20003B685A683B689B681A433B68DB681A436A
:10BB30003B681B691343FA681343FB607B68DB684F
:10BB400023F47F6323F00F03FA681A437B68DA60FB
:10BB5000002318461437BD465DF8047B704780B457
:10BB600083B000AF78607B681B69DBB218460C3786
:10BB7000BD465DF8047B704780B485B000AF786047
:10BB800039607B6814331A463B681344FB60FB68DA
:10BB90001B6818461437BD465DF8047B704780B4B7
:10BBA00085B000AF786039600023FB603B681A689D
:10BBB0007B685A623B685A687B689A623B689A68FD
:10BBC0003B68DB681A433B681B691A433B685B6947
:10BBD0001343FA681343FB607B68DB6A23F0F702C8
:10BBE000FB681A437B68DA62002318461437BD46A7
:10BBF0005DF8047B704780B588B000AF786039602D
:10BC00003B68BB601023FB6040233B6100237B61EA
:10BC10004FF48063BB6107F1080319467868FFF7AA
:10BC200074FF41F288321021786800F0D7F9F8618A
:10BC3000FB6918462037BD4680BD80B588B000AF8F
:10BC4000786039603B68BB601123FB6040233B6137
:10BC500000237B614FF48063BB6107F10803194641
:10BC60007868FFF752FF41F288321121786800F0BE
:10BC7000B5F9F861FB6918462037BD4680BD80B52F
:10BC800088B000AF786039603B68BB601223FB600E
:10BC900040233B6100237B614FF48063BB6107F16C
:10BCA000080319467868FFF730FF41F28832122105
:10BCB000786800F093F9F861FB6918462037BD46B3
:10BCC00080BD80B588B000AF786039603B68BB60EC
:10BCD0001823FB6040233B6100237B614FF48063AA
:10BCE000BB6107F1080319467868FFF70EFF41F2C0
:10BCF00088321821786800F071F9F861FB691846FC
:10BD00002037BD4680BD80B588B000AF786039600F
:10BD10003B68BB601923FB6040233B6100237B61D0
:10BD20004FF48063BB6107F1080319467868FFF799
:10BD3000ECFE41F288321921786800F04FF9F86181
:10BD4000FB6918462037BD4680BD000080B588B02D
:10BD500000AF78600023BB600C23FB6040233B6195
:10BD600000237B614FF48063BB6107F10803194630
:10BD70007868FFF7CAFE054A0C21786800F02EF9B2
:10BD8000F861FB6918462037BD4680BD00E1F50526
:10BD900080B58AB000AFF860C7E900233B683B611B
:10BDA00007237B614023BB610023FB614FF4806369
:10BDB0003B6207F110031946F868FFF7A6FE41F24F
:10BDC00088320721F86800F009F978627B6A184622
:10BDD0002837BD4680BD80B588B000AF78600023AD
:10BDE000BB600023FB6000233B6100237B614FF4B9
:10BDF0008063BB6107F1080319467868FFF785FE89
:10BE0000786800F023FBF861FB6918462037BD46CF
:10BE100080BD80B588B000AF78604FF4D573BB604B
:10BE20000823FB6040233B6100237B614FF4806368
:10BE3000BB6107F1080319467868FFF766FE78686A
:10BE400000F0B6FAF861FB6918462037BD4680BDA0
:10BE500080B588B000AF786039603B68BB6037233D
:10BE6000FB6040233B6100237B614FF48063BB6137
:10BE700007F1080319467868FFF747FE41F2883258
:10BE80003721786800F0AAF8F861FB691846203776
:10BE9000BD4680BD80B588B000AF786039603B6832
:10BEA00043F0004343F48013BB602923FB6040232D
:10BEB0003B6100237B614FF48063BB6107F10803A2
:10BEC00019467868FFF721FE786800F0BDF9F8613F
:10BED000FB6918462037BD4680BD80B588B000AFED
:10BEE00078600023BB600223FB60C0233B6100231A
:10BEF0007B614FF48063BB6107F1080319467868E2
:10BF0000FFF703FE786800F057F9F861FB691846FF
:10BF10002037BD4680BD80B588B000AF78603960FD
:10BF20003B68BB600923FB60C0233B6100237B614E
:10BF30004FF48063BB6107F1080319467868FFF787
:10BF4000E4FD786800F038F9F861FB69184620379D
:10BF5000BD4680BD80B588B000AF786039600023F1
:10BF6000BB600323FB6040233B6100237B614FF4F4
:10BF70008063BB6107F1080319467868FFF7C5FDC8
:10BF80003A680321786800F09DF9F861FB6918466A
:10BF90002037BD4680BD80B588B000AF786039607D
:10BFA0003B68BB600D23FB6040233B6100237B614A
:10BFB0004FF48063BB6107F1080319467868FFF707
:10BFC000A4FD41F288320D21786800F007F8F8618D
:10BFD000FB6918462037BD4680BD000080B588B09B
:10BFE00000AFF8600B467A60FB72704B1B68704ABA
:10BFF000A2FB03235A0A7B6802FB03F3FB61FB6984
:10C000005A1EFA61002B02D14FF00043C9E0FB68D1
:10C010005B6BBB61BB6903F04503002BEFD0BB69D1
:10C0200003F40063002BEAD1FB685B6B03F00403AD
:10C03000002B04D0FB6804229A630423B1E0FB6860
:10C040005B6B03F00103002B04D0FB6801229A63B1
:10C050000123A6E0FB68C5229A63F868FFF77FFD1D
:10C0600003461A46FB7A934201D0012399E000214E
:10C07000F868FFF781FD78617A694E4B1340002B19
:10C0800001D100238DE07B69002B02DA4FF00073B1
:10C0900087E07B6903F08043002B01D0402380E0E0
:10C0A0007B6903F00053002B01D0802379E07B698A
:10C0B00003F08053002B02D04FF4807371E07B6952
:10C0C00003F00063002B02D04FF4007369E07B693A
:10C0D00003F08063002B02D04FF4806361E07B6942
:10C0E00003F08073002B02D04FF4006359E07B69AA
:10C0F00003F40003002B02D04FF4805351E07B691E
:10C1000003F48003002B02D04FF4005349E07B6915
:10C1100003F40013002B02D04FF4804341E07B690D
:10C1200003F48013002B02D04FF4004339E07B6905
:10C1300003F48023002B02D04FF4003331E07B69FD
:10C1400003F40033002B02D04FF4802329E07B69F5
:10C1500003F48033002B02D04FF4002321E07B69ED
:10C1600003F40043002B02D04FF4801319E07B69E5
:10C1700003F48043002B02D04FF4001311E07B69DD
:10C1800003F40053002B02D04FF4800309E07B69D5
:10C1900003F00803002B02D04FF4000301E04FF43A
:10C1A000803318462037BD4680BD00BF38020020CE
:10C1B000D34D621008E0FFFD80B485B000AF786019
:10C1C0001F4B1B681F4AA2FB03235B0A41F2883204
:10C1D00002FB03F3FB60FB685A1EFA60002B02D1DE
:10C1E0004FF0004326E07B685B6BBB60BB6803F0ED
:10C1F0004503002BEFD0BB6803F40063002BEAD1AA
:10C200007B685B6B03F00403002B04D07B68042283
:10C210009A6304230EE07B685B6B03F00103002B41
:10C2200004D07B6801229A63012303E07B68C52266
:10C230009A63002318461437BD465DF8047B7047A7
:10C2400038020020D34D621080B485B000AF786012
:10C250001A4B1B681A4AA2FB03235B0A41F288327D
:10C2600002FB03F3FB60FB685A1EFA60002B02D14D
:10C270004FF000431BE07B685B6BBB60BB6803F067
:10C280004503002BEFD0BB6803F40063002BEAD119
:10C290007B685B6B03F00403002B04D07B680422F3
:10C2A0009A63042303E07B68C5229A63002318463F
:10C2B0001437BD465DF8047B704700BF380200208C
:10C2C000D34D621080B588B000AFF8600B467A603D
:10C2D000FB72354B1B68354AA2FB03235B0A41F214
:10C2E000883202FB03F3FB61FB695A1EFA61002BE3
:10C2F00002D14FF0004352E0FB685B6BBB61BB694E
:10C3000003F04503002BEFD0BB6903F40063002B5F
:10C31000EAD1FB685B6B03F00403002B04D0FB68DD
:10C3200004229A6304233AE0FB685B6B03F0010389
:10C33000002B04D0FB6801229A6301232FE0F868E8
:10C34000FFF70DFC03461A46FB7A934201D0012306
:10C3500025E0FB68C5229A630021F868FFF70CFC12
:10C3600078617B6903F46043002B06D17B691B0C69
:10C370009AB27B681A80002311E07B6903F4804342
:10C38000002B02D04FF4005309E07B6903F4004313
:10C39000002B02D04FF4805301E04FF48033184655
:10C3A0002037BD4680BD00BF38020020D34D62104B
:10C3B00080B485B000AF7860224B1B68224AA2FB94
:10C3C00003235B0A41F2883202FB03F3FB60FB6844
:10C3D0005A1EFA60002B02D14FF000432CE07B681C
:10C3E0005B6BBB60BB6803F04503002BEFD0BB6801
:10C3F00003F40063002BEAD17B685B6B03F004035A
:10C40000002B04D07B6804229A63042314E07B6829
:10C410005B6B03F00103002B04D07B6801229A635D
:10C42000012309E07B685B6B03F04003002B02D023
:10C430007B6840229A63002318461437BD465DF896
:10C44000047B704738020020D34D621080B485B061
:10C4500000AF7860114B1B68114AA2FB03235B0AF3
:10C4600041F2883202FB03F3FB60FB685A1EFA605C
:10C47000002B02D14FF0004309E07B685B6B03F0B7
:10C480008003002BF1D07B68C5229A6300231846F5
:10C490001437BD465DF8047B704700BF38020020AA
:10C4A000D34D621080B500AF0449054808F0FCF890
:10C4B00003461A46034B1A7000BF80BD402A002075
:10C4C00098D002083C2A002080B400AF0023184610
:10C4D000BD465DF8047B704780B582B000AF002395
:10C4E000FB7100F090F80346012B01D0012305E019
:10C4F0000448FBF74BFB0346FB71FB7918460837F2
:10C50000BD4680BD3006002080B588B002AFF8601F
:10C51000B9607A603B600023FB753B6800937B68E1
:10C52000BA68F9680648FBF701FC0346002B01D006
:10C530000123FB75FB7D18461837BD4680BD00BF43
:10C540003006002080B588B002AFF860B9607A602C
:10C550003B600023FB753B6800937B68BA68F96811
:10C560000648FBF7C9FD0346002B01D00123FB75EC
:10C57000FB7D18461837BD4680BD00BF3006002041
:10C5800080B500AF0548FCF7A5FA0346042B14BF9D
:10C5900001230023DBB2184680BD00BF3006002017
:10C5A00080B582B000AF786079680348FCF766FA1E
:10C5B00000BF0837BD4680BD3006002080B582B080
:10C5C00000AF786000F018F800BF0837BD4680BDA6
:10C5D00080B582B000AF7860E5F708FC00BF08378F
:10C5E000BD4680BD80B582B000AF7860E5F71EFC27
:10C5F00000BF0837BD4680BD80B400AF00BFBD4658
:10C600005DF8047B704780B582B000AF0123FB71F9
:10C6100000F00CF80346002B01D10023FB71FB79DD
:10C62000DBB218460837BD4680BD000080B582B039
:10C6300000AF0123FB714FF480710648F8F7A0FBAF
:10C640000346002B01D00023FB71FB791846083705
:10C65000BD4680BD0018024080B582B000AF0346E1
:10C66000FB710B4B01221A70FFF78AFF0346002B68
:10C6700007D1074B1B78DBB223F00103DAB2044B7E
:10C680001A70034B1B78DBB218460837BD4680BDD5
:10C69000A902002080B582B000AF0346FB710B4BAE
:10C6A00001221A70FFF718FF0346002B07D1FB7910
:10C6B0001846FFF7D1FF03461A46044B1A70034B86
:10C6C0001B78DBB218460837BD4680BDA9020020A2
:10C6D00080B582B000AF0346FB71FB791846FFF7C7
:10C6E000BBFF034618460837BD4680BD80B586B0FF
:10C6F00000AFB9607A603B600346FB730123FB75B2
:10C700004FF0FF333A687968B868FFF7FDFE0346DB
:10C71000002B07D100BFFFF733FF0346002BFAD1F0
:10C720000023FB75FB7D18461837BD4680BD80B5DC
:10C7300086B000AFB9607A603B600346FB730123AB
:10C74000FB754FF0FF333A687968B868FFF7FAFE77
:10C750000346002B07D100BFFFF712FF0346002B53
:10C76000FAD10023FB75FB7D18461837BD4680BD06
:10C7700080B58CB000AF03463A60FB710B46BB71CD
:10C78000012387F82F30254B1B78DBB203F0010320
:10C79000002B01D003233CE0BB79032B34D801A24A
:10C7A00052F823F0B5C70108BDC70108D5C7010875
:10C7B000EFC70108002387F82F3028E007F10C03AA
:10C7C0001846FFF7EDFE7A6A3B681A60002387F887
:10C7D0002F301CE007F10C031846FFF7E1FEBB6A9F
:10C7E0009AB23B681A80002387F82F300FE007F1D8
:10C7F0000C031846FFF7D4FEBB6A5A0A3B681A605E
:10C80000002387F82F3002E0042387F82F3097F8B1
:10C810002F3018463037BD4680BD00BFA90200202A
:10C8200080B582B000AF1C2003F072FE78607B6898
:10C83000002B0AD07B6800221A607B6804331846FC
:10C8400000F088F97B6800221A767B681846083762
:10C85000BD4680BD80B590B000AFF860B9607A6029
:10C860003B60FB687B630023BB6300233B63FB6887
:10C87000002B0BD14FF0500383F31188BFF36F8F60
:10C88000BFF34F8F3B6200BF00BFFDE7BB68B3F152
:10C89000807F0BD34FF0500383F31188BFF36F8F6A
:10C8A000BFF34F8FFB6100BF00BFFDE7BB68002BEC
:10C8B0000BD14FF0500383F31188BFF36F8FBFF399
:10C8C0004F8FBB6100BF00BFFDE702F0B9FA03461E
:10C8D000002B02D1BB6C002B01D1012300E000230F
:10C8E000002B0BD14FF0500383F31188BFF36F8FF0
:10C8F000BFF34F8F7B6100BF00BFFDE701F08EFCEF
:10C900007B6B1B68FB623A68B968F86A00F000F953
:10C91000B862BB6A002B0ED0FB6AFB630023BB64CA
:10C920007B68002B28D07B6B1A68BB68DB431A40FE
:10C930007B6B1A6020E0BB6C002B04D1FB6AFB63AD
:10C9400001233B6318E07B68002B03D0BB6B43F0F3
:10C950008073BB633B68002B03D0BB6B43F08063E9
:10C96000BB637B6B181DBA68BB6B1343BA6C19466B
:10C9700001F02AFF0023FB6301F05EFC7862BB6CD0
:10C98000002B31D07B6A002B07D11A4B4FF080521D
:10C990001A60BFF34F8FBFF36F8F02F073FCF86321
:10C9A000FB6B03F00073002B1AD103F08BFC7B6B45
:10C9B0001B68FB633A68B968F86B00F0A9F8034696
:10C9C000002B09D07B68002B06D07B6B1A68BB68F4
:10C9D000DB431A407B6B1A6001233B6303F0A4FC2A
:10C9E000FB6B23F07F43FB63FB6B18464037BD4670
:10C9F00080BD00BF04ED00E080B58EB000AF786070
:10CA0000396000233B637B68BB620023FB627B6869
:10CA1000002B0BD14FF0500383F31188BFF36F8FBE
:10CA2000BFF34F8F3B6100BF00BFFDE73B68B3F131
:10CA3000807F0BD34FF0500383F31188BFF36F8FC8
:10CA4000BFF34F8FFB6000BF00BFFDE7BB6A04333D
:10CA50007B627B6A08333B6201F0E0FB7B6ADB6848
:10CA60007B63BB6A1A683B681A43BB6A1A603CE086
:10CA70007B6B5B68FB617B6B1B68BB610023FB62AC
:10CA8000BB6903F07F437B61BB6923F07F43BB61DC
:10CA90007B6903F08063002B08D1BB6A1A68BB690D
:10CAA0001340002B0BD00123FB6208E0BB6A1A681D
:10CAB000BB691340BA699A4201D10123FB62FB6A48
:10CAC000002B10D07B6903F08073002B03D03A6BEE
:10CAD000BB6913433B63BB6A1B6843F00073194691
:10CAE000786B01F0E9FFFB697B637A6B3B6A9A42E2
:10CAF000BED1BB6A1A683B6BDB431A40BB6A1A6043
:10CB000001F09AFBBB6A1B6818463837BD4680BDEA
:10CB100080B487B000AFF860B9607A6000237B61B1
:10CB20007B68002B07D1FA68BB681340002B0AD042
:10CB300001237B6107E0FA68BB681340BA689A4238
:10CB400001D101237B617B6918461C37BD465DF826
:10CB5000047B704780B483B000AF78607B6803F1DA
:10CB600008027B685A607B684FF0FF329A607B68EE
:10CB700003F108027B68DA607B6803F108027B68D6
:10CB80001A617B6800221A6000BF0C37BD465DF851
:10CB9000047B704780B483B000AF78607B6800226C
:10CBA0001A6100BF0C37BD465DF8047B704780B446
:10CBB00085B000AF786039603B681B68BB60BB68BC
:10CBC000B3F1FF3F03D17B681B69FB600CE07B681E
:10CBD0000833FB6002E0FB685B68FB60FB685B6836
:10CBE0001B68BA689A42F6D2FB685A683B685A607A
:10CBF0003B685B683A689A603B68FA689A60FB68D1
:10CC00003A685A603B687A681A617B681B685A1CEC
:10CC10007B681A6000BF1437BD465DF8047B70471F
:10CC200080B485B000AF78607B681B69FB607B686F
:10CC30005B687A6892689A607B689B687A685268D9
:10CC40005A60FB685B687A689A4203D17B689A688D
:10CC5000FB685A607B6800221A61FB681B685A1ED9
:10CC6000FB681A60FB681B6818461437BD465DF800
:10CC7000047B704780B586B000AF786039600123CF
:10CC80007B617B683B613B69002B0BD14FF050030C
:10CC900083F31188BFF36F8FBFF34F8FFB6000BF2B
:10CCA00000BFFDE73B69002B5DD03B69DB6B002BD0
:10CCB00059D03B691A6C3B69DB6B0021A3FB022353
:10CCC000002B00D001210B46002B4CD103F0FAFAC7
:10CCD0003B691A683B69DB6B3969096C01FB03F33B
:10CCE0001A443B699A603B6900229A633B691A685F
:10CCF0003B695A603B691A683B69DB6B013B3969E8
:10CD0000096C01FB03F31A443B69DA603B69FF22BB
:10CD100083F844203B69FF2283F845203B68002BC1
:10CD200014D13B691B69002B1AD03B69103318469C
:10CD300001F0E8FD0346002B12D0164B4FF0805255
:10CD40001A60BFF34F8FBFF36F8F09E03B69103359
:10CD50001846FFF7FFFE3B6924331846FFF7FAFE3B
:10CD600003F0E2FA01E000237B617B69002B0BD129
:10CD70004FF0500383F31188BFF36F8FBFF34F8FD2
:10CD8000BB6000BF00BFFDE77B6918461837BD4692
:10CD900080BD00BF04ED00E080B58CB002AFF8604C
:10CDA000B9607A603B6000237B623B68002B0BD14B
:10CDB0004FF0500383F31188BFF36F8FBFF34F8F92
:10CDC0003B6200BF00BFFDE7FB68002B31D03B6832
:10CDD000002B2ED07B68002B02D0BB68002B28D004
:10CDE0007B68002B02D1BB68002B22D148237B61DA
:10CDF0007B69482B0BD04FF0500383F31188BFF3AE
:10CE00006F8FBFF34F8FFB6100BF00BFFDE77B69F2
:10CE10003B687B627B6A012283F8462097F83020CA
:10CE20007B6A009313467A68B968F86800F068F87E
:10CE30000EE07B6A002B0BD14FF0500383F3118877
:10CE4000BFF36F8FBFF34F8FBB6100BF00BFFDE724
:10CE50007B6A18462837BD4680BD80B58AB002AFD0
:10CE6000F860B9601346FB710023FB61FB68002B7F
:10CE700032D00021BA68FB68A3FB0223002B00D04C
:10CE800001210B46002B27D1FB68BA6802FB03F394
:10CE900013F1490F20D8FB68BA6802FB03F3BB61AA
:10CEA000BB694833184603F033FBF861FB69002B7C
:10CEB00021D0FB697B617B6948337B61FB69002280
:10CEC00083F84620FA79FB69009313467A69B968BA
:10CED000F86800F015F80EE0FB69002B0BD14FF05D
:10CEE000500383F31188BFF36F8FBFF34F8F3B6104
:10CEF00000BF00BFFDE7FB6918462037BD4680BD77
:10CF000080B584B000AFF860B9607A60FB70BB6830
:10CF1000002B03D1BB69BA691A6002E0BB697A6869
:10CF20001A60BB69FA68DA63BB69BA681A640121DE
:10CF3000B869FFF79FFE00BF1037BD4680BD80B5C2
:10CF400082B000AF78607B68002B0ED07B68002237
:10CF50009A607B6800221A607B680022DA600023F6
:10CF600000220021786800F045F800BF0837BD4670
:10CF700080BD80B586B000AF0346FB7101237B61A5
:10CF800000233B61FB791A4639697869FFF765FF31
:10CF9000F860F868FFF7D3FFFB6818461837BD46FE
:10CFA00080BD80B586B000AF78607B683B617B68F0
:10CFB000002B0BD14FF0500383F31188BFF36F8F19
:10CFC000BFF34F8FFB6000BF00BFFDE703F07AF9AE
:10CFD0003B691B68002B03D13B699B687B6101E0C7
:10CFE00000237B6103F0A0F97B6918461837BD4622
:10CFF00080BD000080B58EB000AFF860B9607A6087
:10D000003B6000237B63FB683B633B6B002B0BD1D6
:10D010004FF0500383F31188BFF36F8FBFF34F8F2F
:10D02000BB6200BF00BFFDE7BB68002B03D13B6BB9
:10D030001B6C002B01D1012300E00023002B0BD13E
:10D040004FF0500383F31188BFF36F8FBFF34F8FFF
:10D050007B6200BF00BFFDE73B68022B03D13B6B47
:10D06000DB6B012B01D1012300E00023002B0BD14E
:10D070004FF0500383F31188BFF36F8FBFF34F8FCF
:10D080003B6200BF00BFFDE701F0DAFE0346002B64
:10D0900002D17B68002B01D1012300E00023002B8B
:10D0A0000BD14FF0500383F31188BFF36F8FBFF3A1
:10D0B0004F8FFB6100BF00BFFDE703F003F93B6B3F
:10D0C0009A6B3B6BDB6B9A4202D33B68022B29D1F4
:10D0D0003A68B968386B00F006FCF8623B6B5B6A33
:10D0E000002B10D03B6B2433184601F00BFC034699
:10D0F000002B13D03F4B4FF080521A60BFF34F8F7D
:10D10000BFF36F8F0AE0FB6A002B07D0394B4FF05B
:10D1100080521A60BFF34F8FBFF36F8F03F004F993
:10D12000012363E07B68002B03D103F0FDF80023AB
:10D130005CE07B6B002B06D107F11403184601F06D
:10D140007FFD01237B6303F0EFF801F067F803F044
:10D15000B9F83B6B93F844305BB2B3F1FF3F03D1B6
:10D160003B6B002283F844203B6B93F845305BB265
:10D17000B3F1FF3F03D13B6B002283F8452003F05E
:10D18000D3F83A1D07F114031146184601F06EFD5D
:10D190000346002B24D1386B00F09DFC0346002B86
:10D1A00018D03B6B10337A681146184601F0E6FA46
:10D1B000386B00F028FC01F03FF80346002B7FF4A9
:10D1C0007CAF0C4B4FF080521A60BFF34F8FBFF310
:10D1D0006F8F72E7386B00F016FC01F02DF86CE7EA
:10D1E000386B00F010FC01F027F8002318463837A0
:10D1F000BD4680BD04ED00E080B592B000AFF860A0
:10D20000B9607A603B60FB683B643B6C002B0BD1E0
:10D210004FF0500383F31188BFF36F8FBFF34F8F2D
:10D22000FB6200BF00BFFDE7BB68002B03D13B6C76
:10D230001B6C002B01D1012300E00023002B0BD13C
:10D240004FF0500383F31188BFF36F8FBFF34F8FFD
:10D25000BB6200BF00BFFDE73B68022B03D13B6C04
:10D26000DB6B012B01D1012300E00023002B0BD14C
:10D270004FF0500383F31188BFF36F8FBFF34F8FCD
:10D280007B6200BF00BFFDE703F000F9EFF31182FE
:10D290004FF0500383F31188BFF36F8FBFF34F8FAD
:10D2A0003A62FB613B6AFB633B6C9A6B3B6CDB6BEA
:10D2B0009A4202D33B68022B47D13B6C93F845302E
:10D2C00087F83B303B6C9B6B7B633A68B968386C82
:10D2D00000F009FB97F93B30B3F1FF3F12D13B6CF3
:10D2E0005B6A002B2ED03B6C2433184601F00AFBFE
:10D2F0000346002B26D07B68002B23D07B680122BD
:10D300001A601FE001F0B0F8386397F93B303A6BD0
:10D310009A4217D997F93B307F2B0BD14FF050032E
:10D3200083F31188BFF36F8FBFF34F8FBB6100BFD3
:10D3300000BFFDE797F83B300133DBB25AB23B6CDC
:10D3400083F8452001237B6401E000237B64FB6BB1
:10D350007B617B6983F3118800BF7B6C184648377B
:10D36000BD4680BD80B590B000AF786039607B6805
:10D37000BB63BB6B002B0BD14FF0500383F31188C1
:10D38000BFF36F8FBFF34F8F7B6200BF00BFFDE71E
:10D39000BB6B1B6C002B0BD04FF0500383F3118839
:10D3A000BFF36F8FBFF34F8F3B6200BF00BFFDE73E
:10D3B000BB6B1B68002B03D1BB6B9B68002B01D19F
:10D3C000012300E00023002B0BD14FF0500383F327
:10D3D0001188BFF36F8FBFF34F8FFB6100BF00BF9A
:10D3E000FDE703F053F8EFF311824FF0500383F39E
:10D3F0001188BFF36F8FBFF34F8FBA617B61BB6939
:10D400007B63BB6B9B6B3B63BB6BDB6B3A6B9A4287
:10D4100043D2BB6B93F8453087F82F303B6B5A1CD7
:10D42000BB6B9A6397F92F30B3F1FF3F12D1BB6BFF
:10D430005B6A002B2ED0BB6B2433184601F062FAD6
:10D440000346002B26D03B68002B23D03B680122EB
:10D450001A601FE001F008F8B86297F92F30BA6A35
:10D460009A4217D997F92F307F2B0BD14FF05003E9
:10D4700083F31188BFF36F8FBFF34F8F3B6100BF02
:10D4800000BFFDE797F82F300133DBB25AB2BB6B18
:10D4900083F845200123FB6301E00023FB637B6BE2
:10D4A000FB60FB6883F3118800BFFB6B18464037B5
:10D4B000BD4680BD80B58CB000AFF860B9607A60C1
:10D4C0000023FB62FB68BB62BB6A002B0BD14FF0F1
:10D4D000500383F31188BFF36F8FBFF34F8F3B620D
:10D4E00000BF00BFFDE7BB68002B03D1BB6A1B6C0C
:10D4F000002B01D1012300E00023002B0BD14FF0C2
:10D50000500383F31188BFF36F8FBFF34F8FFB611D
:10D5100000BF00BFFDE701F093FC0346002B02D1E2
:10D520007B68002B01D1012300E00023002B0BD1ED
:10D530004FF0500383F31188BFF36F8FBFF34F8F0A
:10D54000BB6100BF00BFFDE702F0BCFEBB6A9B6B86
:10D550007B627B6A002B1FD0B968B86A00F02DFA95
:10D560007B6A5A1EBB6A9A63BB6A1B69002B0FD089
:10D57000BB6A1033184601F0C5F90346002B07D0EB
:10D580003C4B4FF080521A60BFF34F8FBFF36F8F49
:10D5900002F0CAFE012369E07B68002B03D102F090
:10D5A000C3FE002362E0FB6A002B06D107F11003E3
:10D5B000184601F045FB0123FB6202F0B5FE00F0C6
:10D5C0002DFE02F07FFEBB6A93F844305BB2B3F1EC
:10D5D000FF3F03D1BB6A002283F84420BB6A93F863
:10D5E00045305BB2B3F1FF3F03D1BB6A002283F841
:10D5F000452002F099FE3A1D07F110031146184626
:10D6000001F034FB0346002B23D1B86A00F04DFA39
:10D610000346002B17D0BB6A24337A68114618469C
:10D6200001F0ACF8B86A00F0EEF900F005FE034630
:10D63000002B89D10F4B4FF080521A60BFF34F8FF0
:10D64000BFF36F8F80E7B86A00F0DDF900F0F4FDFA
:10D650007AE7B86A00F0D7F900F0EEFDB86A00F09A
:10D6600024FA0346002B3FF46FAF002318463037EF
:10D67000BD4680BD04ED00E080B58CB000AF7860A1
:10D6800039600023FB627B687B620023BB627B6A9C
:10D69000002B0BD14FF0500383F31188BFF36F8F32
:10D6A000BFF34F8FBB6100BF00BFFDE77B6A1B6C00
:10D6B000002B0BD04FF0500383F31188BFF36F8F13
:10D6C000BFF34F8F7B6100BF00BFFDE701F0B8FBE8
:10D6D0000346002B02D13B68002B01D1012300E05F
:10D6E0000023002B0BD14FF0500383F31188BFF3BD
:10D6F0006F8FBFF34F8F3B6100BF00BFFDE702F0AC
:10D70000E1FD7B6A9B6B3B623B6A002B24D03B6A4A
:10D710005A1E7B6A9A637B6A1B68002B04D101F056
:10D72000C9FD02467B6A9A607B6A1B69002B0FD099
:10D730007B6A1033184601F0E5F80346002B07D04A
:10D740004C4B4FF080521A60BFF34F8FBFF36F8F77
:10D7500002F0EAFD012389E03B68002B03D102F0CF
:10D76000E3FD002382E0FB6A002B06D107F10803EA
:10D77000184601F065FA0123FB6202F0D5FD00F0C6
:10D780004DFD02F09FFD7B6A93F844305BB2B3F12C
:10D79000FF3F03D17B6A002283F844207B6A93F821
:10D7A00045305BB2B3F1FF3F03D17B6A002283F8BF
:10D7B000452002F0B9FD3A4607F108031146184624
:10D7C00001F054FA0346002B32D1786A00F06DF96B
:10D7D0000346002B26D07B6A1B68002B09D102F080
:10D7E00071FD7B6A9B68184601F048FBB86202F045
:10D7F0009BFD7B6A24333A681146184600F0BEFF51
:10D80000786A00F000F900F017FD0346002B7FF462
:10D8100076AF184B4FF080521A60BFF34F8FBFF3B3
:10D820006F8F6CE7786A00F0EEF800F005FD66E7B0
:10D83000786A00F0E8F800F0FFFC786A00F035F94B
:10D840000346002B3FF45BAFBB6A002B0DD002F008
:10D8500039FD786A00F02FF8F8617B6A9B68F969F6
:10D86000184601F053FC02F05FFD002318463037E4
:10D87000BD4680BD04ED00E080B584B000AF7860A7
:10D880007B68002B0BD14FF0500383F31188BFF35B
:10D890006F8FBFF34F8FBB6000BF00BFFDE702F08B
:10D8A00011FD7B689B6BFB6002F03EFDFB68184638
:10D8B0001037BD4680BD80B485B000AF78607B680E
:10D8C0005B6A002B06D07B681B6B1B68C3F10703E8
:10D8D000FB6001E00023FB60FB6818461437BD467F
:10D8E0005DF8047B704780B586B000AFF860B96022
:10D8F0007A6000237B61FB689B6B3B61FB681B6C60
:10D90000002B0DD1FB681B68002B4DD1FB689B6879
:10D91000184601F053FB7861FB6800229A6043E0EF
:10D920007B68002B19D1FB685868FB681B6C1A4692
:10D93000B9680BF0AEFFFB685A68FB681B6C1A44B1
:10D94000FB685A60FB685A68FB689B689A422BD355
:10D95000FB681A68FB685A6026E0FB68D868FB68B9
:10D960001B6C1A46B9680BF094FFFB68DA68FB6819
:10D970001B6C5B421A44FB68DA60FB68DA68FB6880
:10D980001B689A4207D2FB689A68FB681B6C5B4273
:10D990001A44FB68DA607B68022B05D13B69002BD7
:10D9A00002D03B69013B3B613B695A1CFB689A63AF
:10D9B0007B6918461837BD4680BD80B582B000AF80
:10D9C000786039607B681B6C002B18D07B68DA6844
:10D9D0007B681B6C1A447B68DA607B68DA687B685A
:10D9E0009B689A4203D37B681A687B68DA607B681D
:10D9F000D9687B681B6C1A4638680BF04AFF00BF79
:10DA00000837BD4680BD80B584B000AF786002F0B5
:10DA100059FC7B6893F84530FB7311E07B685B6AC7
:10DA2000002B12D07B682433184600F06BFF0346AE
:10DA3000002B01D001F082F9FB7B013BDBB2FB73D1
:10DA400097F90F30002BE9DC00E000BF7B68FF2274
:10DA500083F8452002F068FC02F034FC7B6893F800
:10DA60004430BB7311E07B681B69002B12D07B68CC
:10DA70001033184600F046FF0346002B01D001F09A
:10DA80005DF9BB7B013BDBB2BB7397F90E30002B1A
:10DA9000E9DC00E000BF7B68FF2283F8442002F04D
:10DAA00043FC00BF1037BD4680BD80B584B000AFD9
:10DAB000786002F007FC7B689B6B002B02D101238E
:10DAC000FB6001E00023FB6002F02EFCFB681846BF
:10DAD0001037BD4680BD80B584B000AF786002F0DD
:10DAE000F1FB7B689A6B7B68DB6B9A4202D1012366
:10DAF000FB6001E00023FB6002F016FCFB681846A7
:10DB00001037BD4680BD000080B487B000AF78609C
:10DB1000396000233B617B68002B0BD14FF0500331
:10DB200083F31188BFF36F8FBFF34F8FFB6000BF8C
:10DB300000BFFDE73B68002B24D000237B611EE083
:10DB4000184A7B69DB0013445B687A689A4205D106
:10DB50007B69DB00134A13443B6113E03B69002BF4
:10DB60000AD1104A7B6952F83330002B04D17B690B
:10DB7000DB000C4A13443B617B6901337B617B69A9
:10DB8000072BDDD93B69002B05D03B693A681A6049
:10DB90003B697A685A6000BF1C37BD465DF8047B5C
:10DBA000704700BF442A002080B586B000AFF860FF
:10DBB000B9607A60FB687B6102F084FB7B6993F853
:10DBC00044305BB2B3F1FF3F03D17B69002283F89D
:10DBD00044207B6993F845305BB2B3F1FF3F03D13A
:10DBE0007B69002283F8452002F09EFB7B699B6BDA
:10DBF000002B06D17B6924337A68B968184600F097
:10DC00003BFE7869FFF7FFFE00BF1837BD4680BDB9
:10DC100080B58EB004AFF860B9607A603B607B6B12
:10DC2000002B0BD14FF0500383F31188BFF36F8F9C
:10DC3000BFF34F8F3B6200BF00BFFDE7BB6B002B04
:10DC40000BD14FF0500383F31188BFF36F8FBFF3F5
:10DC50004F8FFB6100BF00BFFDE7A0237B617B69A5
:10DC6000A02B0BD04FF0500383F31188BFF36F8FBD
:10DC7000BFF34F8FBB6100BF00BFFDE77B69BB6B8C
:10DC8000002B1FD07B6B002B1CD0BB6B7B62A022B8
:10DC90000021786A0AF02DFF7B6A7A6B1A637B6A2F
:10DCA000022283F89D20002303937B6A0293FB6B7F
:10DCB00001933B6B00933B687A68B968F86800F0A1
:10DCC0008FF801E000237B627B6A18462837BD4647
:10DCD00080BD80B58AB004AFF860B9607A603B60FF
:10DCE00000233B6107F110030393BB6A02937B6A35
:10DCF00001933B6A00933B687A68B968F868FFF75C
:10DD000087FF78617B69002B02D0786900F006F903
:10DD10003B6918461837BD4680BD80B58AB004AF50
:10DD2000F860B9607A603B607B689B00184602F03F
:10DD3000EFFB38613B69002B13D0A02002F0E8FB19
:10DD400078617B69002B08D0A022002178690AF055
:10DD5000D0FE7B693A691A6305E0386902F010FD6C
:10DD600001E000237B617B69002B11D07B690022DD
:10DD700083F89D20002303937B6902937B6A0193C0
:10DD80003B6A00933B687A68B968F86800F028F845
:10DD90007B6918461837BD4680BD80B588B002AF94
:10DDA000F860B9607A603B607B6A01933B6A0093DC
:10DDB0003B687A68B968F868FFF7AFFF38613B697C
:10DDC000002B05D0386900F0A9F801237B6102E03F
:10DDD0004FF0FF337B617B6918461837BD4680BD25
:10DDE00080B588B000AFF860B9607A603B603B6B8B
:10DDF0001A6B7B6803F18043013B9B001344BB61BA
:10DE0000BB6923F00703BB61BB6903F00703002B69
:10DE10000BD04FF0500383F31188BFF36F8FBFF324
:10DE20004F8F7B6100BF00BFFDE7BB68002B1ED09A
:10DE30000023FB6112E0BA68FB69134419783A6B5E
:10DE4000FB69134434330A461A70BA68FB691344F9
:10DE50001B78002B06D0FB690133FB61FB690F2B9C
:10DE6000E9D900E000BF3B6B002283F84320BB6A86
:10DE7000062B0BD94FF0500383F31188BFF36F8F3C
:10DE8000BFF34F8F3B6100BF00BFFDE7BB6A062BAE
:10DE900001D90623BB623B6BBA6ADA623B6BBA6A92
:10DEA0005A643B6B04331846FEF774FE3B6B183321
:10DEB0001846FEF76FFE3B6B3A6B1A61BB6AC3F103
:10DEC00007023B6B9A613B6B3A6B5A623B6B4C337C
:10DED0004C22002118460AF00CFE3B6B0C4A1A65D6
:10DEE0003B6B0C4A5A653B6B0B4A9A653A68F9687A
:10DEF000B86902F069F802463B6B1A60FB6A002BB6
:10DF000002D0FB6A3A6B1A6000BF2037BD4680BD65
:10DF10001065012078650120E065012080B584B09E
:10DF200000AF786002F0CEF93F4B1B6801333E4AE8
:10DF300013603E4B1B68002B09D13C4A7B68136081
:10DF4000394B1B68012B10D100F01CFF0DE0384B42
:10DF50001B68002B09D1354B1B68DA6A7B68DB6ACA
:10DF60009A4202D8314A7B681360324B1B680133F6
:10DF7000304A13607B68DB6A01229A402E4B1B6893
:10DF800013432D4A13607B68DA6A2C4913469B00C1
:10DF900013449B000B4404331B68FB607B68FA68E6
:10DFA0009A60FB689A687B68DA60FB689B687A68AD
:10DFB00004325A607B681A1DFB689A607B68DA6AD3
:10DFC00013469B0013449B001C4A1A447B685A6109
:10DFD0007B68DA6A194913469B0013449B000B4483
:10DFE0001B687A68D26A591C144813469B00134474
:10DFF0009B000344196002F097F90D4B1B68002B3E
:10E000000ED00A4B1B68DA6A7B68DB6A9A4207D239
:10E010000B4B4FF080521A60BFF34F8FBFF36F8FDF
:10E0200000BF1037BD4680BD6C2B0020842A002025
:10E03000782B0020882B0020742B0020882A0020B9
:10E0400004ED00E080B584B000AF78600023FB6091
:10E050007B68002B18D000F0E1F8134B1B68012BF4
:10E060000BD04FF0500383F31188BFF36F8FBFF3D2
:10E070004F8FBB6000BF00BFFDE70021786801F053
:10E080006FFC00F0D9F8F860FB68002B07D1074B54
:10E090004FF080521A60BFF34F8FBFF36F8F00BFF6
:10E0A0001037BD4680BD00BF942B002004ED00E07A
:10E0B00080B590B004AF0123FB6200233B620023D4
:10E0C0007B6213E02B4A7B6A1344197807F1100234
:10E0D0007B6A13440A461A7007F110027B6A1344E4
:10E0E0001B78002B06D07B6A01337B627B6A0F2B87
:10E0F000E8DD00E000BF0023BB6231E01E4B3B6265
:10E100000023FB600023BB603A1D07F1080107F103
:10E110000C031846E3F7E6FF7868BB68FA6807F176
:10E120001001029201930023009300230246386AF3
:10E13000FFF7CFFD02461149BB6A41F823200F4A81
:10E14000BB6A52F82330002B02D00123FB6201E0AE
:10E150000023FB62FB6A002B06D0BB6A0133BB6263
:10E16000BB6A002BCADD00E000BFFB6A18463037EF
:10E17000BD4680BD7CC2020855ED0108902B0020F1
:10E1800080B584B000AFFFF793FFF860FB68012B08
:10E1900002D101F067FCF860FB68012B1BD14FF046
:10E1A000500383F31188BFF36F8FBFF34F8FBB60B2
:10E1B00000BF144B1B684C33134A1360134B4FF0D2
:10E1C000FF321A60124B01221A60124B00221A60B1
:10E1D00001F088FF0FE0FB68B3F1FF3F0BD14FF078
:10E1E000500383F31188BFF36F8FBFF34F8F7B60B2
:10E1F00000BF00BFFDE7084B1B6800BF1037BD46DE
:10E2000080BD00BF842A0020480400208C2B002001
:10E21000782B0020702B0020AC02002080B400AFCF
:10E22000044B1B680133034A136000BFBD465DF811
:10E23000047B7047942B002080B588B000AF00238A
:10E24000FB610023BB6102F03DF800233B61754B8D
:10E250001B68002B0BD14FF0500383F31188BFF3E1
:10E260006F8FBFF34F8F3B6000BF00BFFDE76D4B6B
:10E270001B68013B6B4A13606A4B1B68002B40F024
:10E28000CA80694B1B68002B00F0C5808EE0674B8D
:10E29000DB68DB68FB61FB699B6AFB60FB69DB6930
:10E2A000FA69126A9A60FB691B6AFA69D2695A6054
:10E2B000FB685A68FB6918339A4203D1FB691A6AF2
:10E2C000FB685A60FB6900229A62FB681B685A1E51
:10E2D000FB681A60FB695B69BB60FB699B68FA6954
:10E2E000D2689A60FB69DB68FA6992685A60BB6819
:10E2F0005A68FB6904339A4203D1FB69DA68BB6848
:10E300005A60FB6900225A61BB681B685A1EBB68D1
:10E310001A60FB69DB6A01229A40454B1B68134374
:10E32000434A1360FB69DA6A424913469B0013446F
:10E330009B000B4404331B687B60FB697A689A601E
:10E340007B689A68FB69DA607B689B68FA690432CB
:10E350005A60FB691A1D7B689A60FB69DA6A13468A
:10E360009B0013449B00334A1A44FB695A61FB69C2
:10E37000DA6A304913469B0013449B000B441B6828
:10E38000FA69D26A591C2B4813469B0013449B0020
:10E3900003441960FB69DA6A274B1B68DB6A9A42FF
:10E3A00004D9264A3B69012142F823101F4B1B6800
:10E3B000002B7FF46CAFFB69002B01D000F024FD33
:10E3C0001F4B1B687B617B69002B12D000F058F853
:10E3D0000346002B04D0194A3B69012142F823105F
:10E3E0007B69013B7B617B69002BEFD1144B0022E1
:10E3F0001A60124A3B6952F82330002B0BD00123DC
:10E40000BB610D4B1B680F4B4FF080521A60BFF37E
:10E410004F8FBFF36F8F01F087FFBB69184620371E
:10E42000BD4680BD942B00206C2B0020442B002087
:10E43000742B0020882A0020842A0020802B0020B2
:10E440007C2B002004ED00E080B483B000AF054BCE
:10E450001B687B607B6818460C37BD465DF8047B03
:10E46000704700BF702B002080B400AF034B1B68C7
:10E470001846BD465DF8047B704700BF6C2B00203A
:10E4800080B58AB000AF00237B627F4B1B68002BF6
:10E4900040F0EF807D4B1B6801333B627B4A3B6A57
:10E4A00013603B6A002B21D1794B1B681B68002B42
:10E4B0000BD04FF0500383F31188BFF36F8FBFF37E
:10E4C0004F8F7B6000BF00BFFDE7714B1B68FB6196
:10E4D000704B1B686E4A13606E4AFB6913606E4B8B
:10E4E0001B6801336C4A136000F08EFC6B4B1B6899
:10E4F0003A6A9A42C0F0A880654B1B681B68002BE3
:10E5000004D1664B4FF0FF321A609DE0604B1B68F0
:10E51000DB68DB68BB61BB695B687B613A6A7B690E
:10E520009A4203D25D4A7B6913608DE0BB695B69E7
:10E530003B61BB699B68BA69D2689A60BB69DB685A
:10E54000BA6992685A603B695A68BB6904339A4257
:10E5500003D1BB69DA683B695A60BB6900225A6122
:10E560003B691B685A1E3B691A60BB699B6A002B9A
:10E570001ED0BB699B6AFB60BB69DB69BA69126A22
:10E580009A60BB691B6ABA69D2695A60FB685A68AB
:10E59000BB6918339A4203D1BB691A6AFB685A6097
:10E5A000BB6900229A62FB681B685A1EFB681A60EE
:10E5B000BB69DB6A01229A40394B1B681343384A16
:10E5C0001360BB69DA6A374913469B0013449B000A
:10E5D0000B4404331B68BB60BB69BA689A60BB68B4
:10E5E0009A68BB69DA60BB689B68BA6904325A6092
:10E5F000BB691A1DBB689A60BB69DA6A13469B0047
:10E6000013449B00274A1A44BB695A61BB69DA6A02
:10E61000244913469B0013449B000B441B68BA69B2
:10E62000D26A591C1F4813469B0013449B000344A5
:10E630001960BB69DA6A1C4B1B68DB6A9A427FF679
:10E640005BAF01237B6257E7174B1B68DA6A1549FA
:10E6500013469B0013449B000B441B68012B01D9FC
:10E6600001237B62114B1B68002B07D001237B62C7
:10E6700004E00F4B1B6801330D4A13607B6A184698
:10E680002837BD4680BD00BF942B0020702B002092
:10E690003C2B0020402B0020842B00208C2B0020C2
:10E6A000742B0020882A0020842A0020802B002040
:10E6B0007C2B002080B487B000AF2A4B1B68002B56
:10E6C00003D0294B01221A6046E0274B00221A6032
:10E6D000264B1B68FB60FB68B3FA83F3FB72FB7A83
:10E6E000C3F11F037B6122497A6913469B001344DF
:10E6F0009B000B441B68002B0BD14FF0500383F39E
:10E700001188BFF36F8FBFF34F8F7B6000BF00BFD7
:10E71000FDE77A6913469B0013449B00144A134497
:10E720003B613B695B685A683B695A603B695A6860
:10E730003B6908339A4203D13B69DA683B695A6006
:10E740003B695B68DB680B4A13600A4B1B68094B2B
:10E750001B684C33084A136000BF1C37BD465DF888
:10E76000047B7047942B0020802B0020742B00200A
:10E77000882A0020842A00204804002080B584B024
:10E7800000AF786039607B68002B0BD14FF05003ED
:10E7900083F31188BFF36F8FBFF34F8FFB6000BF10
:10E7A00000BFFDE7074B1B68183319467868FEF772
:10E7B000FEF90121386801F0D3F800BF1037BD46DB
:10E7C00080BD00BF842A002080B588B000AFF8600B
:10E7D000B9607A60FB68002B0BD14FF0500383F3D4
:10E7E0001188BFF36F8FBFF34F8FBB6100BF00BFB6
:10E7F000FDE71F4B1B68002B0BD14FF0500383F339
:10E800001188BFF36F8FBFF34F8F7B6100BF00BFD5
:10E81000FDE7184B1B68BA6842F000429A61FB683A
:10E820005B68FB61134B1B68FA69DA61114B1B686B
:10E83000FA6992681A620F4B1A68FB699B68183272
:10E840005A600C4B1B6803F11802FB699A60094B74
:10E850001B68FA689A62FB681B685A1CFB681A609E
:10E860000121786801F07CF800BF2037BD4680BDEB
:10E87000942B0020842A002080B586B000AFF86079
:10E88000B9607A60FB68002B0BD14FF0500383F323
:10E890001188BFF36F8FBFF34F8F3B6100BF00BF85
:10E8A000FDE7FB685B687B61154B1B687A69DA6181
:10E8B000134B1B687A6992681A62114B1A687B695C
:10E8C0009B6818325A600E4B1B6803F118027B6973
:10E8D0009A600B4B1B68FA689A62FB681B685A1CAB
:10E8E000FB681A607B68002B02D04FF0FF33BB60DF
:10E8F0007968B86801F034F800BF1837BD4680BDAC
:10E90000842A002080B48BB000AF78607B68DB681D
:10E91000DB683B623B6A002B0BD14FF0500383F363
:10E920001188BFF36F8FBFF34F8FFB6000BF00BF35
:10E93000FDE73B6A9B6AFB613B6ADB693A6A126AE4
:10E940009A603B6A1B6A3A6AD2695A60FB695A68E4
:10E950003B6A18339A4203D13B6A1A6AFB695A60D0
:10E960003B6A00229A62FB691B685A1EFB691A60A7
:10E970004B4B1B68002B60D13B6A5B697B613B6A38
:10E980009B683A6AD2689A603B6ADB683A6A926826
:10E990005A607B695A683B6A04339A4203D13B6AE6
:10E9A000DA687B695A603B6A00225A617B691B689E
:10E9B0005A1E7B691A603B6ADB6A01229A40394B16
:10E9C0001B681343374A13603B6ADA6A36491346B9
:10E9D0009B0013449B000B4404331B683B613B6A60
:10E9E0003A699A603B699A683B6ADA603B699B685E
:10E9F0003A6A04325A603B6A1A1D3B699A603B6A64
:10EA0000DA6A13469B0013449B00274A1A443B6A68
:10EA10005A613B6ADA6A244913469B0013449B00FF
:10EA20000B441B683A6AD26A591C1F4813469B0064
:10EA300013449B00034419601BE01C4B5B68BB61E3
:10EA40003B6ABA69DA61BB699A683B6A1A62BB6958
:10EA50009B683A6A18325A603B6A03F11802BB6934
:10EA60009A603B6A114A9A62104B1B6801330F4A45
:10EA700013603B6ADA6A0E4B1B68DB6A9A4205D95F
:10EA800001237B620B4B01221A6001E000237B62B1
:10EA90007B6A18462C37BD465DF8047B704700BF83
:10EAA000942B0020742B0020882A0020442B002067
:10EAB000842A0020802B002080B489B000AF7860C9
:10EAC00039605A4B1B68002B0BD14FF0500383F376
:10EAD0001188BFF36F8FBFF34F8FFB6000BF00BF84
:10EAE000FDE73B6843F000427B681A607B68DB68A7
:10EAF000FB61FB69002B0BD14FF0500383F31188AE
:10EB0000BFF36F8FBFF34F8FBB6000BF00BFFDE748
:10EB10007B681B69BB617B685B687A6892689A60F6
:10EB20007B689B687A6852685A60BB695B687A68E0
:10EB30009A4203D17B689A68BB695A607B6800225D
:10EB40001A61BB691B685A1EBB691A60FB695B6965
:10EB50007B61FB699B68FA69D2689A60FB69DB6834
:10EB6000FA6992685A607B695A68FB6904339A4271
:10EB700003D1FB69DA687B695A60FB6900225A613C
:10EB80007B691B685A1E7B691A60FB69DB6A01227C
:10EB90009A40274B1B681343254A1360FB69DA6AC6
:10EBA000244913469B0013449B000B4404331B6809
:10EBB0003B61FB693A699A603B699A68FB69DA6074
:10EBC0003B699B68FA6904325A60FB691A1D3B690C
:10EBD0009A60FB69DA6A13469B0013449B00154A4E
:10EBE0001A44FB695A61FB69DA6A124913469B00B1
:10EBF00013449B000B441B68FA69D26A591C0D48E8
:10EC000013469B0013449B0003441960FB69DA6AB6
:10EC1000094B1B68DB6A9A4202D9084B01221A6031
:10EC200000BF2437BD465DF8047B7047942B00205D
:10EC3000742B0020882A0020842A0020802B0020AA
:10EC400080B483B000AF7860064B1A687B681A60A6
:10EC5000054B1A687B685A6000BF0C37BD465DF8EB
:10EC6000047B7047842B0020702B002080B588B077
:10EC700000AF786039607B68002B0BD14FF05003F8
:10EC800083F31188BFF36F8FBFF34F8F3B6100BFDA
:10EC900000BFFDE73B68002B0BD14FF0500383F31F
:10ECA0001188BFF36F8FBFF34F8FFB6000BF00BFB2
:10ECB000FDE701F007FB1F4B1B68BB617B685B68CE
:10ECC000BA69D31A7B613B681B68B3F1FF3F02D17D
:10ECD0000023FB6126E07B681A68174B1B689A4289
:10ECE0000AD07B685B68BA699A4205D30123FB614D
:10ECF0003B6800221A6015E03B681B687A699A42FB
:10ED00000BD23B681A687B69D21A3B681A60786834
:10ED1000FFF796FF0023FB6104E03B6800221A60C6
:10ED20000123FB6101F000FBFB6918462037BD465B
:10ED300080BD00BF702B0020842B002080B400AF6A
:10ED4000034B01221A6000BFBD465DF8047B70478B
:10ED5000802B002080B582B000AF786000F04CF8C6
:10ED6000064B1B68012BF9D9054B4FF080521A60F6
:10ED7000BFF34F8FBFF36F8FF0E700BF882A0020EB
:10ED800004ED00E080B582B000AF00237B600CE0B2
:10ED90007A6813469B0013449B00104A134418469C
:10EDA000FDF7D8FE7B6801337B607B68062BEFD9CB
:10EDB0000B48FDF7CFFE0B48FDF7CCFE0A48FDF7E8
:10EDC000C9FE0A48FDF7C6FE094B054A1A60094B01
:10EDD000044A1A6000BF0837BD4680BD882A00205B
:10EDE000142B0020282B0020442B0020582B00201F
:10EDF0003C2B0020402B002080B400AF00BFBD465C
:10EE00005DF8047B7047000080B400AF0A4B1B68BC
:10EE10001B68002B04D1094B4FF0FF321A6005E04C
:10EE2000054B1B68DB681B68044A136000BFBD46C6
:10EE30005DF8047B704700BF3C2B00208C2B00202A
:10EE400080B483B000AF0B4B1B68002B02D10123B1
:10EE50007B6008E0084B1B68002B02D102237B601B
:10EE600001E000237B607B6818460C37BD465DF8E7
:10EE7000047B7047782B0020942B002080B586B04F
:10EE800000AF78607B683B6100237B617B68002B6F
:10EE900000F089803B69DA6A454B1B68DB6A9A425D
:10EEA00078D23B699B69002B06DB414B1B68DB6A10
:10EEB000C3F107023B699A613B6959693B69DA6AA8
:10EEC00013469B0013449B003A4A1344994259D17C
:10EED0003B6904331846FDF7A3FE0346002B0AD115
:10EEE0003B69DB6A012202FA03F3DA43324B1B6807
:10EEF0001340314A13602E4B1B68DA6A3B69DA62B1
:10EF00003B69DB6A01229A402B4B1B6813432A4A58
:10EF100013603B69DA6A274913469B0013449B0040
:10EF20000B4404331B68FB603B69FA689A60FB681A
:10EF30009A683B69DA60FB689B683A6904325A60F8
:10EF40003B691A1DFB689A603B69DA6A13469B00AD
:10EF500013449B00174A1A443B695A613B69DA6AB9
:10EF6000144913469B0013449B000B441B683A69E9
:10EF7000D26A591C0F4813469B0013449B0003445C
:10EF8000196004E00A4B1B68DA6A3B69DA62012304
:10EF90007B6108E03B695A6C054B1B68DB6A9A424F
:10EFA00001D201237B617B6918461837BD4680BDBD
:10EFB000842A0020882A0020742B002080B588B085
:10EFC00000AF78607B68BB610023FB617B68002B2E
:10EFD00000F090804A4B1B68BA699A420BD04FF000
:10EFE000500383F31188BFF36F8FBFF34F8F3B61E3
:10EFF00000BF00BFFDE7BB699B6C002B0BD14FF03E
:10F00000500383F31188BFF36F8FBFF34F8FFB6003
:10F0100000BF00BFFDE7BB699B6C5A1EBB699A64C9
:10F02000BB69DA6ABB695B6C9A4263D0BB699B6C53
:10F03000002B5FD1BB6904331846FDF7F1FD034691
:10F04000002B0AD1BB69DB6A012202FA03F3DA431F
:10F050002C4B1B6813402B4A1360BB695A6CBB696D
:10F06000DA62BB69DB6AC3F10702BB699A61BB69FB
:10F07000DB6A01229A40234B1B681343214A136029
:10F08000BB69DA6A204913469B0013449B000B447A
:10F0900004331B687B61BB697A699A607B699A68F3
:10F0A000BB69DA607B699B68BA6904325A60BB69E4
:10F0B0001A1D7B699A60BB69DA6A13469B00134488
:10F0C0009B00114A1A44BB695A61BB69DA6A0E494E
:10F0D00013469B0013449B000B441B68BA69D26A19
:10F0E000591C094813469B0013449B0003441960B4
:10F0F0000123FB61FB6918462037BD4680BD00BF78
:10F10000842A0020742B0020882A002080B58AB031
:10F1100000AF786039607B683B620123FB617B68EC
:10F12000002B00F0A5803B6A9B6C002B0BD14FF0AD
:10F13000500383F31188BFF36F8FBFF34F8F3B6191
:10F1400000BF00BFFDE73B6A5B6C3A689A4202D998
:10F150003B687B6202E03B6A5B6C7B623B6ADB6A1A
:10F160007A6A9A4200F084803B6A9B6CFA699A4200
:10F170007ED1414B1B683A6A9A420BD14FF0500343
:10F1800083F31188BFF36F8FBFF34F8FFB6000BF16
:10F1900000BFFDE73B6ADB6ABB613B6A7A6ADA6201
:10F1A0003B6A9B69002B04DB7B6AC3F107023B6A65
:10F1B0009A613B6A5969BA6913469B0013449B00E4
:10F1C0002E4A1344994253D13B6A04331846FDF743
:10F1D00027FD0346002B0AD13B6ADB6A012202FAB3
:10F1E00003F3DA43264B1B681340254A13603B6A3E
:10F1F000DB6A01229A40224B1B681343204A1360AA
:10F200003B6ADA6A1D4913469B0013449B000B447A
:10F2100004331B687B613B6A7A699A607B699A68F0
:10F220003B6ADA607B699B683A6A04325A603B6ADF
:10F230001A1D7B699A603B6ADA6A13469B00134485
:10F240009B000E4A1A443B6A5A613B6ADA6A0B49D0
:10F2500013469B0013449B000B441B683A6AD26A16
:10F26000591C064813469B0013449B000344196035
:10F2700000BF2837BD4680BD842A0020882A002090
:10F28000742B002080B483B000AF094B1B689B69CE
:10F290007B60074B1B68DA6A054B1B68C2F10702EB
:10F2A0009A617B6818460C37BD465DF8047B704751
:10F2B000842A002080B483B000AF094B1B687B60B8
:10F2C0007B68002B04D07B689B6C5A1C7B689A641B
:10F2D0007B6818460C37BD465DF8047B704700BF5D
:10F2E000842A002080B588B000AFF860B9607A60E9
:10F2F0000023FB61FB68002B0BD04FF0500383F31E
:10F300001188BFF36F8FBFF34F8F3B6100BF00BF0A
:10F31000FDE7FEF783FF00F0D5FF2D4B1B68FA6871
:10F32000263253F82230002B0BD1294B1A68FB6888
:10F3300013449C3301221A707B68002B01D00123F7
:10F34000FB6100F0F1FFFB69012B03D1012178681B
:10F3500000F006FBFEF770FFB861FB69012B0AD1D4
:10F36000BB69002B07D11B4B4FF080521A60BFF3D3
:10F370004F8FBFF36F8F00F0A5FF154B1B68FA6826
:10F38000263253F822307B617B69002B12D0BB6898
:10F39000002B07D00E4B1B68FA682632002143F879
:10F3A000221007E00A4B1B687A69511EFA68263260
:10F3B00043F82210064B1A68FB6813449C33002262
:10F3C0001A7000F0B1FF7B6918462037BD4680BD3A
:10F3D000842A002004ED00E080B588B000AFF8601A
:10F3E000B9607A603B600023BB61FB68002B0BD0E7
:10F3F0004FF0500383F31188BFF36F8FBFF34F8F2C
:10F400003B6100BF00BFFDE7FEF708FF00F05AFFB9
:10F41000384B1A68FB6813449C331B78DBB2022B11
:10F4200018D0344B1B68FA68263253F82210BA6899
:10F43000D2431140FA68263243F822102D4B1A6845
:10F44000FB6813449C3301221A70BB6A002B01D065
:10F450000123BB6100F068FFBB69012B03D10121CF
:10F46000B86A00F07DFAFEF7E7FE7861BB69012B10
:10F470000AD17B69002B07D11F4B4FF080521A60D5
:10F48000BFF34F8FBFF36F8F00F01CFF3B68002B63
:10F4900007D0184B1B68FA68263253F822203B68C5
:10F4A0001A60144B1A68FB6813449C331B78DBB258
:10F4B000022B02D00023FB610EE00E4B1B68FA68A2
:10F4C000263253F822107A68D2431140FA68263265
:10F4D00043F822100123FB61064B1A68FB681344B2
:10F4E0009C3300221A7000F01FFFFB69184620377A
:10F4F000BD4680BD842A002004ED00E080B58EB0BA
:10F5000000AFF860B9607A60FB7001237B63BB6871
:10F51000002B0BD04FF0500383F31188BFF36F8F94
:10F52000BFF34F8F3B6200BF00BFFDE7FB68002BBE
:10F530000BD14FF0500383F31188BFF36F8FBFF3EC
:10F540004F8FFB6100BF00BFFDE7FB683B6300F02E
:10F55000B9FE3B6C002B06D03B6BBA68263253F8E1
:10F5600022203B6C1A603A6BBB6813449C331B78B7
:10F5700087F82F303A6BBB6813449C3302221A7011
:10F58000FB78042B3BD801A252F823F01FF60108A8
:10F59000A1F50108BDF50108D5F50108E3F501085D
:10F5A0003B6BBA68263253F822207B6842EA03019B
:10F5B0003B6BBA68263243F8221033E03B6BBA68E3
:10F5C000263253F82230591C3B6BBA68263243F876
:10F5D000221027E03B6BBA682632796843F8221084
:10F5E00020E097F82F30022B06D03B6BBA6826320A
:10F5F000796843F8221015E000237B6312E04E4B3C
:10F600001B68002B0DD04FF0500383F31188BFF31C
:10F610006F8FBFF34F8FBB6100BF00BFFDE700BF1F
:10F6200000E000BF97F82F30012B7ED13B6B5B6968
:10F63000BB623B6B9B683A6BD2689A603B6BDB6842
:10F640003A6B92685A60BB6A5A683B6B04339A42C1
:10F6500003D13B6BDA68BB6A5A603B6B00225A618C
:10F66000BB6A1B685A1EBB6A1A603B6BDB6A0122CD
:10F670009A40324B1B681343304A13603B6BDA6A83
:10F680002F4913469B0013449B000B4404331B6813
:10F690007B623B6B7A6A9A607B6A9A683B6BDA6042
:10F6A0007B6A9B683A6B04325A603B6B1A1D7B6A1B
:10F6B0009A603B6BDA6A13469B0013449B00204A16
:10F6C0001A443B6B5A613B6BDA6A1D4913469B0037
:10F6D00013449B000B441B683A6BD26A591C1848B0
:10F6E00013469B0013449B00034419603B6B9B6AC9
:10F6F000002B0BD04FF0500383F31188BFF36F8FB3
:10F70000BFF34F8F7B6100BF00BFFDE70D4B1B6850
:10F71000DA6A3B6BDB6A9A4207D20B4B4FF080529E
:10F720001A60BFF34F8FBFF36F8F00F0FDFD7B6B4F
:10F7300018463837BD4680BD702B0020742B002042
:10F74000882A0020842A002004ED00E080B590B0D3
:10F7500000AFF860B9607A60FB68002B0BD14FF006
:10F76000500383F31188BFF36F8FBFF34F8F7B621A
:10F7700000BF00BFFDE7BB68002B0BD04FF050036C
:10F7800083F31188BFF36F8FBFF34F8F3B6200BFCE
:10F7900000BFFDE700F07AFEFB68FB63EFF3118228
:10F7A0004FF0500383F31188BFF36F8FBFF34F8F78
:10F7B000FA61BB61FB69BB63FA6BBB6813449C33A2
:10F7C0001B7887F83730FA6BBB6813449C330222EE
:10F7D0001A70FB6BBA68263253F82230591CFB6B47
:10F7E000BA68263243F8221097F83730012B40F0E0
:10F7F000A180FB6B9B6A002B0BD04FF0500383F36F
:10F800001188BFF36F8FBFF34F8F7B6100BF00BFC5
:10F81000FDE74D4B1B68002B60D1FB6B5B69FB6206
:10F82000FB6B9B68FA6BD2689A60FB6BDB68FA6BC8
:10F8300092685A60FB6A5A68FB6B04339A4203D1A0
:10F84000FB6BDA68FB6A5A60FB6B00225A61FB6A49
:10F850001B685A1EFB6A1A60FB6BDB6A01229A4026
:10F860003A4B1B681343394A1360FB6BDA6A384919
:10F8700013469B0013449B000B4404331B68BB627C
:10F88000FB6BBA6A9A60BB6A9A68FB6BDA60BB6A08
:10F890009B68FA6B04325A60FB6B1A1DBB6A9A6054
:10F8A000FB6BDA6A13469B0013449B00284A1A44F8
:10F8B000FB6B5A61FB6BDA6A254913469B001344C4
:10F8C0009B000B441B68FA6BD26A591C20481346F4
:10F8D0009B0013449B00034419601BE01D4B5B68B5
:10F8E0003B63FB6B3A6BDA613B6B9A68FB6B1A62AA
:10F8F0003B6B9B68FA6B18325A60FB6B03F1180282
:10F900003B6B9A60FB6B134A9A62124B1B68013384
:10F91000104A1360FB6BDA6A0F4B1B68DB6A9A4272
:10F9200008D97B68002B02D07B6801221A600B4B40
:10F9300001221A60BB6B3B613B6983F3118800BFF6
:10F9400000BF4037BD4680BD942B0020742B0020A3
:10F95000882A0020442B0020842A0020802B0020AD
:10F9600080B588B000AF78603960374B1B68FB61A9
:10F97000364B1B68BB61364B1B687B61354B1B6884
:10F9800004331846FDF74CF90346002B0BD1314BDD
:10F990001B68DB6A012202FA03F3DA432E4B1B6871
:10F9A00013402D4A13607B68B3F1FF3F24D13B68BD
:10F9B000002B21D0294B5B683B61264B1B683A69C1
:10F9C0009A60244B1B683A699268DA60214B1A6886
:10F9D0003B699B6804325A601E4B1B681A1D3B69C9
:10F9E0009A601C4B1B681D4A5A611C4B1B680133F3
:10F9F0001A4A136000BF22E0FA697B681344FB6077
:10FA0000144B1B68FA685A60FA68FB699A4207D27D
:10FA1000104B1B68043319467869FDF7C8F80EE0EF
:10FA20000C4B1B6804331946B869FDF7C0F80C4B42
:10FA30001B68FA689A4202D2094AFB68136000BF49
:10FA40002037BD4680BD00BF702B00203C2B00201E
:10FA5000402B0020842A0020742B0020582B0020EB
:10FA60008C2B002080B58AB004AF00237B6100F0AE
:10FA70006BFA1D4B1B68002B21D00023FB60002379
:10FA8000BB603A1D07F1080107F10C031846E2F7C5
:10FA900043FB7968BB68FA680292019306230093DE
:10FAA00000230A4611491248FEF713F90346114A8A
:10FAB0001360104B1B68002B01D001237B617B6915
:10FAC000002B0BD14FF0500383F31188BFF36F8FDE
:10FAD000BFF34F8F3B6100BF00BFFDE77B69184656
:10FAE0001837BD4680BD00BFC82B002084C2020865
:10FAF0009DFB0108CC2B002080B584B000AFF860DE
:10FB0000B9607A6008E0FB689B69BA681344BB601F
:10FB1000FB681B6AF8689847FB689A69BB68D1184C
:10FB2000BB687A68F86800F0DFF80346002BEAD17A
:10FB300000BF00BF1037BD4680BD000080B584B057
:10FB400000AF78603960144B1B68DB68DB68FB60D2
:10FB5000FB6804331846FDF763F8FB6893F824301C
:10FB600003F00403002B05D03A687968F868FFF7C2
:10FB7000C3FF08E0FB6893F8243023F00103DAB2F6
:10FB8000FB6883F82420FB681B6AF868984700BF6D
:10FB90001037BD4680BD00BFC02B002080B584B0AB
:10FBA00000AF786007F10803184600F059F8F860D4
:10FBB000BB681946F86800F005F800F0D7F800BFF8
:10FBC000F0E7000080B584B000AF78603960FEF7E0
:10FBD00025FB07F10803184600F066F8F860BB68DB
:10FBE000002B30D13B68002B0AD17A68FB689A421F
:10FBF00006D8FEF721FBF9687868FFF79FFF24E03D
:10FC00003B68002B08D0134B1B681B68002B01D1ED
:10FC1000012300E000233B600F4B18687A68FB6803
:10FC2000D31A3A681946FDF7BFFFFEF705FB0346F6
:10FC3000002B0AD1094B4FF080521A60BFF34F8F4F
:10FC4000BFF36F8F01E0FEF7F7FA00BF1037BD4634
:10FC500080BD00BFC42B0020C82B002004ED00E0B5
:10FC600080B485B000AF78600E4B1B681B68002B1A
:10FC700001D1012200E000227B681A607B681B68CA
:10FC8000002B05D1074B1B68DB681B68FB6001E09C
:10FC90000023FB60FB6818461437BD465DF8047B03
:10FCA000704700BFC02B002080B584B000AF7860E3
:10FCB000FEF7CAFBF8600B4B1B68FA689A4205D244
:10FCC00000F01CF97B6801221A6002E07B680022C8
:10FCD0001A60044AFB681360FB6818461037BD467B
:10FCE00080BD00BFD02B002080B586B000AFF8608B
:10FCF000B9607A603B6000237B61FB68BA685A6038
:10FD0000FB68FA681A61BA687B689A4212D87A6806
:10FD10003B68D21AFB689B699A4202D301237B613C
:10FD20001BE0104B1A68FB68043319461046FCF7B9
:10FD30003EFF12E07A683B689A4206D2BA683B6896
:10FD40009A4202D301237B6107E0074B1A68FB68E4
:10FD5000043319461046FCF72AFF7B69184618370A
:10FD6000BD4680BDC42B0020C02B002080B588B0CC
:10FD700000AF07F1080300221A605A609A60A9E0F8
:10FD8000BB68002BC0F2A6803B69FB61FB695B6925
:10FD9000002B04D0FB6904331846FCF741FF3B1DE0
:10FDA0001846FFF781FFB861BB68013B082B00F2E2
:10FDB0008E8001A252F823F0DDFD0108DDFD01086F
:10FDC00045FE010859FE0108A5FE0108DDFD0108F8
:10FDD000DDFD010845FE010859FE0108FB6993F8A5
:10FDE000243043F00103DAB2FB6983F82420FA6877
:10FDF000FB699B69D118FB68BA69F869FFF774FF62
:10FE00000346002B65D0FB6993F8243003F004030C
:10FE1000002B09D0FA68FB699B691344BA6919463B
:10FE2000F869FFF769FE08E0FB6993F8243023F0D6
:10FE30000103DAB2FB6983F82420FB691B6AF869C5
:10FE4000984746E0FB6993F8243023F00103DAB2C7
:10FE5000FB6983F824203DE0FB6993F8243043F0EC
:10FE60000103DAB2FB6983F82420FA68FB699A611E
:10FE7000FB699B69002B0BD14FF0500383F3118872
:10FE8000BFF36F8FBFF34F8F7B6100BF00BFFDE7F4
:10FE9000FB699A69BB69D118BB69BA69F869FFF750
:10FEA00023FF17E0FB6993F8243003F00203002BD3
:10FEB00003D1F86900F064FC0CE0FB6993F824308E
:10FEC00023F00103DAB2FB6983F8242002E000BFCB
:10FED00000E000BF084B1B6807F10801002218462C
:10FEE000FDF7E8FA0346002B7FF44AAF00BF00BFDE
:10FEF0002037BD4680BD00BFC82B002080B582B032
:10FF000000AF09E00E4B1B68DB681B683B604FF0DD
:10FF1000FF313868FFF712FE094B1B681B68002B86
:10FF2000F0D1074B1B687B60064B1B68044A1360CB
:10FF3000044A7B68136000BF0837BD4680BD00BF20
:10FF4000C02B0020C42B002080B582B002AF00F08F
:10FF5000B9F9154B1B68002B20D11448FCF7FAFDAA
:10FF60001348FCF7F7FD134B104A1A60124B104A66
:10FF70001A6000230093114B114A0C210520FCF755
:10FF80000BFF0346084A1360074B1B68002B05D084
:10FF9000054B1B680B491846FDF7B6FD00F0C4F988
:10FFA00000BFBD4680BD00BFC82B0020982B00209D
:10FFB000AC2B0020C02B0020C42B0020102C0020D4
:10FFC000D42B00208CC2020880B485B000AFF8604A
:10FFD000B9607A60FB68043BFB60FB684FF080729D
:10FFE0001A60FB68043BFB60BB6823F00102FB68FE
:10FFF0001A60FB68043BFB600C4AFB681A60FB68F4
:020000040802F0
:10000000143BFB607A68FB681A60FB68043BFB608A
:10001000FB686FF002021A60FB68203BFB60FB6824
:1000200018461437BD465DF8047B7047310002085E
:1000300080B485B000AF00237B60134B1B68B3F125
:10004000FF3F0BD04FF0500383F31188BFF36F8F46
:10005000BFF34F8FFB6000BF00BFFDE74FF05003C1
:1000600083F31188BFF36F8FBFF34F8FBB6000BF67
:1000700000BF7B68002BFCD000BF00BF1437BD461B
:100080005DF8047B704700BFB00200200000000054
:10009000074B19680868B0E8F04F80F30988BFF390
:1000A0006F8F4FF0000080F311887047AFF300802E
:1000B000842A002000BF00BF08480068006880F361
:1000C00008884FF0000080F3148862B661B6BFF371
:1000D0004F8FBFF36F8F00DF00BF000008ED00E01F
:1000E00000BF00BF80B58CB000AF694B1B68694A88
:1000F00093420BD14FF0500383F31188BFF36F8FFE
:10010000BFF34F8F7B6200BF00BFFDE7604B1B68F2
:10011000614A93420BD14FF0500383F31188BFF330
:100120006F8FBFF34F8F3B6200BF00BFFDE75B4B9C
:100130001B68FB62FB6A2C331B68594A93420BD045
:100140004FF0500383F31188BFF36F8FBFF34F8FCE
:10015000FB6100BF00BFFDE7FB6A38331B68514AF3
:1001600093420BD04FF0500383F31188BFF36F8F8E
:10017000BFF34F8FBB6100BF00BFFDE70023BB6033
:10018000494BBB62BB6A1B78DBB2FB73BB6AFF22C5
:100190001A70BB6A1B78DBB2FB71FB79DBB203F030
:1001A0005003DAB2414B1A70404B1B78002B0BD135
:1001B0004FF0500383F31188BFF36F8FBFF34F8F5E
:1001C0007B6100BF00BFFDE7FB79DBB2DB4303F0DF
:1001D0005003002B13D04FF0500383F31188BFF36B
:1001E0006F8FBFF34F8F3B6100BF00BFFDE7BB6860
:1001F0000133BB60FB79DBB25B00DBB2FB71FB79E7
:10020000DBB203F08003802BF1D0BB68082B03D155
:10021000274B00221A6004E0BB68C3F10703244A9D
:100220001360234B1B681B02214A1360204B1B6881
:1002300003F4E0631E4A1360FB7BDAB2BB6A1A70F8
:100240001C4B1B681B4A43F47F031360194B1B684C
:10025000184A43F07F431360174B00221A6000F0E6
:10026000E5F8164B00221A6000F004F9144B1B68E5
:10027000134A43F040431360FFF71EFFFEF71AFADC
:10028000FFF7D6FE002318463037BD4680BD00BFBD
:1002900000ED00E071C20F4170C20F4108ED00E0B7
:1002A000910002088103020800E400E0582C0020BD
:1002B0005C2C002020ED00E01CED00E0B0020020EE
:1002C00034EF00E080B483B000AF4FF0500383F30D
:1002D0001188BFF36F8FBFF34F8F7B6000BF104B50
:1002E0001B6801330E4A13600D4B1B68012B10D1A4
:1002F0000C4B1B68DBB2002B0BD04FF0500383F389
:100300001188BFF36F8FBFF34F8F3B6000BF00BFFB
:10031000FDE700BF0C37BD465DF8047B704700BFAA
:10032000B002002004ED00E080B483B000AF124BB7
:100330001B68002B0BD14FF0500383F31188BFF3E0
:100340006F8FBFF34F8F7B6000BF00BFFDE70A4B8D
:100350001B68013B084A1360074B1B68002B05D143
:1003600000233B603B6883F3118800BF00BF0C375C
:10037000BD465DF8047B7047B0020020000000001D
:10038000EFF30980BFF36F8F154B1A681EF0100F43
:1003900008BF20ED108A20E9F04F10602DE9090018
:1003A0004FF0500080F31188BFF34F8FBFF36F8F72
:1003B000FEF780F94FF0000080F3118809BC19683E
:1003C0000868B0E8F04F1EF0100F08BFB0EC108ABC
:1003D00080F30988BFF36F8F704700BFAFF30080D1
:1003E000842A002000BF00BF80B582B000AF4FF06C
:1003F000500383F31188BFF36F8FBFF34F8F7B6080
:1004000000BFFEF73DF80346002B03D0064B4FF02C
:1004100080521A6000233B603B6883F3118800BF61
:1004200000BF0837BD4680BD04ED00E080B400AFDA
:100430000B4B00221A600B4B00221A600A4B1B6800
:100440000A4AA2FB03239B09094A013B1360044BA0
:1004500007221A6000BFBD465DF8047B704700BFED
:1004600010E000E018E000E038020020D34D6210F8
:1004700014E000E0DFF80C00016841F47001016055
:100480007047000088ED00E000BF00BF80B485B079
:1004900000AFEFF30583FB60FB680F2B15D9184AFB
:1004A000FB6813441B78FB72164B1B78FA7A9A424E
:1004B0000BD24FF0500383F31188BFF36F8FBFF35C
:1004C0004F8F7B6000BF00BFFDE70F4B1B6803F43D
:1004D000E0620E4B1B689A420BD94FF0500383F336
:1004E0001188BFF36F8FBFF34F8F3B6000BF00BF1A
:1004F000FDE700BF1437BD465DF8047B704700BFC1
:10050000F0E300E0582C00200CED00E05C2C002013
:1005100080B58EB000AF78600023FB620023BB6221
:100520007B68002B22D00823DB437A689A421BD8D1
:1005300008227B6813447B607B6803F00703002B71
:1005400014D07B6803F00703C3F108037B627B6A66
:10055000DB437A689A4204D87A687B6A13447B60EA
:1005600004E000237B6001E000237B60FDF756FE82
:100570007C4B1B68002B01D100F07CF97B68002BC1
:10058000C0F2D7807B68002B00F0D380764B1B68CD
:100590007A689A4200F2CD80744B3B63734B1B68C0
:1005A0007B637B6B724A934205D37B6B714A9342A8
:1005B00001D8012300E00023002B29D14FF0500384
:1005C00083F31188BFF36F8FBFF34F8FFB6100BFC1
:1005D00000BFFDE77B6B3B637B6B1B687B637B6BC7
:1005E000634A934205D37B6B624A934201D801234D
:1005F00000E00023002B0BD14FF0500383F3118850
:10060000BFF36F8FBFF34F8FBB6100BF00BFFDE72C
:100610007B6B5B687A689A4203D97B6B1B68002B03
:10062000D8D1504B1B687A6B9A4200F082803B6BAA
:100630001B6808221344FB62FB6A4D4A934205D3B0
:10064000FB6A4C4A934201D8012300E00023002BAF
:100650000BD14FF0500383F31188BFF36F8FBFF3BB
:100660004F8F7B6100BF00BFFDE77B6B1A683B6B60
:100670001A607B6B5B687A689A420BD94FF0500323
:1006800083F31188BFF36F8FBFF34F8F3B6100BFC0
:1006900000BFFDE77B6B5A687B68D21A08235B00BA
:1006A0009A4224D97A6B7B6813443B623B6A03F01D
:1006B0000703002B0BD04FF0500383F31188BFF3D7
:1006C0006F8FBFF34F8FFB6000BF00BFFDE77B6BF9
:1006D0005A687B68D21A3B6A5A607B6B7A685A60A8
:1006E0003B6B1A683B6A1A603B6B3A6A1A601E4B96
:1006F0001A687B6B5B68D31A1B4A13601A4B1A6823
:100700001D4B1B689A4203D2174B1B681A4A136091
:100710007B6B5B68BB627B6B5B6843F000427B6B0F
:100720005A607B6B00221A60144B1B680133134A1A
:100730001360FDF781FDFB6A03F00703002B0BD06C
:100740004FF0500383F31188BFF36F8FBFF34F8FC8
:10075000BB6000BF00BFFDE7FB6A18463837BD46E7
:1007600080BD00BFE8640120EC640120E06401204A
:10077000602C0020DF640120F0640120F46401207B
:1007800080B588B000AF78607B68FB617B68002B28
:1007900064D008235B42FA691344FB61FB69BB61C7
:1007A000BB69304A934205D3BB692F4A934201D8B3
:1007B000012300E00023002B0BD14FF0500383F303
:1007C0001188BFF36F8FBFF34F8F7B6100BF00BFF6
:1007D000FDE7BB695B68002B0BDB4FF0500383F335
:1007E0001188BFF36F8FBFF34F8F3B6100BF00BF16
:1007F000FDE7BB691B68002B0BD04FF0500383F360
:100800001188BFF36F8FBFF34F8FFB6000BF00BF36
:10081000FDE7BB695B68DB0F03F00103DBB2002B74
:100820001CD0BB691B68002B18D1BB695B6823F027
:100830000042BB695A60FDF7F1FCBB695A680B4B7B
:100840001B681344094A1360B86900F06FF8084B3D
:100850001B680133064A1360FDF7EEFC00BF20372A
:10086000BD4680BD602C0020DF640120EC640120C7
:10087000F864012080B485B000AF264BBB60264BE6
:10088000FB60FB6803F00703002B0CD0FB68073309
:10089000FB60FB6823F00703FB60BA68FB68D31AB0
:1008A0001D4A1344BB60FB681C4A13601B4B0022AB
:1008B0005A60FA68BB6813447B6008227B689B1A05
:1008C0007B607B6823F007037B607B68144A1360BE
:1008D000134B1B6800225A60114B1B6800221A60E0
:1008E000FB683B603B687A68D21A3B685A600C4BE5
:1008F0001A683B681A603B685B680A4A13603B6889
:100900005B68094A136000BF1437BD465DF8047B7D
:10091000704700BF80380100602C0020E064012097
:10092000E8640120F0640120EC64012080B487B009
:1009300000AF7860364B7B6102E07B691B687B61AE
:100940007B691B687A689A42F7D87B69304A934280
:1009500018D07B692F4A934205D37B692E4A934274
:1009600001D8012300E00023002B0BD14FF05003EE
:1009700083F31188BFF36F8FBFF34F8FFB6000BF0E
:1009800000BFFDE77B693B617B695B683A691344A3
:100990007A689A4208D17B695A687B685B681A4416
:1009A0007B695A607B697B607B683B617B685B68C5
:1009B0003A691A447B691B689A4218D17B691A68A4
:1009C000164B1B689A420DD07B685A687B691B687E
:1009D0005B681A447B685A607B691B681A687B688D
:1009E0001A6008E00D4B1A687B681A6003E07B69A7
:1009F0001A687B681A607A697B689A4202D07B69C0
:100A00007A681A6000BF1C37BD465DF8047B7047EA
:100A1000E0640120602C0020DF640120E8640120F4
:100A200080B584B000AF0346FB71FB79084A9B0098
:100A300013445B685B68FA7905490A44127A1046E8
:100A400098470346FB73FB7B18461037BD4680BDB5
:100A50000465012080B584B000AF0346FB7100231C
:100A6000FB73FB790E4AD35C002B14D1FB790C4A43
:100A70009B0013445B681B68FA7909490A44127A9F
:100A8000104698470346FB73FB7B002B03D1FB7991
:100A9000034A0121D154FB7B18461037BD4680BD67
:100AA0000465012090B587B000AFB9607A603B6003
:100AB0000346FB73FB7B0A4A9B0013445B689C68FC
:100AC000FB7B074A1344187A3B687A68B968A047E9
:100AD0000346FB75FB7D18461C37BD4690BD00BF25
:100AE0000465012090B587B000AFB9607A603B60C3
:100AF0000346FB73FB7B0A4A9B0013445B68DC687C
:100B0000FB7B074A1344187A3B687A68B968A047A8
:100B10000346FB75FB7D18461C37BD4690BD00BFE4
:100B20000465012080B584B000AF03463A60FB71D4
:100B30000B46BB71FB79094A9B0013445B681B6938
:100B4000FA7906490A44107AB9793A68984703460F
:100B5000FB73FB7B18461037BD4680BD0465012042
:100B600080B485B000AF78607B6801331B78FB816F
:100B7000FB891B021AB27B681B781BB213431BB2A2
:100B8000FB81FB8918461437BD465DF8047B70472E
:100B900080B485B000AF78607B6803331B78FB605E
:100BA000FB681B027A68023212781343FB60FB6811
:100BB0001B027A68013212781343FB60FB681B0248
:100BC0007A6812781343FB60FB6818461437BD46F9
:100BD0005DF8047B704780B483B000AF78600B464B
:100BE0007B807B685A1C7A607A88D2B21A707B88C4
:100BF0001B0A7B807B685A1C7A607A88D2B21A7092
:100C000000BF0C37BD465DF8047B704780B483B0ED
:100C100000AF786039607B685A1C7A603A68D2B25B
:100C20001A703B681B0A3B607B685A1C7A603A6802
:100C3000D2B21A703B681B0A3B607B685A1C7A6010
:100C40003A68D2B21A703B681B0A3B607B685A1C38
:100C50007A603A68D2B21A7000BF0C37BD465DF8B0
:100C6000047B704780B487B000AFF860B9607A60E9
:100C7000FB687B61BB683B617B68002B0DD03A69E8
:100C8000531C3B617B69591C796112781A707B682F
:100C9000013B7B607B68002BF1D100BF1C37BD4658
:100CA0005DF8047B704780B487B000AFF860B9602E
:100CB0007A60FB687B617B695A1C7A61BA68D2B240
:100CC0001A707B68013B7B607B68002BF3D100BF0F
:100CD00000BF1C37BD465DF8047B704780B489B007
:100CE00000AFF860B9607A60FB68FB61BB68BB610C
:100CF00000237B61FB695A1CFA611B781946BB69AA
:100D00005A1CBA611B78CB1A7B617B68013B7B6004
:100D10007B68002B02D07B69002BEBD07B691846E7
:100D20002437BD465DF8047B704780B483B000AFC4
:100D30007860396002E07B6801337B607B681B78F8
:100D4000002B05D07B681B781A463B689342F2D192
:100D50007B681B7818460C37BD465DF8047B7047EE
:100D600080B586B000AF78600023FB737B68DB78CA
:100D7000002B34D07B681B6B7B617B6858787B6869
:100D800003F1340101237A69FFF7ACFE0346002B1F
:100D900002D00123FB7322E07B680022DA707B68BB
:100DA0005B6A7A69D21A7B68DB699A4217D27B68E0
:100DB0009B783B6110E07B68DB697A6913447B6157
:100DC0007B6858787B6803F1340101237A69FFF767
:100DD00089FE3B69013B3B613B69012BEBD8FB7B07
:100DE00018461837BD4680BD80B584B000AF786026
:100DF00039600023FB737B681B6B3A689A421BD0F7
:100E00007868FFF7ADFF0346FB73FB7B002B13D124
:100E10007B6858787B6803F1340101233A68FFF757
:100E200041FE0346002B04D04FF0FF333B6001230B
:100E3000FB737B683A681A63FB7B18461037BD4624
:100E400080BD000080B584B000AF78607868FFF79F
:100E500087FF0346FB73FB7B002B58D17B681B7815
:100E6000032B48D17B681B79012B44D17B68343339
:100E70004FF4007200211846FFF715FF7B683433EA
:100E800003F5FF734AF655211846FFF7A4FE7B6869
:100E9000343321491846FFF7B9FE7B68343303F534
:100EA000F2731E491846FFF7B1FE7B68343303F531
:100EB000F4727B685B6919461046FFF7A7FE7B68F2
:100EC000343303F5F6727B681B6919461046FFF749
:100ED0009DFE7B681B6A5A1C7B681A637B68587886
:100EE0007B6803F134017B681A6B0123FFF7FAFD7D
:100EF0007B6800221A717B685B780022002118460B
:100F0000FFF710FE0346002B01D00123FB73FB7B90
:100F100018461037BD4680BD525261417272416120
:100F200080B483B000AF786039603B68023B3B60BF
:100F30007B689B69023B3A689A4201D3002308E030
:100F40007B685B891A463B6803FB02F27B68DB6ABD
:100F5000134418460C37BD465DF8047B704780B5D6
:100F600086B000AF786039607B681B683B613B6886
:100F7000012B04D93B699B693A689A4202D3012349
:100F80007B618EE04FF0FF337B613B691B78032B65
:100F900061D0032B7BDC012B02D0022B41D076E009
:100FA0003B68FB60FB685B08FA681344FB603B69C5
:100FB0005A6AFB685B0A134419463869FFF714FF45
:100FC0000346002B66D1FB685A1CFA60C3F3080382
:100FD0003A69134493F83430BB603B695A6AFB6842
:100FE0005B0A134419463869FFF7FEFE0346002BDF
:100FF00052D1FB68C3F308033A69134493F83430C1
:101000001B02BA681343BB603B6803F00103002B6B
:1010100002D0BB681B0902E0BB68C3F30B037B6112
:101020003FE03B695A6A3B681B0A1344194638691A
:10103000FFF7DAFE0346002B30D13B6903F134029F
:101040003B685B0003F4FF7313441846FFF788FD09
:1010500003467B6125E03B695A6A3B68DB09134420
:1010600019463869FFF7C0FE0346002B18D13B69CB
:1010700003F134023B689B0003F4FE7313441846EB
:10108000FFF786FD034623F070437B6109E00123EF
:101090007B6106E000BF04E000BF02E000BF00E0AB
:1010A00000BF7B6918461837BD4680BD90B589B032
:1010B00000AFF860B9607A600223FB77BB68012B50
:1010C00040F2D980FB689B69BA689A4280F0D3806D
:1010D000FB681B78032B00F09680032B00F3CB807A
:1010E000012B02D0022B6ED0C5E0BB68BB61BB698F
:1010F0005B08BA691344BB61FB685A6ABB695B0A47
:1011000013441946F868FFF76FFE0346FB77FB7F31
:10111000002B40F0A980FB6803F13402BB69591C25
:10112000B961C3F3080313447B61BB6803F0010397
:10113000002B0DD07B691B785BB203F00F035AB212
:101140007B68DBB21B015BB213435BB2DBB201E035
:101150007B68DBB27A691370FB680122DA70FB6886
:101160005A6ABB695B0A13441946F868FFF73CFEEC
:101170000346FB77FB7F002B78D1FB6803F1340239
:10118000BB69C3F3080313447B61BB6803F001032D
:10119000002B03D07B681B09DBB20EE07B691B7858
:1011A0005BB223F00F035AB27B681B0A5BB203F0F9
:1011B0000F035BB213435BB2DBB27A691370FB6857
:1011C0000122DA7057E0FB685A6ABB681B0A1344B5
:1011D0001946F868FFF708FE0346FB77FB7F002BF4
:1011E00046D1FB6803F13402BB685B0003F4FF7374
:1011F00013447A6892B211461846FFF7ECFCFB687C
:101200000122DA7037E0FB685A6ABB68DB091344D5
:101210001946F868FFF7E8FD0346FB77FB7F002BD4
:1012200028D17B6823F07044FB6803F13402BB686B
:101230009B0003F4FE7313441846FFF7A9FC034612
:1012400003F0704323437B60FB6803F13402BB6807
:101250009B0003F4FE73134479681846FFF7D6FC2D
:10126000FB680122DA7006E000BF04E000BF02E084
:1012700000BF00E000BFFB7F18462437BD4690BD8D
:1012800080B588B000AFF860B9607A600023FB7762
:10129000FB681B68BB61BB68012B04D9BB699B69F8
:1012A000BA689A4201D302234BE07B68002B0CD032
:1012B0004FF0FF327968B869FFF7F8FE0346FB7715
:1012C000FB7F002B01D0FB7F3BE0B968F868FFF79C
:1012D00046FE78617B69002B31D07B69012B01D1FF
:1012E00002232EE07B69B3F1FF3F01D1012328E007
:1012F0000022B968B869FFF7D9FE0346FB77FB7F88
:10130000002B01D0FB7F1CE0BB695A69BB699B695C
:10131000023B9A420BD2BB695B695A1CBB695A619A
:10132000BB691B7943F00103DAB2BB691A717B69AF
:10133000BB60BB699B69BA689A42C6D300E000BF34
:10134000002318462037BD4680BD80B588B000AF69
:10135000786039607B681B683B613B68002B0DD16E
:101360003B691B69BB61BB69002B04D03B699B696E
:10137000BA699A421BD30123BB6118E039687868C7
:10138000FFF7EDFDF860FB68012B01D8012370E049
:10139000FB68B3F1FF3F01D1FB686AE03B699B69E1
:1013A000FA689A4201D2FB6863E03B68BB61BB69A3
:1013B000FB61FB690133FB613B699B69FA699A42F6
:1013C00007D30223FB61FA69BB699A4201D9002362
:1013D0004FE0F9697868FFF7C2FDF860FB68002B01
:1013E0000ED0FB68012B03D0FB68B3F1FF3F01D1A6
:1013F000FB683EE0FA69BB699A42DAD1002338E023
:1014000000BF4FF0FF32F9693869FFF74FFE03461E
:10141000FB75FB7D002B09D13B68002B06D0FA69D8
:1014200039683869FFF742FE0346FB75FB7D002BE8
:1014300016D13B69FA691A613B695A693B699B6934
:10144000023B9A4204D83B695B695A1E3B695A6168
:101450003B691B7943F00103DAB23B691A7107E07B
:10146000FB7D012B02D14FF0FF3300E00123FB6134
:10147000FB6918462037BD4680BD80B487B000AFF9
:10148000786039607B681B68FB607B689B6A04330B
:101490003B613B685B0AFA685289B3FBF2F37B61FC
:1014A0003B691A1D3A611B68BB60BB68002B01D108
:1014B000002310E07A69BB689A4207D37A69BB6857
:1014C000D31A7B613B6904333B61E9E700BF3B69A9
:1014D0001A687B69134418461C37BD465DF8047BC7
:1014E000704780B586B000AF786039607B681B6854
:1014F0003B613B68B3F5001F04D23B6803F01F0358
:10150000002B01D0022363E07B683A681A617B6894
:101510009B687B617B69002B06D13B691B78022BA2
:1015200002D93B699B6A7B617B69002B0CD13B68CC
:101530005B093A691289934201D3022348E03B696F
:101540009A6A7B689A6129E03B695B895B02FB6070
:1015500019E07B6879691846FFF701FD78617B69BE
:10156000B3F1FF3F01D1012332E07B69012B04D9A4
:101570003B699B697A699A4201D3022328E03A6861
:10158000FB68D31A3B603A68FB689A42E1D27969FA
:101590003869FFF7C5FC02467B689A617B687A6907
:1015A0005A617B689B69002B01D1022310E07B68A4
:1015B0009A693B685B0A1A447B689A613B6903F14C
:1015C00034023B68C3F308031A447B68DA610023E2
:1015D00018461837BD4680BD80B586B000AF78602C
:1015E00039607B681B68FB607B681B692033BB60CC
:1015F0007B689B69002B03D0BB68B3F5001F01D348
:101600000423AAE0BB68C3F30803002B40F09880D2
:101610007B689B695A1C7B689A617B685B69002BBD
:101620000BD1BB685B09FA6812899342C0F08880CD
:101630007B6800229A6104238FE0BB685B0AFA682A
:101640005289013A1340002B7AD17A687B685B6932
:1016500019461046FFF783FC78617B69012B01D89E
:1016600002237AE07B69B3F1FF3F01D1012374E0EB
:10167000FB689B697A699A4258D33B68002B04D176
:101680007B6800229A61042367E07A687B685B6963
:1016900019461046FFF759FE78617B69002B01D18E
:1016A00007235AE07B69012B01D1022355E07B69B6
:1016B000B3F1FF3F01D101234FE0F868FFF750FB82
:1016C0000346002B01D0012347E0FB6834334FF47D
:1016D000007200211846FFF7E6FA00233B617969A2
:1016E000F868FFF71DFC0246FB681A6312E0FB680E
:1016F0000122DA70F868FFF733FB0346002B01D0B4
:1017000001232AE03B6901333B61FB681B6B5A1CD8
:10171000FB681A63FB685B891A463B699342E6D310
:10172000FB681A6B3B69D21AFB681A637B687A699B
:101730005A617969F868FFF7F3FB02467B689A61A2
:101740007B68BA681A61FB6803F13402BB68C3F3B3
:1017500008031A447B68DA61002318461837BD462F
:1017600080BD80B586B000AF786039607B681B684B
:10177000FB6000217868FFF7B4FE0346FB75FB7D34
:10178000002B2BD100233B617B689B691946F868CD
:10179000FFF72AFB0346FB75FB7D002B1DD17B6801
:1017A000DB691B78E52B04D07B68DB691B78002B99
:1017B00007D13B6901333B613A693B689A4202D1E8
:1017C0000CE000233B6101217868FFF705FF034629
:1017D000FB75FB7D002BD7D000E000BFFB7D042B09
:1017E00001D10723FB75FB7D18461837BD4680BD28
:1017F00080B584B000AF786039603B681A33184612
:10180000FFF7AEF90346FB607B681B78032B09D119
:101810003B6814331846FFF7A3F903461B04FA6824
:101820001343FB60FB6818461037BD4680BD80B58A
:1018300084B000AFF860B9607A60BB681A337A6828
:1018400092B211461846FFF7C6F9FB681B78032BC6
:1018500009D1BB6803F114027B681B0C9BB21946CB
:101860001046FFF7B8F900BF1037BD4680BD000035
:1018700090B587B000AF786039603B681A3318467E
:10188000FFF76EF90346002B01D0002359E03B68B7
:101890001B7803F03F035A1E13465B0013449B0062
:1018A00013447B610123FB8100233B6133E0274A22
:1018B0003B6913441B781A463B6813441846FFF7EC
:1018C0004FF90346BB81FB89002B1AD07B69FE2BA5
:1018D00012D8BB89184602F033FF03461C467B69C9
:1018E0005A1C7A615B007A6813441B88184602F020
:1018F00027FF03469C4201D0002322E0BB89FB81E5
:1019000006E0BB894FF6FF72934201D0002318E036
:101910003B6901333B613B690C2BC8D93B681B78A1
:1019200003F04003002B0BD0FB89002B08D07B6910
:101930005B007A6813441B88002B01D0002300E071
:10194000012318461C37BD4690BD00BF2CD10208AC
:1019500080B586B000AF786039603B681A331846AE
:10196000FFF7FEF80346002B01D000234DE03B6853
:101970001B7823F040035A1E13465B0013449B0060
:1019800013447B610123FB8100233B6128E0214A52
:101990003B6913441B781A463B6813441846FFF70B
:1019A000DFF80346BB81FB89002B0FD07B69FE2B40
:1019B00001D9002329E0BB89FB817B695A1C7A612C
:1019C0005B007A681344FA891A8006E0BB894FF6F7
:1019D000FF72934201D0002317E03B6901333B6162
:1019E0003B690C2BD3D93B681B7803F04003002BD9
:1019F0000AD07B69FE2B01D9002306E07B695B00DE
:101A00007A68134400221A80012318461837BD460D
:101A100080BD00BF2CD1020880B588B000AFF8604F
:101A2000B96011461A460B46FB711346BB71BB6881
:101A30000D33BA791A70BB680B330F221A70BB686A
:101A40000C3300221A70BB681A3300211846FFF7C6
:101A5000C2F8FB795A1E13465B0013449B001344E3
:101A6000FB610023FB820023BB61FB8A4FF6FF7200
:101A7000934207D0FB695A1CFA615B00FA68134471
:101A80001B88FB82174ABB6913441B781A46BB6844
:101A90001344FA8A11461846FFF79DF8FB8A002B7B
:101AA00002D14FF6FF73FB82BB690133BB61BB6997
:101AB0000C2BDAD9FB8A4FF6FF72934206D0FB69F2
:101AC0005B00FA6813441B88002B03D1FB7943F0B9
:101AD0004003FB71BB68FA791A7000BF2037BD461E
:101AE00080BD00BF2CD1020880B58CB000AFF8607B
:101AF000B9607A603B600B22B968F868FFF7B2F80A
:101B00003B68052B2BD93B68FB6122E07B689A1C64
:101B10007A601B887B840023BB6217E0FB695A0054
:101B20007B8C03F001031344FB617B8C5B087B849B
:101B3000FB6903F48033002B05D0FB6983F4883301
:101B400083F02103FB61BB6A0133BB62BB6A0F2BCD
:101B5000E4D97B681B88002BD8D1FB693B60072345
:101B6000BB623B68DBB203F00F03DBB2303387F8B4
:101B70002F3097F82F30392B04D997F82F300733AF
:101B800087F82F30BB6A5A1EBA6230333B4497F84D
:101B90002F2003F81C2C3B681B093B603B68002B83
:101BA000DFD107F11402BB6A13447E221A700023AE
:101BB0007B6202E07B6A01337B627A6ABB6A9A428B
:101BC00005D2FA687B6A13441B78202BF2D1BB6ADA
:101BD000072B07D8BB6A5A1CBA6230333B4413F850
:101BE0001C1C00E020217B6A5A1C7A62FA681344AC
:101BF0000A461A707B6A072BE9D900BF00BF30374D
:101C0000BD4680BD80B485B000AF78600023FB7313
:101C10000B23BB60FB7BDAB25208DB011343DAB261
:101C20007B68591C79601B781344FB73BB68013BCC
:101C3000BB60BB68002BEDD1FB7B18461437BD465B
:101C40005DF8047B704780B586B000AF786039607E
:101C50000423FB757B681B683B61FF237B75FF23B7
:101C60003B7581E07B689B6919463869FFF7BCF8D2
:101C70000346FB75FB7D002B7CD17B68DB691B7801
:101C8000BB75BB7D002B02D10423FB7577E07B681D
:101C9000DB690B331B7803F03F03FB737B68FA7B34
:101CA0009A71BB7DE52B0ED0BB7D2E2B0BD0FB7B21
:101CB00023F02003082B0CBF01230023DBB21A46BC
:101CC0003B68934202D0FF237B7544E0FB7B0F2BE4
:101CD0002FD1BB7D03F04003002B0DD07B68DB6967
:101CE0005B7B3B75BB7D23F04003BB75BB7D7B7588
:101CF0007B681A697B68DA62BA7D7B7D9A4215D16E
:101D00007B68DB690D331B783A7D9A420ED13B69C3
:101D1000DA687B68DB6919461046FFF719FE03464F
:101D2000002B03D07B7D013BDBB200E0FF237B7502
:101D300011E07B7D002B09D17B68DB691846FFF73A
:101D400061FF03461A463B7D934215D07B684FF0F6
:101D5000FF32DA6210E000217868FFF73DFC0346AD
:101D6000FB75FB7D002B09D17B689B69002B7FF401
:101D700079AF04E000BF02E000BF00E000BFFB7DE0
:101D8000002B02D07B6800229A61FB7D1846183731
:101D9000BD4680BD80B586B000AF78607B681B68AB
:101DA0003B6100217868FFF79CFB0346FB75FB7DD8
:101DB000002B01D0FB7DA9E0FF233B753B7D7B75AC
:101DC0007B684FF0FF32DA627B689B69194638699D
:101DD000FFF70AF80346FB75FB7D002B40F090806F
:101DE0007B68DB691B78BB75BB7D002B02D10423AC
:101DF000FB758AE07B68DB690B331B7803F03F03DC
:101E0000FB737B68FA7B9A71BB7DE52B07D0FB7B6C
:101E100003F00803002B09D0FB7B0F2B06D0FF2318
:101E20007B757B684FF0FF32DA625EE0FB7B0F2B45
:101E300036D17B6893F82B3003F04003002B54D14C
:101E4000BB7D03F04003002B0DD07B68DB695B7B1F
:101E50003B75BB7D23F04003BB75BB7D7B757B6809
:101E60001A697B68DA62BA7D7B7D9A4215D17B68FC
:101E7000DB690D331B783A7D9A420ED13B69DA68F3
:101E80007B68DB6919461046FFF7F2FC0346002B1E
:101E900003D07B7D013BDBB200E0FF237B7524E0B8
:101EA0007B7D002B09D17B68DB691846FFF7AAFE12
:101EB00003461A463B7D934224D07B6893F82B302F
:101EC00003F00103002B0AD17B68D8697B682033BB
:101ED0000B221946FEF702FF0346002B14D0FF2306
:101EE0007B757B684FF0FF32DA6200217868FFF77C
:101EF00073FB0346FB75FB7D002B3FF465AF04E0ED
:101F000000BF02E000BF00E000BFFB7D18461837AD
:101F1000BD4680BD80B58CB000AF78607B681B6823
:101F2000FB617B6893F82B3003F0A003002B01D0FA
:101F30000623E0E000237B6202E07B6A01337B62E0
:101F4000FB69DA687B6A5B0013441B88002BF4D1C1
:101F50007B6803F1200107F10C030C221846FEF701
:101F600081FEFB7D03F00103002B32D07B68402211
:101F700083F82B200123BB6216E07B6803F120006D
:101F8000FB69DA6807F10C01BB6AFFF7ADFD786801
:101F9000FFF700FF034687F82F3097F82F30002B0C
:101FA00006D1BB6A0133BB62BB6A632BE5D900E093
:101FB00000BFBB6A642B01D107239CE097F82F3048
:101FC000042B02D097F82F3095E0FA7D7B6883F8D8
:101FD0002B20FB7D03F00203002B07D07B6A0C3320
:101FE000474AA2FB03239B08013300E001233B6225
:101FF000396A7868FFF7B5FB034687F82F3097F802
:102000002F30002B48D13B6A013B3B623B6A002BDF
:1020100042D07B681A693B6A5B01D31A194678681B
:10202000FFF75FFA034687F82F3097F82F30002B21
:1020300032D17B6820331846FFF7E4FD0346FB7678
:102040007B689B691946F869FEF7CEFE034687F860
:102050002F3097F82F30002B1DD1FB69D8687B6893
:10206000D9693B6ADAB2FB7EFFF7D6FCFB69012235
:10207000DA7000217868FFF7AFFA034687F82F304F
:1020800097F82F30002B07D13B6A013B3B623B6A3C
:10209000002BD5D100E000BF97F82F30002B28D1BE
:1020A0007B689B691946F869FEF79EFE034687F830
:1020B0002F3097F82F30002B1BD17B68DB69202253
:1020C00000211846FEF7EFFD7B68D8697B68203356
:1020D0000B221946FEF7C6FD7B6893F82B207B6820
:1020E000DB690C3302F01802D2B21A70FB690122CC
:1020F000DA7097F82F3018463037BD4680BD00BFE4
:102100004FECC44E80B586B000AF78607B681B682A
:102110003B617B681B69FB607B68DB6AB3F1FF3F57
:1021200007D07B68DB6A19467868FFF7DAF903465F
:1021300000E00023FB75FB7D002B28D17B689B69A9
:1021400019463869FEF750FE0346FB75FB7D002BF0
:1021500015D17B68DB69E5221A703B690122DA70D0
:102160007B681B69FA689A420BD900217868FFF7EF
:1021700033FA0346FB75FB7D002BDFD002E000BF86
:1021800000E000BFFB7D042B01D10223FB75FB7D2A
:1021900018461837BD4680BD80B58AB000AF78605C
:1021A00039603B681B683B617B681B68DB68FB60D0
:1021B00000237B617B69BB61BB695A1CBA613A69C8
:1021C00013441B78BB84BB8C1F2B40D9BB8C2F2B9B
:1021D00006D0BB8C5C2B10D102E0BB690133BB6124
:1021E0003A69BB6913441B782F2BF6D03A69BB6957
:1021F00013441B785C2BF0D02AE07B69FE2B01D9BD
:1022000006237DE1BB8CDBB2BB84BB8C012118466D
:1022100002F05AFA0346BB84BB8C002B01D1062383
:102220006EE1BB8C7F2B09D8BB8C19468D48FEF71D
:102230007CFD0346002B01D0062361E17B695A1C1B
:102240007A615B00FA681344BA8C1A80B4E700BF65
:102250003A69BB691A443B681A60BB8C1F2B01D8D2
:10226000042300E0002387F8273011E07B6903F1A5
:102270000043013B5B00FA6813441B88BB84BB8CA2
:10228000202B02D0BB8C2E2B06D17B69013B7B61BE
:102290007B69002BEAD100E000BF7B695B00FA6834
:1022A000134400221A807B69002B01D1062327E109
:1022B0007B6820330B2220211846FEF7F4FC002314
:1022C000BB6102E0BB690133BB61BB695B00FA68BB
:1022D00013441B88202BF5D0BB695B00FA681344BC
:1022E0001B882E2BEED0BB69002B09D097F8273026
:1022F00043F0030387F8273002E07B69013B7B61F1
:102300007B69002B09D07B6903F10043013B5B0033
:10231000FA6813441B882E2BEFD1002387F8263050
:1023200000233B620823FB61BB695A1CBA615B0056
:10233000FA6813441B88BB84BB8C002B00F0908090
:10234000BB8C202B06D0BB8C2E2B0AD1BA697B69A3
:102350009A4206D097F8273043F0030387F82730D6
:102360007DE03A6AFB699A4203D2BA697B699A4274
:1023700023D1FB690B2B06D197F8273043F00303D9
:1023800087F8273075E0BA697B699A4205D097F8DB
:10239000273043F0030387F82730BA697B699A42F4
:1023A00066D87B69BB6108233B620B23FB6197F80E
:1023B00026309B0087F8263051E0BB8C7F2B14D948
:1023C000BB8C0021184602F07FF90346BB84BB8C0E
:1023D000002B04D0BB8C803B234AD35CBB8497F892
:1023E000273043F0020387F82730BB8C002B07D03F
:1023F000BB8C19461D48FEF798FC0346002B08D0FD
:102400005F23BB8497F8273043F0030387F8273016
:102410001BE0BB8C402B09D9BB8C5A2B06D897F8F4
:10242000263043F0020387F826300EE0BB8C602B89
:102430000BD9BB8C7A2B08D897F8263043F00103D0
:1024400087F82630BB8C203BBB843B6A5A1C3A621F
:10245000BA8CD1B27A6813440A4683F8202063E725
:1024600000BF06E094C20208ACD00208A0C2020875
:1024700000BF7B6893F82030E52B03D17B680522F1
:1024800083F82020FB69082B04D197F826309B00A5
:1024900087F8263097F8263003F00C030C2B05D074
:1024A00097F8263003F00303032B05D197F8273064
:1024B00043F0020387F8273097F8273003F0020330
:1024C000002B17D197F8263003F00303012B05D119
:1024D00097F8273043F0100387F8273097F8263015
:1024E00003F00C03042B05D197F8273043F00803C1
:1024F00087F827307B6897F8272083F82B20002364
:1025000018462837BD4680BD80B586B000AF7860DC
:1025100039607B683B613B691B68FB6002E03B689C
:1025200001333B603B681B782F2BF8D03B681B784E
:102530005C2BF4D03B6900229A603B681B781F2B10
:102540000AD87B68802283F82B2000217868FEF768
:10255000C8FF0346FB7543E03B4619467868FFF722
:102560001BFE0346FB75FB7D002B34D17868FFF71B
:1025700011FC0346FB757B6893F82B30FB72FB7DE7
:10258000002B0AD0FB7D042B27D1FB7A03F0040338
:10259000002B22D10523FB751FE0FB7A03F0040317
:1025A000002B1CD13B699B7903F01003002B02D157
:1025B0000523FB7514E0FB6803F134027B681B699B
:1025C000C3F3080313441946F868FFF711F90246EC
:1025D0003B699A60C0E700BF02E000BF00E000BFB7
:1025E000FB7D18461837BD4680BD80B487B000AF6C
:1025F00078604FF0FF333B617B681B68002B31D064
:102600007B681B687B6102E07B6901337B617B69CE
:102610001B781F2B03D97B691B783A2BF4D17B697C
:102620001B783A2B1CD17B681B68FB60FB685A1C2B
:10263000FA601B78303BBB60BB68092B0ED8FA6888
:102640007B699A420AD1BB68002B07D1BB683B610A
:102650007B6901337B617B687A691A603B6902E0C0
:1026600000233B613B6918461C37BD465DF8047B7F
:102670007047000080B582B000AF786039607B6839
:102680000022DA707B684FF0FF321A63396878688D
:10269000FEF7AAFB0346002B01D0042338E07B6839
:1026A000343303F5FF731846FEF75AFA03461A4609
:1026B0004AF655239A4201D0032329E07B6893F818
:1026C0003430E92B09D07B6893F83430EB2B1ED1E2
:1026D0007B6893F83630902B19D17B6834333633CE
:1026E0001846FEF755FA034623F07F430A4A934201
:1026F00001D100230CE07B68343352331846FEF7D7
:1027000047FA0346054A934201D1002300E0022321
:1027100018460837BD4680BD4641540046415433F3
:1027200080B596B000AFF860B9601346FB71BB6826
:1027300000221A60F868FFF758FFF863FB6B002B64
:1027400001DA0B232AE2A14AFB6B52F82330BB6368
:10275000BB6B002B01D10C2320E2BB68BA6B1A6063
:10276000FB7923F00103FB71BB6B1B78002B1AD0A4
:10277000BB6B5B781846FEF753F9034687F8373092
:1027800097F8373003F00103002B0CD1FB79002BB5
:1027900007D097F8373003F00403002B01D00A2349
:1027A000FCE10023FAE1BB6B00221A70FB6BDAB28A
:1027B000BB6B5A70BB6B5B781846FEF74BF9034650
:1027C00087F8373097F8373003F00103002B01D03A
:1027D0000323E3E1FB79002B07D097F8373003F0B0
:1027E0000403002B01D00A23D8E100233B65396D97
:1027F000B86BFFF73FFF034687F8573097F857301D
:10280000022B49D100233B641EE0BB6B03F1340271
:102810003B6C1B0103F5DF7313443B633B6B0433D9
:102820001B78002B06D03B6B08331846FEF7B0F937
:10283000024600E000223B6C9B0058333B4443F8C7
:10284000442C3B6C01333B643B6C032BDDD90023F0
:102850003B643B6C002B02D03B6C013B3B643B6C0C
:102860009B0058333B4453F8443C3B653B6D002B85
:1028700005D0396DB86BFFF7FDFE034600E003237A
:1028800087F8573097F85730012B05D93B6C013347
:102890003B643B6C032BE2D997F85730042B01D1F2
:1028A00001237BE197F85730012B01D90D2375E106
:1028B000BB6B34330B331846FEF752F90346B3F5BE
:1028C000007F01D00D2369E1BB6B3433163318460A
:1028D000FEF746F90346FB64FB6C002B06D1BB6B8D
:1028E000343324331846FEF753F9F864BB6BFA6CA3
:1028F000DA61BB6B93F84420BB6B9A70BB6B9B781F
:10290000012B05D0BB6B9B78022B01D00D2345E139
:10291000BB6B9B781A46FB6C02FB03F3FB64BB6B3F
:1029200093F841301A46BB6B5A81BB6B5B89002B15
:1029300008D0BB6B5B891A46BB6B5B89013B1340BC
:10294000002B01D00D2329E1BB6B34331133184622
:10295000FEF706F903461A46BB6B1A81BB6B1B894F
:1029600003F00F039BB2002B01D00D2316E1BB6BCC
:10297000343313331846FEF7F3F80346BB64BB6CDD
:10298000002B06D1BB6B343320331846FEF700F919
:10299000B864BB6B34330E331846FEF7E1F80346D8
:1029A000FB85FB8D002B01D10D23F7E0FA8DFB6C2D
:1029B0001344BA6B1289120992B21344BB62BA6C07
:1029C000BB6A9A4204D20D23E8E000BFFC640120F8
:1029D000BA6CBB6AD31ABA6B5289B3FBF2F37B624F
:1029E0007B6A002B01D10D23D8E0032387F85730F1
:1029F0007B6A4FF6F572934202D8022387F857306C
:102A00007B6A40F6F572934202D8012387F857306B
:102A10007B6A9A1CBB6B9A61BB6B3A6D1A62FA8D2A
:102A20003B6D1A44BB6B5A623A6DBB6A1A44BB6B6E
:102A3000DA6297F85730032B1ED1BB6B34332A333D
:102A40001846FEF78DF80346002B01D00D23A5E0B4
:102A5000BB6B1B89002B01D00D239FE0BB6B343374
:102A60002C331846FEF794F80246BB6B9A62BB6B98
:102A70009B699B007B641FE0BB6B1B89002B01D112
:102A80000D238BE0BB6B5A6AFB6C1A44BB6B9A62DA
:102A900097F85730022B03D1BB6B9B695B000AE0B0
:102AA000BB6B9A6913465B0013445A08BB6B9B6966
:102AB00003F0010313447B64BB6BDA697B6C03F2A4
:102AC000FF135B0A9A4201D20D2367E0BB6B4FF004
:102AD000FF325A61BB6B5A69BB6B1A61BB6B8022B8
:102AE0001A7197F85730032B49D1BB6B343330330D
:102AF0001846FEF735F80346012B40D13B6D0133F4
:102B00001946B86BFEF770F90346002B37D1BB6B43
:102B100000221A71BB6B343303F5FF731846FEF7BE
:102B20001FF803461A464AF655239A4227D1BB6B33
:102B300034331846FEF72CF803461A4A93421ED146
:102B4000BB6B343303F5F2731846FEF721F80346E6
:102B5000154A934213D1BB6B343303F5F473184613
:102B6000FEF716F80246BB6B5A61BB6B343303F5B4
:102B7000F6731846FEF70CF80246BB6B1A61BB6B86
:102B800097F857201A70094B1B8801339AB2074BEC
:102B90001A80064B1A88BB6BDA8000231846583718
:102BA000BD4680BD52526141727241610065012093
:102BB00080B584B000AF786039600923FB737B680F
:102BC000002B1CD07B681B68002B18D07B681B680F
:102BD0001B78002B13D07B689A887B681B68DB8886
:102BE0009A420CD17B681B685B781846FDF718FF8A
:102BF000034603F00103002B01D10023FB73FB7B91
:102C0000002B02D17B681B6800E000233A68136048
:102C1000FB7B18461037BD4680BD000080B588B0EC
:102C200000AFF860B9601346FB71BB683B6107F108
:102C300010031846FFF7D9FCF861FB69002B01DA95
:102C40000B2328E0164AFB6952F82330BB61BB69AD
:102C5000002B02D0BB6900221A70FB68002B02D047
:102C6000FB6800221A70FA680D49FB6941F82320BD
:102C7000FB68002B02D0FB79012B01D000230AE076
:102C800007F10C0107F1080300221846FFF748FD81
:102C90000346FB75FB7D18462037BD4680BD00BF4F
:102CA000FC64012080B5ADF5187D00AF07F5187301
:102CB000A3F51573186007F51873A3F5167319605B
:102CC00007F51873A3F259231A7007F51873A3F5C3
:102CD00015731B68002B01D1092352E207F5187305
:102CE000A3F2592307F51872A2F25922127802F0C2
:102CF0003F021A7007F51873A3F259231A7807F5E3
:102D0000047107F108031846FFF70AFD034687F828
:102D10005F3297F85F32002B40F02682D7F81032EE
:102D2000C7F81432D7F8103207F11002DA6007F54D
:102D30001873A3F516731A6807F50573114618463C
:102D4000FFF7E2FB034687F85F3297F85F32002B0C
:102D500007D197F83F325BB2002B02DA062387F8DF
:102D60005F3207F51873A3F259231B7803F01C0395
:102D7000002B00F0A08097F85F32002B18D097F856
:102D80005F32042B07D107F505731846FFF7C2F829
:102D9000034687F85F3207F51873A3F2592307F546
:102DA0001872A2F25922127842F008021A7015E045
:102DB00097F81A3203F01103002B03D0072387F88A
:102DC0005F320BE007F51873A3F259231B7803F069
:102DD0000403002B02D0082387F85F3297F85F3294
:102DE000002B40F0888007F51873A3F259231B7855
:102DF00003F00803002B7ED0F9F766FBC7F85002FA
:102E0000D7F830320E33D7F850121846FDF7FEFED1
:102E1000D7F830321633D7F850121846FDF7F6FEC1
:102E2000D7F830320B3320221A70D7F81032D7F887
:102E3000302211461846FEF7DBFCC7F84C02D7F8E3
:102E40001032D7F8301200221846FEF7F0FCD7F8FF
:102E500030321C3300211846FDF7D8FED7F8103267
:102E60000122DA70D7F84C32002B44D0D7F8103258
:102E70001B6BC7F8503207F505730022D7F84C12C8
:102E80001846FEF7FDF9034687F85F3297F85F3280
:102E9000002B30D1D7F81032D7F850121846FDF772
:102EA000A3FF034687F85F32D7F81032D7F84C22D9
:102EB000013A1A611FE097F85F32002B1BD197F897
:102EC0001A3203F01003002B03D0042387F85F327B
:102ED00011E007F51873A3F259231B7803F00203DE
:102EE000002B08D097F81A3203F00103002B02D010
:102EF000072387F85F3297F85F32002B25D107F55B
:102F00001873A3F259231B7803F00803002B0BD08E
:102F100007F51873A3F2592307F51872A2F2592284
:102F2000127842F040021A70D7F810321A6B07F587
:102F30001873A3F515731B681A62D7F8302207F5CA
:102F40001873A3F515731B685A6297F85F32002B4C
:102F500040F00A81D7F81032D7F8302211461846CF
:102F6000FEF746FC024607F51873A3F515731B68B8
:102F70009A60D7F830321C331846FDF709FE024636
:102F800007F51873A3F515731B68DA6007F5187356
:102F9000A3F515731B6800229A62D7F8102207F573
:102FA0001873A3F515731B681A60D7F81032DA8806
:102FB00007F51873A3F515731B689A8007F5187346
:102FC000A3F515731B6807F51872A2F2592212783F
:102FD0001A7407F51873A3F515731B6800225A7449
:102FE00007F51873A3F515731B680022DA6107F55E
:102FF0001873A3F515731B6800225A6107F518733F
:10300000A3F515731B682C334FF40072002118468A
:10301000FDF749FE07F51873A3F259231B7803F057
:103020002003002B00F0A08007F51873A3F515739B
:103030001B68DB68002B00F0978007F51873A3F579
:1030400015731B68DA6807F51873A3F515731B6809
:103050005A61D7F810325B895B02C7F8483207F52E
:103060001873A3F515731B689B68C7F8583207F5EA
:103070001873A3F515731B68DB68C7F8543221E099
:1030800007F51873A3F515731B68D7F8581218467F
:10309000FDF765FFC7F85802D7F85832012B02D860
:1030A000022387F85F32D7F85832B3F1FF3F02D1DD
:1030B000012387F85F32D7F85422D7F84832D31A61
:1030C000C7F8543297F85F32002B05D1D7F8542255
:1030D000D7F848329A42D3D807F51873A3F5157379
:1030E0001B68D7F858229A6197F85F32002B3BD1C2
:1030F000D7F85432C3F30803002B35D0D7F8103279
:10310000D7F858121846FDF70BFFC7F84402D7F856
:103110004432002B03D1022387F85F3224E0D7F832
:1031200054325A0AD7F844321A4407F51873A3F5F3
:1031300015731B68DA61D7F81032587807F51873E1
:10314000A3F515731B6803F12C0107F51873A3F59C
:1031500015731B68DA690123FDF7A4FC0346002BF5
:1031600002D0012387F85F3297F85F32002B06D038
:1031700007F51873A3F515731B6800221A6097F8FA
:103180005F32184607F51877BD4680BD80B58EB012
:1031900000AFF860B9607A603B60BB687B623B68F7
:1031A00000221A60FB6807F1140211461846FFF767
:1031B000FFFC034687F8373097F83730002B07D1EC
:1031C000FB685B7C87F8373097F83730002B02D0EC
:1031D00097F8373015E1FB681B7C03F00103002BE7
:1031E00001D107230DE1FB68DA68FB685B69D31A3C
:1031F0003B627A683B6A9A4240F2FE803B6A7B609F
:10320000FAE0FB685B69C3F30803002B40F0C6805B
:10321000FB685B695B0A7A695289013A1340FB617A
:10322000FB69002B2FD1FB685B69002B03D1FB6886
:103230009B683B6313E0FB689B6A002B07D0FB682D
:103240005B691946F868FEF718F9386307E0FA6811
:10325000FB689B6919461046FDF781FE38633B6B9E
:10326000012B04D8FB6802225A740223C9E03B6B8D
:10327000B3F1FF3F04D1FB6801225A740123C0E07F
:10328000FB683A6B9A617A69FB689B69194610463C
:10329000FDF746FEB861BB69002B04D1FB68022232
:1032A0005A740223ADE0BA69FB691344BB617B68C1
:1032B0005B0ABB62BB6A002B39D0FA69BB6A134454
:1032C0007A695289934205D97B695B891A46FB6901
:1032D000D31ABB627B695878BB6ABA69796AFDF711
:1032E000E1FB0346002B04D0FB6801225A74012342
:1032F00087E0FB681B7C5BB2002B14DAFB68DA69A1
:10330000BB69D31ABA6A9A420DD9FB68DA69BB69FC
:10331000D31A5B027A6AD018FB682C334FF4007220
:103320001946FDF79FFCBB6A5B02FB6250E0FB683D
:10333000DB69BA699A422ED0FB681B7C5BB2002B1A
:1033400018DA7B695878FB6803F12C01FB68DA69AD
:103350000123FDF7C7FB0346002B04D0FB680122C5
:103360005A7401234DE0FB681B7C03F07F03DAB243
:10337000FB681A747B695878FB6803F12C01012300
:10338000BA69FDF78FFB0346002B04D0FB680122CE
:103390005A74012335E0FB68BA69DA61FB685B693E
:1033A000C3F30803C3F50073FB62FA6A7B689A42B1
:1033B00001D97B68FB62FB6803F12C02FB685B6947
:1033C000C3F308031344FA6A1946786AFDF74AFC06
:1033D0007A6AFB6A13447B62FB685A69FB6A1A4487
:1033E000FB685A613B681A68FB6A1A443B681A60BA
:1033F0007A68FB6AD31A7B607B68002B7FF401AF8D
:10340000002318463837BD4680BD80B58CB000AF6C
:10341000F860B9607A603B60BB68FB613B68002282
:103420001A60FB6807F1100211461846FFF7C0FB4F
:10343000034687F82F3097F82F30002B07D1FB6811
:103440005B7C87F82F3097F82F30002B02D097F84D
:103450002F304BE1FB681B7C03F00203002B01D1F2
:10346000072343E1FB685A697B681A44FB685B6980
:103470009A4280F02D81FB685B69DB437B6027E12A
:10348000FB685B69C3F30803002B40F0E380FB6833
:103490005B695B0A3A695289013A1340BB61BB69B7
:1034A000002B43D1FB685B69002B0CD1FB689B6848
:1034B000BB62BB6A002B1AD1FB6800211846FDF7DE
:1034C00044FFB86213E0FB689B6A002B07D0FB68DF
:1034D0005B691946F868FDF7D0FFB86207E0FA6843
:1034E000FB689B6919461046FDF72FFFB862BB6A5F
:1034F000002B00F0F280BB6A012B04D1FB68022292
:103500005A740223F2E0BB6AB3F1FF3F04D1FB68B7
:1035100001225A740123E9E0FB68BA6A9A61FB68E8
:103520009B68002B02D1FB68BA6A9A60FB681B7C1F
:103530005BB2002B18DA3B695878FB6803F12C0169
:10354000FB68DA690123FDF7CDFA0346002B04D0AE
:10355000FB6801225A740123C8E0FB681B7C03F05E
:103560007F03DAB2FB681A743A69FB689B691946F3
:103570001046FDF7D5FC78617B69002B04D1FB6810
:1035800002225A740223B1E07A69BB6913447B6159
:103590007B685B0A3B623B6A002B3CD0BA693B6AA2
:1035A00013443A695289934205D93B695B891A46AB
:1035B000BB69D31A3B623B6958783B6A7A69F969FF
:1035C000FDF790FA0346002B04D0FB6801225A74E1
:1035D00001238BE0FB68DA697B69D31A3A6A9A4265
:1035E00015D9FB6803F12C00FB68DA697B69D31AF3
:1035F0005B02FA6913444FF400721946FDF732FB7F
:10360000FB681B7C03F07F03DAB2FB681A743B6A29
:103610005B027B623FE0FB68DB697A699A4216D005
:10362000FB685A69FB68DB689A4210D23B6958789C
:10363000FB6803F12C0101237A69FDF733FA034695
:10364000002B04D0FB6801225A7401234EE0FB6872
:103650007A69DA61FB685B69C3F30803C3F5007339
:103660007B627A6A7B689A4201D97B687B62FB68DD
:1036700003F12C02FB685B69C3F3080313447A6A05
:10368000F9691846FDF7EEFAFB681B7C63F07F03CF
:10369000DAB2FB681A74FA697B6A1344FB61FB684F
:1036A0005A697B6A1A44FB685A61FB68DA68FB68EE
:1036B0005B699A4238BF1A46FB68DA603B681A6851
:1036C0007B6A1A443B681A607A687B6AD31A7B600B
:1036D0007B68002B7FF4D4AE00E000BFFB681B7C4E
:1036E00043F04003DAB2FB681A74002318463037FF
:1036F000BD4680BD80B586B000AF78607B6807F1BD
:10370000080211461846FFF753FA0346FB75FB7D86
:10371000002B68D17B681B7C03F04003002B62D038
:103720007B681B7C5BB2002B15DABB6858787B6822
:1037300003F12C017B68DA690123FDF7D3F9034615
:10374000002B01D001234FE07B681B7C03F07F033B
:10375000DAB27B681A74F8F7B7FE3861BA687B682A
:103760001B6A19461046FDF73FFB0346FB75FB7DC0
:10377000002B38D17B685B6AFB60FB680B331A78DF
:10378000FB680B3342F02002D2B21A707B681868D3
:103790007B689B681A46F968FEF749F8FB6803F1F5
:1037A0001C027B68DB6819461046FDF72FFAFB68A0
:1037B000163339691846FDF729FAFB6812330021E0
:1037C0001846FDF708FABB680122DA70BB68184694
:1037D000FDF738FB0346FB757B681B7C23F0400339
:1037E000DAB27B681A74FB7D18461837BD4680BD77
:1037F00080B584B000AF78607868FFF77BFF034640
:10380000FB73FB7B002B0ED17B6807F1080211468E
:103810001846FFF7CDF90346FB73FB7B002B02D163
:103820007B6800221A60FB7B18461037BD4680BDBE
:1038300080B590B000AF786039607B6807F108020E
:1038400011461846FFF7B4F9034687F83F3097F85A
:103850003F30002B03D17B685B7C87F83F3097F8C3
:103860003F30002B02D097F83F30E6E17B689B6A3F
:10387000002B00F0D1803B68B3F1FF3F5AD17B6849
:103880009B6A7B627B6A1A1D7A621B687B610223DA
:10389000BB627B689B683B633B6B002B3AD03B6B06
:1038A0003B610023FB62BB6A0233BB623B6BFB6084
:1038B000FB6A0133FB627B68396B1846FDF74FFBEF
:1038C00038633B6B012B04D87B6802225A740223B5
:1038D000B3E13B6BB3F1FF3F04D17B6801225A7423
:1038E0000123AAE1FB6801333A6B9A42DED0BA6A3F
:1038F0007B699A4209D87B6A1A1D7A62FA6A1A6051
:103900007B6A1A1D7A623A691A60BB689B693A6BD6
:103910009A42C4D37B689B6ABA6A1A60BA6A7B69A6
:103920009A4203D87B6A00221A6084E1112387F847
:103930003F3080E17B68DB683A689A4202D97B6855
:10394000DB683B607B683A685A613B68002B00F09B
:1039500072813B68013B19467868FDF78EFD02468F
:103960007B689A61BA687B689B6919461046FDF7C7
:10397000D7FAB861BB69002B04D17B6802225A7464
:1039800002235AE13B68013B5B0ABA685289013A5B
:103990001340BA691344BB617B685B69C3F30803D6
:1039A000002B00F048817B68DB69BA699A4200F01D
:1039B00042817B681B7C5BB2002B18DABB685878AD
:1039C0007B6803F12C017B68DA690123FDF78AF833
:1039D0000346002B04D07B6801225A7401232CE19A
:1039E0007B681B7C03F07F03DAB27B681A74BB68C8
:1039F00058787B6803F12C010123BA69FDF752F86E
:103A00000346002B04D07B6801225A74012314E181
:103A10007B68BA69DA610EE17B68DB683A689A42D2
:103A200008D97B681B7C03F00203002B02D17B6862
:103A3000DB683B607B685B693B6200237B637B6880
:103A40007A6B5A613B68002B00F0A780BB685B89EA
:103A50005B02FB613B6A002B1BD03B685A1EFB6973
:103A6000B2FBF3F23B6A591EFB69B1FBF3F39A42D6
:103A70000FD33B6A5A1EFB695B421A407B685A614E
:103A80007B685B693A68D31A3B607B689B69BB6360
:103A900022E07B689B68BB63BB6B002B19D17B6802
:103AA00000211846FDF751FCB863BB6B012B04D114
:103AB0007B6802225A740223BFE0BB6BB3F1FF3F65
:103AC00004D17B6801225A740123B6E07B68BA6B8B
:103AD0009A607B68BA6B9A61BB6B002B5DD03AE051
:103AE0003A68FB69D31A3B607B685A69FB691A44E0
:103AF0007B685A617B681B7C03F00203002B0BD0B0
:103B00007B68B96B1846FDF720FCB863BB6B002BD4
:103B100008D100233B6022E07B68B96B1846FDF7B3
:103B20001EFAB863BB6BB3F1FF3F04D17B6801227F
:103B30005A74012381E0BB6B012B04D9BB689B69DC
:103B4000BA6B9A4204D37B6802225A74022374E04F
:103B50007B68BA6B9A613A68FB699A42C0D87B6805
:103B60005A693B681A447B685A613B68C3F308038F
:103B7000002B12D0BB68B96B1846FDF7D1F97863FA
:103B80007B6B002B04D17B6802225A74022354E021
:103B90003B685B0A7A6B13447B637B685A697B687A
:103BA000DB689A420AD97B685A697B68DA607B686D
:103BB0001B7C43F04003DAB27B681A747B685B6954
:103BC000C3F30803002B36D07B68DB697A6B9A421B
:103BD00031D07B681B7C5BB2002B18DABB6858784D
:103BE0007B6803F12C017B68DA690123FCF77AFF1B
:103BF0000346002B04D07B6801225A7401231CE089
:103C00007B681B7C03F07F03DAB27B681A74BB68A5
:103C100058787B6803F12C0101237A6BFCF742FF93
:103C20000346002B04D07B6801225A74012304E070
:103C30007B687A6BDA6197F83F3018464037BD46AB
:103C400080BD80B5ADF51E7D00AF07F51E73A3F5F1
:103C50001D7318600023C7F8703207F503713B1D10
:103C600002221846FEF75CFD034687F87732D7F844
:103C70000C32C7F8403297F87732002B40F094802E
:103C8000D7F80C3207F10C02DA6007F51E73A3F5C2
:103C90001D731A6807F5107311461846FEF734FCB9
:103CA000034687F8773297F87732002B7CD197F864
:103CB0006B325BB2002B03DA062387F8773208E019
:103CC00097F8463203F00103002B02D0072387F850
:103CD000773297F87732002B3BD1D7F80C32D7F8F0
:103CE0005C2211461846FDF783FDC7F8700297F86D
:103CF000463203F01003002B2BD0D7F80C32C7F854
:103D00001032D7F87032C7F8183207F50473002163
:103D10001846FDF7E6FB034687F8773297F87732C7
:103D2000002B16D107F5047300211846FDF78BFF11
:103D3000034687F8773297F87732002B02D10723B2
:103D400087F8773297F87732042B02D1002387F86F
:103D5000773297F87732002B26D107F51073184683
:103D6000FEF7D0F9034687F8773297F87732002BC1
:103D70000ED1D7F87032002B0AD007F5107300224D
:103D8000D7F870121846FDF77BFA034687F87732AA
:103D900097F87732002B07D1D7F80C321846FDF789
:103DA00051F8034687F8773297F87732184607F5C7
:103DB0001E77BD4680BD000090B59DB000AFF86095
:103DC0007A603B600B46FB7201237B644FF4007307
:103DD0003B6407F10C031846FEF707FCF863FB6B26
:103DE000002B02DA0B2300F00DBC944AFB6B52F857
:103DF0002330002B05D0914AFB6B52F82330002270
:103E00001A70FB6B87F83B30002387F83A3097F83D
:103E10003B301846FCF71EFE034687F8393097F80A
:103E2000393003F00103002B01D00323EAE397F8B4
:103E3000393003F00403002B01D00A23E2E307F139
:103E4000140297F83B3003211846FCF76BFE03463B
:103E5000002B0CD17B69002B09D07B69B3F5004F97
:103E600005D87B695A1E7B691340002B01D00123C2
:103E70007B614FF40073FB867B68002B03D0FB8EC5
:103E80007A689A4209D37B68B3F1807F05D87B6852
:103E90005A1E7B681340002B01D01323B2E3FB8E24
:103EA0007A68B2FBF3F37B603B683B63FB8ED7F829
:103EB0008020B2FBF3F3FB62FA8EFB6A02FB03F392
:103EC000BB62BB6A002B01D10E239BE307F11002FA
:103ED00097F83B3001211846FCF724FE0346002BDF
:103EE00001D001238EE3FB7A03F00803002B01D0FD
:103EF000002300E03F237B623B697A6A9A4201D942
:103F00000E237FE33A697B6AD31A3B613B697F2BBF
:103F100001D80E2376E37B68802B01D9132371E34C
:103F2000FB7A03F00203002B0DD0FB7A03F00703AA
:103F3000022B04D0FB7A03F00103002B03D10323EF
:103F400087F84F3009E0FB7A03F00103002B01D121
:103F5000132357E3022387F84F307B683B6597F8BC
:103F60004F30032B3CD13B6D002B1BD13B695B0CCD
:103F7000FB650023BB6401233B6505E0BB6C01339B
:103F8000BB643B6D5B003B652D4ABB6C32F8133064
:103F9000002B07D02A4ABB6C32F813301A46FB6D4F
:103FA0009342EBD23A693B6DB2FBF3F33B623B6A5F
:103FB00002339A00FB8E13445A1EFB8EB2FBF3F3BE
:103FC000BB6620237B650023FB663B6A4FF6F572D8
:103FD000934203D93B6A1B4A934252D90E2311E301
:103FE0003B6D002B1BD13B691B0BFB650023BB64A6
:103FF00001233B6505E0BB6C0133BB643B6D5B009B
:104000003B65114ABB6C32F81330002B07D00E4AC7
:10401000BB6C32F813301A46FB6D9342EBD23A690F
:104020003B6DB2FBF3F33B623B6A40F6F5729342A1
:104030000CD93B6A02335B00FB6512E0FC64012093
:104040003CD10208F5FFFF0F4CD10208012387F88D
:104050004F303A6A13465B00134401335B08033365
:10406000FB65FA8EFB6D13445A1EFB8EB2FBF3F315
:10407000BB6601237B653B6C5A01FB8EB2FBF3F3FD
:10408000FB667A6A7B6D1344BB65BB6E7A6C03FB7F
:1040900002F2BB6D1344FA6E1344FB617A69FB694B
:1040A00013445A1E7B695B421A40FB69D31AFB65B5
:1040B00097F84F30032B08D17A6DFB6D13447B6565
:1040C000BA6DFB6D1344BB6506E0FA6D7B6CB2FB09
:1040D000F3F3BA6E1344BB663B6D1A01FB691A44D5
:1040E0007B6AD21A3B699A4201D90E238AE23A6965
:1040F0007B6DD21ABB6E796C01FB03F3D21AFB6E97
:10410000D21A3B6DB2FBF3F33B6297F84F30032BAF
:104110000FD13B6A4FF6F57293420AD87B68002BA9
:1041200005D13B6D5B087B607B68002B44D10E237F
:1041300068E297F84F30022B33D13B6A4FF6F572A5
:1041400093421ED97B68002B07D13B6D5B00402B4F
:1041500003D83B6D5B007B6033E0FB7A03F0020326
:10416000002B03D0032387F84F302AE07B68002B15
:1041700005D13B6D5B007B607B68802B1ED90E23D5
:1041800040E23B6A40F6F57293420AD87B68002B06
:1041900005D13B6D5B007B607B68802B10D90E23C3
:1041A00030E297F84F30012B0CD13B6A40F6F572A4
:1041B000934207D90E2325E200BFCEE600BFCCE62E
:1041C00000BFCAE600BFFB8E1A460021386BFCF721
:1041D0006AFD0B22B249386BFCF744FD3B6B0B3395
:1041E000FA8E11461846FCF7F6FC3B6B0D333A6D20
:1041F000D2B21A703B6B0E337A6D92B211461846EA
:10420000FCF7E9FC3B6B10337A6CD2B21A703B6B53
:1042100003F1110297F84F30032B02D03B6C9BB295
:1042200000E0002319461046FCF7D5FC3B69B3F5C6
:10423000803F08D23B6B13333A6992B2114618465D
:10424000FCF7C9FC06E03B6B20333A69114618467F
:10425000FCF7DCFC3B6B1533F8221A703B6B183310
:104260003F211846FCF7B7FC3B6B1A33FF21184679
:10427000FCF7B1FC3B6B1C33796A1846FCF7C6FCB3
:1042800097F84F30032B31D13B6B03F14304F8F720
:104290001BF9034619462046FCF7B8FC3B6B243358
:1042A000B96E1846FCF7B2FC3B6B2C330221184662
:1042B000FCF7ACFC3B6B303301211846FCF78BFC60
:1042C0003B6B323306211846FCF785FC3B6B4033D1
:1042D00080221A703B6B423329221A703B6B4733A2
:1042E000132270491846FCF7BDFC20E03B6B03F13C
:1042F0002704F8F7E9F8034619462046FCF786FC40
:104300003B6B1633BA6E92B211461846FCF763FC4B
:104310003B6B243380221A703B6B263329221A70A0
:104320003B6B2B33132260491846FCF79BFC3B6B1D
:1043300003F5FF734AF655211846FCF74CFC97F835
:104340003B0001237A6A396BFCF7CCFB0346002B58
:1043500001D0012356E197F84F30032B40D17B6AFF
:104360009A1D97F83B000123396BFCF7BBFBFB8ED2
:104370001A460021386BFCF796FC4C49386BFCF769
:1043800045FC3B6B03F5F27349491846FCF73EFCCC
:104390003B6B03F5F4723B6A013B19461046FCF790
:1043A00035FC3B6B03F5F67302211846FCF72EFC37
:1043B0003B6B03F5FF734AF655211846FCF70BFCDF
:1043C0007B6ADA1D97F83B000123396BFCF78AFB07
:1043D0007B6A5A1C97F83B000123396BFCF782FB80
:1043E000BA6A0021386BFCF75EFCBB6D7B6600236C
:1043F000BB644BE097F84F30032B13D16FF00701EC
:10440000386BFCF703FC3B6B04334FF0FF3118466D
:10441000FCF7FCFB3B6B08336FF070411846FCF770
:10442000F5FB0BE097F84F30012B01D1214B01E058
:104430006FF007031946386BFCF7E8FBBB6E3B6671
:104440003A6EFB6A934228BF1346FB6597F83B0020
:10445000FB6D7A6E396BFCF745FB0346002B01D0F0
:104460000123CFE0FB8E1A460021386BFCF71BFCC2
:104470007A6EFB6D13447B663A6EFB6DD31A3B6616
:104480003B6E002BDCD1BB6C0133BB64BA6C7B6C24
:104490009A42AFD397F84F30032B0DD13B6D0CE010
:1044A000A8C20208B4C20208C8C20208525261413E
:1044B00072724161F8FFFF00FB6E3B663A6EFB6A69
:1044C000934228BF1346FB6597F83B00FB6D7A6E5D
:1044D000396BFCF707FB0346002B01D0012391E069
:1044E0007A6EFB6D13447B663A6EFB6DD31A3B66A6
:1044F0003B6E002BE2D197F84F30032B03D10C23F6
:1045000087F84E3010E03B69B3F5803F03D30623B4
:1045100087F84E3008E097F84F30022B01D1042382
:1045200000E0012387F84E30FB7A03F00803002BEC
:104530005BD1FB8E1A460021386BFCF7B4FB3B6B5A
:1045400003F5FF734AF655211846FCF744FB3B6B15
:1045500003F5DF73BB61BB6900221A70BB690133CD
:1045600001221A70BB69023301221A70BB6903333E
:1045700000221A70BB69043397F84E201A703A690A
:104580007B6A1A44214BA3FB0213D21A520813442C
:104590005B0BFB65BB690533FE221A70FB6D9B0844
:1045A000DAB2BB69063342F03F02D2B21A70BB697D
:1045B0000733FA6DD2B21A70BB690833796A1846AC
:1045C000FCF724FBBB690C333A6911461846FCF72B
:1045D0001DFB97F83B0001230022396BFCF782FAA0
:1045E0000346002B01D001230CE097F83B3000225A
:1045F00000211846FCF796FA0346002B01D0012350
:1046000000E0002318467437BD4690BD5B56150583
:1046100080B487B000AFF860B9601346FB71012326
:10462000FB750023BB751F4B5B7ADBB2002B31D1CE
:104630001C4B5B7ADBB21A461A4B00219954194B7A
:104640005B7ADBB2174A9B001344FA685A60154B39
:104650005B7ADBB21A46134B1344FA791A72114B88
:104660005B7ADBB25A1CD1B20E4A5172BB75BB7D6C
:104670003033DAB2BB681A70BB6801333A221A7061
:10468000BB6802332F221A70BB68033300221A70F2
:104690000023FB75FB7D18461C37BD465DF8047B87
:1046A000704700BF0465012080B582B000AF78601C
:1046B0003960002239687868FFF7AAFF0346184678
:1046C0000837BD4680BD000080B485B000AF03460A
:1046D0003960FB80FB887F2B02D8FB88FB8125E0BB
:1046E0003B68002B0BD0FB88FF2B05D8FB88803B59
:1046F000124A32F8133000E00023FB8116E0002359
:10470000FB8109E0FB890D4A32F81330FA889A429E
:1047100006D0FB890133FB81FB897F2BF2D900E0B6
:1047200000BFFB8980339BB2DBB2FB81FB8918465B
:104730001437BD465DF8047B704700BF5CD10208AA
:1047400080B487B000AF0346FB80FB88B3F5805F81
:1047500001D23E4B00E03E4B7B617B699A1C7A6143
:104760001B887B827B8A002B68D0FA887B8A9A42DE
:1047700064D37B699A1C7A611B883B823B8A1B0A43
:10478000FB813B8ADBB23B82FA88798A3B8A0B4405
:104790009A4249DAFB89082B4FD801A252F823F03C
:1047A000C5470208D7470208ED470208F547020847
:1047B000FD470208054802080D480208154802088E
:1047C0001D480208FA887B8AD31A5B007A69134471
:1047D0001B88FB8027E0FA887B8AD31A9BB203F000
:1047E00001039BB2FA88D31AFB801CE0FB88103BC4
:1047F000FB8018E0FB88203BFB8014E0FB88303B0B
:10480000FB8010E0FB881A3BFB800CE0FB88083340
:10481000FB8008E0FB88503BFB8004E0FB88A3F5AD
:10482000E353FB8000BF08E0FB89002B95D13B8A56
:104830005B007A6913447B618FE700BFFB881846F1
:104840001C37BD465DF8047B704700BF5CD2020890
:1048500050D40208F8B52DED028B57EC106B55ECD7
:10486000114B00F057FD22462B4630463946B0EE3C
:10487000408AF0EE608ADCF769F990B900220023E3
:1048800020462946DCF730F958B104F0CBFF21234C
:1048900003600022002310461946DBF7E7FF41ECD6
:1048A000180BB0EE480AF0EE680ABDEC028BF8BDBA
:1048B000F8B52DED028BB0EE408AF0EE608A55EC33
:1048C000114B00F031FE22462B462046294657EC7C
:1048D000106BDCF73BF900283BD151EC180B0022A0
:1048E0000023DCF701F9B8B1002200232046294655
:1048F000DCF7FAF8002846D145EC104B00F01AFA24
:1049000038B30022002320462946DCF7F7F800B32D
:1049100004F088FF22231BE047EC106B00F00AFA3A
:10492000E0B9B0EE480AF0EE680A00F003FAA8B168
:1049300045EC104B00F0FEF980B132463B46304664
:104940003946DCF703F90028E2D004F06BFF21239D
:104950000360BDEC028B47EC106BF8BD0022002316
:1049600030463946DCF7C0F80028F2D0B0EE480AED
:10497000F0EE680A00F0DEF90028EAD045EC104BB2
:1049800000F0D8F9C3E7014F0026E2E70000F03F4E
:1049900038B52DED028B55EC104B00F0DDF92246B9
:1049A0002B4620462946B0EE408AF0EE608ADCF7BE
:1049B000CDF890B90022002320462946DCF79EF866
:1049C00058B104F02FFF212303600022002310467A
:1049D0001946DBF74BFF41EC180BB0EE480AF0EE3E
:1049E000680ABDEC028B38BD1FB553EC102B26486E
:1049F00023F00041814206D89FED211B05B05DF8F0
:104A000004EB00F005BB2148814208D91046194645
:104A1000DBF74AFC41EC100B05B05DF804FB68467F
:104A200001F0C6FA00F0030001280BD0022815D0CF
:104A3000D8B99DED021B9DED000B00F0E9FA51EC99
:104A4000100BE7E79DED021B9DED000B00F0A8FBAE
:104A500053EC102B104603F10041DBE79DED021BE8
:104A60009DED000B00F0D4FAF2E79DED021B9DEDE9
:104A7000000B012000F094FBE1E700BFAFF30080E2
:104A80000000000000000000FB21E93FFFFFEF7F76
:104A90001FB553EC102B264823F00041814207D864
:104AA0009FED211B002005B05DF804EB00F078BB02
:104AB0002048814208D910461946DBF7F5FB41EC46
:104AC000100B05B05DF804FB684601F071FA00F0C8
:104AD000030001280CD0022811D0E8B99DED021B7B
:104AE0009DED000B012000F05BFB51EC100BE6E7A5
:104AF0009DED021B9DED000B00F08AFAF5E79DEDA0
:104B0000021B9DED000B012000F04AFB53EC102B23
:104B1000104603F10041D2E79DED021B9DED000B15
:104B200000F076FAF2E700BF00000000000000008D
:104B3000FB21E93FFFFFEF7F08B52DED028BB0EEC3
:104B4000408A01F0D9FCB4EE488AF1EE10FAF0EE9A
:104B5000408A15D6B0EE480A00F09EF8F7EE007ACB
:104B6000B4EEE70AF1EE10FA0ADD04F05BFEBDECEC
:104B7000028B21230360BDE80840044800F0E6B83A
:104B8000B0EE680ABDEC028B08BD00BF8DDD0208E7
:104B900001F098BD08B52DED028BF0EE408AB0EE25
:104BA000608A01F02FFEF4EE488AF1EE10FA0CD67E
:104BB000DFED078AB4EE688AF1EE10FA05D104F051
:104BC00031FE88EEA80A21230360BDEC028B08BDEC
:104BD0000000000008B52DED028BB0EE408A00F019
:104BE00095F9B4EE488AF1EE10FA0CD6DFED078A9B
:104BF000B4EEE88AF1EE10FA05D504F013FE88EE63
:104C0000A80A21230360BDEC028B08BD0000000050
:104C100010EE103A07B51E4A23F00043934206D81F
:104C2000DFED1C0A03B05DF804EB01F0C5BBB3F186
:104C3000FF4F04D330EE400A03B05DF804FB684632
:104C400001F062FE00F00300012809D0022810D014
:104C5000B0B9DDED010A9DED000A01F0ADFBEBE717
:104C6000DDED010A9DED000A01F0FEFBB1EE400A08
:104C7000E2E7DDED010A9DED000A01F09DFBF5E79D
:104C8000DDED010A9DED000A012001F0EDFBD3E707
:104C9000D80F493F0000000010EE103A23F0004307
:104CA00000EE103A7047000010EE103A07B51F4AA8
:104CB00023F00043934207D8DFED1D0A002003B024
:104CC0005DF804EB01F0D0BBB3F1FF4F04D330EE3D
:104CD000400A03B05DF804FB684601F015FE00F0E1
:104CE000030001280AD002280FD0C0B9DDED010A67
:104CF0009DED000A012001F0B7FBEAE7DDED010AB6
:104D00009DED000A01F058FBE3E7DDED010A9DEDA2
:104D1000000A012001F0A8FBB1EE400AD9E7DDED61
:104D2000010A9DED000A01F047FBF5E7D80F493F66
:104D30000000000082B08DED000B019840F00040B3
:104D400000F58010C00F02B0704700009FED010A0F
:104D5000704700BF0000C07F2DE9F84F684A55EC4E
:104D6000104BAA432B46214610D122462046294605
:104D7000DBF752FC02460B4620462946DBF796FA43
:104D800004460D4645EC104BBDE8F88F002D0EDCB7
:104D900025F000422243F5D09DB122462046294607
:104DA000DBF782FA02460B46DBF760FDE8E72A15DF
:104DB00015D1002009E0CB0A153A4905002BFAD09D
:104DC000F7E72A46FAE75B000130DC02FBD5441E18
:104DD000121BC0F1200421FA04F423438140C3F3E1
:104DE0001303A2F2FF3543F48013D2075CBF5B00CC
:104DF00003EBD1734FEA430358BF4900002603EB8E
:104E0000D1736D104900162032464FF40014171963
:104E10009F42DEBF3A19DB1B3619CF0F013807EB73
:104E200043034FEA41014FEA5404F0D104462027DE
:104E30004FF0004C9A4200EB0C0E02DB13D18E4572
:104E400011D8BEF1000F0EEB0C0042DA002840DB57
:104E500002F101089B1A8E4588BF03F1FF33A1EBD5
:104E60000E01644442464FEAD17E013F0EEB4303FC
:104E70004FEA41014FEA5C0CDCD119431BD0DFF84B
:104E800084A0DFF884B0DAE90001DBE90023DBF776
:104E90000BFADAE9008902460B4640464946DBF741
:104EA00037FE40B1B4F1FF3FDAE90001DBE900234E
:104EB00011D101363C4672106308F10702F17F52AE
:104EC00002F5001248BF43F0004302EB05511846BB
:104ED00056E79046BEE7DBF7E9F9DAE900890246D2
:104EE0000B4640464946DBF709FE20B1A01C08BF2F
:104EF00001360234DFE7631C23F00104DBE700BF67
:104F00000000F07FC0020020B8020020B1EEC00A0D
:104F1000704700000000000051EC100BC1F30A5371
:104F20002DE9F041A3F2FF36132E0C4605468046CC
:104F300034DC002E17DA32A3D3E90023DBF7B6F90D
:104F400000220023DBF7F8FD50B1002C55DA24F0E5
:104F500000442C430025AC422B4C08BF4FF00044CA
:104F60002146284623E0294F374101EA070303433E
:104F70001DD023A3D3E90023DBF798F900220023F7
:104F8000DBF7DAFD0028EBD0002CBEBF4FF4801316
:104F90003341E41824EA07040025E1E7332E0ADD53
:104FA000B6F5806F03D102460B46DBF77FF941EC83
:104FB000100BBDE8F081A3F213434FF0FF37DF4041
:104FC0000742F4D00EA3D3E90023DBF76FF90022E8
:104FD0000023DBF7B1FD0028C2D0002C0ADA142E22
:104FE00001D1013406E0C6F134060123B3401D446B
:104FF0004545F6D325EA0705B2E700252C46AFE77D
:105000009C7500883CE4377E0000F0BFFFFF0F0076
:105010002DE9F74F57EC106B27F00048B8F1795F96
:105020008DED001B06D230463946DBF7A5FD002882
:1050300000F0888032463B4630463946DBF7ECFAD2
:10504000514B002204460D46DBF7E6FA40A3D3E9B4
:10505000002382468B4620462946DBF7DDFA3EA335
:10506000D3E90023DBF722F922462B46DBF7D4FAFB
:105070003BA3D3E90023DBF717F922462B46DBF7E6
:10508000CBFA39A3D3E90023DBF710F922462B46EC
:10509000DBF7C2FA36A3D3E90023DBF705F9224692
:1050A0002B46DBF7B9FA34A3D3E90023DBF7FEF88C
:1050B00022462B46DBF7B0FA22462B46DBF7ACFA4A
:1050C000DDE9002304460D4630463946DBF7A4FAF5
:1050D0000B46024629462046DBF7E6F82B4B98455F
:1050E00006460F4610D802460B4650465946DBF797
:1050F000DBF80B46264902460020DBF7D5F841ECE9
:10510000100B03B0BDE8F08F224B214998458CBFAE
:10511000214DA8F50015002422462B460020DBF780
:10512000C3F82246804689462B4650465946DBF74F
:10513000BBF832463B46DBF7B7F802460B46404623
:105140004946DAE79FED0E0BDBE700BFAFF30080C7
:10515000D43888BEE9FAA8BDC4B1B4BD9EEE213EE4
:10516000AD529C804F7E923E9015CB19A001FA3E25
:105170007751C1166CC1563F4C5555555555A53FF5
:10518000000000000000F03F0000E03F3233D33F5A
:105190000000F03F0000E93F0000D23F00000000A7
:1051A0002DE9F04F55EC104B25F0004385B0B3F1DD
:1051B000795F8DED021B804605D220462946DBF73C
:1051C000DBFC002852D022462B4620462946DBF73E
:1051D00023FA82468B4602460B4620462946DBF7D9
:1051E0001BFA42A3D3E90023CDE9000150465946FA
:1051F000DBF712FA3FA3D3E90023DBF755F8524659
:105200005B46DBF709FA3DA3D3E90023DBF74EF851
:1052100052465B46DBF700FA3AA3D3E90023DBF7FB
:1052200043F852465B46DBF7F7F938A3D3E900238E
:10523000DBF73CF806460F46B8F1000F1BD10246DB
:105240000B4650465946DBF7E7F925A3D3E900237F
:10525000DBF72AF8DDE90023DBF7DEF902460B462F
:1052600020462946DBF722F804460D4645EC104B54
:1052700005B0BDE8F08FDDE902011B4B0022DBF732
:10528000CBF93246804689463B46DDE90001DBF733
:10529000C3F902460B4640464946DBF705F852463D
:1052A0005B46DBF7B9F9DDE90223DAF7FDFF0CA372
:1052B000D3E9002306460F46DDE90001DBF7ACF930
:1052C00002460B4630463946DAF7F0FF02460B46F7
:1052D00020462946DAF7E8FFC6E700BFAFF30080B3
:1052E000495555555555C53F0000E03F7CD5CF5A2F
:1052F0003AD9E53DEB9C2B8AE6E55A3E7DFEB15757
:10530000E31DC73ED561C119A0012A3FA6F81011BF
:105310001111813F53EC112B23F0004C2DE9F04784
:1053200052EA0C0451EC100B1E46174696460CD060
:10533000774C21F00048A045894606D85442754D67
:1053400014434CEAD474AC4209D9DBF765F9024640
:105350000B46DBF78BFA41EC100BBDE8F087E0451C
:105360008246044601F0004509DCF4DB8242F2D8B3
:1053700005D1694B03EB1573D3E90001EBE7654AEF
:1053800019EA020F48D1B8F1000F3DD163495346E5
:10539000002B36DC16424FD1BCF1000F44D15F4ADE
:1053A0003B46002B3DDC5E4881424ADBC9F31303D8
:1053B00043F480135A48824257DBC6F3130646F47F
:1053C0008016891A981BA4EB0E07002962D1744538
:1053D00038BF00F1FF300028A4BF3C46034653EA23
:1053E0000401C6D0B3F5801F69DB4D498A426CDBEE
:1053F000A3F580132B4302F2FF3243EA0251204609
:10540000A9E701395B00C3E745494FEAC823002BF0
:10541000C0DD01395B00FAE74FEA2851A1F2FF3104
:10542000B8E7013A5B00BCE73D4A4FEACC23002BCA
:10543000B9DD013A5B00FAE74FEA2C52A2F2FF32E3
:10544000B1E7401A1F280ADC01F21E4308FA00F8EF
:105450002AFA03F343EA08030AFA00F4AAE7314BF5
:105460005B1A0AFA03F30024A4E7801A1F280ADC57
:1054700002F21E460CFA00FC27FA06F646EA0C0673
:1054800007FA00FE9DE7274EB61A07FA06F64FF018
:10549000000E96E7744538BF00F1FF30002805DAAA
:1054A000E00F00EB4303640001398BE750EA070388
:1054B0003FF45FAFFB0F03EB40037C00F4E7E10F29
:1054C00001EB43036400013A8CE7891A14290ADCD2
:1054D00002F21E4203FA02F2CC4022430B4143EA9D
:1054E0000501104637E71F2907DC02F21E42CC40B7
:1054F00003FA02F222432B46F1E7C2F17F4202F5A2
:105500007F0202F57B42E23243FA02F2F3E700BF88
:10551000FFFFEF7F0000F07F10D50208EDFBFFFFDB
:1055200002FCFFFFE2FBFFFF2DE9F04F91B08DED94
:10553000001BDDE9001929F0004A5AEA010057EC86
:10554000106B13D1B31987F4002252419842984B43
:10555000934180F0EA84DDE9002330463946DAF7EA
:10556000A5FE41EC100B11B0BDE8F08F914A27F079
:10557000004890453D46334606D801D1002EEAD179
:10558000924501D80ED169B105F1404505F5801568
:105590001D43E0D1DDE90032DB1882F400225241E4
:1055A0009D42D4E7002DC3463ADA834A92454DD84E
:1055B000A2F15472924540F2C7844FEA2A52A2F2F5
:1055C000FF32142A0FDDC2F1340221FA02F404FA88
:1055D00002F28A4240F0B88404F00104C4F10204EB
:1055E000002958D10EE0002954D1C2F114024AFA20
:1055F00002F404FA02F2524540F0A38404F00104DC
:10560000C4F102046D4A92452ED1B9F1000F80F227
:1056100094846A4932463B460020DBF727F9A0E72D
:105620000024C1BB634A9245ECD108F1404202F527
:1056300080121A4300F07984614B984508D9B9F17A
:10564000000FC0F27684DDE900018AE70224E8E772
:10565000B9F1000F4FF000004FF0000181DADDE9F1
:10566000000303F100417CE7B9F1804F06D13246D7
:105670003B4630463946DAF7CFFF72E7514A91454B
:1056800009D1002D07DB47EC106B11B0BDE8F04FDE
:10569000FFF762BB002447EC106B029300F084FE1E
:1056A000029B51EC100B53BB444B25F040429A42F5
:1056B00002D0B8F1000F22D1B9F1000F05DA02468D
:1056C0000B4600203D49DBF7D1F8002DBFF649AF6E
:1056D00008F1404808F5801858EA040808D1024645
:1056E0000B4610461946DAF7DFFD02460B4694E7F3
:1056F000012C7FF436AF01F10043194631E7EB0F7F
:10570000013B53EA040202D132463B46E9E7013C41
:105710001C4316D09FED227BBAF1844F8DED027BA6
:1057200040F21281284B9A45254B16D998450BD843
:10573000B9F1000F0BDA002011B0BDE8F04F01F015
:105740009BBB9FED197BE7E7B9F1000FF3DC00206D
:1057500011B0BDE8F04F01F087BB98450CD2DDE9F0
:10576000020100220023DBF7C9F9003818BF01202D
:10577000B9F1000FECDADFE7104B98454FF000026B
:1057800024D9DDE902010023DBF7B8F9003818BF9E
:105790000120B9F1000FCFDCDAE700BFAFF30080E2
:1057A000000000000000F03F000000000000F0BF1B
:1057B0000000F0FF0000F07FFFFF3F430000F03FDC
:1057C000FFFFEF3F0000E03F0000F0435A4BDAF7E5
:1057D0006BFD51A3D3E9002304460D46DAF71CFF05
:1057E0004FA3D3E9002306460F4620462946DAF7A1
:1057F00013FF524B82468B46002220462946DAF799
:105800000BFF02460B4648A1D1E90001DAF74CFD37
:1058100022462B46DAF700FF02460B460020484995
:10582000DAF742FD2246804689462B462046294625
:10583000DAF7F2FE02460B4640464946DAF7ECFE3E
:105840003BA3D3E90023DAF7E7FE02460B465046B6
:105850005946DAF729FD02460B468046894630460E
:105860003946DAF723FD002432463B4620460D46F2
:10587000DAF71AFD02460B4640464946DAF714FDB0
:10588000DDE90023CDE9042300230493DDE904AB23
:1058900006460F4652465B46DDE90001DAF704FD95
:1058A00022462B46DAF7B8FEDDE90023804689461A
:1058B00030463946DAF7B0FE02460B4640464946C6
:1058C000DAF7F4FC52465B4606460F462046294668
:1058D000DAF7A2FE0B460246804689463046394634
:1058E000DAF7E4FC174B994204460D468A468B468C
:1058F00040F3EF8201F13F4303F5E003034300F07F
:10590000E881DDE9020100220023DBF7F7F8003827
:1059100018BF012010E700BF000000604715F73FE7
:1059200044DF5DF80BAE543E555555555555D53FA2
:10593000FE822B654715F73F0000F03F0000D03F87
:105940000000E03FFFFF8F40D54B2B4000222BB9DA
:10595000D44BDAF761FE6FF034028B464FEA2B53DB
:10596000A3F2FF3313440A93CF4BCBF3130B4BF04B
:105970007F559B4545F4401508DDCC4B9B4540F3D6
:10598000A5810A9B01330A93A5F580154FF0000A03
:105990004FEACA030B93C64B03EBCA0393ED007B9C
:1059A000294653EC172B8DED067BCDE90801DAF77C
:1059B0007BFCDDE9082306460F46DDE90601DAF740
:1059C00075FC02460B460020BA49DAF74FFFCDE9D5
:1059D0000C0102460B4630463946DAF71DFECDE98A
:1059E0000401DDE904BC6D1045F000554FF0000BDB
:1059F00005F500256146002205EB8A435846E1463D
:105A0000CDE90EBC14461D46DAF706FE02460B46EB
:105A100030463946DAF748FCDDE9062306460F46EC
:105A200020462946DAF740FC02460B46DDE908012C
:105A3000DAF73AFC5A464B46DAF7EEFD02460B46D9
:105A400030463946DAF730FCDDE90C23DAF7E4FDBD
:105A5000DDE90423CDE9060110461946DAF7DCFD3D
:105A60007DA3D3E9002304460D46DAF7D5FD7CA3D8
:105A7000D3E90023DAF71AFC22462B46DAF7CCFDED
:105A800079A3D3E90023DAF711FC22462B46DAF793
:105A9000C3FD77A3D3E90023DAF708FC22462B469F
:105AA000DAF7BAFD74A3D3E90023DAF7FFFB224645
:105AB0002B46DAF7B1FD72A3D3E90023DAF7F6FB40
:105AC000224606460F462B4620462946DAF7A4FD15
:105AD00002460B4630463946DAF79EFD5A460446E2
:105AE0000D464B46DDE90401DAF7E0FBDDE906236C
:105AF000DAF792FD22462B46DAF7D8FB5A46CDE973
:105B000008014B4658464946DAF786FD6A4B0022A3
:105B100006460F46DAF7CAFBDDE90823DAF7C6FBCB
:105B2000D846DDE90EBC0D465A460B46404649466E
:105B3000CDE90CBCDAF770FD5C46804689465E4BC9
:105B4000002220462946DAF7AFFB32463B46DAF719
:105B5000ABFB02460B46DDE90801DAF7A5FBDDE900
:105B60000423DAF759FD224606460F462B46DDE9A7
:105B70000601DAF751FD02460B4630463946DAF7A0
:105B800095FB06460F4602460B4640464946DAF765
:105B90008DFBDDE90CBC3CA3D3E900235846CDE9DD
:105BA00008BC0D46DAF738FD5C46CDE904014246F3
:105BB0004B4620462946DAF777FB02460B4630462D
:105BC0003946DAF771FB32A3D3E90023DAF724FD73
:105BD00031A3D3E9002306460F4620462946DAF7CB
:105BE0001BFD02460B4630463946DAF75FFB0B9A3F
:105BF000324B1344D3E90023DAF758FBCDE9060111
:105C00000A98DAF79FFC0B9A2D4B1344D3E90089CD
:105C10000646DDE906230F46DDE90401DAF746FB17
:105C200042464B46DAF742FB32463B46DAF73EFB4A
:105C3000DDE908BC32463B4658460D46DAF734FBF0
:105C400042464B46DAF730FBDDE90423DAF72CFB5A
:105C50005C46024636E000BFEF4E454A287ECA3F0A
:105C600065DBC9934A86CD3F01411DA96074D13FD0
:105C70004D268F515555D53FFFAB6FDBB66DDB3FE2
:105C8000033333333333E33F000000E009C7EE3F13
:105C9000FD033ADC09C7EE3FF5015B14E02F3EBE81
:105CA0000000F07F000040438E98030079B60B009F
:105CB00040D502080000F03F0000084020D502084F
:105CC00030D502080B46DDE90601D7E54FF0010AA1
:105CD0005EE6B4A3D3E9002330463946DAF7E6FAA4
:105CE0004246CDE900014B4620462946DAF7DCFA68
:105CF00002460B46DDE90001DAF71EFF00287FF4BB
:105D000000AE4FEA2A5A4FF48013AAF2FE3A43FA41
:105D10000AFADA44CAF30A519D48A1F2FF31084158
:105D200000EA0A03CAF3130AC1F114014AF4801A03
:105D30004AFA01FABBF1000F404649464FF0000213
:105D4000B8BFCAF1000ADAF7AFFA80468946324690
:105D50003B4640464946DAF7A9FA00247CA3D3E93A
:105D6000002320460D46DAF757FC4246CDE90001F4
:105D70004B4620462946DAF797FA02460B4630464C
:105D80003946DAF791FA74A3D3E90023DAF744FC31
:105D900073A3D3E900238046894620462946DAF7D3
:105DA0003BFC02460B4640464946DAF77FFA04467A
:105DB0000D4602460B46DDE90001DAF777FADDE928
:105DC000002380468946DAF76FFA02460B462046E2
:105DD0002946DAF769FA424606460F464B464046E0
:105DE0004946DAF719FC60A3D3E9002304460D46BF
:105DF000DAF712FC5EA3D3E90023DAF755FA22465C
:105E00002B46DAF709FC5CA3D3E90023DAF74EFA54
:105E100022462B46DAF700FC59A3D3E90023DAF730
:105E200043FA22462B46DAF7F7FB57A3D3E90023C0
:105E3000DAF73CFA22462B46DAF7EEFB02460B462F
:105E400040464946DAF730FA04460D4602460B460C
:105E500040464946DAF7E0FB0022CDE900014FF069
:105E6000804320462946DAF71FFA02460B46DDE951
:105E70000001DAF7FBFC324604460D463B4640463D
:105E80004946DAF7C9FB32463B46DAF70FFA0246D3
:105E90000B4620462946DAF707FA42464B46DAF720
:105EA00003FA0B4602463B490020DAF7FDF941ECC4
:105EB000100B10EE903A03EB0A53B3F5801F30DA63
:105EC000504600F025FF51EC100BDDE90223FFF7EF
:105ED000D2BB314C21F00043A3421AD92F4B0B44C3
:105EE000034309D0DDE9020100220023DAF706FEB0
:105EF000003818BF01202BE442464B46DAF7D4F9AC
:105F000032463B46DAF70EFE0028EBD1DFF89CA0C4
:105F1000F7E69A46224B9A453FF6F3AEDDF810A01D
:105F200015E751EC100B1946CFE71A490020FFF78F
:105F300018BB00200021FFF714BB30463946FFF79D
:105F400010BB0C46FFF75EBB0024FFF749BB00BF48
:105F500000000000432EE63FEF39FAFE422EE63FF6
:105F6000396CA80C615C20BED0A4BE726937663E55
:105F7000F16BD2C541BDBB3E2CDE25AF6A56113F49
:105F800093BDBE166CC1663F3E5555555555C53F30
:105F90000000F0FF0000F03FFFCB904000346F3F67
:105FA0000000E03FFE822B654715973C00CC9040F7
:105FB0002DE9F04F57EC106BC54B8DB027F0004822
:105FC00098450446049707D80022002380ED000B73
:105FD000C0E90223002528E0BE4B984578D8049BF1
:105FE000BD4D002B3046ACA3D3E90023394638DD44
:105FF000DAF75AF9A84506460F461AD0A8A3D3E9FE
:106000000023DAF751F902460B46804689463046AE
:106010003946DAF749F9A2A3D3E90023DAF744F9BC
:10602000C4E90089C4E90201012528460DB0BDE894
:10603000F08F9DA3D3E90023DAF736F99CA3D3E9C7
:10604000002306460F46DAF72FF902460B46804634
:10605000894630463946DAF727F995A3D3E9002374
:10606000DCE7DAF723F9A84506460F4618D08CA3DB
:10607000D3E90023DAF71AF902460B46804689462F
:1060800030463946DAF710F985A3D3E90023DAF769
:106090000DF94FF0FF35C4E90089C4E90201C4E7F6
:1060A00081A3D3E90023DAF701F981A3D3E900231F
:1060B00006460F46DAF7FAF802460B46804689464E
:1060C00030463946DAF7F0F879A3D3E90023DEE762
:1060D000824B984500F2D18000F066F957EC106BC6
:1060E00075A3D3E9002330463946DAF795FA7C4B9D
:1060F0000022DAF7DBF8DAF73FFD0546DAF722FA95
:1061000002460B46CDE9022363A3D3E90023DAF765
:1061100083FA02460B4630463946DAF7C5F860A3E3
:10612000D3E9002382468B46DDE90201DAF774FAEF
:106130001F2D06460F460CDC6A4B6A1E53F82230B0
:10614000434506D032463B4650465946DAF7ACF84E
:106150000EE03B46324650465946DAF7A5F84FEA7C
:1061600028530593C1F30A53C3EB1853102B02DCD9
:10617000C4E9000139E04CA3D3E90023DDE90201C1
:10618000DAF74AFA06460F4602460B46504659468B
:10619000DAF78AF802460B46804689465046594649
:1061A000DAF782F832463B46DAF77EF840A3D3E9C5
:1061B000002306460F46DDE90201DAF72DFA3246E2
:1061C0003B46DAF771F802460B4606460F46404654
:1061D0004946DAF769F8059AC1F30A53D31A312B05
:1061E00020DCC4E90001C246CB46D4E90089504610
:1061F00042464B465946DAF757F83B463246DAF7FD
:1062000053F8049B002BC4E90201BFF60EAF09F15D
:106210000043636001F10043C4F80080A060E360C4
:106220006D4202E726A3D3E90023DDE90201DAF794
:10623000F3F906460F4602460B4640464946DAF752
:1062400033F802460B4682468B4640464946DAF70B
:106250002BF832463B46DAF727F81BA3D3E9002395
:1062600006460F46DDE90201DAF7D6F932463B462B
:10627000DAF71AF806460F4664E71B4B984535D9FE
:1062800032463B4630463946DAF70EF8C4E9020199
:10629000C4E900019EE600BF00004054FB21F93F25
:1062A0003163621A61B4D03D0000601A61B4D03D20
:1062B0007370032E8A19A33B83C8C96D305FE43F16
:1062C0000000002E8A19A33BC14920259A837B39FF
:1062D000FB21E93F7BD90240FB21F93FFB213941FA
:1062E0000000E03F50D50208FFFFEF7F4FEA28553E
:1062F000A5F21645A8EB055130460F46DAF73CFCEF
:10630000DAF720F902460B4630463946CDE9062336
:10631000D9F7CAFF224B0022DAF77EF90F4606466C
:10632000DAF72AFCDAF70EF902460B463046394610
:10633000CDE90823D9F7B8FF194B0022DAF76CF939
:10634000CDE90A010DF130094FF0030800260027BE
:1063500079E9020132463B46C24608F1FF38DAF7D6
:10636000C3FB0028F4D10F4B0193022300932A466C
:106370005346214606A800F087FD049B002B0546E6
:10638000BFF653AED4E9002101F10043C4E9002374
:10639000D4E9022101F10043C4E9022340E700BF30
:1063A00000007041D0D5020851EC100B024621F0DC
:1063B000004343EC102B704710EE103A23F00043DB
:1063C000B3F1485FF0EE406AB7EE000A04D2FDEE8A
:1063D000E67A17EE902A42B326EEA67ADFED1A7A15
:1063E0009FED1A6A1A4AA7EE276A9342DFED197ADF
:1063F000E6EE077A9FED186AA7EE876ADFED177A57
:10640000E6EE077A9FED166AA7EE876A60EEE60A67
:1064100026EE076AF6EE007AE7EE060A67EE277ABE
:1064200004D877EEE07A30EE670A70470D4A93425F
:106430009ABF03F17F4307EE103AB5EE027A30EED1
:10644000470A77EEC77AECE74ED747ADF6740F31BF
:106450009999993E7CF293B4010DD037610BB6BA8D
:10646000ABAA2A3D0000483F10EE103A23F000434B
:10647000B3F1485F04D2FDEEC07A17EE903A5BB3F9
:1064800020EE007ADFED157A9FED156AA7EE276AF8
:10649000DFED147AE6EE077A9FED136AA7EE876ABE
:1064A000DFED127A60EE076AE6EE077A30B99FED0B
:1064B000106AA7EE276AA6EE260A704767EEE67A0C
:1064C000B6EE006AE0EE867AD7EE870ADFED097A4B
:1064D000E6EEA70A30EE600A704700BFD3C92E2F40
:1064E000342FD7B21BEF3836010D50B98988083CDC
:1064F000ABAA2ABEABAA2A3E38B510EE105A25F038
:106500000044B4F17E5F2DED048B0CD1DFED5D7A9C
:106510009FED5D7A60EE277AE0EE077AB0EE670ACB
:10652000BDEC048B38BD04D970EE407A87EEA70A23
:10653000F6E7B4F17C5FF7EE008A0BD2B4F1485F66
:1065400052D2DFED527A70EE277AF4EEE87AF1EE6D
:1065500010FAE5DCFEF7A0FB38EEC08AF6EE007A12
:1065600028EE278A9FED4A7ADFED4A7A9FED4A9A14
:10657000A8EE277ADFED497AE7EE087A9FED487AB0
:10658000A7EE887ADFED477AE7EE087A9FED467A44
:10659000A7EE889ADFED457AE8EE077A9FED447A18
:1065A000A7EE887ADFED437AE7EE087AB0EE480A84
:1065B000E7EE888AFEF7AAFC3F4B29EE089A9C4238
:1065C00089EE286AF0EE006A3DD9A0EE060ADFEDFA
:1065D0003B7AE0EE267A9FED2C0A30EE670A002D1A
:1065E000D8BFB1EE400A9BE760EE007ADFED296A82
:1065F0009FED277A9FED2C6AA7EEA67ADFED276A3A
:10660000E7EE276A9FED267AA6EEA77ADFED256AE8
:10661000E7EE276A9FED207AA6EEA77ADFED236AE0
:10662000E7EE866A9FED226AA6EEA76ADFED216A91
:10663000E6EE276A27EE277AE6EEA78AC7EE287AE3
:10664000A0EE270A6CE710EE103A23F47F6323F0E4
:106650000F0307EE103AA7EE478A70EE005A30EEAD
:10666000070ADFED087A88EE005A9FED150AE5EE7D
:10667000667AD5EE867AB0EE406AA7EE666A77EE65
:10668000C67AAAE72EBD3BB3DB0FC93FCAF24971F8
:10669000047F4F3A08EF1138ABAA2A3E461124BDB9
:1066A000A80A4E3E90B0A6BE2EC69D3D613330BFB7
:1066B0002D57014039D119C09999793F2EBD3B33EF
:1066C000DB0F493F10EE902A22F00041B1F1FF4F5D
:1066D00010B5F0EE407A06D810EE100A20F0004314
:1066E000B3F1FF4F04D977EEA07AB0EE670A10BD80
:1066F000B2F17E5F03D1BDE8104000F035BA9417C7
:1067000004F0020444EAD07443B9022C5ED09FED39
:10671000347A032C08BFF0EE477AE6E741B9DFEDA3
:10672000317A9FED317A0028B8BFF0EE477ADCE786
:10673000B1F1FF4F10D1B3F1FF4F04F1FF3407D196
:10674000022C46D8294B03EB8403D3ED007ACCE727
:10675000022C41D8264BF6E7B3F1FF4FDFD05B1A8E
:10676000B3F1F45F4FEAE3511ADA002A01DA3C315F
:1067700019DB87EEA00AFEF78FFA00F0F5F9F0EECC
:10678000407A012C12D0022C17D0002CADD09FEDF6
:10679000197A77EE877A9FED187A77EEC77AA4E7B1
:1067A000DFED107AEDE7DFED157AEAE717EE903AC4
:1067B00003F1004307EE903A97E79FED0E7A77EEEC
:1067C000877A9FED0D7A77EE677A8EE7DFED0A7AAA
:1067D0008BE7DFED0B7A88E7DFED087A85E700BF0E
:1067E000DB0F49C0DB0FC93FDB0FC9BFE4D602088E
:1067F000D8D602082EBDBB33DB0F49400000000095
:10680000DB0F493FF0B510EE905A25F00040431ED3
:10681000B3F1FF4F06D210EE103A23F00046B6F166
:10682000FF4F04D360EE200A80EEA00AF0BD86423E
:10683000FCDB03F0004405D1324B03EB547393EDC2
:10684000000AF3E713F0FF4F40D132026FF07D01F1
:10685000002A38DC15F0FF4F3ED107026FF07D02B1
:10686000002F36DA11F17E0FB9BF6FF07D035B1A8E
:10687000C3F3160343F40003B8BF06FA03F312F19F
:106880007E0FB5BF6FF07D05C5F31605AD1A45F453
:106890000000B8BFA840891A1D1A01BB13EA2503DE
:1068A00038BF2B46002BC7D0B3F5000F1FDB12F10A
:1068B0007E0F1FDBA3F500037F32234343EAC2535D
:1068C00000EE103AB2E701395200C1E7F1157F3905
:1068D000C0E7013A7F00C3E7C2157F3AC2E7002D47
:1068E00002DA5B000139D7E7A6D06B00FAE75B005C
:1068F000013AD9E7C2F1FF2202F57F028232134149
:106900002343DDE7F0D60208F0B510EE106A884B9D
:1069100026F000459D4287B0044605D8002380ED4F
:10692000000A4360002022E0824B9D423AD826F0C4
:106930000043002E9FED807A804A23F00F0318DD7C
:10694000934270EE477A09BF9FED7D7ADFED7D6A55
:10695000DFED7D6A77EEC77A37EEE67A77EEC77AB3
:1069600080ED007A77EEE67AC0ED017A012007B07B
:10697000F0BD934270EE077A09BF9FED717ADFEDAB
:10698000716ADFED716A77EE877A37EEA67A77EE75
:10699000C77A80ED007A77EEA67AC0ED017A4FF0E3
:1069A000FF30E4E7694B9D4273D8FEF775F99FED20
:1069B000687AF6EE007AE0EE077AFDEEE77AB8EE56
:1069C000E77A17EE900ADFED5C7AA7EE670A1F28D8
:1069D000DFED5C7A67EE277AB1EE476A70EE676AA0
:1069E00016EE901A09DC5B4A471E26F0004352F867
:1069F000272023F0FF03934207D1C1F3C752C2EB14
:106A0000D552082A4FEAE55314DC216094ED007A50
:106A100030EE470A002E30EE670A84ED010AA6DA4E
:106A2000B1EE477AB1EE400A84ED007A84ED010AB6
:106A300040429CE7DFED425AF0EE406AE6EE256AFE
:106A400070EE667AE6EE257ADFED3F5AD7EE257ACC
:106A500076EEE75A15EE902AC2F3C7515B1A192B4E
:106A600004DCC4ED005AB0EE660ACFE7DFED3A5A17
:106A7000B0EE660AA6EE250A76EEC07ADFED376A3A
:106A8000E6EE257AD7EE267A30EE677A84ED007A44
:106A9000BCE7B5F1FF4F06D370EE407AC0ED017A46
:106AA000C0ED007A3EE7EA15863AA5EBC25307EE41
:106AB000903ABDEEE77ADFED2A6AB8EEC77A77EE54
:106AC000C77A8DED037A67EEA67ABDEEE77AB8EE67
:106AD000C77A77EEC77A8DED047A67EEA67AF5EE7F
:106AE000407AF1EE10FACDED057A1ED1B5EE407A7E
:106AF000F1EE10FA0CBF012302231A490191022181
:106B0000009103A8214600F017FD002EBFF62FAF1D
:106B1000D4ED007AF1EE677AC4ED007AD4ED017A13
:106B2000F1EE677AC4ED017A82E70323E5E700BF5F
:106B3000D80F493FE3CB1640800FC93FD00FC93F64
:106B4000004435374344353708A3852E800F494329
:106B500084F9223FF8D6020800A3852E32318D2415
:106B60000000804378D7020838B510EE105A25F09F
:106B70000044B4F1A14FF0EE407A10D3B4F1FF4FCE
:106B800004D970EE007AB0EE670A38BDDFED4D7AB9
:106B90009FED4D7A002DC8BFF0EE477AF3E74B4BDF
:106BA0009C4210D8B4F1445F0AD29FED497A30EE8E
:106BB000077AF7EE006AB4EEE67AF1EE10FAE2DC5C
:106BC0004FF0FF3313E0FEF767F8424B9C424FD87B
:106BD000A3F5D0039C4241D8F0EE007ABFEE007AD4
:106BE000A0EE277A002330EE270AC7EE007A5A1C5F
:106BF00027EEA76A9FED387ADFED385A9FED385AB5
:106C000066EE066AE6EE875A9FED367AA5EEA67A1C
:106C1000DFED355AE7EE265A9FED347AA5EEA67AD7
:106C2000DFED335AE7EE265A9FED327AA6EE875A09
:106C30009FED317AA5EE267A9FED305AA7EE265ABF
:106C40009FED2F7AA5EE267A27EE267AA5EE867A94
:106C500027EE877A21D177EEC77A94E7F7EE007AAC
:106C600030EE677A30EE270A0123C7EE007ABEE7DE
:106C7000244B9C420BD8F7EE087AB7EE007AA0EED0
:106C8000277A022370EE676AC6EE877AAFE7BFEE17
:106C9000007AC7EE007A0323A9E71B4A1B4902EBDF
:106CA000830201EB8303D3ED006A37EE667A002D91
:106CB00037EE677AD2ED007A77EEC77AB8BFF1EE99
:106CC000677A60E7DB0FC9BFDB0FC93FFFFFDF3E1D
:106CD000CAF24971FFFF973FD769853C59DA4B3DAE
:106CE0006BF16EBD356B883D6E2EBA3D2549123E67
:106CF000ABAAAA3E21A215BD95879DBD388EE3BDE6
:106D0000CDCC4CBEFFFF1B40A0DA020890DA02088F
:106D100070B555EC104BC5F30A5106462B4691B998
:106D200025F0004323433DD0354B20462946002221
:106D3000D9F772FC334B9E4204460D460FDA28A366
:106D4000D3E900231EE040F2FF7291420BD12246AC
:106D500020462946D9F7AAFA04460D4622E00B46FA
:106D6000C1F30A5136394CF2503296420DDD002DF6
:106D70001DA1D1E9000102DA1DA1D1E900011AA388
:106D8000D3E90023D9F748FCE6E7721840F2FE7118
:106D90008A42ECDC002A08DD23F0FF4323F4E00301
:106DA00043EA025545EC104B70BD12F1350F08DA7D
:106DB000002D0BA1D1E90001C1DA0FA1D1E9000139
:106DC000BDE723F0FF43363223F4E00343EA0255E4
:106DD00020460D4B29460022D4E700BFAFF30080C8
:106DE00059F3F8C21F6EA5019C7500883CE4377EFC
:106DF0009C7500883CE437FE59F3F8C21F6EA581EC
:106E000000005043B03CFFFF0000903C10B52DED5A
:106E1000028BB0EE408AF0EE608A044602F002FD7A
:106E2000B0EE480AF0EE680ABDEC028B046010BDBB
:106E3000034607B551EC100B83B1024601F1004344
:106E4000CDE90023DDE90023D9F7E6FB41EC100B87
:106E5000222003B05DF804EBFFF7D8BF02460B46D3
:106E6000EEE70000000000009FED010BFFF7E0BF20
:106E700000000000000000109FED010BFFF7D8BFDD
:106E800000000000000000702DE9F04F2DED028B96
:106E9000ADF5197D12F1140F06930491BE4BA49920
:106EA000089053F821300093069B03F1FF33A8BFED
:106EB000D41E0593B2BF0024182394FBF3F46FF0A3
:106EC000170304FB033303EB020B009B059A9FEDB2
:106ED000AE8B03EB0208A59BA71A20AE03EB870934
:106EE0000025454513DD069B20AA02EBC3050DF5E1
:106EF000E07A4FF00008009B984531DC9FEDA27BC3
:106F0000DDF820908DED027B2F4600261BE0EF423E
:106F100007D459F82500D9F715FBE6E80201013539
:106F2000DFE751EC180BF8E7D7E90023F9E8020195
:106F3000D9F772FB02460B46DDE90201D9F7B6F933
:106F4000CDE902010136059B9E42A7F10807EBDD62
:106F50009DED027B08F10108AAEC027B0835CAE727
:106F6000009BDDF800800CAA02EB83030A93A59B2B
:106F700003EB840309934FEAC8030B9398AB03EB2D
:106F8000C80313ED287B8DED027B0CAC70AB03EBDB
:106F9000C805A146C246BAF1000FA5F1080577DC85
:106FA00058469DED020BFFF7B3FE57EC106B002225
:106FB0004FF07F5330463946D9F72EFB41EC100B8A
:106FC000FDF7AAFF754B51EC100B0022D9F724FBFB
:106FD00002460B4630463946D9F766F90F46064653
:106FE000D9F7CAFD0290D9F7ADFA02460B463046F2
:106FF0003946D9F759F9BBF1000F06460F466CDD4B
:1070000008F1FF310CAB029D53F82130CBF1180091
:1070100043FA00F2154482409B1A0CAA029542F8EA
:107020002130CBF1170243FA02F9B9F1000F64DD08
:10703000029B00220133029315466FF07F41904579
:1070400000F3B880BBF1000F07DDBBF1010F00F0CA
:10705000BF80BBF1020F00F0C680B9F1020F4CD126
:1070600032463B464E490020D9F71EF906460F46E8
:10707000002D42D058469FED460BFFF749FE3046A3
:10708000394653EC102BD9F70FF906460F4634E07A
:10709000444B0022DDE90201D9F7BEFAD9F76CFDB5
:1070A000D9F750FA404B002206460F46D9F7B4FAFA
:1070B00002460B46DDE90201D9F7F6F8D9F75CFD87
:1070C000D5E9002349F8040B39463046D9F7EEF8E4
:1070D0000AF1FF3ACDE902015DE707D108F1FF337C
:1070E0000CAA52F823304FEAE3599EE72F4B0022B7
:1070F000D9F718FD002843D18146002200233046ED
:107100003946D9F7F1FC002800F0BF8008F1FF33C1
:10711000002200998B426EDA002A00F0898008F183
:10712000FF380CABABF1180B53F82830002BF6D01E
:1071300058469FED170BFFF7EBFD08F10103DA004E
:10714000059255EC104B70AADFF858B002EBC3075C
:1071500046464FF0000A002E80F2CF804446002CB5
:10716000C0F2FD80124B1F4670AB03EBC4030693C5
:107170004FF0000A4FF0000B0026A8EB0405E2E0F8
:107180004FF0020954E700BF0000000000000000BB
:10719000000000000000F03FF0DA0208000020408C
:1071A0000000F03F0000703E000070410000E03F32
:1071B000B0DA020854F8043B45B923B1C3F1807337
:1071C00044F8043C012301321D4638E7CB1AF7E7A7
:1071D00008F1FF320CAB53F82230C3F316030CA9AD
:1071E00041F8223039E708F1FF320CAB53F8223076
:1071F000C3F31503F3E70CA951F82310013B0A432D
:1072000087E7013453F8042D002AFAD00B9B03F5CD
:1072100018730DEB0305069B20AA434408F10107F0
:10722000983D02EBC3064444BC4204DAA046A2E601
:107230000A9B0124E6E7099B53F82700D9F782F956
:107240009FEDB17BE6E802018DED027BDDF8209039
:10725000B2464FF00008059B984505DD9DED027B89
:107260000137A5EC027BDFE77AE90223F9E80201A6
:10727000D9F7D2F902460B46DDE90201D9F716F833
:1072800008F10108CDE90201E5E7CBF1000047EC88
:10729000106BFFF73DFD55EC104B9D4B0022204637
:1072A0002946D9F73FFC00B39A4B002220462946D5
:1072B000D9F7B2F9D9F760FC0646D9F743F9944BF0
:1072C0000022D9F7A9F90B46024629462046D8F7ED
:1072D000EBFFD9F751FC0CAB0BF1180B43F828006E
:1072E00008F1010843F8286022E720462946D9F72B
:1072F00043FC0CAB43F828001AE70CAB53F826000C
:10730000D9F720F922462B46D9F786F9524667E984
:1073100002015B4620462946D9F77EF9013E044624
:107320000D4618E70699F1E802230691F7E80201F5
:10733000D9F772F902460B4650465946D8F7B6FFC0
:10734000013682468B46009B9E4201DCB542E9DA5B
:1073500048AB03EBC505C5E900AB013CFFE6A49BC8
:10736000022B0BDC002B39DC5DD0029B03F0070005
:107370000DF5197DBDEC028BBDE8F08FA49B032BAE
:10738000F3D1059B03F518730DEB0304A4F5A47466
:107390002546C246BAF1000FA5F108056BDC45464B
:1073A000012DA4F1080400F38780059C48AB1C4420
:1073B00000200021B8F1010F00F39C80DDE948783E
:1073C000DDE94A56B9F1000F40F0A680049BC3E9FD
:1073D0000078C3E90256C3E90401C6E7059D48AB3E
:1073E0001D44444600200021002C35DAB9F1000F7D
:1073F00038D0024601F10043049CC4E90023024650
:107400000B46DDE94801D8F74FFF4AAD0124A045FE
:107410002BDAB9F1000F02D001F100431946049BA9
:10742000C3E90201A1E7059C48AB1C4400200021F0
:10743000B8F1000F09DAB9F1000F02D001F10043F1
:107440001946049BC3E900018FE774E90223D8F7CA
:107450002DFF08F1FF38EBE775E90223D8F726FF87
:10746000013CC1E702460B46C6E7F5E80223D8F720
:107470001DFF0134CBE795ED007B8DED007B95ED95
:10748000027BDDE9000153EC172B8DED067BD8F76D
:107490000DFF02460B4606460F46DDE90001D8F710
:1074A00003FFDDE90623D8F701FF0AF1FF3AC5E93A
:1074B0000201C5E900676DE794ED007BD4E902ABFA
:1074C00051EC170B52465B468DED007BD8F7EEFE74
:1074D00002460B4606460F46DDE90001D8F7E4FEFA
:1074E00052465B46D8F7E2FE013DC4E90201C4E919
:1074F000006755E774E90223D8F7D8FE08F1FF3892
:1075000058E700BFAFF3008000000000000000005B
:10751000000070410000703E049B049A1F6008F157
:1075200000445C609D6006F10043D36001F10043BC
:107530001061536119E700BF2DE9F04F2DED048B69
:10754000D9B090460190B94A669818F1040F52F8E4
:1075500020A00F4603F1FF3B27DBB8F1030248BF31
:1075600008F10402D210551C67999FEDB47AE80027
:10757000A2EB0B060290A8EBC5050AEB0B0C1CACAA
:1075800001EB860E0020604511DD1CA901EB830094
:107590000DF588794FF0000CD44527DCDDF804E0C8
:1075A000DFEDA67A0646002416E00022DBE7C6429D
:1075B0005DBF5EF8201007EE901AF8EEE77AF0EE65
:1075C000477AE4EC017A0130DDE7FEEC016A96EDE2
:1075D000007AE6EE877A01345C45A6F10406F4DD14
:1075E000E9EC017A0CF1010C0430D5E708A901EBB4
:1075F0008A0104916799DFED908A9FED8E9A01EBE5
:10760000820203925446A200059258AA02EB840219
:1076100012ED140A44A908AA01EB840094462646F8
:10762000002EA0F104004CDC2846CDE9062300F032
:10763000F5F9B0EE408AB4EE000A28EE000A00F038
:1076400053FAF2EE007AA0EE678A002DDDE90623F8
:10765000FDEEC87A17EE909AF8EEE77A38EE678A70
:1076600041DD04F1FF3C08A9C5F1080E51F82C607A
:1076700046FA0EF0814400FA0EF0361AC5F1070002
:1076800041F82C600641002E3CDD4FF0000E09F160
:1076900001097046744568DC002D03DD012D74D0AE
:1076A000022D7DD0022E2DD1B7EE000A30EE488A91
:1076B00040B32846069300F0B1F9069B38EE408AA5
:1076C00020E060EE287A013EFDEEE77AF8EEE77AF8
:1076D000A7EEC90ABDEEC00AACEC010A90ED000AA3
:1076E00037EE800A9CE705D1601E08A951F820609A
:1076F000F611C8E7F6EE007AB4EEE78AF1EE10FA7A
:1077000031DA0026B5EE408AF1EE10FA40F09880AA
:10771000601E002250454BDA002A65D0013C08ABC0
:10772000083D53F82430002BF8D02846B7EE000A65
:1077300000F074F9631C44AA9FED3F7A990002EBB4
:1077400083022346002B80F2A9802346002BC0F23F
:10775000C78044AA02EB8305DFF8D4C0DFED377A97
:107760000020E21AB1E002268FE752F8041B48B964
:1077700021B1C1F5807142F8041C01210EF1010E06
:10778000084687E7C1F1FF01F5E704F1FF3C08AACD
:1077900052F82C2002F07F0208A941F82C2081E742
:1077A00004F1FF3C08AA52F82C2002F03F02F3E754
:1077B00008A951F8201001380A43ABE7013250F80C
:1077C000046D002EFAD0059901F5B0710DEB0100A2
:1077D000E6181CA904F1010C4C3801EB8606224482
:1077E000624504DA14460EE704980122E7E703999C
:1077F000DDF804E051F82C10059107EE901AF8EE30
:10780000E77A0024E6EC017ADFED0C7AB1465C45BC
:1078100004DDE0EC017A0CF1010CE1E7FEEC016A19
:1078200039ED017A0134E6EE877AF0E72CDB0208C5
:1078300000DB0208000080430000803B00000000E5
:10784000029BB0EE480AA3EB080000F0E7F81FED3A
:10785000077AB4EEC70AF1EE10FA19DB5FED0A7A87
:1078600060EE277A08AAFDEEE77A0835F8EEE77AA7
:10787000A7EEC70AFDEEE77ABDEEC00A10EE103A99
:1078800042F8243017EE903A013442F824304CE7A5
:10789000BDEEC00A08AA10EE103AF6E708A850F8A4
:1078A0002300019007EE900AF8EEE77A013B67EEBD
:1078B000807A20EE070A62ED017A43E7FCEC016A68
:1078C000B5EC017AE6EE877A0130504501DC824260
:1078D000F4DA58A800EB820242ED287A013B35E742
:1078E000669B022B09DC002B2BDC44D009F007003F
:1078F00059B0BDEC048BBDE8F08F669B032BF5D12E
:1079000030AA0B1F13441A4620460028A2F1040295
:1079100052DC2246012AA3F104035DDC30AB5FEDAB
:10792000397A0B44012C67DCDDED306A9DED317A4C
:10793000002E67D1C7ED006A87ED017AC7ED027AA4
:10794000D4E730AB1FED437A0B442246002A24DAF9
:107950004EB3F1EE477AC7ED007ADDED307A77EE7F
:10796000C77A31AA01239C4220DA0EB1F1EE677A80
:10797000C7ED017ABAE730AB5FED507A0B44002CCB
:1079800005DA0EB1F1EE677AC7ED007AAEE733EDB6
:10799000017A013C77EE877AF1E773ED017A013ADB
:1079A00037EE277AD2E7F0EE477AD4E7B2EC017AE5
:1079B000013377EE877AD6E7D2ED007AD2ED016A0D
:1079C00037EEA67A013877EEC77A82ED007A77EE45
:1079D000A67AC2ED017A98E7D3ED007AD3ED016A79
:1079E00037EEA67A013A77EEC77A83ED007A77EE22
:1079F000A67AC3ED017A8DE733ED017A013C77EE8B
:107A0000877A8FE7F1EE666AB1EE477AC7ED006AD2
:107A100087ED017AF1EE677A90E700BF10EE103A39
:107A200033F000422BD0B2F1FF4F02D330EE000A08
:107A3000704713F0FF4F23D1244BDFED257A984296
:107A400020EE270A17DB10EE103AC3F3C752193A9B
:107A50004CF25031884215DDDFED1E7ADFED1E6AF3
:107A600010EE103AB0EE677A002BB8BFF0EE667AEF
:107A700027EE870A7047DFED197A27EE800A7047F4
:107A8000D20DE5E71044FE28E6DC002806DD23F0F1
:107A9000FF4343EAC05300EE103A704710F1160F4F
:107AA00009DADFED0E7ADFED0E6A10EE103AB0EE75
:107AB000677A002BD9E7193023F0FF4343EAC0531C
:107AC0009FED080A07EE903AD7E700BFB03CFFFFF2
:107AD0000000004CCAF24971CAF249F16042A20D9D
:107AE0006042A28D0000003310EE103AC3F3C7527B
:107AF0007F3A162A23F000412BDC002A12DADFED50
:107B0000197A30EE270AB5EEC00AF1EE10FA06DD5A
:107B1000002B24DA0029144B08BF4FF0004300EE7D
:107B2000103A7047114911410B42FAD0DFED0D7A3E
:107B300030EE270AB5EEC00AF1EE10FAEFDD002BA9
:107B4000BEBF4FF4000040FA02F29B1823EA010383
:107B5000E5E7B1F1FF4FE4D330EE000A70470023B0
:107B6000DDE700BFCAF24971000080BFFFFF7F0060
:107B7000002100F005BE70B504460D4645EC104BE3
:107B8000164602F0CFFE51EC100B7EB1C5F30A533E
:107B9000C3F16B03002B09DD1B0503F17F550024A6
:107BA00005F5401522462B46D8F736FD41EC100B63
:107BB00070BD0000000000002DE9F04F9FB00C46A2
:107BC000179200221A9205904FF0000A4FF0000B16
:107BD0000A46199211782B294AD038D80D2932D863
:107BE000082932D800293BD000220B92199D2A780F
:107BF000302A40F0B3806A7802F0DF02582A6ED152
:107C000002930B9B01931AAB00938E4A05981BAB12
:107C100019A901F02DFF10F00F06044605D0062E1D
:107C200028D10135002319950B93179B002B40F0A9
:107C30008E850B9BCBB152460BF1004343EC102BCE
:107C40001FB0BDE8F08F2029CED10132C1E72D2928
:107C5000CAD101210B91511C19915278002AC5D12A
:107C6000179B1994002B40F0708552465B46E5E760
:107C70000021EFE71A9A3AB135211CA802F04CFF17
:107C80001A99059802F01AFB013E1B9A042E06D899
:107C9000DFE806F014031D201400DDE91CABE1054C
:107CA00048BF4BF0004B2BF000431B0D1B05002B76
:107CB000BBD101F0B7FD22230360B6E7DDE91CA3C9
:107CC00002F2334223F4801343EA025BE7E7DFF872
:107CD0007CB1E4E76FF0004B4FF0FF3ADFE7199B10
:107CE0005A1C19925B78302BF9D0002B9DD00123C0
:107CF0000993199B0C93002308930A931F460A22A9
:107D000019980578A5F13003D9B2092928D94E4927
:107D1000012200F014FF002832D000202A468146BC
:107D20003D460346652A01D0452A14D11DB9099A5A
:107D3000024395D00025199C621C199262782B2A67
:107D400077D02D2A7BD04FF0000CA2F13001092909
:107D500040F2828019944FF00008A2E00023C7E7A8
:107D6000082FD5BF0A99089902FB013302FB0133A2
:107D700000F10100D4BF0A93089301371990BFE7BF
:107D8000199B5A1C19925A787FB381463D46A2F13D
:107D90003003092B12D90123C4E7199B5A1C1992ED
:107DA0005A780130302AF8D0A2F13103082B00F2C2
:107DB000D384199B0C93814600200546303A00F18C
:107DC00001032AD0994400EB050C2B460A21634598
:107DD0000DD1691C01442844082816DC0A980A239E
:107DE00003FB00230A93002318E03846DAE7082B48
:107DF00003F1010303DC0A9E4E430A96E7E7102BCA
:107E0000DEBF089E4E430896E1E70F28EBDC08989A
:107E10000A2303FB00230893E5E72946199A501C1F
:107E20001990527818460D46B1E74FF0000901232A
:107E30007DE74FF0000CA21C1992A27885E74FF065
:107E4000010CF8E75CDB020838DB02080000F07F79
:107E5000199A511C19915278302AF9D0A2F13101A6
:107E600008293FF678AF303A0E92199A0F924FF0E8
:107E70000A08199A561C19965278A2F1300EBEF1D2
:107E8000090F39D90F99761A082E44F61F6803DCBA
:107E90000E998845A8BF8846BCF1000F01D0C8F1F3
:107EA0000008002D4ED1099908437FF4BEAE002B87
:107EB0007FF4D6AE692A28D025DC492A25D04E2A5F
:107EC0007FF4CEAE9B4919A801F0F4FF00283FF4DF
:107ED000C7AE199B1B78282B2ED197491CAA19A82D
:107EE00001F0FCFF052827D11D9BDDF870A043F0B1
:107EF000FF4B4BF4E00B98E60E9908FB0121A1F132
:107F000030020E92B5E76E2ADAE78C4919A801F023
:107F1000D1FF00283FF4A4AE199B8949013B19A861
:107F2000199301F0C7FF10B9199B01331993DFF8BA
:107F300020B24FF0000A78E6824801F0B9FC5BEC11
:107F400010AB72E6A8EB09030A980993002F08BF4B
:107F50002F46102D2C46A8BF1024D8F7E3FA092D80
:107F600082468B4613DC099B002B3FF45EAE099BD7
:107F700078DD162B5FDC744901EBC301D1E9000108
:107F800052465B46D8F748FB82468B464DE66E4B21
:107F900003EBC40353E91223D8F73EFB824608984B
:107FA0008B46D8F7BFFA02460B4650465946D8F7DB
:107FB0007DF90F2D82468B46D5DD099B2C1B1C4479
:107FC000002C40F3968014F00F030AD05E4901EBB9
:107FD000C30152465B46D1E90001D8F71DFB82463A
:107FE0008B4634F00F0473D0B4F59A7F48DD00243B
:107FF000A0460A94A146059ADFF854B122231360E3
:108000004FF0000A0A9B002B3FF40FAE1A99059817
:1080100002F054F90598494602F050F90598414696
:1080200002F04CF90A99059802F048F905982146A2
:1080300002F044F9F9E5099AC5F125039342BCDB46
:10804000414CC5F10F0504EBC50152465B46D1E931
:108050000001D8F7E1FA099B5D1B04EBC504D4E9E4
:1080600000238FE71633A8DB374BA9EB080803EB97
:10807000C808D8E9002350465946D8F7F7FB83E7EC
:10808000324B089300232411504659461E46012CBA
:1080900021DC0BB182468B462C49ABF1547B01EBC2
:1080A000C60152465B46D1E90001D8F7B5FA284B24
:1080B0000A460B4027498B42824698D8A1F5801189
:1080C0008B4286BFDFF890B04FF0FF3A02F1547B4D
:1080D000002308937AE0E20705D5089BD3E9002343
:1080E000D8F79AFA0123089A0832013664100892E8
:1080F000CDE7EDD0644214F00F020AD0124B03EB2F
:10810000C20350465946D3E90023D8F7AFFB824655
:108110008B462411DCD01F2C20DD0024A0460A94BD
:10812000A146059A22234FF0000A4FF0000B13607E
:1081300068E700BF43DB020848DB02083ADB0208BD
:108140003DDB02088DDD0208A8DE020880DE0208A1
:108150000000F07F0000A07CFFFFEF7F14F0100311
:1081600018BF6A23A94E0893504659460023E207D8
:1081700004D5D6E90023D8F74FFA0123641006F19D
:108180000806F4D10BB182468B46089BB3B1CBF302
:108190000A52C2F16B03002B59460FDD1F2B55DD30
:1081A000342BDEBF4FF0FF33C2F14B0293404FF050
:1081B000000ACCBF4FF05C7B03EA010B00220023D6
:1081C00050465946D8F790FC0028A6D10A9B009348
:1081D0000C9905982B463A4602F0D8F80A900028E8
:1081E0003FF405AF099A002AA9EB0803A8BF0023B2
:1081F0001293002422EAE2731693A0460A9B059884
:10820000596802F01BF8814600283FF4F4AE0A9B3F
:108210001A69023203F10C0192000C3001F039FBB3
:108220004BEC10AB05981CAA1BA9CDE90CAB02F0D6
:10823000E9FB1A9000283FF4DEAE0598012102F018
:108240003BF9804648B94FF00008D4E64FF0FF32C2
:1082500002FA03F303EA0A0AB0E71B9D1C9A002DF9
:10826000ABBF129B169B169E129FACBFEF185E1BF6
:10827000089BED1A1544664B013D9D42C2F1360242
:1082800050DA5B1B1F2BA2EB03024FF001013DDC18
:1082900001FA03F3139300231093BD18089BAF4218
:1082A00016441E443B46A8BF2B46B342A8BF3346E4
:1082B000002BC2BFED1AF61AFF1A129B002B16DD17
:1082C000414605981A4602F0B7F980460028BAD010
:1082D00001461A9A059802F005F90E9000283FF41D
:1082E0008AAE1A99059801F0E9FF0E9B1A93002DAA
:1082F0001DDC099B002B23DD4946169A059802F0E8
:108300009BF98146E0B94FF0000974E6C5F17F455D
:1083100005F57F0505F57B45E23501FA05F3109378
:108320001391BAE70023109301231393B5E71A9929
:1083300005982A4602F0DAF91A900028D9D15AE6AF
:10834000002E07DD49460598324602F0CFF98146F6
:108350000028D8D0002F08DD414605983A4602F0A3
:10836000C5F9804600283FF446AE1A9905984A465A
:1083700002F044FA044600283FF43DAEC3680F9370
:108380000023C360414602F01DFA002846DA0F9B25
:1083900053EA0A036CD1CBF31303002B68D12BF003
:1083A00000431B0D1B05B3F1D66F61D9636913B987
:1083B0002369012B5CDD21460122059802F096F924
:1083C0004146044602F0FEF9002851DD2BF000433F
:1083D000089A1B0D1B05002A6BD0B3F1D66F68D825
:1083E000B3F15C7F7FF69DAE0A4B504659460022A2
:1083F000D8F712F9084B0B4082468B46002B7FF4CE
:1084000005AE059A2223136000E600BF70DB020868
:1084100002FCFFFF000050390000F07FCDF838B0BB
:1084200065D10F9ACBF313035AB39F4A93422BD1D2
:10843000089B514603B39D4B5A461340B3F1D46F8A
:108440004FF0FF321BD81B0DC3F16B0302FA03F38D
:10845000994219D1964B0E9A9A4202D101313FF4BA
:10846000CAAD924B0E9A1A4002F5801B4FF0000ADB
:10847000089B002BB8D1C9E54FF0FF33E8E713465E
:10848000E6E753EA0A03A1D0109BDBB10E9A134230
:10849000EED00F9B089A50465946BBB1FFF76BFBD5
:1084A000DDE90C0153EC102BD7F700FF82468B4619
:1084B000DEE7A3F580136FEA135B6FEA0B5B4FF007
:1084C000FF3AD5E7139B13EA0A0FE1E7FFF753FBE7
:1084D000DDE90C0153EC102BD7F7E6FE0022002358
:1084E00082468B46D8F700FB0028C1D019E64146EA
:1084F000204602F0DFFA57EC106B00224FF0804369
:1085000030463946D8F704FB00286FD00F9B002B6C
:108510007AD1BAF1000F58D10E9BC3F31303002B8D
:108520005AD1644B002230463946D8F7E7FA002882
:1085300059D130463946604B0022D8F76DF80646CF
:108540000F4607F1004306960793DDE90623574DD2
:10855000CDE910230E9B1D40584B9D4240F0B28048
:108560000E9BA3F1547B4BEC10AB02F0DBF9DDE981
:10857000062351EC100BD8F74FF852465B46D7F75D
:1085800095FE0B4649494E4A19409142824642D9CE
:108590000D9A474B9A4203D10C9B01333FF42BAD0C
:1085A000DFF80CB14FF0FF3A1A99059801F086FEFA
:1085B0000598494601F082FE0598414601F07EFE8D
:1085C0000598214601F07AFE18E6BAF1010F03D1B1
:1085D0000E9B002B3FF4A5AD9FED2B7B354F8DED12
:1085E000067B0026B1E7344F0026AAE7324B30461F
:1085F00039460022D8F710F80F9B06460F46002B8D
:108600009FD0CDE90667A0E79FED217B8DED067B2E
:1086100057EC176B99E703F1547B089BCDF838B002
:10862000002BC1D12BF000431B0D1B059D42BBD17C
:1086300030463946D8F7A0FBD7F7C0FF02460B46B5
:1086400030463946D7F730FE0B460246CDE90C23BB
:10865000CBF313060F9B46EA0A061E436FD00EA308
:10866000D3E90023D8F74AFA00287FF4CFAC0CA353
:10867000D3E90023DDE90C01D8F75EFA002893D096
:10868000C4E400BFAFF30080000000000000F0BFB2
:10869000000000000000F03F9535A094FFFFDF3F91
:1086A00035E5AF350000E03FFFFF0F000000F07F31
:1086B000FFFFEF7F0000F03F0000E03F0000E07FA1
:1086C000FFFF9F7C089B23B3B5F1D46F21D828A36B
:1086D000D3E9002330463946D8F71AFAA0B1394613
:1086E0003046D8F771FA012838BF0120D7F71AFFB2
:1086F0000F9B06460F46FBB901F1004314901593FA
:10870000DDE91423CDE91023119B03F1D6635B1B34
:1087100011939DED0C0BDDE910AB02F003F950460F
:1087200053EC102B5946D7F777FFDDE90C23D7F729
:10873000BDFD82468B4670E7CDE91467E0E70EA3E6
:10874000D3E90023D8F7DAF998E700230B93179AB7
:10875000199B1360FFF76DBA652A3FF466AB452A93
:108760003FF463AB0123FFF79EBB00BFAFF3008074
:108770000000C0FFFFFFDF419535A094FFFFCF3F12
:108780000A4601460248034B0068FFF715BA00BFCE
:1087900048040020DC020020242B2DE9F047864607
:1087A000904601D8012B06D101F03CF81623036056
:1087B0000020BDE8F08734480D462A4615F8014BE5
:1087C000065D16F00806F8D12D2C2DD12C78012647
:1087D000951C33F0100209D1302C2AD12A7802F0EE
:1087E000DF02582A25D16C781023023506F1004C9F
:1087F0000CF1FF3C0022BCFBF3F9104603FB19CA45
:10880000A4F13007092F1BD83C46A34227DD571C93
:1088100007D0814520D301D1A2451DDB00FB0340D9
:10882000012215F8014BEBE72B2C04BF2C78951C8B
:10883000CFE7002BDAD1302C0CBF08230A23D5E771
:10884000A4F14107192F01D8373CDEE7A4F16107F5
:10885000192F04D8573CD8E74FF0FF32E1E7531CFB
:1088600008D12223CEF800306046B8F1000FA0D026
:10887000691E06E006B14042B8F1000F99D0002A07
:10888000F6D1C8F8001094E799DB0208FFF784BF1F
:1088900013460A46014602480068FFF77DBF00BF45
:1088A00048040020002310B50446C0E90033C0E9A5
:1088B0000433836081814366C28183611946082243
:1088C0005C3000F016F90D4B63620D4BA3620D4B4B
:1088D000E3620D4B23630D4B24629C4206D003F1EF
:1088E0006802944202D0D0339C4205D104F1580072
:1088F000BDE8104000F0C0BF10BD00BF698A02088B
:108900008F8A0208C78A0208EB8A020810650120D4
:10891000024A0349034800F069B800BFC8020020BA
:1089200081B302084C04002041680C4B994210B5F9
:10893000044601D002F024FDA168094B994202D0FF
:10894000204602F01DFDE168064B994204D0204606
:10895000BDE8104002F014BD10BD00BF106501203D
:1089600078650120E065012010B50B4B0B4C0C4ADB
:108970001A60204600220421FFF794FF04F16800EA
:1089800001220921FFF78EFF04F1D0000222BDE889
:1089900010401221FFF786BF4866012010650120B4
:1089A00011890208014800F069BF00BF7766012005
:1089B000014800F065BF00BF7766012010B504468E
:1089C000FFF7F0FF236A1BB1BDE81040FFF7F0BFCF
:1089D000044B2362044B1B68002BF5D1FFF7C4FF47
:1089E000F2E700BF29890208486601202DE9F84313
:1089F0000746884614460026D4E90195B9F10109D5
:108A000005D52468002CF7D13046BDE8F883AB8942
:108A1000012B07D9B5F90E30013303D0294638466A
:108A2000C04706436835E9E70EB400B59CB01DABFE
:108A3000029006906FF0004109480791049109499E
:108A400053F8042B05910068019302A902F08AF9FA
:108A5000029B00221A701CB05DF804EB03B0704753
:108A6000480400200802FFFF10B50C46B1F90E10B3
:108A700000F0B4FE0028ABBF636DA3891B1823F47C
:108A80008053ACBF6365A38110BD002070472DE902
:108A9000F0411F468B89DB0505460C46164605D579
:108AA000B1F90E100223002200F086FEA389B4F96A
:108AB0000E1023F48053A38132463B462846BDE87E
:108AC000F04100F09DBE10B50C46B1F90E1000F05B
:108AD00073FE431CA38915BF606523F4805343F4E0
:108AE0008053A38118BFA38110BDB1F90E1000F00F
:108AF00053BE02440346934200D1704703F8011B62
:108B0000F9E7C9B20346184613F8012B12B18A429D
:108B1000F9D17047002918BF0020704770B503468F
:108B20001E4613F8014B44B14A1E01E0A54204D091
:108B300012F8015F002DF9D1F2E7301A70BD10B5BF
:108B40006AB10139841810F8012B11F8013F9A42DB
:108B500003D1A04201D0002AF5D1D01A10BD104691
:108B6000FCE710B50139034632B111F8014F03F8A3
:108B7000014B013A002CF7D11A440021934200D155
:108B800010BD03F8011BF9E72DE9F0414D4A0C46F1
:108B90000023D0E90001D8F787F8002ABCBF02F50E
:108BA000A83202F5C0724FF4616100F52F20B2FBCC
:108BB000F1F301FB13224FF03C01ACBF00F66C2037
:108BC00000F66B20A360B2FBF1F301FB132263609C
:108BD0002260C31C072293FBF2F2C2EBC2029B1A73
:108BE00048BF07330028A361B8BFA0F50E3336494C
:108BF000AEBF90FBF1F1A3F52C7393FBF1F1334B76
:108C000003FB010048F6AC63B0FBF3F3034440F20E
:108C1000B45CB0FBFCF29B1A40F26D172C4AB0FB1F
:108C2000F2F264269B1AB3FBF7F2B3FBFCF3B2FB40
:108C3000F6F5EB1A034407FB1233992003EB830785
:108C4000023703F1010EB7FBF0FC00FB0CF0023021
:108C50004FF00508B0FBF8F0AEEB000040F2F95E13
:108C600077458CBF6FF00907022767444FF4C87C33
:108C70000CFB0121012F98BF0131B3F5997F0CD373
:108C8000A3F59973E361A1F26C710023E060C4E97C
:108C9000047123622046BDE8F08112F0030F02D177
:108CA00006FB15255DB94FF4C875B2FBF5F605FB5B
:108CB0001622B2FA82F252093B331344E2E7012250
:108CC000FAE700BF80510100B13A02004FC5FDFF35
:108CD000B03A0200F7B501683B29044611D93C229D
:108CE000684600F00BFE019A63680099002A0B4465
:108CF0006360BBBF3C3203F1FF3322602260B8BF28
:108D0000636061683B2911D93C22684600F0F6FD9A
:108D1000019AA3680099002A0B44A360BBBF3C32B0
:108D200003F1FF3362606260B8BFA360A1681729D6
:108D300011D91822684600F0E1FD019AE368009914
:108D4000002A0B44E360BBBF183203F1FF33A2607B
:108D5000A260B8BFE36021690B2911D90C226846D3
:108D600000F0CCFD019A63690099002A0B4463610D
:108D7000BBBF0C3203F1FF3322612261B8BF6361D4
:108D800063699A071CD1642193FBF1F201FB123253
:108D9000C2B903F26C734FF4C87293FBF2F102FB99
:108DA0001133002B14BF1C231D23E268002A0BDCA7
:108DB000314D0B206421E668002E30DD03B0F0BD9C
:108DC0001C23F2E71D23F0E72B4DD4E90312012AFF
:108DD00014BF55F8220018468142EFDD0132091A0E
:108DE0000C2AE1602261F0D1636900215A1C2161E3
:108DF000910762613CD1642192FBF1F001FB1022EA
:108E0000002A37D103F26D734FF4C87293FBF2F16D
:108E100002FB1133002B14BF1C231D23D5E722694D
:108E2000013A2261013216D163695A1E9707C4E9DB
:108E3000040219D192FBF1F701FB1722B2B903F238
:108E40006B734FF4C87293FBF2F702FB1733002BDE
:108E500014BF1C231D232269012A14BF55F82220A8
:108E60001A463244E260A6E71C23F4E71D23F2E72A
:108E70001C23AAE71D23A8E7CCDC02082DE9F04F4C
:108E800085B0074602F0FAFA81463846FFF722FF1E
:108E9000D7E900433C2202FB0344BB687D694FF4E1
:108EA000616202FB0344D7E90363C14A52F82320FD
:108EB000013E012B164411DDA9070FD1642295FB59
:108EC000F2F302FB135343B905F26C734FF4C8720B
:108ED00093FBF2F102FB113303B9013605F51C5384
:108EE000103344F620629342FE6100F26781462D02
:108EF00040F38E80462340F26D1C64214FF4C8700D
:108F00009A077FD193FBF1F201FB1232002A7CD148
:108F100003F26C7292FBF0FE00FB1E22002A14BFCB
:108F200062464FF4B77201339D421644E8D1A14B1B
:108F30004FEAE478C6FB034800F0FAF900F004FABF
:108F40009D4B1B68002B00F04081D7F820A078696A
:108F50005346012BA8BF01230193D9F8043000F236
:108F60006C70834240F09680D9E90821D9F850000E
:108F7000D9F84CC0131A0393D9F848300293029AD7
:108F8000D9F8283061EBE07BB2EB030E6CEBE371B8
:108F9000744578EB010280F28580D9F80020002A20
:108FA00000F08D80039A944278EB0B02C0F20A81A4
:108FB000744578EB0101B4BF4FF0010B4FF0000B8B
:108FC000BAF1000F80F28780BBF1010F40F0FF8003
:108FD000D9F850301C1948EBE3784FF0010B00F042
:108FE000ADF90436072396FBF3F3C3EBC303F61A7C
:108FF00000F1DB80C7F820B0BE612046414605B0D5
:10900000BDE8F08F40F26D128DE74FF4B7728AE73A
:109010008DD0452340F26D1C64214FF4C87012E0DE
:1090200062BB93FBF1F201FB123252BB03F26C7292
:1090300092FBF0FE00FB1E22002A14BF62464FF492
:10904000B772B61A013B9D4203F00302E8DBDAB9BE
:10905000642295FBF2F302FB1353C3B905F26C7360
:109060004FF4C87293FBF2F102FB1133002B40F274
:109070006D1308BF4FF4B773F61A58E740F26D123C
:10908000DFE74FF4B772DCE740F26D13F4E74FF41B
:10909000B773F1E700F0A2F800287FF465AFDDF8C0
:1090A00004B091E7029A121A02924FEAE0726CEB56
:1090B000020C029A944278EB0C0CF0DB6DE7039AF9
:1090C000944278EB0B02FFF673AFBAF1000FFFF694
:1090D0007FAF4FF0010B019A82EA0B02012A7FF465
:1090E00073AFBBF1000F35D01B1A3A68D7F80CA04C
:1090F0001A441C193A60384648EBE378FFF7EAFD5A
:10910000FA68B2EB0A023FF45FAF012A24DC931C39
:10911000D8BF0122FB69D31827D56B1E98071ED133
:10912000642193FBF1F001FB1033DBB94FF4C873FA
:1091300005F26B7595FBF3F103FB1155002D40F221
:109140006D1318BF4FF4B673FB6116443CE74FF044
:10915000000BC0E7C31AC8E74FF0FF32DAE74FF45D
:10916000B673F1E740F26D13EEE7A90717D164205B
:1091700095FBF0F100FB1151A1B94FF4C87105F254
:109180006C7595FBF1F001FB1055002D40F26D114F
:1091900008BF4FF4B7718B42A8BF5B1AD4E740F207
:1091A0006D11F8E74FF4B771F5E7073622E700BF16
:1091B0009CDC0208805101006C6601204FF0FF34F6
:1091C000A0461AE7BAF1000FC1DA4FF0000BD9F848
:1091D00028301C1948EBE37801E700BF2DE9F04780
:1091E000044602F04BF940F2B1739C4240F399807F
:1091F0006FF4F667E519A4F2B27340F26D12AD1088
:1092000002FB03556FF4C86C6FF06302A4F26D7338
:10921000454F93FBF2F31D444FF4C87204EB0C036B
:109220004460B3FBF2F301461D4400F1500C0B7A8D
:109230004A694A2B33D1A60705EB020306D14FF04A
:10924000640E94FBFEF60EFB164636B94FF4C87E4C
:1092500094FBFEF60EFB1646FEB93B2AD4BF002255
:1092600001221344013B8A69D617C3FB07268B6A88
:10927000D21846EBE373C1E9082328318C45D6D1D7
:10928000D0E90843D0E912128C429341B4BF0123C4
:10929000002303600120BDE8F0870022E1E7442BB2
:1092A00001D1AB18DFE7A30705D1642694FBF6F3E1
:1092B00006FB13437BBB4FF4C87394FBF3F603FB2D
:1092C0001646B6FA86F67609DFF860E0D1F80C901B
:1092D0004FF0300A2B464FF000080AFB06E608F173
:1092E0000108C14556F828E017DC03F104080726F9
:1092F00098FBF6F6C6EBC606A8EB0606921B0E69AF
:1093000006F1FF3648BF0732C6EBC6063244724547
:1093100005DA1344A7E70126D6E77344DFE7073AE7
:10932000F5E70020B7E700BF80510100A0DF020889
:10933000014800F0A2BA00BF74660120014800F0A5
:109340009EBA00BF74660120014B186800F002B895
:10935000480400202DE9F04F8DB0074602F08EF84A
:10936000BC49BD4D0446384600F090FE064610BB91
:10937000BA4BBB4A1860BB4BA0621860BA4B206561
:10938000C3E900224A2100220023C4E90300C4E902
:109390000500C4E90D00C4E90F00C4E90823C4E9CD
:1093A00012232868217284F8301000F07FFE2E60AE
:1093B0000DB0BDE8F08F2968002940F08E80286844
:1093C00000F074FE3046D6F70DFF411C384600F021
:1093D00097FE2860002840F08680A24ADFF8888245
:1093E000DFF878A200231360A04ACAF800300020FA
:1093F0000021C8E90022C4E90333C4E90533C4E904
:109400000801C4E90D33C4E90F33C4E912014A224B
:109410002272A36284F83020236533783A2B08BF88
:10942000013633783C2B62D1751C914A91490AABC5
:10943000284601F0DFFF0028BADD0A9BDA1E072A62
:10944000B6D8EB5C3E2BB3D102360A9BF518F35C21
:109450002D2B5AD101354FF0FF390023ADF81E30C6
:10946000ADF8203008AF0AABCDE9013703930DF119
:109470001E03009380490AAB07AA284601F0BAFFF1
:10948000002895DDBDF81E30BDF820603C2202FBAF
:109490000366BDF81C304FF4616202FB03660A9B51
:1094A00009FB06F605EB0309EB5C3C2B40F0EE8074
:1094B00009F10105714A6F490AAB284601F09AFF8C
:1094C000002828DC99F801303E2B24D1684BA66295
:1094D000C8E90033CAF800606AE7D6F779FE0028C9
:1094E0007FF46DAF64E7314600F0CBF975E7604A71
:1094F00063490AAB304601F07DFF00287FF758AF83
:109500000A9B033B072BA0D952E72B2B08BF013541
:109510004FF00109A1E70A9BDA1E072A3FF648AF80
:10952000EB5C3E2B7FF444AF09F102090A9B09EB87
:10953000030519F803302D2B40F0B78001354FF0AB
:10954000FF390023ADF81C30ADF81E30ADF82030E7
:109550000A930AABCDE9027301930DF11E03009348
:1095600045490AAB07AA284601F044FF002800F34A
:10957000A280A6F5616304930A9B27461D444FF021
:10958000000B2B782C2B08BF013595F80090B9F112
:109590004D0F40F0A3800AAB0DF12602CDE9013258
:1095A00009AA0092374903930DF12202284601F0DF
:1095B00021FF03287FF4FCAEBDF822104B1E0B2BBD
:1095C0003FF6F6AEBDF82420531E042B3FF6F0AE56
:1095D000BDF82630062B3FF6EBAEC7E9031287F83D
:1095E00008907B610A9B05EB030900254FF00203FD
:1095F000ADF81C30ADF81E50ADF820500A9599F822
:1096000000302F2B40F096800AAB08AACDE901323A
:109610000DF11E0200921C49039307AA484601F06F
:10962000E9FEA84200F386804A2100220023C4E913
:109630000355C4E90555C4E90823C4E90D55C4E937
:109640000F55C4E912232172A56284F830102565F4
:10965000AEE600BFFCDC02084C6601206866012013
:10966000FFDC02086C660120D40200208DDD0208B8
:109670005C66012003DD020838DD02085066012027
:1096800016DD020824DD020837DD02083E4A3F49A4
:109690000AAB484601F0AEFE00287FF717AF0A9BE1
:1096A000033B072B7FF642AF82E62B2B08BF013529
:1096B0004FF0010945E7BDF81E20BDF820303C21E0
:1096C00001FB0233BDF81C204FF4616101FB023342
:1096D00009FB03F34FE74FF0010B52E7B9F14A0FD3
:1096E00006BF01354B4644230A220BA928460593A1
:1096F00001F0C6FADDF82C90059BADF82600A945CF
:1097000014D14D23BBF1000F07D123720321022393
:10971000C4E90313C4F814B067E784F830300B22AF
:109720000123C4E90D230023E3635EE780B23B72AB
:1097300078615AE7BDF81E20BDF820303C2101FBBE
:109740000233BDF81C204FF4616101FB0233BB61A1
:109750000A9D28374D44BBF1000FBCD0049B236504
:109760000B4BC8F800306068074BA662C8F804309D
:10977000FFF734FDA26A236DCAF800209B1A054A40
:1097800018BF0123136013E65066012016DD02089E
:109790005C6601206C66012038B5064D0023044646
:1097A00008462B60D9F7D8FA431C02D12B6803B1C5
:1097B000236038BD7066012038B5074D0446084661
:1097C000114600222A601A46D9F7EDFA431C02D14D
:1097D0002B6803B1236038BD7066012038B5074D92
:1097E00004460846114600222A601A46D9F77BFA39
:1097F000431C02D12B6803B1236038BD7066012081
:1098000038B5074D04460846114600222A601A461C
:10981000D9F786FA431C02D12B6803B1236038BD07
:1098200070660120014B1868704700BF4804002093
:1098300070B50D4D0D4C641BA4100026A64209D135
:109840000B4D0C4C02F0B8FC641BA4100026A64281
:1098500005D170BD55F8043B98470136EEE755F841
:10986000043B98470136F2E728E0020828E00208A6
:1098700028E002082CE002087047704770477047E4
:109880007047034611F8012B03F8012B002AF9D188
:1098900070470A44914200F1FF3300D1704710B580
:1098A00011F8014B03F8014F9142F9D110BD0000AE
:1098B0009FED010B704700BF000000000000F87F23
:1098C0001FB514461A46094B1B680546D86854B99B
:1098D000074B1C46CDE9013400912B46054901F0A8
:1098E00077FD01F0DFFD044BF4E700BF48040020E2
:1098F0008DDD02085FDD020852DD020810B591FB24
:10990000F2F402FB14110460416010BD38B5054645
:10991000002941D051F8043C0C1F002BB8BFE418BB
:1099200000F080FC1D4A136833B963601460284658
:10993000BDE8384000F07CBCA34208D9206821185B
:109940008B4201BF19685B6809182160EDE71A4670
:109950005B680BB1A342FAD911685018A0420BD131
:1099600020680144501883421160E0D118685B6898
:10997000536008441060DAE702D90C232B60D6E765
:10998000206821188B4204BF19685B68636004BFBC
:10999000091821605460CAE738BD00BF7C66012009
:1099A0000369B3EB611F2DE9F0434FEA611200F147
:1099B000140445DD11F01F0104EB830604EB82055E
:1099C0000CD100F110072946B14234D39B1A9B00F9
:1099D000EA1E964238BF0023234415E054F8227053
:1099E000C1F12008CF4005F1040EA1467645F446AA
:1099F00015D89A1A9200043A0135AE4238BF0022B7
:109A0000A318A75007B104331A1BA3424FEAA202BE
:109A100008BF0023026108BF4361BDE8F083DCF8A2
:109A200000C00CFA08FC4CEA070749F8047B5EF812
:109A3000047BCF40DAE751F804CB47F804CFC3E703
:109A40002346E1E7A0F13003092B02D82038C0B249
:109A50007047A0F16103052B01D84738F7E7A0F163
:109A60004103052B01D82738F1E70020704700009B
:109A70002DE9F04F85B08A4602930B68019090461D
:109A80009C1CA14614F8010B3028FAD0A9EB030363
:109A9000A3F1020BFFF7D6FF0546002868D1A049C5
:109AA00001224846FFF74BF80746002867D199F88E
:109AB00001002646FFF7C6FF002862D0234618782B
:109AC0003028994603F10103F9D0FFF7BBFFB0FA44
:109AD00080F56D094FF0010B4A4616460132307889
:109AE000FFF7B0FF0028F8D18D4901223046FFF77B
:109AF00026F800283FD144B9741C2246164601328C
:109B00003078FFF79FFF0028F8D1A41BA700337817
:109B100003F0DF03502B3ED173782B2B33D02D2B4A
:109B200034D0711C00240878FFF78CFF431EDBB291
:109B3000182B30D8A0F1100211F8010FFFF782FFA7
:109B400000F1FF3C5FFA8CFCBCF1180F4FF00A03E8
:109B50001ED904B152421744CAF80010EDB1BBF14E
:109B6000000F0CBF06250025284605B0BDE8F08F84
:109B700000252C46B0E7002CC7D12746C7E74E4644
:109B80002F460125C3E70024B11CCCE70124FBE7E5
:109B900003FB0200CEE73146DEE7A6EB0903013BFB
:109BA0002946072B0ADC019800F048FB044640B91F
:109BB0005C4B0246E4215C48FFF782FE01315B10FA
:109BC000EFE700F1140A002355469B46B14537D311
:109BD00045F804BBA5EB0A05AD102561584600F019
:109BE0001FFC6D01D8F800602D1AB54254DDAD1B85
:109BF0002946204600F0B3FF814678B16B1E59110B
:109C000003F01F025AF821104FF0010909FA02F27D
:109C10000A4203D04B4536DC4FF002092946204664
:109C2000FFF7BEFE2F44D8F80830BB4242DA019855
:109C3000214600F043FB0E9A00231360A32593E70F
:109C400016F8012D2E2A12D0202B04D145F804BB82
:109C50004FF0000B5B4630780393FFF7F3FE039B56
:109C600000F00F0098404BEA000B0433AEE7B1451B
:109C7000EAD82B49039301223046FEF760FF039B8D
:109C80000028E1D1A2E7A91E204600F068FF0028C5
:109C9000C2D04FF00309C1E709DA751B21460198CC
:109CA0002A4600F023FD7F1B044600F1140A4FF002
:109CB0000009B8E7D8F80450BD426FDDED1BAE4295
:109CC00034DCD8F80C30022B22D0032B24D0012B0B
:109CD00015D1AE4213D1012E0BD1029AD8F804301F
:109CE000136001232361CAF800300E9B62251C60BB
:109CF0003AE7711E204600F032FF0028EDD10198AE
:109D0000214600F0DBFA0E9A0023136050252BE762
:109D10000F9B002BF3D1E0E70F9B002BDDD1EEE78B
:109D200038DB02088EDD02089FDD02086F1EB9F1E4
:109D3000000F30D127B13946204600F010FF814690
:109D40007A1101235AF8222007F01F07BB40134263
:109D50002946204618BF49F00209FFF721FED8F82E
:109D60000470761B0225B9F1000F47D0D8F80C30EB
:109D7000022B15D0032B17D0012B09D119F0020F9C
:109D800006D0DAF8003049EA030919F0010F0ED1C4
:109D900045F0100532E04FF00109D1E70125E2E777
:109DA0000F9BC3F101030F930F9B002BF0D0D4F84E
:109DB00010B004F114034FEA8B0A03EB8B014FF050
:109DC000000C184653F8042BB2F1FF3F1BD00132B0
:109DD0000260022D04F114033CD1D8F80020013AAE
:109DE000B24209D17111012253F8213006F01F0649
:109DF00002FA06F61E423AD145F020050E9B1C6081
:109E0000029B1F60B0E6994243F804CCD9D8A368FE
:109E10009B4517DB61680198013100F00FFA81461C
:109E200018B91A4B02468421C5E62269023204F1B0
:109E30000C0192000C30FFF72CFD2146019800F038
:109E40003DFA4C4623695A1C04EB8303226101222C
:109E50005A61BEE722695A450BDD01212046FFF712
:109E60009FFDD8F808300137BB42FFF6E0AE012570
:109E7000C2E716F01F06FAD05344C6F1200653F885
:109E8000040C00F0CDFAB042E7DBF0E78EDD02080B
:109E9000C2F10802920070B5C2F12006436804685E
:109EA00003FA06F52C43D340046040F8043F88428F
:109EB000F4D370BD30B50368013311F8014B14B908
:109EC0000360012030BD13F8012BA2F14105192DCB
:109ED00098BF2032A242F0D00020F3E72DE9F04FE6
:109EE0000B6801685E1102EB860613F01F0387B052
:109EF00018BF04360025371F82469046019346F866
:109F0000045CB9463C460295AB464A784B1C039329
:109F100042B3104605910492FFF794FD002851D1F9
:109F2000049A0599202A18D8029B9B4513DD4C45BD
:109F300006D2072D04DC2A4649462046FFF7A8FF33
:109F4000444552D90023A4F1040944F8043CCDF857
:109F500008B04C461D460399D7E7292A57D102314C
:109F6000CAF80010BBF1000F51D04C4506D2072DA6
:109F700004DC2A4649462046FFF78AFF444536D985
:109F8000A8F10402234653F8041B42F8041F9F4221
:109F9000F9D23B1B23F0030304330134033EB442E4
:109FA00088BF04234344002243F8042B9F42FBD282
:109FB0003B681BB9474528D101233B60052007B00A
:109FC000BDE8F08F0135082D0BF1010B06DD44458E
:109FD000C1D9002344F8043C0125043C226800F068
:109FE0000F0040EA02102060B5E70825B3E7019BA7
:109FF000002BDDD0C3F120034FF0FF32DA4056F8DA
:10A00000043C134046F8043CD2E7043FD0E7042068
:10A01000D5E700002DE9F84FDFF86CA00646894629
:10A02000174601F05BFADAF8004034B14B46984627
:10A0300013F8012B3AB13D2AF9D1304601F054FA18
:10A040000020BDE8F88FA8EB0908A34654F8040BDC
:10A050000028F2D042464946FEF771FD0028F4D1AF
:10A0600054F8043C03EB080513F808303D2BECD101
:10A07000DAF80030ABEB03039B1030463B6001F095
:10A0800033FA681CDDE700BF3402002007B501AADF
:10A09000FFF7C0FF03B05DF804FB0000024B014670
:10A0A000186800F02DB800BF48040020024B01469C
:10A0B0001868FFF72BBC00BF4804002070B50F4E96
:10A0C0000C463168054611B901F0DCF930602146D3
:10A0D000284601F0D7F9431C03D14FF0FF34204646
:10A0E00070BDC41C24F00304A042F8D0211A2846F5
:10A0F00001F0C8F90130F2D1EFE700BF7866012026
:10A100002DE9F843CD1C25F0030508350C2D38BF8B
:10A110000C25002D064601DBA94204D90C2333602F
:10A120000020BDE8F883DFF8D48000F07BF8D8F891
:10A1300000301C4644BB29463046FFF7BFFF431C96
:10A14000044658D1D8F800402746002F43D1002CB0
:10A150004BD023683946304604EB030901F092F9ED
:10A16000814542D121686D1A29463046FFF7A6FF86
:10A1700001303AD023682B442360D8F800305A6865
:10A1800062BBC8F800700FE02268521B20D40B2A73
:10A1900017D96119A342256018BF5960636808BFC9
:10A1A000C8F8001062514B60304600F041F804F1ED
:10A1B0000B00231D20F00700C21A1CBF1B1AA3505E
:10A1C000AFE76268A3420CBFC8F800205A60EBE713
:10A1D00023466468AEE73C467F68B6E71A465B688C
:10A1E000A342FBD100235360DEE70C2333603046EB
:10A1F00000F01EF894E70560D6E700BF7C660120FA
:10A2000082B001B901A942B14BB113780B60127849
:10A21000101E18BF012002B070471046FBE76FF018
:10A220000100F8E70148FFF729BB00BF766601206F
:10A230000148FFF725BB00BF7666012070B5C669EF
:10A2400004460D4676B91020FFF728FF0246E0616C
:10A2500020B9184B18486B21FFF732FBC0E90166A3
:10A260000660C660E669F36883B1E369DB6853F8AA
:10A270002500B8B9012101FA05F6721D92002046A9
:10A2800001F017F960B1C0E901560EE02122042166
:10A29000204601F00EF9E369F060DB68002BE4D1A1
:10A2A000002070BD026843F825200023C0E9033375
:10A2B000F7E700BFFFDD020816DE020870B5C669C9
:10A2C00005460C4676B91020FFF7E8FE0246E86125
:10A2D00020B9094B09488F21FFF7F2FAC0E901665E
:10A2E0000660C6603CB1EB696268DB6853F8221017
:10A2F000216043F8224070BDFFDD020816DE02082F
:10A300002DE9F0410D6907460C461E4601F1140C7B
:10A310000020DCF8003099B202FB01611E0C0B0C2E
:10A3200002FB063389B2013001EB034185424CF850
:10A33000041B4FEA1346ECDC0EB3A368AB4219DCF6
:10A34000616838460131FFF779FF804628B9024637
:10A350000C4B0D48BA21FFF7B3FA2269023204F11F
:10A360000C0192000C30FFF794FA21463846FFF7B3
:10A37000A5FF444604EB850301355E612561204657
:10A38000BDE8F0818EDD020816DE02082DE9F843F3
:10A390000C4615461F4609220833064693FBF2F386
:10A3A000002101229A4209DB3046FFF747FF40B9FE
:10A3B0000246194B1948D321FFF782FA52000131A6
:10A3C000F0E7089B4361092D4FF00103036116DD9F
:10A3D00004F10909C8462C4418F8013B0146303BFA
:10A3E0000A223046FFF78CFFA045F5D1A5F10804FD
:10A3F0004C442D1B6319BB4204DBBDE8F8830A34CF
:10A400000925F6E714F8013B0146303B0A223046A5
:10A41000FFF776FFEEE700BF8EDD020816DE0208CA
:10A42000B0F5803F034636BF030400201020B3F18F
:10A43000807F3CBF1B020830B3F1805F3CBF1B0133
:10A440000430B3F1804F3CBF9B000230002B05DB92
:10A4500013F0804F00F1010008BF2020704703680F
:10A46000024613F007000BD0D90721D4980749BF43
:10A470005B089B08012013605CBF136002207047DB
:10A4800099B209B91B0C1020D9B209B908301B0ABE
:10A49000190704BF1B090430990704BF9B08023049
:10A4A000D90703D45B0800F1010003D013607047A3
:10A4B000002070472020704710B50C460121FFF79F
:10A4C000BDFE024628B9054B054840F24511FFF78D
:10A4D000F7F901234461036110BD00BF8EDD02085E
:10A4E00016DE02082DE9F04F14460A6923699A42E4
:10A4F000A8BF23460F46A4BF0C461F46D4F810A0A1
:10A50000D7F81090A36861680AEB0906B34285B0DA
:10A51000B8BF0131FFF792FE30B90246444B4548BF
:10A520004FF4B171FFF7CCF900F1140505EB860883
:10A530002B460022434521D307F1140104F11402F4
:10A5400002EB8A0201EB89030293131B153B23F0F4
:10A550000303043304F11507BA4238BF04230193FF
:10A56000029B03918B420CD8002E03DD58F8043D6A
:10A57000002B5BD0066105B0BDE8F08F43F8042BDB
:10A58000D8E7B1F800A0BAF1000F24D004F1140EFE
:10A59000A9464FF0000C5EF8047BD9F800301FFA92
:10A5A00087FB9BB20AFB0B334FEA174BD9F80070BD
:10A5B00063444FEA174C0AFB0BC707EB13479BB2E8
:10A5C00043EA0743724549F8043B4FEA174CE2D887
:10A5D000019B45F803C0039BB3F802900431B9F125
:10A5E000000F21D02B6804F1140CAE464FF0000A86
:10A5F000BCF800B0BEF8027009FB0B7757449BB261
:10A6000043EA07434EF8043B5CF8043B4FEA134A25
:10A61000BEF8003009FB0A3303EB174362454FEAEB
:10A62000134AE5D8019FEB51043599E7013E9BE7BA
:10A630008EDD020816DE02082DE9F843154612F0F9
:10A64000030207460E4607D0254C013A002354F872
:10A650002220FFF755FE0646AD103DD0FC697CB9BF
:10A660001020FFF71BFD0246F86128B91D4B1E485C
:10A6700040F2B311FFF724F9C0E901440460C4605B
:10A68000D7F81C80D8F808404CB940F27121384600
:10A69000FFF712FF0023C8F80800044603604FF0DC
:10A6A0000009EB070AD5314622463846FFF71AFF64
:10A6B000314680463846FFF701FE46466D100BD006
:10A6C000206838B9224621463846FFF70BFF206044
:10A6D000C0F800900446E4E73046BDE8F88300BFC8
:10A6E00070DE0208FFDD020816DE02082DE9F047E1
:10A6F0000C464968236903EB6218A3680746914634
:10A700004FEA621A08F10106B3420BDB3846FFF745
:10A7100095FD054648B90246284B29484FF4EF718C
:10A72000FFF7CEF801315B00EEE7002300F11401E2
:10A7300000F110021846534533DB20692AEAEA7A11
:10A7400004F1140319F01F0901EB8A0103EB800CDB
:10A750002BD0C9F1200E8A460022186800FA09F0B1
:10A7600010434AF8040B53F8042B9C4522FA0EF2CE
:10A77000F3D8ACEB0403153B23F00303043304F1DB
:10A780001500844538BF0423CA500AB108F10206F7
:10A79000013E38462E612146FFF790FD2846BDE870
:10A7A000F08742F8040F0133C5E7043953F8042B4E
:10A7B00041F8042F9C45F9D8EAE700BF8EDD020876
:10A7C00016DE02080A6903460069801A30B50ED108
:10A7D0001433143103EB820401EB820154F8045D5D
:10A7E00051F8042D954203D005D24FF0FF3030BD13
:10A7F000A342F3D3FBE70120F9E700002DE9F74F6F
:10A8000089460646114648461446FFF7DBFF051EFB
:10A8100012D129463046FFF711FD024628B93F4BB9
:10A8200040F237213E48FFF74BF80123C0E90435D9
:10A83000104603B0BDE8F08FBCBF4B46A146304682
:10A84000D9F80410BABF1C4601250025FFF7F6FC15
:10A85000024618B9314B40F24521E3E7D9F81070B0
:10A860002669C56009F1100309F1140504F1140EFD
:10A8700000F1140B05EB87080EEB86060193D94611
:10A880004FF0000C019B5EF8040B53F804AF0193EA
:10A890001FFA8AF3194683B2CB1A000C6344C0EB4B
:10A8A0001A4000EB23409BB243EA0043764549F847
:10A8B000043B4FEA204CE5D8331B153B23F0030340
:10A8C00015340433A64238BF04231D445B441E469E
:10A8D0002C4644450ED308F10301491B21F0030126
:10A8E000033DA84538BF00210B4453F8041D91B126
:10A8F00017619DE754F8041BE646080C1CFA81FC1E
:10A90000714400EB2C4089B241EA004146F8041B37
:10A910004FEA204CDDE7013FE7E700BF8EDD02088C
:10A9200016DE020882B08DED000B019A0F4B13402A
:10A93000A3F15073002B08DC5B42B3F1A07F4FEA18
:10A94000235204DA4FF400231341002208E0A2F15D
:10A9500014031E2BDABF4FF00042DA40012200231D
:10A960001946104641EC100B02B070470000F07F12
:10A970002DE9F041066900F1140808EB8606371F3F
:10A9800056F8042C1046FFF74BFDC0F120030A28AF
:10A990000B601B4915DCC0F10B0C22FA0CF3B84517
:10A9A00043EA010534BF56F8083C0023153002FA8B
:10A9B00000F023FA0CF303431C4645EC104BBDE8B2
:10A9C000F081B8453ABF56F8083CA6F108070023C5
:10A9D0000B3812D0C0F1200123FA01F48240224347
:10A9E000474542F07F558CBF57F8042C0022834026
:10A9F000CA4045F440151343DEE742EA0105DBE7B0
:10AA00000000F03F2DE9F7430F46012159EC108B70
:10AA10001646FFF713FC044630B90246234B244880
:10AA200040F20F31FEF74CFFC9F30A55C9F3130387
:10AA30000DB143F480130193B8F1000323D06846AD
:10AA40000093FFF70CFDDDE90012D0B1C0F1200347
:10AA500002FA03F30B43C24063610192019BA361BD
:10AA6000002B0CBF012202222261A5B1A5F23345C1
:10AA700005443D60C0F135003060204603B0BDE8BC
:10AA8000F0836161EAE701A8FFF7E9FC019B6361DC
:10AA900020300122E8E704EB8203A0F23240386064
:10AAA0001869FFF7BDFCC0EB4210E5E78EDD020838
:10AAB00016DE02082DE9F04F85B0CDE9001002A99D
:10AAC000FFF756FF009803A955EC104BFFF750FF16
:10AAD000019B1969009B1B69C91ADDE902329B1AA7
:10AAE0005BEC10AB03EB4113002BCEBF2A46C3EB4C
:10AAF00003335A462F46D946CCBF02EB035702EB2D
:10AB000003594B46524620463946D5F7AFFE41EC35
:10AB1000100B05B0BDE8F08F013970B5491114690B
:10AB2000013102F1140300EB810103EB8404051FE2
:10AB3000A3420CD3A31A113B23F003031132A24208
:10AB400088BF002318440023884205D370BD53F802
:10AB5000046B45F8046FEBE740F8043BF4E700F1C1
:10AB6000140200694B11984210B511DB0ADD11F097
:10AB70001F0107D052F8234024FA01F000FA01F136
:10AB80008C420BD102EB8303934203D8002010BD0B
:10AB90000346F7E753F8041D0029F5D00120F6E736
:10ABA0002DE9F043344E86460D46284615F8014BF4
:10ABB000375D17F00807F8D12D2C2FD12C780127FD
:10ABC000851C33F0100009D1302C2CD1287800F0EE
:10ABD000DF00582827D16C78102302354FF0FF385A
:10ABE0000026B8FBF3F803FB08F96FEA09093046C1
:10ABF000A4F1300CBCF1090F1CD86446A3422ADD35
:10AC0000B6F1FF3F07D0804522D301D1A1451FDB1C
:10AC100000FB0340012615F8014BE9E72B2C04BF8C
:10AC20002C78851CCDE7002BD8D1302C0CBF082305
:10AC30000A23D3E7A4F1410CBCF1190F01D8373C2A
:10AC4000DCE7A4F1610CBCF1190F04D8573CD5E73F
:10AC50004FF0FF36DFE7731C06D12223CEF8003019
:10AC6000304632B9BDE8F08307B14042002AF9D03E
:10AC700006B1691E1160F5E799DB0208FFF790BF86
:10AC800013460A46014602480068FFF789BF00BF25
:10AC9000480400200346084641B1FF2A04D98A220D
:10ACA0001A604FF0FF3070470A70012070472DE99D
:10ACB000F0478E681F46BE420B6882460C4690469F
:10ACC0002DD8B1F90C2012F4906F26D0656909696E
:10ACD00005EB4505A3EB010905EBD5757B1C4B4442
:10ACE0006D109D4238BF1D46530527D52946FFF7F5
:10ACF00007FA064660B321694A46FEF7CAFDA389F2
:10AD000023F4906343F08003A381266165614E4480
:10AD1000A5EB09052660A5603E46BE4200D93E4629
:10AD200020683246414600F08FFBA3689B1BA3605E
:10AD30002368334423600020BDE8F0872A4600F0F2
:10AD4000D9FB06460028E0D121695046FEF7DEFD1A
:10AD50000C23CAF80030A38943F04003A3814FF0CD
:10AD6000FF30E9E72DE9F04F98468B891B069DB02F
:10AD700007460D46144610D50B6973B94021FFF7FD
:10AD8000BFF92860286130B90C233B604FF0FF30D9
:10AD90001DB0BDE8F08F40236B6100230993202391
:10ADA0008DF82930CDF80C803023DFF89C818DF8A8
:10ADB0002A304FF0010923469A4613F8012B0AB1B5
:10ADC000252AF9D1BAEB040B0BD05B462246294663
:10ADD0003846FFF76CFF013000F0A780099A5A440B
:10ADE00009929AF80030002B00F09F8000234FF06A
:10ADF000FF32CDE905230AF1010A049307938DF888
:10AE000053301A935446052214F8011B4E48D5F7C7
:10AE1000F7F9049AD8B9D00644BF20238DF85330EF
:10AE2000110744BF2B238DF853309AF800302A2B9A
:10AE300015D0079A544600204FF00A0C214611F80D
:10AE4000013B303B092B4BD9B0B1079214E0A0EB8A
:10AE5000080309FA03F313430493A246D2E7039BC2
:10AE6000191D1B680391002BBBBF5B4242F002021D
:10AE700007930793B8BF049223782E2B0AD16378E7
:10AE80002A2B32D1039B1A1D1B68039243EAE373FA
:10AE900002340593DFF8C0A0217803225046D5F78D
:10AEA000AFF938B1049BA0EB0A0040228240134363
:10AEB0000134049314F8011B24488DF8281006224D
:10AEC000D5F79EF9002836D0214B1BBB039B0733D7
:10AED00023F0070308330393099B334409936AE77C
:10AEE0000CFB02320C460120A8E700230134059335
:10AEF00019464FF00A0C204610F8012B303A092A67
:10AF000003D9002BC6D00591C4E70CFB01210446F0
:10AF10000123F0E703AB00932A460E4B04A9384601
:10AF2000AFF30080421C0646D6D1AB895B063FF5E5
:10AF30002DAF09982CE703AB00932A46054B04A9D3
:10AF4000384600F079F8EDE770DF02087ADF020892
:10AF500000000000AFAC020876DF02082DE9F047E0
:10AF6000164698468A680B69DDF820909342B8BF70
:10AF70001346336091F8432007460C460AB101336B
:10AF800033602368990642BF336802333360256813
:10AF900015F0060506D104F1190AE36832689B1A18
:10AFA000AB4226DC94F843302268003B18BF0123F3
:10AFB00092062BD404F1430241463846C84701307B
:10AFC0001ED02368226903F00603042B02BFE56844
:10AFD0003368ED1AA3680CBF25EAE5750025934296
:10AFE000C4BF9B1AED1800261A34B5421AD10020AE
:10AFF00008E00123524641463846C847013003D194
:10B000004FF0FF30BDE8F0870135C6E7E1185A1C64
:10B01000302081F84300224494F8451082F8431010
:10B020000233C7E70123224641463846C84701306C
:10B03000E6D00136D9E700002DE9FF470F7E0C9ED0
:10B04000782F914680460C469A4601F1430207D874
:10B05000622F0AD8002F00F0D280582F00F0B9805C
:10B0600004F1420684F842703AE0A7F16303152B1D
:10B07000F6D801A151F823F0D1B00208E5B00208DA
:10B0800061B0020861B0020861B0020861B0020854
:10B09000E5B0020861B0020861B0020861B00208C0
:10B0A00061B00208E5B102080FB102089FB10208C1
:10B0B00061B0020861B0020807B2020861B002087C
:10B0C0000FB1020861B0020861B00208A7B102081E
:10B0D00033681A1D1B68326004F1420684F842305E
:10B0E00001239DE033682068191D3160060601D5F3
:10B0F0001D6803E04506FBD5B3F90050002D03DAC7
:10B100002D236D4284F8433059480A2311E0216809
:10B110003368080653F8045B02D4490648BFADB251
:10B120006F2F5348336014BF0A230823002184F88B
:10B1300043106668A660002EA2BF216821F00401BA
:10B1400021600DB9002E4BD01646B5FBF3F103FB81
:10B150001157C75D06F8017D2F46BB420D46F4D955
:10B16000082B0BD12368DF0708D523696168994252
:10B17000DEBF302306F8013C06F1FF36921B226148
:10B18000CDF800A04B4603AA21464046FFF7E6FE55
:10B1900001304AD14FF0FF3004B0BDE8F08723689A
:10B1A00043F0200323603348782784F845702368F0
:10B1B00031681F0651F8045B02D45F0648BFADB288
:10B1C0003160D90744BF43F0200323601DB1102331
:10B1D000ACE72748E9E7236823F020032360F6E77C
:10B1E0001646BDE7336825686169181D30602E0674
:10B1F0001B6801D5196002E06806FBD519800023A1
:10B2000023611646BCE733681A1D32601E68626807
:10B2100000213046D4F7F4FF08B1801B60606368FA
:10B220002361002384F84330AAE723693246494664
:10B230004046D0470130ADD023689B0713D4E06867
:10B24000039B9842B8BF1846A6E7012332464946F9
:10B250004046D04701309DD00135E36803995B1A21
:10B26000AB42F2DCEBE7002504F11906F5E700BF7D
:10B2700081DF020892DF0208B1F90C202DE9F041CC
:10B28000160705460C4654D44B68002B02DC0B6CA9
:10B29000002B48DDE66A002E45D0002312F48052D0
:10B2A0002F68216A2B6030D0626DA389590705D5BC
:10B2B0006368D21A636B0BB1236CD21A0023E66A5F
:10B2C000216A2846B047431CA38906D129681D2955
:10B2D0002BD82A4A0A41D60727D400226260D90413
:10B2E0002269226004D5421C01D12B6803B9606534
:10B2F000616B2F60B9B104F14403994202D0284632
:10B30000FEF704FB002363630DE001232846B047EA
:10B310000246501CC9D12B68002BC6D01D2B01D072
:10B32000162B1ED12F60002022E043F040031BB2F9
:10B330001BE00F69002FF6D093070E6808BF4B691A
:10B340000F6018BF0023A6EB07088B60B8F1000F51
:10B35000E9DD216AA66A43463A462846B0470028F6
:10B3600008DCB4F90C3043F04003A3814FF0FF3008
:10B37000BDE8F0810744A8EB0008E7E7FEFFBFDF68
:10B3800038B50B6905460C4613B90025284638BD6B
:10B3900018B1036A0BB9FDF711FBB4F90C30002B9F
:10B3A000F3D0626ED00704D4990502D4A06DFEF7E5
:10B3B00065FA28462146FFF75FFF636EDA07054608
:10B3C000E4D4A3899B05E1D4A06DFEF759FADDE72B
:10B3D0000EB403B5014603AB054853F8042B0068CF
:10B3E000019300F0ABFA02B05DF804EB03B07047D4
:10B3F000480400200EB430B59CB01FAC4FF401726D
:10B4000054F8045BADF8142002900690D4F7EAFEDD
:10B410000B4B039007900B930A48019400230F9362
:10B4200014934FF6FF73ADF816302A46234602A94F
:10B43000006800F0E5F81CB0BDE8304003B070478C
:10B440008B8A020848040020884210B501EB0204F0
:10B4500002D98442234607D8431EA14208D011F8DE
:10B46000012B03F8012FF8E7024401468A4200D17C
:10B4700010BD13F8014D02F8014DF7E70048704781
:10B480009804002038B5064D0023044608462B607A
:10B49000D7F796FC431C02D12B6803B1236038BD5B
:10B4A0007066012008B5062000F0DEFD0120D7F708
:10B4B0000FFC70B5A1FB02543CB92946FEF720FEF3
:10B4C000064628B90026304670BD0C220260F9E716
:10B4D0002A462146FDF70DFBF5E700000148FEF77F
:10B4E000CDB900BF756601200148FEF7C9B900BF9C
:10B4F000756601202DE9F041804615460C4621B9BC
:10B50000BDE8F0411146FEF7FBBD2AB9FEF7FEF992
:10B5100000242046BDE8F08100F0C2FD85420646C9
:10B5200002D8B5EB500FF4D829464046FEF7E8FDA7
:10B5300007460028ECD0B5422A46214628BF3246AD
:10B54000FEF7A7F921464046FEF7E0F93C46E0E762
:10B5500038B54B1C144603D14FF0FF35284638BD93
:10B56000938923F0200393815368526BCDB28AB143
:10B57000A26B9A4208DD23685A1E226003F8015C20
:10B58000636801336360E9E7214600F076FC002838
:10B59000F1D0E1E72169226841B1914206D212F867
:10B5A000011CA94202D1013A2260EAE7C4E90F2353
:10B5B00004F1440363630323A363234603F8465F54
:10B5C00023600123DEE710B50C46496B69B104F135
:10B5D0004403994201D0FEF799F9236C636000207F
:10B5E000606313B1E36B236010BD23692360002304
:10B5F0006360A38943F02003A3814FF0FF30F3E79A
:10B600002DE9F0470C46ADF5227D0021CDE944112E
:10B61000A549A0910DF10408A449A54FCDF81881C2
:10B620000646A19100931378002B00F05881F95C35
:10B6300011F0080102F1010519D06368002B0FDD3C
:10B6400023681A78BA5C120701D42A46EBE7459AB8
:10B650000132459262680133013A62602360ECE78F
:10B66000A19B2146304698470028E9D0EDE7252BDD
:10B6700012D099466368002B40F3938022681378B8
:10B680004B4540F02C816368013B6360459B013270
:10B69000013322604593D8E74191439153782A2B97
:10B6A00002BF1023951C41930A22A94619F8011BD9
:10B6B000A1F13003092B1ED9DFF8F8A1032250466F
:10B6C000D4F79EFD38B1419AA0EB0A0001238340D4
:10B6D000134341934D4615F8013B782B06D8572B61
:10B6E00010D8252BC5D057D8002B65D003234793FE
:10B6F0000A23429378E0439B02FB031130394391C4
:10B700004D46D2E7A3F15802202AEFD801A151F803
:10B7100022F000BFC7B70208EDB60208EDB6020876
:10B7200021B80208EDB60208EDB60208EDB602082F
:10B73000EDB60208EDB60208EDB60208EDB6020855
:10B7400037B802081DB802089FB702089FB7020861
:10B750009FB70208EDB60208D9B70208EDB6020895
:10B76000EDB60208EDB60208EDB6020847B80208C9
:10B77000E1B70208BFB70208EDB60208EDB602084D
:10B7800043B80208EDB602081DB80208EDB602087B
:10B79000EDB60208C7B70208453B022BA6D8052321
:10B7A00021E0A19B21463046984700283FF466AF30
:10B7B0004498002840F08B804FF0FF308BE0419A96
:10B7C00042F020024192419A42F4007241921022CA
:10B7D0006E2B429202D905E000234293032302E03C
:10B7E00008234293042347936368002B39DD419B70
:10B7F000590604D423681A78BA5C120738D4479BD8
:10B80000022B47DC6B46224641A9304600F0AEF9D8
:10B81000012864D002287FF418AFC9E70A22D7E7CD
:10B820002946404600F0F0FA419B43F04003419323
:10B8300005460123D7E7419B43F040034193002392
:10B84000D1E70223CFE74198C3063FF5FEAE009B48
:10B85000459A191D00911B68C0074CBF1A801A60D9
:10B86000F3E6A19B2146304698470028BFD09FE7CA
:10B87000459A013245926268013A002A626002DD0F
:10B8800001332360B6E7A19B214630469847002844
:10B89000B0D08DE7042B0FDC6B46224641A9304621
:10B8A00000F0BEF9B4E700BF51B50208C7B5020801
:10B8B00099DB020876DF02080A4B002B3FF4C5AE85
:10B8C0006B46224641A93046AFF30080A0E7A3892A
:10B8D0005B063FF571AF0DF5227DBDE8F08744981A
:10B8E000F9E700BF000000009368013B002B10B493
:10B8F000936008DA9469A34201DB0A2903D15DF859
:10B90000044B00F0F4BA1368581C10601970084614
:10B910005DF8044B7047F8B506460F461446D51837
:10B92000AC4201D1002007E014F8011B3A46304632
:10B93000FFF7DAFF431CF3D1F8BD00002DE9F04F0B
:10B940000D469DB014469846064618B1036A0BB9D9
:10B95000FDF734F86B6ED90705D4AB899A0502D48C
:10B96000A86DFDF78BFFAB891B0701D52B699BB930
:10B970002946304600F0FAFA70B16B6EDC0704D548
:10B980004FF0FF301DB0BDE8F08FAB899805F7D4BC
:10B99000A86DFDF775FFF3E70023099320238DF8C9
:10B9A0002930CDF80C803023DFF8AC818DF82A30B7
:10B9B0004FF0010923469A4613F8012B0AB1252AB4
:10B9C000F9D1BAEB040B0BD05B4622462946304630
:10B9D000FFF7A1FF013000F0A780099A5A440992AD
:10B9E0009AF80030002B00F09F8000234FF0FF32C8
:10B9F000CDE905230AF1010A049307938DF853302A
:10BA00001A935446052214F8011B5348D4F7F8FB47
:10BA1000049AD8B9D10644BF20238DF853301307B8
:10BA200044BF2B238DF853309AF800302A2B15D0C1
:10BA3000079A544600204FF00A0C214611F8013BAA
:10BA4000303B092B4BD9B0B1079214E0A0EB0803AF
:10BA500009FA03F313430493A246D2E7039B191D8B
:10BA60001B680391002BBBBF5B4242F002020793AD
:10BA70000793B8BF049223782E2B0AD163782A2B20
:10BA800032D1039B1A1D1B68039243EAE37302340D
:10BA90000593DFF8D4A0217803225046D4F7B0FBF9
:10BAA00038B1049BA0EB0A004022824013430134CA
:10BAB000049314F8011B29488DF828100622D4F7A6
:10BAC0009FFB00283FD0264B1BBB039B073323F073
:10BAD000070308330393099B3B4409936AE70CFB74
:10BAE00002320C460120A8E70023013405931946D1
:10BAF0004FF00A0C204610F8012B303A092A03D9DE
:10BB0000002BC6D00591C4E70CFB0121044601239C
:10BB1000F0E703AB00932A46124B04A93046AFF37B
:10BB200000800746781CD6D16B6ED90705D4AB8947
:10BB30009A0502D4A86DFDF7A3FEAB895B063FF51D
:10BB40001FAF09981EE703AB00932A46054B04A9D3
:10BB50003046FFF771FAE4E770DF02087ADF020887
:10BB60000000000017B9020876DF02082DE9F8434B
:10BB700015468A6880460C4632B98A69002A14BF85
:10BB80004FF0FF3201228A602268DFF89090D106E0
:10BB90005FBF1A68111D196016680027A06988B177
:10BBA000012807D12B681A7863699B5C53B9002F71
:10BBB00031D022E0022820D12B681B7819F80330FD
:10BBC0001B071AD42368DA065EBF2B681B7806F8B9
:10BBD000013B2A686B6801322A60A268013B013A86
:10BBE0006B600137A26042B1002BD7DCD4F8803102
:10BBF0002946404698470028D0D0236813F0100308
:10BC000005D1E2680132E260A26902B133702369B2
:10BC10003B4423610020BDE8F88300BF99DB0208A4
:10BC20002DE9F04F9846744B0C468246164693E831
:10BC3000070087B003AB83E80700704BA169704A27
:10BC4000032908BF1A46A36801925A1EB2F5AE7FB7
:10BC500088BF6FF4AE75274682BF03EB050940F23B
:10BC60005D13A36057F81C3B43F4506398BF4FF03B
:10BC7000000923603D464FF0000B316803AB0978A3
:10BC800053F82B000222D4F7BBFA28B3BBF1010F03
:10BC900059D162682AB92268082142F400726160B1
:10BCA0002260226822F4A0622260A268511EA16074
:10BCB00092B13268511C3160127805F8012B72681C
:10BCC000013A002A726007DCD4F8802131465046E0
:10BCD0009047002840F085800BF1010BBBF1030F6A
:10BCE000CBD163680BB90A23636063684549606917
:10BCF000C91A00F089F84FF0000BA3682268002BE6
:10BD00003DD03168606991F800C010F80C0000283F
:10BD100035D0BCF1300F24D1100522D50BF1010B29
:10BD2000B9F1000F03D0013309F1FF39A360736843
:10BD3000013B002B73601BDD336801333360A36864
:10BD4000013BA360D9E7BBF1020FAED1226802F438
:10BD5000C061B1F5007FBFD11021616042F48072F3
:10BD6000A2E722F4106222600B7805F8013BDEE7BF
:10BD7000D4F880313146504698470028DFD02368F8
:10BD8000D9050DD5BD4209D915F8011CD4F87C316F
:10BD900032465046984705F1FF394D46BD4228D0FE
:10BDA000226812F0100213D12A706368019E39468E
:10BDB0005046B047D8F8003021681A1DC8F8002056
:10BDC00011F0200F1B680FD01860E3680133E360A7
:10BDD0002369ED1B5D442B442361002007B0BDE8BF
:10BDE000F08F4FF0000BCAE7CA074CBF18801860ED
:10BDF000EBE70120F2E700BFDCC202088D880208F1
:10BE00007DAC020814E0020870B50B7804465E2B86
:10BE10000BBF4B784A1C8A1C002108BF0121013846
:10BE200004F1FF0500F8011FA842FBD10BB9501E19
:10BE300070BD81F00101E1541046024612F8015B29
:10BE40002D2D05D05D2D16D0002DF1D02B46F2E71B
:10BE500046785D2EFAD0B342F8DC02301A46013241
:10BE60009642A154FBDCF21A013A5D1CB342A8BF12
:10BE70000022AB18E1E71046DAE72DE9F0410C4665
:10BE8000496B04F1440399421DD14FF48061FEF7E0
:10BE900037F918B94FF0FF30BDE8F0814FF48063F7
:10BEA000A36394F84630606380F8FF3394F845301C
:10BEB00080F8FE3394F8443080F8FD3300F2FD3012
:10BEC00020600020E8E7A66B77003A46FFF712FBF8
:10BED00005460028DED000EB060801463246404603
:10BEE000FDF7D7FCC4E90D57C4F80080E9E7F8B5C1
:10BEF0000E461446054618B1036A0BB9FCF75EFD01
:10BF0000A369A360A3891A0701D5236943B9214610
:10BF1000284600F02BF818B14FF0FF373846F8BD2F
:10BF200023682269981A6369F6B28342374605DCB2
:10BF300021462846FFF724FA0028EDD1A368013BEB
:10BF4000A36023685A1C22601E706269431C9A42D7
:10BF500004D0A389DB07E1D50A2EDFD1214628468C
:10BF6000FFF70EFA0028D9D0D6E7000038B5294BE4
:10BF7000054618680C4618B1036A0BB9FCF71EFD9C
:10BF8000B4F90C30190722D4DA0607D409222A6042
:10BF900043F04003A3814FF0FF3033E0580712D540
:10BFA000616B41B104F14403994202D02846FDF788
:10BFB000ADFC00236363A38923F02403A381002342
:10BFC000636023692360A38943F00803A381236985
:10BFD0004BB9A38903F42073B3F5007F03D0214646
:10BFE000284600F08BF8B4F90C3013F001020AD0A7
:10BFF0000022A26062695242A261226942B913F032
:10C000008000C5D138BD990758BF6269A260F4E7C6
:10C010000020F7E7480400201F2938B505460C46E4
:10C0200004D9162303604FF0FF3038BDC26B12B144
:10C0300052F821304BB9284600F030F8224601462C
:10C040002846BDE8384000F017B8012B0AD0591C2B
:10C0500003D1162303600120E7E7002142F82410F2
:10C06000204698470020E0E7024B01461868FFF79A
:10C07000D3BF00BF4804002038B5074D0023044655
:10C08000084611462B60D6F713FE431C02D12B68DD
:10C0900003B1236038BD00BF70660120D6F700BE33
:10C0A00051F8043C181F002BBCBF0B58C018704738
:10C0B00070B50C46B1F90E10002996B015461E4613
:10C0C0000DDAA38913F0800F4FF0000114BF402355
:10C0D0004FF48063002031602B6016B070BD6A465B
:10C0E00000F048F80028ECDB019901F47041A1F55B
:10C0F0000053594259414FF48063EBE78B89F7B500
:10C100009D0706460C4607D504F1470323602361CB
:10C110000123636103B0F0BD01AB6A46FFF7C8FFBE
:10C12000009F054639463046FDF7EAFF48B9B4F9A5
:10C130000C309A05EED423F0030343F00203A381ED
:10C14000E2E7A389206043F08003A381019BC4E957
:10C1500004075BB1B4F90E10304600F01DF828B1A9
:10C16000A38923F0030343F00103A381A3891D43A3
:10C17000A581CFE738B5074D002304460846114690
:10C180002B60D6F7F5FD431C02D12B6803B1236069
:10C1900038BD00BF7066012038B5064D0023044647
:10C1A00008462B60D6F7F4FD431C02D12B6803B17F
:10C1B000236038BD70660120F8B500BFF8BC08BC2C
:10C1C0009E467047F8B500BFF8BC08BC9E46704755
:10C1D00054524941440000004B616C6D616E5175D1
:10C1E00065737400446961676E6F73697300000062
:10C1F000556E5061636B0000436F6E74726F6C001C
:10C200004D61737465725478000000004D656D6F68
:10C2100072790000536176654D656D0053656E64FB
:10C220004D656D0053756E004750530041444353B4
:10C2300000000000446961676E6F7369735F4D654C
:10C240006D6F72790000000024474E524D4300008C
:10C25000244750524D43000024474E4747410000B9
:10C260002447504747410000000000002E00000016
:10C27000252E2A7325642E62696E000049444C45C0
:10C2800000000000546D722053766300546D7251AB
:10C2900000000000222A3A3C3E3F7C7F0000000064
:10C2A0002B2C3B3D5B5D0000EBFE904D53444F5308
:10C2B000352E30004E4F204E414D45202020204647
:10C2C00041543332202020004E4F204E414D452016
:10C2D00020202046415420202020200016E0020883
:10C2E00019E002081CE00208000000000000000045
:10C2F000010203040607080900000000010203040C
:10C3000000002110422063308440A550C660E770D1
:10C31000088129914AA16BB18CC1ADD1CEE1EFF179
:10C320003112100273325222B5529442F772D66221
:10C33000399318837BB35AA3BDD39CC3FFF3DEE3C9
:10C340006224433420040114E664C774A444855471
:10C350006AA54BB528850995EEE5CFF5ACC58DD519
:10C360005336722611163006D776F6669556B446C1
:10C370005BB77AA719973887DFF7FEE79DD7BCC769
:10C38000C448E5588668A778400861180228233811
:10C39000CCC9EDD98EE9AFF9488969990AA92BB9B9
:10C3A000F55AD44AB77A966A711A500A333A122A61
:10C3B000FDDBDCCBBFFB9EEB799B588B3BBB1AAB09
:10C3C000A66C877CE44CC55C222C033C600C411CB1
:10C3D000AEED8FFDECCDCDDD2AAD0BBD688D499D59
:10C3E000977EB66ED55EF44E133E322E511E700E01
:10C3F0009FFFBEEFDDDFFCCF1BBF3AAF599F788FA9
:10C400008891A981CAB1EBA10CD12DC14EF16FE188
:10C410008010A100C230E3200450254046706760C0
:10C42000B9839893FBA3DAB33DC31CD37FE35EF3D8
:10C43000B1029012F322D232354214527762567210
:10C44000EAB5CBA5A89589856EF54FE52CD50DC528
:10C45000E234C324A0148104667447642454054460
:10C46000DBA7FAB79987B8975FE77EF71DC73CD778
:10C47000D326F2369106B0165766767615463456B0
:10C480004CD96DC90EF92FE9C899E9898AB9ABA9C8
:10C490004458654806782768C018E1088238A32800
:10C4A0007DCB5CDB3FEB1EFBF98BD89BBBAB9ABB18
:10C4B000754A545A376A167AF10AD01AB32A923A50
:10C4C0002EFD0FED6CDD4DCDAABD8BADE89DC98D68
:10C4D000267C076C645C454CA23C832CE01CC10CA0
:10C4E0001FEF3EFF5DCF7CDF9BAFBABFD98FF89FB8
:10C4F000176E367E554E745E932EB23ED10EF01EF0
:10C500000020FD44000000009A4FE5C69AC91FC5EF
:10C510000020AA4400C05F44333369C3CDCC8042BD
:10C5200000009F429A99B941333393406666A6BF93
:10C530009A993940000000C09A59B0C430FAD444E6
:10C54000105E75C4F8D27C43C87FBE42BFC15E4155
:10C550007CD368C16666E63F2BD5943FFCEB5CBF9D
:10C560008B113DBE2483B9BC530EEE43EA922043A7
:10C570002DDA84409A261241B4CF294039BE67BED5
:10C58000CB7CB2BEE644433DD1102A3B4819DDBC0A
:10C590005863333B2A41BF414D30B3C081D4B0BF53
:10C5A0009B532ABF20D95C3E6DB2A03BD1CEB5B91A
:10C5B0005CC3263BF645173B015A6A3AAD87AE3D50
:10C5C00000AFAABEDDE22FBD62EF0D3CC917E1BB93
:10C5D0001AA900BAD4C306B9E3F25CB80141A9B8FC
:10C5E000D2367E3C91935A3B8B8D6F39207B423AF9
:10C5F000FF28A1B95F5F08B708B25EB5105A56367A
:10C60000368680BB909750B90515D5385DF3F33663
:10C6100086F6B6B5024D04B58FC49834CFA28E38D5
:10C620006949AEB7E4587C36B3EA933424C114B2F6
:10C6300008C6BE327E639534251F2FB5DA3CC13261
:10C6400045B23B32AE30F4AF12D074B471153CB287
:10C65000A43AB0B08A2555AFB1FE72B193082EAEA0
:10C660006EE451AD2B2DF12EB22749AD5FE0B0AB9A
:10C6700000000000000000000000000000000000BA
:10C6800000000000000000000000000000000000AA
:10C69000000000000000000000000000000000009A
:10C6A00000000000330B8E45EA25E2C4D6DAB8C19B
:10C6B000BE33B042418E3B41987C80C015DC13C133
:10C6C0007777973F169B6CC05CD3E33E0000000079
:10C6D0008DBA16BE924C6BC3F849F54161AF1FC1CC
:10C6E00020EA2B414664143FA39BBDBED08280BE8E
:10C6F0000C86463E00000000BE3C003D3C49D13B5C
:10C7000086B0E7C1F9238740BFAF9CBF4CAE8F3ED8
:10C71000255A6EBB41FEE43C36C86B3CA21D483B2B
:10C72000F64517BA014B433A224D29C057BECE3DBC
:10C73000F39480BD2A35523C323C49BBF9D429BA26
:10C740004690323A984C93370146B6B80751A13D0E
:10C75000F0E51F3BE74431BAFE25123A4BE3FFB840
:10C76000124501B9452F8B3600000080C5EE993B7C
:10C770002ED7EBB9EF199F3686F6B6373EA2223593
:10C78000024D84B48FC49834F7D238B79AC8D7B65C
:10C7900050D88CB461154FB5B521DFB36D9E98B1FB
:10C7A00073D6A1353CD380331FF9CBB3C10991B205
:10C7B000AE30743100C73D3442C77A313A887FB118
:10C7C0008A25552E3DBF0DB2A6C9C3AFC52E83AE77
:10C7D0003059D5AE5193772BFE24CA2A00000000B1
:10C7E000000040419A9939C16666A6BFCDCCCCBF46
:10C7F0009A99193FCDCC4CBE00000080CDCCCCBD69
:10C8000000000080CDCCCC3D000000000000000006
:10C8100033331B41652440C06A79DBBF544A42BFB1
:10C82000B413B93E9CC3B2BD73D09ABC8988083D8D
:10C83000FE3C74BC0000000000000080000000000E
:10C840003ACD13C03B84533D2EF9E4BE00000000F6
:10C85000C262FE3C588A28BB000000007E49D03AE4
:10C86000D110AA3A0000000000000080307B52BFC7
:10C87000C676E43D85D3C33BE51EE23B255AEE3A3E
:10C880006DB2A03A1C5B083A176905390000000038
:10C89000000000807EEF49BDBF3DA93BEBB377BAF6
:10C8A00085F865B811C604B83B0777B8000000806A
:10C8B0000000000000000080FF262F3AE9D38C38EA
:10C8C000595099B8E3F25C37000000005F5F88B60A
:10C8D00008B25EB500000080BDEB7338E08970B728
:10C8E0007FD4B5355DF37335000000000000000013
:10C8F000BFB04B33C29280360000008015CB3BB3F3
:10C9000026C79DB2000000800000008037CA843333
:10C910003CD3003250C42BB1A68188B00000000087
:10C920003DEAF2B000000080B6FB0CAF0000000052
:10C93000000000809308AEAD6EE4D1AC916A94AC77
:10C9400000000080FE244AAA000000000000000051
:10C9500000000000000000000000000000000000D7
:10C9600000000000000000000000000000000000C7
:10C970000000000000000000000000000000ACC14A
:10C98000B3E17FC1EC05D13F7719B2BEA53204BE39
:10C99000B512863DAC38E83D898808BDBF2D37BD4E
:10C9A000000000000000008000000080CE8C5FC00E
:10C9B0002DA31EBD13779C3ECCD9DB3DE51E62BD89
:10C9C000EEAC523C4530233C1F379C3B00000080BE
:10C9D000D2808D3A000000006E465DBE048D023D9F
:10C9E000048D823B43BF16BB84AE3EBBBD8E80BA76
:10C9F0001C5B08BA176985B900000080013C9CB82F
:10CA00009FDCFDBCFDC6823BEBB3773A0000000023
:10CA100011C604393B077738BA9F5737984C1337FC
:10CA20000150D0360DE2B83A904C24396FA4BFB80B
:10CA3000BE1FB8B72E789D367FD4B5B500000080F4
:10CA400000000080BDEB7338686734375F5F88B6DD
:10CA50003EA2A2B43EA2223400000080000000806A
:10CA6000C29280B5532FC73415CBBBB30000000072
:10CA700024C114320000008037CA84333CD3003311
:10CA800050C42BB100000080000000003DEAF230ED
:10CA900002EA5E300000000000000080000000801C
:10CAA0000000000000000080000000000000000006
:10CAB000FE244AAA46696C65412E62696E00000038
:10CAC00000000046696C65422E62696E000000003D
:10CAD000000046696C65432E62696E00000000002C
:10CAE0000046696C65442E62696E0000000000001B
:10CAF00046696C65452E62696E00000000000046C4
:10CB0000696C65462E62696E00000000000046698F
:10CB10006C65472E62696E00000000000046696C7B
:10CB200065482E62696E00000000000046696C6571
:10CB3000492E62696E00000000000046696C654A7B
:10CB40002E62696E00000000000046696C654B2E85
:10CB500062696E00000000000046696C654C2E6240
:10CB6000696E00000000000046696C654D2E626928
:10CB70006E00000000000046696C654E2E62696E12
:10CB800000000000000046696C654F2E62696E006F
:10CB9000000000000046696C65502E62696E00005E
:10CBA0000000000046696C65512E62696E0000004D
:10CBB00000000046696C65522E62696E000000003C
:10CBC000000046696C65532E62696E00000000002B
:10CBD0000046696C65542E62696E0000000000001A
:10CBE00046696C65552E62696E00000000000046C3
:10CBF000696C65562E62696E00000000000046698F
:10CC00006C65572E62696E00000000000046696C7A
:10CC100065582E62696E00000000000046696C6570
:10CC2000592E62696E00000000000046696C655A6A
:10CC30002E62696E00000000000046696C6541418B
:10CC40002E62696E000000000046696C6541422E4C
:10CC500062696E000000000046696C6541432E6207
:10CC6000696E000000000046696C6541442E6269EF
:10CC70006E000000000046696C6541452E62696ED9
:10CC8000000000000046696C6541462E62696E0036
:10CC90000000000046696C6541472E62696E000025
:10CCA00000000046696C6541482E62696E00000014
:10CCB000000046696C6541492E62696E0000000003
:10CCC0000046696C65414A2E62696E0000000000F2
:10CCD00046696C65414B2E62696E0000000000469B
:10CCE000696C65414C2E62696E0000000000466967
:10CCF0006C65414D2E62696E000000000046696C53
:10CD000065414E2E62696E000000000046696C6548
:10CD1000414F2E62696E000000000046696C65415B
:10CD2000502E62696E000000000046696C6541513A
:10CD30002E62696E000000000046696C6541522E4B
:10CD400062696E000000000046696C6541532E6206
:10CD5000696E000000000046696C6541542E6269EE
:10CD60006E000000000046696C6541552E62696ED8
:10CD7000000000000046696C6541562E62696E0035
:10CD80000000000046696C6541572E62696E000024
:10CD900000000046696C6541582E62696E00000013
:10CDA000000046696C6541592E62696E0000000002
:10CDB0000046696C65415A2E62696E0000000000F1
:10CDC00046696C6542412E62696E000000000046B3
:10CDD000696C6542422E62696E000000000046697F
:10CDE0006C6542432E62696E000000000046696C6B
:10CDF0006542442E62696E000000000046696C6561
:10CE000042452E62696E000000000046696C654272
:10CE1000462E62696E000000000046696C6542475C
:10CE20002E62696E000000000046696C6542482E63
:10CE300062696E000000000046696C6542492E621E
:10CE4000696E000000000046696C65424A2E626906
:10CE50006E000000000046696C65424B2E62696EF0
:10CE6000000000000046696C65424C2E62696E004D
:10CE70000000000046696C65424D2E62696E00003C
:10CE800000000046696C65424E2E62696E0000002B
:10CE9000000046696C65424F2E62696E000000001A
:10CEA0000046696C6542502E62696E000000000009
:10CEB00046696C6542512E62696E000000000046B2
:10CEC000696C6542522E62696E000000000046697E
:10CED0006C6542532E62696E000000000046696C6A
:10CEE0006542542E62696E000000000046696C6560
:10CEF00042552E62696E000000000046696C654272
:10CF0000562E62696E000000000046696C6542574B
:10CF10002E62696E000000000046696C6542582E62
:10CF200062696E000000000046696C6542592E621D
:10CF3000696E000000000046696C65425A2E626905
:10CF40006E000000000046696C6543412E62696E08
:10CF5000000000000046696C6543422E62696E0065
:10CF60000000000046696C6543432E62696E000054
:10CF700000000046696C6543442E62696E00000043
:10CF8000000046696C6543452E62696E0000000032
:10CF90000046696C6543462E62696E000000000021
:10CFA00046696C6543472E62696E000000000046CA
:10CFB000696C6543482E62696E0000000000466996
:10CFC0006C6543492E62696E000000000046696C82
:10CFD00065434A2E62696E000000000046696C6578
:10CFE000434B2E62696E000000000046696C654389
:10CFF0004C2E62696E000000000046696C65434D6E
:10D000002E62696E000000000046696C65434E2E7A
:10D0100062696E000000000046696C65434F2E6235
:10D02000696E000000000046696C6543502E62691D
:10D030006E000000000046696C6543512E62696E07
:10D04000000000000046696C6543522E62696E0064
:10D050000000000046696C6543532E62696E000053
:10D0600000000046696C6543542E62696E00000042
:10D07000000046696C6543552E62696E0000000031
:10D080000046696C6543562E62696E000000000020
:10D09000000610160006101695C60108D1C6010834
:10D0A000EDC601082FC7010871C701084355454166
:10D0B0004141414345454549494941414592924F86
:10D0C0004F4F5555594F554F9C4F9E9F41494F5576
:10D0D000A5A5A6A7A8A9AAABACADAEAFB0B1B2B397
:10D0E000B4414141B8B9BABBBCBDBEBFC0C1C2C3E7
:10D0F000C4C54141C8C9CACBCCCDCECFD1D145459D
:10D100004549494949D9DADBDCDD49DF4FE14F4F79
:10D110004F4FE6E8E85555555959EEEFF0F1F2F367
:10D12000F4F5F6F7F8F9FAFBFCFDFEFF010305073D
:10D13000090E10121416181C1E0000000100020037
:10D14000040008001000200000000000010004009E
:10D15000100040000001000200000000C700FC00B9
:10D16000E900E200E400E000E500E700EA00EB008F
:10D17000E800EF00EE00EC00C400C500C900E600C6
:10D18000C600F400F600F200FB00F900FF00D60034
:10D19000DC00F800A300D800D7009201E100ED0008
:10D1A000F300FA00F100D100AA00BA00BF00AE00FF
:10D1B000AC00BD00BC00A100AB00BB0091259225D6
:10D1C000932502252425C100C200C000A9006325C3
:10D1D000512557255D25A200A500102514253425CD
:10D1E0002C251C2500253C25E300C3005A25542589
:10D1F00069256625602550256C25A400F000D00027
:10D20000CA00CB00C8003101CD00CE00CF001825E8
:10D210000C2588258425A600CC008025D300DF00BE
:10D22000D400D200F500D500B500FE00DE00DA0023
:10D23000DB00D900FD00DD00AF00B400AD00B1009F
:10D240001720BE00B600A700F700B800B000A80085
:10D25000B700B900B300B200A025A00061001A0316
:10D26000E0001703F8000703FF0001007801000148
:10D27000300132010601390110014A012E01790104
:10D28000060180014D004302810182018201840177
:10D29000840186018701870189018A018B018B0145
:10D2A0008D018E018F0190019101910193019401F3
:10D2B000F60196019701980198013D029B019C019E
:10D2C0009D0120029F01A001A001A201A201A401D1
:10D2D000A401A601A701A701A901AA01AB01AC0104
:10D2E000AC01AE01AF01AF01B101B201B301B301B5
:10D2F000B501B501B701B801B801BA01BB01BC0164
:10D30000BC01BE01F701C001C101C201C301C401DA
:10D31000C501C401C701C801C701CA01CB01CA01C7
:10D32000CD011001DD0101008E01DE011201F301CA
:10D330000300F101F401F401F801280122021201B5
:10D340003A020900652C3B023B023D02662C3F027B
:10D3500040024102410246020A015302400081019B
:10D360008601550289018A0158028F015A029001F3
:10D370005C025D025E025F0293016102620294013F
:10D380006402650266026702970196016A02622CD6
:10D390006C026D026E029C01700271029D017302AB
:10D3A00074029F0176027702780279027A027B0288
:10D3B0007C02642C7E027F02A60181028202A90106
:10D3C0008402850286028702AE014402B101B201E5
:10D3D00045028D028E028F0290029102B7017B03FB
:10D3E0000300FD03FE03FF03AC0304008603880370
:10D3F00089038A03B1031103C2030200A303A30339
:10D40000C4030803CC0303008C038E038F03D803EB
:10D410001801F2030A00F903F303F403F503F6031A
:10D42000F703F703F903FA03FA0330042003500467
:10D430001007600422018A043601C1040E01CF04E2
:10D440000100C004D004440161052604000000006E
:10D450007D1D0100632C001E9601A01E5A01001FB5
:10D460000806101F0606201F0806301F0806401F6A
:10D470000606511F0700591F521F5B1F541F5D1FD7
:10D48000561F5F1F601F0806701F0E00BA1FBB1FCC
:10D49000C81FC91FCA1FCB1FDA1FDB1FF81FF91FC8
:10D4A000EA1FEB1FFA1FFB1F801F0806901F0806CC
:10D4B000A01F0806B01F0400B81FB91FB21FBC1F71
:10D4C000CC1F0100C31FD01F0206E01F0206E51F8C
:10D4D0000100EC1FF21F0100FC1F4E210100322150
:10D4E00070211002842101008321D0241A05302CE0
:10D4F0002F04602C0201672C0601752C0201802C80
:10D500006401002D260841FF1A03000000000000FE
:10D51000000000000000000000000000000000808B
:10D52000000000000000000006D0CF43EBFD4C3EA1
:10D5300000000000000000000000004003B8E23FCF
:10D54000000000000000F03F000000000000F83F75
:10D55000FB21F93FFB2109407CD91240FB211940F6
:10D560007A6A1F407CD92240BBFD2540FB2129401F
:10D570003A462C407A6A2F405C4731407CD9324091
:10D580009C6B3440BBFD3540DB8F3740FB2139407D
:10D590001BB43A403A463C405AD83D407A6A3F4034
:10D5A0004C7E40405C4741406C1042407CD9424038
:10D5B0008CA243409C6B4440AC344540BBFD45408D
:10D5C000CBC64640DB8F4740EB584840FB214940E3
:10D5D00083F9A200444E6E00FC291500D1572700A4
:10D5E000DD34F50062DBC0003C99950041904300BA
:10D5F0006351FE00BBDEAB00B761C5003A6E24008C
:10D60000D24D42004906E00009EA2E001C92D100EA
:10D61000EB1DFE0029B11C00E83EA700F535820095
:10D6200044BB2E009CE98400B4267000417E5F005C
:10D63000D6913900538339009CF439008B5F840004
:10D6400028F9BD00F81F3B00DEFF97000F9805008A
:10D65000112FEF000A5A8B006D1F6D00CF7E360030
:10D6600009CB2700464FB7009E663F002DEA5F00BA
:10D67000BA277500E5EBC7003D7BF100F7390700DD
:10D6800092528A00FB6BEA001FB15F00085D8D00BB
:10D69000300356007BFC4600F0AB6B0020BCCF0093
:10D6A00036F49A00E3A91D005E619100081BE600B4
:10D6B00085996500A0145F008D40680080D8FF0048
:10D6C00027734D0006063100CA561500C9A873001D
:10D6D0007BE260006B8CC00000000080DB0F4940E3
:10D6E000DB0F49C0DB0F49BFE4CB1640E4CB16C0CB
:10D6F0000000000000000080000FC93F000F4940FB
:10D7000000CB9640000FC9400053FB4000CB1641B0
:10D7100000ED2F41000F49410031624100537B4130
:10D72000003A8A4100CB9641005CA34100EDAF4135
:10D73000007EBC41000FC94100A0D5410031E2414B
:10D7400000C2EE410053FB4100F20342003A0A429C
:10D750000083104200CB164200141D42005C23429D
:10D7600000A5294200ED2F4200363642007E3C42A1
:10D7700000C74242000F4942A2000000F900000029
:10D78000830000006E0000004E0000004400000016
:10D790001500000029000000FC0000002700000028
:10D7A00057000000D1000000F50000003400000028
:10D7B000DD000000C0000000DB000000620000008F
:10D7C00095000000990000003C00000043000000AC
:10D7D0009000000041000000FE0000005100000029
:10D7E00063000000AB000000DE000000BB00000092
:10D7F000C500000061000000B70000002400000028
:10D800006E0000003A000000420000004D000000E1
:10D81000D2000000E0000000060000004900000007
:10D820002E000000EA00000009000000D100000006
:10D83000920000001C000000FE0000001D0000001F
:10D84000EB0000001C000000B100000029000000F7
:10D85000A70000003E000000E80000008200000079
:10D8600035000000F50000002E000000BB000000A5
:10D870004400000084000000E90000009C0000005B
:10D880007000000026000000B40000005F000000EF
:10D890007E000000410000003900000091000000FF
:10D8A000D600000039000000830000005300000093
:10D8B00039000000F40000009C000000840000001B
:10D8C0005F0000008B000000BD000000F9000000B8
:10D8D000280000003B0000001F000000F8000000CE
:10D8E00097000000FF000000DE00000005000000BF
:10D8F000980000000F000000EF0000002F00000063
:10D90000110000008B0000005A0000000A00000017
:10D910006D0000001F0000006D00000036000000D8
:10D920007E000000CF00000027000000CB000000B8
:10D9300009000000B70000004F0000004600000092
:10D940003F000000660000009E0000005F00000035
:10D95000EA0000002D000000750000002700000014
:10D96000BA000000C7000000EB000000E500000066
:10D97000F10000007B0000003D00000007000000F7
:10D9800039000000F70000008A000000520000008B
:10D9900092000000EA0000006B000000FB000000A5
:10D9A0005F000000B10000001F0000008D000000BB
:10D9B0005D000000080000005600000003000000A9
:10D9C0003000000046000000FC0000007B0000006A
:10D9D0006B000000AB000000F0000000CF00000072
:10D9E000BC000000200000009A000000F4000000CD
:10D9F000360000001D000000A9000000E300000048
:10DA000091000000610000005E000000E6000000E0
:10DA10001B000000080000006500000099000000E5
:10DA2000850000005F00000014000000A00000005E
:10DA300068000000400000008D000000FF000000B2
:10DA4000D8000000800000004D00000073000000BE
:10DA50002700000031000000060000000600000062
:10DA60001500000056000000CA000000730000000E
:10DA7000A8000000C900000060000000E2000000F3
:10DA80007B000000C00000008C0000006B00000064
:10DA90006937AC3168212233B40F14336821A233C3
:10DAA0003863ED3EDA0F493F5E987B3FDA0FC93F9E
:10DAB00000000040FB21F93F000000002D44743EAF
:10DAC000000000809846F83C0000006051CC783B94
:10DAD00000000080831BF0390000004020257A38C8
:10DAE000000000802282E336000000001DF369354B
:10DAF0000200000003000000040000000600000017
:10DB00000000C93F0000F0390000DA370000A233FE
:10DB10000000842E0000502B0000C2270000D022FD
:10DB20000000C41F0000C61B0000441704000000D2
:10DB300007000000090000002E006E6600696E6993
:10DB4000747900616E00000034000000CEFBFFFF1E
:10DB5000CB030000010000000000000035000000C1
:10DB6000CEFBFFFFCB03000001000000000000001F
:10DB7000BC89D897B2D29C3C33A7A8D523F64939A3
:10DB80003DA7F444FD0FA5329D978CCF08BA5B25C5
:10DB9000436FAC642806681100202020202020203C
:10DBA000202028282828282020202020202020204D
:10DBB000202020202020202020881010101010105D
:10DBC00010101010101010101004040404040404A9
:10DBD0000404041010101010101041414141414143
:10DBE0000101010101010101010101010101010125
:10DBF0000101010110101010101042424242424235
:10DC000002020202020202020202020202020202F4
:10DC1000020202021010101020000000000000009C
:10DC200000000000000000000000000000000000F4
:10DC300000000000000000000000000000000000E4
:10DC400000000000000000000000000000000000D4
:10DC500000000000000000000000000000000000C4
:10DC600000000000000000000000000000000000B4
:10DC700000000000000000000000000000000000A4
:10DC80000000000000000000000000000000000094
:10DC90000000000000000000000000000000000084
:10DCA0001F0000003B0000005A0000007800000048
:10DCB00097000000B5000000D4000000F300000051
:10DCC00011010000300100004E0100001F000000A3
:10DCD0001C0000001F0000001E0000001F000000CC
:10DCE0001E0000001F0000001F0000001E000000BA
:10DCF0001F0000001E0000001F000000545A0047D3
:10DD00004D54002531315B2D2B302D39412D5A6179
:10DD10002D7A5D256E002531315B412D5A612D7ABA
:10DD20005D256E004D256875256E2E256875256E5E
:10DD30002E256875256E002F256875256E3A256895
:10DD400075256E3A256875256E004300504F53497E
:10DD500058002C2066756E6374696F6E3A200061FE
:10DD60007373657274696F6E202225732220666159
:10DD7000696C65643A2066696C6520222573222CE3
:10DD8000206C696E65202564257325730A00426145
:10DD90006C6C6F6320737563636565646564002FE5
:10DDA0006275696C642F676E752D746F6F6C732D5F
:10DDB000666F722D73746D33325F31322E332E7273
:10DDC000656C312E32303234303932362D313731C4
:10DDD000352F7372632F6E65776C69622F6E65776E
:10DDE0006C69622F6C6962632F7374646C69622F53
:10DDF0006764746F612D6765746865782E6300527F
:10DE000045454E54206D616C6C6F63207375636380
:10DE10006565646564002F6275696C642F676E7553
:10DE20002D746F6F6C732D666F722D73746D33323A
:10DE30005F31322E332E72656C312E3230323430F7
:10DE40003932362D313731352F7372632F6E657746
:10DE50006C69622F6E65776C69622F6C6962632FE3
:10DE60007374646C69622F6D707265632E63000059
:10DE700005000000190000007D0000000000000007
:10DE80000080E03779C34143176E05B5B5B89346B6
:10DE9000F5F93FE9034F384D321D30F94877825A82
:10DEA0003CBF737FDD4F1575000000000000F03FA0
:10DEB0000000000000002440000000000000594065
:10DEC0000000000000408F40000000000088C340B8
:10DED00000000000006AF8400000000080842E412D
:10DEE00000000000D01263410000000084D7974179
:10DEF0000000000065CDCD41000000205FA002427F
:10DF0000000000E876483742000000A2941A6D42F3
:10DF1000000040E59C30A2420000901EC4BCD642E6
:10DF200000003426F56B0C430080E03779C3414391
:10DF300000A0D8855734764300C84E676DC1AB4307
:10DF4000003D9160E458E143408CB5781DAF154425
:10DF500050EFE2D6E41A4B4492D54D06CFF0804400
:10DF6000F64AE1C7022DB544B49DD9794378EA4415
:10DF7000232D302B2000686C4C00656667454647B2
:10DF80000030313233343536373839414243444535
:10DF900046003031323334353637383961626364A4
:10DFA000656600001F0000001C0000001F0000004C
:10DFB0001E0000001F0000001E0000001F000000E7
:10DFC0001F0000001E0000001F0000001E000000D7
:10DFD0001F0000001F0000001D0000001F000000C7
:10DFE0001E0000001F0000001E0000001F000000B7
:10DFF0001F0000001E0000001F0000001E000000A7
:10E000001F000000412D46612D6638393031323312
:10E01000343536375D002B2D003030007858000045
:08E02000B021FD7F01000000AA
:04E02800B501000836
:04E02C009101000856
:10E0300000000000000000000000000000000000E0
:10E0400000000000000000000000000000000000D0
:10E0500000000000000000000000000000000000C0
:10E0600000000000000000000000000000000000B0
:10E0700000000000000000000000000000000000A0
:10E080000000000000000000000000000000000090
:10E090000000000000000000000000000000000080
:10E0A0000000000000000000000000000000000070
:10E0B0000000000000000000000000000000000060
:10E0C0000000000000000000000000000000000050
:10E0D0000000000000000000000000000000000040
:10E0E0000000000000000000000000000000000030
:10E0F0000000000000000000000000000000000020
:10E10000000000000000000000000000000000000F
:10E1100000000000000000000000000000000000FF
:10E1200000000000000000000000000000000000EF
:10E1300000000000000000000000000000000000DF
:10E1400000000000000000000000000000000000CF
:10E1500000000000000000000000000000000000BF
:10E1600000000000000000000000000000000000AF
:10E17000000000000000000000000000000000009F
:10E18000000000000000000000000000000000008F
:10E19000000000000000000000000000000000007F
:10E1A000000000000000000000000000000000006F
:10E1B000000000000000000000000000000000005F
:10E1C000000000000000000000000000000000004F
:10E1D000000000000000000000000000000000003F
:10E1E000000000000000000000000000000000002F
:10E1F000000000000000000000000000000000001F
:10E20000000000000000000000000000000000000E
:10E2100000000000000000000000000000000000FE
:10E2200000000000000000000000000000000000EE
:10E2300000000000000000000000000000000000DE
:10E2400000000000000000000000000000000000CE
:10E2500000000000000000000000000000000000BE
:10E2600000000000901500200024F40000000000D1
:10E2700000000000000000000000803F0000803F20
:10E280000000803F000000000000000000000000CF
:10E29000C0150020010000004EB03A6C8E814595FB
:10E2A000C5E26EE401010505010101010101010161
:10E2B0000010000005000000050055010101E80301
:10E2C000201C0000000000002D00000000000000E5
:10E2D00098F98E3C100000000101000006000000CB
:10E2E000AAAAAAAA0000000059F3F8C21F6EA5014D
:10E2F000000000000000F03F0000000003000000EC
:10E3000010650120FFDC0208FFDC0208430000006A
:10E3100000000000000000000000000000000000FD
:10E3200000000000000000000000000043000000AA
:10E3300000000000000000000000000000000000DD
:10E34000000000000000000000000000430000008A
:10E3500000000000000000000000000000000000BD
:10E36000000000000000000000000000430000006A
:10E37000000000000000000000000000000000009D
:10E38000000000000000000000000000430000004A
:10E39000000000000000000000000000000000007D
:10E3A000000000000000000000000000430000002A
:10E3B000000000000000000000000000000000005D
:10E3C000000000000000000000000000430000000A
:10E3D000000000000000000000000000000000003D
:10E3E00000000000000000000000000095AC0208E2
:10E3F00001A202080000000098DB020838DB0208D6
:10E400008DDD02088DDD02088DDD02088DDD02083C
:10E410008DDD02088DDD02088DDD02088DDD02082C
:10E420008DDD0208FFFFFFFFFFFFFFFFFFFFFFFF84
:10E43000FFFF000001004153434949000000000074
:10E4400000000000000000000000000000000000CC
:10E450000000000000004153434949000000000053
:10E4600000000000000000000000000000000000AC
:10E4700000000000000000004C040020000000002C
:10E480001065012078650120E06501200000000092
:10E49000000000000000000000000000000000007C
:10E4A000000000000000000000000000000000006C
:10E4B000000000000000000000000000000000005C
:10E4C000000000000000000001000000000000004B
:10E4D0004A000000000000000000000000000000F2
:10E4E000000000000000000000000000000000002C
:10E4F00000000000000000004A00000000000000D2
:10E50000000000000000000000000000000000000B
:10E5100000000000000000000000000000000000FB
:10E5200000000000000000000000000000000000EB
:10E5300000000000000000000000000000000000DB
:10E5400000000000000000000000000000000000CB
:10E5500000000000000000000000000000000000BB
:10E5600000000000000000000000000000000000AB
:10E57000000000000000000000000000000000009B
:10E58000000000000000000000000000000000008B
:10E59000000000000000000000000000000000007B
:10E5A000000000000000000000000000000000006B
:10E5B000000000000000000000000000000000005B
:10E5C000000000000000000000000000000000004B
:10E5D000000000000000000000000000000000003B
:10E5E000000000000000000000000000000000002B
:10E5F000000000000000000000000000000000001B
:10E60000000000000000000000000000000000000A
:10E6100000000000000000000000000000000000FA
:10E6200000000000000000000000000000000000EA
:10E6300000000000000000000000000000000000DA
:10E6400000000000000000000000000000000000CA
:10E6500000000000000000000000000000000000BA
:10E6600000000000000000000000000000000000AA
:10E67000000000000000000000000000000000009A
:10E68000000000000000000000000000000000008A
:10E69000000000000000000000000000000000007A
:10E6A000000000000000000000000000000000006A
:10E6B000000000000000000000000000000000005A
:10E6C000000000000000000000000000000000004A
:10E6D000000000000000000000000000000000003A
:10E6E000000000000000000000000000000000002A
:10E6F000000000000000000000000000000000001A
:10E700000000000000000000000000000000000009
:10E7100000000000000000000000000000000000F9
:10E7200000000000000000000000000000000000E9
:10E7300000000000000000000000000000000000D9
:10E7400000000000000000000000000000000000C9
:10E7500000000000000000000000000000000000B9
:10E7600000000000000000000000000000000000A9
:10E770000000000000000000000000000000000099
:10E780000000000000000000000000000000000089
:10E790000000000000000000000000000000000079
:10E7A0000000000000000000000000000000000069
:10E7B0000000000000000000000000000000000059
:10E7C0000000000000000000000000000000000049
:10E7D0000000000000000000000000000000000039
:10E7E0000000000000000000000000000000000029
:10E7F0000000000000000000000000000000000019
:10E800000000000000000000000000000000000008
:10E8100000000000000000000000000000000000F8
:10E8200000000000000000000000000000000000E8
:10E8300000000000000000000000000000000000D8
:10E8400000000000000000000000000000000000C8
:10E8500000000000000000000000000000000000B8
:10E8600000000000000000000000000000000000A8
:10E870000000000000000000000000000000000098
:10E880000000000000000000000000000000000088
:10E890000000000000000000000000000000000078
:10E8A0000000000000000000000000000000000068
:10E8B0000000000000000000000000000000000058
:10E8C0000000000000000000000000000000000048
:10E8D0000000000000000000000000000000000038
:10E8E0000000000000000000000000000000000028
:10E8F0000000000000000000000000000000000018
:10E900000000000000000000000000000000000007
:10E9100000000000000000000000000000000000F7
:10E9200000000000000000000000000000000000E7
:10E9300000000000000000000000000000000000D7
:10E9400000000000000000000000000000000000C7
:10E9500000000000000000000000000000000000B7
:10E9600000000000000000000000000000000000A7
:10E970000000000000000000000000000000000097
:10E980000000000000000000000000000000000087
:10E990000000000000000000000000000000000077
:10E9A0000000000000000000000000000000000067
:10E9B0000000000000000000000000000000000057
:10E9C0000000000000000000000000000000000047
:10E9D0000000000000000000000000000000000037
:10E9E0000000000000000000000000000000000027
:10E9F0000000000000000000000000000000000017
:10EA00000000000000000000000000000000000006
:10EA100000000000000000000000000000000000F6
:10EA200000000000000000000000000000000000E6
:10EA300000000000000000000000000000000000D6
:10EA400000000000000000000000000000000000C6
:10EA500000000000000000000000000000000000B6
:10EA600000000000000000000000000000000000A6
:10EA70000000000000000000000000000000000096
:10EA80000000000000000000000000000000000086
:10EA90000000000000000000000000000000000076
:10EAA0000000000000000000000000000000000066
:10EAB0000000000000000000000000000000000056
:10EAC0000000000000000000000000000000000046
:10EAD0000000000000000000000000000000000036
:10EAE0000000000000000000000000000000000026
:10EAF0000000000000000000000000000000000016
:10EB00000000000000000000000000000000000005
:10EB100000000000000000000000000000000000F5
:10EB200000000000000000000000000000000000E5
:10EB300000000000000000000000000000000000D5
:10EB400000000000000000000000000000000000C5
:10EB500000000000000000000000000000000000B5
:10EB600000000000000000000000000000000000A5
:10EB70000000000000000000000000000000000095
:10EB80000000000000000000000000000000000085
:10EB90000000000000000000000000000000000075
:10EBA0000000000000000000000000000000000065
:10EBB0000000000000000000000000000000000055
:10EBC0000000000000000000000000000000000045
:10EBD0000000000000000000000000000000000035
:10EBE0000000000000000000000000000000000025
:10EBF0000000000000000000000000000000000015
:10EC00000000000000000000000000000000000004
:10EC100000000000000000000000000000000000F4
:10EC200000000000000000000000000000000000E4
:10EC300000000000000000000000000000000000D4
:10EC400000000000000000000000000000000000C4
:10EC500000000000000000000000000000000000B4
:10EC600000000000000000000000000000000000A4
:10EC70000000000000000000000000000000000094
:10EC80000000000000000000000000000000000084
:10EC90000000000000000000000000000000000074
:10ECA0000000000000000000000000000000000064
:10ECB0000000000000000000000000000000000054
:10ECC0000000000000000000000000000000000044
:10ECD0000000000000000000000000000000000034
:10ECE0000000000000000000000000000000000024
:10ECF0000000000000000000000000000000000014
:10ED00000000000000000000000000000000000003
:10ED100000000000000000000000000000000000F3
:10ED200000000000000000000000000000000000E3
:10ED300000000000000000000000000000000000D3
:10ED400000000000000000000000000000000000C3
:10ED500000000000000000000000000000000000B3
:10ED600000000000000000000000000000000000A3
:10ED70000000000000000000000000000000000093
:10ED80000000000000000000000000000000000083
:10ED90000000000000000000000000000000000073
:10EDA0000000000000000000000000000000000063
:10EDB0000000000000000000000000000000000053
:10EDC0000000000000000000000000000000000043
:10EDD0000000000000000000000000000000000033
:10EDE0000000000000000000000000000000000023
:10EDF0000000000000000000000000000000000013
:10EE00000000000000000000000000000000000002
:10EE100000000000000000000000000000000000F2
:10EE200000000000000000000000000000000000E2
:10EE300000000000000000000000000000000000D2
:10EE400000000000000000000000000000000000C2
:10EE500000000000000000000000000000000000B2
:10EE600000000000000000000000000000000000A2
:10EE70000000000000000000000000000000000092
:10EE80000000000000000000000000000000000082
:10EE90000000000000000000000000000000000072
:10EEA0000000000000000000000000000000000062
:10EEB0000000000000000000000000000000000052
:10EEC0000000000000000000000000000000000042
:10EED0000000000000000000000000000000000032
:10EEE0000000000000000000000000000000000022
:10EEF0000000000000000000000000000000000012
:10EF00000000000000000000000000000000000001
:10EF100000000000000000000000000000000000F1
:10EF200000000000000000000000000000000000E1
:10EF300000000000000000000000000000000000D1
:10EF400000000000000000000000000000000000C1
:10EF500000000000000000000000000000000000B1
:10EF600000000000000000000000000000000000A1
:10EF70000000000000000000000000000000000091
:10EF80000000000000000000000000000000000081
:10EF90000000000000000000000000000000000071
:10EFA0000000000000000000000000000000000061
:10EFB0000000000000000000000000000000000051
:10EFC0000000000000000000000000000000000041
:10EFD0000000000000000000000000000000000031
:10EFE0000000000000000000000000000000000021
:10EFF0000000000000000000000000000000000011
:10F000000000000000000000000000000000000000
:10F0100000000000000000000000000000000000F0
:10F0200000000000000000000000000000000000E0
:10F0300000000000000000000000000000000000D0
:10F0400000000000000000000000000000000000C0
:10F0500000000000000000000000000000000000B0
:10F0600000000000000000000000000000000000A0
:10F070000000000000000000000000000000000090
:10F080000000000000000000000000000000000080
:10F090000000000000000000000000000000000070
:10F0A0000000000000000000000000000000000060
:10F0B0000000000000000000000000000000000050
:10F0C0000000000000000000000000000000000040
:10F0D0000000000000000000000000000000000030
:10F0E0000000000000000000000000000000000020
:10F0F0000000000000000000000000000000000010
:10F1000000000000000000000000000000000000FF
:10F1100000000000000000000000000000000000EF
:10F1200000000000000000000000000000000000DF
:10F1300000000000000000000000000000000000CF
:10F1400000000000000000000000000000000000BF
:10F1500000000000000000000000000000000000AF
:10F16000000000000000000000000000000000009F
:10F17000000000000000000000000000000000008F
:10F18000000000000000000000000000000000007F
:10F19000000000000000000000000000000000006F
:10F1A000000000000000000000000000000000005F
:10F1B000000000000000000000000000000000004F
:10F1C000000000000000000000000000000000003F
:10F1D000000000000000000000000000000000002F
:10F1E000000000000000000000000000000000001F
:10F1F000000000000000000000000000000000000F
:10F2000000000000000000000000000000000000FE
:10F2100000000000000000000000000000000000EE
:10F2200000000000000000000000000000000000DE
:10F2300000000000000000000000000000000000CE
:10F2400000000000000000000000000000000000BE
:10F2500000000000000000000000000000000000AE
:10F26000000000000000000000000000000000009E
:10F27000000000000000000000000000000000008E
:10F28000000000000000000000000000000000007E
:10F29000000000000000000000000000000000006E
:10F2A000000000000000000000000000000000005E
:10F2B000000000000000000000000000000000004E
:10F2C000000000000000000000000000000000003E
:10F2D000000000000000000000000000000000002E
:10F2E000000000000000000000000000000000001E
:10F2F000000000000000000000000000000000000E
:10F3000000000000000000000000000000000000FD
:10F3100000000000000000000000000000000000ED
:10F3200000000000000000000000000000000000DD
:10F3300000000000000000000000000000000000CD
:10F3400000000000000000000000000000000000BD
:10F3500000000000000000000000000000000000AD
:10F36000000000000000000000000000000000009D
:10F37000000000000000000000000000000000008D
:10F38000000000000000000000000000000000007D
:10F39000000000000000000000000000000000006D
:10F3A000000000000000000000000000000000005D
:10F3B000000000000000000000000000000000004D
:10F3C000000000000000000000000000000000003D
:10F3D000000000000000000000000000000000002D
:10F3E000000000000000000000000000000000001D
:10F3F000000000000000000000000000000000000D
:10F4000000000000000000000000000000000000FC
:10F4100000000000000000000000000000000000EC
:10F4200000000000000000000000000000000000DC
:10F4300000000000000000000000000000000000CC
:10F4400000000000000000000000000000000000BC
:10F4500000000000000000000000000000000000AC
:10F46000000000000000000000000000000000009C
:10F47000000000000000000000000000000000008C
:10F48000000000000000000000000000000000007C
:10F49000000000000000000000000000000000006C
:10F4A000000000000000000000000000000000005C
:10F4B000000000000000000000000000000000004C
:10F4C000000000000000000000000000000000003C
:10F4D000000000000000000000000000000000002C
:10F4E000000000000000000000000000000000001C
:10F4F000000000000000000000000000000000000C
:10F5000000000000000000000000000000000000FB
:10F5100000000000000000000000000000000000EB
:10F5200000000000000000000000000000000000DB
:10F5300000000000000000000000000000000000CB
:10F5400000000000000000000000000000000000BB
:10F5500000000000000000000000000000000000AB
:10F56000000000000000000000000000000000009B
:10F57000000000000000000000000000000000008B
:10F58000000000000000000000000000000000007B
:10F59000000000000000000000000000000000006B
:10F5A000000000000000000000000000000000005B
:10F5B000000000000000000000000000000000004B
:10F5C000000000000000000000000000000000003B
:10F5D000000000000000000000000000000000002B
:10F5E000000000000000000000000000000000001B
:10F5F000000000000000000000000000000000000B
:10F6000000000000000000000000000000000000FA
:10F6100000000000000000000000000000000000EA
:10F6200000000000000000000000000000000000DA
:10F6300000000000000000000000000000000000CA
:10F6400000000000000000000000000000000000BA
:10F6500000000000000000000000000000000000AA
:10F66000000000000000000000000000000000009A
:10F67000000000000000000000000000000000008A
:10F68000000000000000000000000000000000007A
:10F69000000000000000000000000000000000006A
:10F6A000000000000000000000000000000000005A
:10F6B000000000000000000000000000000000004A
:10F6C000000000000000000000000000000000003A
:10F6D000000000000000000000000000000000002A
:10F6E000000000000000000000000000000000001A
:10F6F000000000000000000000000000000000000A
:10F7000000000000000000000000000000000000F9
:10F7100000000000000000000000000000000000E9
:10F7200000000000000000000000000000000000D9
:10F7300000000000000000000000000000000000C9
:10F7400000000000000000000000000000000000B9
:10F7500000000000000000000000000000000000A9
:10F760000000000000000000000000000000000099
:10F770000000000000000000000000000000000089
:10F780000000000000000000000000000000000079
:10F790000000000000000000000000000000000069
:10F7A0000000000000000000000000000000000059
:10F7B0000000000000000000000000000000000049
:10F7C0000000000000000000000000000000000039
:10F7D0000000000000000000000000000000000029
:10F7E0000000000000000000000000000000000019
:10F7F0000000000000000000000000000000000009
:10F8000000000000000000000000000000000000F8
:10F8100000000000000000000000000000000000E8
:10F8200000000000000000000000000000000000D8
:10F8300000000000000000000000000000000000C8
:10F8400000000000000000000000000000000000B8
:10F8500000000000000000000000000000000000A8
:10F860000000000000000000000000000000000098
:10F870000000000000000000000000000000000088
:10F880000000000000000000000000000000000078
:10F890000000000000000000000000000000000068
:10F8A0000000000000000000000000000000000058
:10F8B0000000000000000000000000000000000048
:10F8C0000000000000000000000000000000000038
:10F8D0000000000000000000000000000000000028
:10F8E0000000000000000000000000000000000018
:10F8F0000000000000000000000000000000000008
:10F9000000000000000000000000000000000000F7
:10F9100000000000000000000000000000000000E7
:10F9200000000000000000000000000000000000D7
:10F9300000000000000000000000000000000000C7
:10F9400000000000000000000000000000000000B7
:10F9500000000000000000000000000000000000A7
:10F960000000000000000000000000000000000097
:10F970000000000000000000000000000000000087
:10F980000000000000000000000000000000000077
:10F990000000000000000000000000000000000067
:10F9A0000000000000000000000000000000000057
:10F9B0000000000000000000000000000000000047
:10F9C0000000000000000000000000000000000037
:10F9D0000000000000000000000000000000000027
:10F9E0000000000000000000000000000000000017
:10F9F0000000000000000000000000000000000007
:10FA000000000000000000000000000000000000F6
:10FA100000000000000000000000000000000000E6
:10FA200000000000000000000000000000000000D6
:10FA300000000000000000000000000000000000C6
:10FA400000000000000000000000000000000000B6
:10FA500000000000000000000000000000000000A6
:10FA60000000000000000000000000000000000096
:10FA70000000000000000000000000000000000086
:10FA80000000000000000000000000000000000076
:10FA90000000000000000000000000000000000066
:10FAA0000000000000000000000000000000000056
:10FAB0000000000000000000000000000000000046
:10FAC0000000000000000000000000000000000036
:10FAD0000000000000000000000000000000000026
:10FAE0000000000000000000000000000000000016
:10FAF0000000000000000000000000000000000006
:10FB000000000000000000000000000000000000F5
:10FB100000000000000000000000000000000000E5
:10FB200000000000000000000000000000000000D5
:10FB300000000000000000000000000000000000C5
:10FB400000000000000000000000000000000000B5
:10FB500000000000000000000000000000000000A5
:10FB60000000000000000000000000000000000095
:10FB70000000000000000000000000000000000085
:10FB80000000000000000000000000000000000075
:10FB90000000000000000000000000000000000065
:10FBA0000000000000000000000000000000000055
:10FBB0000000000000000000000000000000000045
:10FBC0000000000000000000000000000000000035
:10FBD0000000000000000000000000000000000025
:10FBE0000000000000000000000000000000000015
:10FBF0000000000000000000000000000000000005
:10FC000000000000000000000000000000000000F4
:10FC100000000000000000000000000000000000E4
:10FC200000000000000000000000000000000000D4
:10FC300000000000000000000000000000000000C4
:10FC400000000000000000000000000000000000B4
:10FC500000000000000000000000000000000000A4
:10FC60000000000000000000000000000000000094
:10FC70000000000000000000000000000000000084
:10FC80000000000000000000000000000000000074
:10FC90000000000000000000000000000000000064
:10FCA0000000000000000000000000000000000054
:10FCB0000000000000000000000000000000000044
:10FCC0000000000000000000000000000000000034
:10FCD0000000000000000000000000000000000024
:10FCE0000000000000000000000000000000000014
:10FCF0000000000000000000000000000000000004
:10FD000000000000000000000000000000000000F3
:10FD100000000000000000000000000000000000E3
:10FD200000000000000000000000000000000000D3
:10FD300000000000000000000000000000000000C3
:10FD400000000000000000000000000000000000B3
:10FD500000000000000000000000000000000000A3
:10FD60000000000000000000000000000000000093
:10FD70000000000000000000000000000000000083
:10FD80000000000000000000000000000000000073
:10FD90000000000000000000000000000000000063
:10FDA0000000000000000000000000000000000053
:10FDB0000000000000000000000000000000000043
:10FDC0000000000000000000000000000000000033
:10FDD0000000000000000000000000000000000023
:10FDE0000000000000000000000000000000000013
:10FDF0000000000000000000000000000000000003
:10FE000000000000000000000000000000000000F2
:10FE100000000000000000000000000000000000E2
:10FE200000000000000000000000000000000000D2
:10FE300000000000000000000000000000000000C2
:10FE400000000000000000000000000000000000B2
:10FE500000000000000000000000000000000000A2
:10FE60000000000000000000000000000000000092
:10FE70000000000000000000000000000000000082
:10FE80000000000000000000000000000000000072
:10FE90000000000000000000000000000000000062
:10FEA0000000000000000000000000000000000052
:10FEB0000000000000000000000000000000000042
:10FEC0000000000000000000000000000000000032
:10FED0000000000000000000000000000000000022
:10FEE0000000000000000000000000000000000012
:10FEF0000000000000000000000000000000000002
:10FF000000000000000000000000000000000000F1
:10FF100000000000000000000000000000000000E1
:10FF200000000000000000000000000000000000D1
:10FF300000000000000000000000000000000000C1
:10FF400000000000000000000000000000000000B1
:10FF500000000000000000000000000000000000A1
:10FF60000000000000000000000000000000000091
:10FF70000000000000000000000000000000000081
:10FF80000000000000000000000000000000000071
:10FF90000000000000000000000000000000000061
:10FFA0000000000000000000000000000000000051
:10FFB0000000000000000000000000000000000041
:10FFC0000000000000000000000000000000000031
:10FFD0000000000000000000000000000000000021
:10FFE0000000000000000000000000000000000011
:10FFF0000000000000000000000000000000000001
:020000040803EF
:1000000000000000000000000000000000000000F0
:1000100000000000000000000000000000000000E0
:1000200000000000000000000000000000000000D0
:1000300000000000000000000000000000000000C0
:1000400000000000000000000000000000000000B0
:1000500000000000000000000000000000000000A0
:100060000000000000000000000000000000000090
:100070000000000000000000000000000000000080
:100080000000000000000000000000000000000070
:100090000000000000000000000000000000000060
:1000A0000000000000000000000000000000000050
:1000B0000000000000000000000000000000000040
:1000C0000000000000000000000000000000000030
:1000D0000000000000000000000000000000000020
:1000E0000000000000000000000000000000000010
:1000F0000000000000000000000000000000000000
:1001000000000000000000000000000000000000EF
:1001100000000000000000000000000000000000DF
:1001200000000000000000000000000000000000CF
:1001300000000000000000000000000000000000BF
:1001400000000000000000000000000000000000AF
:10015000000000000000000000000000000000009F
:10016000000000000000000000000000000000008F
:10017000000000000000000000000000000000007F
:10018000000000000000000000000000000000006F
:10019000000000000000000000000000000000005F
:1001A000000000000000000000000000000000004F
:1001B000000000000000000000000000000000003F
:1001C000000000000000000000000000000000002F
:1001D000000000000000000000000000000000001F
:1001E000000000000000000000000000000000000F
:1001F00000000000000000000000000000000000FF
:1002000000000000000000000000000000000000EE
:1002100000000000000000000000000000000000DE
:1002200000000000000000000000000000000000CE
:1002300000000000000000000000000000000000BE
:1002400000000000000000000000000000000000AE
:10025000000000000000000000000000000000009E
:10026000000000000000000000000000000000008E
:10027000000000000000000000000000000000007E
:10028000000000000000000000000000000000006E
:10029000000000000000000000000000000000005E
:1002A000000000000000000000000000000000004E
:1002B000000000000000000000000000000000003E
:1002C000000000000000000000000000000000002E
:1002D000000000000000000000000000000000001E
:1002E000000000000000000000000000000000000E
:1002F00000000000000000000000000000000000FE
:1003000000000000000000000000000000000000ED
:1003100000000000000000000000000000000000DD
:1003200000000000000000000000000000000000CD
:1003300000000000000000000000000000000000BD
:1003400000000000000000000000000000000000AD
:10035000000000000000000000000000000000009D
:10036000000000000000000000000000000000008D
:10037000000000000000000000000000000000007D
:10038000000000000000000000000000000000006D
:10039000000000000000000000000000000000005D
:1003A000000000000000000000000000000000004D
:1003B000000000000000000000000000000000003D
:1003C000000000000000000000000000000000002D
:1003D000000000000000000000000000000000001D
:1003E000000000000000000000000000000000000D
:1003F00000000000000000000000000000000000FD
:1004000000000000000000000000000000000000EC
:1004100000000000000000000000000000000000DC
:1004200000000000000000000000000000000000CC
:1004300000000000000000000000000000000000BC
:1004400000000000000000000000000000000000AC
:10045000000000000000000000000000000000009C
:10046000000000000000000000000000000000008C
:10047000000000000000000000000000000000007C
:10048000000000000000000000000000000000006C
:10049000000000000000000000000000000000005C
:1004A000000000000000000000000000000000004C
:1004B000000000000000000000000000000000003C
:1004C000000000000000000000000000000000002C
:1004D000000000000000000000000000000000001C
:1004E000000000000000000000000000000000000C
:1004F00000000000000000000000000000000000FC
:1005000000000000000000000000000000000000EB
:1005100000000000000000000000000000000000DB
:1005200000000000000000000000000000000000CB
:1005300000000000000000000000000000000000BB
:1005400000000000000000000000000000000000AB
:10055000000000000000000000000000000000009B
:10056000000000000000000000000000000000008B
:10057000000000000000000000000000000000007B
:10058000000000000000000000000000000000006B
:10059000000000000000000000000000000000005B
:1005A000000000000000000000000000000000004B
:1005B000000000000000000000000000000000003B
:1005C000000000000000000000000000000000002B
:1005D000000000000000000000000000000000001B
:1005E000000000000000000000000000000000000B
:1005F00000000000000000000000000000000000FB
:1006000000000000000000000000000000000000EA
:1006100000000000000000000000000000000000DA
:1006200000000000000000000000000000000000CA
:1006300000000000000000000000000000000000BA
:1006400000000000000000000000000000000000AA
:10065000000000000000000000000000000000009A
:10066000000000000000000000000000000000008A
:10067000000000000000000000000000000000007A
:10068000000000000000000000000000000000006A
:10069000000000000000000000000000000000005A
:1006A000000000000000000000000000000000004A
:1006B000000000000000000000000000000000003A
:1006C000000000000000000000000000000000002A
:1006D000000000000000000000000000000000001A
:1006E000000000000000000000000000000000000A
:1006F00000000000000000000000000000000000FA
:1007000000000000000000000000000000000000E9
:1007100000000000000000000000000000000000D9
:1007200000000000000000000000000000000000C9
:1007300000000000000000000000000000000000B9
:1007400000000000000000000000000000000000A9
:100750000000000000000000000000000000000099
:100760000000000000000000000000000000000089
:100770000000000000000000000000000000000079
:100780000000000000000000000000000000000069
:100790000000000000000000000000000000000059
:1007A0000000000000000000000000000000000049
:1007B0000000000000000000000000000000000039
:1007C0000000000000000000000000000000000029
:1007D0000000000000000000000000000000000019
:1007E0000000000000000000000000000000000009
:1007F00000000000000000000000000000000000F9
:1008000000000000000000000000000000000000E8
:1008100000000000000000000000000000000000D8
:1008200000000000000000000000000000000000C8
:1008300000000000000000000000000000000000B8
:1008400000000000000000000000000000000000A8
:100850000000000000000000000000000000000098
:100860000000000000000000000000000000000088
:100870000000000000000000000000000000000078
:100880000000000000000000000000000000000068
:100890000000000000000000000000000000000058
:1008A0000000000000000000000000000000000048
:1008B0000000000000000000000000000000000038
:1008C0000000000000000000000000000000000028
:1008D0000000000000000000000000000000000018
:1008E0000000000000000000000000000000000008
:1008F00000000000000000000000000000000000F8
:1009000000000000000000000000000000000000E7
:1009100000000000000000000000000000000000D7
:1009200000000000000000000000000000000000C7
:1009300000000000000000000000000000000000B7
:1009400000000000000000000000000000000000A7
:100950000000000000000000000000000000000097
:100960000000000000000000000000000000000087
:100970000000000000000000000000000000000077
:100980000000000000000000000000000000000067
:100990000000000000000000000000000000000057
:1009A0000000000000000000000000000000000047
:1009B0000000000000000000000000000000000037
:1009C0000000000000000000000000000000000027
:1009D0000000000000000000000000000000000017
:1009E0000000000000000000000000000000000007
:1009F00000000000000000000000000000000000F7
:100A000000000000000000000000000000000000E6
:100A100000000000000000000000000000000000D6
:100A200000000000000000000000000000000000C6
:100A300000000000000000000000000000000000B6
:100A400000000000000000000000000000000000A6
:100A50000000000000000000000000000000000096
:100A60000000000000000000000000000000000086
:100A70000000000000000000000000000000000076
:100A80000000000000000000000000000000000066
:100A90000000000000000000000000000000000056
:100AA0000000000000000000000000000000000046
:100AB0000000000000000000000000000000000036
:100AC0000000000000000000000000000000000026
:100AD0000000000000000000000000000000000016
:100AE0000000000000000000000000000000000006
:100AF00000000000000000000000000000000000F6
:100B000000000000000000000000000000000000E5
:100B100000000000000000000000000000000000D5
:100B200000000000000000000000000000000000C5
:100B300000000000000000000000000000000000B5
:100B400000000000000000000000000000000000A5
:100B50000000000000000000000000000000000095
:100B60000000000000000000000000000000000085
:100B70000000000000000000000000000000000075
:100B80000000000000000000000000000000000065
:100B90000000000000000000000000000000000055
:100BA0000000000000000000000000000000000045
:100BB0000000000000000000000000000000000035
:100BC0000000000000000000000000000000000025
:100BD0000000000000000000000000000000000015
:100BE0000000000000000000000000000000000005
:100BF00000000000000000000000000000000000F5
:100C000000000000000000000000000000000000E4
:100C100000000000000000000000000000000000D4
:100C200000000000000000000000000000000000C4
:100C300000000000000000000000000000000000B4
:100C400000000000000000000000000000000000A4
:100C50000000000000000000000000000000000094
:100C60000000000000000000000000000000000084
:100C70000000000000000000000000000000000074
:100C80000000000000000000000000000000000064
:100C90000000000000000000000000000000000054
:100CA0000000000000000000000000000000000044
:100CB0000000000000000000000000000000000034
:100CC0000000000000000000000000000000000024
:100CD0000000000000000000000000000000000014
:100CE0000000000000000000000000000000000004
:100CF00000000000000000000000000000000000F4
:100D000000000000000000000000000000000000E3
:100D100000000000000000000000000000000000D3
:100D200000000000000000000000000000000000C3
:100D300000000000000000000000000000000000B3
:100D400000000000000000000000000000000000A3
:100D50000000000000000000000000000000000093
:100D60000000000000000000000000000000000083
:100D70000000000000000000000000000000000073
:100D80000000000000000000000000000000000063
:100D90000000000000000000000000000000000053
:100DA0000000000000000000000000000000000043
:100DB0000000000000000000000000000000000033
:100DC0000000000000000000000000000000000023
:100DD0000000000000000000000000000000000013
:100DE0000000000000000000000000000000000003
:100DF00000000000000000000000000000000000F3
:100E000000000000000000000000000000000000E2
:100E100000000000000000000000000000000000D2
:100E200000000000000000000000000000000000C2
:100E300000000000000000000000000000000000B2
:100E400000000000000000000000000000000000A2
:100E50000000000000000000000000000000000092
:100E60000000000000000000000000000000000082
:100E70000000000000000000000000000000000072
:100E80000000000000000000000000000000000062
:100E90000000000000000000000000000000000052
:100EA0000000000000000000000000000000000042
:100EB0000000000000000000000000000000000032
:100EC0000000000000000000000000000000000022
:100ED0000000000000000000000000000000000012
:100EE0000000000000000000000000000000000002
:100EF00000000000000000000000000000000000F2
:100F000000000000000000000000000000000000E1
:100F100000000000000000000000000000000000D1
:100F200000000000000000000000000000000000C1
:100F300000000000000000000000000000000000B1
:100F400000000000000000000000000000000000A1
:100F50000000000000000000000000000000000091
:100F60000000000000000000000000000000000081
:100F70000000000000000000000000000000000071
:100F80000000000000000000000000000000000061
:100F90000000000000000000000000000000000051
:100FA0000000000000000000000000000000000041
:100FB0000000000000000000000000000000000031
:100FC0000000000000000000000000000000000021
:100FD0000000000000000000000000000000000011
:100FE0000000000000000000000000000000000001
:100FF00000000000000000000000000000000000F1
:1010000000000000000000000000000000000000E0
:1010100000000000000000000000000000000000D0
:1010200000000000000000000000000000000000C0
:1010300000000000000000000000000000000000B0
:1010400000000000000000000000000000000000A0
:101050000000000000000000000000000000000090
:101060000000000000000000000000000000000080
:101070000000000000000000000000000000000070
:101080000000000000000000000000000000000060
:101090000000000000000000000000000000000050
:1010A0000000000000000000000000000000000040
:1010B0000000000000000000000000000000000030
:1010C0000000000000000000000000000000000020
:1010D0000000000000000000000000000000000010
:1010E0000000000000000000000000000000000000
:1010F00000000000000000000000000000000000F0
:1011000000000000000000000000000000000000DF
:1011100000000000000000000000000000000000CF
:1011200000000000000000000000000000000000BF
:1011300000000000000000000000000000000000AF
:10114000000000000000000000000000000000009F
:10115000000000000000000000000000000000008F
:10116000000000000000000000000000000000007F
:10117000000000000000000000000000000000006F
:10118000000000000000000000000000000000005F
:10119000000000000000000000000000000000004F
:1011A000000000000000000000000000000000003F
:1011B000000000000000000000000000000000002F
:1011C000000000000000000000000000000000001F
:1011D000000000000000000000000000000000000F
:1011E00000000000000000000000000000000000FF
:1011F00000000000000000000000000000000000EF
:1012000000000000000000000000000000000000DE
:1012100000000000000000000000000000000000CE
:1012200000000000000000000000000000000000BE
:1012300000000000000000000000000000000000AE
:10124000000000000000000000000000000000009E
:10125000000000000000000000000000000000008E
:10126000000000000000000000000000000000007E
:10127000000000000000000000000000000000006E
:10128000000000000000000000000000000000005E
:10129000000000000000000000000000000000004E
:1012A000000000000000000000000000000000003E
:1012B000000000000000000000000000000000002E
:1012C000000000000000000000000000000000001E
:1012D000000000000000000000000000000000000E
:1012E00000000000000000000000000000000000FE
:1012F00000000000000000000000000000000000EE
:1013000000000000000000000000000000000000DD
:1013100000000000000000000000000000000000CD
:1013200000000000000000000000000000000000BD
:1013300000000000000000000000000000000000AD
:10134000000000000000000000000000000000009D
:10135000000000000000000000000000000000008D
:10136000000000000000000000000000000000007D
:10137000000000000000000000000000000000006D
:10138000000000000000000000000000000000005D
:10139000000000000000000000000000000000004D
:1013A000000000000000000000000000000000003D
:1013B000000000000000000000000000000000002D
:1013C000000000000000000000000000000000001D
:1013D000000000000000000000000000000000000D
:1013E00000000000000000000000000000000000FD
:1013F00000000000000000000000000000000000ED
:1014000000000000000000000000000000000000DC
:1014100000000000000000000000000000000000CC
:1014200000000000000000000000000000000000BC
:1014300000000000000000000000000000000000AC
:10144000000000000000000000000000000000009C
:10145000000000000000000000000000000000008C
:10146000000000000000000000000000000000007C
:10147000000000000000000000000000000000006C
:10148000000000000000000000000000000000005C
:10149000000000000000000000000000000000004C
:1014A000000000000000000000000000000000003C
:1014B000000000000000000000000000000000002C
:1014C000000000000000000000000000000000001C
:1014D000000000000000000000000000000000000C
:1014E00000000000000000000000000000000000FC
:1014F00000000000000000000000000000000000EC
:1015000000000000000000000000000000000000DB
:1015100000000000000000000000000000000000CB
:1015200000000000000000000000000000000000BB
:1015300000000000000000000000000000000000AB
:10154000000000000000000000000000000000009B
:10155000000000000000000000000000000000008B
:10156000000000000000000000000000000000007B
:10157000000000000000000000000000000000006B
:10158000000000000000000000000000000000005B
:10159000000000000000000000000000000000004B
:1015A000000000000000000000000000000000003B
:1015B000000000000000000000000000000000002B
:1015C000000000000000000000000000000000001B
:1015D000000000000000000000000000000000000B
:1015E00000000000000000000000000000000000FB
:1015F00000000000000000000000000000000000EB
:1016000000000000000000000000000000000000DA
:1016100000000000000000000000000000000000CA
:1016200000000000000000000000000000000000BA
:1016300000000000000000000000000000000000AA
:10164000000000000000000000000000000000009A
:10165000000000000000000000000000000000008A
:10166000000000000000000000000000000000007A
:10167000000000000000000000000000000000006A
:10168000000000000000000000000000000000005A
:10169000000000000000000000000000000000004A
:1016A000000000000000000000000000000000003A
:1016B000000000000000000000000000000000002A
:1016C000000000000000000000000000000000001A
:1016D000000000000000000000000000000000000A
:1016E00000000000000000000000000000000000FA
:1016F00000000000000000000000000000000000EA
:1017000000000000000000000000000000000000D9
:1017100000000000000000000000000000000000C9
:1017200000000000000000000000000000000000B9
:1017300000000000000000000000000000000000A9
:101740000000000000000000000000000000000099
:101750000000000000000000000000000000000089
:101760000000000000000000000000000000000079
:101770000000000000000000000000000000000069
:101780000000000000000000000000000000000059
:101790000000000000000000000000000000000049
:1017A0000000000000000000000000000000000039
:1017B0000000000000000000000000000000000029
:1017C0000000000000000000000000000000000019
:1017D0000000000000000000000000000000000009
:1017E00000000000000000000000000000000000F9
:1017F00000000000000000000000000000000000E9
:1018000000000000000000000000000000000000D8
:1018100000000000000000000000000000000000C8
:1018200000000000000000000000000000000000B8
:1018300000000000000000000000000000000000A8
:101840000000000000000000000000000000000098
:101850000000000000000000000000000000000088
:101860000000000000000000000000000000000078
:101870000000000000000000000000000000000068
:101880000000000000000000000000000000000058
:101890000000000000000000000000000000000048
:1018A0000000000000000000000000000000000038
:1018B0000000000000000000000000000000000028
:1018C0000000000000000000000000000000000018
:1018D0000000000000000000000000000000000008
:1018E00000000000000000000000000000000000F8
:1018F00000000000000000000000000000000000E8
:1019000000000000000000000000000000000000D7
:1019100000000000000000000000000000000000C7
:1019200000000000000000000000000000000000B7
:1019300000000000000000000000000000000000A7
:101940000000000000000000000000000000000097
:101950000000000000000000000000000000000087
:101960000000000000000000000000000000000077
:101970000000000000000000000000000000000067
:101980000000000000000000000000000000000057
:101990000000000000000000000000000000000047
:1019A0000000000000000000000000000000000037
:1019B0000000000000000000000000000000000027
:1019C0000000000000000000000000000000000017
:1019D0000000000000000000000000000000000007
:1019E00000000000000000000000000000000000F7
:1019F00000000000000000000000000000000000E7
:101A000000000000000000000000000000000000D6
:101A100000000000000000000000000000000000C6
:101A200000000000000000000000000000000000B6
:101A300000000000000000000000000000000000A6
:101A40000000000000000000000000000000000096
:101A50000000000000000000000000000000000086
:101A60000000000000000000000000000000000076
:101A70000000000000000000000000000000000066
:101A80000000000000000000000000000000000056
:101A90000000000000000000000000000000000046
:101AA0000000000000000000000000000000000036
:101AB0000000000000000000000000000000000026
:101AC0000000000000000000000000000000000016
:101AD0000000000000000000000000000000000006
:101AE00000000000000000000000000000000000F6
:101AF00000000000000000000000000000000000E6
:101B000000000000000000000000000000000000D5
:101B100000000000000000000000000000000000C5
:101B200000000000000000000000000000000000B5
:101B300000000000000000000000000000000000A5
:101B40000000000000000000000000000000000095
:101B50000000000000000000000000000000000085
:101B60000000000000000000000000000000000075
:101B70000000000000000000000000000000000065
:101B80000000000000000000000000000000000055
:101B90000000000000000000000000000000000045
:101BA0000000000000000000000000000000000035
:101BB0000000000000000000000000000000000025
:101BC0000000000000000000000000000000000015
:101BD0000000000000000000000000000000000005
:101BE00000000000000000000000000000000000F5
:101BF00000000000000000000000000000000000E5
:101C000000000000000000000000000000000000D4
:101C100000000000000000000000000000000000C4
:101C200000000000000000000000000000000000B4
:101C300000000000000000000000000000000000A4
:101C40000000000000000000000000000000000094
:101C50000000000000000000000000000000000084
:101C60000000000000000000000000000000000074
:101C70000000000000000000000000000000000064
:101C80000000000000000000000000000000000054
:101C90000000000000000000000000000000000044
:101CA0000000000000000000000000000000000034
:101CB0000000000000000000000000000000000024
:101CC0000000000000000000000000000000000014
:101CD0000000000000000000000000000000000004
:101CE00000000000000000000000000000000000F4
:101CF00000000000000000000000000000000000E4
:101D000000000000000000000000000000000000D3
:101D100000000000000000000000000000000000C3
:101D200000000000000000000000000000000000B3
:101D300000000000000000000000000000000000A3
:101D40000000000000000000000000000000000093
:101D50000000000000000000000000000000000083
:101D60000000000000000000000000000000000073
:101D70000000000000000000000000000000000063
:101D80000000000000000000000000000000000053
:101D90000000000000000000000000000000000043
:101DA0000000000000000000000000000000000033
:101DB0000000000000000000000000000000000023
:101DC0000000000000000000000000000000000013
:101DD0000000000000000000000000000000000003
:101DE00000000000000000000000000000000000F3
:101DF00000000000000000000000000000000000E3
:101E000000000000000000000000000000000000D2
:101E100000000000000000000000000000000000C2
:101E200000000000000000000000000000000000B2
:101E300000000000000000000000000000000000A2
:101E40000000000000000000000000000000000092
:101E50000000000000000000000000000000000082
:101E60000000000000000000000000000000000072
:101E70000000000000000000000000000000000062
:101E80000000000000000000000000000000000052
:101E90000000000000000000000000000000000042
:101EA0000000000000000000000000000000000032
:101EB0000000000000000000000000000000000022
:101EC0000000000000000000000000000000000012
:101ED0000000000000000000000000000000000002
:101EE00000000000000000000000000000000000F2
:101EF00000000000000000000000000000000000E2
:101F000000000000000000000000000000000000D1
:101F100000000000000000000000000000000000C1
:101F200000000000000000000000000000000000B1
:101F300000000000000000000000000000000000A1
:101F40000000000000000000000000000000000091
:101F50000000000000000000000000000000000081
:101F60000000000000000000000000000000000071
:101F70000000000000000000000000000000000061
:101F80000000000000000000000000000000000051
:101F90000000000000000000000000000000000041
:101FA0000000000000000000000000000000000031
:101FB0000000000000000000000000000000000021
:101FC0000000000000000000000000000000000011
:101FD0000000000000000000000000000000000001
:101FE00000000000000000000000000000000000F1
:101FF00000000000000000000000000000000000E1
:1020000000000000000000000000000000000000D0
:1020100000000000000000000000000000000000C0
:1020200000000000000000000000000000000000B0
:1020300000000000000000000000000000000000A0
:102040000000000000000000000000000000000090
:102050000000000000000000000000000000000080
:102060000000000000000000000000000000000070
:102070000000000000000000000000000000000060
:102080000000000000000000000000000000000050
:102090000000000000000000000000000000000040
:1020A0000000000000000000000000000000000030
:1020B0000000000000000000000000000000000020
:1020C0000000000000000000000000000000000010
:1020D0000000000000000000000000000000000000
:1020E00000000000000000000000000000000000F0
:1020F00000000000000000000000000000000000E0
:1021000000000000000000000000000000000000CF
:1021100000000000000000000000000000000000BF
:1021200000000000000000000000000000000000AF
:10213000000000000000000000000000000000009F
:10214000000000000000000000000000000000008F
:10215000000000000000000000000000000000007F
:10216000000000000000000000000000000000006F
:10217000000000000000000000000000000000005F
:10218000000000000000000000000000000000004F
:10219000000000000000000000000000000000003F
:1021A000000000000000000000000000000000002F
:1021B000000000000000000000000000000000001F
:1021C000000000000000000000000000000000000F
:1021D00000000000000000000000000000000000FF
:1021E00000000000000000000000000000000000EF
:1021F00000000000000000000000000000000000DF
:1022000000000000000000000000000000000000CE
:1022100000000000000000000000000000000000BE
:1022200000000000000000000000000000000000AE
:10223000000000000000000000000000000000009E
:10224000000000000000000000000000000000008E
:10225000000000000000000000000000000000007E
:10226000000000000000000000000000000000006E
:10227000000000000000000000000000000000005E
:10228000000000000000000000000000000000004E
:10229000000000000000000000000000000000003E
:1022A000000000000000000000000000000000002E
:1022B000000000000000000000000000000000001E
:1022C000000000000000000000000000000000000E
:1022D00000000000000000000000000000000000FE
:1022E00000000000000000000000000000000000EE
:1022F00000000000000000000000000000000000DE
:1023000000000000000000000000000000000000CD
:1023100000000000000000000000000000000000BD
:1023200000000000000000000000000000000000AD
:10233000000000000000000000000000000000009D
:10234000000000000000000000000000000000008D
:10235000000000000000000000000000000000007D
:10236000000000000000000000000000000000006D
:10237000000000000000000000000000000000005D
:10238000000000000000000000000000000000004D
:10239000000000000000000000000000000000003D
:1023A000000000000000000000000000000000002D
:1023B000000000000000000000000000000000001D
:1023C000000000000000000000000000000000000D
:1023D00000000000000000000000000000000000FD
:1023E00000000000000000000000000000000000ED
:1023F00000000000000000000000000000000000DD
:1024000000000000000000000000000000000000CC
:1024100000000000000000000000000000000000BC
:1024200000000000000000000000000000000000AC
:10243000000000000000000000000000000000009C
:10244000000000000000000000000000000000008C
:10245000000000000000000000000000000000007C
:10246000000000000000000000000000000000006C
:10247000000000000000000000000000000000005C
:10248000000000000000000000000000000000004C
:10249000000000000000000000000000000000003C
:1024A000000000000000000000000000000000002C
:1024B000000000000000000000000000000000001C
:1024C000000000000000000000000000000000000C
:1024D00000000000000000000000000000000000FC
:1024E00000000000000000000000000000000000EC
:1024F00000000000000000000000000000000000DC
:1025000000000000000000000000000000000000CB
:1025100000000000000000000000000000000000BB
:1025200000000000000000000000000000000000AB
:10253000000000000000000000000000000000009B
:10254000000000000000000000000000000000008B
:10255000000000000000000000000000000000007B
:10256000000000000000000000000000000000006B
:10257000000000000000000000000000000000005B
:10258000000000000000000000000000000000004B
:10259000000000000000000000000000000000003B
:1025A000000000000000000000000000000000002B
:1025B000000000000000000000000000000000001B
:1025C000000000000000000000000000000000000B
:1025D00000000000000000000000000000000000FB
:1025E00000000000000000000000000000000000EB
:1025F00000000000000000000000000000000000DB
:1026000000000000000000000000000000000000CA
:1026100000000000000000000000000000000000BA
:1026200000000000000000000000000000000000AA
:10263000000000000000000000000000000000009A
:10264000000000000000000000000000000000008A
:10265000000000000000000000000000000000007A
:10266000000000000000000000000000000000006A
:10267000000000000000000000000000000000005A
:10268000000000000000000000000000000000004A
:10269000000000000000000000000000000000003A
:1026A000000000000000000000000000000000002A
:1026B000000000000000000000000000000000001A
:1026C000000000000000000000000000000000000A
:1026D00000000000000000000000000000000000FA
:1026E00000000000000000000000000000000000EA
:1026F00000000000000000000000000000000000DA
:1027000000000000000000000000000000000000C9
:1027100000000000000000000000000000000000B9
:1027200000000000000000000000000000000000A9
:102730000000000000000000000000000000000099
:102740000000000000000000000000000000000089
:102750000000000000000000000000000000000079
:102760000000000000000000000000000000000069
:102770000000000000000000000000000000000059
:102780000000000000000000000000000000000049
:102790000000000000000000000000000000000039
:1027A0000000000000000000000000000000000029
:1027B0000000000000000000000000000000000019
:1027C0000000000000000000000000000000000009
:1027D00000000000000000000000000000000000F9
:1027E00000000000000000000000000000000000E9
:1027F00000000000000000000000000000000000D9
:1028000000000000000000000000000000000000C8
:1028100000000000000000000000000000000000B8
:1028200000000000000000000000000000000000A8
:102830000000000000000000000000000000000098
:102840000000000000000000000000000000000088
:102850000000000000000000000000000000000078
:102860000000000000000000000000000000000068
:102870000000000000000000000000000000000058
:102880000000000000000000000000000000000048
:102890000000000000000000000000000000000038
:1028A0000000000000000000000000000000000028
:1028B0000000000000000000000000000000000018
:1028C0000000000000000000000000000000000008
:1028D00000000000000000000000000000000000F8
:1028E00000000000000000000000000000000000E8
:1028F00000000000000000000000000000000000D8
:1029000000000000000000000000000000000000C7
:1029100000000000000000000000000000000000B7
:1029200000000000000000000000000000000000A7
:102930000000000000000000000000000000000097
:102940000000000000000000000000000000000087
:102950000000000000000000000000000000000077
:102960000000000000000000000000000000000067
:102970000000000000000000000000000000000057
:102980000000000000000000000000000000000047
:102990000000000000000000000000000000000037
:1029A0000000000000000000000000000000000027
:1029B0000000000000000000000000000000000017
:1029C0000000000000000000000000000000000007
:1029D00000000000000000000000000000000000F7
:1029E00000000000000000000000000000000000E7
:1029F00000000000000000000000000000000000D7
:102A000000000000000000000000000000000000C6
:102A100000000000000000000000000000000000B6
:102A200000000000000000000000000000000000A6
:102A30000000000000000000000000000000000096
:102A40000000000000000000000000000000000086
:102A50000000000000000000000000000000000076
:102A60000000000000000000000000000000000066
:102A70000000000000000000000000000000000056
:102A80000000000000000000000000000000000046
:102A90000000000000000000000000000000000036
:102AA0000000000000000000000000000000000026
:102AB0000000000000000000000000000000000016
:102AC0000000000000000000000000000000000006
:102AD00000000000000000000000000000000000F6
:102AE00000000000000000000000000000000000E6
:102AF00000000000000000000000000000000000D6
:102B000000000000000000000000000000000000C5
:102B100000000000000000000000000000000000B5
:102B200000000000000000000000000000000000A5
:102B30000000000000000000000000000000000095
:102B40000000000000000000000000000000000085
:102B50000000000000000000000000000000000075
:102B60000000000000000000000000000000000065
:102B70000000000000000000000000000000000055
:102B80000000000000000000000000000000000045
:102B90000000000000000000000000000000000035
:102BA0000000000000000000000000000000000025
:102BB0000000000000000000000000000000000015
:102BC0000000000000000000000000000000000005
:102BD00000000000000000000000000000000000F5
:102BE00000000000000000000000000000000000E5
:102BF00000000000000000000000000000000000D5
:102C000000000000000000000000000000000000C4
:102C100000000000000000000000000000000000B4
:102C200000000000000000000000000000000000A4
:102C30000000000000000000000000000000000094
:102C40000000000000000000000000000000000084
:102C50000000000000000000000000000000000074
:102C60000000000000000000000000000000000064
:102C70000000000000000000000000000000000054
:102C80000000000000000000000000000000000044
:102C90000000000000000000000000000000000034
:102CA0000000000000000000000000000000000024
:102CB0000000000000000000000000000000000014
:102CC0000000000000000000000000000000000004
:102CD00000000000000000000000000000000000F4
:102CE00000000000000000000000000000000000E4
:102CF00000000000000000000000000000000000D4
:102D000000000000000000000000000000000000C3
:102D100000000000000000000000000000000000B3
:102D200000000000000000000000000000000000A3
:102D30000000000000000000000000000000000093
:102D40000000000000000000000000000000000083
:102D50000000000000000000000000000000000073
:102D60000000000000000000000000000000000063
:102D70000000000000000000000000000000000053
:102D80000000000000000000000000000000000043
:102D90000000000000000000000000000000000033
:102DA0000000000000000000000000000000000023
:102DB0000000000000000000000000000000000013
:102DC0000000000000000000000000000000000003
:102DD00000000000000000000000000000000000F3
:102DE00000000000000000000000000000000000E3
:102DF00000000000000000000000000000000000D3
:102E000000000000000000000000000000000000C2
:102E100000000000000000000000000000000000B2
:102E200000000000000000000000000000000000A2
:102E30000000000000000000000000000000000092
:102E40000000000000000000000000000000000082
:102E50000000000000000000000000000000000072
:102E60000000000000000000000000000000000062
:102E70000000000000000000000000000000000052
:102E80000000000000000000000000000000000042
:102E90000000000000000000000000000000000032
:102EA0000000000000000000000000000000000022
:102EB0000000000000000000000000000000000012
:102EC0000000000000000000000000000000000002
:102ED00000000000000000000000000000000000F2
:102EE00000000000000000000000000000000000E2
:102EF00000000000000000000000000000000000D2
:102F000000000000000000000000000000000000C1
:102F100000000000000000000000000000000000B1
:102F200000000000000000000000000000000000A1
:102F30000000000000000000000000000000000091
:102F40000000000000000000000000000000000081
:102F50000000000000000000000000000000000071
:102F60000000000000000000000000000000000061
:102F70000000000000000000000000000000000051
:102F80000000000000000000000000000000000041
:102F90000000000000000000000000000000000031
:102FA0000000000000000000000000000000000021
:102FB0000000000000000000000000000000000011
:102FC0000000000000000000000000000000000001
:102FD00000000000000000000000000000000000F1
:102FE00000000000000000000000000000000000E1
:102FF00000000000000000000000000000000000D1
:1030000000000000000000000000000000000000C0
:1030100000000000000000000000000000000000B0
:1030200000000000000000000000000000000000A0
:103030000000000000000000000000000000000090
:103040000000000000000000000000000000000080
:103050000000000000000000000000000000000070
:103060000000000000000000000000000000000060
:103070000000000000000000000000000000000050
:103080000000000000000000000000000000000040
:103090000000000000000000000000000000000030
:1030A0000000000000000000000000000000000020
:1030B0000000000000000000000000000000000010
:1030C0000000000000000000000000000000000000
:1030D00000000000000000000000000000000000F0
:1030E00000000000000000000000000000000000E0
:1030F00000000000000000000000000000000000D0
:1031000000000000000000000000000000000000BF
:1031100000000000000000000000000000000000AF
:10312000000000000000000000000000000000009F
:10313000000000000000000000000000000000008F
:10314000000000000000000000000000000000007F
:10315000000000000000000000000000000000006F
:10316000000000000000000000000000000000005F
:10317000000000000000000000000000000000004F
:10318000000000000000000000000000000000003F
:10319000000000000000000000000000000000002F
:1031A000000000000000000000000000000000001F
:1031B000000000000000000000000000000000000F
:1031C00000000000000000000000000000000000FF
:1031D00000000000000000000000000000000000EF
:1031E00000000000000000000000000000000000DF
:1031F00000000000000000000000000000000000CF
:1032000000000000000000000000000000000000BE
:1032100000000000000000000000000000000000AE
:10322000000000000000000000000000000000009E
:10323000000000000000000000000000000000008E
:10324000000000000000000000000000000000007E
:10325000000000000000000000000000000000006E
:10326000000000000000000000000000000000005E
:10327000000000000000000000000000000000004E
:10328000000000000000000000000000000000003E
:10329000000000000000000000000000000000002E
:1032A000000000000000000000000000000000001E
:1032B000000000000000000000000000000000000E
:1032C00000000000000000000000000000000000FE
:1032D00000000000000000000000000000000000EE
:1032E00000000000000000000000000000000000DE
:1032F00000000000000000000000000000000000CE
:1033000000000000000000000000000000000000BD
:1033100000000000000000000000000000000000AD
:10332000000000000000000000000000000000009D
:10333000000000000000000000000000000000008D
:10334000000000000000000000000000000000007D
:10335000000000000000000000000000000000006D
:10336000000000000000000000000000000000005D
:10337000000000000000000000000000000000004D
:10338000000000000000000000000000000000003D
:10339000000000000000000000000000000000002D
:1033A000000000000000000000000000000000001D
:1033B000000000000000000000000000000000000D
:1033C00000000000000000000000000000000000FD
:1033D00000000000000000000000000000000000ED
:1033E00000000000000000000000000000000000DD
:1033F00000000000000000000000000000000000CD
:1034000000000000000000000000000000000000BC
:1034100000000000000000000000000000000000AC
:10342000000000000000000000000000000000009C
:10343000000000000000000000000000000000008C
:10344000000000000000000000000000000000007C
:10345000000000000000000000000000000000006C
:10346000000000000000000000000000000000005C
:10347000000000000000000000000000000000004C
:10348000000000000000000000000000000000003C
:10349000000000000000000000000000000000002C
:1034A000000000000000000000000000000000001C
:1034B000000000000000000000000000000000000C
:1034C00000000000000000000000000000000000FC
:1034D00000000000000000000000000000000000EC
:1034E00000000000000000000000000000000000DC
:1034F00000000000000000000000000000000000CC
:1035000000000000000000000000000000000000BB
:1035100000000000000000000000000000000000AB
:10352000000000000000000000000000000000009B
:10353000000000000000000000000000000000008B
:10354000000000000000000000000000000000007B
:10355000000000000000000000000000000000006B
:10356000000000000000000000000000000000005B
:10357000000000000000000000000000000000004B
:10358000000000000000000000000000000000003B
:10359000000000000000000000000000000000002B
:1035A000000000000000000000000000000000001B
:1035B000000000000000000000000000000000000B
:1035C00000000000000000000000000000000000FB
:1035D00000000000000000000000000000000000EB
:1035E00000000000000000000000000000000000DB
:1035F00000000000000000000000000000000000CB
:1036000000000000000000000000000000000000BA
:1036100000000000000000000000000000000000AA
:10362000000000000000000000000000000000009A
:10363000000000000000000000000000000000008A
:10364000000000000000000000000000000000007A
:10365000000000000000000000000000000000006A
:10366000000000000000000000000000000000005A
:10367000000000000000000000000000000000004A
:10368000000000000000000000000000000000003A
:10369000000000000000000000000000000000002A
:1036A000000000000000000000000000000000001A
:1036B000000000000000000000000000000000000A
:1036C00000000000000000000000000000000000FA
:1036D00000000000000000000000000000000000EA
:1036E00000000000000000000000000000000000DA
:1036F00000000000000000000000000000000000CA
:1037000000000000000000000000000000000000B9
:1037100000000000000000000000000000000000A9
:103720000000000000000000000000000000000099
:103730000000000000000000000000000000000089
:103740000000000000000000000000000000000079
:103750000000000000000000000000000000000069
:103760000000000000000000000000000000000059
:103770000000000000000000000000000000000049
:103780000000000000000000000000000000000039
:103790000000000000000000000000000000000029
:1037A0000000000000000000000000000000000019
:1037B0000000000000000000000000000000000009
:1037C00000000000000000000000000000000000F9
:1037D00000000000000000000000000000000000E9
:1037E00000000000000000000000000000000000D9
:1037F00000000000000000000000000000000000C9
:1038000000000000000000000000000000000000B8
:1038100000000000000000000000000000000000A8
:103820000000000000000000000000000000000098
:103830000000000000000000000000000000000088
:103840000000000000000000000000000000000078
:103850000000000000000000000000000000000068
:103860000000000000000000000000000000000058
:103870000000000000000000000000000000000048
:103880000000000000000000000000000000000038
:103890000000000000000000000000000000000028
:1038A0000000000000000000000000000000000018
:1038B0000000000000000000000000000000000008
:1038C00000000000000000000000000000000000F8
:1038D00000000000000000000000000000000000E8
:1038E00000000000000000000000000000000000D8
:1038F00000000000000000000000000000000000C8
:1039000000000000000000000000000000000000B7
:1039100000000000000000000000000000000000A7
:103920000000000000000000000000000000000097
:103930000000000000000000000000000000000087
:103940000000000000000000000000000000000077
:103950000000000000000000000000000000000067
:103960000000000000000000000000000000000057
:103970000000000000000000000000000000000047
:103980000000000000000000000000000000000037
:103990000000000000000000000000000000000027
:1039A0000000000000000000000000000000000017
:1039B0000000000000000000000000000000000007
:1039C00000000000000000000000000000000000F7
:1039D00000000000000000000000000000000000E7
:1039E00000000000000000000000000000000000D7
:1039F00000000000000000000000000000000000C7
:103A000000000000000000000000000000000000B6
:103A100000000000000000000000000000000000A6
:103A20000000000000000000000000000000000096
:103A30000000000000000000000000000000000086
:103A40000000000000000000000000000000000076
:103A50000000000000000000000000000000000066
:103A60000000000000000000000000000000000056
:103A70000000000000000000000000000000000046
:103A80000000000000000000000000000000000036
:103A90000000000000000000000000000000000026
:103AA0000000000000000000000000000000000016
:103AB0000000000000000000000000000000000006
:103AC00000000000000000000000000000000000F6
:103AD00000000000000000000000000000000000E6
:103AE00000000000000000000000000000000000D6
:103AF00000000000000000000000000000000000C6
:103B000000000000000000000000000000000000B5
:103B100000000000000000000000000000000000A5
:103B20000000000000000000000000000000000095
:103B30000000000000000000000000000000000085
:103B40000000000000000000000000000000000075
:103B50000000000000000000000000000000000065
:103B60000000000000000000000000000000000055
:103B70000000000000000000000000000000000045
:103B80000000000000000000000000000000000035
:103B90000000000000000000000000000000000025
:103BA0000000000000000000000000000000000015
:103BB0000000000000000000000000000000000005
:103BC00000000000000000000000000000000000F5
:103BD00000000000000000000000000000000000E5
:103BE00000000000000000000000000000000000D5
:103BF00000000000000000000000000000000000C5
:103C000000000000000000000000000000000000B4
:103C100000000000000000000000000000000000A4
:103C20000000000000000000000000000000000094
:103C30000000000000000000000000000000000084
:103C40000000000000000000000000000000000074
:103C50000000000000000000000000000000000064
:103C60000000000000000000000000000000000054
:103C70000000000000000000000000000000000044
:103C80000000000000000000000000000000000034
:103C90000000000000000000000000000000000024
:103CA0000000000000000000000000000000000014
:103CB0000000000000000000000000000000000004
:103CC00000000000000000000000000000000000F4
:103CD00000000000000000000000000000000000E4
:103CE00000000000000000000000000000000000D4
:103CF00000000000000000000000000000000000C4
:103D000000000000000000000000000000000000B3
:103D100000000000000000000000000000000000A3
:103D20000000000000000000000000000000000093
:103D30000000000000000000000000000000000083
:103D40000000000000000000000000000000000073
:103D50000000000000000000000000000000000063
:103D60000000000000000000000000000000000053
:103D70000000000000000000000000000000000043
:103D80000000000000000000000000000000000033
:103D90000000000000000000000000000000000023
:103DA0000000000000000000000000000000000013
:103DB0000000000000000000000000000000000003
:103DC00000000000000000000000000000000000F3
:103DD00000000000000000000000000000000000E3
:103DE00000000000000000000000000000000000D3
:103DF00000000000000000000000000000000000C3
:103E000000000000000000000000000000000000B2
:103E100000000000000000000000000000000000A2
:103E20000000000000000000000000000000000092
:103E30000000000000000000000000000000000082
:103E40000000000000000000000000000000000072
:103E50000000000000000000000000000000000062
:103E60000000000000000000000000000000000052
:103E70000000000000000000000000000000000042
:103E80000000000000000000000000000000000032
:103E90000000000000000000000000000000000022
:103EA0000000000000000000000000000000000012
:103EB0000000000000000000000000000000000002
:103EC00000000000000000000000000000000000F2
:103ED00000000000000000000000000000000000E2
:103EE00000000000000000000000000000000000D2
:103EF00000000000000000000000000000000000C2
:103F000000000000000000000000000000000000B1
:103F100000000000000000000000000000000000A1
:103F20000000000000000000000000000000000091
:103F30000000000000000000000000000000000081
:103F40000000000000000000000000000000000071
:103F50000000000000000000000000000000000061
:103F60000000000000000000000000000000000051
:103F70000000000000000000000000000000000041
:103F80000000000000000000000000000000000031
:103F90000000000000000000000000000000000021
:103FA0000000000000000000000000000000000011
:103FB0000000000000000000000000000000000001
:103FC00000000000000000000000000000000000F1
:103FD00000000000000000000000000000000000E1
:103FE00000000000000000000000000000000000D1
:103FF00000000000000000000000000000000000C1
:1040000000000000000000000000000000000000B0
:1040100000000000000000000000000000000000A0
:104020000000000000000000000000000000000090
:104030000000000000000000000000000000000080
:104040000000000000000000000000000000000070
:104050000000000000000000000000000000000060
:104060000000000000000000000000000000000050
:104070000000000000000000000000000000000040
:104080000000000000000000000000000000000030
:104090000000000000000000000000000000000020
:1040A0000000000000000000000000000000000010
:1040B0000000000000000000000000000000000000
:1040C00000000000000000000000000000000000F0
:1040D00000000000000000000000000000000000E0
:1040E00000000000000000000000000000000000D0
:1040F00000000000000000000000000000000000C0
:1041000000000000000000000000000000000000AF
:10411000000000000000000000000000000000009F
:10412000000000000000000000000000000000008F
:10413000000000000000000000000000000000007F
:10414000000000000000000000000000000000006F
:10415000000000000000000000000000000000005F
:10416000000000000000000000000000000000004F
:10417000000000000000000000000000000000003F
:10418000000000000000000000000000000000002F
:10419000000000000000000000000000000000001F
:1041A000000000000000000000000000000000000F
:1041B00000000000000000000000000000000000FF
:1041C00000000000000000000000000000000000EF
:1041D00000000000000000000000000000000000DF
:1041E00000000000000000000000000000000000CF
:1041F00000000000000000000000000000000000BF
:1042000000000000000000000000000000000000AE
:10421000000000000000000000000000000000009E
:10422000000000000000000000000000000000008E
:10423000000000000000000000000000000000007E
:10424000000000000000000000000000000000006E
:10425000000000000000000000000000000000005E
:10426000000000000000000000000000000000004E
:10427000000000000000000000000000000000003E
:10428000000000000000000000000000000000002E
:10429000000000000000000000000000000000001E
:1042A000000000000000000000000000000000000E
:1042B00000000000000000000000000000000000FE
:1042C00000000000000000000000000000000000EE
:1042D00000000000000000000000000000000000DE
:1042E00000000000000000000000000000000000CE
:1042F00000000000000000000000000000000000BE
:1043000000000000000000000000000000000000AD
:10431000000000000000000000000000000000009D
:10432000000000000000000000000000000000008D
:10433000000000000000000000000000000000007D
:10434000000000000000000000000000000000006D
:10435000000000000000000000000000000000005D
:10436000000000000000000000000000000000004D
:10437000000000000000000000000000000000003D
:10438000000000000000000000000000000000002D
:10439000000000000000000000000000000000001D
:1043A000000000000000000000000000000000000D
:1043B00000000000000000000000000000000000FD
:1043C00000000000000000000000000000000000ED
:1043D00000000000000000000000000000000000DD
:1043E00000000000000000000000000000000000CD
:1043F00000000000000000000000000000000000BD
:1044000000000000000000000000000000000000AC
:10441000000000000000000000000000000000009C
:10442000000000000000000000000000000000008C
:10443000000000000000000000000000000000007C
:10444000000000000000000000000000000000006C
:10445000000000000000000000000000000000005C
:10446000000000000000000000000000000000004C
:10447000000000000000000000000000000000003C
:10448000000000000000000000000000000000002C
:10449000000000000000000000000000000000001C
:1044A000000000000000000000000000000000000C
:1044B00000000000000000000000000000000000FC
:1044C00000000000000000000000000000000000EC
:1044D00000000000000000000000000000000000DC
:1044E00000000000000000000000000000000000CC
:1044F00000000000000000000000000000000000BC
:1045000000000000000000000000000000000000AB
:10451000000000000000000000000000000000009B
:10452000000000000000000000000000000000008B
:10453000000000000000000000000000000000007B
:10454000000000000000000000000000000000006B
:10455000000000000000000000000000000000005B
:10456000000000000000000000000000000000004B
:10457000000000000000000000000000000000003B
:0400000508002E5170
:00000001FF
