:020000040800F2
:1000000000000220512E0008812B0008892B0008D7
:10001000912B0008992B0008A12B0008000000007C
:100020000000000000000000000000006100020865
:10003000A92B00080000000051030208B9030208C0
:10004000A12E0008A12E0008A12E0008A12E000854
:10005000A12E0008A12E0008A12E0008A12E000844
:10006000B72B0008A12E0008A12E0008C52B000800
:10007000A12E0008A12E0008A12E0008A12E000824
:10008000D92B0008A12E0008A12E0008A12E0008DF
:10009000A12E0008A12E0008A12E0008A12E000804
:1000A000A12E0008A12E0008A12E0008A12E0008F4
:1000B000A12E0008A12E0008A12E0008A12E0008E4
:1000C000A12E0008A12E0008A12E0008A12E0008D4
:1000D000A12E0008A12E0008A12E0008ED2B00087B
:1000E000A12E0008012C0008A12E0008A12E000856
:1000F000A12E0008A12E0008A12E0008A12E0008A4
:10010000A12E0008152C0008A12E0008292C00089B
:100110003D2C0008A12E0008A12E0008512C00083B
:10012000A12E0008A12E0008A12E0008652C0008B1
:10013000A12E0008A12E0008A12E0008A12E000863
:10014000A12E0008A12E0008A12E0008A12E000853
:10015000A12E0008792C0008A12E00088D2C000883
:10016000A12E0008A12E0008A12E0008A12E000833
:10017000A12E0008A12E0008A12E000800000000FA
:08018000A12E0008A12E0008C9
:1001900010B5054C237833B9044B13B10448AFF3C1
:1001A00000800123237010BDF00400200000000037
:1001B00088C1020808B5034B1BB103490348AFF3DC
:1001C000008008BD00000000F404002088C102087F
:1001D00010F8012B11F8013B012A28BF9A42F7D0F1
:1001E000D01A7047034613F8012B002AFBD1181AC6
:1001F000013870470000000000000000000000000F
:1002000001F0FF01102A2BDB10F0070F08D010F8C7
:10021000013B013A8B422DD010F0070F42B3F6D1CB
:10022000F0B441EA012141EA014122F007047FF0E4
:1002300000070023F0E80256083C85EA010586EA3B
:10024000010685FA47F5A3FA87F586FA47F6A5FA77
:1002500087F68EB9EED1F0BC01F0FF0102F0070283
:1002600032B110F8013B013A83EA010313B1F8D12E
:100270000020704701387047002D06BF354603380F
:10028000073815F0010F07D1013015F4807F02BF48
:10029000013015F4C03F0130F0BC0138704700BF99
:1002A00081F0004102E000BF83F0004330B54FEA27
:1002B00041044FEA430594EA050F08BF90EA020F94
:1002C0001FBF54EA000C55EA020C7FEA645C7FEA27
:1002D000655C00F0E2804FEA5454D4EB5555B8BF4A
:1002E0006D420CDD2C4480EA020281EA030382EABB
:1002F000000083EA010180EA020281EA0303362D4D
:1003000088BF30BD11F0004F4FEA01314FF4801C1F
:100310004CEA113102D0404261EB410113F0004F31
:100320004FEA03334CEA133302D0524263EB4303E8
:1003300094EA050F00F0A780A4F10104D5F1200E86
:100340000DDB02FA0EFC22FA05F2801841F10001E1
:1003500003FA0EF2801843FA05F359410EE0A5F1B5
:1003600020050EF1200E012A03FA0EFC28BF4CF0E6
:10037000020C43FA05F3C01851EBE37101F000459C
:1003800007D54FF0000EDCF1000C7EEB00006EEBA9
:100390000101B1F5801F1BD3B1F5001F0CD3490833
:1003A0005FEA30004FEA3C0C04F101044FEA44528A
:1003B00012F5800F80F09A80BCF1004F08BF5FEA11
:1003C000500C50F1000041EB045141EA050130BDF1
:1003D0005FEA4C0C404141EB0101013C28BFB1F503
:1003E000801FE9D291F0000F04BF01460020B1FA4E
:1003F00081F308BF2033A3F10B03B3F120020CDA21
:100400000C3208DD02F1140CC2F10C0201FA0CF0FE
:1004100021FA02F10CE002F11402D8BFC2F1200C63
:1004200001FA02F120FA0CFCDCBF41EA0C01904019
:10043000E41AA2BF01EB0451294330BD6FEA040462
:100440001F3C1CDA0C340EDC04F11404C4F120024D
:1004500020FA04F001FA02F340EA030021FA04F35F
:1004600045EA030130BDC4F10C04C4F1200220FAB6
:1004700002F001FA04F340EA0300294630BD21FAF4
:1004800004F0294630BD94F0000F83F4801306BFBA
:1004900081F480110134013D4EE77FEA645C18BFAE
:1004A0007FEA655C29D094EA050F08BF90EA020F45
:1004B00005D054EA000C04BF1946104630BD91EA3D
:1004C000030F1EBF0021002030BD5FEA545C05D140
:1004D0004000494128BF41F0004130BD14F580047F
:1004E0003CBF01F5801130BD01F0004545F0FE41F3
:1004F00041F470014FF0000030BD7FEA645C1ABF28
:10050000194610467FEA655C1CBF0B46024650EA5E
:10051000013406BF52EA033591EA030F41F400218A
:1005200030BD00BF90F0000F04BF0021704730B510
:100530004FF4806404F132044FF000054FF00001E5
:1005400050E700BF90F0000F04BF0021704730B5A6
:100550004FF4806404F1320410F0004548BF40427B
:100560004FF000013EE700BF42004FEAE2014FEAD0
:1005700031014FEA02701FBF12F07F4393F07F4FAB
:1005800081F06051704732F07F4208BF704793F0AE
:100590007F4F04BF41F40021704730B54FF46074C1
:1005A00001F0004521F000411CE700BF50EA0102C4
:1005B00008BF704730B54FF000050AE050EA01026D
:1005C00008BF704730B511F0004502D5404261EBDD
:1005D00041014FF4806404F132045FEA915C3FF41E
:1005E000D8AE4FF003025FEADC0C18BF03325FEABB
:1005F000DC0C18BF033202EBDC02C2F1200300FA6C
:1006000003FC20FA02F001FA03FE40EA0E0021FA90
:1006100002F11444BDE600BF70B54FF0FF0C4CF47E
:10062000E06C1CEA11541DBF1CEA135594EA0C0F30
:1006300095EA0C0F00F0DEF82C4481EA030621EA6B
:100640004C5123EA4C5350EA013518BF52EA0335A6
:1006500041F4801143F4801338D0A0FB02CE4FF058
:100660000005E1FB02E506F00042E0FB03E54FF088
:100670000006E1FB03569CF0000F18BF4EF0010E80
:10068000A4F1FF04B6F5007F64F5407404D25FEA7C
:100690004E0E6D4146EB060642EAC62141EA55512F
:1006A0004FEAC52040EA5E504FEACE2EB4F1FD0C71
:1006B00088BFBCF5E06F1ED8BEF1004F08BF5FEAEF
:1006C000500E50F1000041EB045170BD06F00046A1
:1006D00046EA010140EA020081EA0301B4EB5C044E
:1006E000C2BFD4EB0C0541EA045170BD41F4801146
:1006F0004FF0000E013C00F3AB8014F1360FDEBF6B
:10070000002001F0004170BDC4F10004203C35DA46
:100710000C341BDC04F11404C4F1200500FA05F3C9
:1007200020FA04F001FA05F240EA020001F000426A
:1007300021F0004110EBD37021FA04F642EB0601E0
:100740005EEA430E08BF20EAD37070BDC4F10C040A
:10075000C4F1200500FA04F320FA05F001FA04F2CE
:1007600040EA020001F0004110EBD37041F10001BA
:100770005EEA430E08BF20EAD37070BDC4F12005C5
:1007800000FA05F24EEA020E20FA04F301FA05F22D
:1007900043EA020321FA04F001F0004121FA04F2D5
:1007A00020EA020000EBD3705EEA430E08BF20EAA5
:1007B000D37070BD94F0000F0FD101F000464000DF
:1007C00041EB010111F4801F08BF013CF7D041EA61
:1007D000060195F0000F18BF704703F00046520065
:1007E00043EB030313F4801F08BF013DF7D043EA36
:1007F0000603704794EA0C0F0CEA135518BF95EAEC
:100800000C0F0CD050EA410618BF52EA4306D1D172
:1008100081EA030101F000414FF0000070BD50EA91
:10082000410606BF1046194652EA430619D094EA1B
:100830000C0F02D150EA013613D195EA0C0F05D105
:1008400052EA03361CBF104619460AD181EA030159
:1008500001F0004141F0FE4141F470014FF0000011
:1008600070BD41F0FE4141F4780170BD70B54FF0AC
:10087000FF0C4CF4E06C1CEA11541DBF1CEA13552C
:1008800094EA0C0F95EA0C0F00F0A7F8A4EB05040E
:1008900081EA030E52EA03354FEA013100F0888005
:1008A0004FEA03334FF0805545EA131343EA1263CE
:1008B0004FEA022245EA111545EA10654FEA002683
:1008C0000EF000419D4208BF964244F1FD0404F53C
:1008D000407402D25B084FEA3202B61A65EB030598
:1008E0005B084FEA32024FF480104FF4002CB6EB55
:1008F000020E75EB030E22BFB61A754640EA0C00D5
:100900005B084FEA3202B6EB020E75EB030E22BF14
:10091000B61A754640EA5C005B084FEA3202B6EB55
:10092000020E75EB030E22BFB61A754640EA9C0014
:100930005B084FEA3202B6EB020E75EB030E22BFE4
:10094000B61A754640EADC0055EA060E18D04FEAA2
:10095000051545EA16754FEA06164FEAC30343EA42
:1009600052734FEAC2025FEA1C1CC0D111F4801F0F
:100970000BD141EA00014FF000004FF0004CB6E708
:1009800011F4801F04BF01430020B4F1FD0C88BFA7
:10099000BCF5E06F3FF6AFAEB5EB030C04BFB6EBB2
:1009A000020C5FEA500C50F1000041EB045170BDA5
:1009B0000EF0004E4EEA113114EB5C04C2BFD4EBD2
:1009C0000C0541EA045170BD41F480114FF0000E56
:1009D000013C90E645EA060E8DE60CEA135594EAD2
:1009E0000C0F08BF95EA0C0F3FF43BAF94EA0C0FD5
:1009F0000AD150EA01347FF434AF95EA0C0F7FF44A
:100A000025AF104619462CE795EA0C0F06D152EA9D
:100A100003353FF4FDAE1046194622E750EA410681
:100A200018BF52EA43067FF4C5AE50EA41047FF492
:100A30000DAF52EA43057FF4EBAE12E74FF0FF3CF7
:100A400006E000BF4FF0010C02E000BF4FF0010CC8
:100A50004DF804CD4FEA410C7FEA6C5C4FEA430C41
:100A600018BF7FEA6C5C1BD001B050EA410C0CBF90
:100A700052EA430C91EA030F02BF90EA020F0020F2
:100A8000704710F1000F91EA030F58BF994208BF59
:100A900090422CBFD8176FEAE37040F00100704716
:100AA0004FEA410C7FEA6C5C02D150EA013C07D16D
:100AB0004FEA430C7FEA6C5CD6D152EA033CD3D0B8
:100AC0005DF8040B704700BF8446104662468C46B2
:100AD0001946634600E000BF01B5FFF7B7FF0028E5
:100AE00048BF10F1000F01BD4DF808EDFFF7F4FF0E
:100AF0000CBF012000205DF808FB00BF4DF808ED99
:100B0000FFF7EAFF34BF012000205DF808FB00BFBB
:100B10004DF808EDFFF7E0FF94BF012000205DF8DD
:100B200008FB00BF4DF808EDFFF7CEFF94BF012092
:100B300000205DF808FB00BF4DF808EDFFF7C4FF8B
:100B400034BF012000205DF808FB00BF4FEA410CD4
:100B50007FEA6C5C02D150EA013C0AD14FEA430CB7
:100B60007FEA6C5C02D152EA033C02D14FF00000F4
:100B700070474FF0010070474FEA410212F5001232
:100B800015D211D56FF47873B3EB625212D94FEAD4
:100B9000C12343F0004343EA505311F0004F23FABE
:100BA00002F018BF404270474FF00000704750EA13
:100BB000013005D111F0004008BF6FF000407047D0
:100BC0004FF00000704700BF4A0011D212F500122A
:100BD00011D20DD56FF47873B3EB62520ED44FEA95
:100BE000C12343F0004343EA505323FA02F0704715
:100BF0004FF00000704750EA013002D14FF0FF3053
:100C000070474FF0000070474FEA4102B2F1E043F5
:100C100024BFB3F5001CDCF1FE5C0DD901F0004CE3
:100C20004FEAC0024CEA5070B2F1004F40EB830033
:100C300008BF20F00100704711F0804F21D113F15F
:100C40003872BCBF01F00040704741F480114FEA98
:100C50005252C2F11802C2F1200C10FA0CF320FA21
:100C600002F018BF40F001004FEAC1234FEAD3233E
:100C700003FA0CFC40EA0C0023FA02F34FEA4303A8
:100C8000CCE77FEA625307D150EA01331EBF4FF031
:100C9000FE4040F44000704701F0004040F0FE404C
:100CA00040F40000704700BF7BB972B90029BEBF95
:100CB00000204FF0004106E008BF00281CBF6FF085
:100CC00000414FF0FF3000F0EBB9ADF1080C6DE9D9
:100CD00004CE002909DB002B1ADB00F083F8DDF8D5
:100CE00004E0DDE9022304B07047404261EB4101BA
:100CF000002B1BDB00F076F8DDF804E0DDE90223D1
:100D000004B0404261EB4101524263EB4303704740
:100D1000524263EB430300F065F8DDF804E0DDE9DF
:100D2000022304B0404261EB41017047524263EB41
:100D3000430300F057F8DDF804E0DDE9022304B0D6
:100D4000524263EB4303704753B94AB9002908BFC5
:100D500000281CBF4FF0FF314FF0FF3000F0A0B96A
:100D6000ADF1080C6DE904CE00F03CF8DDF804E0CC
:100D7000DDE9022304B0704738B5002200230446A1
:100D80000D46FFF7BBFE28B920462946BDE838408E
:100D900000F00AB8204605F1004100F005F8404295
:100DA00061EB410138BD00BFD0B50C4B00220646B7
:100DB0000F46FFF731FCFFF707FF0446FFF7B2FBD2
:100DC000074B0022FFF728FC02460B463046394607
:100DD000FFF76AFAFFF7F8FE2146D0BD0000F03DAC
:100DE0000000F0412DE9F047089D0C46002B4ED144
:100DF00094468C458646B2FA82F262D94AB1C2F173
:100E00002003914020FA03F30CFA02FC194300FA84
:100E100002FE4FEA1C471FFA8CF6B1FBF7F44FEACB
:100E20001E4307FB141143EA014304FB06F19942F8
:100E30000AD91CEB030304F1FF3080F012819942C0
:100E400040F20F81023C6344591A1FFA8EF3B1FB42
:100E5000F7F007FB101143EA014300FB06F69E4240
:100E60000AD91CEB030300F1FF3180F0FC809E42A5
:100E700040F2F980634402389B1B40EA04400021A1
:100E80001DB1D3400022C5E90032BDE8F0878B4296
:100E900005D90DB1C5E9000100210846F5E7B3FA0F
:100EA00083F1002946D1A34202D39042C0F0F080E2
:100EB000861A64EB03030120002DE6D0C5E9006328
:100EC000E3E7002A40F09080A1EB0C044FEA1C48B5
:100ED0001FFA8CF70121B4FBF8F64FEA1E4308FB1A
:100EE000164443EA044307FB06F0984208D91CEB7A
:100EF000030306F1FF3402D2984200F2CD80264669
:100F00001C1A1FFA8EF3B4FBF8F008FB104443EAF6
:100F1000044300FB07F79F4208D91CEB030300F1D1
:100F2000FF3402D29F4200F2B0802046DB1B40EA31
:100F30000640A5E7C1F120068B4022FA06F71F43C1
:100F400020FA06FC04FA01F343EA0C03F44000FA29
:100F500001F8380C4FEA1349B4FBF0FE1FFA87FC86
:100F600000FB1E4449EA04440EFB0CF9A14502FAB9
:100F700001F20AD93C190EF1FF3A80F08480A145B4
:100F800040F28180AEF1020E3C44A4EB09041FFA4A
:100F900083F9B4FBF0F300FB134449EA044403FB78
:100FA0000CFCA44507D93C1903F1FF3067D2A445D6
:100FB00065D9023B3C4443EA0E40A0FB0293A4EBFC
:100FC0000C049C42CE469C4651D34ED055B1B8EB52
:100FD0000E0364EB0C0404FA06F6CB401E43CC402F
:100FE000C5E90064002150E7C2F1200320FA03F1B3
:100FF0000CFA02FC24FA03F394400C434FEA1C4819
:1010000000FA02FE1FFA8CF7B3FBF8F008FB103170
:10101000230C43EA014300FB07F1994208D91CEB7A
:10102000030300F1FF362CD299422AD902386344D7
:101030005B1AA4B2B3FBF8F108FB113344EA034492
:1010400001FB07F3A34208D91CEB040401F1FF36AE
:1010500013D2A34211D902396444E41A41EA00418F
:1010600039E70446F0E6084606E7C845AED2B9EBD4
:10107000020E63EB070C0138A8E73146EDE70346A3
:1010800099E73046D4E7D6467FE7634402384DE718
:101090000646234608460FE7023E634430E700BF9A
:1010A000704700BF84B080B584B000AF07F1180C62
:1010B0008CE80F00124B1B7E012B1AD197F83420BD
:1010C0003B46194607F1180003F052F87B78F02BE5
:1010D0000FD1BB78052B0CD13B460333184609F0E2
:1010E0002DFCFB79012B0CBF01230023DAB2054B49
:1010F0001A7000BF1037BD46BDE8804004B070478D
:10110000681600207502002080B584B004AF12F08C
:10111000B1FA00F081F900F03BFC00F0F3FB00F0C5
:101120001BFD00F0F7F900F023FA00F04FFA00F091
:1011300011FB00F031FB00F065FB00F0B9FB1BF088
:1011400095F900F071FA00F087FB00F0CFF902F09A
:1011500015FF034601221946754819F0F4FB02F009
:1011600003FF034601221946724819F0ECFB43F6CF
:10117000982000F0CDFD08F019FD6F4B1B7883F02F
:101180000103DBB2002B03D00021002002F08EFE11
:1011900000F080FF07F024F8684B1B7842F6D0720D
:1011A0001946674827F08DFC64220021654827F026
:1011B00088FC64220021644827F083FC634B02937F
:1011C000634B01930323009300234FF44072614962
:1011D00061481CF062FD0346604A1360604B029355
:1011E000604B01930323009300234FF440725E4948
:1011F0005E481CF052FD03465D4A13605D4B02934E
:101200005D4B01930323009300234FF440725B492D
:101210005B481CF042FD03465A4A13605A4B029346
:101220005A4B01930323009300234FF4A0625849C3
:1012300058481CF032FD0346574A1360574B02933F
:10124000574B01930323009300234FF4A0625549A9
:1012500055481CF022FD0346544A1360544B029338
:10126000544B01930323009300234FF440725249DF
:1012700052481CF012FD0346514A1360514B019332
:101280000123009300234FF4A0624F494F481CF004
:1012900068FD4F4B019302230093002340F6B842B0
:1012A0004C494D481CF05DFD4C4B019302230093CB
:1012B00000234FF410624A494A481CF052FD4A4B41
:1012C00001930223009300234FF4007247494848DA
:1012D0001CF047FD474B01930223009300234FF47A
:1012E0004072454945481CF03CFD454B01930223A3
:1012F000009300234FF40072424943481CF031FD33
:10130000424B01930123009300234FF4A062404914
:1013100040481CF026FD05F0CBF9244B1B6818460D
:1013200008F09AFC09F05CF91CF00EFF00BFFDE725
:10133000D40800208C080020750200208A020020BA
:10134000007D006444170020A8170020A0100010A2
:10135000A0040010A0C10208E1B30008742200201C
:10136000401D001040110010A8C10208598E00084D
:10137000C0190020E0290010E01D0010B4C10208CF
:10138000C15A00088C160020803E0010802A0010F0
:10139000C0C1020875F40008002A00202053001084
:1013A000203F0010C8C102086DE60008A4220020FA
:1013B000C05F0010C0530010D0C10208AD9A0008F1
:1013C000301C0020C41C0020DCC102087DA00008E5
:1013D000B81C0020E4C10208119E0008BC1C0020BB
:1013E000ECC10208799C000838220020F4C10208F0
:1013F00029AD00083C220020F8C10208F9AE00081F
:1014000034220020FCC1020819AB0008C01C0020D7
:1014100004C20208655C000880B594B000AF07F113
:10142000200330220021184627F04BFB07F10C0364
:1014300000221A605A609A60DA601A610023BB6069
:10144000284B1B6C274A43F080531364254B1B6CBD
:1014500003F08053BB60BB6800237B60224B1B689A
:10146000214A43F4804313601F4B1B6803F48043FD
:101470007B607B680A233B620123FB6210233B6392
:1014800001237B630223BB630023FB6308233B64CC
:1014900054237B640223BB640423FB6407F1200311
:1014A000184615F04BF90346002B01D000F060FE02
:1014B0000F23FB6002233B6180237B610023BB6120
:1014C0000023FB6107F10C030121184615F0AEFB68
:1014D0000346002B01D000F04BFE00BF5037BD4645
:1014E00080BD00BF003802400070004080B500AFF2
:1014F000064B074A1A60054812F006FA0346002B0D
:1015000001D000F035FE00BF80BD00BF0C050020FB
:101510000030024080B500AF124B134A1A60114BE5
:10152000124A5A600F4B00229A600E4B0022DA607A
:101530000C4B4FF480421A610A4B00225A61094B4E
:1015400000229A61074B0022DA61064B00221A62E0
:10155000044813F04FFC0346002B01D000F008FEB6
:1015600000BF80BD1405002000540040A08601008B
:1015700080B500AF124B134A1A60114B124A5A60E1
:101580000F4B00229A600E4B0022DA600C4B4FF496
:1015900080421A610A4B00225A61094B00229A616B
:1015A000074B0022DA61064B00221A62044813F04E
:1015B00021FC0346002B01D000F0DAFD00BF80BD06
:1015C0006805002000580040A086010080B500AFEB
:1015D000124B134A1A60114B124A5A600F4B0022E9
:1015E0009A600E4B0022DA600C4B4FF480421A6175
:1015F0000A4B00225A61094B00229A61074B0022D4
:10160000DA61064B00221A62044813F0F3FB03462A
:10161000002B01D000F0ACFD00BF80BDBC05002058
:10162000005C0040A086010080B590B000AF07F1DB
:101630002C0300221A605A609A60DA601A61002353
:10164000BB623B4628220021184627F03AFA3F4B5E
:101650003F4A1A603D4B00225A603C4B7F229A6001
:101660003A4BFF22DA60394B00221A61374B0022D5
:101670005A61364B00229A61344815F0CBFD03467F
:10168000002B01D000F074FD002387F82C300023DC
:1016900087F82D30002387F82E300023BB6300230A
:1016A000FB6307F12C0301221946284815F035FE8B
:1016B0000346002B01D000F05BFD022387F82830A1
:1016C000042387F82930282387F82A30252387F830
:1016D0002B3007F12803012219461C4815F015FF8D
:1016E0000346002B01D000F043FD00233B70012393
:1016F0007B700023BB7000237B600023FB60002312
:101700003B614FF000437B610023BB610023FB6121
:10171000012387F820304FF480737B623B4601221F
:1017200019460A4815F0C4FF0346002B01D000F00B
:101730001FFD00220521292012F0AEF8292012F009
:10174000C7F800BF4037BD4680BD00BF100600206F
:101750000028004080B400AF0D4B0E4A1A600C4BBD
:1017600000225A600A4B00229A60094B0022DA607C
:10177000074B00221A61064B4FF480425A61044B1A
:1017800004229A6100BFBD465DF8047B704700BF2C
:1017900030060020002C014080B500AF174B184ADE
:1017A0001A60164B4FF482725A60144B00229A60F2
:1017B000124B0022DA60114B00221A610F4B0022FB
:1017C0005A610E4B4FF400729A610C4B1022DA6191
:1017D0000A4B00221A62094B00225A62074B002270
:1017E0009A62064B0A22DA62044817F01CFC034690
:1017F000002B01D000F0BCFC00BF80BD74070020AE
:10180000003C004080B500AF114B124A1A60104BEB
:101810004FF416525A600E4B00229A600C4B002275
:10182000DA600B4B00221A61094B0C225A61084BFB
:1018300000229A61064B0022DA61054818F0A8FFE1
:101840000346002B01D000F093FC00BF80BD00BF19
:101850008C080020004C004080B500AF124B134AAA
:101860001A60114B4FF4E1325A600F4B4FF4805223
:101870009A600D4B0022DA600B4B4FF480621A61C4
:10188000094B0C225A61084B00229A61064B002238
:10189000DA61054818F07CFF0346002B01D000F008
:1018A00067FC00BF80BD00BFD40800200048004096
:1018B00080B500AF114B124A1A60104B4FF4E13261
:1018C0005A600E4B00229A600C4B0022DA600B4BE0
:1018D00000221A61094B0C225A61084B00229A61BE
:1018E000064B0022DA61054818F052FF0346002B30
:1018F00001D000F03DFC00BF80BD00BF1C090020EE
:101900000014014080B582B000AF00237B601F4B04
:101910001B6B1E4A43F4800313631C4B1B6B03F4C5
:1019200080037B607B6800233B60184B1B6B174A6E
:1019300043F400131363154B1B6B03F400133B605C
:101940003B68002205210B2011F0A6FF0B2011F0AF
:10195000BFFF00220521102011F09EFF102011F082
:10196000B7FF002205213B2011F096FF3B2011F02C
:10197000AFFF00220521452011F08EFF452011F018
:10198000A7FF00BF0837BD4680BD00BF003802403A
:1019900080B58EB000AF07F1240300221A605A60B0
:1019A0009A60DA601A6100233B62664B1B6B654AE2
:1019B00043F004031363634B1B6B03F004033B62AC
:1019C0003B6A0023FB615F4B1B6B5E4A43F02003C5
:1019D00013635C4B1B6B03F02003FB61FB6900236B
:1019E000BB61584B1B6B574A43F080031363554B45
:1019F0001B6B03F08003BB61BB6900237B61514B10
:101A00001B6B504A43F0010313634E4B1B6B03F0F7
:101A100001037B617B6900233B614A4B1B6B494A95
:101A200043F002031363474B1B6B03F002033B615C
:101A30003B690023FB60434B1B6B424A43F040036E
:101A40001363404B1B6B03F04003FB60FB680023F8
:101A5000BB603C4B1B6B3B4A43F010031363394B99
:101A60001B6B03F01003BB60BB6800237B60354B2E
:101A70001B6B344A43F008031363324B1B6B03F0B8
:101A800008037B607B68002242F230212E4813F06D
:101A900073F900224FF440412C4813F06DF942F2E3
:101AA00030237B620123BB620023FB6200233B6384
:101AB00007F124031946244812F0AEFE04237B628A
:101AC0004FF48813BB620023FB6207F1240319461D
:101AD0001F4812F0A1FE4FF400737B624FF488138D
:101AE000BB620023FB6207F124031946174812F07A
:101AF00093FE4FF480737B620023BB620023FB6282
:101B000007F124031946134812F086FE4FF44043B0
:101B10007B620123BB620023FB6200233B6307F16E
:101B200024031946094812F077FE002200210820FC
:101B300011F0B2FE082011F0CBFE00BF3837BD46D1
:101B400080BD00BF0038024000080240001C024077
:101B5000000402400018024080B588B000AF3B1D71
:101B600000221A605A609A60DA601A615A619A61BA
:101B70004C4B4FF020421A604A4B4B4A5A60494B3B
:101B800000229A60474B0022DA60464B00221A611D
:101B9000444B10225A61434B00229A61414B002270
:101BA000DA61404B00221A623E4B00225A623D4BE2
:101BB0004FF480529A623B4B0022DA62394B00228A
:101BC0001A63384B00225A63364B00229A63354B16
:101BD00000225A640F237B600F23BB60FF23FB604E
:101BE0000F233B6110237B611123BB610023FB6149
:101BF0003B1D002219462B4818F0E0FA0346002B43
:101C000001D000F0B5FA294B4FF020421A60274B63
:101C1000254A5A60254B02229A60244B0022DA6042
:101C2000224B00221A61214B10225A611F4B0022C5
:101C30009A611E4B0022DA611C4B00221A621B4B78
:101C400000225A62194B4FF480529A62174B0022BD
:101C5000DA62164B00221A63144B00225A63134BAC
:101C600000229A63114B00225A640F237B600F23DA
:101C7000BB60FF23FB600F233B6110237B611123BB
:101C8000BB610023FB613B1D00221946074818F089
:101C900095FA0346002B01D000F06AFA00BF203706
:101CA000BD4680BD64090020040100A0B4090020E5
:101CB00080B485B000AF78607B681B68064A9342A9
:101CC00003D17B685B6DFB6000BF00BF1437BD466E
:101CD0005DF8047B704700BF003C004080B582B0D7
:101CE00000AF1DF091F80346012B09D0EFF30583F7
:101CF0007B607B68002B03D11CF08AFB034601E06C
:101D0000024B1B6818460837BD4680BD102A0020CC
:101D10002DE9B04F86B000AF78601DF075F803462E
:101D2000012B42D0EFF30583FB60FB68002B3CD115
:101D30007B6800229846914642464B464FF0000091
:101D40004FF00001590141EAD261500102460B46B1
:101D5000B2EB080463EB09054FF000024FF00003FB
:101D6000AB0043EA9473A20014461D4614EB080A24
:101D700045EB090B4FF000024FF000034FEACB0395
:101D800043EA5A734FEACA0292469B465046594666
:101D90004FF47A724FF00003FEF7D6FF02460B466F
:101DA000134618461CF032F918E0FFF797FF386128
:101DB0007B687B617B69B3F1FF3F05D00A4B1B78E1
:101DC0001A467B6913447B6100BFFFF787FF024619
:101DD0003B69D31A7A699A42F7D800BF00BF183717
:101DE000BD46BDE8B08F00BFA802002080B582B01C
:101DF00000AF00237B600B4B1B683A1D1146184651
:101E00001BF094FA7B68002B07D0074B4FF08052F1
:101E10001A60BFF34F8FBFF36F8F00BF0837BD4607
:101E200080BD00BFEC21002004ED00E080B582B051
:101E300000AF00237B600B4B1B683A1D1146184610
:101E40001BF074FA7B68002B07D0074B4FF08052D1
:101E50001A60BFF34F8FBFF36F8F00BF0837BD46C7
:101E600080BD00BFE821002004ED00E080B584B013
:101E700000AF78600023FB607B681B680C4A9342CC
:101E800012D10C4B1B6807F10C02114618461BF0CF
:101E90004DFAFB68002B07D0074B4FF080521A60B9
:101EA000BFF34F8FBFF36F8F00BF1037BD4680BDAC
:101EB000003C0040F021002004ED00E090B589B026
:101EC00004AF78600023BB607B681B68604A934264
:101ED00037D102F053F803461B78FB735D4B1B6848
:101EE000002B14D05B4B186807F1080207F10F01B3
:101EF00000231BF065F9BB68002B19D0564B4FF03F
:101F000080521A60BFF34F8FBFF36F8F10E0FB7BDF
:101F10001946524802F03CF8504BCE2203926C46D0
:101F200003F1100207CA84E807000FCBFFF7BAF8E5
:101F300002F024F8034601221946494818F003FD2F
:101F400066E07B681B68474A934237D102F00CF881
:101F500003461B78FB73444B1B68002B14D0424B89
:101F6000186807F1080207F10F0100231BF028F998
:101F7000BB68002B19D0384B4FF080521A60BFF36A
:101F80004F8FBFF36F8F10E0FB7B1946334801F092
:101F9000FFFF324BAB2203926C4603F1100207CADB
:101FA00084E807000FCBFFF77DF801F0DDFF034663
:101FB000012219462D4818F0C6FC29E07B681B68F1
:101FC0002B4A934224D106F02BF903461B78FB736E
:101FD000284B1B68002B13D0264B186807F108020A
:101FE00007F10F0100231BF0EBF8BB68002B07D0B3
:101FF000194B4FF080521A60BFF34F8FBFF36F8FB2
:1020000006F00EF90346012219461B4818F09BFC06
:102010001CF0FAFE0346012B16D0184B1B68002B50
:1020200012D0164B1B6807F10802002118461DF05C
:1020300071FBBB68002B07D0074B4FF080521A6032
:10204000BFF34F8FBFF36F8F00BF1437BD4690BDF6
:1020500000480040341C002004ED00E06816002019
:10206000D4080020004C0040381C00208C080020C0
:10207000001401403C1C00201C090020002A002004
:1020800080B483B000AF786000BF0C37BD465DF808
:10209000047B704780B400AF114B1B68104A23F4D7
:1020A000405313600E4B1B680D4A43F4805313607A
:1020B0000B4B5B680A4A23F040035360084B9B6854
:1020C000074A23F440539360054BDB68044A23F42A
:1020D0004053D36000BFBD465DF8047B704700BF2E
:1020E0000008024080B485B000AFF860B9607A6043
:1020F000FB68074A1A60BB68064A1A607B684FF49F
:1021000080721A6000BF1437BD465DF8047B7047CB
:10211000040A0020A40A002080B485B000AFF86053
:10212000B9607A60FB68074A1A60BB68064A1A60A1
:102130007B684FF4C0721A6000BF1437BD465DF86B
:10214000047B7047A40E0020440F002080B582B0AD
:1021500000AF78607B681B68044A934201D111F09C
:10216000ABFA00BF0837BD4680BD00BF0014004079
:1021700080B400AF72B600BF00BFFDE780B483B08B
:1021800000AF00237B60104B5B6C0F4A43F480432D
:1021900053640D4B5B6C03F480437B607B680023CE
:1021A0003B60094B1B6C084A43F080531364064B99
:1021B0001B6C03F080533B603B6800BF0C37BD468F
:1021C0005DF8047B704700BF0038024080B485B0E2
:1021D00000AF78607B681B680B4A93420DD10023E7
:1021E000FB600A4B1B6B094A43F480531363074B94
:1021F0001B6B03F48053FB60FB6800BF1437BD46C4
:102200005DF8047B704700BF003002400038024098
:1022100080B58EB000AF786007F1240300221A6009
:102220005A609A60DA601A617B681B684B4A934275
:102230002CD100233B624A4B1B6B494A43F00203FB
:102240001363474B1B6B03F002033B623B6AC023E3
:102250007B621223BB620023FB6203233B630423E4
:102260007B6307F1240319463E4812F0D5FA002398
:10227000FB613B4B1B6C3A4A43F400131364384B2D
:102280001B6C03F40013FB61FB6963E07B681B6854
:10229000354A93422CD10023BB61314B1B6B304A32
:1022A00043F0800313632E4B1B6B03F08003BB6171
:1022B000BB6930237B621223BB620023FB620323D2
:1022C0003B6304237B6307F124031946274812F07C
:1022D000A3FA00237B61224B1B6C214A43F4800349
:1022E00013641F4B1B6C03F480037B617B6931E03B
:1022F0007B681B681E4A93422CD100233B61184B1C
:102300001B6B174A43F080031363154B1B6B03F0E1
:1023100080033B613B694FF4C0737B621223BB6255
:102320000023FB6203233B6304237B6307F1240345
:1023300019460E4812F070FA0023FB60084B1B6C24
:10234000074A43F400031364054B1B6C03F40003BA
:10235000FB60FB6800BF3837BD4680BD00540040BD
:10236000003802400004024000580040001C0240B7
:10237000005C004080B586B000AF786007F10803CC
:1023800000221A605A609A60DA607B681B68104A03
:10239000934219D10223BB604FF400737B6107F1B4
:1023A0000803184614F054FE0346002B01D0FFF733
:1023B000DFFE084B01221A6000220521292011F0BE
:1023C0006BFA292011F084FA00BF1837BD4680BD92
:1023D000002800403C0E474280B58AB000AF7860CC
:1023E00007F1140300221A605A609A60DA601A61D9
:1023F0007B681B68764A934240F0E68000233B618D
:10240000744B5B6C734A43F400635364714B5B6CB5
:1024100003F400633B613B690023FB606D4B1B6B66
:102420006C4A43F0040313636A4B1B6B03F0040311
:10243000FB60FB680023BB60664B1B6B654A43F087
:1024400008031363634B1B6B03F00803BB60BB689B
:102450004FF480737B610223BB610123FB61032383
:102460003B620C237B6207F1140319465A4812F0B1
:10247000D3F94FF480537B610223BB610023FB61DE
:1024800003233B620C237B6207F114031946524875
:1024900012F0C2F904237B610223BB610123FB61BB
:1024A00003233B620C237B6207F1140319464B485C
:1024B00012F0B2F94A4B4B4A1A60494B4FF0006296
:1024C0005A60474B00229A60454B0022DA60444B29
:1024D0004FF480621A61424B4FF480525A61404B74
:1024E0004FF480429A613E4B2022DA613C4B00223D
:1024F0001A623B4B04225A62394B03229A62384BD0
:102500000022DA62364B00221A63354811F04CFA89
:102510000346002B01D0FFF72BFE7B68304A1A647C
:102520002F4A7B689363304B304A1A602E4B4FF032
:1025300000625A602C4B40229A602B4B0022DA60DA
:10254000294B4FF480621A61274B4FF480525A6135
:10255000254B4FF480429A61234B2022DA61224BB3
:1025600000221A62204B04225A621F4B03229A62F5
:102570001D4B0022DA621C4B00221A631A4811F02C
:1025800013FA0346002B01D0FFF7F2FD7B68164AD1
:10259000DA63154A7B68936300220521312011F02C
:1025A0007BF9312011F094F9002205213B2011F034
:1025B00073F93B2011F08CF900220521452011F020
:1025C0006BF9452011F084F900BF2837BD4680BD66
:1025D000002C01400038024000080240000C02407C
:1025E000B40600205864024014070020A064024092
:1025F00080B582B000AF78607B681B68114A934257
:102600001BD1114B5B6C104A23F4006353644FF4ED
:1026100088510E4812F09CFA04210D4812F098FAE5
:102620007B681B6C184611F06DFA7B68DB6B1846F3
:1026300011F068FA312011F059F900BF0837BD4692
:1026400080BD00BF002C014000380240000802405D
:10265000000C024080B58AB000AF786007F1140327
:1026600000221A605A609A60DA601A617B681B68FF
:102670005A4A934240F0AD8000233B61584B1B6C9B
:10268000574A43F400431364554B1B6C03F4004357
:102690003B613B690023FB60514B1B6B504A43F08D
:1026A000040313634E4B1B6B03F00403FB60FB68D6
:1026B0000023BB604A4B1B6B494A43F00203136380
:1026C000474B1B6B03F00203BB60BB684FF44063D6
:1026D0007B610223BB610023FB6103233B62062372
:1026E0007B6207F1140319463E4812F095F8202347
:1026F0007B610223BB610023FB6103233B62062352
:102700007B6207F114031946374812F085F8374BFE
:10271000374A1A60354B00225A60344B00229A60C7
:10272000324B0022DA60314B4FF480621A612F4B3A
:1027300000225A612D4B00229A612C4B0022DA6153
:102740002A4B00221A62294B00225A62274811F0B4
:102750002BF90346002B01D0FFF70AFD7B68234AC3
:10276000DA64224A7B689363224B234A1A60214B26
:1027700000225A601F4B40229A601E4B0022DA60F2
:102780001C4B4FF480621A611A4B00225A61194B9C
:1027900000229A61174B0022DA61164B00221A625E
:1027A000144B00225A62134811F0FEF80346002B26
:1027B00001D0FFF7DDFC7B680E4A9A640D4A7B6806
:1027C000936300220521332011F066F8332011F0C5
:1027D0007FF800BF2837BD4680BD00BF003C0040E9
:1027E000003802400008024000040240CC070020EC
:1027F000106002402C0800208860024080B58EB036
:1028000000AF786007F1240300221A605A609A60D2
:10281000DA601A617B681B68574A934234D10023FF
:102820003B62564B1B6C554A43F400231364534BD5
:102830001B6C03F400233B623B6A0023FB614F4B9C
:102840001B6B4E4A43F0010313634C4B1B6B03F0AD
:102850000103FB61FB6903237B620223BB6200234C
:10286000FB6203233B6308237B6307F124031946C0
:10287000434811F0D1FF00220521342011F00CF85B
:10288000342011F025F873E07B681B683D4A9342C1
:1028900035D10023BB61394B1B6C384A43F480238C
:1028A0001364364B1B6C03F48023BB61BB690023AC
:1028B0007B61324B1B6B314A43F0020313632F4B96
:1028C0001B6B03F002037B617B694FF440637B6207
:1028D0000223BB620023FB6203233B6307237B636A
:1028E00007F124031946284811F096FF002205211C
:1028F000272010F0D1FF272010F0EAFF38E07B6896
:102900001B68224A934233D100233B611B4B5B6C13
:102910001A4A43F020035364184B5B6C03F0200306
:102920003B613B690023FB60144B1B6B134A43F074
:1029300004031363114B1B6B03F00403FB60FB6880
:10294000C0237B620223BB620023FB6203233B6341
:1029500008237B6307F1240319460D4811F05CFF3F
:1029600000220521472010F097FF472010F0B0FF0C
:1029700000BF3837BD4680BD004C004000380240E3
:1029800000000240004800400004024000140140E2
:102990000008024080B586B000AF3B1D00221A60DF
:1029A0005A609A60DA601A612C4B1B68002B51D177
:1029B0002A4B01221A6000233B60294B9B6B284A5B
:1029C00043F001039363264B9B6B03F001033B60D1
:1029D0003B684FF23F037B600223BB600023FB6038
:1029E00003233B610C237B613B1D19461D4811F0FD
:1029F00013FF40F23F237B600223BB600023FB6098
:102A000003233B610C237B613B1D1946164811F0E3
:102A100003FF4FF683737B600223BB600023FB60E0
:102A200003233B610C237B613B1D19460F4811F0CA
:102A3000F3FE4DF6B3737B600223BB600023FB60A3
:102A400003233B610C237B613B1D1946084811F0B1
:102A5000E3FE00E000BF1837BD4680BD44150020EE
:102A600000380240001402400018024000100240EA
:102A7000000C024080B582B000AF7860FFF78AFF9B
:102A800000BF0837BD4680BD80B58EB000AF78600E
:102A90000023FB620023BB620023FB60334B1B6CF3
:102AA000324A43F020031364304B1B6C03F02003C5
:102AB000FB60FB6807F1100207F11403114618468A
:102AC00014F094FA3B6AFB62FB6A002B03D114F00A
:102AD00065FA786304E014F061FA03465B007B63F7
:102AE0007B6B234AA2FB03239B0C013BBB62214B64
:102AF000214A1A601F4B40F2E732DA601D4ABB6A76
:102B000053601C4B00221A611A4B00229A60194B29
:102B100000229A61174817F099FB034687F8333073
:102B200097F83330002B1BD1124817F0E9FB03460E
:102B300087F8333097F83330002B11D1372010F05D
:102B4000C7FE7B680F2B08D800227968372010F069
:102B5000A3FE0A4A7B68136002E0012387F8333042
:102B600097F8333018463837BD4680BD00380240EC
:102B700083DE1B434815002000140040A4020020FF
:102B800080B400AF00BFFDE780B400AF00BFFDE739
:102B900080B400AF00BFFDE780B400AF00BFFDE729
:102BA00080B400AF00BFFDE780B400AF00BFBD46FA
:102BB0005DF8047B704780B500AF042012F0F6F892
:102BC00000BF80BD80B500AF024811F0E3F800BF40
:102BD00080BD00BFCC07002080B500AF024811F0D7
:102BE000D9F800BF80BD00BF2C08002080B500AF21
:102BF000024817F0CDFE00BF80BD00BFD408002002
:102C000080B500AF024814F097FE00BF80BD00BF42
:102C10001006002080B500AF024815F0DFFB00BFB2
:102C200080BD00BF3006002080B500AF024816F01E
:102C300085FF00BF80BD00BF7407002080B500AFD6
:102C4000024817F0A5FE00BF80BD00BF8C08002021
:102C500080B500AF024817F0C3FB00BF80BD00BFC6
:102C60004815002080B500AF024811F093F800BF6E
:102C700080BD00BFB406002080B500AF024811F04F
:102C800089F800BF80BD00BF1407002080B500AFE9
:102C9000024817F07DFE00BF80BD00BF1C09002068
:102CA00080B400AF01231846BD465DF8047B704731
:102CB00080B582B000AF7860396026F09BFD034696
:102CC00016221A604FF0FF3318460837BD4680BD04
:102CD00080B582B000AF78604FF0FF317868FFF7C1
:102CE000E7FF00BFFDE780B586B000AFF860B960D0
:102CF0007A6000237B610AE0AFF300800146BB6885
:102D00005A1CBA60CAB21A707B6901337B617A6956
:102D10007B689A42F0DB7B6818461837BD4680BD59
:102D200080B586B000AFF860B9607A6000237B613F
:102D300009E0BB685A1CBA601B781846AFF30080E4
:102D40007B6901337B617A697B689A42F1DB7B683E
:102D500018461837BD4680BD80B483B000AF786098
:102D60004FF0FF3318460C37BD465DF8047B7047C3
:102D700080B483B000AF786039603B684FF4005294
:102D80005A60002318460C37BD465DF8047B704737
:102D900080B483B000AF7860012318460C37BD467D
:102DA0005DF8047B704780B485B000AFF860B9600F
:102DB0007A60002318461437BD465DF8047B7047DF
:102DC00080B586B000AF7860144A154BD31A7B618A
:102DD0007B693B61134B1B68002B02D1114B124ADC
:102DE0001A60104B1A687B6813443A699A4207D2FA
:102DF00026F000FD03460C221A604FF0FF3309E075
:102E0000084B1B68FB60074B1A687B681344054A34
:102E10001360FB6818461837BD4680BD00000220CD
:102E200000040000941500200000006080B400AF92
:102E3000064BD3F88830054A43F47003C2F8883053
:102E400000BFBD465DF8047B704700BF00ED00E0A9
:102E5000DFF834D0FFF7EAFF0C480D490D4A002394
:102E600002E0D458C4500433C4188C42F9D30A4A3F
:102E70000A4C002301E013600432A242FBD326F087
:102E8000BFFCFEF741F9704700000220000000205F
:102E9000F004002000E00208F00400207866012021
:102EA000FEE7000080B588B004AF78602323BB73D1
:102EB0006D4B1B684FF0FF3118461AF0C1FB6423BD
:102EC00002930123019307F10E03009301232122B2
:102ED000D221786812F002FC0346FB73624B18683B
:102EE0000023002200211AF069F8FB7B002B01D09F
:102EF000FB7BB4E000237B735B4B1B684FF0FF311F
:102F000018461AF09DFB642302930123019307F1F5
:102F10000D03009301232222D221786812F0DEFBF8
:102F20000346FB73504B18680023002200211AF05F
:102F300045F8FB7B002B01D0FB7B90E000233B732B
:102F4000494B1B684FF0FF3118461AF079FB642398
:102F500002930123019307F10C0300930123232221
:102F6000D221786812F0BAFB0346FB733E4B186817
:102F70000023002200211AF021F8FB7B002B01D056
:102F8000FB7B6CE00023FB72374B1B684FF0FF317B
:102F900018461AF055FB642302930123019307F1AD
:102FA0000B03009301232522D221786812F096FBAF
:102FB0000346FB732C4B186800230022002119F0F4
:102FC000FDFFFB7B002B01D0FB7B48E01323BB7292
:102FD000254B1B684FF0FF3118461AF031FB642374
:102FE00002930123019307F10A0300930123242292
:102FF000D221786812F072FB0346FB731A4B1868F3
:1030000000230022002119F0D9FFFB7B002B01D007
:10301000FB7B24E00F237B72134B1B684FF0FF31C7
:1030200018461AF00DFB642302930123019307F164
:103030000903009301232022D221786812F04EFB6D
:103040000346FB73084B186800230022002119F087
:10305000B5FFFB7B002B01D0FB7B00E00023184673
:103060001037BD4680BD00BFF821002080B588B074
:1030700004AF78603960364B1B684FF0FF3118465B
:103080001AF0DEFA642302930623019307F1080382
:1030900000930123A822D221786812F019FC03467C
:1030A000FB732B4B186800230022002119F086FFC8
:1030B000FB7B002B01D0012345E07B7A1B021AB277
:1030C0003B7A1BB213431AB23B685A84FB7A1B0249
:1030D0001AB2BB7A1BB213431AB23B689A847B7B49
:1030E0001B021AB23B7B1BB213431AB23B68DA8451
:1030F0003B68B3F9223007EE903AF8EEE77A9FED9D
:10310000157A67EE877A3B68C3ED037A3B68B3F9BB
:10311000243007EE903AF8EEE77A9FED0E7A67EEEC
:10312000877A3B68C3ED047A3B68B3F9263007EE33
:10313000903AF8EEE77A9FED077A67EE877A3B6878
:10314000C3ED057A002318461037BD4680BD00BF89
:10315000F8210020295C0F3C80B588B004AF78606E
:103160004FF40873FB810F4B1B684FF0FF3118467B
:103170001AF066FA642302930223019307F10E0307
:103180000093012301229021786812F0A7FA054BE1
:10319000186800230022002119F010FF00BF10372B
:1031A000BD4680BDF821002080B588B004AF7860AE
:1031B00039601B4B1B684FF0FF3118461AF040FA7C
:1031C000642302930223019307F10C03009301236C
:1031D00000229021786812F07BFB114B18680023C5
:1031E0000022002119F0EAFE3B7B1B021AB27B7B16
:1031F0001BB213431AB23B681A853B68B3F92830F7
:1032000007EE903AF8EEE77A9FED067A67EE877A56
:103210003B68C3ED067A00BF1037BD4680BD00BFD6
:10322000F82100200000003C80B582B000AF78603B
:103230007868FFF737FE7868FFF78EFF00BF083722
:10324000BD4680BD80B582B000AF78603960396816
:103250007868FFF70BFF39687868FFF7A5FF322021
:103260001AF0D4FE3968786800F05EF900BF0837BC
:10327000BD4680BD80B586B002AF786048F20703D6
:10328000BB811D4B1B684FF0FF3118461AF0D8F96F
:1032900007F10C026423009302236021786811F087
:1032A000EDFE154B186800230022002119F086FE60
:1032B0003220FEF72DFD20237B730F4B1B684FF050
:1032C000FF3118461AF0BCF907F10C026423009391
:1032D00002236021786811F0D1FE074B18680023A3
:1032E0000022002119F06AFE0120FEF711FD00BF47
:1032F0001037BD4680BD00BFF821002080B586B0E4
:1033000002AF786048F20703BB811D4B1B684FF08A
:10331000FF3118461AF094F907F10C026423009368
:1033200002236021786811F0A9FE154B186800236C
:103330000022002119F042FE3220FEF7E9FC402372
:103340007B730F4B1B684FF0FF3118461AF078F96A
:1033500007F10C026423009302236021786811F0C6
:103360008DFE074B186800230022002119F026FE6D
:103370000120FEF7CDFC00BF1037BD4680BD00BF69
:10338000F821002080B58CB002AFF860B9607A6097
:103390003B60002387F827300723FB77FB7F3B75D3
:1033A00001237B755E4B1B684FF0FF3118461AF006
:1033B00047F907F114026423009302236021F8689F
:1033C00011F05CFE564B186800230022002119F012
:1033D000F5FD0A201AF01AFE0623FB77504B1B68F6
:1033E0004FF0FF3118461AF02BF907F11F02642342
:1033F000009301236021F86811F040FE07F11E02DE
:103400006423009301236021F86811F035FF444BD9
:10341000186800230022002119F0D0FD97F827300A
:10342000013387F82730BB7F03F00103002B03D162
:1034300097F82730042BCFD9BB7F03F00103002B73
:103440000CD13B684FF000021A603B681A687B6839
:103450001A607B681A68BB681A605DE00023FB771E
:103460002F4B1B684FF0FF3118461AF0E9F807F1AF
:103470001F026423009301236021F86811F0FEFD10
:1034800007F118026423009306236021F86811F005
:10349000F3FE234B186800230022002119F08EFD53
:1034A0007B7E1B021AB23B7E1BB213431BB2BB8452
:1034B000FB7E1B021AB2BB7E1BB213431BB27B8482
:1034C0007B7F1B021AB23B7F1BB213431BB23B84B0
:1034D000BB8C07EE903AB8EE677ADFED126AC7EE62
:1034E000267ABB68C3ED007A7B8C07EE903AB8EE83
:1034F000677ADFED0C6AC7EE267A7B68C3ED007A47
:103500003B8C07EE903AB8EE677ADFED066AC7EEBD
:10351000267A3B68C3ED007A2837BD4680BD00BFE0
:10352000F82100200000004580B588B000AF786029
:1035300039607868FFF79EFE07F1140307F118025F
:1035400007F11C017868FFF71DFF7868FFF7D6FECA
:1035500007F1080307F10C0207F110017868FFF783
:1035600011FF97ED077AD7ED047A37EE677AF0EE20
:10357000006AC7EE267A9FED3E7A67EE877A3B684F
:10358000C3ED007A97ED067AD7ED037A37EE677AC6
:10359000F0EE006AC7EE267A9FED357A67EE877AFD
:1035A0003B68C3ED017A97ED057AD7ED027A37EEE5
:1035B000677AF0EE006AC7EE267A9FED2D7A67EE05
:1035C000877A3B68C3ED027A386800F0D3F839682F
:1035D000786800F051F83B68D3ED007AF0EEE77AB6
:1035E00017EE900AFCF7C0FF4FF00002214BFDF7E9
:1035F0003DF902460B4610461946FDF7E5FA03462B
:103600009AB23B689A833B68D3ED017AF0EEE77A91
:1036100017EE900AFCF7A8FF4FF00002154BFDF7DC
:1036200025F902460B4610461946FDF7CDFA03462A
:103630009AB23B68DA833B68D3ED027AF0EEE77A20
:1036400017EE900AFCF790FF4FF00002094BFDF7D0
:103650000DF902460B4610461946FDF7B5FA03462A
:103660009AB23B681A8400BF2037BD4680BD00BFB8
:103670000050C3470000244080B485B000AF78609C
:1036800039603B68D3ED007AF5EEC07AF1EE10FABE
:10369000ACBF01230023FB733B68D3ED017AF5EE49
:1036A000C07AF1EE10FAACBF01230023BB733B6874
:1036B000D3ED027AF5EEC07AF1EE10FAACBF012339
:1036C00000237B73FB7B9B005AB2BB7B5B005BB22E
:1036D00013435AB297F90D3013435BB2DAB23B6829
:1036E00083F82A2000BF1437BD465DF8047B70477D
:1036F00080B582B000AF78601C4B1B68002B31D0C6
:103700001A4B1B684FF0FF31184619F099FF7B6880
:103710001B68174A13607B685B68154A53607B68B7
:103720009B68134A93607B68DB68114AD3607B68AF
:103730001B690F4A13617B685B690D4A53617B68A3
:103740009B690B4A93617B68DB69094AD3617B689B
:103750001B6A074A1362054B1868002300220021E8
:1037600019F02CFC00BF0837BD4680BD08220020A0
:103770003C02002080B52DED028B8AB000AF78604E
:103780007B681B68BB617B685B687B617B689B684F
:103790003B615A4B1B68002B00F09A80574B1B680B
:1037A0004FF0FF31184619F04BFF554BD3ED007A1F
:1037B00097ED067A77EE676A514B93ED037AC6EE82
:1037C000877AC7ED097A4E4BD3ED017A97ED057AEA
:1037D00037EE677A4A4BD3ED047A87EE278A484B57
:1037E000D3ED067AB0EE670A21F046FAB0EE407AE1
:1037F000D7ED097A67EE277A38EE678A404BD3ED2A
:10380000067AB0EE670A21F0EBF9B0EE407AC8EE26
:10381000077AC7ED087A3A4BD3ED087AB0EE670A1B
:1038200021F0DEF9B0EE408A354BD3ED077AB0EEE9
:10383000670A21F0D5F9F0EE407A28EE277AF7EE04
:10384000006AC6EE877AC7ED037A2D4BD3ED027A74
:1038500097ED047A37EE677A294BD3ED057A87EE38
:10386000278A274BD3ED077AB0EE670A21F004FAD6
:10387000B0EE407AD7ED097A67EE277A38EE678A9C
:103880001F4BD3ED087AB0EE670A21F0F5F9B0EEE0
:10389000407AD7ED087A67EE278A194BD3ED077A7D
:1038A000B0EE670A21F09CF9F0EE407A68EEA77A54
:1038B00078EE677A97ED037A67EE277AC7ED077A95
:1038C0000E4B186800230022002119F077FB05E059
:1038D000BB697B627B693B623B69FB617B687A6A9F
:1038E0001A607B683A6A5A607B68FA699A6000BF1E
:1038F0002837BD46BDEC028B80BD00BF08220020EA
:103900003C02002080B582B000AF0346FB71124B31
:103910001B684FF0FF31184619F092FEFB79012B1E
:1039200006D10E4B0E4A1A600E4B01221A7008E0A7
:10393000FB79022B05D1094B0B4A1A60094B022275
:103940001A70054B186800230022002119F036FB7D
:1039500000BF0837BD4680BD102200206002002055
:10396000C015002064020020EC15002080B485B052
:1039700000AF78600023FB7309E0FB7B7A681A4490
:10398000FB7B11780A4AD154FB7B0133FB73FB7B31
:10399000042BF2D9074B1B7843F00103DAB2054B35
:1039A0001A7000BF1437BD465DF8047B704700BF36
:1039B00098150020BC15002080B485B000AF786059
:1039C0000023FB730AE0FB7B7A681A44FB7B053318
:1039D00011780A4AD154FB7B0133FB73FB7B042B28
:1039E000F1D9074B1B7843F00203DAB2044B1A708B
:1039F00000BF1437BD465DF8047B70479815002062
:103A0000BC15002080B485B000AF78600023FB7344
:103A10000AE0FB7B7A681A44FB7B0A3311780A4A76
:103A2000D154FB7B0133FB73FB7B042BF1D9074B98
:103A30001B7843F00403DAB2044B1A7000BF14374A
:103A4000BD465DF8047B704798150020BC1500202A
:103A500080B485B000AF78600023FB730AE0FB7B85
:103A60007A681A44FB7B0F3311780A4AD154FB7BE6
:103A70000133FB73FB7B042BF1D9074B1B7843F01D
:103A80000803DAB2044B1A7000BF1437BD465DF864
:103A9000047B704798150020BC15002080B485B0C9
:103AA00000AF78600023FB730AE0FB7B7A681A445E
:103AB000FB7B143311780A4AD154FB7B0133FB732F
:103AC000FB7B042BF1D9074B1B7843F01003DAB2D0
:103AD000044B1A7000BF1437BD465DF8047B704775
:103AE00098150020BC15002080B485B000AF786028
:103AF0000023FB730AE0FB7B7A681A44FB7B1933D3
:103B000011780A4AD154FB7B0133FB73FB7B042BF6
:103B1000F1D9074B1B7843F02003DAB2044B1A703B
:103B200000BF1437BD465DF8047B70479815002030
:103B3000BC15002080B485B000AF78600023FB7313
:103B40000AE0FB7B7A681A44FB7B1E3311780A4A31
:103B5000D154FB7B0133FB73FB7B042BF1D9074B67
:103B60001B7843F04003DAB2044B1A7000BF1437DD
:103B7000BD465DF8047B704798150020BC150020F9
:103B800080B582B000AF786039607B681A780F4BDF
:103B900083F823200E4B1B7863F07F03DAB20C4BC3
:103BA0001A700B4B1B78FF2B0AD10848FFF7A0FDBA
:103BB000074B00221A70386800F00CF8012300E06F
:103BC000002318460837BD4680BD00BF9815002069
:103BD000BC15002080B582B000AF7860214B1B6817
:103BE000002B3AD01F4B1B684FF0FF31184619F0DD
:103BF00027FD1D4B1A687B681A607B6804331A4ADC
:103C000052681A607B680833174A92681A607B68AA
:103C10000C33154AD2681A607B681033124A126955
:103C20001A607B681433104A52691A607B68183333
:103C30000D4A92691A607B681C330B4AD2691A607C
:103C40007B682033084A126A1A60064B1868002302
:103C50000022002119F0B2F900E000BF0837BD468C
:103C600080BD00BF082200203C02002080B485B047
:103C700000AF786041F60F53FB817B6802331B78FD
:103C800002333B7301237B7316E0FB891B0A9BB253
:103C90007A7B79680A44127853407B817B890C4A8D
:103CA00032F813301AB2FB891B021BB253401BB20D
:103CB000FB817B7B01337B737A7B3B7B9A42E4D92C
:103CC000FB8918461437BD465DF8047B704700BF7A
:103CD000D0C2020880B485B000AF786039607B68DC
:103CE000FB603B68BB600D4B00221A700AE0FB686A
:103CF0001A780A4B1B785340DAB2084B1A70FB68EB
:103D00000133FB60FA68BB689A42F0D3034B1B781F
:103D100018461437BD465DF8047B7047181600201E
:103D200080B485B000AF78600023FB7302E0FB7BBA
:103D30000133FB73FB7B7A6813441B78002BF6D1AD
:103D4000FB7B18461437BD465DF8047B704780B591
:103D500086B000AFB9607B600346FB731346BB734C
:103D60000023BB827B68CD221A707B680133FA7B0B
:103D70001A70BB7B272B01D92723BB737B680233C7
:103D8000BA7B1A700023FB750CE0FB7DBA681A44FD
:103D9000FB7D033319467B680B4412781A70FB7D58
:103DA0000133FB75FA7DBB7B9A42EED37868FFF74F
:103DB0005DFF0346BB82BB8A1B0A9AB2BB7B0333FF
:103DC00019467B680B44D2B21A70BB7B04331A4687
:103DD0007B681344BA8AD2B21A70BB7B05331A4689
:103DE0007B6813440A221A70BB7B06331A467B6831
:103DF000134400221A7000BF1837BD4680BD80B43E
:103E000083B000AF03463960FB713B68CD221A7066
:103E10003B680133FA791A703B68023300221A704A
:103E20003B680333FA791A703B680433FA791A70E5
:103E30003B6805330A221A703B68063300221A7069
:103E400000BF0C37BD465DF8047B704780B582B07B
:103E500000AF78600BF0C1FB7B6802331B78063340
:103E60009AB24FF0FF337968034816F0E1FC00BFC7
:103E70000837BD4680BD00BFD408002080B582B0A1
:103E800000AF78600BF0A2FB7B6802331B7806332F
:103E90009AB24FF0FF337968034816F0C9FC00BFAF
:103EA0000837BD4680BD00BF8C08002080B58EB0AD
:103EB00000AF03463960FB713868FFF731FF0346F6
:103EC0001A4607F10803F8793968FFF740FFBB7A13
:103ED00006339AB207F108014FF0FF33034816F09A
:103EE000A7FC00BF3837BD4680BD00BF8C0800204E
:103EF00080B582B000AF78600B46FB70FB78AB2BCF
:103F000008D17B6802331B78272B03D87868FFF72A
:103F1000B5FF0AE0FB78CE2B07D17B6802331B7814
:103F2000272B02D87868FFF791FF00BF0837BD46FE
:103F300080BD80B58EB000AF03460A46FB711346C4
:103F4000BB7107F10802FB7911461846FFF757FFCE
:103F5000BA7907F1080311461846FFF7C9FF00BFF9
:103F60003837BD4680BD000080B400AF024B184614
:103F7000BD465DF8047B70476516002080B400AF35
:103F8000024B1846BD465DF8047B7047641600205E
:103F900080B584B000AF78600B46FB701AF038FA39
:103FA000F8607B685B69FA68D31AB3F5FA7F05D9C4
:103FB0007B6800221A767B6800221A747B681B7C5F
:103FC000062B00F2838001A252F823F0E93F00089B
:103FD0001B400008294000085F4000088D40000891
:103FE0009B400008A9400008FB78AB2B02D0FB786F
:103FF000CE2B0ED17B6800221A767B68FA781A7075
:104000007B6801221A741AF003FA02467B685A612F
:1040100066E07B6800221A7462E07B68FA785A7066
:104020007B6802221A745BE0FB78002B06D17B6868
:1040300004221A747B68FA789A7051E0FB78272B77
:1040400009D87B6803221A747B68FA789A707B68B7
:1040500000225A7444E07B6802221A7640E07B68B2
:104060005B7C1A467B681344FA78DA707B685B7C69
:104070000133DAB27B685A747B685A7C7B689B7820
:104080009A422AD37B6804221A7426E07B68FA7865
:104090005A737B6805221A7422E07B68FA789A7357
:1040A0007B6806221A741BE0FB780A2B06D17B681A
:1040B00001221A767B68FA78DA7310E07B681B7E3F
:1040C000012B0CD07B6802221A7608E07B68022262
:1040D0001A767B6800221A7402E000BF00E000BF7D
:1040E00000BF1037BD4680BD80B483B000AF78609C
:1040F0000B46FB707B685B78FA789A420FD17B683D
:104100009B78002B0BD17B685B7BFA789A4206D1B7
:104110007B689B7BFA789A4201D1012300E000235F
:1041200018460C37BD465DF8047B704780B584B0F7
:1041300000AF78600023FB810023BB817868FFF724
:1041400095FD0346BB817B685B7B1B021AB27B68D3
:104150009B7B1BB213431BB2FB81FA89BB899A423A
:1041600001D1012300E0002318461037BD4680BD71
:1041700080B586B000AFF860B9601346FB71FB688C
:104180001B7E022B0CD1BB68FA791A70BB68FF2228
:104190005A70BB6800229A70BB680022DA7061E036
:1041A000FF21F868FFF7A0FF0346012B0DD1FB6844
:1041B0001A78BB681A70BB68FF225A70BB6800226D
:1041C0009A70BB680022DA704CE0AA21F868FFF709
:1041D0008BFF0346012B0DD1FB681A78BB681A7060
:1041E000BB68AA225A70BB6800229A70BB68002282
:1041F000DA7037E0F868FFF799FF0346002B28D004
:10420000FB681B78FA799A4223D1FB681A78BB685D
:104210001A70FB685A78BB685A70FB689A78BB685A
:104220009A7000237B610DE0FA687B6913440333C5
:104230001978BA687B69134403330A461A707B699C
:1042400001337B61FB689B781A467B699342EBDB09
:1042500008E0BB68FA791A70BB6800225A70BB6824
:1042600000229A70FB6800221A76FB6800221A74FA
:10427000FB6800221A7000BF1837BD4680BD80B5AC
:1042800084B000AF786039607B681B7E022B0DD153
:104290007B681A783B681A703B68FF225A703B684B
:1042A00000229A703B680022DA705DE0FF21786896
:1042B000FFF71AFF0346012B0DD17B681A783B6884
:1042C0001A703B68FF225A703B6800229A703B6864
:1042D0000022DA7048E0AA217868FFF705FF03465C
:1042E000012B0DD17B681A783B681A703B68AA22B3
:1042F0005A703B6800229A703B680022DA7033E003
:104300007868FFF713FF0346002B23D07B681A78E9
:104310003B681A707B685A783B685A707B689A7859
:104320003B689A700023FB600DE07A68FB681344D9
:10433000033319783A68FB68134403330A461A704A
:10434000FB680133FB607B689B781A46FB689342ED
:10435000EBDB09E07B681A783B681A703B68002247
:104360005A703B6800229A707B6800221A767B683C
:1043700000221A747B6800221A7000BF1037BD46F5
:1043800080BD000080B584B000AF78600E4806F0B4
:1043900073FBF860FB681B0EDAB27B681A70FB686F
:1043A0001A0C7B680133D2B21A70FB681A0A7B6858
:1043B0000233D2B21A707B680333FA68D2B21A7031
:1043C00000BF1037BD4680BD1006002080B584B008
:1043D00000AF78608B4806F04FFBB860BB681B0EDF
:1043E000DAB27B681A70BB681A0C7B680133D2B2F0
:1043F0001A70BB681A0A7B680233D2B21A707B68E3
:104400000333BA68D2B21A707F4B9B8B1B0A9AB2E5
:104410007B680433D2B21A707B4B9A8B7B6805336E
:10442000D2B21A70784BDB8B1B0A9AB27B680633C8
:10443000D2B21A70744BDA8B7B680733D2B21A701F
:10444000714B1B8C1B0A9AB27B680833D2B21A706C
:104450006D4B1A8C7B680933D2B21A706A4BB3F970
:1044600022301B121AB27B680A33D2B21A70664B22
:10447000B3F922207B680B33D2B21A70624BB3F9C6
:1044800024301B121AB27B680C33D2B21A705E4B06
:10449000B3F924207B680D33D2B21A705A4BB3F9AA
:1044A00026301B121AB27B680E33D2B21A70564BEA
:1044B000B3F926207B680F33D2B21A70524BB3F98E
:1044C00028301B121AB27B681033D2B21A704E4BCE
:1044D000B3F928207B681133D2B21A704A4B93F893
:1044E0002A301B015AB2494B93F82A305BB203F0D1
:1044F0000F035BB213435AB27B681233D2B21A7005
:10450000424B9B8B1B0A9AB27B681333D2B21A7050
:104510003E4B9A8B7B681433D2B21A703B4BDB8BC9
:104520001B0A9AB27B681533D2B21A70374BDA8BFA
:104530007B681633D2B21A70344B1B8C1B0A9AB2AA
:104540007B681733D2B21A70304B1A8C7B681833E1
:10455000D2B21A702D4BB3F922301B121AB27B68FB
:104560001933D2B21A70294BB3F922207B681A335F
:10457000D2B21A70254BB3F924301B121AB27B68E1
:104580001B33D2B21A70214BB3F924207B681C3341
:10459000D2B21A701D4BB3F926301B121AB27B68C7
:1045A0001D33D2B21A70194BB3F926207B681E3323
:1045B000D2B21A70154BB3F928301B121AB27B68AD
:1045C0001F33D2B21A70114BB3F928207B68203305
:1045D000D2B21A700023FB600CE0FB6821331A464C
:1045E0007B6813440A49FA680A4412781A70FB6817
:1045F0000133FB60FB68042BEFDD00BF00BF103709
:10460000BD4680BD10060020C0150020EC1500201E
:104610008416002080B483B000AF78607B684C22A1
:104620001A707B68013349221A707B680233452275
:104630001A707B68033353221A707B680433452257
:104640001A707B68053332221A707B680633302279
:104650001A707B68073332221A707B68083336225F
:104660001A707B68093341221A707B680A334C2226
:104670001A707B680B3352221A707B680C334D2200
:104680001A707B680D3341221A707B680E335322F7
:104690001A707B680F3345221A707B6810334322EF
:1046A0001A707B68113336221A707B6812333722F6
:1046B0001A707B6813334A221A707B6814334322C2
:1046C0001A707B6815334A221A707B6816334122B0
:1046D0001A707B68173350221A707B6818337B225C
:1046E0001A707B68193341221A707B681A335A2278
:1046F0001A707B681B33EC221A707B681C332422EF
:104700001A707B681D334C221A707B681E3333226B
:104710001A707B681F334A221A707B682033452247
:104720001A707B68213341221A707B682233412240
:104730001A707B68233348221A707B682433422224
:104740001A707B68253348221A707B68263343220F
:104750001A7000BF0C37BD465DF8047B704700003F
:1047600080B584B000AF78603A4806F085F9F8600B
:10477000FB681B0EDAB27B681A70FB681A0C7B6848
:104780000133D2B21A70FB681A0A7B680233D2B2C4
:104790001A707B680333FA68D2B21A707B680433EC
:1047A00000221A702C4B1B881B0A9AB27B680533B7
:1047B000D2B21A70284B1A887B680633D2B21A70AC
:1047C000254B5B881B0A9AB27B680733D2B21A70FA
:1047D000214B5A887B680833D2B21A701E4B9B88D3
:1047E0001B0A9AB27B680933D2B21A701A4B9A88A4
:1047F0007B680A33D2B21A70174BDB881B0A9AB255
:104800007B680B33D2B21A70134BDA887B680C3397
:10481000D2B21A70104B1B891B0A9AB27B680D33F7
:10482000D2B21A700C4B1A897B680E33D2B21A704E
:10483000094B5B891B0A9AB27B680F33D2B21A709C
:10484000054B5A897B681033D2B21A7000BF1037FB
:10485000BD4680BD100600206022002080B584B0D7
:1048600000AF7860644806F007F9F860FB681B0E3B
:10487000DAB27B681A70FB681A0C7B680133D2B21B
:104880001A70FB681A0A7B680233D2B21A707B680E
:104890000333FA68D2B21A707B68043300221A70AC
:1048A000564B9B691A0E7B680533D2B21A70534B74
:1048B0009B691A0C7B680633D2B21A704F4B9B6906
:1048C0001A0A7B680733D2B21A704C4B9A697B681C
:1048D0000833D2B21A70494BDB691A0E7B68093370
:1048E000D2B21A70454BDB691A0C7B680A33D2B21C
:1048F0001A70424BDB691A0A7B680B33D2B21A700A
:104900003E4BDA697B680C33D2B21A703B4BD3E969
:104910000A014FF000024FF000030A0E00237968ED
:104920000D31D3B20B70354BD3E90A014FF00002C1
:104930004FF000030A0C002379680E31D3B20B70DC
:104940002E4BD3E90A014FF000024FF000030A0A90
:10495000002379680F31D3B20B70284BD3E90A01D9
:104960004FF000024FF000030A0000237968103175
:10497000D3B20B70214BD3E90A014FF000024FF084
:104980000003020E42EA01220B0E79681131D3B204
:104990000B701A4BD3E90A014FF000024FF00003ED
:1049A000020C42EA01420B0C79681231D3B20B704F
:1049B000124BD3E90A014FF000024FF00003020A44
:1049C00042EA01620B0A79681331D3B20B700B4BC8
:1049D000D3E90A2379681431D3B20B707B6815339D
:1049E000064A92F836201A707B68163300221A7035
:1049F00000BF1037BD4680BD10060020881900207A
:104A000090B585B000AF7860634806F035F8F8607F
:104A1000FB681B0EDAB27B681A70FB681A0C7B68A5
:104A20000133D2B21A70FB681A0A7B680233D2B221
:104A30001A707B680333FA68D2B21A707B68043349
:104A400000221A707B68053300221A707B689C1D57
:104A500001F0E8FC034623707B68073300221A70DC
:104A60004E4B1A887B680833D2B21A707B680933C0
:104A700000221A707B6803F10A0401F023FD03464B
:104A800023707B680B3300221A70454B1A887B68B1
:104A90000C33D2B21A707B680D3300221A707B6817
:104AA00003F10E0401F0E6FC034623707B680F332C
:104AB00000221A703B4B1A887B681033D2B21A70EE
:104AC0007B68113300221A707B6803F1120401F035
:104AD00021FD034623707B68133300221A70324B8A
:104AE0001A887B681433D2B21A707B68153300229F
:104AF0001A707B6803F1160401F04EFD0346237023
:104B00007B68173300221A70284B1A887B68183389
:104B1000D2B21A707B68193300221A707B6803F1D5
:104B20001A0401F069FD034623707B681B330022E1
:104B30001A701F4B1A887B681C33D2B21A707B68BC
:104B40001D3300221A707B681E3300221A707B68A6
:104B50001F3300221A707B68203300221A707B6892
:104B6000213300221A707B68223300221A707B687E
:104B7000233300221A707B68243300221A707B686A
:104B8000253300221A707B68263300221A7000BF7A
:104B90001437BD4690BD00BF100600209C160020B3
:104BA0009E160020A0160020A2160020A4160020A9
:104BB000A616002080B584B000AF7860AE4805F03E
:104BC0005BFFF860FB681B0EDAB27B681A70FB684B
:104BD0001A0C7B680133D2B21A70FB681A0A7B6820
:104BE0000233D2B21A707B680333FA68D2B21A70F9
:104BF000A24B5B681A0E7B680433D2B21A709F4BCB
:104C00005B681A0C7B680533D2B21A709B4B5B68E9
:104C10001A0A7B680633D2B21A70984B5A687B68BE
:104C20000733D2B21A70954B1B691A0E7B68083392
:104C3000D2B21A70914B1B691A0C7B680933D2B23D
:104C40001A708E4B1B691A0A7B680A33D2B21A702B
:104C50008A4B1A697B680B33D2B21A70874B9B68F8
:104C60001A0E7B680C33D2B21A70844B9B681A0CF4
:104C70007B680D33D2B21A70804B9B681A0A7B682E
:104C80000E33D2B21A707D4B9A687B680F33D2B262
:104C90001A707A4B9B691A0E7B681033D2B21A7065
:104CA000764B9B691A0C7B681133D2B21A70734B26
:104CB0009B691A0A7B681233D2B21A706F4B9A69D9
:104CC0007B681333D2B21A707B6814336C4A127843
:104CD0001A706C4B1B881B0A9AB27B681533D2B2D0
:104CE0001A70684B1A887B681633D2B21A707B68C8
:104CF0001733654A12781A70644B1B881B0A9AB2E4
:104D00007B681833D2B21A70604B1A887B681933EB
:104D1000D2B21A705E4BD3E908014FF000024FF097
:104D200000030A00002379681A31D3B20B70584B84
:104D3000D3E908014FF000024FF00003020E42EAEF
:104D400001220B0E79681B31D3B20B70504BD3E9A3
:104D500008014FF000024FF00003020C42EA01424A
:104D60000B0C79681C31D3B20B70494BD3E90801A5
:104D70004FF000024FF00003020A42EA01620B0A00
:104D800079681D31D3B20B70414BD3E908237968A0
:104D90001E31D3B20B703F4BD3E906014FF0000236
:104DA0004FF000030A00002379681F31D3B20B7063
:104DB000384BD3E906014FF000024FF00003020E1A
:104DC00042EA01220B0E79682031D3B20B70314BCD
:104DD000D3E906014FF000024FF00003020C42EA53
:104DE00001420B0C79682131D3B20B70294BD3E906
:104DF00006014FF000024FF00003020A42EA01628E
:104E00000B0A79682231D3B20B70224BD3E9062307
:104E100079682331D3B20B707B682433174A127838
:104E20001A701D4B1B785AB21C4B1B785B005BB28F
:104E300003F002035BB213435AB2194B1B789B0079
:104E40005BB203F004035BB213435AB20B4B1B7FFC
:104E5000DB005BB203F008035BB213435AB2114BA1
:104E60001B781B015BB203F010035BB213435AB211
:104E70000D4B1B781AE000BF1006002070180020B0
:104E8000F8290020FC290020F9290020FA29002017
:104E9000C022002028250020D9210020D821002070
:104EA00010190020551C00208B0200205B015BB212
:104EB00003F020035BB213435AB20B4B1B789B01E8
:104EC0005BB203F040035BB213435AB27B682533F5
:104ED000D2B21A707B682633044A12781A7000BF67
:104EE0001037BD4680BD00BF8C020020541C00203E
:104EF00080B584B000AF78607A4805F0BDFDF860F9
:104F0000FB681B0EDAB27B681A70FB681A0C7B68B0
:104F10000133D2B21A70FB681A0A7B680233D2B22C
:104F20001A707B680333FA68D2B21A706E4B1B6832
:104F30001A0E7B680433D2B21A706B4B1B681A0CC2
:104F40007B680533D2B21A70674B1B681A0A7B68FC
:104F50000633D2B21A70644B1A687B680733D2B238
:104F60001A70614B5B681A0E7B680833D2B21A70F4
:104F70005D4B5B681A0C7B680933D2B21A705A4BCE
:104F80005B681A0A7B680A33D2B21A70564B5A68A9
:104F90007B680B33D2B21A70544B1B681A0E7B68B5
:104FA0000C33D2B21A70514B1B681A0C7B680D334C
:104FB000D2B21A704D4B1B681A0A7B680E33D2B2FC
:104FC0001A704A4B1A687B680F33D2B21A70474B7B
:104FD0005B681A0E7B681033D2B21A70434B5B6861
:104FE0001A0C7B681133D2B21A70404B5B681A0AF4
:104FF0007B681233D2B21A703C4B5A687B68133309
:10500000D2B21A703A4B1B681A0E7B681433D2B2B4
:105010001A70374B1B681A0C7B681533D2B21A70A2
:10502000334B1B681A0A7B681633D2B21A70304BA6
:105030001A687B681733D2B21A702D4B5B681A0E50
:105040007B681833D2B21A70294B5B681A0C7B68E4
:105050001933D2B21A70264B5B681A0A7B681A336E
:10506000D2B21A70224B5A687B681B33D2B21A70C4
:10507000204B1B681A0E7B681C33D2B21A701D4B72
:105080001B681A0C7B681D33D2B21A70194B1B684F
:105090001A0A7B681E33D2B21A70164B1A687B68E4
:1050A0001F33D2B21A70134B5B681A0E7B68203321
:1050B000D2B21A700F4B5B681A0C7B682133D2B2E4
:1050C0001A700C4B5B681A0A7B682233D2B21A70D2
:1050D000084B5A687B682333D2B21A7000BF10376E
:1050E000BD4680BD10060020C0160020B01600206E
:1050F000B8160020C816002080B58CB000AF7860CC
:10510000B44B1B684FF0FF31184618F099FAB24BB8
:105110001B68FB62AF4B186800230022002117F0C8
:105120004DFFAE4805F0A8FCB862BB6A1B0EDAB2B0
:105130007B681A70BB6A1A0C7B680133D2B21A7092
:10514000BB6A1A0A7B680233D2B21A707B680333D7
:10515000BA6AD2B21A70FB6AD3ED007A9FEDA07AD8
:1051600067EE877AFDEEE77A17EE903AFB84FB6AEA
:10517000D3ED017A9FED9A7A67EE877AFDEEE77AB2
:1051800017EE903ABB84FB6AD3ED027A9FED947AD6
:1051900067EE877AFDEEE77A17EE903A7B84B7F9EF
:1051A00026301B121AB27B680433D2B21A707B68A5
:1051B0000533FA8CD2B21A70B7F924301B121AB226
:1051C0007B680633D2B21A707B680733BA8CD2B2CE
:1051D0001A70B7F922301B121AB27B680833D2B2A8
:1051E0001A707B6809337A8CD2B21A707D4B1B8897
:1051F0001B0A9AB27B680A33D2B21A70794B1A88AA
:105200007B680B33D2B21A70764B5B881B0A9AB25A
:105210007B680C33D2B21A70724B5A887B680D339C
:10522000D2B21A706F4B9B881B0A9AB27B680E33FE
:10523000D2B21A706B4B9A887B680F33D2B21A7055
:10524000684BDB881B0A9AB27B681033D2B21A70A3
:10525000644BDA887B681133D2B21A70614B1B89B8
:105260001B0A9AB27B681233D2B21A705D4B1A894C
:105270007B681333D2B21A705A4B5B891B0A9AB2FD
:105280007B681433D2B21A70564B5A897B68153337
:10529000D2B21A70544BD3ED007A9FED547A67EE78
:1052A000877AFDEEE77A17EE903AFB614E4BD3ED2D
:1052B000017A9FED4E7A67EE877AFDEEE77A17EE78
:1052C000903ABB61FB691A0E7B681633D2B21A7032
:1052D000FB691A147B681733D2B21A70FB691A1271
:1052E0007B681833D2B21A707B681933FA69D2B26C
:1052F0001A70BB691A0E7B681A33D2B21A70BB6976
:105300001A147B681B33D2B21A70BB691A127B68FD
:105310001C33D2B21A707B681D33BA69D2B21A70CC
:10532000314B93ED027ADFED326AC7EE267AFCEE5E
:10533000E77AC7ED007A3B78FB757B681E33FA7D10
:105340001A702C4BD3ED047A9FED2B7A67EE877A97
:10535000FDEEE77A17EE903ABB82264BD3ED057A45
:105360009FED257A67EE877AFDEEE77A17EE903AA1
:105370007B82204BD3ED067A9FED1F7A67EE877A0A
:10538000FDEEE77A17EE903A3B821A4BD3ED077A9F
:105390009FED197A67EE877AFDEEE77A17EE903A7D
:1053A000FB81B7F914301B121AB27B681F33D2B2DB
:1053B0001A707B682033BA8AD2B21A70B7F91230E9
:1053C0001B121AB27B682133D2B21A707B68223367
:1053D00014E000BF10220020600200201006002010
:1053E00000007A44602200208819002000247449BB
:1053F00000401C46782200200060EA467A8AD2B239
:105400001A70B7F910301B121AB27B682333D2B26C
:105410001A707B6824333A8AD2B21A70B7F90E3008
:105420001B121AB27B682533D2B21A707B682633FE
:10543000FA89D2B21A7000BF3037BD4680BD00BFB6
:1054400080B588B000AF7860AE4B1B684FF0FF317D
:10545000184618F0F5F8AC4B1B68FB61A94B1868AF
:1054600000230022002117F0A9FDA84805F004FB45
:10547000B861BB691B0EDAB27B681A70BB691A0C83
:105480007B680133D2B21A70BB691A0A7B68023397
:10549000D2B21A707B680333BA69D2B21A70FB6950
:1054A000B3F922301B121AB27B680433D2B21A70DD
:1054B000FB69B3F922207B680533D2B21A70FB690D
:1054C000B3F924301B121AB27B680633D2B21A70B9
:1054D000FB69B3F924207B680733D2B21A70FB69E9
:1054E000B3F926301B121AB27B680833D2B21A7095
:1054F000FB69B3F926207B680933D2B21A70FB69C5
:10550000D3ED007A9FED827A67EE877AFDEEE77A37
:1055100017EE903AFB82FB69D3ED017A9FED7C7A1E
:1055200067EE877AFDEEE77A17EE903ABB82FB6969
:10553000D3ED027A9FED767A67EE877AFDEEE77A11
:1055400017EE903A7B82B7F916301B121AB27B68BD
:105550000A33D2B21A707B680B33FA8AD2B21A704D
:10556000B7F914301B121AB27B680C33D2B21A701E
:105570007B680D33BA8AD2B21A70B7F912301B1297
:105580001AB27B680E33D2B21A707B680F337A8AF4
:10559000D2B21A705F4B1B881B0A9AB27B68103319
:1055A000D2B21A705B4B1A887B681133D2B21A7070
:1055B000584B5B881B0A9AB27B681233D2B21A70BE
:1055C000544B5A887B681333D2B21A70514B9B8864
:1055D0001B0A9AB27B681433D2B21A704D4B9A8868
:1055E0007B681533D2B21A704A4BDB881B0A9AB219
:1055F0007B681633D2B21A70464BDA887B68173351
:10560000D2B21A70434B1B891B0A9AB27B681833BB
:10561000D2B21A703F4B1A897B681933D2B21A7012
:105620003D4BD3ED007A9FED3D7A67EE877AFDEE34
:10563000E77A17EE903AFB60374BD3ED017A9FED96
:10564000377A67EE877AFDEEE77A17EE903ABB601D
:10565000FB681A0E7B681A33D2B21A70FB681A14F0
:105660007B681B33D2B21A70FB681A127B681C333A
:10567000D2B21A707B681D33FA68D2B21A70BB6856
:105680001A0E7B681E33D2B21A70BB681A147B687C
:105690001F33D2B21A70BB681A127B682033D2B2A1
:1056A0001A707B682133BA68D2B21A701A4B93ED24
:1056B000027ADFED1B6AC7EE267A7B682233FCEEA6
:1056C000E77AC7ED007A3A78D2B21A70FB69B3F97B
:1056D00028301B121AB27B682333D2B21A70FB69CE
:1056E000B3F928207B682433D2B21A707B68253343
:1056F00000221A707B68263300221A7000BF203700
:10570000BD4680BD1022002060020020100600204F
:1057100000007A4460220020881900200024744987
:1057200000401C4680B58EB000AF7860B24B1B685D
:105730004FF0FF31184617F083FFB04B1B68BB6278
:10574000AD4B186800230022002117F037FCAC484D
:1057500005F092F978627B6A1B0EDAB27B681A70E8
:105760007B6A1A0C7B680133D2B21A707B6A1A0A00
:105770007B680233D2B21A707B6803337A6AD2B282
:105780001A70BB6AD3ED007A9FED9E7A67EE877A36
:10579000FDEEE77A17EE903A7B84BB6AD3ED017A8F
:1057A0009FED987A67EE877AFDEEE77A17EE903AEA
:1057B0003B84BB6AD3ED027A9FED927A67EE877ADB
:1057C000FDEEE77A17EE903AFB83B7F922301B1211
:1057D0001AB27B680433D2B21A707B6805337A8CB4
:1057E000D2B21A70B7F920301B121AB27B68063396
:1057F000D2B21A707B6807333A8CD2B21A70B7F9FA
:105800001E301B121AB27B680833D2B21A707B6842
:105810000933FA8BD2B21A707B4B9B891B0A9AB25E
:105820007B680A33D2B21A70774B9A897B680B3344
:10583000D2B21A70744BDB891B0A9AB27B680C33A4
:10584000D2B21A70704BDA897B680D33D2B21A70FB
:105850006D4B1B8A1B0A9AB27B680E33D2B21A7048
:10586000694B1A8A7B680F33D2B21A70BB6AB3F9DC
:1058700022301B121AB27B681033D2B21A70BB6A84
:10588000B3F922207B681133D2B21A70BB6AB3F924
:1058900024301B121AB27B681233D2B21A70BB6A60
:1058A000B3F924207B681333D2B21A70BB6AB3F900
:1058B00026301B121AB27B681433D2B21A70BB6A3C
:1058C000B3F926207B681533D2B21A704F4BD3ED53
:1058D000007A9FED4F7A67EE877AFDEEE77A17EE52
:1058E000903ABB61494BD3ED017A9FED497A67EE5F
:1058F000877AFDEEE77A17EE903A7B61BB691A0E64
:105900007B681633D2B21A70BB691A147B681733DE
:10591000D2B21A70BB691A127B681833D2B21A70ED
:105920007B681933BA69D2B21A707B691A0E7B6828
:105930001A33D2B21A707B691A147B681B33D2B245
:105940001A707B691A127B681C33D2B21A707B689A
:105950001D337A69D2B21A702C4B93ED027ADFEDC7
:105960002D6AC7EE267AFCEEE77AC7ED007A3B781F
:10597000FB747B681E33FA7C1A70274B1B781B0163
:105980005AB2264B1B881B0A9BB25BB203F00F0373
:105990005BB213435AB27B681F33D2B21A701F4BEB
:1059A0001A887B682033D2B21A701D4BD3F8A0300E
:1059B0007B631B4BD3F8A4303B63194BD3F8A8305F
:1059C000FB62174BD3ED277AF5EEC07AF1EE10FAB1
:1059D0002AD5D7ED0D7AF1EE677AC7ED0D7AD7EDBE
:1059E0000C7AF1EE677AC7ED0C7AD7ED0B7AF1EE0F
:1059F000677AC7ED0B7A17E01022002060020020C2
:105A00001006002000007A4460220020881900203F
:105A10000024744900401C46FA1B0020FC1B002097
:105A2000C41900200060EA46D7ED0D7A1FED037A15
:105A300067EE877AFDEEE77A17EE903A3B82D7ED74
:105A40000C7A1FED087A67EE877AFDEEE77A17EE9B
:105A5000903AFB81D7ED0B7A1FED0E7A67EE877ACD
:105A6000FDEEE77A17EE903ABB81B7F910301B12C2
:105A70001AB27B682133D2B21A707B6822333A8A19
:105A8000D2B21A70B7F90E301B121AB27B682333E8
:105A9000D2B21A707B682433FA89D2B21A70B7F97D
:105AA0000C301B121AB27B682533D2B21A707B6895
:105AB0002633BA89D2B21A7000BF3837BD4680BDCE
:105AC0002DE9B04F9EB002AF7860012387F86F30A8
:105AD0005F4BBB6600F0B2FB02F048F907F14003F0
:105AE0001846FEF78DFFBB6E00229846914642464F
:105AF0004B464FF000004FF00001590141EAD261DE
:105B0000500102460B46B2EB080463EB09054FF067
:105B100000024FF00003AB0043EA9473A200144666
:105B20001D4614EB080A45EB090B4FF000024FF03D
:105B300000034FEACB0343EA5A734FEACA02924684
:105B40009B46504659464FF47A724FF00003FBF7DC
:105B5000FBF802460B4607F10C0300924FF0FF32B0
:105B60000021002019F01CFC0346012B2AD1FB6800
:105B700003F00103002B02D0012387F86F30FB688C
:105B800003F00203002B02D0002387F86F30FB687C
:105B900003F00403002B15D02E4B1B684FF0FF3190
:105BA000184617F04DFD2C4B1B781A464EF6602315
:105BB00002FB03F3BB66274B186800230022002179
:105BC00017F0FCF997F86F30012B8CD1234B1B6831
:105BD0004FF0FF31184617F033FD00F02FFB02F0B5
:105BE000C5F807F140031846FEF70AFF1B4B18687B
:105BF00000230022002117F0E1F907F140031846C5
:105C000000F03AFD034683F00103DBB2002B0DD018
:105C100007F140031846FEF7B5FB07F1100307F143
:105C2000400104220120FEF792F807E007F110037B
:105C300007F1400127220220FEF789F8084B186877
:105C400007F1100100234FF0FF3217F0B7F94AE7D0
:105C5000C027090004220020760200201C22002018
:105C6000441C00202DE9B04F9CB002AF7860634B1C
:105C70007B667B6E00229846914642464B464FF02B
:105C800000004FF00001590141EAD2615001024683
:105C90000B46B2EB080463EB09054FF000024FF02E
:105CA0000003AB0043EA9473A20014461D4614EBB4
:105CB000080A45EB090B4FF000024FF000034FEAD2
:105CC000CB0343EA5A734FEACA0292469B465046B8
:105CD00059464FF47A724FF00003FBF735F802464D
:105CE0000B4613460093464B4FF0FF320021002035
:105CF00019F056FB0346012B2DD1414B1B6803F0D5
:105D00000103002B02D03F4B01221A703C4B1B6851
:105D100003F00203002B02D03A4B00221A70384BDA
:105D20001B6803F00403002B15D0374B1B684FF0A2
:105D3000FF31184617F084FC344B1B781A464EF698
:105D4000602302FB03F37B662F4B186800230022BD
:105D5000002117F033F92B4B1B78002B89D02C49ED
:105D60002C4800F06BF800F02BF92B4B1B78002B24
:105D70003FF47FAF294808F03BFD2949274800F050
:105D80005DF800F037F9274B03F5FA430C331A4658
:105D9000254B1846114642F6D0731A4623F061FD92
:105DA0002249214800F04AF800F0E8F9204B00228F
:105DB0001A601F4B1B68FF221849184602F00AF9A7
:105DC0001C49164800F03AF800F03AF907F13C0394
:105DD0001846FFF78DF807F10C0307F13C01272265
:105DE0000D20FDF7B4FF144B186807F10C010023D8
:105DF0004FF0FF3217F0E2F83BE700BFC027090081
:105E0000981600207402002004220020770200204F
:105E1000C0160020007D0064D8210020D0AC0064B2
:105E2000C816002000000C08A0DC0064B01600209A
:105E3000B0180020B8160020441C0020F0B587B030
:105E400000AF786039600023FB600023BB60544BD7
:105E500000221A70524B00225A70514B00229A7045
:105E60004F4B0022DA704F4B00221A604E4B1B68DA
:105E70009A684D4B1B6842F001029A6040F6F4327A
:105E8000796849480DF05CFD0346464A1360474B6C
:105E90001A68444B1B689A427ED000237B6178E0ED
:105EA0007A6913461B029B1A1B01FB60FB687A6828
:105EB00013443F4A104619464FF47F631A4623F0B5
:105EC000D0FC394B1B689A68374B1B6842F00102C3
:105ED0009A60344B00221A604FF47F723449324882
:105EE0000DF02EFD03462F4A1360324B1A682D4BDE
:105EF0001B689A424AD000233B6144E03A6913464A
:105F00005B0013441B011A46FB681344BB60BB686B
:105F10007A681344284A1C46164604F1300C35466C
:105F20002346186859689A68DB680FC51034103624
:105F30006445F4D11C4B1B689A681B4B1B6842F0EC
:105F400001029A60174B00221A600C221A49164867
:105F50000DF0F6FC0346134A1360184B1A68114BF8
:105F60001B689A420CD00E4A7B69134401221A70B6
:105F70000B4B0122DA703A6830210F4800F01EF90D
:105F80003B6901333B613B69542BB7DD7B690133CE
:105F90007B617B69022B83DD00BF1C37BD46F0BDF2
:105FA00094160020901600200C05002068020020A6
:105FB000700C01646C020020601C016470020020FF
:105FC00080B500AF084BDB78002B0AD0074B1B785D
:105FD00042F6D0721946064822F073FD024B0022A9
:105FE000DA7000BF80BD00BF941600208A02002036
:105FF000007D006480B500AF0D4BDB78002B14D022
:106000000C4B1B7883F00103DBB2002B0DD00A4B45
:106010001B784FF4FF721946084822F052FD0748DA
:1060200008F04EFB024B0022DA7000BF80BD00BFBB
:1060300094160020B42200208A020020901C0164E3
:1060400080B500AF464B1B78002B3DD0444B5B78AE
:10605000002B39D0424B9B78002B35D0414B1B682D
:1060600010221946404801F063F83E4B1A683F4B36
:106070001B6813443B4A13603A4B1B6810221946B5
:10608000394801F055F8374B1A68384B1B681344F0
:10609000344A1360334B1B6810221946324801F012
:1060A00047F8334B1B7842F6D0721946314822F03C
:1060B00008FD314B1B68FF222E49184601F08CFE6B
:1060C0000A2017F0A3FF49E0254B1B78002B10D0C6
:1060D000294B00221A60234B1B68102219462248C4
:1060E00001F026F8244B1B6855222249184601F07E
:1060F00073FE1B4B5B78002B15D01F4B4FF4805267
:106100001A601A4B1B68174A1360164B1B68102243
:106110001946154801F00CF8174B1B685522154914
:10612000184601F059FE0E4B9B78002B16D0124BEF
:106130004FF400521A600D4B1B685B00094A136054
:10614000084B1B6810221946074800F0F1FF0A4B64
:106150001B6855220749184601F03EFE00BF80BD6E
:1061600094160020401700207407002080020020B1
:106170008A020020D0AC0064B418002080B500AFC3
:106180000B4BDB78002B10D00A4B1B7842F6D072F9
:106190001946094822F095FC1AF07CF800F09AFAAA
:1061A0001AF0AAF8024B0022DA7000BF80BD00BFCF
:1061B000941600208A020020A0DC006480B487B01E
:1061C00000AFF860B9607A601B4B1B78BB7400238A
:1061D0007B6126E0FA687B6913441B787B747A7CC8
:1061E000BB7C9A421AD07B681B685A1C7B681A6079
:1061F0007A7CBB7C5340FB740DE0FB7C013BDBB243
:106200005AB297F9133013405BB2FB747B685B683A
:106210005A1C7B685A60FB7C002BEED17B690133F2
:106220007B617A69BB689A42D4D300BF00BF1C3738
:10623000BD465DF8047B70478A02002080B586B0B9
:1062400004AF6C4B1B684FF0FF31184617F0F8F99C
:1062500064230293022301933B1D009301230F2229
:10626000902165480FF034FB03461A46634B1A70C1
:10627000624B1B78002B0FD13B791B027A791343B9
:1062800040F21712934203D15D4B00221A7006E0D0
:106290005B4B01221A7002E05A4B01221A706423F0
:1062A000029301230193FB1C009301230F22D321AE
:1062B00051480FF00DFB03461A46504B1A704F4BD6
:1062C0001B78002B09D1FB78D32B03D14E4B002236
:1062D0001A7002E04C4B01221A70642302930123CE
:1062E0000193BB1C009301232022602142480FF040
:1062F000EFFA03461A46414B1A70404B1B78002BAD
:1063000009D1BB78062B03D1404B00221A7002E062
:106310003E4B01221A7064230293022301933B1D1A
:10632000009301230F22902139480FF0D1FA034640
:106330001A46324B1A70314B1B78002B0FD13B7928
:106340001B027A79134340F21712934203D1314B67
:1063500000221A7006E02F4B01221A7002E02E4B29
:1063600001221A706423029301230193FB1C009302
:1063700001230F22D32126480FF0AAFA03461A461A
:106380001E4B1A701D4B1B78002B09D1FB78D32BA9
:1063900003D1224B00221A7002E0204B01221A7016
:1063A0006423029301230193BB1C00930123202249
:1063B000602117480FF08CFA03461A460F4B1A70EB
:1063C0000E4B1B78002B09D1BB78062B03D1144B45
:1063D00000221A7002E0124B01221A70054B186855
:1063E00000230022002116F0E9FD00BF0837BD465A
:1063F00080BD00BFF821002014050020D016002029
:1064000078020020A81600207A0200207C020020DA
:106410006805002079020020A91600207B020020D8
:106420007D02002080B400AF0F4B1B78002B03D1FE
:106430000E4B1B78002B10D00D4B1B8801339AB2EA
:106440000B4B1A80094B1B785B005AB2064B1B782A
:106450005BB213435BB2DBB200E000231846BD46DB
:106460005DF8047B704700BF7C0200207D020020A5
:106470009C16002080B400AF0F4B1B78002B03D17B
:106480000E4B1B78002B10D00D4B1B8801339AB29A
:106490000B4B1A80094B1B785B005AB2064B1B78DA
:1064A0005BB213435BB2DBB200E000231846BD468B
:1064B0005DF8047B704700BF78020020790200205D
:1064C000A016002080B400AF0F4B1B78002B03D127
:1064D0000E4B1B78002B10D00D4B1B8801339AB24A
:1064E0000B4B1A80094B1B785B005AB2064B1B788A
:1064F0005BB213435BB2DBB200E000231846BD463B
:106500005DF8047B704700BF7A0200207B02002008
:106510009E16002080B400AF1C4B1B78002B0BD1C3
:106520001A4B5B78002B07D1184B9B78002B03D1BB
:10653000164BDB78002B1FD0154B1B8801339AB20A
:10654000134B1A80134B01221A70104BDB78DB00BF
:106550005AB20E4B9B789B005BB213435AB20B4B63
:106560005B785B005BB213435AB2084B1B785BB29B
:1065700013435BB2DBB203E0064B00221A70002328
:106580001846BD465DF8047B704700BFD418002054
:10659000A21600207E02002080B400AF124B1B78B0
:1065A000002B03D1114B1B78002B13D0104B1B88F1
:1065B00001339AB20E4B1A800E4B01221A700B4B0C
:1065C0001B785B005AB2084B1B785BB213435BB27B
:1065D000DBB203E0074B00221A7000231846BD46C9
:1065E0005DF8047B704700BFAA160020AB160020A0
:1065F000A41600207F02002080B400AF194B1B7846
:10660000002B0BD1184B1B78002B07D1174B1B7895
:10661000002B03D1164B1B78002B1CD0154B1B886D
:1066200001339AB2134B1A800E4B1B78DB005AB21F
:106630000D4B1B789B005BB213435AB20B4B1B787C
:106640005B005BB213435AB2094B1B785BB2134336
:106650005BB2DBB200E000231846BD465DF8047B68
:10666000704700BFAC160020B4220020AD160020F9
:10667000AE160020A616002080B485B000AF78606A
:106680000423FB730AE0FB7B7A6813441B78002B1E
:1066900001D0012306E0FB7B0133FB73FB7B262B40
:1066A000F1D9002318461437BD465DF8047B7047C6
:1066B00080B500AF16F098F80346044A136016F050
:1066C00093F80346024A136000BF80BDD416002031
:1066D000D81600202DE9B04F8CB000AF0DF018FE99
:1066E000484BF322DA600023BB600A233B6101239D
:1066F0007B610223BB613A1D07F10803114618466E
:106700000DF068FF0346002B74D13F4B3B624FF402
:10671000FA53FB610023FB6216E0FB6A9B003B4AD5
:106720009918FB6A9B003A6A13441B6800229A4638
:10673000934652465B4602200DF096FD0346002B21
:1067400007D1FB6A0133FB62FA6AFB699A42E4D320
:1067500000E000BF2E4B3B6240F6F433FB610023A8
:10676000BB6219E0BB6A9A00284B03F5FA430C336D
:10677000D118BB6A9B003A6A13441B6800229846F2
:10678000914642464B4602200DF06EFD0346002B1B
:1067900007D1BB6A0133BB62BA6AFB699A42E1D393
:1067A00000E000BF1B4B3B6240F27713FB6100230C
:1067B0007B6219E07B6A9A00144B03F52C43E833A3
:1067C000D1187B6A9B003A6A13441B6800221C465E
:1067D000154622462B4602200DF046FD0346002BAF
:1067E00007D17B6A01337B627A6AFB699A42E1D303
:1067F00000E000BF0DF0AEFD00BF3037BD46BDE884
:10680000B08F00BF003C02400000006400000C0894
:10681000A0DC0064901E016480B500AF0B4A0C4BF5
:10682000104619464FF4FA431A4623F01AF8084B5B
:1068300003F52C43E8331A46064B1846114640F23E
:10684000DC531A4623F00DF800BF80BD0000006441
:1068500000000C08901E016480B586B002AF78601D
:106860000B467B800523BB8100233B817B88184638
:1068700000F0F4F807F1080207F10C014FF0FF33C4
:1068800000930223786812F0B4FE7B88184600F06B
:10689000F7F87B7A03F00203002B0CBF01230023DF
:1068A000DBB218461037BD4680BD80B500AF00F0A2
:1068B000C9F8102000F0E4F8202000F0E1F84020B2
:1068C00000F0DEF84FF4007000F0DAF800BF80BD91
:1068D00080B500AF4FF4FA420021494822F0F1F8A8
:1068E000474B0F225A70474B00221A80464B00221A
:1068F0001A80464B00221A80454B00221A8008223B
:106900000021444822F0DDF8434B00221A70434B2B
:1069100000221A70424B00221A70424B00221A7059
:10692000414B00221A70414B00221A7000F08AF885
:10693000102000F0A5F8202000F0A2F8402000F080
:106940009FF84FF4007000F09BF8394B00221A704A
:10695000374B00225A70364B00225A60344B0022CB
:106960009A60334B0022DA60314B00221A61304BBF
:1069700000229A822E4B00229A612D4B00221A7718
:106980002B494FF000024FF00003C1E9082310210A
:10699000284800F001F940F6B83017F037FB202105
:1069A000244800F0F9F840F6B83017F02FFB4021EA
:1069B000204800F0F1F840F6B83017F027FB4FF40C
:1069C00000711C4800F0E8F840F6B83017F01EFBE4
:1069D000194B1B7842F6D0721946184822F071F80C
:1069E000174B00221A60164B1B68FF2213491846EA
:1069F00001F0F2F90A2017F009FB00BF80BD00BFCB
:106A000000000064B8180020BA180020BC1800204C
:106A1000BE180020C0180020C8180020C918002087
:106A2000CA180020CB180020CC180020CD18002058
:106A300070180020740700208A020020D0AC006487
:106A4000B418002080B500AF01224FF40051024875
:106A50000EF092F900BF80BD0008024080B582B000
:106A600000AF0346FB80FB880022194603480EF066
:106A700083F900BF0837BD4680BD00BF0008024053
:106A800080B582B000AF0346FB80FB880122194627
:106A900003480EF071F900BF0837BD4680BD00BF46
:106AA0000008024080B584B000AF78600B467B8060
:106AB0009F23FB73244B1B684FF0FF31184616F0E1
:106AC000BFFD7B881846FFF7C9FF07F10F010A23B6
:106AD0000122786812F030FB7B88102B06D10A2344
:106AE00003221A49786812F06BFC1DE07B88202B8A
:106AF00006D10A2303221649786812F061FC13E0DC
:106B00007B88402B06D10A2303221249786812F0B1
:106B100057FC09E07B88B3F5007F05D10A230322E7
:106B20000D49786812F04CFC7B881846FFF7A8FFE7
:106B3000054B186800230022002116F03FFA00BF21
:106B40001037BD4680BD00BFE0210020A018002006
:106B5000A4180020A8180020AC18002080B586B02A
:106B600002AF78600B467B800623FB737B88184658
:106B7000FFF774FF07F10E0207F10F010A230093DC
:106B80000123786812F035FD7B881846FFF778FFFF
:106B900000BF1037BD4680BD80B586B002AF7860BB
:106BA0000B467B80414B1B684FF0FF31184616F0B7
:106BB00047FD0023BB607B681B68DB68BB607B68AC
:106BC0001B689B68BB60BB687B8819467868FFF7C9
:106BD000C5FF7B8819467868FFF73EFE0346002B09
:106BE0000CD07B881846FFF74BFF304B186800230A
:106BF0000022002116F0E2F9012353E0C723BB7302
:106C00007B881846FFF72AFF07F10E010A2300933D
:106C10000123274A786812F0ECFC0346FB737B885B
:106C20001846FFF72DFFFB7B002B2CD14FF47A7019
:106C300017F0ECF97B881846FFF710FF0A23009342
:106C400002231C4A1C49786812F0D3FC0346FB73EC
:106C50007B881846FFF714FFFB7B002B15D1154BE3
:106C60005A78164B1A70154B1B7803F00103002B52
:106C700002D0052017F0CAF9104B1B7803F001036E
:106C8000002BD7D102E000BF00E000BF074B18681F
:106C900000230022002116F091F97B881846FFF7A7
:106CA000EFFEFB7B18461037BD4680BDE02100207B
:106CB000DC16002014190020840200200C1700208C
:106CC00090B58FB002AFF860B9607A603B60024B5C
:106CD0001B7887F82F30A1E170180020BB68DBB269
:106CE000BB62BB6AC3F580737B627A6A3B6893427E
:106CF00028BF13463B620023BB61FB681B68DB684F
:106D0000BB61FB681B689B68BB61BB69B7F840301F
:106D10001946F868FFF722FFB7F840301946F868BF
:106D2000FFF79AFD0346002B40F07E81A74B1B78AE
:106D3000022B0BD9A54B00221A70A54B1B780133EF
:106D4000DAB2A34B1A70BB683033BB60A04B1B7820
:106D50001D2B3BD99F4B1B7818469F4B1B88194610
:106D60009E4A4FF47A6300FB03F30B445B00134429
:106D70005B785AB29A4B1B88194601238B405BB251
:106D800013435AB2934B1B781C46934B1B881846EF
:106D9000D1B2924A4FF47A6304FB03F303445B00DD
:106DA00013440A465A70BB6803F57F63BB60884B87
:106DB00000221A708B4B1B780133DAB2894B1A70A0
:106DC000874B1B8801339AB2854B1A80854B1B7801
:106DD000042B42D97F4B1B7818467F4B1B881946E2
:106DE0007E4A4FF47A6300FB03F30B4412F813302E
:106DF000784A12781446784A1288104643F0010304
:106E0000D9B2764A4FF47A6304FB03F3034402F8E1
:106E10001310704B1B78744A32F81320013291B270
:106E2000714A22F813106C4B1B8801339AB26A4BDB
:106E30001A80694B1B881A4613461B029B1ADB01FA
:106E4000BB60624B00221A70614B00221A70654BC6
:106E500000221A70624B00221A805E4B1B781A4681
:106E6000614B33F81230B3F5FA6F1ED9594B1B78CA
:106E70000133DAB2574B1A700023BB60554B1B78B5
:106E8000184600F0F5F90346A7F840304F4B0022B2
:106E90001A704F4B00221A70524B00221A70504B3E
:106EA00000221A804C4B00221A80504B12221A707A
:106EB000BB681B0EDAB24D4B5A70BB681B0CDAB2C2
:106EC0004A4B9A70BB681B0ADAB2484BDA70BB684F
:106ED000DAB2464B1A713A6A7968454822F0C1FC29
:106EE000444B1B680021184616F0AAFB00BFFB6844
:106EF0001B689B6803F08003802BF8D0B7F8403004
:106F00001846FFF7ABFD3B6A9BB204339BB23A4A8B
:106F10003649F86812F016FD0346FB77FB7F002B1D
:106F200040F08480334B1B684FF0FF31184616F059
:106F300087FB00BFFB681B689B6803F08003802B06
:106F4000F8D0B7F840301846FFF79AFD0523BB820A
:106F500000233B82B7F840301846FFF77FFD07F16A
:106F6000100207F114010A2300930223F86812F0BB
:106F700040FB0346FB77B7F840301846FFF780FD2B
:106F8000FB7F002B54D17B7C03F00103002B02D04C
:106F9000012017F03BF87B7C03F00103002BD9D1D3
:106FA000B7F84030184600F0BBFD0346002B14BF75
:106FB00001230023BB77BB7F002B1FD0034B1B7823
:106FC0000133DAB2014B1A7018E000BFC818002074
:106FD000C918002070180020B818002000000064B4
:106FE000BC180020CA180020C01800204417002038
:106FF00049170020F02100200C180020BB7F002B37
:107000007FF494AEBA683B6A1344BB607A683B6A0B
:1070100013447B603A683B6AD31A3B603B68002BA1
:107020007FF45CAE00230AE000BF02E000BF00E096
:1070300000BFB7F840301846FFF722FD012318467D
:107040003437BD4690BD00BF80B586B000AFF86054
:10705000B9607A607B80324B1B680021184616F0BD
:10706000EFFA00233B61FB681B68DB683B61FB6850
:107070001B689B683B613B697B8804331A4600218F
:10708000284821F01EFD274B13221A70BB681B0EE7
:10709000DAB2244B5A70BB681B0CDAB2214B9A70DF
:1070A000BB681B0ADAB21F4BDA70BB68DAB21D4B41
:1070B0001A713B8C1846FFF7D1FC7B8804339BB2D6
:1070C000194A1849F86812F03DFC0346FB75FB7D30
:1070D000002B1AD1124B1B684FF0FF31184616F0E7
:1070E000AFFA00BFFB681B689B6803F08003802B2E
:1070F000F8D03B8C1846FFF7C3FC7B881A460B4937
:10710000786822F0AEFB002305E000BF3B8C1846F8
:10711000FFF7B6FC012318461837BD4680BD00BFF7
:10712000F021002044170020A8170020AD170020F0
:1071300080B588B002AFF860B9601346FB800023C9
:10714000FB7503237B75454B21221A70BB681B0E10
:10715000DAB2424B5A70BB681B0CDAB23F4B9A70E2
:10716000BB681B0ADAB23D4BDA70BB68DAB23B4B44
:107170001A7100233B61FB681B68DB683B61FB689D
:107180001B689B683B613B69FB881946F868FFF701
:10719000E5FCFB881946F868FFF75EFB0346002B09
:1071A00005D0FB881846FFF76BFC012351E0FB88F4
:1071B0001846FFF753FC0A2300930423284A274963
:1071C000F86812F016FA0346BB75FB881846FFF7FD
:1071D00057FCBB7D002B32D1642016F017FFFB88D3
:1071E0001846FFF73BFC0A23009302231D4A1E4961
:1071F000F86812F0FEF90346BB75FB881846FFF7E6
:107200003FFCBB7D002B1CD1164B5A78174B1A70D4
:10721000164B1B7803F00103002B02D0052016F05B
:10722000F5FEFB7D0133FB75104B1B7803F001036A
:10723000002B08D0FA7D7B7D9A42D0D303E000BFBB
:1072400002E000BF00E000BFFB881846FFF718FC13
:10725000BB7D18461837BD4680BD00BF18190020F9
:10726000DC1600201C190020880200200C170020CA
:1072700080B483B000AF0346FB71FB79032B14D8B5
:1072800001A252F823F000BF997200089D72000815
:10729000A1720008A5720008102307E0202305E072
:1072A000402303E04FF4007300E0102318460C372E
:1072B000BD465DF8047B7047F0B587B002AF7860DB
:1072C000884B1B684FF0FF31184616F0B9F9864B12
:1072D0001B781846854B1B881946854A4FF47A63FC
:1072E00000FB03F30B4412F81330002B13D07F4B39
:1072F0001B8801339AB27D4B1A807C4B1B881A463F
:1073000013461B029B1ADB011A46774B5A60794BD6
:1073100000221A7002E0774B01221A70724B1B7820
:107320001846724B1B881946714A4FF47A6300FB6A
:1073300003F30B445B0013445B781A466E4B1B88C7
:1073400042FA03F303F00103002B14BF01230023CF
:10735000DAB26A4B1A70694B1B78002B0FD0664B60
:107360001B8801339AB2644B1A805F4B5B6803F54C
:107370007F635D4A5360624B00221A7002E0604BEB
:1073800001221A70584B5B685E4A934208D9564BEB
:1073900000225A60544B1B780133DAB2524B1A70F8
:1073A000544B1B7883F00103DBB2002B8FD1544B7D
:1073B0001B7883F00103DBB2002B88D14A4B1B788A
:1073C0001846FFF755FF0346BB814F4B1B7883F0F0
:1073D0000103DBB2002B34D0434B1B7F002B30D09A
:1073E000414B5968BB8900933023484A4848FFF70E
:1073F0002BFE0A2016F00AFE444B1B78CD2B15D12C
:107400000023FB73384B5B683033374A5360364B8D
:10741000DB680133344AD360334B1B690133324A92
:10742000136100F075FE00F0A5FE01E00123FB737F
:10743000FB7B83F00103DBB2002BD1D1324B012265
:107440001A703022FF21334821F03BFB314A7B6820
:107450001C46164604F1300C354623461868596818
:107460009A68DB680FC5103410366445F4D11E4BA2
:107470005968BB8900933023264A2548FFF720FC32
:107480000346002B08D0174B186800230022002168
:1074900015F094FD012320E0134B01221A77124BC3
:1074A0005B683033104A53600F4BDB6801330E4A80
:1074B000D3600D4B1B6901330B4A136100F028FEAA
:1074C00000F058FE074B186800230022002115F039
:1074D00075FD0D4B01221A70002318461437BD4666
:1074E000F0BD00BFE021002070180020B818002077
:1074F00000000064CC180020BC180020DB1800201D
:10750000CD180020ABAA2A00DA180020E0180020CD
:107510007407002010170020F0B587B002AF786024
:107520005F4B1B684FF0FF31184616F089F85D4B32
:107530005A785C4B1B789A421ED15A4B9A68594B29
:107540005B689A4200D017E0564B00229A60554B78
:1075500000225A60534B00229A60524B00225A601C
:10756000504B00221A774E4B18680023002200214E
:1075700015F024FD0123C0E14A4B5B7818464A4BC5
:107580001B881946494A4FF47A6300FB03F30B4406
:1075900012F81330002B13D0434B1B8801339AB2DF
:1075A000414B1A80404B1B881A4613461B029B1AFC
:1075B000DB011A463B4B9A603D4B00221A7002E0F9
:1075C0003B4B01221A70374B5B781846364B1B88B1
:1075D0001946364A4FF47A6300FB03F30B445B0011
:1075E00013445B781A46334B1B8842FA03F303F0CB
:1075F0000103002B14BF01230023DAB22E4B1A70B3
:107600002D4B1B78002B0FD02A4B1B8801339AB2CD
:10761000284B1A80234B9B6803F57F63214A9360B4
:10762000264B00221A7002E0244B01221A701D4BD7
:107630009B68234A934208D91A4B00229A60194B3F
:107640005B780133DAB2174B5A70194B1B7883F011
:107650000103DBB2002B8FD1184B1B7883F00103A1
:10766000DBB2002B88D10F4B5B781846FFF700FE8A
:107670000346FB810B4B9968FB8900933023114A29
:107680001148FFF7E1FC0346002B1FD0044B18689C
:1076900000230022002115F091FC01232DE100BF01
:1076A000E021002070180020BA18002000000064BB
:1076B000CC180020BE180020DB180020CD180020B8
:1076C000ABAA2A0010170020740700202D228D4934
:1076D000786822F0C6F8FB89184600F0C7F903461F
:1076E000042B05DD884B1B780133DAB2864B1A7008
:1076F000854B1B78282B2BD9844B5B781846844B01
:107700001B881946834A4FF47A6300FB03F30B444A
:107710005B0013445B785AB27F4B1B8819460123E8
:107720008B405BB213435AB2784B5B781E46784B62
:107730001B881846D1B2774A4FF47A6306FB03F3ED
:1077400003445B0013440A465A706F4B00221A70C0
:10775000FB89184600F08AF90346DAB26F4B1B78B2
:107760001344DAB26D4B1A70FB89184600F032F9F7
:10777000664B9B683033654A9360644B9B8A013348
:107780009AB2624B9A82614B9B6901335F4A936163
:107790005E4B9B8A542B37D95C4B00229A825B4B01
:1077A0009B6803F6FF7323F47F6323F00F03574AAC
:1077B0009360564B9A685A4B1B68D31A00221C469A
:1077C0001546524BC3E90845504BD3E908231146EF
:1077D000FB891A465348FFF7ABFCFB89184600F0BB
:1077E0005BF94D4B1B8801339AB24B4B1A804A4BC5
:1077F0001B88082B08D1484B00221A80444B1B8859
:1078000001339AB2424B1A80404B9B69464A9342DD
:1078100028D93E4B00229A613C4B00229A823B4B76
:107820005B780133DAB2394B5A7038494FF00002B5
:107830004FF00003C1E90823374B00221A80344B74
:1078400000221A80314B5B78032B08D92F4B002282
:107850005A70314B00221A802D4B00221A802B4B7C
:1078600000229A60294B5A78284B1B789A4236D1CD
:10787000264B9A68254B5B689A4230D1234B0022F5
:107880009A60224B00225A60204B00229A601F4BC4
:1078900000225A601D4B00221A771C4B00221A77D7
:1078A000224B00221A80224B00221A80184B002201
:1078B0001A80194B00221A80144B0022DA60134BF5
:1078C00000221A61114B00221A70104B00225A70CC
:1078D0000E4B00229A820D4B00229A6102E00B4B64
:1078E00001221A77134B00221A70134B18680023D9
:1078F0000022002115F062FB002318461437BD4614
:10790000F0BD00BF10170020CB1800207018002019
:10791000BA18002000000064BE1800209C18002047
:107920008002002074070020AAAA2A00B8180020AC
:10793000BC18002010190020E021002080B584B080
:1079400000AF0346FB808123FB73FB881846FFF7DB
:1079500085F807F10F010A230122094811F0ECFB19
:107960000A2301220749064811F02AFDFB88184620
:10797000FFF786F8034B1B7818461037BD4680BDCD
:10798000740700209918002080B584B000AF03462A
:10799000FB80B323FB73FB881846FFF75FF807F102
:1079A0000F010A230122094811F0C6FB0A23012214
:1079B0000749064811F004FDFB881846FFF760F8F8
:1079C000034B1B7818461037BD4680BD7407002056
:1079D0009A18002080B584B000AF0346FB80B62320
:1079E000FB73FB881846FFF739F807F10F010A23EC
:1079F0000122054811F0A0FBFB881846FFF740F86C
:107A000000BF1037BD4680BD7407002080B584B02C
:107A100000AF0346FB80FB881846FFF78FFF034645
:107A2000DBB203F00803FB73FB7B082B01D10123BE
:107A300000E0002318461037BD4680BD80B584B0F5
:107A400000AF0346FB80FB881846FFF777FF03462D
:107A5000DBB203F00403FB73FB7B042B01D1012396
:107A600000E0002318461037BD4680BD80B584B0C5
:107A700000AF0346FB80FB881846FFF785FF0346EF
:107A8000DBB203F03C03FB73FB7B9B08FB73FB7BCC
:107A900018461037BD4680BD80B584B000AF0346A0
:107AA000FB8000233B73FB881846FFF7DFFF03468C
:107AB0003B73FB881846FFF7A9FF0346FB723B7B2D
:107AC000062B02D10123FB7301E00023FB73FB7A39
:107AD000002B02D00123BB7301E00023BB730F4BCB
:107AE0001B78142B02D101237B7301E000237B73ED
:107AF000FB7B002B05D1BB7B002B02D17B7B002BBA
:107B000001D0012300E00023BB72BB7A03F0010324
:107B1000BB72BB7A18461037BD4680BD981800204E
:107B200080B584B000AF0346FB80FB881846FFF7A2
:107B300085FF0346BB73BB7B002B05D00C4B1B782A
:107B40000133DAB20A4B1A70094B1B78032B08D1A8
:107B50000123FB73074B1B780133DAB2054B1A7014
:107B600001E00023FB73FB7B18461037BD4680BD48
:107B70009B1800209818002080B584B000AF034601
:107B8000FB806623FB73FB881846FEF767FF07F14F
:107B90000F010A2301220F4811F0CEFAFB88184684
:107BA000FEF76EFF9923FB73FB881846FEF756FF1E
:107BB00007F10F010A230122064811F0BDFAFB88E4
:107BC0001846FEF75DFF642016F020FA00BF10375C
:107BD000BD4680BD7407002080B584B000AF034669
:107BE000FB710023FB73FB791846FFF741FB03464B
:107BF000BB814FF47A7016F009FABB8919465348D5
:107C0000FEF750FFBB89102B1AD1514B1B789D2BCF
:107C100007D14F4B5B78602B03D14D4B9B781B2BCF
:107C20000AD04C4B01221A70FB7B0133FB73BB89DA
:107C30001846FFF7A1FF5DE0464B00221A7059E09D
:107C4000BB89202B1AD1444B1B789D2B07D1424B6B
:107C50005B78602B03D1404B9B781B2B0AD03D4BAC
:107C600001221A70FB7B0133FB73BB891846FFF7B7
:107C700083FF3FE0374B00221A703BE0BB89402B6B
:107C80001AD1364B1B789D2B07D1344B5B78602B78
:107C900003D1324B9B781B2B0AD02E4B01221A703A
:107CA000FB7B0133FB73BB891846FFF765FF21E0BF
:107CB000284B00221A701DE0BB89B3F5007F19D153
:107CC000274B1B789D2B07D1254B5B78602B03D16D
:107CD000234B9B781B2B0AD01E4B01221A70FB7B77
:107CE0000133FB73BB891846FFF746FF02E0194BCF
:107CF00000221A70FB7B012B04D8164B1B78002B3B
:107D00007FF47BAFFB79013B164A32F81330B3F5B1
:107D1000FA6F03D3144B01221A7002E0124B0022B7
:107D20001A700C4B1B78002B03D10F4B1B78002BC8
:107D300001D0012300E00023FB72FB7A03F0010372
:107D4000FB72FB7A18461037BD4680BD74070020D1
:107D5000A0180020D8180020A4180020A81800207F
:107D6000AC180020C0180020D918002080B582B0BF
:107D700000AF174B00221A6000237B6019E07B687C
:107D8000DBB21846FFF728FF03461946114A7B6805
:107D900013440A461A700F4A7B6813441B78002B61
:107DA00004D00B4B1B680133094A13607B68013315
:107DB0007B607B68032BE2DD054B1B68042B01D144
:107DC000012300E0002318460837BD4680BD00BFF0
:107DD000D0180020D418002080B58EB002AFF86013
:107DE000B9601346FB71744B1B684FF0FF311846A6
:107DF00015F026FC05233B830023BB826F4AFB68FA
:107E00001360002387F82F30B3E03023BB62A7E074
:107E10006A4B1B68DBB27B627B6AC3F580733B6293
:107E20003A6ABB6A934228BF1346FB6100233B6159
:107E3000634B1B68DB683B61614B1B689B683B6164
:107E40003B6910215E48FEF789FE10215C48FEF771
:107E500003FD0346002B40F09B805A4B12221A7000
:107E6000564B1B681B0EDAB2564B5A70534B1B68AD
:107E70001B0CDAB2534B9A70504B1B681B0ADAB2D8
:107E8000504BDA704D4B1B68DAB24E4B1A71FA69DF
:107E9000B9684D4821F0E5FC4C4B1B6800211846A1
:107EA00015F0CEFB00BF464B1B689B6803F08003B8
:107EB000802BF8D01020FEF7D1FDFB699BB2053373
:107EC0009BB2434A3F493E4811F03CFD0346FB76D6
:107ED000FB7E002B5ED13D4B1B684FF0FF311846F7
:107EE00015F0AEFB00BF364B1B689B6803F08003A8
:107EF000802BF8D01020FEF7C3FD0A2016F086F87C
:107F00001020FEF7ABFD07F1140207F118010A2358
:107F1000009302232A4811F06CFB0346FB761020E5
:107F2000FEF7AEFDFB7E002B36D17B7D03F0010317
:107F3000002B02D0012016F069F87B7D03F00103CD
:107F4000002BDDD11D4B1A68FB6913441B4A1360DB
:107F5000BA6AFB69D31ABB62BA68FB691344BB6097
:107F6000BB6A002B7FF454AF97F82F30013387F8AA
:107F70002F3097F82F20FB799A42FFF446AF0E4B33
:107F8000186800230022002115F018F800230FE0E4
:107F900000BF02E000BF00E000BF074B18680023ED
:107FA0000022002115F00AF81020FEF769FD0123D8
:107FB00018463037BD4680BDE0210020DC18002087
:107FC000740700204417002049170020F0210020EA
:107FD0000C18002080B588B000AFF860B960134677
:107FE000FB71454B1B684FF0FF31184615F028FB1D
:107FF0003023BB610023FB7761E0404B1B6800210D
:10800000184615F01DFB00233B613D4B1B68DB68E8
:108010003B613B4B1B689B683B613B69BB6905331C
:108020001A460021374820F04CFD364B13221A70B7
:10803000FB681B0EDAB2334B5A70FB681B0CDAB2CA
:10804000304B9A70FB681B0ADAB22E4BDA70FB6871
:10805000DAB22C4B1A711020FEF700FDBB699BB2FF
:1080600005339BB2284A2749254811F06BFC03468B
:10807000FB75FB7D002B2FD1204B1B684FF0FF3190
:10808000184615F0DDFA00BF1D4B1B689B6803F016
:108090008003802BF8D01020FEF7F2FCBA691B4950
:1080A000B86821F0DEFBFB683033FB60BB6830331F
:1080B000BB600A2015F0AAFFFB7F0133FB77FA7F34
:1080C000FB799A4299D30C4B1868002300220021B7
:1080D00014F074FF00230BE000BF1020FEF7D0FC6B
:1080E000054B186800230022002114F067FF0123CC
:1080F00018462037BD4680BDE0210020F021002039
:108100007407002044170020A8170020AD17002096
:1081100080B400AF144BDB68542B1FD9134B1B8862
:1081200001339AB2114B1A80104B1B88082B08D1CF
:108130000E4B00221A800E4B1B8801339AB20C4B57
:108140001A80094B0022DA60074B5B6803F6FF7365
:1081500023F47F6323F00F03034A536000BFBD463F
:108160005DF8047B704700BF70180020BC18002029
:10817000B818002080B400AF144B1B69144A934216
:108180001DD9144B00221A80134B00221A800F4B6A
:1081900000221A610D4B0022DA600C4B1B78013370
:1081A000DAB20A4B1A70094B1B78032B04D90B4B1C
:1081B00001221A70012303E0044B00225A600023BD
:1081C0001846BD465DF8047B704700BF701800205C
:1081D000AAAA2A00BC180020B818002010190020F4
:1081E00080B500AF0A4802F085FA0A4B00221A70E7
:1081F00038220021084820F064FC00F011F8034602
:1082000001221946054812F09EFB00BF80BD00BF49
:108210002019002085190020881900201C09002041
:1082200080B400AF024B1846BD465DF8047B704732
:108230001E19002080B582B000AF0346FB71FB79A8
:108240001946064802F067FA0346012B02D1044B97
:1082500001221A7000BF0837BD4680BD20190020DA
:108260008519002080B400AF074B1B78DBB2002BD0
:1082700004D0054B00221A70044B00E0002318467E
:10828000BD465DF8047B7047851900202019002049
:1082900080B487B000AF87ED010A0346FB7097ED0D
:1082A000017ADFED1E6AC7EE267AFDEEE77A17EE59
:1082B000903A3B613B69642202FB03F307EE903A7C
:1082C000F8EEE77A97ED017A77EE677AC7ED037AF1
:1082D0003B6907EE903AB8EEE77AD7ED036A9FED77
:1082E000106AC6EE867A77EE277AC7ED057AFB78B4
:1082F000532B02D0FB78572B05D1D7ED057AF1EE41
:10830000677AC7ED057A7B6907EE903AB0EE670AA7
:108310001C37BD465DF8047B704700BF0000C842B3
:108320000000704280B487B000AFF8607A601A46EF
:108330000B46FB721346BB720023FB750023BB8206
:1083400000237B820BE0BB8AFA6813441B782C2B3A
:1083500002D1FB7D0133FB75BB8A0133BB82BB8A33
:10836000FA6813441B78002B12D0FA7DFB7A9A42EC
:10837000E9D30DE0BB8AFA681A447B8A79680B441A
:1083800012781A70BB8A0133BB827B8A01337B82ED
:10839000BB8AFA6813441B78002B10D0BB8AFA689A
:1083A00013441B782C2B0AD0BB8AFA6813441B7821
:1083B0002A2B04D07A8ABB7A013B9A42DADB7B8A89
:1083C0007A68134400221A7000BF1C37BD465DF85E
:1083D000047B704780B483B000AF78607B681B7803
:1083E000303BDBB21A46920013445B00DAB27B6882
:1083F00001331B781344DBB2303BDBB218460C3739
:10840000BD465DF8047B70472DE9B04FF6B000AF74
:10841000C7F86C010622ED49D7F86C0120F077FB14
:108420000346002B09D00622E949D7F86C0120F059
:108430006EFB0346002B40F0598207F5C2720223FF
:108440000221D7F86C01FFF76DFF97F88431412BBB
:1084500040F04382DF4A012382F8363007F5E072AC
:108460000F230121D7F86C01FFF75CFF07F5B87205
:108470000F230921D7F86C01FFF754FF07F5E073CC
:108480001846FFF7A7FF034687F8D43107F5E073D6
:1084900002331846FFF79EFF034687F8D33107F5EE
:1084A000E07304331846FFF795FF034687F8D2318F
:1084B00007F5B8731846FFF78DFF034687F8D131EB
:1084C00007F5B87302331846FFF784FF034687F8B1
:1084D000D03107F5B87304331846FFF77BFF034626
:1084E00087F8CF31BB4A97F8CF3182F83030B94A9C
:1084F00097F8D03182F83130B64A97F8D13182F806
:108500003230B44A97F8D43182F83330B14A97F810
:10851000D33182F83430AF4A97F8D23182F835300F
:1085200097F8CF310022C7F84031C7F84421AA4B51
:10853000D7E950894A4603FB02F20223414601FB78
:1085400003F31A44A44B4146A1FB0313C7F864315B
:108550000B46C7F86031D7F86431D318C7F86431D7
:1085600097F8D0310022C7F83831C7F83C219B4B2F
:10857000D7E94E894A4603FB02F20023414601FB3C
:1085800003F31A44954B4146A1FB0313C7F85C3132
:108590000B46C7F85831D7F85C31D318C7F85C31AF
:1085A000D7E958894346D7E9560102469B18C7F8D0
:1085B00030310B464A4642EB0303C7F8343197F893
:1085C000D4310022C7F82831C7F82C21D7E94A89CD
:1085D00042464B464FF000004FF00001990041EA3F
:1085E0009271900002460B4641465418494643EBAF
:1085F00001054FF000024FF00003EB0043EA547313
:10860000E20014461D464346B4EB030A4046494681
:108610000B4665EB030B4FF000024FF000034FEAEF
:108620000B1343EA1A734FEA0A1292469B4603461B
:108630001AEB03033B670B464BEB03037B674FF0DF
:1086400000024FF00003D7E91C4529460B012146E3
:1086500043EA117321460A0114461D4697F8D131A9
:108660000022C7F82031C7F82421D7E948894246BB
:108670004B464FF000004FF00001590141EAD26132
:10868000500102460B464146511AB966494663EB12
:108690000103FB664FF000024FF00003D7E91AAB6D
:1086A00059464B02514643EAD15351464A021046BD
:1086B0001946034642469B183B660B464A4642EB28
:1086C00003037B664FF000024FF00003D7E918ABBD
:1086D00059468B01514643EA916351468A015146FE
:1086E000511AB965594663EB0103FB65D7E91601D9
:1086F000034642469B18C7F818314B460A4642EBE0
:108700000303C7F81C31D7E946120B46E318C7F834
:108710001031134645EB0303C7F81431D7E94C4534
:108720002346D7E9440102469B18C7F808310B4697
:108730002A4642EB0303C7F80C3197F8D3310022E5
:10874000C7F80031C7F80421D7E9404522462B4637
:10875000911839655B417B65D7E91423214651188F
:10876000B96429464B41FB644FF000024FF000030F
:10877000D7E9128949464B01414643EAD163414654
:108780004A01414689183964494643EB010179643D
:10879000D7E91001034622469B18C7F8F8302B464C
:1087A0000A4642EB0303C7F8FC30D7E942452346AB
:1087B000D7E93E0102469B18C7F8F0300B462A461F
:1087C00042EB0303C7F8F4300AE000BF18C2020806
:1087D00020C202088819002000E40B5400E1F505CE
:1087E00097F8D2310022C7F8E830C7F8EC20D7E973
:1087F0003C452346D7E93A0102469B18C7F8E030CA
:108800000B462A4642EB0303C7F8E430354BD7E961
:108810003812C3E90A1207F5D8720F230321D7F8DB
:108820006C01FFF77FFD07F5CE7202230421D7F814
:108830006C01FFF777FD97F8B031002B1BD007F5DF
:10884000D87318461FF07CF953EC102B10461946CC
:10885000F8F7DAF9024697F89C31184600EE102A2C
:10886000FFF716FDF0EE407A1E4BC3ED007A1D4B6C
:108870001B681C4A936107F5C6720F230521D7F8C0
:108880006C01FFF74FFD07F5C47202230621D7F8EC
:108890006C01FFF747FD97F88C31002B00F09F82A9
:1088A00007F5C67318461FF04BF953EC102B104612
:1088B0001946F8F7A9F9024697F88831184600EEEC
:1088C000102AFFF7E5FCF0EE407A064BC3ED017A83
:1088D000054B1B68034AD36181E2024B002283F8F7
:1088E00036207CE2881900208C1900200622E349FA
:1088F000D7F86C0120F00BF90346002B09D00622B3
:10890000DF49D7F86C0120F002F90346002B40F054
:10891000698207F5C07202230621D7F86C01FFF7C0
:1089200001FD97F88031302B00F0548297F88031A8
:10893000002B00F04F82D34A012382F8363007F52E
:10894000E0720F230121D7F86C01FFF7EBFC07F56C
:10895000E0731846FFF73EFD034687F8D73107F569
:10896000E07302331846FFF735FD034687F8D6312A
:1089700007F5E07304331846FFF72CFD034687F82C
:10898000D531C14B1B78BF4A82F83030BE4B5B7883
:10899000BC4A82F83130BC4B9B78BA4A82F83230FC
:1089A000B84A97F8D73182F83330B64A97F8D631BB
:1089B00082F83430B34A97F8D53182F83530B24B6B
:1089C0001B78DBB20022C7F8D830C7F8DC20AF4BE9
:1089D000D7E936452A4603FB02F20223214601FB72
:1089E00003F31A44A94B2146A1FB0313C7F85431E2
:1089F0000B46C7F85031D7F85431D318C7F8543163
:108A0000A14B5B78DBB20022C7F8D030C7F8D42086
:108A10009F4BD7E934452A4603FB02F20023214647
:108A200001FB03F31A449A4B2146A1FB0313C7F839
:108A30004C310B46C7F84831D7F84C31D318C7F83A
:108A40004C31D7E954452346D7E9520102469B18D9
:108A5000C7F8C8300B462A4642EB0303C7F8CC30B0
:108A600097F8D7310022C7F8C030C7F8C420D7E93B
:108A7000304522462B464FF000004FF00001990090
:108A800041EA9271900002460B46214612EB010822
:108A9000294643EB01094FF000024FF000034FEA73
:108AA000C90343EA58734FEAC802904699462346E1
:108AB000B8EB0303BB632B4669EB0303FB634FF087
:108AC00000024FF00003D7E90E8949460B014146E9
:108AD00043EA117341460A011046194603462246ED
:108AE0009B183B632B460A4642EB03037B634FF024
:108AF00000024FF00003D7E90C4529460B0121463F
:108B000043EA117321460A0114461D465E4B9B78C9
:108B1000DBB20022C7F8B830C7F8BC20D7E92E89ED
:108B200042464B464FF000004FF00001590141EA28
:108B3000D261500102460B464146511AB96249467C
:108B400063EB0103FB624FF000024FF00003D7E933
:108B50000AAB59464B02514643EAD15351464A02A9
:108B600010461946034642469B183B620B464A464E
:108B700042EB03037B624FF000024FF00003D7E9A2
:108B800008AB59468B01514643EA916351468A012D
:108B90005146511AB961594663EB0103FB61D7E9AC
:108BA0000601034642469B18C7F8B0304B460A46BA
:108BB00042EB0303C7F8B430D7E92C120B46E31895
:108BC000C7F8A830134645EB0303C7F8AC30D7E924
:108BD00032452346D7E92A0102469B18C7F8A03040
:108BE0000B462A4642EB0303C7F8A43097F8D63168
:108BF0000022C7F89830C7F89C20D7E926452246BE
:108C00002B46911839615B417B61D7E904232146EA
:108C10005118B96029464B41FB604FF000024FF0FC
:108C20000003D7E9028949464B01414643EAD16333
:108C300041464A01414689183960494643EB0101E2
:108C40007960D7E90001034622469B18C7F89030A7
:108C50002B460A4642EB0303C7F89430D7E9284570
:108C60002346D7E9240102469B18C7F888300B46F3
:108C70002A4642EB0303C7F88C300BE028C20208F7
:108C800030C20208881900202022002000E40B5482
:108C900000E1F50597F8D5310022C7F88030C7F814
:108CA0008420D7E922452346D7E9200102469B18B4
:108CB000BB670B462A4642EB0303FB674C4BD7E9E5
:108CC0001E12C3E90A1207F5D8720F230221D7F842
:108CD0006C01FFF727FB07F5CE7202230321D7F8BB
:108CE0006C01FFF71FFB07F5D0720F230921D7F89E
:108CF0006C01FFF717FB97F8B031002B1BD007F57D
:108D0000D87318461EF01CFF53EC102B1046194662
:108D1000F7F77AFF024697F89C31184600EE102AC2
:108D2000FFF7B6FAF0EE407A314BC3ED007A304BE4
:108D30001B682F4A936197F8A031002B12D007F5DA
:108D4000D07318461EF0FCFE53EC102B104619464B
:108D5000F7F75AFF0346264A9360264B1B68244ABE
:108D6000136206E0224B4FF000029A60204B002273
:108D70001A6207F5C6720F230421D7F86C01FFF7BA
:108D8000D1FA07F5C47202230521D7F86C01FFF769
:108D9000C9FA97F88C31002B23D007F5C673184613
:108DA0001EF0CEFE53EC102B10461946F7F72CFFA1
:108DB000024697F88831184600EE102AFFF768FA45
:108DC000F0EE407A0A4BC3ED017A0B4B1B68084A60
:108DD000D36106E0064B002283F8362002E000BF94
:108DE00000E000BF00BF07F5EC77BD46BDE8B08FDF
:108DF00088190020901900208C19002080B582B0BD
:108E000000AFFFF72FFA78607B68002B1AD07868E4
:108E100001F0BAFC0346002B14D006220C497868F6
:108E20001FF075FE0346002B07D00622094978681B
:108E30001FF06DFE0346002B04D17868FFF7E4FABB
:108E4000012300E0002318460837BD4680BD00BF5F
:108E500028C2020830C202082DE9B04FA6B002AF06
:108E6000F861002387F88F300723C7F88830002384
:108E7000A7F88C300023A7F8863000F0F7F815F03B
:108E8000C7FA034600223B617A61D7E904234FF019
:108E900000004FF00001590141EAD2615001024641
:108EA0000B463969B2EB0108796963EB01094FF0B0
:108EB00000024FF000034FEA890343EA98734FEA38
:108EC000880290469946D7E904120B4618EB030333
:108ED0003B60134649EB03037B604FF000024FF009
:108EE0000003D7E900894946CB00414643EA517364
:108EF0004146CA00104619464FF47A724FF00003FB
:108F0000F7F722FF02460B461346A7F88C30544B66
:108F100018686423009301230122D7F8881013F006
:108F20007DFCC7F8800007F17C03642200924FF0BB
:108F3000FF320021002016F033FA0346012B0FD137
:108F4000FB6F03F00103002B02D0012387F88F3061
:108F5000FB6F03F00203002B02D0002387F88F3051
:108F6000D7F88020D7F888301340D7F888209A4265
:108F7000CDD197F88F30002BC9D015F049FA0346B0
:108F800000229A46934652465B464FF000004FF04F
:108F90000001590141EAD261500102460B46B2EB91
:108FA0000A0463EB0B054FF000024FF00003AB0027
:108FB00043EA9473A20014461D4614EB0A03BB60F7
:108FC00045EB0B03FB604FF000024FF00003D7E9C5
:108FD00002894946CB00414643EA51734146CA00E3
:108FE000C7E90223104619464FF47A724FF0000386
:108FF000F7F7AAFE02460B461346A7F88630B7F8E5
:109000008C20B7F886301146184600F0FBF807F1BF
:1090100024031846FCF786FB124B1B684FF0FF3108
:10902000184614F00DFB07F14C0307F12401272229
:109030000B20FAF78CFE0B4B18680023002200214E
:1090400013F0BCFF084B186807F14C0100234FF0E8
:10905000FF3213F0B3FFB7F88630A7F88C3056E72D
:10906000D8160020FC210020441C0020B0B59AB086
:1090700002AF4FF07E537B634FF00003BB634FF0B2
:109080000003FB634FF00003BB624FF07E53FB62B3
:109090004FF000033B6307F1440300221946534895
:1090A0000EF0D5F907F14003002219464F480EF0A3
:1090B000B0FA97F8433003F5FA6097F84130194653
:1090C00097F842301C4697F844301D4697F84530D3
:1090D00097F84620019200932B46224609F0B4FBF4
:1090E00087ED170A07F13403184697ED170A03F0C6
:1090F00045F93F4BD3ED007A3D4B93ED017A3C4B64
:10910000D3ED026A07F128031846F0EE661AB0EEB6
:10911000471AF0EE670A97ED170A03F04DF9354B41
:109120001B684FF0FF31184614F08AFA324B1B6867
:10913000BB65304B186800230022002113F03EFF6E
:109140002E4B1B8807EE903AB8EE677A2B4B5B8864
:1091500007EE903AF8EE677A77EE677AC7ED077A0E
:10916000264B9B8807EE903AB8EE677A234BDB8854
:1091700007EE903AF8EE677A77EE677AC7ED087AED
:109180001E4B1B8907EE903AB8EE677A1B4B5B8942
:1091900007EE903AF8EE677A77EE677AC7ED097ACC
:1091A000BB6D1B683B61BB6D5B687B61BB6D9B6886
:1091B000BB61BB6DDB687B60BB6D1B69BB60BB6D5E
:1091C0005B69FB6007F1280007F11C0207F134011D
:1091D0003B1D019307F1100300930346084806F076
:1091E00079FB00BF6037BD46B0BD00BF1006002050
:1091F0008819002010220020600200206022002038
:10920000C4190020B0B59CB002AF03460A46FB80EB
:109210001346BB804FF000037B664FF07E53BB6369
:109220004FF00003FB634FF000033B644FF000037B
:10923000FB624FF07E533B634FF000037B6307F10B
:1092400048030022194668480EF001F907F144036B
:109250000022194664480EF0DCF997F8473003F510
:10926000FA6097F84530194697F846301C4697F84B
:1092700048301D4697F8493097F84A2001920093EC
:109280002B46224609F0E0FA87ED180A07F1380369
:10929000184697ED180A03F071F8544BD3ED007A95
:1092A000524B93ED017A514BD3ED026A07F12C0337
:1092B0001846F0EE661AB0EE471AF0EE670A97ED20
:1092C000180A03F079F84A4B1B684FF0FF31184633
:1092D00014F0B6F9474B1B68FB65454B1868002333
:1092E0000022002113F06AFE434B1B8807EE903AE0
:1092F000B8EE677A404B5B8807EE903AF8EE677AF3
:1093000077EE677AC7ED087A3B4B9B8807EE903A79
:10931000B8EE677A384BDB8807EE903AF8EE677A5A
:1093200077EE677AC7ED097A334B1B8907EE903ADF
:10933000B8EE677A304B5B8907EE903AF8EE677AC1
:1093400077EE677AC7ED0A7AFB6D1B687B61FB6D70
:109350005B68BB61FB6D9B68FB61FB6DDB68BB60A1
:10936000FB6D1B69FB60FB6D5B693B61234B1B68FD
:109370004FF0FF31184614F063F9214B04221A60B4
:10938000FA88BB88D31A9AB21E4B1A801D4B1B88D1
:1093900007EE903AB8EE677ADFED1B6AC7EE267AE1
:1093A000C7ED197A07F12C0007F1200207F1380107
:1093B00007F10803019307F11403009397ED190ACD
:1093C00003460F4806F00AFA03461A460F4B1A7076
:1093D0000A4B186800230022002113F0EFFD00BFA4
:1093E0006837BD46B0BD00BF1006002088190020B8
:1093F0001022002060020020602200200C220020A9
:10940000C4190020F81B002000007A44FA1B002039
:1094100080B485B000AF78600023FB7309E0FB7B6C
:109420007A681A44FB7B11780A4AD154FB7B0133DA
:10943000FB73FB7B042BF2D9074B1B7843F0010332
:10944000DAB2054B1A7000BF1437BD465DF8047BD5
:10945000704700BF001C0020191C002080B485B09C
:1094600000AF78600023FB730AE0FB7B7A681A4444
:10947000FB7B053311780A4AD154FB7B0133FB7324
:10948000FB7B042BF1D9074B1B7843F00203DAB2C4
:10949000044B1A7000BF1437BD465DF8047B70475B
:1094A000001C0020191C002080B485B000AF78603B
:1094B0000023FB730AE0FB7B7A681A44FB7B0A33C8
:1094C00011780A4AD154FB7B0133FB73FB7B042BDD
:1094D000F1D9074B1B7843F00403DAB2044B1A703E
:1094E00000BF1437BD465DF8047B7047001C0020A8
:1094F000191C002080B485B000AF78600023FB7396
:109500000AE0FB7B7A681A44FB7B0F3311780A4A26
:10951000D154FB7B0133FB73FB7B042BF1D9074B4D
:109520001B7843F00803DAB2044B1A7000BF1437FB
:10953000BD465DF8047B7047001C0020191C00200C
:1095400080B586B000AFF860B9607A600023FB7523
:109550000AE0FB7DFA681A44FB7D14331178124A45
:10956000D154FB7D0133FB75FB7D042BF1D90F4BEF
:109570001B7843F01003DAB20C4B1A700B4B1B78BC
:109580001F2B0CD10849B86806F018FA074B0022C7
:109590001A707968B86800F00BF8012300E0002326
:1095A00018461837BD4680BD001C0020191C00203D
:1095B00080B584B000AF78603960614B1B68002BC8
:1095C00000F0B9805E4B1B684FF0FF31184614F075
:1095D00037F87B681B68DAB23B681A707B6803F562
:1095E0000A731B68FB603B680133FA68D2B21A70D9
:1095F000FB681A0A3B680233D2B21A70FB681A0C75
:109600003B680333D2B21A70FB681A0E3B6804330E
:10961000D2B21A707B6803F50B731B68FB603B6862
:109620000533FA68D2B21A70FB681A0A3B6806332F
:10963000D2B21A70FB681A0C3B680733D2B21A70A8
:10964000FB681A0E3B680833D2B21A707B6803F5C8
:109650000C731B68FB603B680933FA68D2B21A705E
:10966000FB681A0A3B680A33D2B21A70FB681A0CFC
:109670003B680B33D2B21A70FB681A0E3B680C338E
:10968000D2B21A707B686C331B68FB603B680D3389
:10969000FA68D2B21A70FB681A0A3B680E33D2B26B
:1096A0001A70FB681A0C3B680F33D2B21A70FB6851
:1096B0001A0E3B681033D2B21A707B688C331B6869
:1096C000FB603B681133FA68D2B21A70FB681A0A61
:1096D0003B681233D2B21A70FB681A0C3B68133322
:1096E000D2B21A70FB681A0E3B681433D2B21A70E9
:1096F0007B6868331B68FB603B681533FA68D2B23D
:109700001A70FB681A0A3B681633D2B21A70FB68EB
:109710001A0C3B681733D2B21A70FB681A0E3B68FA
:109720001833D2B21A70064B1868002300220021A9
:1097300013F044FC00E000BF1037BD4680BD00BF01
:109740000C22002080B584B000AF786014F060FE79
:10975000F8607B681B78042B00F2D38001A252F8DA
:1097600023F000BF79970008359800085798000843
:10977000F3980008FB9800087B685B6BFA68D31AC3
:1097800040F6B832934240F2C0807B689B781A461C
:10979000614B9B5C002B18D07B68D86B7B680433D3
:1097A0000022194613F06AFE0346012B40F0AD80FB
:1097B0007B6800225A707B6801221A707B689B7854
:1097C0001A46554B002199549FE07B689B781A46B6
:1097D000524B9B5C002B00F098807B68986B7B68F9
:1097E00004330022194613F049FE0346012B06D12B
:1097F0007B6800225A707B6801221A7085E07B68C2
:109800009B781A46464B9B5C002B7ED07B680433CA
:10981000002200210820FAF79AFA7B689B781A4602
:109820003F4B002199547B6800225A707B680122CB
:109830001A706AE07B681A1D7B68DB78194610464F
:10984000FAF756FB14F0E4FD02467B685A637B6826
:1098500002221A705CE07B689B781A46314B9B5C55
:10986000002B0ED07B6803221A7014F0D1FD024643
:109870007B685A637B689B781A462A4B002199546F
:1098800045E07B689B781A46274B9B5C002B15D0E4
:109890007B685B780133DAB27B685A707B685B78EF
:1098A000022B01D8012200E004227B681A707B6839
:1098B0009B781A461C4B0021995428E014F0A8FD0F
:1098C000B8607B685B6BBA68D31A40F6B8329342D3
:1098D0001DD97B685B780133DAB27B685A707B688C
:1098E0005B78022B01D8012200E004227B681A7009
:1098F0000DE07B6800221A700AE07B6800221A7073
:1099000006E07B6804221A7002E000BF00E000BF9E
:1099100000BF1037BD4680BD241C00201C1C002049
:10992000201C0020281C00202C1C002080B584B0A6
:1099300002AF00233B603B46322200924FF0FF32E1
:109940000021002015F02CFD78607B68002B01D1F0
:10995000002300E03B6818460837BD4680BD000084
:1099600080B586B000AFF860B9601346FB71002384
:10997000FB7587E0FB7D5B00012202FA03F31A46C8
:10998000FB681340002B03D0FB7D434A0121D154D7
:10999000FB7D5B000133012202FA03F31A46FB68E8
:1099A0001340002B03D0FB7D3C4A0121D154FB7DA9
:1099B00004335B00012202FA03F31A46FB681340EA
:1099C000002B09D0FB7D9B00BA6813441B68DB7831
:1099D0001946AA20FAF7ADFAFB7D04335B00013388
:1099E000012202FA03F31A46FB681340002B09D048
:1099F000FB7D9B00BA6813441B68DB781946FF2087
:109A0000FAF797FAFB7D08335B00012202FA03F3B1
:109A10001A46FB681340002B03D0FB7D204A01212E
:109A2000D154FB7D08335B000133012202FA03F3BA
:109A30001A46FB681340002B03D0FB7D184A002117
:109A4000D154FB7D0C335B00012202FA03F31A466A
:109A5000FB681340002B03D0FB7D124A0121D15437
:109A6000FB7D0E335B00012202FA03F31A46FB680A
:109A70001340002B03D0FB7D0B4A0121D154FB7D09
:109A80000133FB75FA7DFB799A42FFF473AF00BF97
:109A900000BF1837BD4680BD281C00202C1C0020AC
:109AA0001C1C0020241C0020201C002080B5A6B017
:109AB00000AF786007F150034022002118461FF0E4
:109AC00000F8012387F85230CE2387F853302F4B0C
:109AD0001B68C7F8883007F11003402200211846A0
:109AE0001EF0EFFFAB23FB74294B1B68BB64294BB3
:109AF0001B68FB6407F11003BB6007F15003FB60B8
:109B0000254B01225A70244B00221A70234B00224D
:109B10005A70224B00221A70214B00225A70204B9F
:109B200000221A701F4B00225A701E4B00221A701E
:109B30001D4B00225A701C4B00221A70FFF7F6FED4
:109B4000C7F89000D7F89030002B07D007F1080332
:109B500002221946D7F89000FFF702FF002387F88A
:109B600097300EE097F897309B0098333B4453F8BA
:109B7000903C1846FFF7E6FD97F89730013387F8D9
:109B8000973097F89730012BECD9D7E7481C002085
:109B90004C1C0020501C00201C1C0020241C0020F9
:109BA000201C0020281C00202C1C002080B500AFA9
:109BB00000220121322013F034F903461E4A1360BB
:109BC00000220121322013F02CF903461B4A1360B6
:109BD000002201214FF4FA7013F023F90346184ACA
:109BE000136000220D210A2013F01BF90346154AC9
:109BF000136000222D21642013F013F90346124A4A
:109C0000136000222D210A2013F00BF903460F4A9E
:109C1000136000222D21642013F003F903460C4A3F
:109C2000136000222D21012013F0FBF80346094A9E
:109C3000136000BF80BD00BF341C0020381C002012
:109C40003C1C0020401C0020441C0020481C00201C
:109C50004C1C0020501C002080B483B000AF786002
:109C6000044A7B68136000BF0C37BD465DF8047B77
:109C7000704700BFDC21002080B586B002AF78605D
:109C800007F10C03002200924FF0FF320021002068
:109C900015F086FB0346012B0FD1FB6803F0080388
:109CA000002B02D04B4B00221A70FB6803F0040318
:109CB000002B02D0474B01221A70464B1B7883F0D1
:109CC0000103DBB2002B7DD0FEF750F803461A46A5
:109CD000414B1A70404B1B7883F00103DBB2002B21
:109CE00013D03E4B1B7F002B0FD03D4B1B78002B1E
:109CF0000BD03C48FDF710FC3B4B186800234FF09D
:109D0000FF32384913F05AF95FE0384B1B7883F083
:109D10000103DBB2002B21D0354B1A78354B1B7871
:109D20009A420FD1344B1A88344B1B889A4209D17E
:109D3000334BD3E90601334BD3E90823994208BFDB
:109D400090420BD0274805F001F8274B18680023F4
:109D50004FF0FF32234913F031F936E0244B1A78E3
:109D6000244B1B789A4216D1234B1A88234B1B880D
:109D70009A4210D1224BD3E90601224BD3E90823A2
:109D8000994208BF904206D1144B1B7F83F0010318
:109D9000DBB2002B0FD1FDF7E9FF0346002B06D104
:109DA0000F4B1B7883F00103DBB2002B0DD00F4B60
:109DB0001B78002B09D0144B00221A70134B012280
:109DC0001A7002E0114B00221A704FF4FA6014F07E
:109DD0001DF955E78B020020B51C002070180020EB
:109DE0008C020020881C00204C1C0020B422002083
:109DF000F8290020F9290020FA290020FC29002058
:109E000028250020C0220020541C0020551C0020C2
:109E100080B59CB002AF7860002387F8673000F00F
:109E200063F9034683F00103DBB2002B0BD0FCF790
:109E3000F3FC00F079F9FCF738FD04F053FE824B97
:109E400001221A702AE0814B1B7883F00103DBB2F8
:109E5000002B03D00021A020FAF728F8FCF738FDEA
:109E600004F038FD7A4B1B7842F6D07219467948D7
:109E70001EF027FE16F00EFAFCF72CFC16F03CFA4A
:109E8000714B01221A70714B1B7883F00103DBB216
:109E9000002B03D00021A120FAF708F8FCF7CEF937
:109EA000FDF764FF07F138031846FAF7A9FD07F13B
:109EB00038031846FCF7E0FB034683F00103DBB2EE
:109EC000002B0DD007F138031846FAF75BFA07F1BB
:109ED000080307F1380104220120F9F738FF07E0F1
:109EE00007F1080307F1380127220220F9F72FFFB5
:109EF000564B1B7883F00103DBB2002B04D007F133
:109F000008031846F9F7BAFF4FF47A7014F07EF898
:109F100007F16003642200924FF0FF32002100201D
:109F200015F03EFA0346012B1FD13B6E03F04003B0
:109F3000002B02D0012387F867303B6E03F08003CB
:109F4000002B02D0002387F867303B6E03F4807348
:109F5000002B02D0404B01221A703B6E03F40073B9
:109F6000002B02D03C4B00221A7097F86730002B70
:109F700011D03A4B1B680A223949184613F07EFA71
:109F80000346012B07D1374B186800234FF0FF32EF
:109F9000334913F013F8334B1B680A223049184633
:109FA00013F06CFA0346012BB2D1FDF7DFFE034636
:109FB0001A462D4B1A702D4B1B78002B0BD0274BBC
:109FC000186800234FF0FF32254912F0F7FF0A20EE
:109FD00014F01CF89CE7244B1B7883F00103DBB2E0
:109FE000002B14D0224B1B7883F00103DBB2002B33
:109FF0000DD0194B1B78002B09D01948FDF75CF9DF
:10A000001C4B01221A70194B00221A701AE01A4BCD
:10A010001B7883F00103DBB2002B09D0104804F059
:10A0200001FE144B02221A70104B00221A706FE7C7
:10A030000A4B186800230A22094912F0BFFF0A20C0
:10A0400013F0E4FF64E700BFD82100207502002070
:10A050008A020020A0DC00648C0200204C1C00203E
:10A06000581C0020441C0020B51C0020551C00205A
:10A0700010190020541C0020B422002080B586B0A6
:10A0800002AF786007F10C034EF6602200924FF0A9
:10A09000FF320021002015F083F90346012B0FD178
:10A0A000FB6803F01003002B02D00D4B01221A7045
:10A0B000FB6803F02003002B02D0094B00221A702A
:10A0C000084B1B78002BDDD000F016F916F0E2F8F3
:10A0D000FCF700FB00F0FAF916F00EF9D2E700BF2A
:10A0E000D9210020D821002080B483B000AF0D4BCF
:10A0F0007B607B681B78002B09D07B685B78002B2A
:10A1000005D07B689B78002B01D0012300E0002361
:10A1100003F00103DBB218460C37BD465DF8047B43
:10A12000704700BF00000E0880B500AF624B634A65
:10A13000104619464FF4A2631A461FF092FB1422F0
:10A140005F4960481EF0F5FC5C4B1B6A5D4A536139
:10A150005A4BD3E90A235B49C1E90623574BD3E99C
:10A160000C235849C1E90823544BD3E90E23554920
:10A17000C1E90A23514B93F84020524B83F8302019
:10A18000504B4E4A343302F144014FF40B721846DF
:10A190001FF067FB14224C494C481EF0CAFC474B89
:10A1A000D3F88432494A5361444BD3E9A223474947
:10A1B000C1E90623414BD3E9A4234449C1E908235B
:10A1C0003E4BD3E9A6234149C1E90A233B4B93F80F
:10A1D000A0223E4B83F830203C4B384A343302F502
:10A1E00029714FF40B7218461FF03BFB334B93F869
:10A1F0000825374B1A70314B93F80925354B1A70E7
:10A200002E4BB3F80A25344B1A802C4BB3F80C258F
:10A21000324B1A80294B93F8D024314B1A70274BBC
:10A2200093F8D1242E4B5A70244BD3F8D4342C4AB3
:10A230005360224BD3F8D834294A93601F4BD3F88C
:10A24000DC34274AD3601D4BD3F8E034244A136131
:10A250001A4BB3F8E424224B9A82184BD3F8E83413
:10A260001F4A9361154B93F8EC241D4B1A77134B3F
:10A2700003F59E63D3E900231949C1E908230F4B75
:10A28000B3F8F824174B1A800C4BB3F8FA24164B8A
:10A290001A800A4BB3F8FC24144B1A80074BB3F80E
:10A2A000FE24134B1A80134A044B03F5A06303CB1F
:10A2B0001060516000BF80BD00000E08C81C002067
:10A2C000D41C0020C0220020381F00202825002098
:10A2D000F8290020F9290020FA290020FC29002073
:10A2E00070180020B8180020BA180020BC180020F0
:10A2F000BE180020C018002080B500AF634B1A784C
:10A30000634B1A70614B1A78614B5A705F4B1A7825
:10A310005F4B9A705F4960481FF09BFA5D4B5B6929
:10A320005B4A13625B4BD3E906235949C1E90A230F
:10A33000584BD3E908235649C1E90C23554BD3E9BF
:10A340000A235349C1E90E23524B93F83020504B56
:10A3500083F840204E4B4F4A443302F134014FF40E
:10A360000B7218461FF07DFA4C494D481FF071FAE8
:10A370004A4B5B69464AC2F88432484BD3E906230C
:10A380004349C1E9A223454BD3E908234049C1E928
:10A39000A423424BD3E90A233D49C1E9A6233F4BFD
:10A3A00093F830203A4B83F8A022394B3B4A03F50F
:10A3B000297302F134014FF40B7218461FF051FA61
:10A3C000384B1A78324B83F80825374B1A78304BC4
:10A3D00083F80925354B1A882D4BA3F80A25344BF1
:10A3E0001A882B4BA3F80C25324B1A78284B83F88C
:10A3F000D024304B5A78264B83F8D1242D4B5B6800
:10A40000234AC2F8D4342B4B9B68214AC2F8D83473
:10A41000284BDB681E4AC2F8DC34264B1B691C4AF9
:10A42000C2F8E034234B9A8A194BA3F8E424214B59
:10A430009B69174AC2F8E8341E4B1A7F144B83F805
:10A44000EC241C4BD3E90823114901F59E61C1E9B5
:10A450000023194B1A880E4BA3F8F824174B1A88BF
:10A460000B4BA3F8FA24164B1A88094BA3F8FC24CB
:10A47000144B1A88064BA3F8FE24054B124A03F529
:10A48000A0631068516803C300BF80BDD9210020BC
:10A49000C81C0020C0220020D41C00202825002039
:10A4A000381F0020F8290020F9290020FA2900206F
:10A4B000FC29002070180020B8180020BA180020CD
:10A4C000BC180020BE180020C018002080B485B041
:10A4D00000AF4FF4A2737B603C4B3B603C4BFB6096
:10A4E00000BF3C4BDB6803F48033002BF9D1394BC0
:10A4F0001B69002B05DA374B374A5A60354B374A10
:10A500005A60344B1B69334A23F440731361314B57
:10A510001B69304A43F4007313612E4B1B692D4AAB
:10A5200043F0020313612B4B1B692A4A23F0F80303
:10A530001361284B1B69274A43F058031361254BCD
:10A540001B69244A43F48033136100BF214BDB684D
:10A5500003F48033002BF9D11E4B1B691D4A23F0F5
:10A56000020313611B4B1B691A4A43F00103136179
:10A570000023BB6013E0BB689B003A681A44FB6889
:10A5800012681A6000BF134BDB6803F48033002BA2
:10A59000F9D1FB680433FB60BB680133BB60BA6868
:10A5A0007B689A42E7D30B4B1B690A4A23F00103ED
:10A5B0001361084B1B69074A43F00043136100BF56
:10A5C0001437BD465DF8047B704700BFC81C0020EF
:10A5D00000000E08003C024023016745AB89EFCD27
:10A5E00080B500AF012012F0A8FC0346314A136089
:10A5F000012012F0A2FC03462F4A1360012012F042
:10A600009CFC03462D4A1360012012F096FC034681
:10A610002B4A1360012012F090FC0346294A136074
:10A6200003220021012012F0FCFB0346264A13609E
:10A6300003220021012012F0F4FB0346234A136099
:10A6400003220021012012F0ECFB0346204A136094
:10A65000012012F072FC03461E4A1360012012F022
:10A660006CFC03461C4A1360012012F066FC034692
:10A670001A4A1360012012F060FC0346184A136066
:10A68000012012F05AFC0346164A1360012012F012
:10A6900054FC0346144A1360012012F04EFC03469A
:10A6A000124A1360012012F048FC0346104A13605E
:10A6B00000BF80BDE0210020E4210020F421002023
:10A6C000F8210020FC210020F0210020E8210020BA
:10A6D000EC21002000220020042200200C22002077
:10A6E000082200201022002014220020182200201E
:10A6F0001C22002080B483B000AF78607B68002209
:10A7000083F864207B6800221A7000BF0C37BD46B6
:10A710005DF8047B704780B483B000AF78600B466F
:10A72000FB70FB780D2B01D1002327E0FB780A2B6F
:10A730000CD17B6893F864301A467B6800219954E9
:10A740007B68002283F86420012317E07B6893F87C
:10A750006430622B0DD87B6893F864305A1CD1B2F8
:10A760007A6882F8641019467B68FA785A54002394
:10A7700004E07B68002283F86420022318460C372B
:10A78000BD465DF8047B704780B588B000AF786047
:10A79000242178681EF09DF978612A2178681EF0DE
:10A7A00098F938617B69002B06D03B69002B03D0F8
:10A7B0003A697B699A4201D2002321E00023FB77AA
:10A7C0007B690133BB6107E0BB691A78FB7F5340AB
:10A7D000FB77BB690133BB61BA693B699A42F3D32A
:10A7E0003B6901331022002118461EF039F8034658
:10A7F000FB73FA7FFB7B9A420CBF01230023DBB281
:10A8000018462037BD4680BD80B58EB000AF786059
:10A810007968096800200A460346C7E90C2307F156
:10A820000C0207F13003114618461EF095F93B6AF9
:10A83000DBB2643BDAB20E4B1A70FB69DBB2013358
:10A84000DAB20B4B5A70BB69DAB2094B9A707B696A
:10A85000DAB2074BDA703B69DAB2054B1A71FB6862
:10A86000DAB2034B5A7100BF3837BD4680BD00BF16
:10A870002822002080B58EB000AF78607B681B78FE
:10A8800064333B627B6801331B78013BFB617B686F
:10A8900002331B78BB617B6803331B787B617B6869
:10A8A00004331B783B617B6805331B78FB60002316
:10A8B000FB6207F10C0318461EF0C8FAC7E90C0149
:10A8C0003B6B18463837BD4680BD000080B500AFF1
:10A8D00014F09AFA0346012B01D1012312E00A4B2E
:10A8E0001B68002B01D100230CE0074B1B684FF0C5
:10A8F000FF31184612F0A4FE0346012B01D10123BB
:10A9000000E00023184680BDF421002080B500AF90
:10A9100014F07AFA0346012B0BD0074B1B68002B6F
:10A9200008D0054B186800230022002112F046FBD6
:10A9300000E000BF80BD00BFF421002080B58AB0D8
:10A9400000AF786007F1100300221A605A609A6025
:10A95000DA601A610023FB607B68002B01D10023C1
:10A9600078E07B681B781A067B6801331B781B0430
:10A970001A437B6802331B781B0213437A68033245
:10A98000127813437B627B6A344A934203D97B6A11
:10A99000334A934201D900235CE0324A7B6A136058
:10A9A0003048FFF731FF304BDB783B742E4B1B797F
:10A9B0007B742D4B5B79BB740023FB6100233B62EE
:10A9C0002A4B1B783B73284B1B78FB73264B5B7819
:10A9D0007B73254B9B78BB73FFF778FF0346002BF7
:10A9E00001D1002336E007F1100300221946204868
:10A9F0000CF093FC0346002B03D0FFF787FF0023E6
:10AA000028E007F10C030022194619480CF07DFDDF
:10AA10000346002B03D0FFF779FF00231AE0124B07
:10AA20001A78144B1A70104B5A78124B5A700E4BFE
:10AA30009A78104B9A700C4BDA780E4BDA700A4BFE
:10AA40001A790C4B1A71084B5A790A4B5A71FFF755
:10AA50005DFF012318462837BD4680BDFFB8556904
:10AA6000000CBD7230220020282200208D02002020
:10AA7000100600202022002080B58AB000AF786048
:10AA800000237B627B68002B01D100233BE0204B3D
:10AA90001B684FF0FF31184612F0D2FD0346012B20
:10AAA00030D107F110030022194678680CF0CFFC72
:10AAB0000346002B1FD107F10C03002219467868CA
:10AAC0000CF0A7FD0346002B15D1FA7B114B1A7031
:10AAD0007A7B104B5A70BA7B0E4B9A703A7C0D4BB6
:10AAE000DA707A7C0B4B1A71BA7C0A4B5A7109489E
:10AAF000FFF7C0FE7862064B186800230022002191
:10AB000012F05CFA7B6A18462837BD4680BD00BF4C
:10AB1000F4210020202200202DE9B04F96B002AF92
:10AB200078604FF47A73A7F84E304FF4E153FB8707
:10AB3000002387F847306F48F8F776FB6E48F8F740
:10AB400073FB07F10C034FF0FF320092002200214B
:10AB5000002014F025FC0346012B2ED1FB6803F0E6
:10AB60000403002B02D0012387F84730FB6803F071
:10AB70000803002B02D0002387F847305F4B1B6887
:10AB80004FF0FF31184612F05BFD5D4B1B88A7F8B4
:10AB90004E305C4B1B88FB87584B18680023002203
:10ABA000002112F00BFAFB8F4FF47A7203FB02F2D2
:10ABB000B7F84E30B2FBF3F3BB6400233B6473E0A1
:10ABC000B7F84E3000229846914642464B464FF029
:10ABD00000004FF00001590141EAD26150010246E4
:10ABE0000B46B2EB080463EB09054FF000024FF08F
:10ABF0000003AB0043EA9473A20014461D4614EB15
:10AC0000080A45EB090B4FF000024FF000034FEA32
:10AC1000CB0343EA5A734FEACA0292469B46504618
:10AC200059464FF47A724FF00003F6F78DF802465A
:10AC30000B4607F10C0300924FF0FF320021002079
:10AC400014F0AEFBFB6803F00203002B31D197F840
:10AC5000473083F00103DBB2002B1AD007F1100359
:10AC6000184600F045FA284B186807F11001002338
:10AC70004FF0FF3212F0A2F9244B1B680121184655
:10AC800011F09EFE224B1B680121184611F098FE20
:10AC900007E020491748F8F7D5FA1F491648F8F792
:10ACA000D1FA3B6C01333B643A6CBB6C9A4287D35C
:10ACB00000E000BF002387F84730184B18680023D6
:10ACC000009303230122002114F0FCFB144B1868AD
:10ACD0000023009303230222002114F0F3FB114B05
:10ACE00018680023009303230222002114F0EAFBDA
:10ACF00027E700BF1405002068050020002200207F
:10AD00008E02002090020020441C0020D416002057
:10AD1000D8160020C0150020EC150020C01C002013
:10AD200074220020C01900202DE9B04F94B002AF6A
:10AD30007860002387F847304FF47A73A7F84430DF
:10AD40004FF4E1537B8700224FF4007163480AF00F
:10AD500013F807F108034FF0FF32009200220021A0
:10AD6000002014F01DFB0346012B2ED1BB6803F01D
:10AD70000403002B02D0012387F84730BB6803F09F
:10AD80000803002B02D0002387F84730544B1B6880
:10AD90004FF0FF31184612F053FC524B1B88A7F8B6
:10ADA0004430514B1B887B874D4B18680023002291
:10ADB000002112F003F97B8F4FF47A7203FB02F249
:10ADC000B7F84430B2FBF3F33B6400F071FA0023B0
:10ADD000FB6379E0B7F8443000229846914642463A
:10ADE0004B464FF000004FF00001590141EAD2619B
:10ADF000500102460B46B2EB080463EB09054FF025
:10AE000000024FF00003AB0043EA9473A200144623
:10AE10001D4614EB080A45EB090B4FF000024FF0FA
:10AE200000034FEACB0343EA5A734FEACA02924641
:10AE30009B46504659464FF47A724FF00003F5F79F
:10AE400083FF02460B4607F1080300924FF0FF32E2
:10AE50000021002014F0A4FABB6803F00203002BC9
:10AE600037D197F8473083F00103DBB2002B1AD0BB
:10AE700007F10C03184600F06FF91C4B186807F136
:10AE80000C0100234FF0FF3212F098F8184B1B68AA
:10AE90000421184611F094FD164B1B680421184636
:10AEA00011F08EFD0DE007F10C03184600F07AF961
:10AEB0000E4B186807F10C0100234FF0FF3212F01F
:10AEC0007DF8FB6B0133FB63FA6B3B6C9A4281D3D9
:10AED00000E000BF002387F8473034E7001C024041
:10AEE000002200208E02002090020020441C00203E
:10AEF000D4160020D81600202DE9B04F96B002AF2E
:10AF000078604FF47A73A7F84E304FF4E153FB8723
:10AF1000002387F8473007F10C034FF0FF3200920F
:10AF200000220021002014F03BFA0346012B2ED111
:10AF3000FB6803F00403002B02D0012387F847309D
:10AF4000FB6803F00803002B02D0002387F847308A
:10AF5000424B1B684FF0FF31184612F071FB404B1B
:10AF60001B88A7F84E303F4B1B88FB873B4B18686C
:10AF700000230022002112F021F8FB8F4FF47A7297
:10AF800003FB02F2B7F84E30B2FBF3F3BB640023CD
:10AF90003B6458E0B7F84E3000229846914642464E
:10AFA0004B464FF000004FF00001590141EAD261D9
:10AFB000500102460B46B2EB080463EB09054FF063
:10AFC00000024FF00003AB0043EA9473A200144662
:10AFD0001D4614EB080A45EB090B4FF000024FF039
:10AFE00000034FEACB0343EA5A734FEACA02924680
:10AFF0009B46504659464FF47A724FF00003F5F7DE
:10B00000A3FE02460B4607F10C0300924FF0FF32FD
:10B010000021002014F0C4F9FB6803F00203002BA8
:10B0200016D197F8473083F00103DBB2002B05D02F
:10B0300007F11003184600F017F801E0FDF7DEFEF7
:10B040003B6C01333B643A6CBB6C9A42A2D300E088
:10B0500000BF002387F847305DE700BF00220020D3
:10B060008E0200209002002080B58CB000AF786086
:10B07000FDF7C4FE0346002B2DD007F10803184648
:10B08000F9F7ECFB164B1B684FF0FF31184612F036
:10B09000D7FA07F108017B681A220520F8F757FE56
:10B0A0000F4B186800230022002111F087FF0D4B81
:10B0B000186800234FF0FF32796811F07FFF0A4BC8
:10B0C0001B680221184611F07BFC084B1B6802210B
:10B0D000184611F075FC00BF3037BD4680BD00BF7B
:10B0E000FC210020441C0020D4160020D81600208B
:10B0F00080B58CB000AF786012491348F8F7A2F819
:10B1000012491348F8F79EF807F108031846F9F7B3
:10B110005DF9104B1B684FF0FF31184612F090FAA2
:10B1200007F108017B6827220320F8F710FE094B7E
:10B13000186800230022002111F040FF00BF3037C3
:10B14000BD4680BDC015002014050020EC15002070
:10B1500068050020FC21002080B58CB000AF78602D
:10B1600000F0DEF807F108031846F9F7F9FA0C4B7E
:10B170001B684FF0FF31184612F062FA07F1080120
:10B180007B6813220420F8F7E2FD054B18680023C2
:10B190000022002111F012FF00BF3037BD4680BDF4
:10B1A000FC21002080B58CB000AF786000F0B8F8CA
:10B1B00007F108031846FAF743F90C4B1B684FF0E8
:10B1C000FF31184612F03CFA07F108017B6827228C
:10B1D0000E20F8F7BCFD054B186800230022002163
:10B1E00011F0ECFE00BF3037BD4680BDFC210020D1
:10B1F00080B586B002AF03460A46FB711346BB71A9
:10B2000008233B73FB797B73BB79BB7307F10C029B
:10B210006423009303232E21034809F02FFF00BF6E
:10B220001037BD4680BD00BFBC05002080B586B08C
:10B2300002AF03460A46FB711346BB7118233B73EA
:10B24000FB797B73BB79BB7307F10C02642300931A
:10B2500003232E21034809F011FF00BF1037BD461C
:10B2600080BD00BFBC05002080B586B002AF03469C
:10B270003960FB711346BB7110233B73FB797B7301
:10B2800007F10C026423009302232E21074809F0E2
:10B29000F5FEBB799BB2642200923A682E210348E6
:10B2A00009F0EAFF00BF1037BD4680BDBC05002095
:10B2B00080B500AF01224FF400710B4809F05CFD2E
:10B2C0003F211220FFF794FF01211020FFF7AEFF6E
:10B2D00010211020FFF7AAFF012204491020FFF7D8
:10B2E000C3FF00BF80BD00BF001C024050220020F1
:10B2F00080B584B002AF78600B46FB70FB789BB2E0
:10B300005B009BB2642200927A682E21034809F008
:10B31000B3FF00BF0837BD4680BD00BFBC0500209D
:10B3200080B500AF06212C48FFF7E2FF2A4B1B78BF
:10B330001B011AB2284B5B781B09DBB21BB213430B
:10B340001BB29AB2254B1A80234B9B781B011AB271
:10B35000214BDB781B09DBB21BB213431BB29AB241
:10B360001E4B5A801C4B1B791B011AB21A4B5B797E
:10B370001B09DBB21BB213431BB29AB2174B9A8064
:10B38000154B9B791B011AB2134BDB791B09DBB2FE
:10B390001BB213431BB29AB2104BDA800E4B1B7ACE
:10B3A0001B011AB20C4B5B7A1B09DBB21BB21343B5
:10B3B0001BB29AB2094B1A81074B9B7A1B011AB236
:10B3C000054BDB7A1B09DBB21BB213431BB29AB2EB
:10B3D000024B5A8100BF80BD402200206022002025
:10B3E00090B5B1B002AF7860002387F8B7304C4811
:10B3F00001F0AAFA4FF07E537B644FF00003BB6468
:10B400004FF00003FB644FF00003BB634FF07E532B
:10B41000FB634FF000033B644FF00003FB624FF00F
:10B4200000033B634FF000037B634FF000033B627C
:10B430004FF000037B624FF00003BB620723C7F8A5
:10B44000B030384B18684FF47A730093012301220F
:10B45000D7F8B01011F0E2F9C7F8AC0007F1A80373
:10B46000642200924FF0FF320021002013F098FF79
:10B470000346012B11D1D7F8A83003F00103002BAC
:10B4800002D0012387F8B730D7F8A83003F00203C1
:10B49000002B02D0002387F8B730D7F8AC20D7F8BC
:10B4A000B0301340D7F8B0209A42CAD197F8B730DD
:10B4B000002BC6D007F1200407F12C0207F1380158
:10B4C00007F1440007F10803019307F10C0300930F
:10B4D000234600F02DF807F150031846F9F70CFE4B
:10B4E000114B1B684FF0FF31184612F0A9F807F115
:10B4F000780307F1500127220620F8F728FC0A4BB1
:10B50000186800230022002111F058FD074B18682D
:10B5100007F1780100234FF0FF3211F04FFD90E763
:10B5200078220020D4160020FC210020441C00209A
:10B53000B0B588B002AFF860B9607A603B60314B5B
:10B540001B684FF0FF31184612F07AF82E4B1B683B
:10B550007B612C4B186800230022002111F02EFD86
:10B5600079682A4800F05AF83968786900F0E8F8F4
:10B570000022B96A26480BF06AFF0022F96A2448C3
:10B580000CF047F8FB6ADB7803F5FA60FB6A5B783E
:10B590001946FB6A9B781C46BB6A1B781D46BB6A32
:10B5A0005B781A46BB6A9B78019300922B46224631
:10B5B00007F04AF987ED040AF86897ED040A00F0ED
:10B5C000DDFE144BD3ED007A124B93ED017A114B53
:10B5D000D3ED026AB868F0EE661AB0EE471AF0EEE4
:10B5E000670A97ED040A00F0E7FE3B6800937B686A
:10B5F000BA68F968084801F0CFF900BF1837BD46AE
:10B60000B0BD00BF10220020600200206022002098
:10B6100010060020881900207822002080B586B00E
:10B6200000AF786039607B681B8807EE903AB8EE0F
:10B63000677A7B685B8807EE903AF8EE677A77EE78
:10B64000677AC7ED057A7B689B8807EE903AB8EE7B
:10B65000677A7B68DB8807EE903AF8EE677A77EED8
:10B66000677AC7ED047A7B681B8907EE903AB8EEDB
:10B67000677A7B685B8907EE903AF8EE677A77EE37
:10B68000677AC7ED037AD7ED057A27EEA77AD7ED6B
:10B69000047A67EEA77A37EE277AD7ED037A67EE5A
:10B6A000A77A77EE277A17EE900AF4F75DFF024645
:10B6B0000B4643EC102B19F053F953EC102B1046AA
:10B6C0001946F5F7A1FA0346BB60D7ED027A9FED64
:10B6D0001B7AF4EEC77AF1EE10FA1DDDD7ED056A9C
:10B6E00097ED027AC6EE877A3B68C3ED007A3B6835
:10B6F0000433D7ED046A97ED027AC6EE877AC3ED7C
:10B70000007A3B680833D7ED036A97ED027AC6EEFC
:10B71000877AC3ED007A0DE03B684FF000021A60B3
:10B720003B6804334FF000021A603B6808334FF067
:10B7300000021A6000BF1837BD4680BDCDCCCC3D9D
:10B7400080B586B000AF786039607B681B687B612C
:10B750007B685B683B617B689B68FB60D7ED057A23
:10B7600027EEA77AD7ED047A67EEA77A37EE277A25
:10B77000D7ED037A67EEA77A77EE277A17EE900A6D
:10B78000F4F7F2FE02460B4643EC102B19F0E8F8F2
:10B7900053EC102B10461946F5F736FA0346BB60FA
:10B7A000D7ED027A9FED1B7AF4EEC77AF1EE10FA2C
:10B7B0001DDDD7ED056A97ED027AC6EE877A3B6804
:10B7C000C3ED007A3B680433D7ED046A97ED027A43
:10B7D000C6EE877AC3ED007A3B680833D7ED036A7B
:10B7E00097ED027AC6EE877AC3ED007A0DE03B68EA
:10B7F0004FF000021A603B6804334FF000021A60F9
:10B800003B6808334FF000021A6000BF1837BD468E
:10B8100080BD00BFBD37863580B582B000AF87EDF3
:10B82000010A97ED010A19F06FF9F0EE407AB0EED7
:10B83000670A0837BD4680BD80B582B000AF87ED8E
:10B84000010AC7ED000AD7ED000A97ED010A19F0C9
:10B8500087F9F0EE407AB0EE670A0837BD4680BD42
:10B8600080B582B000AF87ED010A97ED010A19F0AB
:10B87000B7F9F0EE407AB0EE670A0837BD4680BDF2
:10B8800080B582B000AF87ED010AC7ED000AD7EDA1
:10B89000000A97ED010A19F065F9F0EE407AB0EE72
:10B8A000670A0837BD4680BD80B582B000AF87ED1E
:10B8B000010A97ED010A19F0DFF9F0EE407AB0EED7
:10B8C000670A0837BD4680BD80B582B000AF87EDFE
:10B8D000010A97ED010A19F065F9F0EE407AB0EE31
:10B8E000670A0837BD4680BD80B487B000AFF860F6
:10B8F000B9607A6087ED000A7B68C3F119037A6842
:10B9000002FB03F3DA0F13445B101A46BB681344BF
:10B910007B61FA687B699B001344043393ED007AE2
:10B92000FB68D3ED007AD7ED006A76EEE76AFA6835
:10B930007B69B6339B0013440433D3ED007A66EE83
:10B94000A77A77EE277AB0EE670A1C37BD465DF816
:10B95000047B704780B487B000AFF860B9607A604C
:10B9600087ED000A7B68C3F119037A6802FB03F3D1
:10B97000DA0F13445B101A46BB6813447B61FA6804
:10B980007B695C339B00134493ED007AFB68D3ED35
:10B99000007AD7ED006A76EEE76AFA687B6903F50C
:10B9A00089739B001344D3ED007A66EEA77A77EE95
:10B9B000277AB0EE670A1C37BD465DF8047B7047F6
:10B9C00080B598B000AF7861F0EE406AB0EE607A72
:10B9D000F0EE417AC7ED011A87ED002AC7ED026A41
:10B9E00087ED037AC7ED047AD7ED027A9FED6D7A81
:10B9F00067EE877AC7ED177AD7ED037A9FED697AFC
:10BA000067EE877AC7ED167AD7ED047A9FED657AEF
:10BA100067EE877AC7ED157AD7ED017A9FED627AE6
:10BA200067EE877AC7ED147AD7ED007A9FED5E7ADC
:10BA300067EE877AC7ED137A97ED140A19F01CF9AF
:10BA400087ED120A97ED140A19F0CAF887ED110A6A
:10BA500097ED130A19F010F987ED100A97ED130A04
:10BA600019F0BEF887ED0F0A97ED0F7AD7ED177A28
:10BA700027EE277AD7ED106AD7ED167A66EEA77A09
:10BA800077EE277AC7ED0E7AD7ED127AB1EE677AA4
:10BA9000D7ED0E7A27EE277AD7ED116AD7ED157A12
:10BAA00066EEA77A77EE277AC7ED0D7AD7ED107A92
:10BAB000B1EE677AD7ED177A27EE277AD7ED0F6ABE
:10BAC000D7ED167A66EEA77A77EE277AC7ED0C7A6D
:10BAD000D7ED117AB1EE677AD7ED0E7A27EE277A95
:10BAE000D7ED127AF1EE676AD7ED157A66EEA77A8E
:10BAF00077EE277AC7ED0B7AD7ED0D7A27EEA77A86
:10BB0000D7ED0C7A67EEA77A77EE277AB0EE670A60
:10BB100019F048F887ED0A0AD7ED0A7A27EEA77AD6
:10BB2000D7ED0B7A67EEA77A77EE277AB0EE670A41
:10BB300019F038F887ED090AD7ED0A0A97ED0B0AD4
:10BB400019F00EF8F0EE407A9FED187A67EE877ADA
:10BB5000C7ED087AD7ED0D0A97ED0C0A19F000F839
:10BB6000F0EE407A9FED117A67EE877AC7ED077A9B
:10BB70007B697A6B1A607B693A6B5A607B69FA6AF7
:10BB80009A607B69BA6ADA607B697A6A1A617B6952
:10BB90003A6A5A617B69FA699A6178696037BD4689
:10BBA00080BD00BF286B6E4E35FA8E3CE12E65429B
:10BBB00080B598B000AF87ED070AC7ED060A87ED9C
:10BBC000051AD7ED077A9FED427A67EE877AC7EDBF
:10BBD000177AD7ED067A9FED3E7A67EE877AC7ED42
:10BBE000167A3C4B7B653C4B3B653C4BFB6497EDCD
:10BBF000170A19F041F887ED120A97ED170A18F0A5
:10BC0000EFFF87ED110A97ED160A19F035F887ED69
:10BC1000100A97ED160A18F0E3FF87ED0F0AD7ED2B
:10BC2000127A67EEA77A9FED2E7A67EE877AB7EEE3
:10BC3000007A77EE677AB0EE670A18F0B3FFB0EEDD
:10BC4000407ADFED286AC6EE877AC7ED0E7AD7ED27
:10BC50000E7A9FED257A27EE877AD7ED057A77EE73
:10BC6000277A97ED127A67EE277AC7ED0D7A97ED6E
:10BC70000E7AD7ED057A77EE277A97ED117A67EE8F
:10BC8000277AC7ED0C7A97ED0C7AD7ED0F7A67EE2D
:10BC9000277AC7ED097A97ED0C7AD7ED107A67EE1F
:10BCA000277AC7ED0A7A7B6BFB62796ABA6AFB6A0C
:10BCB00006EE901A07EE102A07EE903AB0EE660AEA
:10BCC000F0EE470AB0EE671A6037BD4680BD00BF90
:10BCD00035FA8E3C32A5C24A885CDB3B47497E3F41
:10BCE000885CDB3B32A5C24A47497E3F80B52DEDDB
:10BCF000028BA2B000AF87ED090AF0EE606AB0EEE9
:10BD0000417AF0EE617A7861C7ED066A87ED077ACD
:10BD1000C7ED087ABB69BB65FB697B653B6A3B6520
:10BD20004FF00003C7F884304FF00003C7F88030AD
:10BD30004FF00003FB67D7ED167A27EEA77AD7ED11
:10BD4000157A67EEA77A37EE277AD7ED147A67EE81
:10BD5000A77A77EE277AC7ED137ADFED476A97ED7A
:10BD6000137AC6EE877AC7ED127A97ED167AD7ED79
:10BD7000127A67EE277AC7ED117A97ED157AD7ED2B
:10BD8000127A67EE277AC7ED107A97ED147AD7ED1D
:10BD9000127A67EE277AC7ED0F7AD7ED127A9FED08
:10BDA000367A67EE877AC7ED0E7A97ED130A18F0A8
:10BDB000F9FEB0EE407ADFED306AC6EE877AC7ED65
:10BDC0001C7A4FF00003FB664FF00003BB664FF098
:10BDD00000037B663B6F3B66FB6EFB6500237B6766
:10BDE00010E27B6FBB6706E2BA6F7B6F9A4245D168
:10BDF0007B6F002B00F0A5803B6FBB647B6F5B000B
:10BE0000013B07EE903AB8EEE77AD7ED116AD7ED2D
:10BE10001C7A66EEA76A97ED106AD7ED1B7A66EE7C
:10BE2000277A76EEE77A67EE277AC7ED1C7A7B6F82
:10BE30005B00013B07EE903AB8EEE77AD7ED116A66
:10BE4000D7ED1B7A66EEA76A97ED106AD7ED127AE6
:10BE500066EE277A76EEA77A67EE277AC7ED1B7A29
:10BE60004FF00003BB664FF000037B663B6F3B6601
:10BE7000FB6EFB6565E000BF006FC24A3B6EBB64B2
:10BE8000BA6F7B6FD31A07EE903AB8EEE77AF7EE07
:10BE9000006AC6EE877AC7ED0D7ABB6F5B00013B87
:10BEA00007EE903AB8EEE77AD7ED0F7A27EE277AC9
:10BEB000D7ED187A27EE277ABA6F7B6F1344013BD0
:10BEC00007EE903AF8EEE76AD7ED0E7A66EEA76ACB
:10BED000D7ED1A7A66EEA77A77EE677A97ED0D7A44
:10BEE00067EE277AC7ED187ABB6CBB66FB6DBB6447
:10BEF000BB6F5B00013B07EE903AB8EEE77AD7EDF7
:10BF00000F7A27EE277AD7ED177A27EE277ABA6FBE
:10BF10007B6F1344013B07EE903AF8EEE76AD7EDEA
:10BF20000E7A66EEA76AD7ED197A66EEA77A77EEF3
:10BF3000677A97ED0D7A67EE277AC7ED177ABB6CB3
:10BF40007B667B6F0B2B00F385807B6F0133BA6FB1
:10BF50009A427FDDBA6F7B6FD31A07EE903AF8EE04
:10BF6000E77AB6EE007A27EE877ABA6F7B6FD31A3C
:10BF7000013B07EE903AF8EEE77A27EE278ABB6F8F
:10BF8000591E7B6F013397ED090A1A467869FFF74E
:10BF9000ABFCB0EE407AD7ED187A67EE278ABB6F1C
:10BFA000591E7B6F013397ED090A1A467869FFF72E
:10BFB000D1FCB0EE407AD7ED177A67EE277A78EEAB
:10BFC000A77A68EE277A97ED217A77EE277AC7ED80
:10BFD000217ABA6F7B6FD31A07EE903AF8EEE77AC0
:10BFE000B6EE007A27EE877ABA6F7B6FD31A013BE1
:10BFF00007EE903AF8EEE77A27EE278ABB6F591ED4
:10C000007B6F013397ED090A1A467869FFF76CFCDC
:10C01000F0EE407AB1EE677AD7ED177A67EE278AAD
:10C02000BB6F591E7B6F013397ED090A1A46786979
:10C03000FFF790FCB0EE407AD7ED187A67EE277ADA
:10C0400078EEA77A68EE277A97ED207A77EE277A4E
:10C05000C7ED207ABB6F012B5EDD7B6F012B5BDDB3
:10C06000BB6F591E7B6F013B97ED090A1A46786931
:10C07000FFF73AFCF0EE407AB1EE677AD7ED187A26
:10C0800027EE278ABB6F591E7B6F013B97ED090A8C
:10C090001A467869FFF75EFCB0EE407AD7ED177A62
:10C0A00067EE277A78EE677AB6EE007A67EE877ADF
:10C0B00097ED217A77EE277AC7ED217ABB6F591E6B
:10C0C0007B6F013B97ED090A1A467869FFF70CFC74
:10C0D000F0EE407AB1EE677AD7ED177A27EE278A2D
:10C0E000BB6F591E7B6F013B97ED090A1A467869B1
:10C0F000FFF730FCB0EE407AD7ED187A67EE277A7A
:10C1000078EE277AB6EE007A67EE877A97ED207A96
:10C1100077EE277AC7ED207A7B6F012B30D1BB6F8A
:10C12000012B2DDDBB6F013B97ED090A002219465B
:10C130007869FFF7D9FBF0EE407AB1EE677AD7ED78
:10C14000187A67EE277A97ED217A77EE277AC7ED8E
:10C15000217ABB6F013B97ED090A002219467869E5
:10C16000FFF7C2FBF0EE407AB1EE677AD7ED177AAF
:10C1700067EE277A97ED207A77EE277AC7ED207A57
:10C18000BB6F012B34DDBA6F7B6F9A4230DDBA6F23
:10C190007B6FD31A07EE903AB8EEE78ABB6F013B8C
:10C1A00097ED090A7A6F19467869FFF79DFBF0EE63
:10C1B000407AB1EE677AD7ED187A67EE278ABB6FBF
:10C1C000013B97ED090A7A6F19467869FFF7C2FBC0
:10C1D000B0EE407AD7ED177A67EE277A78EEE77AF5
:10C1E00068EE277A97ED1F7A77EE277AC7ED1F7AE8
:10C1F000BB6F0133BB67BB6F0D2B7FF7F5AD7B6F5B
:10C2000001337B677B6F0D2B7FF7EBADD7ED217A89
:10C21000F1EE677A9FED167A67EE877AC7ED0A7AB4
:10C22000D7ED207AF1EE677A9FED117A67EE877A83
:10C23000C7ED0B7AD7ED1F7AF1EE677A9FED0C7A96
:10C2400067EE877AC7ED0C7AB96AFA6A3B6B06EE3D
:10C25000901A07EE102A07EE903AB0EE660AF0EE5A
:10C26000470AB0EE671A8837BD46BDEC028B80BD29
:10C270005F70893080B485B000AFF860B9607A60D3
:10C28000FB68043393ED007ABB680833D3ED007A82
:10C2900027EE277AFB680833D3ED006ABB680433C6
:10C2A000D3ED007A66EEA77A77EE677A7B68C3ED06
:10C2B000007AFB68083393ED007ABB68D3ED007A0F
:10C2C00027EE277AFB68D3ED006ABB680833D3ED0D
:10C2D000007A66EEA77A7B68043377EE677AC3ED5F
:10C2E000007AFB6893ED007ABB680433D3ED007AE3
:10C2F00027EE277AFB680433D3ED006ABB68D3EDE1
:10C30000007A66EEA77A7B68083377EE677AC3ED2A
:10C31000007A00BF1437BD465DF8047B704780B5D6
:10C3200084B000AF78604FF00003FB600023BB6077
:10C3300016E0BB689B007A68134493ED007ABB68F3
:10C340009B007A681344D3ED007A67EE277A97ED65
:10C35000037A77EE277AC7ED037ABB680133BB60B7
:10C36000BB68022BE5DD97ED030AFFF7ADFAF0EEAF
:10C37000407AB0EE670A1037BD4680BD80B582B006
:10C3800000AF87ED010A386097ED010A06F074FBF3
:10C39000084B1A683B681A603B680433054A5268C8
:10C3A0001A603B680833034A92681A6000BF083776
:10C3B000BD4680BD042A002080B52DED028BB6B0AD
:10C3C00000AF87ED050AC7ED040A87ED031AC7ED34
:10C3D000021A786097ED021AD7ED030A97ED040A66
:10C3E000FFF7E6FBF0EE406AB0EE607AF0EE417ADD
:10C3F000C7ED256A87ED267AC7ED277AD7ED057A4E
:10C400009FEDFB7A37EEC77ADFEDFA6AC7EE267A40
:10C410009FEDF97A77EE877AC7ED357AD7ED256A01
:10C4200097ED267AD7ED277AF448F0EE660AB0EE5B
:10C43000471AF0EE671A97ED350AFFF757FCF0EE52
:10C44000406AB0EE607AF0EE417AC7ED226A87ED7D
:10C45000237AC7ED247A07F16C03D7ED226A97EDB2
:10C46000237AD7ED247A97ED032AD7ED041AB0EE9C
:10C47000660AF0EE470AB0EE671A1846FFF7A0FA10
:10C4800097ED040A07F078F887ED340A97ED030A70
:10C4900007F072F887ED330A07F1480324220021E0
:10C4A00018461CF00EFB97ED330AFFF7D9F9F0EEB2
:10C4B000407AB1EE678A97ED340AFFF7F5F9F0EEAE
:10C4C000407A68EE277AC7ED127A97ED330AFFF7C4
:10C4D000EBF9F0EE407AF1EE677AC7ED137A97ED5B
:10C4E000330AFFF7BDF9F0EE407AB1EE678A97EDB7
:10C4F000340AFFF7B5F9F0EE407A68EE277AC7ED17
:10C50000147A97ED330AFFF7CFF9F0EE407AB1EEE7
:10C51000678A97ED340AFFF7C7F9F0EE407A68EEC4
:10C52000277AC7ED157A97ED330AFFF799F9F0EE00
:10C53000407AC7ED167A97ED330AFFF7B5F9F0EEBA
:10C54000407AB1EE678A97ED340AFFF789F9F0EE89
:10C55000407A68EE277AC7ED177A97ED340AFFF72D
:10C560007FF9F0EE407AC7ED187A97ED340AFFF7BD
:10C570009BF9F0EE407AF1EE677AC7ED1A7A97ED03
:10C58000127AD7ED1B7A27EE277AD7ED136AD7ED0B
:10C590001C7A66EEA77A37EE277AD7ED146AD7EDC4
:10C5A0001D7A66EEA77A77EE277AC7ED0F7A97EDB8
:10C5B000157AD7ED1B7A27EE277AD7ED166AD7EDD5
:10C5C0001C7A66EEA77A37EE277AD7ED176AD7ED91
:10C5D0001D7A66EEA77A77EE277AC7ED107A97ED87
:10C5E000187AD7ED1B7A27EE277AD7ED196AD7ED9F
:10C5F0001C7A66EEA77A37EE277AD7ED1A6AD7ED5E
:10C600001D7A66EEA77A77EE277AC7ED117A7B69F5
:10C61000C7F8C830D7ED327A9FED797A77EE877A0E
:10C62000C7ED317AD7ED327A9FED717A77EEC77A1E
:10C63000C7ED307AD7ED307A9FED727A67EE877A60
:10C640009FED717A77EE877AF3EE080AB0EE670A0B
:10C65000FFF716F987ED2F0AD7ED317A9FED647A4F
:10C6600077EEC77A9FED697A67EE877A9FED687AF1
:10C6700077EE677AB0EE670A06F07EFFF0EE407A5A
:10C68000B0EE670AFFF710F9F0EE407A9FED617A9D
:10C6900027EE878AD7ED317A9FED557A77EEC77A04
:10C6A0009FED5D7A67EE877A9FED5C7A77EE877A09
:10C6B00077EEA77AB0EE670A06F05EFFF0EE407AFA
:10C6C000B0EE670AFFF7F0F8F0EE407A9FED547A8B
:10C6D00067EE877A78EE677AC7ED2E7AD7ED317AF2
:10C6E0009FED437A77EEC77A9FED4E7A67EE877AB1
:10C6F0009FED4D7A77EE677AB0EE670A06F03CFF61
:10C7000087ED2D0A97ED2D0AFFF7AAF8B0EE407AD3
:10C71000D7ED2E7A67EE877AC7ED2C7A97ED2F7AD0
:10C72000D7ED2C7A77EE277AC7ED2B7A3F4BC7F8F7
:10C73000A83097ED2A7AD7ED2B7A67EE277AC7EDE6
:10C74000297A07F118032422002118461CF0B9F9B0
:10C750004FF07E53BB6397ED290AFFF781F8F0EEA7
:10C76000407AC7ED067A97ED290AFFF79DF8F0EEBB
:10C77000407AF1EE677AC7ED077A97ED290AFFF75D
:10C7800093F8F0EE407AC7ED097A97ED290AFFF7A2
:10C7900067F8F0EE407AC7ED0A7A97ED067AD7EDA2
:10C7A0000F7A27EE277AD7ED076AD7ED107A66EE73
:10C7B000A77A37EE277AD7ED086AD7ED117A66EEB9
:10C7C000A77A77EE277A7B68C3ED007A97ED097A2E
:10C7D000D7ED0F7A27EE277AD7ED0A6AD7ED107AD0
:10C7E00066EEA77A37EE277AD7ED0B6A22E000BF14
:10C7F00064A1154A00A0B6430000FA44D0C4020860
:10C80000CDE8513A9386C041399495414BE6583D65
:10C810007B14FA42753FA7B98F537C3F293C8C4368
:10C820009C53C93795BFD634B083BB41920A863E2C
:10C83000BD378635D7ED117A66EEA77A7B6804336B
:10C8400077EE277AC3ED007A97ED0C7AD7ED0F7A61
:10C8500027EE277AD7ED0D6AD7ED107A66EEA77A24
:10C8600037EE277AD7ED0E6AD7ED117A66EEA77A02
:10C870007B68083377EE277AC3ED007A7B6893ED07
:10C88000007A7B68D3ED007A27EE277A7B68043341
:10C89000D3ED006A7B680433D3ED007A66EEA77AA5
:10C8A00037EE277A7B680833D3ED006A7B6808335C
:10C8B000D3ED007A66EEA77A77EE277AB0EE670AB4
:10C8C000FFF702F887ED280AD7ED287A1FED287ABE
:10C8D000F4EEC77AF1EE10FA22DD7B68D3ED006A40
:10C8E00097ED287AC6EE877A7B68C3ED007A7B687D
:10C8F0000433D3ED006A7B68043397ED287AC6EEE3
:10C90000877AC3ED007A7B680833D3ED006A7B68D1
:10C91000083397ED287AC6EE877AC3ED007A0DE0EA
:10C920007B684FF000021A607B6804334FF000020E
:10C930001A607B6808334FF000021A6000BFD837D6
:10C94000BD46BDEC028B80BD80B483B000AF786083
:10C950007B684FF07E521A607B684FF000025A608D
:10C960007B684FF000029A607B684FF00002DA604B
:10C970007B684FF000021A627B684FF000025A6237
:10C980007B684FF000029A6200BF0C37BD465DF82D
:10C99000047B70470000000090B5C7B000AF07F5FA
:10C9A0008C74A4F58674206007F58C70A0F58870EF
:10C9B000016007F58C71A1F58A710A6007F58C7228
:10C9C000A2F58C72136007F58C73A3F588731B684E
:10C9D0001B68C7F8EC3007F58C73A3F588731B68E8
:10C9E0005B68C7F8F03007F58C73A3F588731B6894
:10C9F0009B68C7F8F43007F1E00207F58C73A3F5E4
:10CA00008A7107F58C73A3F5887309681868FFF7B6
:10CA100031FC07F1E0031846FFF781FC87ED410A7E
:10CA2000D7ED386A97ED417AC6EE877AC7ED357A49
:10CA3000D7ED396A97ED417AC6EE877AC7ED367A37
:10CA4000D7ED3A6A97ED417AC6EE877AC7ED377A25
:10CA500007F1C80207F1E00107F58C73A3F58873AD
:10CA60001868FFF707FC07F1E0031846FFF757FCCB
:10CA700087ED400AD7ED326A97ED407AC6EE877AA5
:10CA8000C7ED2F7AD7ED336A97ED407AC6EE877AF5
:10CA9000C7ED307AD7ED346A97ED407AC6EE877AE3
:10CAA000C7ED317A07F58C73A3F58C731B681B688F
:10CAB000C7F8B03007F58C73A3F58C731B685B68FF
:10CAC000C7F8B43007F58C73A3F58C731B689B68AB
:10CAD000C7F8B83007F1A40207F58C73A3F58C737F
:10CAE000D7F828111868FFF7C5FB07F1A40318460B
:10CAF000FFF715FC87ED3F0AD7ED296A97ED3F7ADE
:10CB0000C6EE877AC7ED267AD7ED2A6A97ED3F7A87
:10CB1000C6EE877AC7ED277AD7ED2B6A97ED3F7A75
:10CB2000C6EE877AC7ED287A07F18C0207F1A401D7
:10CB300007F58C73A3F58C731868FFF79BFB07F15F
:10CB4000A4031846FFF7EBFB87ED3E0AD7ED236AF7
:10CB500097ED3E7AC6EE877AC7ED207AD7ED246A44
:10CB600097ED3E7AC6EE877AC7ED217AD7ED256A32
:10CB700097ED3E7AC6EE877AC7ED227AD7F8EC3089
:10CB8000FB65D7F8D4303B66D7F8BC307B66D7F866
:10CB9000F030BB66D7F8D830FB66D7F8C0303B67BB
:10CBA000D7F8F4307B67D7F8DC30BB67D7F8C430F0
:10CBB000FB67D7F8B030BB63D7F89830FB63D7F882
:10CBC00080303B64D7F8B4307B64D7F89C30BB64CA
:10CBD000D7F88430FB64D7F8B8303B65D7F8A0307D
:10CBE0007B65D7F88830BB650023C7F8143159E05E
:10CBF0000023C7F810314CE04FF00003C7F80C31A8
:10CC00000023C7F808312AE0D7F8142113465B0047
:10CC10001344D7F8082113449B0003F58C733B445D
:10CC2000E03B93ED007AD7F8102113465B001344E4
:10CC3000D7F8082113449B0003F58C733B44BC3B9D
:10CC4000D3ED007A67EE277A97ED437A77EE277A6D
:10CC5000C7ED437AD7F808310133C7F80831D7F860
:10CC60000831022BD0DD07F58C73A3F58271D7F85C
:10CC7000102113465B001344D7F8142113449B0082
:10CC80000B44D7F80C211A60D7F810310133C7F8DC
:10CC90001031D7F81031022BAEDDD7F81431013343
:10CCA000C7F81431D7F81431022BA1DD07F58C73C6
:10CCB000A3F58273D3ED007AB7EE007A37EE877A68
:10CCC00007F58C73A3F58273D3ED047A37EE277AD8
:10CCD00007F58C73A3F58273D3ED087A77EE277A84
:10CCE000F1EE006A87EEA67AB0EE470AFEF7ECFD99
:10CCF000F0EE407A07F58C73A3F586731B68C3EDDD
:10CD0000047A07F58C73A3F58273D3ED007AB7EE3E
:10CD1000007A37EE877A07F58C73A3F58273D3ED2B
:10CD2000047A37EE677A07F58C73A3F58273D3ED37
:10CD3000087A77EE677AF1EE006A87EEA67AB0EEAF
:10CD4000470AFEF7C1FDF0EE407A07F58C73A3F5B4
:10CD500086731B68C3ED057A07F58C73A3F58273A0
:10CD6000D3ED007AB7EE007A37EE677A07F58C7369
:10CD7000A3F58273D3ED047A37EE277A07F58C7327
:10CD8000A3F58273D3ED087A77EE677AF1EE006A45
:10CD900087EEA67AB0EE470AFEF796FDF0EE407AEF
:10CDA00007F58C73A3F586731B68C3ED067A07F548
:10CDB0008C73A3F58273D3ED007AB7EE007A37EE69
:10CDC000677A07F58C73A3F58273D3ED047A37EE97
:10CDD000677A07F58C73A3F58273D3ED087A77EE43
:10CDE000277AF1EE006A87EEA67AB0EE470AFEF7E0
:10CDF0006BFDF0EE407A07F58C73A3F586731B6824
:10CE0000C3ED077A07F58C73A3F586731B681A695F
:10CE100007F58C73A3F586731B681A6007F58C738E
:10CE2000A3F586731B685A6907F58C73A3F586739F
:10CE30001B685A6007F58C73A3F586731B689A69A3
:10CE400007F58C73A3F586731B689A6007F58C73DE
:10CE5000A3F586731B68DA6907F58C73A3F58673EF
:10CE60001B68DA6007F58C73A3F586731B6893ED76
:10CE7000047A07F58C73A3F586731B68D3ED077AE4
:10CE800027EE277A07F58C73A3F586731B68D3ED1D
:10CE9000056A07F58C73A3F586731B68D3ED067AD4
:10CEA00066EEA77A77EE277A37EEA76A07F58C73D6
:10CEB000A3F586731B6893ED067A07F58C73A3F5CB
:10CEC00086731B68D3ED067A27EE277A07F58C73F5
:10CED000A3F586731B68D3ED076A07F58C73A3F57A
:10CEE00086731B68D3ED077A66EEA77A77EE277A0A
:10CEF00077EEA77AB7EE007A77EE677AF0EE670AF8
:10CF0000B0EE460AFEF798FC10EE103A1846F3F71A
:10CF10002BFB5FA3D3E90023F3F77EFB02460B460E
:10CF200010461946F3F770FE024607F58C73A3F519
:10CF300086731B681A6207F58C73A3F586731B68EA
:10CF400093ED047A07F58C73A3F586731B68D3ED14
:10CF5000067A27EE277A07F58C73A3F586731B688C
:10CF6000D3ED076A07F58C73A3F586731B68D3EDC1
:10CF7000057A66EEA77A77EE677A77EEA77AB0EE53
:10CF8000670AFEF749FC10EE103A1846F3F7ECFA80
:10CF90003FA3D3E90023F3F73FFB02460B461046BD
:10CFA0001946F3F731FE024607F58C73A3F5867335
:10CFB0001B685A6207F58C73A3F586731B6893EDA3
:10CFC000047A07F58C73A3F586731B68D3ED057A95
:10CFD00027EE277A07F58C73A3F586731B68D3EDCC
:10CFE000066A07F58C73A3F586731B68D3ED077A81
:10CFF00066EEA77A77EE277A37EEA76A07F58C7385
:10D00000A3F586731B6893ED057A07F58C73A3F57A
:10D0100086731B68D3ED057A27EE277A07F58C73A4
:10D02000A3F586731B68D3ED066A07F58C73A3F529
:10D0300086731B68D3ED067A66EEA77A77EE277AB9
:10D0400077EEA77AB7EE007A77EE677AF0EE670AA6
:10D05000B0EE460AFEF7F0FB10EE103A1846F3F772
:10D0600083FA0BA3D3E90023F3F7D6FA02460B4663
:10D0700010461946F3F7C8FD024607F58C73A3F571
:10D0800086731B689A6200BF07F58E77BD4690BD18
:10D09000F8C1631ADCA54C4080B483B000AF78605F
:10D0A0007B681B781A067B6801331B781B041A43C4
:10D0B0007B6802331B781B0213437A6803321278B1
:10D0C00013431A4A13607B6804331B781A067B6883
:10D0D00005331B781B041A437B6806331B781B023D
:10D0E00013437A68073212781343114A13607B683E
:10D0F00008331B781A067B6809331B781B041A4314
:10D100007B680A331B781B0213437A680B32127850
:10D110001343084A13607B681A7B074B1A7000BFE1
:10D120000C37BD465DF8047B704700BF68020020E5
:10D130006C020020700200208A02002080B584B0BA
:10D1400000AF0346FB71FB79002B01D0FB79FB7329
:10D150000A4B1B684FF0FF31184610F071FA084A6D
:10D16000FB7B1370054B18680023002200210FF091
:10D1700025FF00BF1037BD4680BD00BF0422002040
:10D180007602002080B584B000AF0346FB71FB79C6
:10D19000002B01D0FB79FB730A4B1B684FF0FF316A
:10D1A000184610F04DFA084AFB7B1370054B1868BF
:10D1B0000023002200210FF001FF00BF1037BD4601
:10D1C00080BD00BF042200207702002090B587B008
:10D1D00000AF3C4684E80F004FF47A73FB824FF4B3
:10D1E000E153BB82FB78002B08D13B79002B05D1A2
:10D1F0007B79002B02D1BB79002B02D0BB78042BAA
:10D2000006D0BB6A1B88FB82BB6A5B88BB820FE0CF
:10D21000FB781B021AB23B791BB213431BB2FB8291
:10D220007B791B021AB2BB791BB213431BB2BB82C0
:10D230000B4B1B684FF0FF31184610F001FA094AFA
:10D24000FB8A1380084ABB8A1380054B18680023A9
:10D25000002200210FF0B2FE00BF1C37BD4690BD7A
:10D26000002200208E0200209002002080B584B0B1
:10D2700002AF0346FB71FB79012B0AD10D4B1868F5
:10D280000023009303234FF48072002112F01AF957
:10D290000CE0FB79002B09D1064B186800230093A2
:10D2A00003234FF40072002112F00CF900BF08377D
:10D2B000BD4680BDB81C002090B5A3B002AF3C466F
:10D2C00084E80F0000237B613B78AB2B14BF012364
:10D2D0000023DBB287F87F303B78AB2B40F0DB8755
:10D2E0007B78AA3B552B00F2C48701A252F823F0A9
:10D2F000B3E0000873E2000873E2000873E200087C
:10D3000073E2000873E2000849D400089FD40008C3
:10D31000F7D4000825D600087DD80008D3D6000829
:10D32000A1D700081BD80008EDD8000845D900088F
:10D3300071D9000823DF00084FDF00087BDF0008F9
:10D34000A7DF0008D3DF00089DD9000823DA000812
:10D35000B9DA000851DB0008E9DB00086FDC0008DF
:10D3600007DD000835DD000863DD000891DD0008F9
:10D37000DDDD00080BDE000839DE000865DE000890
:10D3800073E2000873E2000873E2000873E2000829
:10D3900073E2000873E2000873E2000873E2000819
:10D3A00073E2000873E2000873E2000873E2000809
:10D3B00073E2000873E2000873E2000873E20008F9
:10D3C00073E2000873E2000873E2000873E20008E9
:10D3D00073E2000873E2000873E2000873E20008D9
:10D3E00073E2000873E2000873E2000873E20008C9
:10D3F00073E2000873E2000873E2000873E20008B9
:10D4000073E2000873E20008E1E0000873E200083C
:10D4100073E200085DE10008B3E1000873E2000870
:10D4200073E2000873E2000873E2000873E2000888
:10D4300073E2000873E2000873E2000873E2000878
:10D4400073E2000891E00008CA4B186800230093BB
:10D4500003230822002112F035F8C74B1868002377
:10D46000009303230222002112F02CF8C34B18680A
:10D4700097F87F3004335B0001229A4097F87F30A1
:10D4800008335B00012101FA03F313431A4600231A
:10D4900000930123002112F015F801F0CFB8B54B2D
:10D4A00018680023009303230422002112F00AF8D5
:10D4B000B14B18680023009301230122002112F0D0
:10D4C00001F8AE4B186897F87F3004335B000122F7
:10D4D0009A4097F87F3008335B000133012101FA4D
:10D4E00003F313431A46002300930123002111F094
:10D4F000E9FF01F0A3B8A14B186897F87F30043317
:10D500005B00012202FA03F31A4600230093012371
:10D51000002111F0D7FF9A4B1B684FF0FF311846DE
:10D5200010F08EF8974B1B6818460FF01EFD3867F9
:10D530003B6F002B1BD1FAF719FCF8F77FFE07F1C0
:10D5400048031846F7F75CFA8D4B18680023002251
:10D5500000210FF033FD07F148031846F9F78CF866
:10D56000034683F00103DBB2002B38D029E007F13A
:10D57000180307F1480100220220F6F7E8FB824B6E
:10D58000186807F1180100234FF47A720FF016FDA6
:10D590007A4B186897F87F300C335B00012202FA4F
:10D5A00003F31A46002300930123002111F08AFFA0
:10D5B000734B18680023002200210FF0FFFC01F0DC
:10D5C0003DB807F148031846F6F7DCFE07F11803EB
:10D5D00007F1480104220120F6F7B9FB07E007F143
:10D5E000180307F1480127220220F6F7B0FB664B2B
:10D5F000186807F1180100234FF47A720FF0DEFC6F
:10D600005E4B186897F87F300C335B00012202FAFA
:10D6100003F31A46002300930323002111F052FF65
:10D6200001F00CB8554B186897F87F3004335B0055
:10D6300001229A4097F87F3008335B00012101FAFC
:10D6400003F31A4397F87F300E335B00012101FA90
:10D6500003F313431A46002300930123002111F022
:10D6600031FF454B18680023009303230222002159
:10D6700011F028FF454B1868002300930323022272
:10D68000002111F01FFF424B186800230093032371
:10D690000222002111F016FF3E4B18680023009370
:10D6A00003230222002111F00DFF3B4B18680023D9
:10D6B000009303230222002111F004FF2D4B186870
:10D6C0000023009303230422002111F0FBFE00F04D
:10D6D000B5BF2A4B186897F87F3004335B000122EE
:10D6E00002FA03F31A46002300930123002111F0EC
:10D6F000E9FE294B18680023009301230122002131
:10D7000011F0E0FE254B18680023009303238022CC
:10D71000002111F0D7FEFB7803F00103002B00F08D
:10D72000888707F148031846F6F774FF07F11803D6
:10D7300007F148012722FF20F6F709FB124B186872
:10D7400007F1180100234FF47A720FF037FC0B4BEE
:10D75000186897F87F300C335B00012202FA03F35C
:10D760001A46002300930123002111F0ABFE00F0C4
:10D7700060BF00BFBC1C0020C01C0020301C00206B
:10D780001C220020E0210020501C00203422002018
:10D79000382200203C2200208C160020B81C0020DB
:10D7A000BD4B186897F87F3004335B00012202FA02
:10D7B00003F31A46002300930123002111F082FE97
:10D7C000FB7803F00103002B08D0B44B186800234A
:10D7D000009303230222002111F074FEFB7803F072
:10D7E0000203002B08D0AE4B1868002300930323DC
:10D7F0000222002111F066FEFB7803F00403002BE7
:10D8000000F01987A74B1868002300930323022216
:10D81000002111F057FE00F00EBF9F4B186897F8DB
:10D820007F3004335B00012202FA03F31A4600231F
:10D8300000930123002111F045FEFB7803F0010362
:10D84000002B0AD0984B1868002300930323102262
:10D85000002111F037FE00F0F0BEFB7803F0010369
:10D86000002B40F0EA86904B1868002300930323B6
:10D870002022002111F026FE00F0DFBE864B186842
:10D8800097F87F3004335B00012202FA03F31A4653
:10D89000002300930123002111F014FE07F1480337
:10D8A0001846F7F787F907F1180307F1480127220F
:10D8B0000C20F6F74CFA7D4B186807F1180100238D
:10D8C0004FF47A720FF07AFB734B186897F87F3039
:10D8D0000C335B00012202FA03F31A460023009383
:10D8E0000123002111F0EEFD00F0A8BE6A4B18687C
:10D8F00097F87F3004335B00012202FA03F31A46E3
:10D90000002300930123002111F0DCFDFB78184671
:10D91000FFF738FC3B791846FFF710FC644B18689A
:10D920000023009301230422002111F0CBFD614B61
:10D9300018680023009301230422002111F0C2FD86
:10D9400000F07CBE544B186897F87F3004335B00BE
:10D95000012202FA03F31A46002300930123002157
:10D9600011F0B0FDFB781846F5F7CCFF00F066BE6D
:10D97000494B186897F87F3004335B00012202FAA4
:10D9800003F31A46002300930123002111F09AFDAE
:10D99000FB781846FFF76AFC00F050BE3E4B186853
:10D9A00097F87F3004335B00012202FA03F31A4632
:10D9B000002300930123002111F084FD4FF47A73BA
:10D9C000BB824FF4E153FB8207F1140300933B4603
:10D9D0000FCBFFF7FBFB374B1868002300930323A3
:10D9E0000222002111F06EFD2E4B186800230093D7
:10D9F00003230522002111F065FD284B1868002340
:10DA0000009303230522002111F05CFD244B1868CC
:10DA10000023009303230522002111F053FD00F0A1
:10DA20000DBE1D4B186897F87F3004335B00012250
:10DA300002FA03F31A46002300930123002111F098
:10DA400041FD4FF47A73BB824FF4E153FB8207F13F
:10DA5000140300933B460FCBFFF7B8FB154B186838
:10DA60000023009303230222002111F02BFD0D4B14
:10DA700018680023009303230922002111F022FDDE
:10DA8000064B18680023009303230922002111F09C
:10DA900019FD00F0D3BD00BF301C0020382200204B
:10DAA0003C22002034220020C41C0020501C0020F6
:10DAB0008C160020C01C0020C14B186897F87F30DE
:10DAC00004335B00012202FA03F31A460023009399
:10DAD0000123002111F0F6FC4FF47A73BB824FF45E
:10DAE000E163FB8207F1140300933B460FCBFFF782
:10DAF0006DFBB44B1868002300930323022200211E
:10DB000011F0E0FCB04B18680023009303230922B6
:10DB1000002111F0D7FCAD4B1868002300930323BC
:10DB20000922002111F0CEFCA94B186800230093B4
:10DB300003230922002111F0C5FCA64B186800231D
:10DB4000009303230122002111F0BCFC00F076BDFC
:10DB50009B4B186897F87F3004335B00012202FA70
:10DB600003F31A46002300930123002111F0AAFCBD
:10DB70004FF47A73BB824FF4E153FB8207F1140335
:10DB800000933B460FCBFFF721FB8E4B1868002319
:10DB9000009303230222002111F094FC8A4B1868A1
:10DBA0000023009303230922002111F08BFC874BF3
:10DBB00018680023009303230922002111F082FC3E
:10DBC000834B18680023009303230922002111F0DE
:10DBD00079FC804B18680023009303230122002165
:10DBE00011F070FC00F02ABD754B186897F87F3073
:10DBF00004335B00012202FA03F31A460023009368
:10DC00000123002111F05EFC4FF47A73BB824FF4C4
:10DC1000E163FB8207F1140300933B460FCBFFF750
:10DC2000D5FA684B186800230093032302220021D1
:10DC300011F048FC644B1868002300930323092269
:10DC4000002111F03FFC624B18680023009303236E
:10DC50000922002111F036FC5E4B18680023009366
:10DC600003230122002111F02DFC00F0E7BC544BEE
:10DC7000186897F87F3004335B00012202FA03F33F
:10DC80001A46002300930123002111F01BFC4FF4DE
:10DC90007A73BB824FF4E153FB8207F114030093C4
:10DCA0003B460FCBFFF792FA464B186800230093D0
:10DCB00003230222002111F005FC434B18680023C6
:10DCC000009303230922002111F0FCFB3F4B18684D
:10DCD0000023009303230922002111F0F3FB3C4BA6
:10DCE00018680023009303230922002111F0EAFBA6
:10DCF000394B18680023009303230122002111F0FF
:10DD0000E1FB00F09BBC2E4B186897F87F30043382
:10DD10005B00012202FA03F31A4600230093012359
:10DD2000002111F0CFFB3B4603331846F5F71EFEEA
:10DD300000F084BC224B186897F87F3004335B00F6
:10DD4000012202FA03F31A46002300930123002163
:10DD500011F0B8FB3B4603331846F5F72DFE00F0F3
:10DD60006DBC174B186897F87F3004335B000122B5
:10DD700002FA03F31A46002300930123002111F055
:10DD8000A1FB3B4603331846F5F73CFE00F056BCBA
:10DD90000B4B186897F87F3004335B00012202FABE
:10DDA00003F31A46002300930123002111F08AFB9C
:10DDB0003B4603331846F5F74BFE00F03FBC00BF6F
:10DDC000301C0020C01C00203422002038220020FB
:10DDD0003C22002074220020C0190020BD4B18688E
:10DDE00097F87F3004335B00012202FA03F31A46EE
:10DDF000002300930123002111F064FB3B46033311
:10DE00001846F5F74BFE00F019BCB24B186897F8AE
:10DE10007F3004335B00012202FA03F31A46002329
:10DE200000930123002111F04DFB3B4603331846BC
:10DE3000F5F75AFE00F002BCA64B186897F87F3041
:10DE400004335B00012202FA03F31A460023009315
:10DE50000123002111F036FB3B4603331846F5F74A
:10DE600069FEEBE39B4B186897F87F3004335B0047
:10DE7000012202FA03F31A46002300930123002132
:10DE800011F020FB07F148023B46033311461846C8
:10DE9000F5F776FE0346002B21D007F1180307F1B2
:10DEA000480124220720F5F752FF8B4B186807F131
:10DEB000180100234FF47A720FF080F8854B186830
:10DEC00097F87F300C335B00012202FA03F31A4605
:10DED000002300930123002111F0F4FAAEE307F1CF
:10DEE000180307F1480100220720F5F730FF7A4BAD
:10DEF000186807F1180100234FF47A720FF05EF8EA
:10DF0000744B186897F87F300C335B00012202FADB
:10DF100003F31A46002300930123002111F0D2FAE3
:10DF20008CE36C4B186897F87F3004335B00012258
:10DF300002FA03F31A46002300930123002111F093
:10DF4000C1FA3B4603331846FBF762FA76E3614BAE
:10DF5000186897F87F3004335B00012202FA03F35C
:10DF60001A46002300930123002111F0ABFA3B462F
:10DF700003331846FBF772FA60E3564B186897F8BC
:10DF80007F3004335B00012202FA03F31A460023B8
:10DF900000930123002111F095FA3B460333184604
:10DFA000FBF782FA4AE34B4B186897F87F3004334B
:10DFB0005B00012202FA03F31A46002300930123B7
:10DFC000002111F07FFA3B4603331846FBF792FA23
:10DFD00034E3404B186897F87F3004335B0001222C
:10DFE00002FA03F31A46002300930123002111F0E3
:10DFF00069FA07F148023B46033338491846FBF7F4
:10E000009FFA0346002B21D007F1180307F14801BE
:10E0100019220F20F5F79BFE2F4B186807F1180106
:10E0200000234FF47A720EF0C9FF2A4B186897F854
:10E030007F300C335B00012202FA03F31A460023FF
:10E0400000930123002111F03DFAF7E207F11803D4
:10E0500007F1480100220F20F5F779FE1E4B1868E2
:10E0600007F1180100234FF47A720EF0A7FF194B45
:10E07000186897F87F300C335B00012202FA03F333
:10E080001A46002300930123002111F01BFAD5E268
:10E09000104B186897F87F305B000133012202FAB9
:10E0A00003F31A46002300930123002111F00AFA1A
:10E0B000C4E2084B186897F87F305B00012202FA2F
:10E0C00003F31A46002300930123002111F0FAF90B
:10E0D000B4E200BF301C0020501C0020C4190020F6
:10E0E000A84B186897F87F3004335B00012202FACE
:10E0F00003F31A46002300930123002111F0E2F9F3
:10E10000FB79012B1ED19F4B18680023009301233C
:10E110000022002111F0D6F99B4B01221A709B4B73
:10E1200018680023009303230422002111F0CAF988
:10E13000974B18680023009303230122002111F05C
:10E14000C1F905E0FB79002B02D18F4B00221A7038
:10E150003B4603331846FCF7F1FB6FE2BB780D2B0F
:10E1600015D1884B186897F87F3004335B00012283
:10E1700002FA03F31A46002300930123002111F051
:10E18000A1F93B4603331846FEF786FF56E27D4B66
:10E19000186897F87F3004335B000133012202FADC
:10E1A00003F31A46002300930123002111F08AF99A
:10E1B00044E2744B186897F87F3004335B00012207
:10E1C0009A4097F87F300E335B00012101FA03F388
:10E1D00013431A46002300930323002111F072F920
:10E1E0006C4B18680023009303234022002111F098
:10E1F00069F9694B1868002300930123012200216B
:10E2000011F060F9624B1868002300930323022287
:10E21000002111F057F9614B186800230093032384
:10E220000222002111F04EF95D4B18680023009383
:10E2300003230222002111F045F95A4B18680023EC
:10E24000009303230222002111F03CF9564B186879
:10E250000023009303230222002111F033F94B4BDA
:10E2600018680023009303230422002111F02AF9E7
:10E27000E4E1444B186897F87F3004335B000133C6
:10E28000012202FA03F31A4600230093012300211E
:10E2900011F018F9D2E13B78CE2B40F0B9817B78B0
:10E2A000AA2B00F09381AA2BC0F2A081FF2B00F3D0
:10E2B0009D81F02BC0F29A81F03B0F2B00F29681EA
:10E2C00001A252F823F000BF09E30008ADE3000803
:10E2D00053E4000895E40008EBE40008EDE50008CD
:10E2E000EDE50008EDE50008EDE50008EDE50008C6
:10E2F000EDE50008EDE50008EDE50008EDE50008B6
:10E30000EDE50008ABE500081E4B186897F87F3074
:10E3100004335B00012202FA03F31A460023009340
:10E320000123002111F0CEF8FB79012B1ED1154BF2
:10E3300018680023009301230022002111F0C2F885
:10E34000114B01221A70114B18680023009303230C
:10E350000422002111F0B6F80D4B18680023009339
:10E3600003230122002111F0ADF805E0FB79002B19
:10E3700002D1054B00221A703B4603331846FCF7C6
:10E38000DDFA5BE1301C002075020020BC1C00207F
:10E39000C01C0020B81C0020C41C00203422002017
:10E3A000382200203C2200208C160020BB78082B4D
:10E3B0003DD1A44B186897F87F3004335B000122ED
:10E3C00002FA03F31A46002300930123002111F0FF
:10E3D00079F8FB781A063B791B041A437B791B02F8
:10E3E0001343BA791343BB67FB791A063B7A1B04C4
:10E3F0001A437B7A1B021343BA7A13437B67796F04
:10E40000B86FF5F767FC0346FB7407F1180307F1D3
:10E4100013010122E220F5F79AFC8B4B186807F1F3
:10E42000180100234FF47A720EF0C8FD06E1854B07
:10E43000186897F87F3004335B000133012202FA39
:10E4400003F31A46002300930123002111F03AF848
:10E45000F4E07C4B186897F87F3004335B000122AE
:10E4600002FA03F31A46002300930123002111F05E
:10E4700029F807F1180300220021E020F5F767FCD6
:10E48000714B186807F1180100234FF47A720EF0EF
:10E4900095FDD3E0BB780D2B15D16A4B186897F822
:10E4A0007F3004335B00012202FA03F31A46002393
:10E4B00000930123002111F005F83B460333184671
:10E4C000FEF7EAFDBAE05F4B186897F87F30043337
:10E4D0005B000133012202FA03F31A460023009382
:10E4E0000123002110F0EEFFA8E0564B186897F8C2
:10E4F0007F3004335B0001229A4097F87F300E335F
:10E500005B00012101FA03F313431A460023009331
:10E510000323002110F0D6FF4C4B18680023009312
:10E5200003234022002110F0CDFF494B186800233F
:10E53000009301230122002110F0C4FF454B18680D
:10E540000023009303230222002110F0BBFF424B63
:10E5500018680023009303230222002110F0B2FF69
:10E560003E4B18680023009303230222002110F081
:10E57000A9FF3B4B186800230093032302220021CC
:10E5800010F0A0FF374B18680023009303230222EA
:10E59000002110F097FF344B1868002300930323E9
:10E5A0000422002110F08EFF48E0264B186897F8EF
:10E5B0007F305B000133012202FA03F31A46002385
:10E5C00000930123002110F07DFF37E01D4B1868F8
:10E5D00097F87F305B00012202FA03F31A4600230A
:10E5E00000930123002110F06DFF27E0154B186800
:10E5F00097F87F3004335B000133012202FA03F302
:10E600001A46002300930123002110F05BFF15E060
:10E610000C4B186897F87F3004335B00012202FA34
:10E6200003F31A46002300930123002110F04AFF50
:10E6300004E000BF02E000BF00E000BF00BF84377D
:10E64000BD4690BD301C0020481C0020B81C002096
:10E65000C41C0020C01C00203422002038220020CE
:10E660003C2200208C160020BC1C002080B588B005
:10E6700000AF7860114B1B6818460FF0E1F8F861A5
:10E6800013E00E4B1B6807F10C014FF0FF321846E8
:10E690000EF0F4FE0346012B04D107F10C030FCB5F
:10E6A000FEF70AFEFB69013BFB61FB69002BE8D129
:10E6B0004FF4FA700FF0AAFCDCE700BF401C00200A
:10E6C00090B585B000AF78602A4B1B684FF0FF31E2
:10E6D00018460EF0B5FF0023FB73274B274A02F2C2
:10E6E000CD5420686168A26807C3A289A17B1A8003
:10E6F0000A469A7013222049214814F0BBFA0346B7
:10E700001A46204B1A701F4B1B781B49184600F005
:10E710008BFD1C4B1B78002B05D00A200FF076FCDC
:10E72000FB7B0133FB73FB7B032B03D8154B1B785F
:10E73000002BDFD1104B012283F860220023BB6045
:10E7400006E079680C4800F01FF8BB680133BB6035
:10E75000BB68172BF5DD0A4815F032F8054B186831
:10E760000023002200210EF029FC00BF1437BD4613
:10E7700090BD00BFE421002090270020901E01647E
:10E78000C4270020A822002080B584B000AF7860A4
:10E7900039604FF4FF73FB607B68012283F83020FF
:10E7A000786800F0CBFC7B6803F134000E4BFA680C
:10E7B000396814F012FE03461A460C4B1A700B4BC4
:10E7C0001B787968184600F02FFD084B1B78002B4A
:10E7D00005D1064B1B787968184600F025FD00BF6F
:10E7E0001037BD4680BD00BFAC220020A82200200B
:10E7F00090B585B000AF7860304B1B684FF0FF31AB
:10E8000018460EF01DFF2E4B2E4A02F2CD54206802
:10E810006168A26807C3A289A17B1A800A469A7020
:10E8200001222749284814F025FA03461A46274BA7
:10E830001A70264B1B782249184600F0F5FC234B32
:10E840001B78002B2ED10023FB8114E0FA8913469C
:10E850001B029B1A5B001A467B6899181C4B4FF4ED
:10E86000FF72194814F07AFC03461A46174B1A70C7
:10E87000FB890133FB81FB89172BE7D9124814F080
:10E880009FFF0F4B00225A630D494FF000024FF0DB
:10E890000003C1E906230A494FF000024FF00003CC
:10E8A000C1E90823054B18680023002200210EF05F
:10E8B00085FB00BF1437BD4690BD00BFE42100209A
:10E8C00090270020901E0164C4270020A822002069
:10E8D000B022002090B5ADF5057D02AF0023C7F84A
:10E8E00004323B1D4FF4007200924FF400420221AB
:10E8F0006C4815F049FA03461A466B4B1A706B4A7E
:10E900006B4B1046194640F2DC531A461AF0A9FF29
:10E91000684B00221A70684B01221A80674B002254
:10E920001A70674B01221A80664B00225A616549B2
:10E930004FF000024FF00003C1E9062361494FF098
:10E9400000024FF00003C1E908235F4B00225A6127
:10E950005D494FF000024FF00003C1E906235A4918
:10E960004FF000024FF00003C1E90823554B00228D
:10E9700083F8302053494FF000024FF00003C1E903
:10E980000A23514B002283F830204F494FF00002F8
:10E990004FF00003C1E90A2364200FF037FB012286
:10E9A00040494A4814F022F903461A463E4B1A7071
:10E9B00064200FF02BFB3C4B1B784249184600F0BB
:10E9C00033FCD7F804320133C7F80432364B1B78D6
:10E9D000002B03D0D7F80432032BDDDD324B1B783C
:10E9E000002B55D1374A314B14460FCB07C4238037
:10E9F00002341B0C237032223249354814F03AF9A4
:10EA000003461A46284B1A70274B1B78002B04D15B
:10EA10002C4B012283F8602203E02A4B002283F86A
:10EA20006022214B1B782749184600F0FDFB264A3F
:10EA30001E4B14460FCB07C4238002341B0C2370DB
:10EA400031222149234814F015F903461A46164B82
:10EA50001A70154B1B78002B04D11B4B012283F835
:10EA6000602203E0184B002283F860220E4B1B78D3
:10EA70001549184600F0D8FB174B1B784FF4FF726E
:10EA8000194616481AF01DF81448FFF719FE04E05D
:10EA9000134B01221A7000F02FFC00BF07F503771B
:10EAA000BD4690BD38C20208A8220020901E016415
:10EAB00084CA0208F8290020FC290020F929002036
:10EAC000FA290020C0220020282500200000002074
:10EAD000F42200205C2500208A020020901C0164A2
:10EAE000B422002080B582B000AF00237B600122F9
:10EAF0004149002014F07AF864200FF087FA0122CF
:10EB00003D493E4814F072F803461A463C4B1A70D1
:10EB100064200FF07BFA3A4B1B783A49184600F014
:10EB200083FB7B6801337B60354B1B78002B02D065
:10EB30007B68032BE0DD324B1B78002B52D1324B2C
:10EB40001B781A4613461B019B1A304A13440F22A6
:10EB500019462C481AF085FE32222A492C4814F016
:10EB600089F803461A46264B1A70254B1B78002B52
:10EB700004D1244B012283F8602203E0214B0022C0
:10EB800083F860221E4B1B781E49184600F04CFB90
:10EB9000204B1B781A4613461B019B1A1B4A134431
:10EBA0000F2219461C481AF05CFE31221A491B48F4
:10EBB00014F060F803461A46114B1A70104B1B787C
:10EBC000002B04D1144B012283F8602203E0124B86
:10EBD000002283F860220A4B1B780F49184600F088
:10EBE00023FB04E00E4B01221A7000F085FB00BFEE
:10EBF0000837BD4680BD00BF38C2020800000020B3
:10EC0000A8220020C0220020F8290020901E0164C4
:10EC1000F4220020F9290020282500205C2500206E
:10EC2000B4220020B0B584B000AF7860404B1B68C0
:10EC30004FF0FF3118460EF003FD0023FB607968AA
:10EC40003C4800F03DF93B4BD3E908013A4B1B88A7
:10EC50009BB200221C46154622462B46F2F774F85A
:10EC600002460B4613467B817B8947F61812934276
:10EC700045D9304800F02AFB304B1B780133DAB21B
:10EC80002E4B1A700A200FF0C1F92C4B1B781A4634
:10EC900013461B019B1A2A4A13440F221946254882
:10ECA0001AF0DFFD33222349264813F0E3FF034621
:10ECB0001A46254B1A70244B1B78002B04D11D4B90
:10ECC000012283F8602203E01A4B002283F86022BD
:10ECD0001D4B1B781749184600F0A6FA174B1B78F6
:10ECE000622B05D1FB680133FB60144B00221A70C4
:10ECF000FB68032B03D0144B1B78002BBCD10F4BAC
:10ED00001B78622B08D10D4B00221A700A4B1B880E
:10ED100001339AB2084B1A80054B18680023002271
:10ED200000210EF04BF900BF1037BD46B0BD00BF4B
:10ED3000E4210020C0220020FC290020F829002026
:10ED4000901E0164F4220020A8220020B0B584B0F7
:10ED500000AF7860514B1B684FF0FF3118460EF042
:10ED60006FFC00237B810023FB604D4BD3E9060140
:10ED70004C4B1B889BB200221C46154622462B4654
:10ED8000F1F7E2FF02460B4613467B817B8947F68B
:10ED9000181293420FD8424BD3E90601424BD3E9F4
:10EDA0000823994208BF90425CD1404B1A78404BEF
:10EDB0001B789A4256D13A4800F088FAC8200FF0E2
:10EDC00025F937494FF000024FF00003C1E906234F
:10EDD00033494FF000024FF00003C1E90823344BE0
:10EDE0001B780133DAB2324B1A700A200FF00EF999
:10EDF0002F4B1B781A4613461B019B1A2D4A1344AE
:10EE00000F22194626481AF02CFD312224492A489F
:10EE100013F030FF03461A46284B1A70274B1B7815
:10EE2000002B04D11E4B012283F8602203E01C4B0F
:10EE3000002283F86022214B1B781949184600F004
:10EE4000F3F91B4B1B78622B05D1FB680133FB6088
:10EE5000174B00221A70FB68032B03D0174B1B784B
:10EE6000002BABD1124B1B78622B08D1104B002228
:10EE70001A700C4B1B8801339AB20A4B1A807968BE
:10EE8000074800F0D1F8054B186800230022002144
:10EE90000EF094F800BF1037BD46B0BDE42100204D
:10EEA00028250020FA290020C0220020F82900206F
:10EEB000F9290020901E01645C250020A822002072
:10EEC0002DE9B04382B000AF78603960324B012247
:10EED00083F83020786800F031F97B6803F1340260
:10EEE0007B681B6C1946104614F08AFC03461A46D0
:10EEF0002A4B1A70294B1B787968184600F094F950
:10EF0000264B1B78002B41D17B6803F13400244B46
:10EF1000D3E90023234B396814F05FFA03461A46FD
:10EF20001E4B1A701D4B1B787968184600F07CF94F
:10EF30001A4B1B78002B21D11A4B1B687968184695
:10EF400000F092F97B68D3E90A23541C43F10005D1
:10EF50007B68C3E90A457B68D3E90A230B2A73F16E
:10EF600000030BD37B683433184614F0ABFB79688D
:10EF70004FF000024FF00003C1E90A237B681B6CCD
:10EF80000022984691467B68C3E9088900BF08378C
:10EF9000BD46BDE8B08300BF28250020A822002080
:10EFA00098020020AC22002080B582B000AF7860CB
:10EFB0007B689A6C7B681B6C9A420CBF0123002310
:10EFC000DAB2174B1A70174B1B787968184600F0A5
:10EFD0002BF9134B1B78002B1DD0786800F076F9C5
:10EFE0007B68184614F015FE0D4B00221A70642041
:10EFF0000FF00CF87B68343379683322184613F02D
:10F0000039FE03461A46074B1A70064B1B7879687F
:10F01000184600F009F900BF0837BD4680BD00BFA3
:10F02000B5220020A82200202DE9B04382B000AF15
:10F03000786039607B6893F83030002B25D03B48EE
:10F0400014F040FB786800F041F97B68343379684C
:10F050000122184613F00EFE03461A46344B1A706E
:10F06000334B1B787968184600F0DEF87B68012284
:10F0700083F860227B68002283F8302079684FF0A3
:10F0800000024FF00003C1E90A237B681B6C0022D9
:10F09000984691467B68C3E90889786800F04EF885
:10F0A0007B6803F134007B68D3E9062313461946D5
:10F0B00014F0A6FB03461A461D4B1A701C4B1B7816
:10F0C0007968184600F0B0F8194B1B78002B28D14E
:10F0D0007B6803F13400174BD3E90023164B3968E2
:10F0E00014F03CF803461A46114B1A70104B1B786B
:10F0F0007968184600F098F80D4B1B78002B10D15A
:10F100007B689B6C00221C4615467B68C3E906455C
:10F11000094B1B687968184600F0A6F87868FFF775
:10F1200043FF00BF0837BD46BDE8B083F42200208E
:10F13000A822002098020020B022002080B58AB0CA
:10F1400002AF78607B685B69032B51DD786800F063
:10F15000BDF87B68184614F05CFD2C4B1B781A46F2
:10F1600013461B019B1A2A4A13442A49184619F0D0
:10F17000BDFC0346FB61254B1B781A4613461B0159
:10F180009B1A234A1A44244B1B6807F1080000937A
:10F190001346FA69214919F02FFC7B6807F1080230
:10F1A000114618461AF055FB79684FF000024FF0EF
:10F1B0000003C1E9082379684FF000024FF0000313
:10F1C000C1E90623144B1B680133134A13607B68A3
:10F1D000343379683322184613F04CFD03461A463F
:10F1E0000F4B1A700E4B1B787968184600F01CF80C
:10F1F0007B685B69062B04DD0A4B01221A7000F064
:10F200007BF800BF2037BD4680BD00BFF829002035
:10F21000901E01643CC20208B822002040C20208CD
:10F22000A8220020B422002080B483B000AF03469F
:10F230003960FB71FB79002B08D00A4B01221A7050
:10F240003B685B695A1C3B685A6105E0054B00222C
:10F250001A703B6800225A6100BF0C37BD465DF84A
:10F26000047B7047B722002080B483B000AF786081
:10F2700039607B682D2B15D03B689A6C3B681B6C02
:10F280009A4206D10F4B00221A703B6800225A6145
:10F2900011E00C4B01221A703B685B695A1C3B68F9
:10F2A0005A6108E0074B00221A70074B00221A60CF
:10F2B0003B6800225A6100BF0C37BD465DF8047BF5
:10F2C000704700BFB6220020B022002080B582B077
:10F2D00000AF78607B6893F86032002B08D07B68C1
:10F2E0003433184614F06CFA7B68002283F86022ED
:10F2F00000BF0837BD4680BD98B500AF0122504918
:10F30000002013F073FC4F4808F0D4FC4E4B5B6AAE
:10F310004D4A43F4006353620A200EF077FE4A4BD5
:10F320005B6A494A23F4006353620A200EF06EFEC2
:10F33000444808F00FFC0346002B03D0434B012246
:10F340001A707CE064200EF061FE01223C494048C6
:10F3500013F04CFC03461A463E4B1A703D4B1B788B
:10F36000002B52D1394B00221A703B4A3B4B1446BA
:10F370000FCB07C4238002341B0C23703222364982
:10F38000374813F077FC03461A46324B1A70314B5C
:10F390001B78002B04D1304B012283F8602203E05C
:10F3A0002D4B002283F860222A4B1B782A491846ED
:10F3B000FFF73AFF2B4A294B14460FCB07C4238093
:10F3C00002341B0C237031222649274813F052FCCB
:10F3D00003461A461F4B1A701E4B1B78002B10D188
:10F3E000204B012283F860221A4B1B78002B10D18E
:10F3F0001C4BD3E90623134619461B4814F000FAA8
:10F4000007E0124B01221A7003E0164B002283F82A
:10F410006022164B114A02F2CD5420686168A2683E
:10F4200007C3A289A17B1A800A469A7013220F494A
:10F430000F4813F01FFC03461A46064B1A7098BD7E
:10F4400038C202083006002000380240B4220020F2
:10F4500000000020A8220020C0220020901E01648D
:10F46000F4220020282500205C2500209027002081
:10F47000C427002080B584B000AF78604B4B0022D9
:10F480001A764A4B00221A74484B00225A61484BA4
:10F4900000221A76464B00221A74454B00225A610C
:10F4A000444B1B6818460EF0CBF9F86026E0414B40
:10F4B0001B684FF0FF32404918460DF0DFFF03464E
:10F4C000012B1BD13C4B1B7819463948F4F760FDE2
:10F4D000FB68013BFB60364B1B7E002B0ED000F01F
:10F4E0007CF8CE2235493248F4F742FE344B186896
:10F4F00000234FF0FF3231490DF060FDFB68002B17
:10F50000D5D1304B1B6818460EF09AF9F86025E00B
:10F510002C4B1B684FF0FF32274918460DF0AEFF09
:10F520000346012B1AD1244B1B7819461F48F4F7C8
:10F530002FFDFB68013BFB601C4B1B7E002B0DD09D
:10F5400000F044F81D491948F4F799FE1C4B18685F
:10F5500000234FF0FF3219490DF030FDFB68002BFE
:10F56000D6D1194B1B6818460EF06AF9F86012E004
:10F57000154B1B684FF0FF320F4918460DF07EFF08
:10F580000346012B04D10C4B1B781846F8F752FEAA
:10F59000FB68013BFB60FB68002BE9D14FF0FF32B9
:10F5A000012100200FF082FE7AE700BF2C16002018
:10F5B00048160020341C0020FE2900201C160020C4
:10F5C000401C0020381C00203C1C002080B400AFF0
:10F5D00000BFBD465DF8047B704780B400AF00BF3C
:10F5E000BD465DF8047B704780B582B000AF78609F
:10F5F0007B680433184601F0E8FF7B68283318461F
:10F6000001F0E3FF7B686A4A5A607B68694A9A6046
:10F610007B68694ADA607B68664A1A617B68674A78
:10F620005A617B68664A9A617B68634ADA617B68E3
:10F63000634A1A627B68634A5A627B681A1D7B6858
:10F6400028331946104602F036FC7B68022283F804
:10F650004C207B689033184601F07FFE7B68CC33EA
:10F66000184601F07AFE7B68D833184601F075FE23
:10F670007B689C33184602F07EFC7B68BC331846DE
:10F6800002F079FC7B68AC33184602F074FC7B68AE
:10F69000E433184601F0C2FF7B6803F5BA731846DD
:10F6A00001F0BCFF7B6803F50173184601F0B6FF5B
:10F6B0007B6803F1E4027B68E43319469FED420A5C
:10F6C000104602F046F87B6803F5BA727B6803F5D2
:10F6D000BA7319469FED3C0A104602F03AF87B686F
:10F6E00003F501727B6803F5017319469FED360A35
:10F6F000104602F02EF87B6803F58473184601F07B
:10F7000064FF7B6803F59673184601F05EFF7B6823
:10F7100003F5CC73184601F058FF7B6803F5A87316
:10F72000184601F052FF7B6803F5DE73184601F0BE
:10F730004CFF7B6803F5F073184601F046FF7B68C9
:10F740005033184601F009FE7B687033184601F00B
:10F7500004FE7B685C33184601F0FFFD7B687C3358
:10F76000184601F0FAFD7B684FF07C529A667B6880
:10F770004FF07C52C3F888207B68144ADA667B68B5
:10F78000134AC3F88C207B68124AC3F828227B688E
:10F79000104AC3F82C227B680F4AC3F830227B68DA
:10F7A00007221A60002318460837BD4680BD00BFF7
:10F7B000E7A90E3DAACA30362B732939554D103DA5
:10F7C0004DC21B38E52B013CCDCCCC3DACC5A7369A
:10F7D000ACC5273717B7D1386F12833A80B586B0DA
:10F7E00000AF78613961FA60BB6087ED010A7B691F
:10F7F00050333969184601F099FD7B695C33F9682B
:10F80000184601F093FD7B697033B968184601F022
:10F810008DFD7B697C33396A184601F087FD7B6971
:10F820005033184601F08FFE7B695C33184601F0B7
:10F830008AFE7B697033184601F085FE7B697C3354
:10F84000184601F080FE7B699033796A184601F012
:10F850006DFD7B6903F190021D4BD3ED007A7B694E
:10F8600090331946B0EE670A104601F0B9FD7B6986
:10F870001B6803F00103002B07D0786901F00BFA35
:10F880000346002B01D001231EE07B691B6803F0B7
:10F890000203002B07D0786901F0D0FA0346002B51
:10F8A00001D0022310E07B691B6803F00403002BE6
:10F8B00009D097ED010A786900F036F90346002B6C
:10F8C00001D0042300E0002318461837BD4680BD50
:10F8D000A002002080B584B000AFF860B9607A6003
:10F8E0003B60F868FFF780FEFB685033B968184644
:10F8F00001F01CFDFB685C337968184601F016FDC9
:10F90000FB6870333968184601F010FDFB687C33E2
:10F91000B969184601F00AFDFB685033184601F03A
:10F9200012FEFB685C33184601F00DFEFB68703375
:10F93000184601F008FEFB687C33184601F003FE10
:10F94000FB689033F969184601F0F0FCFB6803F19D
:10F950009002194BD3ED007AFB6890331946B0EE54
:10F96000670A104601F03CFDFB6803F19002FB685A
:10F97000CC331946104601F011FEF86801F08BF9FE
:10F980000346002B01D0012312E0FB6803F1BC0207
:10F99000FB689C331946104602F039FFFB6803F1FF
:10F9A000BC02FB68AC331946104602F030FF00235E
:10F9B00018461037BD4680BDA002002080B582B039
:10F9C00000AF78603960574B1B68002B00F0A480B3
:10F9D000544B1B684FF0FF3118460DF031FE3B6869
:10F9E0001B781A467B681A603B6804331B781A063A
:10F9F0003B6803331B781B041A433B6802331B78B4
:10FA00001B021A433B6801331B7819467B6803F5D8
:10FA10000A730A431A603B6808331B781A063B686E
:10FA200007331B781B041A433B6806331B781B0201
:10FA30001A433B6805331B7819467B6803F50B7343
:10FA40000A431A603B680C331B781A063B680B3379
:10FA50001B781B041A433B680A331B781B021A43AA
:10FA60003B6809331B7819467B6803F50C730A431E
:10FA70001A603B6810331B781A063B680F331B78FB
:10FA80001B041A433B680E331B781B021A433B6866
:10FA90000D331B7819467B686C330A431A603B6848
:10FAA00014331B781A063B6813331B781B041A4364
:10FAB0003B6812331B781B021A433B6811331B78D7
:10FAC00019467B688C330A431A603B6818331B78ED
:10FAD0001A063B6817331B781B041A433B6816331E
:10FAE0001B781B021A433B6815331B7819467B6849
:10FAF00068330A431A607B68D3ED1A7AB7EE007A4E
:10FB000077EE677A7B68C3ED227A064B186800238C
:10FB1000002200210DF052FA002318460837BD4696
:10FB200080BD00BF0C220020B0B5ADF56A7D02AFEC
:10FB300007F56873A3F56773186007F56873A3F595
:10FB4000687383ED000A07F56873A3F567731A6895
:10FB500007F55A73CC3207CA83E8070007F56873C4
:10FB6000A3F567731A6807F55773D83207CA83E895
:10FB7000070007F56873A3F567731B68181D07F581
:10FB80006873A3F567731B68CC3307F56372194676
:10FB900001F054FE07F56873A3F567731B68CC3357
:10FBA00007F5607207F56371184601F06CFCD7ED3C
:10FBB000E07AF1EE677AC7EDE07AD7EDE17AF1EE1F
:10FBC000677AC7EDE17AD7EDE27AF1EE677AC7EDB1
:10FBD000E27A07F56873A3F567731B68283307F5A6
:10FBE0005D7207F56071184601F028FE97EDDA7A2C
:10FBF000D7EDDD6A07F56873A3F56873D3ED007A76
:10FC000066EEA77A77EE277AC7EDDA7A97EDDB7A98
:10FC1000D7EDDE6A07F56873A3F56873D3ED007A54
:10FC200066EEA77A77EE277AC7EDDB7A97EDDC7A76
:10FC3000D7EDDF6A07F56873A3F56873D3ED007A33
:10FC400066EEA77A77EE277AC7EDDC7A07F5687358
:10FC5000A3F567731B6803F19C0007F56873A3F5B0
:10FC600067731B68CC3307F55372194602F0ABFA81
:10FC700007F56873A3F567731B6893ED277AD7EDD3
:10FC8000D36A07F56873A3F56873D3ED007A66EE5F
:10FC9000A77A77EE677AC7EDCF7A07F56873A3F591
:10FCA00067731B6893ED287AD7EDD46A07F56873FC
:10FCB000A3F56873D3ED007A66EEA77A77EE677ADC
:10FCC000C7EDD07A07F56873A3F567731B6893EDEA
:10FCD000297AD7EDD56A07F56873A3F56873D3ED74
:10FCE000007A66EEA77A77EE677AC7EDD17A07F5E4
:10FCF0006873A3F567731B6893ED2A7AD7EDD66A0C
:10FD000007F56873A3F56873D3ED007A66EEA77AFA
:10FD100077EE677AC7EDD27A07F54F73184602F08F
:10FD200044F907F54673184601F078FC07F53D7273
:10FD300007F563731146184602F082F807F56873F9
:10FD4000A3F567731B68CC3307F534721146184668
:10FD500002F076F807F56873A3F567731B68191D41
:10FD600007F5EA7207F53473184601F0D0FD07F580
:10FD7000EA7207F5EA7107F53D73184601F0A7FC32
:10FD800007F56873A3F567731B68283307F52B72B3
:10FD900007F5EA71184601F0BAFD07F52B7107F572
:10FDA0006873A3F5687307F52B7293ED000A10468C
:10FDB00001F0CFFC07F52B7207F52B7107F54673A1
:10FDC000184601F042FC07F5227107F56873A3F5A8
:10FDD000687307F5347293ED000A104601F0B9FC20
:10FDE00007F5227207F5227107F54673184601F0F0
:10FDF0006EFC07F56873A3F567731B6803F12802AF
:10FE000007F5197107F56873A3F5687393ED000A98
:10FE1000104601F09EFC07F5EA7207F522731146C1
:10FE2000184601F0D0FC07F56873A3F567731B68EB
:10FE300003F1E40107F5107207F52B73184601F082
:10FE400066FD07F56873A3F567731B6803F5847394
:10FE500007F5077207F5EA71184601F058FD07F536
:10FE60006873A3F567731B6803F5BA7107F5FC7235
:10FE700007F52273184601F04AFD07F5EA7207F507
:10FE80002B731146184601F09EFC07F5C67207F564
:10FE9000EA7107F51073184601F039FD07F5EA72AB
:10FEA00007F519731146184601F08DFC07F5D87255
:10FEB00007F5EA7107F51973184601F028FD07F5F3
:10FEC0006873A3F567731B68D3ED8A7A07F5D87258
:10FED00007F5D8731146B0EE670A184601F039FCF1
:10FEE00007F5C67207F5D87107F5C673184601F015
:10FEF000ACFB07F5B47107F56873A3F5687307F5F4
:10FF0000107293ED000A104601F023FC07F5EA7227
:10FF100007F5077107F52B73184601F0F8FC07F594
:10FF2000B47207F5EA7107F5B473184601F08DFB5A
:10FF300007F56873A3F567731B6803F5967107F5FA
:10FF4000A27207F52B73184601F0E1FC07F5687300
:10FF5000A3F567731B6803F1E40207F56873A3F563
:10FF60006873D3ED007A67EEA77A07F590731946A8
:10FF7000B0EE670A104601F0ECFB07F56873A3F5D5
:10FF800067731B6803F5A87207F5EA7107F56873D4
:10FF9000A3F5687393ED000A104601F0DAFB07F54C
:10FFA000907207F5EA7107F59073184601F04DFB62
:10FFB00007F5EA7107F56873A3F5687307F507722B
:10FFC00093ED000A104601F0C4FB07F5907207F5A7
:10FFD000EA7107F59073184601F037FB07F5EA72EE
:10FFE00007F522731146184601F0EDFB07F5D872AC
:10FFF00007F5EA7107F5FC73184601F088FC07F570
:020000040801F1
:10000000907207F5D87107F59073184601F01DFB43
:1000100007F56873A3F567731B6803F5967207F11C
:10002000FC0107F56873A3F5687393ED000A1046A9
:1000300001F08FFB07F56873A3F567731B6803F581
:10004000CC7107F5EA7207F52273184601F05FFCE0
:1000500007F1FC0207F5EA7107F1FC03184601F00D
:10006000F4FA07F56873A3F5327207F56873A3F520
:1000700067731B68154603F501740FCC0FC50FCCD1
:100080000FC523682B6007F56873A3F56873D3ED7C
:10009000007A27EEA77A07F56873A3F567731B68E4
:1000A000D3ED8B7A67EE277A07F56873A3F5E673CD
:1000B000C3ED007A07F56873A3F5E6734FF000020D
:1000C0005A6007F56873A3F5E6734FF000029A6073
:1000D00007F56873A3F5E6734FF00002DA6007F5E1
:1000E0006873A3F56873D3ED007A27EEA77A07F556
:1000F0006873A3F567731B68D3ED8B7A67EE277A75
:1001000007F56873A3F5E673C3ED047A07F5687322
:10011000A3F5E6734FF000025A6107F56873A3F583
:10012000E6734FF000029A6107F56873A3F5E67372
:100130004FF00002DA6107F56873A3F56873D3ED39
:10014000007A27EEA77A07F56873A3F567731B6833
:10015000D3ED8B7A67EE277A07F56873A3F5E6731C
:10016000C3ED087A07F1D80207F5EA7107F1D80361
:10017000184601F06AFA07F56873A3F567731B6800
:1001800007F56872A2F5057203F1E40415460FCD78
:100190000FC40FCD0FC42B68236007F56873A3F558
:1001A00067731B6807F56872A2F50E7203F5847415
:1001B00015460FCD0FC40FCD0FC42B68236007F574
:1001C0006873A3F567731B6807F56872A2F5177269
:1001D00003F5967415460FCD0FC40FCD0FC42B68D1
:1001E000236007F56873A3F567731B6807F56872EA
:1001F000A2F5207203F5BA7415460FCD0FC40FCDCA
:100200000FC42B68236007F56873A3F567731B6839
:1002100007F56872A2F5297203F5CC7415460FCD67
:100220000FC40FCD0FC42B68236007F56873A3F5C7
:1002300067731B6807F56872A2F5327203F50174E3
:1002400015460FCD0FC40FCD0FC42B68236007F5E3
:100250006873A3F567731B6803F5847207F5687309
:10026000A3F567731B6803F5A8731946104601F0E0
:10027000AAFA07F56873A3F567731B6803F596720E
:1002800007F56873A3F567731B6803F5DE731946FA
:10029000104601F098FA07F56873A3F567731B68B9
:1002A00003F5CC7207F56873A3F567731B6803F554
:1002B000F0731946104601F086FA07F56873A3F546
:1002C00067731B6803F19C0407F54F730FCB84E839
:1002D0000F0007F56873A3F567731B68CC3307F548
:1002E0005A7207CA83E8070007F56873A3F56773B6
:1002F0001B68D83307F5577207CA83E8070007F56C
:100300006873A3F567731B6893ED247A07F5687328
:10031000A3F567731B68D3ED337A37EE677A07F579
:100320006873A3F567731B68D3ED367A77EE677A47
:1003300007F56873A3F53573C3ED007A07F56873A5
:10034000A3F567731B6893ED257A07F56873A3F52A
:1003500067731B68D3ED347A37EE677A07F56873F5
:10036000A3F567731B68D3ED377A77EE677A07F5E5
:100370006873A3F53573C3ED017A07F56873A3F5C8
:1003800067731B6893ED267A07F56873A3F56773A7
:100390001B68D3ED357A37EE677A07F56873A3F5F6
:1003A00067731B68D3ED387A77EE677A07F5687361
:1003B000A3F53573C3ED027A07F1A803184601F0DF
:1003C0002DF907F18403184601F0FFF807F16003E7
:1003D000184601F023F907F13C03184601F0F5F83F
:1003E00007F56873A3F567731B68D3F8302207F528
:1003F0006873A3F559731A6007F56873A3F56773FB
:100400001B68D3F8302207F56873A3F559731A6196
:1004100007F56873A3F567731B68D3F8302207F5F7
:100420006873A3F559731A6207F1840407F1A802EF
:1004300007F1CC0107F56873A3F5677007F13C037A
:10044000019307F1600300932346006800F0C1F8B0
:100450000346002B01D00423B6E007F1A803184699
:1004600001F0B3F807F16003184601F0AEF800237D
:10047000C7F89C339AE007F56873A3F56772D7F85D
:100480009C335B014833126813440833C7F8983330
:1004900007F56873A3F567731B689C3307F11802AF
:1004A0001146184601F029FFD7F8981307F10C02FE
:1004B00007F11803184601F0C1F9D7F8983393ED06
:1004C000037A07F56873A3F56573D3ED007A77EEC9
:1004D000677A07F56873A3F53573C3ED007AD7F82B
:1004E000983393ED047A07F56873A3F56573D3ED3C
:1004F000017A77EE677A07F56873A3F53573C3ED74
:10050000017AD7F8983393ED057A07F56873A3F568
:100510006573D3ED027A77EE677A07F56873A3F512
:100520003573C3ED027A07F1840207F10C0311461B
:10053000184601F085FC07F13C03184601F045F828
:10054000D7F89833DA6907F56873A3F559731A6019
:10055000D7F89833DA6907F56873A3F559731A6108
:10056000D7F89833DA6907F56873A3F559731A62F7
:1005700007F1840407F1A80207F1CC0107F56873BD
:10058000A3F5677007F13C03019307F16003009343
:100590002346006800F01DF80346002B01D0042319
:1005A00012E0D7F89C330133C7F89C3307F5687322
:1005B000A3F567731B6893F84C301A46D7F89C3341
:1005C0009342FFF458AF0023184607F56877BD46FD
:1005D000B0BD90B5ADF5197D00AF07F51874A4F561
:1005E0001574206007F51870A0F51670016007F506
:1005F0001871A1F517710A6007F51872A2F5187243
:10060000136007F50F7207F51873A3F517731146FA
:10061000186801F0D8F807F5067207F51873A3F506
:1006200018731146186801F0CEF807F5FA731946E9
:10063000D7F8700201F0C7F807F51873A3F5157322
:100640001B6803F1E40107F1440207F51873A3F5F1
:100650001773186801F05BF907F51873A3F51573A4
:100660001B6803F5A87107F5E87207F51873A3F581
:100670001873186801F04BF907F5E87207F5E8718F
:1006800007F14403184600F0E0FF07F51873A3F5DF
:1006900015731B6803F5DE7307F144021946D7F89A
:1006A000700201F034F907F5E87207F1440107F52B
:1006B000E873184600F0C9FF07F51873A3F5157322
:1006C0001B6803F5847107F1440207F51873A3F55D
:1006D0001773186801F01BF907F51873A3F5157364
:1006E0001B6803F5BA7107F5D67207F51873A3F501
:1006F0001873186801F00BF907F5D67207F5D67173
:1007000007F14403184600F0A0FF07F51873A3F59E
:1007100015731B6803F5F07307F144021946D7F807
:10072000700201F0F4F807F5D67207F1440107F5FD
:10073000D673184600F089FF07F51873A3F51573F3
:100740001B6803F5967107F1440207F51873A3F5CA
:100750001773186801F0DBF807F51873A3F5157324
:100760001B6803F5CC7107F5C47207F51873A3F580
:100770001873186801F0CBF807F5C47207F5C47157
:1007800007F14403184600F060FF07F51873A3F55E
:1007900015731B6803F5017307F144021946D7F876
:1007A000700201F0B4F807F5C47207F1440107F5CF
:1007B000C473184600F049FF07F1F80207F50F71FE
:1007C00007F5E873184601F0A2F807F1440207F5AF
:1007D000067107F5D673184601F099F807F1F8028B
:1007E00007F1440107F1F803184600F02EFF07F166
:1007F000440207F5FA7107F5C473184601F087F84B
:1008000007F1F80207F1440107F1F803184600F078
:100810001CFF07F1F80207F1F803D7F87412184625
:1008200000F013FF07F1D40207F1F8031146184650
:1008300001F041FB0346002B01D0042326E207F51B
:10084000B27207F5E8731146184600F0BCFF07F5D1
:10085000A07207F5D6731146184600F0B4FF07F5ED
:100860008E7207F5C4731146184600F0ACFF07F10D
:10087000B00207F1D40107F5B273184601F047F84A
:1008800007F18C0207F1D40107F5A073184601F0B7
:100890003EF807F1680207F1D40107F58E73184698
:1008A00001F035F807F1380207F51873A3F5167350
:1008B00007F1B000196800F0C1FF07F12C0207F53D
:1008C0001873A3F5167307F18C00196800F0B6FFD2
:1008D00007F1200207F51873A3F5167307F16800F6
:1008E000196800F0ABFF07F51873A3F515731B68C3
:1008F00093ED337A07F51873A3F50A73D3ED007AF5
:1009000077EE277A07F51873A3F515731B68C3ED07
:10091000337A07F51873A3F515731B6893ED347AD2
:1009200007F51873A3F50A73D3ED017A77EE277AEA
:1009300007F51873A3F515731B68C3ED347A07F533
:100940001873A3F515731B6893ED357A07F51873C3
:10095000A3F50A73D3ED027A77EE277A07F51873B9
:10096000A3F515731B68C3ED357A07F51873A3F566
:1009700015731B6893ED367A07F51873A3F510739A
:10098000D3ED007A77EE277A07F51873A3F5157380
:100990001B68C3ED367A07F51873A3F515731B684A
:1009A00093ED377A07F51873A3F51073D3ED017A39
:1009B00077EE277A07F51873A3F515731B68C3ED57
:1009C000377A07F51873A3F515731B6893ED387A1A
:1009D00007F51873A3F51073D3ED027A77EE277A33
:1009E00007F51873A3F515731B68C3ED387A07F57F
:1009F0001873A3F514734FF07E521A6007F518733D
:100A0000A3F50D73D3ED007ABEEE007A67EE877A18
:100A100007F51873A3F51473C3ED017A07F518737E
:100A2000A3F50D73D3ED017ABEEE007A67EE877AF7
:100A300007F51873A3F51473C3ED027A07F518735D
:100A4000A3F50D73D3ED027ABEEE007A67EE877AD6
:100A500007F51873A3F51473C3ED037A07F518733C
:100A6000A3F515731B6803F19C0107F51873A3F533
:100A700015731B6803F19C0207F11003184601F07F
:100A8000F0FA07F51873A3F515731B689C33184625
:100A900001F08BFA07F1440207F5E87107F1B003A2
:100AA000184600F034FF07F51873A3F515731B689B
:100AB00003F1E40007F51873A3F515731B6803F140
:100AC000E40207F14403194600F001FE07F1440275
:100AD00007F5D67107F1B003184600F018FF07F5C7
:100AE0001873A3F515731B6803F5847007F5187365
:100AF000A3F515731B6803F5847207F144031946C7
:100B000000F0E5FD07F1440207F5C47107F1B003F9
:100B1000184600F0FCFE07F51873A3F515731B6863
:100B200003F5967007F51873A3F515731B6803F5A5
:100B3000967207F14403194600F0C9FD07F144021B
:100B400007F5D67107F18C03184600F0E0FE07F5B3
:100B50001873A3F515731B6803F5BA7007F51873BE
:100B6000A3F515731B6803F5BA7207F14403194620
:100B700000F0ADFD07F1440207F5C47107F18C03E5
:100B8000184600F0C4FE07F51873A3F515731B682B
:100B900003F5CC7007F51873A3F515731B6803F5FF
:100BA000CC7207F14403194600F091FD07F14402AD
:100BB00007F5C47107F16803184600F0A8FE07F5B1
:100BC0001873A3F515731B6803F5017007F5187307
:100BD000A3F515731B6803F5017207F14403194669
:100BE00000F075FD07F51873A3F515731B6803F581
:100BF000847207F51873A3F515731B6803F5A873C2
:100C00001946104600F0DFFD07F51873A3F51573BC
:100C10001B6803F5967207F51873A3F515731B6827
:100C200003F5DE731946104600F0CDFD07F5187385
:100C3000A3F515731B6803F5CC7207F51873A3F5BC
:100C400015731B6803F5F0731946104600F0BBFDE1
:100C500007F51873A3F515731B68E433184601F004
:100C6000A9F807F51873A3F515731B6803F5BA7394
:100C7000184601F09FF807F51873A3F515731B6864
:100C800003F50173184601F095F80023184607F59F
:100C90001977BD4690BD80B5BCB000AF78607A686A
:100CA00007F1E403503207CA83E807007A6807F1C6
:100CB000C0035C3207CA83E8070007F1E403184663
:100CC00000F041FC07F1C003184600F03CFC7B68D3
:100CD00003F150007B68703307F1D802194600F029
:100CE000D2FB7B6803F15C007B687C3307F1B402C4
:100CF000194600F0C8FB07F1D803184600F023FCA2
:100D000007F1B403184600F01EFC07F1CC0207F10E
:100D1000D80107F1E403184600F0B5FB07F1A8027B
:100D200007F1B40107F1C003184600F0ACFB07F16E
:100D3000CC03184600F007FC07F1A803184600F0A2
:100D400002FCD7F8E430C7F88430D7F8E830C7F8A9
:100D50009030D7F8EC30C7F89C30D7F8D830C7F8C7
:100D60008830D7F8DC30C7F89430D7F8E030C7F8CF
:100D7000A030D7F8CC30C7F88C30D7F8D030C7F8CF
:100D80009830D7F8D430C7F8A430D7F8C0303B66D5
:100D9000D7F8C430FB66D7F8C830BB67D7F8B43093
:100DA0007B66D7F8B8303B67D7F8BC30FB67D7F81D
:100DB000A830BB66D7F8AC307B67D7F8B030C7F83F
:100DC000803007F13C0207F184031146184600F019
:100DD000FAFC07F1180207F13C0107F1600318461D
:100DE00000F095FD07F1080207F1180311461846B7
:100DF00001F011FC7B6803F1BC0207F10803114606
:100E0000184601F07EFB7B68BC33D7ED027A97ED84
:100E1000037AD7ED046A97ED056AF0EE461AB0EE54
:100E2000661AF0EE470AB0EE670A184601F085F838
:100E300000231846F037BD4680BD000080B52DED7B
:100E4000028BDEB000AF07F5BC73A3F5BA73186070
:100E500007F58473184600F0B8FB07F148031846FD
:100E600000F07BFA0023C7F870317CE007F5BC7313
:100E7000A3F5BA72D7F870315B0148331268134496
:100E800003F1080007F5BC73A3F5BA72D7F8703107
:100E90005B015033126813440C3307F154021946B6
:100EA00000F0E0FE07F5BC73A3F5BA731A68D7F833
:100EB000703103335B0113440833D3ED007A07F13B
:100EC000540207F154031146B0EE670A184600F0C9
:100ED00040FC07F5847207F1540107F58473184646
:100EE00000F0B3FB07F5BC73A3F5BA72D7F8703105
:100EF0005B0148331268134403F1080007F5BC7323
:100F0000A3F5BA72D7F870315B01503312681344FD
:100F10000C3307F13C02194600F0B5FA07F5BC7333
:100F2000A3F5BA731A68D7F8703103335B01134421
:100F30000833D3ED007A07F13C0207F13C03114678
:100F4000B0EE670A184600F04BFA07F1480207F1C5
:100F50003C0107F14803184600F015FAD7F8703144
:100F60000133C7F8703107F5BC73A3F5BA731B687A
:100F700093F84C301A46D7F870319342FFF476AFAD
:100F800007F58473184600F031FD87ED5A0A07F122
:100F9000C00207F584731146184600F014FC07F1EF
:100FA000E40207F1C00107F58473184600F04DFB19
:100FB00007F1E403184600F031FD87ED590A07F107
:100FC000780207F1E4031146184600F07BFD07F1B3
:100FD0007803184600F00AFD87ED580AD7ED5A7AD3
:100FE00027EEA77AD7ED587A77EE677AC7ED577A6A
:100FF000D7ED5A7A27EEA78A07F1480207F148038E
:101000001146184600F017FAF0EE407A78EE277A8B
:10101000C7ED567A07F1300207F1480107F1E40302
:10102000184600F00BFC07F1300207F148031146A7
:10103000184600F000FAB0EE407AD7ED597A77EE14
:10104000877AC7ED557A07F1240207F1300107F1DD
:10105000E403184600F0F2FB07F1240207F148030D
:101060001146184600F0E7F987ED540A97ED577AD4
:10107000D7ED567A77EE277AF1EE677AC7ED537A95
:10108000D7ED557AF1EE677AC7ED527A97ED577A38
:10109000D7ED567A27EE277AD7ED556AD7ED5A7AEB
:1010A00066EEA77A37EE277AD7ED547A77EE677A2D
:1010B000C7ED517A4FF07E53C7F874310023C7F85B
:1010C0006C3172E0D7ED5D7A67EEA77AC7ED507AA2
:1010D00097ED507AD7ED5D7A67EE277AC7ED4F7AB4
:1010E000D7ED507A67EEA77AC7ED4E7A97ED537A2F
:1010F000D7ED507A27EE277AD7ED4E7A37EE277A5A
:10110000D7ED526AD7ED5D7A66EEA77A77EE277A49
:1011100097ED517A77EE277AC7ED4D7AD7ED4F7A72
:10112000B1EE007A27EE877AD7ED537A77EEA76A89
:10113000D7ED5D7A66EEA77A77EE277A97ED527A49
:1011400077EE277AC7ED4C7AD7ED4D6A97ED4C7A5A
:10115000C6EE877A97ED5D7A77EE677AC7ED4B7AC0
:1011600097ED4B7AD7ED5D7A77EE677AF0EEE77A16
:101170009FED6D7AF4EEC77AF1EE10FA04D5D7F848
:101180002C31C7F8743115E0D7F82C31C7F8743119
:10119000D7F86C3140F2F312934201D10223BBE045
:1011A000D7F86C310133C7F86C31D7F86C31B3F52F
:1011B000FA7F87DB97ED5D7AD7ED5A7A37EE277A9B
:1011C000D7ED397A77EE677AC7ED277AD7ED3A7A95
:1011D000F1EE677AC7ED287AD7ED3B7AF1EE677AC0
:1011E000C7ED297AD7ED3C7AF1EE677AC7ED2A7A16
:1011F00097ED5D7AD7ED5A7A37EE277AD7ED3D7ABB
:1012000077EE677AC7ED2B7AD7ED3E7AF1EE677A03
:10121000C7ED2C7AD7ED3F7AF1EE677AC7ED2D7ADC
:10122000D7ED407AF1EE677AC7ED2E7A97ED5D7AC9
:10123000D7ED5A7A37EE277AD7ED417A77EE677A8B
:10124000C7ED2F7A07F1180207F1480107F19C0357
:10125000184600F076FD0346002B01D0FF235BE02B
:1012600007F5BC73A3F5B073D3ED007A07F5BC7333
:10127000A3F5B07393ED017A07F5BC73A3F5B073D2
:10128000D3ED026A07F10803F0EE661AB0EE471AD2
:10129000F0EE670AB7EE000A184600F04EFE07F1BE
:1012A0000803184600F081FE07F5BC73A3F5BA7376
:1012B0001B6803F1AC0207F108031146184601F060
:1012C00020F907F5BC73A3F5BA731B6803F1AC02F0
:1012D00007F5BC73A3F5B873D3ED007A07F5BC73BB
:1012E000A3F5B87393ED017A07F5BC73A3F5B87352
:1012F000D3ED026A07F5BC73A3F5B87393ED036AE7
:10130000F0EE461AB0EE661AF0EE470AB0EE670A43
:10131000104600F012FE0023184607F5BC77BD46C4
:10132000BDEC028B80BD00BF77CC2B3280B483B084
:1013300000AF786039603B681A687B681A603B6868
:101340005A687B685A603B689A687B689A6000BFFD
:101350000C37BD465DF8047B704780B483B000AFA6
:1013600078607B684FF000021A607B684FF00002E3
:101370005A607B684FF000029A6000BF0C37BD4690
:101380005DF8047B704780B485B000AFF860B96049
:101390007A60FB6893ED007ABB68D3ED007A77EE54
:1013A000277A7B68C3ED007AFB6893ED017ABB680E
:1013B000D3ED017A77EE277A7B68C3ED017AFB687B
:1013C00093ED027ABB68D3ED027A77EE277A7B68D9
:1013D000C3ED027A00BF1437BD465DF8047B704749
:1013E00080B485B000AFF86087ED020A7960FB68D1
:1013F00093ED007AD7ED027A67EE277A7B68C3ED2A
:10140000007AFB6893ED017AD7ED027A67EE277ACE
:101410007B68C3ED017AFB6893ED027AD7ED027A1F
:1014200067EE277A7B68C3ED027A00BF1437BD46AA
:101430005DF8047B704780B483B000AF786039609A
:101440007B6893ED007A3B68D3ED007A27EE277A2C
:101450007B68D3ED016A3B68D3ED017A66EEA77A2B
:1014600037EE277A7B68D3ED026A3B68D3ED027AC8
:1014700066EEA77A77EE277AB0EE670A0C37BD469C
:101480005DF8047B704780B485B000AFF860B96048
:101490007A60FB6893ED017ABB68D3ED027A27EEA0
:1014A000277AFB68D3ED026ABB68D3ED017A66EE5A
:1014B000A77A77EE677A7B68C3ED007AFB6893EDD5
:1014C000027ABB68D3ED007A27EE277AFB68D3ED6A
:1014D000006ABB68D3ED027A66EEA77A77EE677A88
:1014E0007B68C3ED017AFB6893ED007ABB68D3EDAE
:1014F000017A27EE277AFB68D3ED016ABB68D3ED4A
:10150000007A66EEA77A77EE677A7B68C3ED027A97
:1015100000BF1437BD465DF8047B704780B582B0CC
:1015200000AF786079687868FFF785FFF0EE407A61
:10153000B0EE670A13F036FBF0EE407AB0EE670AC1
:101540000837BD4680BD80B584B000AF786078684C
:10155000FFF7E4FF87ED030A7B68D3ED006A97EDA0
:10156000037AC6EE877A7B68C3ED007A7B68D3ED99
:10157000016A97ED037AC6EE877A7B68C3ED017A3C
:101580007B68D3ED026A97ED037AC6EE877A7B68B3
:10159000C3ED027A00BF1037BD4680BD80B483B072
:1015A00000AF786039607B681A683B681A607B68B6
:1015B0005A683B685A607B689A683B689A6000BFCB
:1015C0000C37BD465DF8047B704780B485B000AF32
:1015D00078600023FB6017E00023BB600EE07968B1
:1015E000FA6813465B001344BA6813449B000B442B
:1015F0004FF000021A60BB680133BB60BB68022B6E
:10160000EDDDFB680133FB60FB68022BE4DD00BF0E
:1016100000BF1437BD465DF8047B704780B582B0CB
:1016200000AF78607868FFF7D0FF7B684FF07E529C
:101630001A607B684FF07E521A617B684FF07E52D1
:101640001A6200BF0837BD4680BD80B487B000AFC6
:10165000F860B9607A6000237B612EE000233B6173
:1016600025E0F9687A6913465B0013443A6913442C
:101670009B000B4493ED007AB9687A6913465B00CE
:1016800013443A6913449B000B44D3ED007A77EE80
:10169000277A79687A6913465B0013443A691344E0
:1016A0009B000B44C3ED007A3B6901333B613B690E
:1016B000022BD6DD7B6901337B617B69022BCDDD9B
:1016C00000BF00BF1C37BD465DF8047B704780B487
:1016D00087B000AFF860B9607A6000237B612EE0CC
:1016E00000233B6125E0F9687A6913465B001344E7
:1016F0003A6913449B000B4493ED007AB9687A6908
:1017000013465B0013443A6913449B000B44D3ED2A
:10171000007A77EE677A79687A6913465B0013443A
:101720003A6913449B000B44C3ED007A3B690133D3
:101730003B613B69022BD6DD7B6901337B617B69B1
:10174000022BCDDD00BF00BF1C37BD465DF8047B1A
:10175000704780B487B000AFF86087ED020A796007
:1017600000237B6125E000233B611CE0F9687A6976
:1017700013465B0013443A6913449B000B4493EDFA
:10178000007AD7ED027A67EE277A79687A6913468C
:101790005B0013443A6913449B000B44C3ED007A89
:1017A0003B6901333B613B69022BDFDD7B69013320
:1017B0007B617B69022BD6DD00BF00BF1C37BD46B5
:1017C0005DF8047B7047B0B48FB000AF78603960CB
:1017D00000237B6320E000233B6317E079683A6BCA
:1017E00013465B0013447A6B13449B000B44196847
:1017F0007A6B13465B0013443A6B13449B003833F7
:101800003B442C3B19603B6B01333B633B6B022B2E
:10181000E4DD7B6B01337B637B6B022BDBDD3B68A1
:101820001D4607F10C040FCC0FC50FCC0FC5236864
:101830002B6000BF3C37BD46B0BC704780B485B05C
:1018400000AFF860B9607A60FB6893ED007ABB681E
:10185000D3ED007A27EE277AFB68D3ED016ABB68E7
:10186000D3ED017A66EEA77A37EE277AFB68D3EDDF
:10187000026ABB68D3ED027A66EEA77A77EE277A22
:101880007B68C3ED007AFB6893ED037ABB68D3ED08
:10189000007A27EE277AFB68D3ED046ABB68D3EDA4
:1018A000017A66EEA77A37EE277AFB68D3ED056AF0
:1018B000BB68D3ED027A66EEA77A77EE277A7B686B
:1018C000C3ED017AFB6893ED067ABB68D3ED007A2D
:1018D00027EE277AFB68D3ED076ABB68D3ED017A60
:1018E00066EEA77A37EE277AFB68D3ED086ABB6805
:1018F000D3ED027A66EEA77A77EE277A7B68C3ED9E
:10190000027A00BF1437BD465DF8047B7047B0B45F
:1019100091B000AFF860B9607A600023FB6353E0D8
:101920000023BB634AE0FA6B13465B001344BA6BB7
:1019300013449B0040333B44303B4FF000021A609D
:1019400000237B6334E0FA6B13465B001344BA6BED
:1019500013449B0040333B44303B93ED007AF968DD
:10196000FA6B13465B0013447A6B13449B000B44E1
:10197000D3ED006AB9687A6B13465B001344BA6B07
:1019800013449B000B44D3ED007A66EEA77A77EE02
:10199000277AFA6B13465B001344BA6B13449B001F
:1019A00040333B44303BC3ED007A7B6B01337B63B8
:1019B0007B6B022BC7DDBB6B0133BB63BB6B022BA5
:1019C000B1DDFB6B0133FB63FB6B022BA8DD7B6896
:1019D0001D4607F110040FCC0FC50FCC0FC52368AF
:1019E0002B6000BF4437BD46B0BC704780B483B0A5
:1019F00000AF78607B6893ED007A7B68D3ED047A62
:101A000037EE277A7B68D3ED087A77EE277AB0EE47
:101A1000670A0C37BD465DF8047B704780B483B01D
:101A200000AF78607B6893ED007A7B68D3ED046A41
:101A30007B68D3ED087A66EEA76A7B6893ED056A4A
:101A40007B68D3ED077A66EE277A76EEE77A27EEA3
:101A5000277A7B68D3ED016A7B6893ED036A7B6824
:101A6000D3ED087A26EE276A7B68D3ED055A7B68AA
:101A7000D3ED067A65EEA77A76EE677A66EEA77AF8
:101A800037EE677A7B68D3ED026A7B6893ED036A71
:101A90007B68D3ED077A26EE276A7B68D3ED045A7C
:101AA0007B68D3ED067A65EEA77A76EE677A66EE06
:101AB000A77A77EE277AB0EE670A0C37BD465DF855
:101AC000047B704780B483B000AF786039607B6876
:101AD00093ED047A7B68D3ED087A27EE277A7B684A
:101AE000D3ED056A7B68D3ED077A66EEA77A77EEC9
:101AF000677A3B68C3ED007A7B68D3ED017AB1EE7B
:101B0000677A7B68D3ED087A27EE277A7B68D3ED76
:101B1000026A7B68D3ED077A66EEA77A77EE277ABA
:101B20003B68C3ED017A7B6893ED017A7B68D3ED66
:101B3000057A27EE277A7B68D3ED026A7B68D3EDBE
:101B4000047A66EEA77A77EE677A3B68C3ED027A8D
:101B50007B68D3ED037AB1EE677A7B68D3ED087AC0
:101B600027EE277A7B68D3ED056A7B68D3ED067A8A
:101B700066EEA77A77EE277A3B68C3ED037A7B6837
:101B800093ED007A7B68D3ED087A27EE277A7B689D
:101B9000D3ED026A7B68D3ED067A66EEA77A77EE1C
:101BA000677A3B68C3ED047A7B68D3ED007AB1EEC7
:101BB000677A7B68D3ED057A27EE277A7B68D3EDC9
:101BC000026A7B68D3ED037A66EEA77A77EE277A0E
:101BD0003B68C3ED057A7B6893ED037A7B68D3EDB0
:101BE000077A27EE277A7B68D3ED046A7B68D3ED0A
:101BF000067A66EEA77A77EE677A3B68C3ED067AD7
:101C00007B68D3ED007AB1EE677A7B68D3ED077A13
:101C100027EE277A7B68D3ED016A7B68D3ED067ADD
:101C200066EEA77A77EE277A3B68C3ED077A7B6882
:101C300093ED007A7B68D3ED047A27EE277A7B68F0
:101C4000D3ED016A7B68D3ED037A66EEA77A77EE6F
:101C5000677A3B68C3ED087A00BF0C37BD465DF874
:101C6000047B704780B485B000AFF860B9607A60DB
:101C7000FB6893ED007ABB68D3ED007A67EE277AB4
:101C80007B68C3ED007AFB6893ED007ABB68D3ED07
:101C9000017A67EE277A7B68C3ED017AFB6893EDE2
:101CA000007ABB68D3ED027A67EE277A7B68C3EDD2
:101CB000027AFB6893ED017ABB68D3ED007A67EE98
:101CC000277A7B68C3ED037AFB6893ED017ABB68E2
:101CD000D3ED017A67EE277A7B68C3ED047AFB685F
:101CE00093ED017ABB68D3ED027A67EE277A7B68C1
:101CF000C3ED057AFB6893ED027ABB68D3ED007AF9
:101D000067EE277A7B68C3ED067AFB6893ED027A6B
:101D1000BB68D3ED017A67EE277A7B68C3ED077A5B
:101D2000FB6893ED027ABB68D3ED027A67EE277AFF
:101D30007B68C3ED087A00BF1437BD465DF8047BAD
:101D4000704780B592B000AFF860B9607A60F8680B
:101D5000FFF764FE87ED110A07F120031946F868C2
:101D6000FFF7B0FE07F1140207F12003B968184627
:101D7000FFF764FDD7ED056A97ED117AC6EE877A15
:101D80007B68C3ED007AD7ED066A97ED117AC6EE4F
:101D9000877A7B68C3ED017AD7ED076A97ED117AF0
:101DA000C6EE877A7B68C3ED027A0023184648376F
:101DB000BD4680BD80B487B000AF78607B6893ED8E
:101DC000017A7B68D3ED037A77EE277AB6EE007A54
:101DD00067EE877AC7ED057A7B6893ED027A7B68B8
:101DE000D3ED067A77EE277AB6EE007A67EE877A39
:101DF000C7ED047A7B6893ED057A7B68D3ED077AAB
:101E000077EE277AB6EE007A67EE877AC7ED037A27
:101E10007B687A695A607B687A69DA607B683A69BC
:101E20009A607B683A699A617B68FA685A617B6854
:101E3000FA68DA6100BF1C37BD465DF8047B704765
:101E400080B483B000AF786039603B684FF0000227
:101E50001A607B68D3ED027AF1EE677A3B68C3EDD6
:101E6000017A7B685A683B689A607B689A683B682D
:101E7000DA603B684FF000021A617B68D3ED007AAC
:101E8000F1EE677A3B68C3ED057A7B68D3ED017AA2
:101E9000F1EE677A3B68C3ED067A7B681A683B68A7
:101EA000DA613B684FF000021A6200BF0C37BD4692
:101EB0005DF8047B704780B58EB000AF7860396004
:101EC0007868FFF7ABFD87ED0B0A07F108031946A9
:101ED0007868FFF7F7FD00237B6326E000233B6370
:101EE0001DE07A6B13465B0013443A6B13449B006E
:101EF00038333B44303BD3ED006A97ED0B7AC6EEA6
:101F0000877A39687A6B13465B0013443A6B134443
:101F10009B000B44C3ED007A3B6B01333B633B6B8F
:101F2000022BDEDD7B6B01337B637B6B022BD5DD0C
:101F3000002318463837BD4680BD80B487B000AF57
:101F4000786187ED040AC7ED030A87ED021AC7ED31
:101F5000011A7B693A691A607B69FA685A607B6981
:101F6000BA689A607B697A68DA6000BF1C37BD4640
:101F70005DF8047B704780B483B000AF78607B6805
:101F80004FF000021A607B684FF000025A607B68D5
:101F90004FF000029A607B684FF00002DA6000BFE9
:101FA0000C37BD465DF8047B704780B584B000AF48
:101FB00078607B6893ED007A7B68D3ED007A27EE3A
:101FC000277A7B68D3ED016A7B68D3ED017A66EEF0
:101FD000A77A37EE277A7B68D3ED026A7B68D3ED68
:101FE000027A66EEA77A37EE277A7B68D3ED036A2A
:101FF0007B68D3ED037A66EEA77A77EE277AB0EEA8
:10200000670A12F0CFFD87ED030A7B68D3ED006A03
:1020100097ED037AC6EE877A7B68C3ED007A7B681A
:10202000D3ED016A97ED037AC6EE877A7B68C3ED3C
:10203000017A7B68D3ED026A97ED037AC6EE877A60
:102040007B68C3ED027A7B68D3ED036A97ED037A70
:10205000C6EE877A7B68C3ED037A00BF1037BD46B2
:1020600080BD90B488B000AFF860B9607A60FB685A
:1020700093ED007ABB68D3ED007A27EE277AFB68F0
:10208000D3ED016ABB68D3ED017A66EEA77A37EE2D
:10209000677AFB68D3ED026ABB68D3ED027A66EE1D
:1020A000A77A37EE677AFB68D3ED036ABB68D3ED96
:1020B000037A66EEA77A77EE677AC7ED047AFB6853
:1020C00093ED007ABB68D3ED017A27EE277AFB689F
:1020D000D3ED016ABB68D3ED007A66EEA77A37EEDE
:1020E000277AFB68D3ED026ABB68D3ED037A66EE0C
:1020F000A77A37EE277AFB68D3ED036ABB68D3ED86
:10210000027A66EEA77A77EE677AC7ED057AFB6802
:1021100093ED007ABB68D3ED027A27EE277AFB684D
:10212000D3ED016ABB68D3ED037A66EEA77A37EE8A
:10213000677AFB68D3ED026ABB68D3ED007A66EE7E
:10214000A77A37EE277AFB68D3ED036ABB68D3ED35
:10215000017A66EEA77A77EE277AC7ED067AFB68F2
:1021600093ED007ABB68D3ED037A27EE277AFB68FC
:10217000D3ED016ABB68D3ED027A66EEA77A37EE3B
:10218000277AFB68D3ED026ABB68D3ED017A66EE6D
:10219000A77A37EE677AFB68D3ED036ABB68D3EDA5
:1021A000007A66EEA77A77EE277AC7ED077A7B6822
:1021B0001C4607F110030FCB84E80F0000BF203747
:1021C000BD4690BC704780B485B000AFF860B96080
:1021D0007A60FB6893ED017ABB68D3ED007A27EE55
:1021E000277AFB68D3ED026ABB68D3ED017A66EE0D
:1021F000A77A37EE277AFB68D3ED036ABB68D3ED85
:10220000027A66EEA77A77EE277ABEEE007A67EE5C
:10221000877A7B68C3ED007AFB6893ED007ABB6830
:10222000D3ED007A27EE277AFB68D3ED036ABB680B
:10223000D3ED017A66EEA77A37EE277AFB68D3ED05
:10224000026ABB68D3ED027A66EEA77A77EE677A08
:10225000B6EE007A67EE877A7B68C3ED017AFB6899
:10226000D3ED037AB1EE677ABB68D3ED007A27EE3F
:10227000277AFB68D3ED006ABB68D3ED017A66EE7E
:10228000A77A37EE277AFB68D3ED016ABB68D3EDF6
:10229000027A66EEA77A77EE277AB6EE007A67EED4
:1022A000877A7B68C3ED027AFB6893ED027ABB689C
:1022B000D3ED007A27EE277AFB68D3ED016ABB687D
:1022C000D3ED017A66EEA77A37EE677AFB68D3ED35
:1022D000006ABB68D3ED027A66EEA77A77EE277ABA
:1022E000B6EE007A67EE877A7B68C3ED037A00BFAB
:1022F0001437BD465DF8047B704780B588B000AFE9
:10230000786039607B6893ED007A7B68D3ED007A62
:1023100027EE277A7B68D3ED016A7B68D3ED017ADB
:1023200066EEA77A37EE277A7B68D3ED026A7B6880
:10233000D3ED027A66EEA77A37EE277A7B68D3ED83
:10234000036A7B68D3ED037A66EEA77A77EE277A85
:10235000B0EE670A12F026FC87ED070A7B68D3ED22
:10236000006A97ED077AC6EE877AC7ED067A7B6832
:10237000D3ED016A97ED077AC6EE877AC7ED057A45
:102380007B68D3ED026A97ED077AC6EE877AC7EDD0
:10239000047A7B68D3ED036A97ED077AC6EE877AF5
:1023A000C7ED037AD7ED047A27EEA77AD7ED037A43
:1023B00067EEA77A77EE277A77EEA77AB7EE007AFC
:1023C00077EE677A3B68C3ED007A97ED057AD7ED33
:1023D000047A27EE277AD7ED066AD7ED037A66EE00
:1023E000A77A77EE677A77EEA77A3B68C3ED017A32
:1023F00097ED057AD7ED037A27EE277AD7ED066AAF
:10240000D7ED047A66EEA77A77EE277A77EEA77A89
:102410003B68C3ED027A97ED057AD7ED047A27EE93
:10242000277AD7ED066AD7ED037A66EEA77A77EEBC
:10243000277A77EEA77A3B68C3ED037AD7ED057A62
:1024400027EEA77AD7ED037A67EEA77A77EE277A99
:1024500077EEA77AB7EE007A77EE677A3B68C3ED3E
:10246000047A97ED047AD7ED037A27EE277AD7ED31
:10247000066AD7ED057A66EEA77A77EE677A77EE89
:10248000A77A3B68C3ED057A97ED057AD7ED037A15
:1024900027EE277AD7ED066AD7ED047A66EEA77A9B
:1024A00077EE677A77EEA77A3B68C3ED067A97ED09
:1024B000047AD7ED037A27EE277AD7ED066AD7EDAF
:1024C000057A66EEA77A77EE277A77EEA77A3B68E9
:1024D000C3ED077AD7ED057A27EEA77AD7ED047A10
:1024E00067EEA77A77EE277A77EEA77AB7EE007ACB
:1024F00077EE677A3B68C3ED087A00BF2037BD46A8
:1025000080BD80B485B000AF786039607B6893EDA2
:10251000007A3B68D3ED007A27EE277A7B68D3ED0B
:10252000016A3B68D3ED017A66EEA77A37EE277A27
:102530007B68D3ED026A3B68D3ED027A66EEA77A38
:1025400037EE277A7B68D3ED036A3B68D3ED037AD5
:1025500066EEA77A77EE277AC7ED037AD7ED037A8E
:10256000F5EE407AF1EE10FA29D17B68D3ED007ACE
:10257000F5EEC07AF1EE10FA00D447E07B68D3EDB7
:10258000007AF1EE677A7B68C3ED007A7B68D3ED61
:10259000017AF1EE677A7B68C3ED017A7B68D3ED4F
:1025A000027AF1EE677A7B68C3ED027A7B68D3ED3D
:1025B000037AF1EE677A7B68C3ED037A26E0D7ED04
:1025C000037AF5EEC07AF1EE10FA1FD57B68D3EDF1
:1025D000007AF1EE677A7B68C3ED007A7B68D3ED11
:1025E000017AF1EE677A7B68C3ED017A7B68D3EDFF
:1025F000027AF1EE677A7B68C3ED027A7B68D3EDED
:10260000037AF1EE677A7B68C3ED037A1437BD462F
:102610005DF8047B704780B590B000AF786039609A
:102620007B681B68FB627B685B68BB627B689B683E
:102630007B627B68DB683B627B681B69FB617B6854
:102640005B69BB617B689B697B617B68DB693B6124
:102650007B681B6AFB60D7ED0B7AB7EE007A37EE2A
:10266000877AD7ED077A77EE277A97ED037A77EEB8
:10267000277AC7ED0F7AD7ED0B7AB7EE007A37EEEF
:10268000877AD7ED077A37EE677AD7ED037A77EE58
:10269000677AC7ED0E7AB7EE007AD7ED0B7A37EE90
:1026A000677AD7ED077A37EE277AD7ED037A77EE98
:1026B000677AC7ED0D7AB7EE007AD7ED0B7A37EE71
:1026C000677AD7ED077A77EE677A97ED037A77EE38
:1026D000277AC7ED0C7AD7ED0F7AF5EEC07AF1EED6
:1026E00010FA02D54FF00003FB63D7ED0E7AF5EE3A
:1026F000C07AF1EE10FA02D54FF00003BB63D7EDBC
:102700000D7AF5EEC07AF1EE10FA02D54FF0000323
:102710007B63D7ED0C7AF5EEC07AF1EE10FA02D5B4
:102720004FF000033B6397ED0F0A12F03BFAF0EE17
:10273000407AB6EE007A67EE877A3B68C3ED007A9E
:1027400097ED0E0A12F02EFAF0EE407AB6EE007A0D
:1027500067EE877A3B68C3ED017A97ED047AD7ED8F
:10276000067A77EE677AF5EEC07AF1EE10FA07D5C1
:102770003B68D3ED017AF1EE677A3B68C3ED017AED
:1027800097ED0D0A12F00EFAF0EE407AB6EE007AEE
:1027900067EE877A3B68C3ED027A97ED097AD7ED49
:1027A000057A77EE677AF5EEC07AF1EE10FA07D582
:1027B0003B68D3ED027AF1EE677A3B68C3ED027AAB
:1027C00097ED0C0A12F0EEF9F0EE407AB6EE007AD0
:1027D00067EE877A3B68C3ED037A97ED087AD7ED09
:1027E0000A7A77EE677AF5EEC07AF1EE10FA07D53D
:1027F0003B68D3ED037AF1EE677A3B68C3ED037A69
:102800003868FFF7D2FB00BF4037BD4680BD80B4BB
:1028100083B000AF786039607B681A683B681A60E3
:102820007B685A683B685A607B689A683B689A6024
:102830007B68DA683B68DA6000BF0C37BD465DF83C
:10284000047B7047000000002DE9B04388B000AF62
:10285000F860B9607A603B60BB68022B05DCFB68FE
:10286000013BFB60BB680C33BB60F868EDF76AFEA8
:102870004FF000027C4BEDF7F9FF02460B4643ECAC
:10288000172BB0EE470AF0EE670A12F02DFB53EC5F
:10289000102B10461946EEF7B7F90346FB61B0EE70
:1028A000007AD7ED077A77EE677A17EE900AEDF7A0
:1028B0005BFE04460D46F869EDF756FE4FF0000248
:1028C0006A4BEDF7D3FF02460B4643EC172BB0EEF5
:1028D000470AF0EE670A12F007FB53EC102B204674
:1028E0002946EDF7E3FC02460B4610461946EEF783
:1028F0008BF90346BB61FB6803F593530C33184611
:10290000EDF720FE50A3D3E90023EDF785FE024644
:102910000B4643EC172BB0EE470AF0EE670A12F0B5
:10292000E3FA55EC104BBB6801331846EDF70AFE8D
:1029300047A3D3E90023EDF76FFE02460B4643ECB5
:10294000172BB0EE470AF0EE670A12F0CDFA53ECFF
:10295000102B20462946EDF7A9FC02460B461446EB
:102960001D467868EDF7EEFD02460B4620462946E7
:10297000EDF79CFC02460B4614461D46B869EDF780
:10298000F3FD02460B4620462946EDF78FFC024632
:102990000B461046194630A3D3E90023EDF784FC1B
:1029A00002460B4610461946EEF72EF903467B61A8
:1029B0007869EDF7D9FD04460D463868EDF7C2FD9C
:1029C00080468946B86BEDF7BDFD4FF00002284BFD
:1029D000EDF74CFF02460B4640464946EDF766FCD4
:1029E00002460B4690469946F86BEDF7ABFD1CA3EB
:1029F000D3E90023EDF73AFF02460B46404649462D
:102A0000EDF754FC02460B46104619464FF0000203
:102A1000184BEDF72BFF02460B4620462946EDF7F3
:102A200045FC02460B4610461946EEF7EDF8034604
:102A30007B617B6907EE903AB0EE670A2037BD46AE
:102A4000BDE8B083AFF300800000000000D4764002
:102A500061545227A0993E400000000000D29740E8
:102A6000000000000020AC40000059400000104071
:102A700000004E4000003840B0B52DED028BA4B0F0
:102A800000AF87ED010A7868EDF76EFD0FF2944311
:102A9000D3E90023EDF708FC02460B461046194621
:102AA0000FF28843D3E90023EDF7E0FE02460B4620
:102AB00010461946EEF7A8F80346C7F88030D7F855
:102AC0008000EDF751FD0FF26C43D3E90023EDF7E1
:102AD000A3FD02460B46104619460FF26043D3E9A8
:102AE0000023EDF7E3FB02460B4643EC172B4FF4B4
:102AF000B470B0EE470AF0EE670A00F0FFFC53EC4A
:102B0000102B10461946EEF77FF80346FB67D7F8FF
:102B10008000EDF729FD0FF22C43D3E90023EDF7F8
:102B20007BFD02460B46104619460FF22043D3E9BF
:102B30000023EDF7BBFB02460B4643EC172B4FF48B
:102B4000B470B0EE470AF0EE670A00F0D7FC53EC21
:102B5000102B10461946EEF757F80346BB67F86F7F
:102B6000EDF702FD04460D46B86FEDF7FDFCDEA360
:102B7000D3E90023EDF750FD02460B4610461946F7
:102B80004FF00002E64BEDF771FE02460B4643ECB8
:102B9000172BB0EE470AF0EE670A11F061FF51EC17
:102BA000100BCFA3D3E90023EDF736FD02460B4609
:102BB00020462946EDF77AFB02460B4614461D4691
:102BC000D7ED1E7A77EEA77A17EE900AEDF7CCFCD8
:102BD000C5A3D3E90023EDF71FFD02460B461046BF
:102BE00019464FF00002CE4BEDF740FE02460B4671
:102BF00043EC172BB0EE470AF0EE670A11F030FFF6
:102C000051EC100BBAA3D3E90023EDF705FD024602
:102C10000B4620462946EDF749FB02460B4643EC9E
:102C2000172B4FF4B470B0EE470AF0EE670A00F0CD
:102C300065FC53EC102B10461946EDF7E5FF0346F3
:102C40007B67D7F88000EDF78FFCABA3D3E90023B7
:102C5000EDF7E2FC02460B46A9A1D1E90001EDF730
:102C600023FB02460B4610461946EDF7CDFF0346FF
:102C70003B67B86FEDF778FC9BA3D3E90023EDF732
:102C8000CBFC02460B46104619464FF00002A44BFF
:102C9000EDF7ECFD02460B4643EC172BB0EE470A6E
:102CA000F0EE670A11F088FE51EC100B96A3D3E901
:102CB0000023EDF7B1FC02460B4695A1D1E90001D6
:102CC000EDF7F2FA02460B4614461D46D7ED1E7A82
:102CD00077EEA77A17EE900AEDF746FC82A3D3E9C8
:102CE0000023EDF799FC02460B46104619464FF0BB
:102CF00000028B4BEDF7BAFD02460B4643EC172B57
:102D0000B0EE470AF0EE670A11F056FE51EC100BD8
:102D100081A3D3E90023EDF77FFC02460B46204652
:102D20002946EDF7C1FA02460B4610461946EDF763
:102D30006BFF0346FB66F86EEDF716FC04460D4686
:102D4000786FEDF711FC68A3D3E90023EDF764FC7D
:102D500002460B46104619464FF00002704BEDF745
:102D600085FD02460B4643EC172BB0EE470AF0EE0A
:102D7000670A11F021FE53EC102B20462946EDF78F
:102D80004BFC02460B4610461946EDF73DFF034645
:102D90007B64F86EEDF7E8FB04460D46386FEDF7FF
:102DA000E3FB51A3D3E90023EDF736FC02460B46C3
:102DB000104619464FF00002594BEDF757FD0246F9
:102DC0000B4643EC172BB0EE470AF0EE670A11F002
:102DD000F3FD53EC102B20462946EDF71DFC02466F
:102DE0000B4614461D46786FEDF7BEFB3EA3D3E9B4
:102DF0000023EDF711FC02460B46104619464FF032
:102E00000002474BEDF732FD02460B4643EC172B11
:102E1000B0EE470AF0EE670A11F022FE53EC102BD9
:102E200020462946EDF7F8FB02460B4610461946A8
:102E3000EDF7EAFE0346BB64F86EEDF795FB04463A
:102E40000D46386FEDF790FB27A3D3E90023EDF78C
:102E5000E3FB02460B46104619464FF00002304B8A
:102E6000EDF704FD02460B4643EC172BB0EE470A84
:102E7000F0EE670A11F0F4FD53EC102B20462946C2
:102E8000EDF7CAFB02460B4614461D46786FEDF778
:102E90006BFB15A3D3E90023EDF7BEFB02460B46FF
:102EA000104619464FF000021D4BEDF7DFFC0246BD
:102EB0000B4643EC172BB0EE470AF0EE670A11F011
:102EC000CFFD53EC102B20462946EDF7A5FB02461B
:102ED0000B4610461946EDF797FE0346FB643BE0B0
:102EE0006F153B4F79A2FE3F182D4454FB2109403A
:102EF00086EB1EC77979943FB465AF2DF2A18A3F66
:102F0000596DFE5F7570374015394E4E101C913F5C
:102F100014103F719300F03FA5203861D44B223F3D
:102F200000806640000000802CB442410000000098
:102F3000A0D5E140273108AC1894E1408FC2F528B4
:102F40005C877140B6A1629CE193E1403460353BFF
:102F500077587640EBAA0E4D0023C7F88C3018E066
:102F6000D7F88C309B0090333B444C3BD3ED007A38
:102F70001FED087A67EE877AD7F88C309B00903384
:102F80003B44583BC3ED007AD7F88C300133C7F887
:102F90008C30D7F88C30022BE2DDD7F88000EDF7CB
:102FA000E3FA0FF20853D3E90023EDF735FB0246AD
:102FB0000B4614461D46022097ED200A00F0BAFA8F
:102FC00051EC100B0FF2EC43D3E90023EDF724FB97
:102FD00002460B4620462946EDF768F902460B46A5
:102FE00014461D46032097ED200A00F0A3FA51EC89
:102FF000100B0FF2C843D3E90023EDF70DFB024697
:103000000B4620462946EDF751F902460B4610467D
:103010001946EDF7F9FD0346BB66D7F88000EDF7DA
:10302000A3FA0FF2A043D3E90023EDF7F5FA024625
:103030000B4614461D46022097ED200A00F07AFA4E
:1030400051EC100B0FF28443D3E90023EDF7E4FABF
:1030500002460B4620462946EDF726F902460B4666
:1030600014461D46032097ED200A00F063FA51EC48
:10307000100B0FF26043D3E90023EDF7CDFA0246BF
:103080000B4620462946EDF70FF902460B4610463F
:103090001946EDF7B9FD03467B66D7F88000EDF7DA
:1030A00063FA0FF20843D3E90023EDF7B5FA0246BD
:1030B0000B4614461D46022097ED200A00F03AFA0E
:1030C00051EC100B0FF21443D3E90023EDF7A4FAEF
:1030D00002460B4620462946EDF7E8F802460B4625
:1030E00014461D46032097ED200A00F023FA51EC08
:1030F000100BFCA3D3E90023EDF78EFA02460B4632
:1031000020462946EDF7D2F802460B4610461946EE
:10311000EDF77AFD03463B66B86EEDF725FAF3A3AB
:10312000D3E90023EDF778FA02460B46104619461C
:10313000F0A3D3E90023EDF799FB02460B461046B6
:103140001946EDF761FD0346FB65786EEDF70CFA65
:10315000E6A3D3E90023EDF75FFA02460B461046DB
:103160001946E4A3D3E90023EDF780FB02460B46A2
:1031700010461946EDF748FD0346BB65386EEDF77E
:10318000F3F9DAA3D3E90023EDF746FA02460B463A
:1031900010461946D7A3D3E90023EDF767FB024693
:1031A0000B4610461946EDF72FFD03467B6597ED5C
:1031B000160AF8F755FBB0EE408A97ED150AF8F7B6
:1031C0004FFBF0EE407A28EE278A97ED170AF8F7C2
:1031D00047FBF0EE407A28EE278A97ED150AF8F7BC
:1031E00063FBF0EE408A97ED170AF8F75DFBF0EE0F
:1031F000407A68EEA77A78EE677AC7ED057A97EDA0
:10320000150AF8F751FBB0EE408A97ED160AF8F769
:1032100027FBF0EE407A28EE278A97ED170AF8F799
:103220001FFBF0EE407A28EE278A97ED170AF8F791
:103230003BFBF0EE408A97ED150AF8F711FBF0EE34
:10324000407A68EEA77A78EE277AC7ED067A97ED8E
:10325000160AF8F729FBB0EE408A97ED170AF8F73F
:10326000FFFAF0EE407A68EE277AC7ED077A97ED1D
:10327000170AF8F719FBF0EE407AB1EE678A97ED7E
:10328000160AF8F7EDFAF0EE407A28EE278A97ED65
:10329000150AF8F7E5FAF0EE407A28EE278A97ED5E
:1032A000150AF8F701FBF0EE408A97ED170AF8F7D8
:1032B000D7FAF0EE407A68EEA77A78EE677AC7ED33
:1032C000087A97ED150AF8F7EFFAF0EE407AB1EECA
:1032D000678A97ED170AF8F7E7FAF0EE407A28EEDA
:1032E000278A97ED160AF8F7BBFAF0EE407A28EE37
:1032F000278A97ED150AF8F7B3FAF0EE408A97EDB2
:10330000170AF8F7ADFAF0EE407A68EEA77A78EE91
:10331000277AC7ED097A97ED160AF8F7C5FAF0EEA5
:10332000407AB1EE678A97ED170AF8F7BDFAF0EE2A
:10333000407A68EE277AC7ED0A7A97ED160AF8F711
:10334000B3FAF0EE407AB1EE678A97ED150AF8F716
:1033500087FAF0EE407A68EE277AC7ED0B7A97EDA0
:10336000160AF8F7A1FAF0EE407AB1EE678A97ED07
:10337000150AF8F799FAF0EE407A68EE277AC7ED69
:103380000C7A97ED160AF8F76BFAF0EE407AC7ED73
:103390000D7A0023C7F8883044E0D7F888309B00C6
:1033A00090333B44883B4FF000021A600023C7F87B
:1033B00084302EE0D7F888309B0090333B44883B24
:1033C00093ED007AD7F8882013465B001344D7F8B2
:1033D000842013449B0090333B447C3BD3ED006A34
:1033E000D7F884309B0090333B44583BD3ED007AB0
:1033F00066EEA77A77EE277AD7F888309B0090336D
:103400003B44883BC3ED007AD7F884300133C7F8DA
:103410008430D7F88430022BCCDDD7F888300133E4
:10342000C7F88830D7F88830022BB6DD97ED027ADE
:10343000D7ED027A27EE277AD7ED036AD7ED037A24
:1034400066EEA77A37EE277AD7ED046AD7ED047ACD
:1034500066EEA77A77EE277AB0EE670AF8F734FAC5
:1034600087ED140AD7ED026A97ED147AC6EE877AD3
:103470000D4BC3ED007AD7ED036A97ED147AC6EED3
:10348000877A094BC3ED017AD7ED046A97ED147A78
:10349000C6EE877A044BC3ED027A00BF9037BD4673
:1034A000BDEC028BB0BD00BF042A0020849ECDAAD3
:1034B0006F04A2403541D47D0052D33F8CD9925540
:1034C000116E923F4ED1915C3E519F4058A835CD30
:1034D0003B4EDB3FBF81C98D226BA53F4F5DF92C71
:1034E000CF83F13F49A0C1A6CEA3923F182D4454EB
:1034F000FB2109400000000080C6234180B584B054
:1035000000AF87ED020B78607868EDF71BF8024694
:103510000B4643EC112B97ED020B11F083F9B0EE43
:10352000407AF0EE607AB0EE470AF0EE670A1037A4
:10353000BD4680BDB0B582B000AF87ED010A3860EE
:103540007868EDF711F804460D463868ECF7FAFF95
:1035500002460B4643EC112B45EC104B11F090F951
:10356000B0EE407AF0EE607AB0EE470AF0EE670A0D
:103570000837BD46B0BD000080B584B000AF87ED10
:10358000010AD7ED017AF5EEC07AF1EE10FA19DBF7
:10359000D7ED017A9FED367AF4EEC77AF1EE10FAA4
:1035A00010D87868ECF7E0FF2FA3D3E90023EDF7FC
:1035B00033F802460B4610461946EDF725FB034645
:1035C000FB6049E0D7ED017AF5EEC07AF1EE10FA32
:1035D00020D507E0D7ED017A9FED257A77EE877A3F
:1035E000C7ED017AD7ED017AF5EEC07AF1EE10FA67
:1035F000F0D47868ECF7B8FF1BA3D3E90023EDF70C
:103600000BF802460B4610461946EDF7FDFA034645
:10361000FB6021E007E0D7ED017A9FED157A77EEA8
:10362000C77AC7ED017AD7ED017A9FED117AF4EEF2
:10363000C77AF1EE10FAEEDC7868ECF795FF0AA392
:10364000D3E90023ECF7E8FF02460B461046194683
:10365000EDF7DAFA0346FB60FB6807EE903AB0EE4E
:10366000670A1037BD4680BD399D52A246DF913FA3
:103670000000B44380B500AF0E4B1B680D4A43F405
:10368000007313600B4B1B680A4A43F4806313609A
:10369000084B1B68074A43F480731360032000F053
:1036A000F0F80F20EFF7F0F9EEF768FD0023184669
:1036B00080BD00BF003C024080B400AF064B1B78C9
:1036C0001A46064B1B681344044A136000BFBD46EC
:1036D0005DF8047B704700BFA8020020102A00207C
:1036E00080B485B000AF78607B6803F00703FB60AF
:1036F0000C4BDB68BB60BA684FF6FF031340BB603E
:10370000FB681A02BB68134343F0BF6343F4003302
:10371000BB60044ABB68D36000BF1437BD465DF888
:10372000047B704700ED00E080B400AF044BDB6821
:103730001B0A03F007031846BD465DF8047B70477B
:1037400000ED00E080B483B000AF0346FB7197F951
:103750000730002B0BDBFB7903F01F02074997F9B9
:1037600007305B09012000FA02F241F8232000BF74
:103770000C37BD465DF8047B704700BF00E100E0F8
:1037800080B483B000AF0346FB7197F90730002B7C
:1037900012DBFB7903F01F020A4997F907305B0936
:1037A000012000FA02F2203341F82320BFF34F8FAB
:1037B00000BFBFF36F8F00BF00BF0C37BD465DF881
:1037C000047B704700E100E080B483B000AF0346A3
:1037D0003960FB7197F90730002B0ADB3B68DAB2DE
:1037E0000C4997F907301201D2B20B4483F8002339
:1037F0000AE03B68DAB20849FB7903F00F03043BA7
:103800001201D2B20B441A7600BF0C37BD465DF8E8
:10381000047B704700E100E000ED00E080B489B077
:1038200000AFF860B9607A60FB6803F00703FB61E2
:10383000FB69C3F10703042B28BF0423BB61FB69A9
:103840000433062B02D9FB69033B00E000237B61B4
:103850004FF0FF32BB6902FA03F3DA43BB681A4048
:103860007B699A404FF0FF317B6901FA03F3D9433A
:103870007B680B40134318462437BD465DF8047B34
:10388000704780B582B000AF78607868FFF728FF96
:1038900000BF0837BD4680BD80B586B000AF034687
:1038A000B9607A60FB7300237B61FFF73DFF7861AD
:1038B0007A68B9687869FFF7B1FF024697F90F3067
:1038C00011461846FFF780FF00BF1837BD4680BD80
:1038D00080B582B000AF0346FB7197F907301846F8
:1038E000FFF730FF00BF0837BD4680BD80B582B00E
:1038F00000AF0346FB7197F907301846FFF740FF0A
:1039000000BF0837BD4680BD80B582B000AF78608B
:103910007B68002B01D101230EE07B685B79DBB271
:10392000002B05D17B6800221A717868EEF74EFCF7
:103930007B6801225A71002318460837BD4680BDB6
:1039400080B487B000AFF860B9607A6000233B6153
:10395000FB6802225A71FB681B689A68FB681B6847
:1039600042F001029A6000237B610AE07B699B00C0
:10397000BA681A44FB681B6812681A607B690133D5
:103980007B617A697B689A42F0D3FB681B681B688D
:103990003B61FB6801225A713B6918461C37BD46E2
:1039A0005DF8047B7047000080B586B000AF78609A
:1039B00000237B61EEF792F938617B68002B01D11F
:1039C000012399E07B68022283F835207B6800227E
:1039D00083F834207B681B681A687B681B6822F0B8
:1039E00001021A600FE0EEF779F902463B69D31A3B
:1039F000052B08D97B6820225A657B68032283F84F
:103A00003520032378E07B681B681B6803F0010303
:103A1000002BE8D17B681B681B687B617A69384B97
:103A200013407B617B685A687B689B681A437B689C
:103A3000DB681A437B681B691A437B685B691A431E
:103A40007B689B691A437B68DB691A437B681B6A46
:103A500013437A6913437B617B685B6A042B07D14C
:103A60007B68DA6A7B681B6B13437A6913437B615B
:103A70007B681B687A691A607B681B685B697B617D
:103A80007B6923F007037B617B685B6A7A69134378
:103A90007B617B685B6A042B17D17B689B6A7A69C0
:103AA00013437B617B68DB6A002B0ED0786800F0E3
:103AB0005FFB0346002B08D07B6840225A657B6879
:103AC000012283F83520012316E07B681B687A69A0
:103AD0005A61786800F016FB0346FB607B68DB6D7B
:103AE0003F229A40FB689A607B6800225A657B6897
:103AF000012283F83520002318461837BD4680BDC3
:103B00003F8010F080B584B000AF78607B68002BF8
:103B100001D1012350E07B6893F83530DBB2022BF2
:103B200001D1022348E07B681B681A687B681B6828
:103B300022F001021A607B681B6800221A607B6811
:103B40001B6800225A607B681B6800229A607B68B1
:103B50001B680022DA607B681B6800221A617B68A0
:103B60001B6821225A61786800F0CCFA0346FB609A
:103B70007B680022DA637B6800221A647B6800227B
:103B80005A647B6800229A647B680022DA647B684E
:103B900000221A657B68DB6D3F229A40FB689A60C1
:103BA0007B6800225A657B68002283F835207B6899
:103BB000002283F83420002318461037BD4680BD0C
:103BC00080B586B000AFF860B9607A603B600023D2
:103BD000FB75FB689B6D3B61FB6893F83430012BF0
:103BE00001D1022340E0FB68012283F83420FB6806
:103BF00093F83530DBB2012B2FD1FB68022283F81A
:103C00003520FB6800225A653B687A68B968F86815
:103C100000F04AFAFB68DB6D3F229A403B699A60EC
:103C2000FB681B681A68FB681B6842F016021A6082
:103C3000FB681B6C002B07D0FB681B681A68FB68CD
:103C40001B6842F008021A60FB681B681A68FB6870
:103C50001B6842F001021A6005E0FB68002283F84D
:103C600034200223FB75FB7D18461837BD4680BD06
:103C700080B584B000AF78607B689B6DFB60EEF729
:103C80002DF8B8607B6893F83530DBB2022B08D092
:103C90007B6880225A657B68002283F834200123E8
:103CA00052E07B681B681A687B681B6822F016026A
:103CB0001A607B681B685A697B681B6822F0800267
:103CC0005A617B681B6C002B03D17B689B6C002BBB
:103CD00007D07B681B681A687B681B6822F00802A3
:103CE0001A607B681B681A687B681B6822F00102F7
:103CF0001A6013E0EDF7F2FF0246BB68D31A052BFA
:103D00000CD97B6820225A657B68032283F8352012
:103D10007B68002283F83420032315E07B681B684E
:103D20001B6803F00103002BE4D17B68DB6D3F22AD
:103D30009A40FB689A607B68012283F835207B6893
:103D4000002283F83420002318461037BD4680BD7A
:103D500080B483B000AF78607B6893F83530DBB215
:103D6000022B04D07B6880225A6501230CE07B681B
:103D7000052283F835207B681B681A687B681B68FE
:103D800022F001021A60002318460C37BD465DF888
:103D9000047B704780B586B000AF78600023BB60BD
:103DA0008E4B1B688E4AA2FB03239B0A7B617B68B8
:103DB0009B6D3B613B691B68FB607B68DB6D082288
:103DC0009A40FB681340002B1AD07B681B681B6865
:103DD00003F00403002B13D07B681B681A687B6810
:103DE0001B6822F004021A607B68DB6D08229A408F
:103DF0003B699A607B685B6D43F001027B685A65A2
:103E00007B68DB6D01229A40FB681340002B12D0C7
:103E10007B681B685B6903F08003002B0BD07B6819
:103E2000DB6D01229A403B699A607B685B6D43F0D1
:103E300002027B685A657B68DB6D04229A40FB684E
:103E40001340002B12D07B681B681B6803F0020331
:103E5000002B0BD07B68DB6D04229A403B699A6093
:103E60007B685B6D43F004027B685A657B68DB6DA1
:103E700010229A40FB681340002B43D07B681B68DC
:103E80001B6803F00803002B3CD07B68DB6D10221D
:103E90009A403B699A607B681B681B6803F4802327
:103EA000002B18D07B681B681B6803F40023002BD1
:103EB00008D17B681B6C002B24D07B681B6C786856
:103EC00098471FE07B689B6C002B1BD07B689B6C2A
:103ED0007868984716E07B681B681B6803F480735A
:103EE000002B07D17B681B681A687B681B6822F06F
:103EF00008021A607B681B6C002B03D07B681B6C6C
:103F0000786898477B68DB6D20229A40FB681340F5
:103F1000002B00F08F807B681B681B6803F0100388
:103F2000002B00F087807B68DB6D20229A403B6984
:103F30009A607B6893F83530DBB2052B36D17B680D
:103F40001B681A687B681B6822F016021A607B687F
:103F50001B685A697B681B6822F080025A617B6883
:103F60001B6C002B03D17B689B6C002B07D07B68FC
:103F70001B681A687B681B6822F008021A607B685D
:103F8000DB6D3F229A403B699A607B68012283F88F
:103F900035207B68002283F834207B681B6D002B62
:103FA0007ED07B681B6D7868984779E07B681B68DA
:103FB0001B6803F48023002B1DD07B681B681B68E3
:103FC00003F40023002B0DD17B685B6C002B31D0F8
:103FD0007B685B6C786898472CE000BF3802002053
:103FE000B5814E1B7B68DB6B002B23D07B68DB6BC2
:103FF000786898471EE07B681B681B6803F4807331
:10400000002B0FD17B681B681A687B681B6822F045
:1040100010021A607B68012283F835207B68002239
:1040200083F834207B68DB6B002B03D07B68DB6B71
:10403000786898477B685B6D002B32D07B685B6D3E
:1040400003F00103002B22D07B68052283F8352082
:104050007B681B681A687B681B6822F001021A6083
:10406000BB680133BB607A699A4207D37B681B68DF
:104070001B6803F00103002BF2D100E000BF7B6856
:10408000012283F835207B68002283F834207B6886
:10409000DB6C002B05D07B68DB6C7868984700E010
:1040A00000BF1837BD4680BD80B485B000AFF86052
:1040B000B9607A603B60FB681B681A68FB681B6824
:1040C00022F480221A60FB681B683A685A60FB6819
:1040D0009B68402B08D1FB681B687A689A60FB6874
:1040E0001B68BA68DA6007E0FB681B68BA689A6008
:1040F000FB681B687A68DA6000BF1437BD465DF85C
:10410000047B704780B485B000AF78607B681B6823
:10411000DBB2103B144AA2FB03231B09FB60134ACA
:10412000FB6813441B781A467B68DA65FB68032B2F
:1041300009D97B681B6823F47F7323F003031A1DDE
:104140007B689A6507E07B681B6823F47F7323F024
:1041500003037A6893657B689B6D18461437BD46E8
:104160005DF8047B704700BFABAAAAAA60D0020822
:1041700080B485B000AF78600023FB737B689B6AD6
:10418000BB607B689B69002B1FD1BB68032B56D893
:1041900001A252F823F000BFA9410108BB41010868
:1041A000A94101083F4201087B68DB6A03F0807384
:1041B000002B46D00123FB7343E07B68DB6AB3F13D
:1041C000C07F40D10123FB733DE07B689B69B3F561
:1041D000005F21D1BB68032B37D801A252F823F02E
:1041E000F1410108F7410108F141010809420108C4
:1041F0000123FB7330E07B68DB6A03F08073002BE4
:1042000025D00123FB7322E07B68DB6AB3F1C07F1A
:104210001FD10123FB731CE0BB68022B03D9BB68D1
:10422000032B03D018E00123FB7315E07B68DB6AE6
:1042300003F08073002B0ED00123FB730BE000BF53
:104240000AE000BF08E000BF06E000BF04E000BFD6
:1042500002E000BF00E000BFFB7B18461437BD46FC
:104260005DF8047B704700BF80B586B000AFF86092
:10427000B960C7E900230123FB75234B1B7E012B8B
:1042800001D102233BE0204B01221A764CF2503040
:1042900000F070F80346FB75FB7D002B2BD1FB680B
:1042A000002B05D13B781946B86800F01BF916E0E1
:1042B000FB68012B05D13B881946B86800F0EEF881
:1042C0000DE0FB68022B05D13B681946B86800F089
:1042D000C3F804E0D7E90023B86800F08BF84CF28B
:1042E000503000F047F80346FB75084B1B69074A3E
:1042F00023F001031361044B00221A76FB7D18465C
:104300001837BD4680BD00BF142A0020003C024083
:1043100080B483B000AF0023FB710B4B1B69002BF3
:104320000BDA094B094A5A60074B094A5A60064B97
:104330001B69002B01DA0123FB71FB7918460C374E
:10434000BD465DF8047B7047003C02402301674591
:10435000AB89EFCD80B400AF054B1B69044A43F035
:104360000043136100231846BD465DF8047B704787
:10437000003C024080B584B000AF78600023FB6051
:104380001A4B0022DA61EDF7A9FCF86010E07B68B7
:10439000B3F1FF3F0CD07B68002B07D0EDF79EFCFC
:1043A0000246FB68D31A7A689A4201D2032319E0C5
:1043B0000F4BDB6803F48033002BE8D10C4BDB6838
:1043C00003F00103002B02D0094B0122DA60084BF5
:1043D000DB6803F0F203002B03D000F0A5F8012303
:1043E00000E0002318461037BD4680BD142A002087
:1043F000003C024080B485B000AFF860C7E90023FC
:10440000144B1B69134A23F440731361114B1B694E
:10441000104A43F4407313610E4B1B690D4A43F07D
:1044200001031361FB683A681A60BFF36F8F00BF26
:10443000D7E900014FF000024FF000030A0000230B
:10444000F968043113460B6000BF1437BD465DF8B0
:10445000047B7047003C024080B483B000AF7860BA
:1044600039600D4B1B690C4A23F4407313610A4BEE
:104470001B69094A43F400731361074B1B69064A21
:1044800043F0010313617B683A681A6000BF0C3780
:10449000BD465DF8047B7047003C024080B483B0A9
:1044A00000AF78600B467B800D4B1B690C4A23F4F0
:1044B000407313610A4B1B69094A43F4807313610B
:1044C000074B1B69064A43F0010313617B687A8836
:1044D0001A8000BF0C37BD465DF8047B704700BFF3
:1044E000003C024080B483B000AF78600B46FB70A4
:1044F0000C4B1B690B4A23F440731361094B094AA7
:104500001B691361074B1B69064A43F001031361E2
:104510007B68FA781A7000BF0C37BD465DF8047BE3
:10452000704700BF003C024080B400AF274BDB68FF
:1045300003F01003002B08D0254BDB6943F0100378
:10454000234AD361214B1022DA60204BDB6803F051
:104550002003002B08D01E4BDB6943F008031C4AE4
:10456000D3611A4B2022DA60184BDB6803F040035A
:10457000002B08D0164BDB6943F00403144AD361C7
:10458000124B4022DA60114BDB6803F08003002BF2
:1045900008D00F4BDB6943F002030D4AD3610B4B8C
:1045A0008022DA60094BDB6803F00203002B08D09D
:1045B000074BDB6943F02003054AD361034B02221A
:1045C000DA6000BFBD465DF8047B7047003C0240E6
:1045D000142A002080B584B000AF786039600123D0
:1045E000FB730023BB60314B1B7E012B01D10223E7
:1045F00058E02E4B01221A764CF25030FFF7BAFEEB
:104600000346FB73FB7B002B48D13B684FF0FF3226
:104610001A607B681B68012B15D17B681B69DAB2B5
:104620007B685B681946104600F044F84CF2503045
:10463000FFF7A0FE0346FB731D4B1B691C4A23F0CA
:104640000403136128E07B689B68BB601CE07B6807
:104650001B69DBB21946B86800F050F84CF25030D4
:10466000FFF788FE0346FB73114B1B69104A23F0CA
:10467000FA031361FB7B002B03D03B68BA681A6016
:104680000AE0BB680133BB607B68DA687B689B68C3
:104690001344BA689A42DAD300F078F8034B002248
:1046A0001A76FB7B18461037BD4680BD142A0020C1
:1046B000003C024080B483B000AF03463960FB7118
:1046C0000D4B1B690C4A23F4407313610A4B1B69A1
:1046D000094A43F004031361074B1A69FB791B0273
:1046E0001343054A43F48033136100BF0C37BD46C2
:1046F0005DF8047B704700BF003C024080B485B089
:1047000000AF78600B46FB700023FB60FB78002B4A
:1047100002D10023FB6010E0FB78012B03D14FF4A2
:104720008073FB6009E0FB78022B03D14FF4007328
:10473000FB6002E04FF44073FB60134B1B69124AAD
:1047400023F440731361104B1A690F49FB6813433C
:104750000B610D4B1B690C4A23F0F80313610A4BE4
:104760001A697B68DB001343074A43F002031361B5
:10477000054B1B69044A43F48033136100BF1437AF
:10478000BD465DF8047B7047003C024080B400AF3A
:10479000204B1B6803F40073002B17D01D4B1B68C4
:1047A0001C4A23F4007313601A4B1B68194A43F424
:1047B00000631360174B1B68164A23F400631360F1
:1047C000144B1B68134A43F400731360114B1B68AE
:1047D00003F48063002B17D00E4B1B680D4A23F4A3
:1047E000806313600B4B1B680A4A43F480531360C9
:1047F000084B1B68074A23F480531360054B1B6862
:10480000044A43F48063136000BFBD465DF8047B37
:10481000704700BF003C024080B489B000AF7860B0
:10482000396000237B6100233B610023BB610023CF
:10483000FB616BE10122FB6902FA03F37B613B68D8
:104840001B687A6913403B613A697B699A4240F080
:104850005A813B685B6803F00303012B05D03B687A
:104860005B6803F00303022B30D17B689B68BB615C
:10487000FB695B00032202FA03F3DB43BA691340CE
:10488000BB613B68DA68FB695B0002FA03F3BA6953
:104890001343BB617B68BA699A607B685B68BB61E4
:1048A0000122FB6902FA03F3DB43BA691340BB61DF
:1048B0003B685B681B0903F00102FB6902FA03F322
:1048C000BA691343BB617B68BA695A603B685B682D
:1048D00003F00303032B17D07B68DB68BB61FB6924
:1048E0005B00032202FA03F3DB43BA691340BB61A6
:1048F0003B689A68FB695B0002FA03F3BA691343E9
:10490000BB617B68BA69DA603B685B6803F00303EC
:10491000022B23D1FB69DA087B68083253F8223076
:10492000BB61FB6903F007039B000F2202FA03F34C
:10493000DB43BA691340BB613B681A69FB6903F04A
:1049400007039B0002FA03F3BA691343BB61FB69D7
:10495000DA087B680832B96943F822107B681B6863
:10496000BB61FB695B00032202FA03F3DB43BA6914
:104970001340BB613B685B6803F00302FB695B00AB
:1049800002FA03F3BA691343BB617B68BA691A6020
:104990003B685B6803F44033002B00F0B4800023D5
:1049A000FB60604B5B6C5F4A43F4804353645D4B38
:1049B0005B6C03F48043FB60FB685B4AFB699B080C
:1049C000023352F82330BB61FB6903F003039B0001
:1049D0000F2202FA03F3DB43BA691340BB617B6821
:1049E000524A93422BD07B68514A934225D07B6830
:1049F000504A93421FD07B684F4A934219D07B683C
:104A00004E4A934213D07B684D4A93420DD07B6847
:104A10004C4A934207D07B684B4A934201D107230B
:104A20000EE008230CE006230AE0052308E0042337
:104A300006E0032304E0022302E0012300E0002358
:104A4000FA6902F0030292009340BA691343BB6112
:104A50003549FB699B080233BA6941F823203B4B77
:104A60009B68BB613B69DB43BA691340BB613B6830
:104A70005B6803F48013002B03D0BA693B691343CE
:104A8000BB61324ABB699360304BDB68BB613B69F9
:104A9000DB43BA691340BB613B685B6803F40013F6
:104AA000002B03D0BA693B691343BB61274ABB693A
:104AB000D360264B5B68BB613B69DB43BA6913403B
:104AC000BB613B685B6803F40033002B03D0BA6919
:104AD0003B691343BB611D4ABB6953601B4B1B6899
:104AE000BB613B69DB43BA691340BB613B685B68F0
:104AF00003F48033002B03D0BA693B691343BB61D5
:104B0000124ABB691360FB690133FB61FB690F2B20
:104B10007FF690AE00BF00BF2437BD465DF8047B32
:104B2000704700BF003802400038014000000240DA
:104B30000004024000080240000C02400010024045
:104B40000014024000180240001C0240003C0140DA
:104B500080B487B000AF7860396000233B610023E8
:104B6000FB600023BB6000237B61CDE001227B69F9
:104B700002FA03F33B613A683B691340FB60FA6851
:104B80003B699A4240F0BD80654A7B699B080233CD
:104B900052F82330BB607B6903F003039B000F22B4
:104BA00002FA03F3BA681340BB607B685D4A934224
:104BB0002BD07B685C4A934225D07B685B4A93424A
:104BC0001FD07B685A4A934219D07B68594A934256
:104BD00013D07B68584A93420DD07B68574A934262
:104BE00007D07B68564A934201D107230EE0082381
:104BF0000CE006230AE0052308E0042306E0032373
:104C000004E0022302E0012300E000237A6902F0BD
:104C1000030292009340BA689A4232D1494B1A6813
:104C2000FB68DB43474913400B60464B5A68FB68FF
:104C3000DB43444913404B60424BDA68FB68DB437B
:104C400040491340CB603F4B9A68FB68DB433D49CA
:104C500013408B607B6903F003039B000F2202FA71
:104C600003F3BB602E4A7B699B08023352F8231082
:104C7000BB68DA432A487B699B080A40023340F844
:104C800023207B681A687B695B00032101FA03F328
:104C9000DB431A407B681A607B69DA087B6808325C
:104CA00053F822107B6903F007039B000F2202FADE
:104CB00003F3DB437A69D20819407B68083243F872
:104CC00022107B68DA687B695B00032101FA03F339
:104CD000DB431A407B68DA607B685A6801217B6994
:104CE00001FA03F3DB431A407B685A607B689A68D9
:104CF0007B695B00032101FA03F3DB431A407B6805
:104D00009A607B6901337B617B690F2B7FF62EAF45
:104D100000BF00BF1C37BD465DF8047B704700BF75
:104D20000038014000000240000402400008024038
:104D3000000C024000100240001402400018024023
:104D4000001C0240003C014080B485B000AF786098
:104D50000B467B807B681A697B881340002B02D04E
:104D60000123FB7301E00023FB73FB7B1846143720
:104D7000BD465DF8047B704780B483B000AF7860B7
:104D80000B467B8013467B707B78002B03D07A88A0
:104D90007B689A6103E07B881A047B689A6100BF94
:104DA0000C37BD465DF8047B7047000080B582B0CB
:104DB00000AF0346FB80084B5A69FB881340002B69
:104DC00006D0054AFB885361FB88184600F006F8B8
:104DD00000BF0837BD4680BD003C014080B483B0B1
:104DE00000AF0346FB8000BF0C37BD465DF8047B77
:104DF0007047000080B584B000AF78607B68002BFE
:104E000001D101232BE17B6893F83D30DBB2002B0D
:104E100006D17B68002283F83C207868EDF7F8F92A
:104E20007B68242283F83D207B681B681A687B68B6
:104E30001B6822F001021A607B681B681A687B6895
:104E40001B6842F400421A607B681B681A687B6822
:104E50001B6822F400421A6002F0A0F8F8607B6838
:104E60005B68814A934207D8FB68804A934294BFAB
:104E700001230023DBB206E0FB687D4A934294BF26
:104E800001230023DBB2002B01D00123E7E0FB6804
:104E9000784AA2FB03239B0CBB607B681B685B68A2
:104EA00023F03F017B681B68BA680A435A607B683D
:104EB0001B681B6A23F03F017B685B686A4A934268
:104EC00002D8BB68013309E0BB684FF4967202FB5D
:104ED00003F3694AA2FB03239B0901337A68126832
:104EE0000B4313627B681B68DB6923F44F4222F09B
:104EF000FF027B685B685C498B4219D8FB68591ECE
:104F00007B685B685B00B1FBF3F3591C40F6FC73F4
:104F10000B40002B0AD0FB68591E7B685B685B0066
:104F2000B1FBF3F30133C3F30B0351E004234FE070
:104F30007B689B68002B11D1FB68581E7B68596801
:104F40000B465B000B44B0FBF3F30133C3F30B03DD
:104F5000002B0CBF01230023DBB212E0FB68581EBC
:104F60007B6859680B469B000B4499000B44B0FBCF
:104F7000F3F30133C3F30B03002B0CBF0123002316
:104F8000DBB2002B01D0012322E07B689B68002B61
:104F90000ED1FB68581E7B6859680B465B000B44BA
:104FA000B0FBF3F30133C3F30B0343F400430FE00F
:104FB000FB68581E7B6859680B469B000B449900A0
:104FC0000B44B0FBF3F30133C3F30B0343F440434F
:104FD000796809681343CB617B681B681B6823F001
:104FE000C0017B68DA697B681B6A1A437B681B68AF
:104FF0000A431A607B681B689B6823F4034323F011
:10500000FF037A6811697A68D26811437A68126876
:105010000B4393607B681B68DB6823F0FF017B68B0
:105020005A697B689B691A437B681B680A43DA608C
:105030007B681B681A687B681B6842F001021A6073
:105040007B6800221A647B68202283F83D207B68FD
:1050500000221A637B68002283F83E200023184652
:105060001037BD4680BD00BFA08601007F841E00B2
:10507000FF083D0083DE1B43D34D621080B588B02E
:1050800002AFF8607A601A460B467B8113463B817B
:10509000ECF724FE7861FB6893F83D30DBB2202BFF
:1050A00040F0E0807B690093192301227049F86881
:1050B00001F00EF90346002B01D00223D3E0FB6878
:1050C00093F83C30012B01D10223CCE0FB68012294
:1050D00083F83C20FB681B681B6803F00103012B6D
:1050E00007D0FB681B681A68FB681B6842F0010266
:1050F0001A60FB681B681A68FB681B6822F4006270
:105100001A60FB68212283F83D20FB68102283F897
:105110003E20FB6800221A64FB687A685A62FB68CA
:105120003A895A85FB685B8D9AB2FB681A85FB68E1
:10513000504ADA6279897B693A6AF86800F0FAFDC8
:105140000346002B01D001238DE000233B61FB6867
:105150001B685B693B61FB681B689B693B613B6942
:1051600066E07A69396AF86801F0CCF90346002BE9
:105170000DD0FB681B6C042B07D1FB681B681A68F9
:10518000FB681B6842F400721A6001236BE0FB6845
:105190005B6A1A78FB681B681A61FB685B6A5A1CB9
:1051A000FB685A62FB685B8D9BB2013B9AB2FB685D
:1051B0005A85FB681B8D013B9AB2FB681A85FB6818
:1051C0001B685B6903F00403042B1BD1FB681B8D78
:1051D000002B17D0FB685B6A1A78FB681B681A61A2
:1051E000FB685B6A5A1CFB685A62FB685B8D9BB26A
:1051F000013B9AB2FB685A85FB681B8D013B9AB252
:10520000FB681A857A69396AF86801F0C3F90346C0
:10521000002B0DD0FB681B6C042B07D1FB681B68AF
:105220001A68FB681B6842F400721A6001231AE0D6
:10523000FB681B8D002B94D1FB681B681A68FB6808
:105240001B6842F400721A60FB68202283F83D203C
:10525000FB68002283F83E20FB68002283F83C2094
:10526000002300E0022318461837BD4680BD00BF6A
:10527000020010000000FFFF80B58CB002AFF860A4
:105280007A601A460B467B8113463B81ECF726FD7C
:105290007862FB6893F83D30DBB2202B40F0178238
:1052A0007B6A0093192301227C49F86801F010F809
:1052B0000346002B01D002230AE2FB6893F83C303E
:1052C000012B01D1022303E2FB68012283F83C2079
:1052D000FB681B681B6803F00103012B07D0FB6808
:1052E0001B681A68FB681B6842F001021A60FB68C1
:1052F0001B681A68FB681B6822F400621A60FB686E
:10530000222283F83D20FB68102283F83E20FB68B0
:1053100000221A64FB687A685A62FB683A895A85E7
:10532000FB685B8D9AB2FB681A85FB685C4ADA629F
:1053300079897B6A3A6BF86800F07EFD0346002BA2
:1053400001D00123C4E1FB681B8D002B13D1002386
:105350003B62FB681B685B693B62FB681B689B697F
:105360003B623B6AFB681B681A68FB681B6842F477
:1053700000721A6098E1FB681B8D012B1BD1FB6842
:105380001B681A68FB681B6822F480621A6000239D
:10539000FB61FB681B685B69FB61FB681B689B69C1
:1053A000FB61FB69FB681B681A68FB681B6842F4B9
:1053B00000721A6078E1FB681B8D022B1BD1FB6821
:1053C0001B681A68FB681B6822F480621A60FB681D
:1053D0001B681A68FB681B6842F400621A600023AD
:1053E000BB61FB681B685B69BB61FB681B689B69F1
:1053F000BB61BB6958E1FB681B681A68FB681B68E6
:1054000042F480621A6000237B61FB681B685B6961
:105410007B61FB681B689B697B617B6944E1FB687E
:105420001B8D032B00F2F180FB681B8D012B23D118
:105430007A6A396BF86801F0F5F80346002B01D061
:10544000012345E1FB681B681A69FB685B6AD2B2FD
:105450001A70FB685B6A5A1CFB685A62FB681B8DFA
:10546000013B9AB2FB681A85FB685B8D9BB2013BDE
:105470009AB2FB685A8517E1FB681B8D022B4ED14F
:105480007B6A00933B6B00220649F86800F020FF1E
:105490000346002B08D001231AE100BF02001000D0
:1054A0000000FFFF04000100FB681B681A68FB682E
:1054B0001B6842F400721A60FB681B681A69FB687B
:1054C0005B6AD2B21A70FB685B6A5A1CFB685A624C
:1054D000FB681B8D013B9AB2FB681A85FB685B8DEC
:1054E0009BB2013B9AB2FB685A85FB681B681A693C
:1054F000FB685B6AD2B21A70FB685B6A5A1CFB6875
:105500005A62FB681B8D013B9AB2FB681A85FB68E7
:105510005B8D9BB2013B9AB2FB685A85C4E07B6A03
:1055200000933B6B00226C49F86800F0D1FE034603
:10553000002B01D00123CBE0FB681B681A68FB68D5
:105540001B6822F480621A60FB681B681A69FB689A
:105550005B6AD2B21A70FB685B6A5A1CFB685A62BB
:10556000FB681B8D013B9AB2FB681A85FB685B8D5B
:105570009BB2013B9AB2FB685A857B6A00933B6BF6
:1055800000225549F86800F0A3FE0346002B01D025
:1055900001239DE0FB681B681A68FB681B6842F4E6
:1055A00000721A60FB681B681A69FB685B6AD2B2FA
:1055B0001A70FB685B6A5A1CFB685A62FB681B8D99
:1055C000013B9AB2FB681A85FB685B8D9BB2013B7D
:1055D0009AB2FB685A85FB681B681A69FB685B6AAC
:1055E000D2B21A70FB685B6A5A1CFB685A62FB688D
:1055F0001B8D013B9AB2FB681A85FB685B8D9BB2E1
:10560000013B9AB2FB685A854EE07A6A396BF868BA
:1056100001F008F80346002B01D0012358E0FB6895
:105620001B681A69FB685B6AD2B21A70FB685B6A16
:105630005A1CFB685A62FB681B8D013B9AB2FB68DF
:105640001A85FB685B8D9BB2013B9AB2FB685A8559
:10565000FB681B685B6903F00403042B24D1FB681F
:105660001B8D032B07D1FB681B681A68FB681B683E
:1056700022F480621A60FB681B681A69FB685B6A27
:10568000D2B21A70FB685B6A5A1CFB685A62FB68EC
:105690001B8D013B9AB2FB681A85FB685B8D9BB240
:1056A000013B9AB2FB685A85FB681B8D002B7FF487
:1056B000B6AEFB68202283F83D20FB68002283F809
:1056C0003E20FB68002283F83C20002300E00223F8
:1056D00018462837BD4680BD0400010080B588B05B
:1056E00002AFF860084611461A4603467B810B4616
:1056F0003B811346FB80ECF7F1FA7861FB6893F885
:105700003D30DBB2202B40F0D9807B690093192318
:1057100001226D49F86800F0DBFD0346002B01D043
:105720000223CCE0FB6893F83C30012B01D102232B
:10573000C5E0FB68012283F83C20FB681B681B68FE
:1057400003F00103012B07D0FB681B681A68FB6894
:105750001B6842F001021A60FB681B681A68FB684C
:105760001B6822F400621A60FB68212283F83D2046
:10577000FB68402283F83E20FB6800221A64FB6825
:105780003A6A5A62FB68BA8C5A85FB685B8D9AB29A
:10579000FB681A85FB684D4ADA62F8883A8979898C
:1057A0007B690193BB6A00930346F86800F012FC22
:1057B0000346002B52D0012381E07A69B96AF86868
:1057C00000F0A0FE0346002B0DD0FB681B6C042BE1
:1057D00007D1FB681B681A68FB681B6842F40072FB
:1057E0001A6001236BE0FB685B6A1A78FB681B6830
:1057F0001A61FB685B6A5A1CFB685A62FB681B8D66
:10580000013B9AB2FB681A85FB685B8D9BB2013B3A
:105810009AB2FB685A85FB681B685B6903F0040356
:10582000042B1BD1FB681B8D002B17D0FB685B6A18
:105830001A78FB681B681A61FB685B6A5A1CFB6874
:105840005A62FB681B8D013B9AB2FB681A85FB68A4
:105850005B8D9BB2013B9AB2FB685A85FB681B8D3E
:10586000002BAAD17A69B96AF86800F093FE034662
:10587000002B0DD0FB681B6C042B07D1FB681B6849
:105880001A68FB681B6842F400721A60012316E074
:10589000FB681B681A68FB681B6842F400721A6098
:1058A000FB68202283F83D20FB68002283F83E201D
:1058B000FB68002283F83C20002300E00223184606
:1058C0001837BD4680BD00BF020010000000FFFF7A
:1058D00080B58CB002AFF860084611461A46034600
:1058E0007B810B463B811346FB80ECF7F7F978622E
:1058F000FB6893F83D30DBB2202B40F014827B6ACA
:105900000093192301227B49F86800F0E1FC03466B
:10591000002B01D0022307E2FB6893F83C30012BF7
:1059200001D1022300E2FB68012283F83C20FB68DE
:105930001B681B6803F00103012B07D0FB681B6881
:105940001A68FB681B6842F001021A60FB681B685A
:105950001A68FB681B6822F400621A60FB68222246
:1059600083F83D20FB68402283F83E20FB6800223C
:105970001A64FB683A6B5A62FB68BA8E5A85FB68F8
:105980005B8D9AB2FB681A85FB685B4ADA62F8881D
:105990003A8979897B6A0193BB6B00930346F86867
:1059A00000F0AEFB0346002B01D00123BCE1FB68F5
:1059B0001B8D002B13D100233B62FB681B685B69C6
:1059C0003B62FB681B689B693B623B6AFB681B6828
:1059D0001A68FB681B6842F400721A6090E1FB6869
:1059E0001B8D012B1BD1FB681B681A68FB681B68A9
:1059F00022F480621A600023FB61FB681B685B690C
:105A0000FB61FB681B689B69FB61FB69FB681B68AA
:105A10001A68FB681B6842F400721A6070E1FB6848
:105A20001B8D022B1BD1FB681B681A68FB681B6867
:105A300022F480621A60FB681B681A68FB681B68A6
:105A400042F400621A600023BB61FB681B685B695B
:105A5000BB61FB681B689B69BB61BB6950E10023AC
:105A60007B61FB681B685B697B61FB681B689B69EA
:105A70007B617B6944E1FB681B8D032B00F2F180A5
:105A8000FB681B8D012B23D17A6AB96BF86800F093
:105A9000C9FD0346002B01D0012345E1FB681B68CB
:105AA0001A69FB685B6AD2B21A70FB685B6A5A1C9F
:105AB000FB685A62FB681B8D013B9AB2FB681A8532
:105AC000FB685B8D9BB2013B9AB2FB685A8517E17C
:105AD000FB681B8D022B4ED17B6A0093BB6B0022AF
:105AE0000649F86800F0F4FB0346002B08D00123B8
:105AF0001AE100BF020010000000FFFF04000100D7
:105B0000FB681B681A68FB681B6842F400721A6025
:105B1000FB681B681A69FB685B6AD2B21A70FB6883
:105B20005B6A5A1CFB685A62FB681B8D013B9AB288
:105B3000FB681A85FB685B8D9BB2013B9AB2FB68E0
:105B40005A85FB681B681A69FB685B6AD2B21A70D7
:105B5000FB685B6A5A1CFB685A62FB681B8D013B41
:105B60009AB2FB681A85FB685B8D9BB2013B9AB2C7
:105B7000FB685A85C4E07B6A0093BB6B00226C49CA
:105B8000F86800F0A5FB0346002B01D00123CBE011
:105B9000FB681B681A68FB681B6822F480621A6045
:105BA000FB681B681A69FB685B6AD2B21A70FB68F3
:105BB0005B6A5A1CFB685A62FB681B8D013B9AB2F8
:105BC000FB681A85FB685B8D9BB2013B9AB2FB6850
:105BD0005A857B6A0093BB6B00225549F86800F038
:105BE00077FB0346002B01D001239DE0FB681B6877
:105BF0001A68FB681B6842F400721A60FB681B6835
:105C00001A69FB685B6AD2B21A70FB685B6A5A1C3D
:105C1000FB685A62FB681B8D013B9AB2FB681A85D0
:105C2000FB685B8D9BB2013B9AB2FB685A85FB68AF
:105C30001B681A69FB685B6AD2B21A70FB685B6A00
:105C40005A1CFB685A62FB681B8D013B9AB2FB68C9
:105C50001A85FB685B8D9BB2013B9AB2FB685A8543
:105C60004EE07A6AB96BF86800F0DCFC0346002B62
:105C700001D0012358E0FB681B681A69FB685B6A66
:105C8000D2B21A70FB685B6A5A1CFB685A62FB68E6
:105C90001B8D013B9AB2FB681A85FB685B8D9BB23A
:105CA000013B9AB2FB685A85FB681B685B6903F08D
:105CB0000403042B24D1FB681B8D032B07D1FB6845
:105CC0001B681A68FB681B6822F480621A60FB6814
:105CD0001B681A69FB685B6AD2B21A70FB685B6A60
:105CE0005A1CFB685A62FB681B8D013B9AB2FB6829
:105CF0001A85FB685B8D9BB2013B9AB2FB685A85A3
:105D0000FB681B8D002B7FF4B6AEFB68202283F866
:105D10003D20FB68002283F83E20FB68002283F8C8
:105D20003C20002300E0022318462837BD4680BDF2
:105D30000400010080B588B002AFF8607A603B6073
:105D40000B467B81FB68DB6A7B617B69082B06D095
:105D50007B69012B03D07B6913F5803F08D1FB6879
:105D60001B681A68FB681B6842F480721A600BE0BB
:105D7000FB681B6B122B07D1FB681B681A68FB685A
:105D80001B6842F480721A603B6800937B680022B3
:105D90004FF00111F86800F09BFA0346002B0DD07C
:105DA000FB681B681B6803F48073B3F5807F03D125
:105DB000FB684FF400721A64032335E0FB681B692B
:105DC000B3F5804F08D17B89DBB21A46FB681B68AC
:105DD00002F0FE021A611BE07B89DB11DBB203F0EB
:105DE0000603DBB263F00F03DAB2FB681B681A61CB
:105DF0003B687A680E49F86800F0E4FA0346002B25
:105E000001D0012310E07B89DAB2FB681B681A61BC
:105E10003B687A680749F86800F0D4FA0346002B1B
:105E200001D0012300E0002318461837BD4680BD8D
:105E3000080001000200010080B588B002AFF860E0
:105E40007A603B600B467B81FB68DB6A7B61FB68A9
:105E50001B681A68FB681B6842F480621A607B69E1
:105E6000082B06D07B69012B03D07B6913F5803F9B
:105E700008D1FB681B681A68FB681B6842F48072D3
:105E80001A600BE0FB681B6B112B07D1FB681B68CA
:105E90001A68FB681B6842F480721A603B680093C2
:105EA0007B6800224FF00111F86800F011FA0346F8
:105EB000002B0DD0FB681B681B6803F48073B3F5DF
:105EC000807F03D1FB684FF400721A64032379E0EA
:105ED000FB681B69B3F5804F08D17B89DBB243F0C7
:105EE0000103DAB2FB681B681A615FE07B89DB1192
:105EF000DBB203F00603DBB263F00F03DAB2FB6838
:105F00001B681A613B687A683049F86800F05AFAF1
:105F10000346002B01D0012354E07B89DAB2FB68F1
:105F20001B681A613B687A682949F86800F04AFAE8
:105F30000346002B01D0012344E000233B61FB68B2
:105F40001B685B693B61FB681B689B693B613B6944
:105F5000FB681B681A68FB681B6842F480721A6051
:105F60003B6800937B6800224FF00111F86800F055
:105F7000AFF90346002B0DD0FB681B681B6803F4C8
:105F80008073B3F5807F03D1FB684FF400721A640D
:105F9000032317E07B89DB11DBB203F00603DBB2DE
:105FA00063F00E03DAB2FB681B681A613B687A681B
:105FB0000749F86800F006FA0346002B01D00123D8
:105FC00000E0002318461837BD4680BD08000100D8
:105FD0000200010080B588B002AFF86008461146A3
:105FE0001A4603467B810B463B811346FB80FB68C8
:105FF0001B681A68FB681B6842F480721A607B6A2F
:1060000000933B6A00224FF00111F86800F060F93C
:106010000346002B0DD0FB681B681B6803F48073DC
:10602000B3F5807F03D1FB684FF400721A64032339
:106030005FE07B89DBB21A46FB681B6802F0FE0258
:106040001A617B6A3A6A2D49F86800F0BBF9034689
:10605000002B01D001234CE000237B61FB681B680F
:106060005B697B61FB681B689B697B617B697A6A02
:10607000396AF86800F046FA0346002B0DD0FB6839
:106080001B6C042B07D1FB681B681A68FB681B6834
:1060900042F400721A6001232BE0FB88012B05D12A
:1060A0003B89DAB2FB681B681A6121E03B891B0A55
:1060B0009BB2DAB2FB681B681A617A6A396AF868BF
:1060C00000F020FA0346002B0DD0FB681B6C042B5C
:1060D00007D1FB681B681A68FB681B6842F40072F2
:1060E0001A60012305E03B89DAB2FB681B681A617C
:1060F000002318461837BD4680BD00BF02000100CE
:1061000080B588B002AFF860084611461A460346CB
:106110007B810B463B811346FB80FB681B681A683A
:10612000FB681B6842F480621A60FB681B681A688F
:10613000FB681B6842F480721A607B6A00933B6ABA
:1061400000224FF00111F86800F0C2F80346002B5E
:106150000DD0FB681B681B6803F48073B3F5807F68
:1061600003D1FB684FF400721A640323AAE07B8911
:10617000DBB21A46FB681B6802F0FE021A617B6AFA
:106180003A6A5249F86800F01DF90346002B01D025
:10619000012397E000237B61FB681B685B697B61DF
:1061A000FB681B689B697B617B697A6A396AF8685E
:1061B00000F0A8F90346002B0DD0FB681B6C042BE4
:1061C00007D1FB681B681A68FB681B6842F4007201
:1061D0001A60012376E0FB88012B05D13B89DAB2F6
:1061E000FB681B681A6121E03B891B0A9BB2DAB28B
:1061F000FB681B681A617A6A396AF86800F082F9EC
:106200000346002B0DD0FB681B6C042B07D1FB68E9
:106210001B681A68FB681B6842F400721A6001234D
:1062200050E03B89DAB2FB681B681A617A6A396A06
:10623000F86800F067F90346002B0DD0FB681B6C73
:10624000042B07D1FB681B681A68FB681B6842F4C3
:1062500000721A60012335E0FB681B681A68FB684E
:106260001B6842F480721A607B6A00933B6A0022CA
:106270004FF00111F86800F02BF80346002B0DD009
:10628000FB681B681B6803F48073B3F5807F03D140
:10629000FB684FF400721A64032313E07B89DBB2BE
:1062A00043F00103DAB2FB681B681A617B6A3A6A41
:1062B0000649F86800F086F80346002B01D0012358
:1062C00000E0002318461837BD4680BD02000100DB
:1062D00080B584B000AFF860B9603B601346FB71D5
:1062E00048E03B68B3F1FF3F44D0EBF7F7FC0246D0
:1062F000BB69D31A3A689A4202D33B68002B39D162
:10630000BB681B0CDBB2012B0DD1FB681B685B6902
:10631000DA43BB6813409BB2002B0CBF0123002360
:10632000DBB21A460CE0FB681B689B69DA43BB686A
:1063300013409BB2002B0CBF01230023DBB21A4693
:10634000FB799A4216D1FB6800221A63FB6820226F
:1063500083F83D20FB68002283F83E20FB681B6C1D
:1063600043F02002FB681A64FB68002283F83C209B
:10637000012323E0BB681B0CDBB2012B0DD1FB68B2
:106380001B685B69DA43BB6813409BB2002B0CBFF0
:1063900001230023DBB21A460CE0FB681B689B69F3
:1063A000DA43BB6813409BB2002B0CBF01230023D0
:1063B000DBB21A46FB799A4293D000231846103775
:1063C000BD4680BD80B584B000AFF860B9607A602A
:1063D0003B6071E0FB681B685B6903F48063B3F5A5
:1063E000806F23D1FB681B681A68FB681B6842F446
:1063F00000721A60FB681B686FF480625A61FB6868
:1064000000221A63FB68202283F83D20FB680022EB
:1064100083F83E20FB681B6C43F00402FB681A649F
:10642000FB68002283F83C20012367E07B68B3F11E
:10643000FF3F41D0EBF752FC02463B68D31A7A6823
:106440009A4202D37B68002B36D1BB681B0CDBB2AF
:10645000012B0CD1FB681B685B69DA43BB681340F6
:106460009BB2002B14BF01230023DBB20BE0FB68BF
:106470001B689B69DA43BB6813409BB2002B14BFB7
:1064800001230023DBB2002B16D0FB6800221A6325
:10649000FB68202283F83D20FB68002283F83E2021
:1064A000FB681B6C43F02002FB681A64FB68002247
:1064B00083F83C20012321E0BB681B0CDBB2012BDD
:1064C0000CD1FB681B685B69DA43BB6813409BB265
:1064D000002B14BF01230023DBB20BE0FB681B6819
:1064E0009B69DA43BB6813409BB2002B14BF0123A6
:1064F0000023DBB2002B7FF46DAF0023184610376A
:10650000BD4680BD80B584B000AFF860B9607A60E8
:1065100034E0F86800F0E3F80346002B01D00123D3
:1065200034E0BB68B3F1FF3F28D0EBF7D7FB02465E
:106530007B68D31ABA689A4202D3BB68002B1DD17C
:10654000FB681B685B6903F08003802B16D0FB6837
:1065500000221A63FB68202283F83D20FB6800229A
:1065600083F83E20FB681B6C43F02002FB681A6432
:10657000FB68002283F83C20012307E0FB681B68CE
:106580005B6903F08003802BC3D1002318461037CA
:10659000BD4680BD80B584B000AFF860B9607A6058
:1065A00034E0F86800F09BF80346002B01D001238B
:1065B00034E0BB68B3F1FF3F28D0EBF78FFB024616
:1065C0007B68D31ABA689A4202D3BB68002B1DD1EC
:1065D000FB681B685B6903F00403042B16D0FB689F
:1065E00000221A63FB68202283F83D20FB6800220A
:1065F00083F83E20FB681B6C43F02002FB681A64A2
:10660000FB68002283F83C20012307E0FB681B683D
:106610005B6903F00403042BC3D100231846103731
:10662000BD4680BD80B584B000AFF860B9607A60C7
:1066300049E0FB681B685B6903F01003102B19D15C
:10664000FB681B686FF010025A61FB6800221A6336
:10665000FB68202283F83D20FB68002283F83E205F
:10666000FB681A6CFB681A64FB68002283F83C2004
:10667000012330E0EBF732FB02467B68D31ABA689D
:106680009A4202D3BB68002B1DD1FB681B685B6973
:1066900003F04003402B16D0FB6800221A63FB680E
:1066A000202283F83D20FB68002283F83E20FB680F
:1066B0001B6C43F02002FB681A64FB68002283F81D
:1066C0003C20012307E0FB681B685B6903F0400383
:1066D000402BAED1002318461037BD4680BD80B494
:1066E00083B000AF78607B681B685B6903F48063EC
:1066F000B3F5806F1BD17B681B686FF480625A61B1
:106700007B6800221A637B68202283F83D207B6827
:10671000002283F83E207B681B6C43F004027B68F8
:106720001A647B68002283F83C20012300E00023E8
:1067300018460C37BD465DF8047B704780B586B0BF
:1067400000AF78607B68002B01D1012367E27B6892
:106750001B6803F00103002B75D0884B9B6803F086
:106760000C03042B0CD0854B9B6803F00C03082B07
:1067700012D1824B5B6803F48003B3F5800F0BD119
:106780007E4B1B6803F40033002B5BD07B685B6897
:10679000002B57D1012342E27B685B68B3F5803F51
:1067A00006D1764B1B68754A43F4803313601DE0B5
:1067B0007B685B68B3F5A02F0CD1704B1B686F4AE8
:1067C00043F4802313606D4B1B686C4A43F48033A1
:1067D00013600BE0694B1B68684A23F48033136035
:1067E000664B1B68654A23F4802313607B685B68F3
:1067F000002B13D0EBF772FA386108E0EBF76EFA72
:1068000002463B69D31A642B01D9032307E25B4B91
:106810001B6803F40033002BF0D014E0EBF75EFAB2
:10682000386108E0EBF75AFA02463B69D31A642B49
:1068300001D90323F3E1514B1B6803F40033002B10
:10684000F0D100E000BF7B681B6803F00203002B5F
:1068500063D04A4B9B6803F00C03002B0BD0474BD3
:106860009B6803F00C03082B1CD1444B5B6803F4BA
:106870008003002B16D1414B1B6803F00203002B51
:1068800005D07B68DB68012B01D00123C7E13B4BBE
:106890001B6823F0F8027B681B69DB003749134350
:1068A0000B603AE07B68DB68002B20D0344B012280
:1068B0001A60EBF713FA386108E0EBF70FFA0246BB
:1068C0003B69D31A022B01D90323A8E12B4B1B6888
:1068D00003F00203002BF0D0284B1B6823F0F802D2
:1068E0007B681B69DB00254913430B6015E0244BD3
:1068F00000221A60EBF7F2F9386108E0EBF7EEF9E5
:1069000002463B69D31A022B01D9032387E11B4BB3
:106910001B6803F00203002BF0D17B681B6803F0B7
:106920000803002B36D07B685B69002B16D0154B13
:1069300001221A60EBF7D2F9386108E0EBF7CEF9E3
:1069400002463B69D31A022B01D9032367E10B4BA3
:106950005B6F03F00203002BF0D01BE0094B002219
:106960001A60EBF7BBF938610EE0EBF7B7F90246B6
:106970003B69D31A022B07D9032350E100380240A8
:1069800000004742800E4742884B5B6F03F00203D2
:10699000002BEAD17B681B6803F00403002B00F096
:1069A00097800023FB75814B1B6C03F08053002BF9
:1069B0000FD10023BB607D4B1B6C7C4A43F080539E
:1069C00013647A4B1B6C03F08053BB60BB680123DC
:1069D000FB75774B1B6803F48073002B18D1744B45
:1069E0001B68734A43F480731360EBF777F93861DF
:1069F00008E0EBF773F902463B69D31A022B01D981
:106A000003230CE16A4B1B6803F48073002BF0D066
:106A10007B689B68012B06D1644B1B6F634A43F074
:106A2000010313671CE07B689B68052B0CD15F4B4F
:106A30001B6F5E4A43F0040313675C4B1B6F5B4A9A
:106A400043F0010313670BE0584B1B6F574A23F0C9
:106A500001031367554B1B6F544A23F0040313675C
:106A60007B689B68002B15D0EBF738F938610AE09A
:106A7000EBF734F902463B69D31A41F2883293426C
:106A800001D90323CBE0494B1B6F03F00203002B1A
:106A9000EED014E0EBF722F938610AE0EBF71EF9CB
:106AA00002463B69D31A41F28832934201D903234B
:106AB000B5E03E4B1B6F03F00203002BEED1FB7DD4
:106AC000012B05D1394B1B6C384A23F080531364DA
:106AD0007B689B69002B00F0A180344B9B6803F01E
:106AE0000C03082B5CD07B689B69022B41D1314B96
:106AF00000221A60EBF7F2F8386108E0EBF7EEF8E5
:106B000002463B69D31A022B01D9032387E0274BA6
:106B10001B6803F00073002BF0D17B68DA697B6897
:106B20001B6A1A437B685B6A9B011A437B689B6AFA
:106B30005B08013B1B041A437B68DB6A1B061B498D
:106B400013434B601B4B01221A60EBF7C7F8386107
:106B500008E0EBF7C3F802463B69D31A022B01D9D0
:106B600003235CE0114B1B6803F00073002BF0D093
:106B700054E0104B00221A60EBF7B0F8386108E0DF
:106B8000EBF7ACF802463B69D31A022B01D9032379
:106B900045E0064B1B6803F00073002BF0D13DE08D
:106BA0007B689B69012B07D1012338E00038024044
:106BB00000700040600047421B4B5B68FB607B68D5
:106BC0009B69012B28D0FB6803F480027B68DB699A
:106BD0009A4221D1FB6803F03F027B681B6A9A420C
:106BE0001AD1FA6847F6C07313407A68526A920164
:106BF000934211D1FB6803F440327B689B6A5B08C7
:106C0000013B1B049A4207D1FB6803F070627B686A
:106C1000DB6A1B069A4201D0012300E000231846DC
:106C20001837BD4680BD00BF0038024080B584B033
:106C300000AF786039607B68002B01D10123CCE084
:106C4000684B1B6803F007033A689A420CD9654BFE
:106C50003A68D2B21A70634B1B6803F007033A68B4
:106C60009A4201D00123B8E07B681B6803F002035D
:106C7000002B20D07B681B6803F00403002B05D099
:106C8000594B9B68584A43F4E05393607B681B68F8
:106C900003F00803002B05D0534B9B68524A43F482
:106CA00060439360504B9B6823F0F0027B689B68C5
:106CB0004D4913438B607B681B6803F00103002B75
:106CC00044D07B685B68012B07D1474B1B6803F4FA
:106CD0000033002B19D101237FE07B685B68022B16
:106CE00003D07B685B68032B07D13F4B1B6803F025
:106CF0000073002B09D101236FE03B4B1B6803F0AD
:106D00000203002B01D1012367E0374B9B6823F07E
:106D100003027B685B68344913438B60EAF7DEFF4C
:106D2000F8600AE0EAF7DAFF0246FB68D31A41F29C
:106D30008832934201D903234FE02B4B9B6803F029
:106D40000C027B685B689B009A42EBD1254B1B6869
:106D500003F007033A689A420CD2224B3A68D2B247
:106D60001A70204B1B6803F007033A689A4201D05F
:106D7000012332E07B681B6803F00403002B08D07A
:106D8000194B9B6823F4E0527B68DB681649134378
:106D90008B607B681B6803F00803002B09D0124B43
:106DA0009B6823F460427B681B69DB000E49134338
:106DB0008B6000F021F802460B4B9B681B0903F027
:106DC0000F030A49CB5C22FA03F3094A1360094B0B
:106DD0001B681846EBF758FE002318461037BD46CF
:106DE00080BD00BF003C024000380240B8C202082B
:106DF00038020020A40200202DE9B04F90B000AF6F
:106E000000237B630023FB6300233B630023BB63FE
:106E1000594B9B6803F00C03082B0DD0082B00F294
:106E2000A180002B02D0042B03D09BE0534BBB630B
:106E30009BE0534BBB6398E04F4B5B6803F03F0311
:106E40007B634D4B5B6803F48003002B28D04A4BD7
:106E50005B689B0900223B627A623B6AC3F30800CD
:106E60000021474B03FB01F2002300FB03F3134413
:106E7000434AA0FB0212FA620A46BA62FA6A134453
:106E8000FB627B6B0022BB61FA61D7E90623D7E97D
:106E90000A01E9F759FF02460B461346FB6353E02C
:106EA000354B5B689B0900223B617A613B69C3F308
:106EB000080A4FF0000B52465B464FF000004FF0BF
:106EC0000001590141EAD261500102460B46B2EB82
:106ED0000A0863EB0B094FF000024FF000034FEA82
:106EE000891343EA98634FEA8812B2EB080463EB14
:106EF00009054FF000024FF00003EB0043EA547322
:106F0000E20014461D4614EB0A033B6045EB0B03FD
:106F10007B604FF000024FF00003D7E9004529469F
:106F20008B02214643EA915321468A0210461946B4
:106F30007B6B0022BB60FA60D7E90223E9F704FF0C
:106F400002460B461346FB630B4B5B681B0C03F0BE
:106F5000030301335B003B63FA6B3B6BB2FBF3F360
:106F6000BB6302E0054BBB6300BFBB6B18464037F9
:106F7000BD46BDE8B08F00BF003802400024F400D9
:106F800040787D0180B400AF034B1B681846BD46B6
:106F90005DF8047B704700BF3802002080B500AF69
:106FA000FFF7F0FF0246054B9B689B0A03F00703BF
:106FB0000349CB5C22FA03F3184680BD0038024037
:106FC000C8C2020880B500AFFFF7DCFF0246054BE0
:106FD0009B685B0B03F007030349CB5C22FA03F3C6
:106FE000184680BD00380240C8C2020880B483B091
:106FF00000AF786039607B680F221A60124B9B6883
:1070000003F003027B685A600F4B9B6803F0F002A9
:107010007B689A600C4B9B6803F4E0527B68DA60F3
:10702000094B9B68DB0803F4E0527B681A61074B4D
:107030001B6803F007023B681A6000BF0C37BD46AF
:107040005DF8047B704700BF00380240003C0240FE
:1070500080B586B000AF786000237B6100233B6180
:107060007B681B6803F00103002B05D17B681B685C
:1070700003F00403002B35D0624B00221A60EAF7BC
:107080002DFE786108E0EAF729FE02467B69D31AF3
:10709000022B01D90323B0E05B4B1B6803F00063B4
:1070A000002BF0D17B685B689A017B689B681B07AB
:1070B00055491343C1F88430524B01221A60EAF754
:1070C0000DFE786108E0EAF709FE02467B69D31AF3
:1070D000022B01D9032390E04B4B1B6803F00063A4
:1070E000002BF0D07B681B6803F00203002B00F03C
:1070F00083800023FB60444B1B6C434A43F0805366
:107100001364414B1B6C03F08053FB60FB683F4BE7
:107110001B683E4A43F480731360EAF7DFFD786131
:1071200008E0EAF7DBFD02467B69D31A022B01D99E
:10713000032362E0354B1B6803F48073002BF0D00F
:10714000314B1B6F03F440733B613B69002B2FD025
:107150007B68DB6803F440733A699A4228D02A4B73
:107160001B6F23F440733B61294B01221A60284BAB
:1071700000221A60244A3B691367234B1B6F03F0FC
:107180000103012B14D1EAF7A9FD78610AE0EAF7BF
:10719000A5FD02467B69D31A41F28832934201D998
:1071A00003232AE0184B1B6F03F00203002BEED0E1
:1071B0007B68DB6803F44073B3F5407F0DD1124B5D
:1071C0009B6823F4F8127B68DB6823F0704323F498
:1071D00040730D4913438B6005E00B4B9B680A4AD3
:1071E00023F4F8139360084B1A6F7B68DB68C3F3D2
:1071F0000B03054913430B67002318461837BD4698
:1072000080BD00BF68004742003802400070004067
:10721000400E474280B584B000AF78600123FB7315
:107220007B68002B01D1012373E07B685B7FDBB2BD
:10723000002B05D17B6800221A777868EBF79AF863
:107240007B6802225A777B681B68DB6803F01003B7
:10725000102B55D07B681B68CA225A627B681B685A
:1072600053225A62786800F0D3FB0346FB73FB7B22
:10727000002B2CD17B681B689B687A68126823F40A
:10728000E00323F0400393607B681B6899687B6888
:107290005A687B681B691A437B685B691A437B6881
:1072A0001B680A439A607B681B687A68D2681A6117
:1072B0007B681B6819697B689B681A047B681B687C
:1072C0000A431A61786800F0DAFB0346FB73FB7B24
:1072D000002B10D17B681B681A6C7B681B6822F43A
:1072E00080221A647B681B68196C7B689A697B68CA
:1072F0001B680A431A647B681B68FF225A6201E01C
:107300000023FB73FB7B002B02D17B6801225A77A1
:10731000FB7B18461037BD4680BD90B587B000AFE7
:10732000F860B9607A6000237B61FB681B7F012BEA
:1073300001D1022387E0FB6801221A77FB68022251
:107340005A777B68002B26D1FB681B689B6803F08B
:107350004003002B02D1BB680022DA70BB681B78A7
:10736000184600F0B1FB03461C04BB685B78184666
:1073700000F0AAFB03461B021C43BB689B7818461F
:1073800000F0A2FB034644EA0302BB68DB789B05DE
:1073900013437B6118E0FB681B689B6803F04003A4
:1073A000002B02D1BB680022DA70BB681B781A047C
:1073B000BB685B781B021343BA6892781A43BB68B8
:1073C000DB789B0513437B61FB681B68CA225A620A
:1073D000FB681B6853225A62F86800F019FB0346E9
:1073E000FB74FB7C002B20D1FB681A687B6903F0DF
:1073F0007F3323F0FE431360FB681B689A68FB68C9
:107400001B6822F480229A60FB681B689968BB683D
:10741000DA68BB681B691A43FB681B680A439A60F9
:10742000F86800F02CFB0346FB74FB7C002B02D1B8
:10743000FB6801225A77FB681B68FF225A62FB68CF
:1074400000221A77FB7C18461C37BD4690BD80B5DC
:1074500086B000AFF860B9607A6000237B61FB689A
:107460001B689A6ABB685A60FB681B681B69C3F398
:107470000E02BB689A60FB681B681B6803F07F33D1
:1074800023F0FE437B617B691B0CDBB203F03F03FF
:10749000DAB2BB681A707B691B0ADBB203F07F03A8
:1074A000DAB2BB685A707B69DBB203F07F03DAB2F1
:1074B000BB689A707B699B0DDBB203F00103DAB203
:1074C000BB68DA707B68002B1AD1BB681B78184642
:1074D00000F018FB03461A46BB681A70BB685B785D
:1074E000184600F00FFB03461A46BB685A70BB688B
:1074F0009B78184600F006FB03461A46BB689A7054
:10750000002318461837BD4680BD90B587B000AF40
:10751000F860B9607A6000237B61FB681B7F012BF8
:1075200001D1022371E0FB6801221A77FB68022275
:107530005A777B68002B0ED1BB685B7803F0100391
:10754000002B08D0BB685B7823F01003DBB20A3352
:10755000DAB2BB685A707B68002B1CD1BB68DB7841
:10756000184600F0B1FA03461C04BB685B78184665
:1075700000F0AAFA03461B021C43BB689B7818461E
:1075800000F0A2FA034644EA0302BB681B785B03DF
:1075900013437B610EE0BB68DB781A04BB685B7841
:1075A0001B021343BA6892781A43BB681B785B03CB
:1075B00013437B61FB681B68CA225A62FB681B6825
:1075C00053225A62F86800F023FA0346FB74FB7CEE
:1075D000002B0CD1FB681A687B6923F07F4323F0F2
:1075E000C0035360F86800F04AFA0346FB74FB7C62
:1075F000002B02D1FB6801225A77FB681B68FF222F
:107600005A62FB6800221A77FB7C18461C37BD467D
:1076100090BD80B586B000AFF860B9607A60002395
:107620007B61FB681B685B6823F07F4323F0C0032A
:107630007B617B691B0CDAB2BB68DA707B691B0A61
:10764000DBB203F01F03DAB2BB685A707B69DBB2AE
:1076500003F03F03DAB2BB689A707B695B0BDBB265
:1076600003F00703DAB2BB681A707B68002B1AD1EB
:10767000BB68DB78184600F045FA03461A46BB683B
:10768000DA70BB685B78184600F03CFA03461A468D
:10769000BB685A70BB689B78184600F033FA034603
:1076A0001A46BB689A70002318461837BD4680BD3D
:1076B00090B589B000AFF860B9607A609B4B1B68E9
:1076C0009B4AA2FB0323DB0A4FF47A7202FB03F30B
:1076D0007B610023FB610023BB61FB681B7F012BE7
:1076E00001D102231EE1FB6801221A77FB68022206
:1076F0005A777B68002B37D1FB681B689B6803F0C7
:107700004003002B02D1BB680022DA70BB681B78F3
:10771000184600F0D9F903461C04BB685B7818468C
:1077200000F0D2F903461B021C43BB689B78184645
:1077300000F0CAF9034644EA0302BB68DB789B0504
:1077400042EA0304BB6893F82030184600F0BCF905
:1077500003461B0644EA0302BB68DB691A43BB68A5
:107760005B691343FB6123E0FB681B689B6803F0C4
:107770004003002B02D1BB680022DA70BB681B7883
:107780001A04BB685B781B021343BA6892781A43E9
:10779000BB68DB789B051A43BB6893F820301B0657
:1077A0001A43BB68DB691A43BB685B691343FB611F
:1077B000BB685A68BB689B691343BB61FB681B6865
:1077C000CA225A62FB681B6853225A62BB685B6A12
:1077D000B3F5807F42D1FB681B689A68FB681B6821
:1077E00022F480729A60FB681B68DB68DAB2FB687F
:1077F0001B6862F4C072DA607B69013B7B617B6964
:10780000002B0BD1FB681B68FF225A62FB68032226
:107810005A77FB6800221A77032383E0FB681B6812
:10782000DB6803F00103002BE6D0FB681B68FA69F4
:10783000DA61FB681B68BA695A64FB681B689A685E
:10784000FB681B6842F480729A60FB681B689A6848
:10785000FB681B6842F480529A604CE0FB681B682E
:107860009A68FB681B6822F400729A60FB681B68C8
:10787000DB68DAB2FB681B6862F42072DA602B4BBB
:107880001B682B4AA2FB0323DB0A4FF47A7202FB2C
:1078900003F37B617B69013B7B617B69002B0BD12F
:1078A000FB681B68FF225A62FB6803225A77FB6859
:1078B00000221A77032335E0FB681B68DB6803F0BE
:1078C0000203002BE6D0FB681B68FA691A62FB68AA
:1078D0001B68BA699A64FB681B689A68FB681B6836
:1078E00042F400729A60FB681B689A68FB681B6828
:1078F00042F400529A600F4B1B680E4A43F4003367
:1079000013600C4B9B680B4A43F400339360FB6895
:107910001B68FF225A62FB6801225A77FB6800222B
:107920001A77002318462437BD4690BD3802002040
:10793000D34D6210003C014080B582B000AF78604A
:107940001F4B4FF400325A617B681B689B6803F43D
:107950008053002B12D07B681B68DB6803F48073B4
:10796000002B0BD07B681B68DB68DAB27B681B6876
:1079700062F4C072DA607868EAF782FB7B681B68A1
:107980009B6803F40053002B12D07B681B68DB68F4
:1079900003F40073002B0BD07B681B68DB68DAB242
:1079A0007B681B6862F42072DA60786800F0C8F8BF
:1079B0007B6801225A7700BF0837BD4680BD00BFF3
:1079C000003C014080B584B000AF78600023FB60CC
:1079D0007B681B680D4ADA60EAF780F9F86009E015
:1079E000EAF77CF90246FB68D31AB3F57A7F01D92E
:1079F000032307E07B681B68DB6803F02003002B90
:107A0000EED0002318461037BD4680BD5F7F0100D1
:107A100080B584B000AF78600023BB600023FB73A7
:107A20007B681B68DB6803F04003002B22D17B6876
:107A30001B68DA687B681B6842F08002DA60EAF74C
:107A40004DF9B8600CE0EAF749F90246BB68D31A71
:107A5000B3F57A7F04D97B6804225A770123FB733C
:107A60007B681B68DB6803F04003002B02D1FB7BC3
:107A7000012BE8D1FB7B18461037BD4680BD80B591
:107A800084B000AF78600023FB737B681B68DA6802
:107A90007B681B6822F08002DA607B681B689B6849
:107AA00003F02003002B0AD17868FFF78BFF034611
:107AB000002B04D07B6804225A770123FB73FB7BE5
:107AC00018461037BD4680BD80B485B000AF034670
:107AD000FB710023FB6005E0FB680133FB60FB7971
:107AE0000A3BFB71FB79092BF6D8FB68DBB21B0163
:107AF000DAB2FB791343DBB218461437BD465DF8A2
:107B0000047B704780B485B000AF0346FB7100234F
:107B1000FB60FB791B09DBB21A4613469B0013443A
:107B20005B00FB60FB68DAB2FB7903F00F03DBB2AA
:107B30001344DBB218461437BD465DF8047B70472A
:107B400080B483B000AF786000BF0C37BD465DF8ED
:107B5000047B704780B582B000AF78607B68002BF3
:107B600001D1012322E07B6893F83430DBB2002B93
:107B700005D17B6800221A777868EAF72DFC7B68CC
:107B8000032283F83420786800F014F80346002BB1
:107B900001D001230AE07B6800229A637B680022FF
:107BA0001A637B68012283F83420002318460837C3
:107BB000BD4680BDB0B58EB004AF78600023BB6019
:107BC0000023FB6000233B6100237B610023BB613A
:107BD0007623FB617B681D686C4607F1140393E80C
:107BE000070084E8070007F108030ECB284603F0DE
:107BF000FDFE034687F8273097F82730002B01D089
:107C000001234FE0294B00221A607B681B6818464D
:107C100003F035FF254B01221A600220EAF778F8BD
:107C2000786801F097F838623B6A002B0BD07B68CC
:107C3000012283F834207B689A6B3B6A1A437B6885
:107C40009A6301232EE0786800F0B6FF38623B6A41
:107C5000002B0BD07B68012283F834207B689A6B61
:107C60003B6A1A437B689A6301231BE07B681B68AD
:107C70004FF40071184603F0A2FF38623B6A002BF4
:107C80000FD07B681B680A4A9A637B689A6B3B6AD1
:107C90001A437B689A637B68012283F834200123AE
:107CA00000E0002318462837BD46B0BDA08025421D
:107CB000FF05400080B582B000AF78607B68002B84
:107CC00001D1012311E07B68032283F83420786816
:107CD00001F0CEF87868EAF78BFC7B6800229A63A3
:107CE0007B68002283F83420002318460837BD46FD
:107CF00080BD000080B592B000AFF860B9607A60D6
:107D00003B60E9F7EBFF38637B68BB63BB687B6371
:107D1000BB68002B07D1FB689B6B43F00062FB68DC
:107D20009A630123C5E1FB6893F83430DBB2012B81
:107D300040F0B881FB6800229A63BA6B3B681A4432
:107D4000FB68DB6D9A4207D9FB689B6B43F00072BE
:107D5000FB689A630123ACE1FB68032283F83420BB
:107D6000FB681B680022DA62FB685B6C012B02D0A7
:107D7000BB6B5B02BB634FF0FF337B613B685B0215
:107D8000BB619023FB6102233B6200237B620123E2
:107D9000BB62FB681B6807F114021146184603F02A
:107DA000E2FE3B68012B0AD9FB6802221A63FB68DA
:107DB0001B68B96B184603F046FF786409E0FB685E
:107DC00001221A63FB681B68B96B184603F019FFA0
:107DD00078647B6C002B12D0FB681B687E4A9A6328
:107DE000FB689A6B7B6C1A43FB689A63FB68012201
:107DF00083F83420FB6800221A63012359E1BB6930
:107E0000FB6361E0FB681B685B6B03F40043002BC2
:107E10003CD0FB6B002B39D000233B6433E0FB6884
:107E20001B68184603F00DFEF862FB6ADAB27B6B42
:107E30001A707B6B01337B63FB6B013BFB63FB6A5B
:107E40001B0ADAB27B6B1A707B6B01337B63FB6BB3
:107E5000013BFB63FB6A1B0CDAB27B6B1A707B6B1A
:107E600001337B63FB6B013BFB63FB6A1B0EDAB2E6
:107E70007B6B1A707B6B01337B63FB6B013BFB639A
:107E80003B6C01333B643B6C072BC8D9E9F726FFF9
:107E900002463B6BD31A3A6D9A4202D93B6D002BD6
:107EA00012D1FB681B684C4A9A63FB689B6B43F0DA
:107EB0000042FB689A63FB68012283F83420FB6868
:107EC00000221A630323F4E0FB681B685A6B40F23C
:107ED0002A331340002B95D0FB681B685B6B03F4BF
:107EE0008073002B22D03B68012B1FD9FB685B6C91
:107EF000032B1BD0FB681B68184603F00BFF78644C
:107F00007B6C002B12D0FB681B68334A9A63FB68BA
:107F10009A6B7B6C1A43FB689A63FB68012283F8B7
:107F20003420FB6800221A630123C2E0FB681B684F
:107F30005B6B03F00803002B06D1FB681B685B6BCF
:107F400003F40073002B12D0FB681B68224A9A636B
:107F5000FB689B6B43F00802FB689A63FB68012295
:107F600083F83420FB6800221A630123A1E0FB6838
:107F70001B685B6B03F00203002B12D0FB681B68CD
:107F8000154A9A63FB689B6B43F00202FB689A6395
:107F9000FB68012283F83420FB6800221A63012366
:107FA00087E0FB681B685B6B03F02003002B64D049
:107FB000FB681B68084A9A63FB689B6B43F02002CE
:107FC000FB689A63FB68012283F83420FB68002277
:107FD0001A6301236DE000BFFF054000FB681B68CA
:107FE000184603F02EFDF862FB6ADAB27B6B1A705A
:107FF0007B6B01337B63FB6B013BFB63FB6A1B0AFF
:10800000DAB27B6B1A707B6B01337B63FB6B013BDA
:10801000FB63FB6A1B0CDAB27B6B1A707B6B013360
:108020007B63FB6B013BFB63FB6A1B0EDAB27B6B72
:108030001A707B6B01337B63FB6B013BFB63E9F7DE
:108040004DFE02463B6BD31A3A6D9A4202D93B6D04
:10805000002B12D1FB681B68184A9A63FB689B6B64
:1080600043F00042FB689A63FB68012283F83420E6
:10807000FB6800221A6301231BE0FB681B685B6B33
:1080800003F40013002B02D0FB6B002BA6D1FB687E
:108090001B6840F23A529A63FB68012283F834204D
:1080A000002306E0FB689B6B43F00052FB689A6379
:1080B000012318464837BD4680BD00BFFF0540007C
:1080C00080B592B000AFF860B9607A603B60E9F7C4
:1080D00005FE38637B68BB63BB687B63BB68002BB2
:1080E00007D1FB689B6B43F00062FB689A63012336
:1080F0006DE1FB6893F83430DBB2012B40F0608116
:10810000FB6800229A63BA6B3B681A44FB68DB6D1C
:108110009A4207D9FB689B6B43F00072FB689A6335
:10812000012354E1FB68032283F83420FB681B68B9
:108130000022DA62FB685B6C012B02D0BB6B5B0236
:10814000BB634FF0FF33BB613B685B02FB61902375
:108150003B6200237B620023BB620123FB62FB685E
:108160001B6807F118021146184603F0FCFC3B6837
:10817000012B0AD9FB6820221A63FB681B68B96BC4
:10818000184603F0A4FD786409E0FB6810221A6326
:10819000FB681B68B96B184603F077FD78647B6C4D
:1081A000002B12D0FB681B688B4A9A63FB689A6BA2
:1081B0007B6C1A43FB689A63FB68012283F83420C6
:1081C000FB6800221A63012301E1FB69FB6365E0A0
:1081D000FB681B685B6B03F48043002B40D0FB6B98
:1081E000002B3DD000233B6437E07B6B1B787B6129
:1081F0007B6B01337B63FB6B013BFB637B6B1B780E
:108200001A027B6913437B617B6B01337B63FB6BDE
:10821000013BFB637B6B1B781A047B6913437B6117
:108220007B6B01337B63FB6B013BFB637B6B1B78DD
:108230001A067B6913437B617B6B01337B63FB6BAA
:10824000013BFB63FB681B6807F1140211461846EB
:1082500003F004FC3B6C01333B643B6C072BC4D93B
:10826000E9F73CFD02463B6BD31A3A6D9A4202D9BC
:108270003B6D002B12D1FB681B68574A9A63FB6861
:108280009A6B7B6C1A43FB689A63FB68012283F844
:108290003420FB6800221A63032398E0FB681B6804
:1082A0005A6B40F21A331340002B91D0FB681B68C5
:1082B0005B6B03F48073002B22D03B68012B1FD92A
:1082C000FB685B6C032B1BD0FB681B68184603F034
:1082D00021FD78647B6C002B12D0FB681B683E4A42
:1082E0009A63FB689A6B7B6C1A43FB689A63FB6822
:1082F000012283F83420FB6800221A63012366E020
:10830000FB681B685B6B03F00803002B06D1FB685E
:108310001B685B6B03F40073002B12D0FB681B68B7
:108320002D4A9A63FB689B6B43F00802FB689A63D3
:10833000FB68012283F83420FB6800221A630123C2
:1083400045E0FB681B685B6B03F00203002B12D057
:10835000FB681B68204A9A63FB689B6B43F0020230
:10836000FB689A63FB68012283F83420FB680022D3
:108370001A6301232BE0FB681B685B6B03F010039F
:10838000002B12D0FB681B68134A9A63FB689B6B37
:1083900043F01002FB689A63FB68012283F83420E3
:1083A000FB6800221A63012311E0FB681B6840F29E
:1083B0003A529A63FB68012283F83420002306E0D6
:1083C000FB689B6B43F00052FB689A6301231846DD
:1083D0004837BD4680BD00BFFF05400080B584B072
:1083E00000AF78607B681B6BFB607B681B685B6B16
:1083F00003F40043002B08D0FB6803F00803002BB4
:1084000003D0786800F069FD65E17B681B685B6BF1
:1084100003F48073002B00F08F807B681B684FF49F
:1084200080729A637B681B68DB6B7A68126823F43E
:10843000434323F03A03D3637B681B68DA6A7B68A3
:108440001B6822F00102DA62FB6803F00803002BCC
:1084500039D0FB6803F00203002B04D1FB6803F062
:108460002003002B11D07B681B68184603F052FCD8
:10847000B860BB68002B08D07B689A6BBB681A4356
:108480007B689A63786800F02FF97B681B6840F27C
:108490003A529A637B68012283F834207B68002279
:1084A0001A63FB6803F00103002B04D1FB6803F09F
:1084B0000203002B03D0786804F078F80BE17868A9
:1084C00004F06AF807E1FB6803F08003002B00F07A
:1084D0000281FB6803F02003002B11D07B681B682E
:1084E000184603F017FCB860BB68002B08D07B6807
:1084F0009A6BBB681A437B689A63786800F0F4F85B
:10850000FB6803F00103002B40F0E580FB6803F0FB
:108510000203002B40F0DF807B681B68DA6A7B680F
:108520001B6822F00802DA627B68012283F834209B
:10853000786804F031F8CEE07B681B685B6B03F46D
:108540008043002B08D0FB6803F00803002B03D006
:10855000786800F013FDBEE07B681B685A6B40F240
:108560003A231340002B00F0B6807B681B685B6BDE
:1085700003F00203002B05D07B689B6B43F00202E3
:108580007B689A637B681B685B6B03F00803002BB6
:1085900005D07B689B6B43F008027B689A637B681D
:1085A0001B685B6B03F02003002B05D07B689B6B83
:1085B00043F020027B689A637B681B685B6B03F067
:1085C0001003002B05D07B689B6B43F010027B6887
:1085D0009A637B681B685B6B03F40073002B05D008
:1085E0007B689B6B43F008027B689A637B681B681F
:1085F00040F23A729A637B681B68DB6B7A68126898
:1086000023F44E7323F00203D3637B681B68184680
:1086100003F080FB02467B689B6B1A437B689A637E
:10862000FB6803F00803002B0AD07B68012283F863
:1086300034207B6800221A63786800F055F84AE01D
:10864000FB6803F08003002B45D0FB6803F01003A8
:10865000002B04D1FB6803F02003002B11D07B68B2
:10866000DB6B1F4A1A657B68DB6B1846FBF770FBF8
:108670000346002B2FD07B68DB6B184600F02EFAE8
:1086800029E0FB6803F00103002B04D1FB6803F031
:108690000203002B11D07B681B6C124A1A657B68A1
:1086A0001B6C1846FBF754FB0346002B13D07B686A
:1086B0001B6C184600F049FA0DE07B6800229A63B3
:1086C0007B68012283F834207B6800221A63786873
:1086D00003F058FFFFE700BF1037BD4680BD00BF65
:1086E000DD8A01084B8B010880B483B000AF78604D
:1086F00000BF0C37BD465DF8047B704780B483B083
:1087000000AF786039607B685B6E9B0FDAB23B68C4
:108710001A707B685B6E9B0EDBB203F00F03DAB25C
:108720003B685A707B685B6E1B0EDBB203F0030381
:10873000DAB23B689A707B685B6E1B0CDAB23B68FE
:10874000DA707B685B6E1B0ADAB23B681A717B6871
:108750005B6EDAB23B685A717B689B6E1B0D9AB2F6
:108760003B68DA807B689B6E1B0CDBB203F00F0367
:10877000DAB23B681A727B689B6EDB0BDBB203F0EC
:108780000103DAB23B685A727B689B6E9B0BDBB2CB
:1087900003F00103DAB23B689A727B689B6E5B0B55
:1087A000DBB203F00103DAB23B68DA727B689B6EDE
:1087B0001B0BDBB203F00103DAB23B681A733B68B0
:1087C00000225A737B685B6C002B63D17B689B6EC5
:1087D0009A0040F6FC7313407A68D26E920F1A43E7
:1087E0003B681A617B68DB6EDB0EDBB203F00703CC
:1087F000DAB23B681A757B68DB6E1B0EDBB203F0E6
:108800000703DAB23B685A757B68DB6E5B0DDBB23F
:1088100003F00703DAB23B689A757B68DB6E9B0C4A
:10882000DBB203F00703DAB23B68DA757B68DB6E14
:10883000DB0BDBB203F00703DAB23B681A763B6866
:108840001B695A1C7B685A653B681B7EDBB203F0D0
:1088500007030233012202FA03F37A68526D03FB25
:1088600002F27B685A653B681B7ADBB203F00F03A8
:1088700001229A407B689A657B685B6D7A68926D8D
:10888000520A03FB02F27B68DA657B684FF40072E0
:108890001A6631E07B685B6C012B1DD17B689B6E97
:1088A0001B0403F47C127B68DB6E1B0C1A433B68D1
:1088B0001A613B681B6901339A027B685A657B68C1
:1088C0005A6D7B68DA657B684FF400729A657B6845
:1088D0009A6D7B681A660FE07B681B68584A9A633A
:1088E0007B689B6B43F080527B689A637B680122B4
:1088F00083F8342001239DE07B68DB6E9B0BDBB2A9
:1089000003F00103DAB23B685A767B68DB6EDB0961
:10891000DBB203F07F03DAB23B689A767B68DB6EEA
:10892000DBB203F07F03DAB23B68DA767B681B6F59
:10893000DB0FDAB23B681A777B681B6F5B0FDBB229
:1089400003F00303DAB23B685A777B681B6F9B0E18
:10895000DBB203F00703DAB23B689A777B681B6FE0
:108960009B0DDBB203F00F03DAB23B68DA777B686A
:108970001B6F5B0DDBB203F00103DAB23B6883F8D7
:1089800020203B68002283F821207B681B6F1B0C92
:10899000DBB203F00103DAB23B6883F822207B6884
:1089A0001B6FDB0BDBB203F00103DAB23B6883F829
:1089B00023207B681B6F9B0BDBB203F00103DAB251
:1089C0003B6883F824207B681B6F5B0BDBB203F0F2
:1089D0000103DAB23B6883F825207B681B6F1B0B11
:1089E000DBB203F00103DAB23B6883F826207B6830
:1089F0001B6F9B0ADBB203F00303DAB23B6883F818
:108A000027207B681B6F1B0ADBB203F00303DAB27B
:108A10003B6883F828207B681B6F5B08DBB203F0A0
:108A20007F03DAB23B6883F829203B68012283F890
:108A30002A20002318460C37BD465DF8047B70479A
:108A4000FF05400080B483B000AF786039607B6878
:108A50005A6C3B681A607B689A6C3B685A607B680A
:108A6000DA6C3B689A607B681A6D3B68DA607B68F9
:108A70005A6D3B681A617B689A6D3B685A617B68E6
:108A8000DA6D3B689A617B681A6E3B68DA61002395
:108A900018460C37BD465DF8047B704780B586B03C
:108AA00000AF78600023FB6007F10C03194678687B
:108AB00000F0EBF978617B69002B05D07B689A6B3D
:108AC0007B691A437B689A63FB685B0A03F00F03B8
:108AD0003B613B6918461837BD4680BD80B584B000
:108AE00000AF78607B689B6BFB60FB681B6840F2A3
:108AF0003A529A63F868FFF7D1FFB860FB68012229
:108B000083F83420FB6800221A63BB68062B02D06E
:108B1000BB68052B0AD1FB681B68184603F0FAF8FE
:108B20000246FB689B6B1A43FB689A63FB689B6B6E
:108B3000002B03D1F86803F025FD02E0F868FFF789
:108B4000D3FD00BF1037BD4680BD80B584B000AFF7
:108B500078607B689B6BFB60FB681B6840F23A5255
:108B60009A63F868FFF79AFFB860FB68012283F800
:108B70003420FB6800221A63BB68062B02D0BB6856
:108B8000052B0AD1FB681B68184603F0C3F80246A0
:108B9000FB689B6B1A43FB689A63FB689B6B002B1B
:108BA00003D1F86803F0EEFC02E0F868FFF79CFDE3
:108BB00000BF1037BD4680BDB0B594B004AF78603B
:108BC0000123FB817B681B68184602F074FF034693
:108BD000002B02D14FF08063B8E07B685B6C032B05
:108BE0002FD07B681B68184603F05BF9F863FB6BBA
:108BF000002B01D0FB6BA9E07B681B6800211846A5
:108C000002F09EFF02467B685A677B681B6804215E
:108C1000184602F095FF02467B689A677B681B68DE
:108C20000821184602F08CFF02467B68DA677B68F1
:108C30001B680C21184602F083FF02467B68C3F8CC
:108C400080207B685B6C032B0DD07B681B6807F171
:108C50000E021146184603F061F9F863FB6B002B16
:108C600001D0FB6B72E07B685B6C032B36D0FB8919
:108C70001A467B681A657B681A687B681B6D1B0443
:108C80001946104603F02BF9F863FB6B002B01D05B
:108C9000FB6B5BE07B681B680021184602F050FF0D
:108CA00002467B685A667B681B680421184602F0FE
:108CB00047FF02467B689A667B681B680821184656
:108CC00002F03EFF02467B68DA667B681B680C2177
:108CD000184602F035FF02467B681A677B681B68FE
:108CE0000421184602F02CFF03461A0D7B68DA6453
:108CF00007F1100319467868FFF700FD0346002BC3
:108D000002D04FF0805321E07B6819687B681B6DAF
:108D10001B0400221C46154622462B46084603F03B
:108D20001BF8F863FB6B002B01D0FB6B0EE07B683C
:108D30001D687B686C4603F1100207CA84E80700CF
:108D400004330ECB284602F051FE0023184640376C
:108D5000BD46B0BD80B586B000AF78600023BB6073
:108D600000237B6100233B617B681B68184603F08E
:108D700016F8F860FB68002B01D0FB6872E07B6896
:108D80001B68184603F029F8F860FB68002B0DD02B
:108D90007B6800229A647B681B68184602F0FFFF1C
:108DA000F860FB68002B04D0FB685BE07B68012265
:108DB0009A647B689B6C012B37D17B681B68002110
:108DC000184603F029F8F860FB68002B2DD04FF00F
:108DD000805347E07B681B680021184603F01CF8AD
:108DE000F860FB68002B01D0FB683BE07B681B68E8
:108DF0001E49184603F032F8F860FB68002B02D0D9
:108E00004FF080532EE07B681B680021184602F06B
:108E100097FE78617B69DB0F012B01D1012300E014
:108E200000233B61BB680133BB60BB684FF6FE7239
:108E3000934202D83B69002BCCD0BB684FF6FE7240
:108E4000934202D94FF080730CE07B6903F08043BA
:108E5000002B03D07B6801225A6402E07B68002269
:108E60005A64002318461837BD4680BD000010C163
:108E700080B582B000AF78607B681B68184602F04E
:108E80000CFE00BF0837BD4680BD80B584B000AF82
:108E9000786039603B68002B02D14FF0006318E026
:108EA0007B681A687B681B6D1B041946104603F02B
:108EB00056F8F860FB68002B01D0FB6809E07B687E
:108EC0001B680021184602F03BFE02463B681A6010
:108ED000002318461037BD4680BD80B586B000AF70
:108EE00078607B689B6AFB607B68DB6A3B613B69FF
:108EF000002B3FD000237B6133E07B681B68184662
:108F000002F09FFDB860BB68DAB2FB681A70FB68BC
:108F10000133FB603B69013B3B61BB681B0ADAB272
:108F2000FB681A70FB680133FB603B69013B3B61E6
:108F3000BB681B0CDAB2FB681A70FB680133FB607C
:108F40003B69013B3B61BB681B0EDAB2FB681A70E0
:108F5000FB680133FB603B69013B3B617B6901338B
:108F60007B617B69072BC8D97B68FA689A627B684A
:108F70003A69DA6200BF1837BD4680BD80B586B059
:108F800000AF78607B681B6AFB607B685B6A3B6153
:108F90003B69002B43D000237B6137E0FB681B78E3
:108FA000BB60FB680133FB603B69013B3B61FB68D5
:108FB0001B781A02BB681343BB60FB680133FB607C
:108FC0003B69013B3B61FB681B781A04BB68134398
:108FD000BB60FB680133FB603B69013B3B61FB68A5
:108FE0001B781A06BB681343BB60FB680133FB6048
:108FF0003B69013B3B617B681B6807F10802114636
:10900000184602F02BFD7B6901337B617B69072BDE
:10901000C4D97B68FA681A627B683A695A6200BFF1
:109020001837BD4680BD80B582B000AF78607B68E0
:10903000002B01D101237BE07B685B6A002B08D108
:109040007B685B68B3F5827F09D07B680022DA61B8
:1090500005E07B6800221A617B6800225A617B6808
:1090600000229A627B6893F85130DBB2002B06D164
:109070007B68002283F850207868E9F7EBFA7B6878
:10908000022283F851207B681B681A687B681B6882
:1090900022F040021A607B685B6803F482727B688E
:1090A0009B6803F404431A437B68DB6803F40063A2
:1090B0001A437B681B6903F002031A437B685B69F0
:1090C00003F001031A437B689B6903F400731A439E
:1090D0007B68DB6903F038031A437B681B6A03F083
:1090E000800342EA03017B689B6A03F400527B68B9
:1090F0001B680A431A607B689B691B0C03F0040120
:109100007B685B6A03F010027B681B680A435A6045
:109110007B681B68DA697B681B6822F40062DA618D
:109120007B6800225A657B68012283F85120002366
:1091300018460837BD4680BD80B588B000AFF860DE
:10914000B9603B601346FB80E8F7C8FDF861FB8817
:109150007B83FB6893F85130DBB2012B01D00223F3
:109160002AE1BB68002B02D0FB88002B01D1012330
:1091700022E1FB6893F85030012B01D102231BE15F
:10918000FB68012283F85020FB68032283F85120FA
:10919000FB6800225A65FB68BA681A63FB68FA88A4
:1091A0009A86FB68FA88DA86FB6800229A63FB6875
:1091B00000229A87FB680022DA87FB6800225A6443
:1091C000FB6800221A64FB689B68B3F5004F0FD15F
:1091D000FB681B681A68FB681B6822F040021A6073
:1091E000FB681B681A68FB681B6842F480421A60BF
:1091F000FB681B681B6803F04003402B07D0FB682B
:109200001B681A68FB681B6842F040021A60FB6822
:10921000DB68B3F5006F52D1FB685B68002B02D0AE
:109220007B8B012B45D1FB681B6B1A88FB681B6885
:10923000DA60FB681B6B9A1CFB681A63FB68DB8EA9
:109240009BB2013B9AB2FB68DA8632E0FB681B688E
:109250009B6803F00203022B12D1FB681B6B1A8878
:10926000FB681B68DA60FB681B6B9A1CFB681A635F
:10927000FB68DB8E9BB2013B9AB2FB68DA8618E092
:10928000E8F72CFD0246FB69D31A3A689A4203D8E4
:109290003B68B3F1FF3F02D13B68002B09D1FB686B
:1092A000012283F85120FB68002283F85020032319
:1092B00082E0FB68DB8E9BB2002BC7D153E0FB68DA
:1092C0005B68002B02D07B8B012B47D1FB681A6BAC
:1092D000FB681B680C3312781A70FB681B6B5A1CF6
:1092E000FB681A63FB68DB8E9BB2013B9AB2FB689A
:1092F000DA8633E0FB681B689B6803F00203022BED
:1093000013D1FB681A6BFB681B680C3312781A7058
:10931000FB681B6B5A1CFB681A63FB68DB8E9BB2F5
:10932000013B9AB2FB68DA8618E0E8F7D7FC024600
:10933000FB69D31A3A689A4203D83B68B3F1FF3FFE
:1093400002D13B68002B09D1FB68012283F8512030
:10935000FB68002283F8502003232DE0FB68DB8E9E
:109360009BB2002BC6D1FA693968F86800F0D2FECA
:109370000346002B02D0FB6820225A65FB689B68DD
:10938000002B0AD100237B61FB681B68DB687B61D3
:10939000FB681B689B687B617B69FB68012283F823
:1093A0005120FB68002283F85020FB685B6D002B86
:1093B00001D0012300E0002318462037BD4680BDC0
:1093C00080B588B002AFF860B9603B601346FB809F
:1093D000FB6893F85130DBB2012B01D0022304E18A
:1093E000FB685B68B3F5827F12D1FB689B68002B3A
:1093F0000ED1FB68042283F85120FA883B68009361
:109400001346BA68B968F86800F0F3F80346ECE070
:10941000E8F764FC7861BB68002B02D0FB88002B66
:1094200001D10123E1E0FB6893F85030012B01D119
:109430000223DAE0FB68012283F85020FB68042253
:1094400083F85120FB6800225A65FB68BA689A636A
:10945000FB68FA889A87FB68FA88DA87FB6800223B
:109460001A63FB6800229A86FB680022DA86FB6892
:1094700000221A64FB6800225A64FB689B68B3F5FB
:10948000004F0FD1FB681B681A68FB681B6822F04D
:1094900040021A60FB681B681A68FB681B6822F4AC
:1094A00080421A60FB681B681B6803F04003402B76
:1094B00007D0FB681B681A68FB681B6842F0400213
:1094C0001A60FB68DB68002B70D135E0FB681B6815
:1094D0009B6803F00103012B15D1FB681B6803F1A6
:1094E0000C02FB689B6B1278D2B21A70FB689B6B04
:1094F0005A1CFB689A63FB68DB8F9BB2013B9AB2F4
:10950000FB68DA8718E0E8F7E9FB02467B69D31AC3
:109510003A689A4203D83B68B3F1FF3F02D13B68F7
:10952000002B09D1FB68012283F85120FB6800223F
:1095300083F85020032358E0FB68DB8F9BB2002B9D
:10954000C4D138E0FB681B689B6803F00103012B62
:1095500013D1FB681B68DA68FB689B6B92B21A80B8
:10956000FB689B6B9A1CFB689A63FB68DB8F9BB262
:10957000013B9AB2FB68DA8718E0E8F7AFFB0246D6
:109580007B69D31A3A689A4203D83B68B3F1FF3F2C
:1095900002D13B68002B09D1FB68012283F85120DE
:1095A000FB68002283F8502003231EE0FB68DB8F5A
:1095B0009BB2002BC6D17A693968F86800F044FD87
:1095C0000346002B02D0FB6820225A65FB6801226B
:1095D00083F85120FB68002283F85020FB685B6D04
:1095E000002B01D0012300E0002318461837BD46A8
:1095F00080BD80B58AB000AFF860B9607A607B80CA
:1096000001237B62E8F76AFB3862FB6893F851300C
:10961000FB77FB685B68BB617B88FB82FB7F012B70
:109620000CD0BB69B3F5827F06D1FB689B68002B29
:1096300002D1FB7F042B01D002237FE1BB68002B0A
:1096400005D07B68002B02D07B88002B01D1012341
:1096500074E1FB6893F85030012B01D102236DE1D6
:10966000FB68012283F85020FB6893F85130DBB28D
:10967000042B03D0FB68052283F85120FB680022ED
:109680005A65FB687A689A63FB687A88DA87FB68B0
:109690007A889A87FB68BA681A63FB687A88DA86E0
:1096A000FB687A889A86FB6800221A64FB680022AD
:1096B0005A64FB681B681B6803F04003402B07D00B
:1096C000FB681B681A68FB681B6842F040021A605E
:1096D000FB68DB68B3F5006F7ED1FB685B68002B2D
:1096E00002D0FB8A012B6CD1FB681B6B1A88FB68CC
:1096F0001B68DA60FB681B6B9A1CFB681A63FB68CB
:10970000DB8E9BB2013B9AB2FB68DA8659E0FB68BC
:109710001B689B6803F00203022B1BD1FB68DB8EE6
:109720009BB2002B16D07B6A012B13D1FB681B6BFD
:109730001A88FB681B68DA60FB681B6B9A1CFB6865
:109740001A63FB68DB8E9BB2013B9AB2FB68DA8638
:1097500000237B62FB681B689B6803F00103012BFD
:1097600019D1FB68DB8F9BB2002B14D0FB681B6800
:10977000DA68FB689B6B92B21A80FB689B6B9A1C41
:10978000FB689A63FB68DB8F9BB2013B9AB2FB6874
:10979000DA8701237B62E8F7A1FA02463B6AD31A13
:1097A0003A6B9A420DD83B6BB3F1FF3F09D0FB688F
:1097B000012283F85120FB68002283F85020032304
:1097C000BCE0FB68DB8E9BB2002BA0D1FB68DB8F7B
:1097D0009BB2002B9BD182E0FB685B68002B02D020
:1097E000FB8A012B71D1FB681A6BFB681B680C3379
:1097F00012781A70FB681B6B5A1CFB681A63FB68B3
:10980000DB8E9BB2013B9AB2FB68DA865DE0FB68B7
:109810001B689B6803F00203022B1CD1FB68DB8EE4
:109820009BB2002B17D07B6A012B14D1FB681A6BFB
:10983000FB681B680C3312781A70FB681B6B5A1C90
:10984000FB681A63FB68DB8E9BB2013B9AB2FB6834
:10985000DA8600237B62FB681B689B6803F00103C8
:10986000012B19D1FB68DB8F9BB2002B14D0FB6856
:109870001B68DA68FB689B6BD2B21A70FB689B6B43
:109880005A1CFB689A63FB68DB8F9BB2013B9AB260
:10989000FB68DA8701237B62E8F720FA02463B6A1D
:1098A000D31A3A6B9A4203D83B6BB3F1FF3F02D114
:1098B0003B6B002B09D1FB68012283F85120FB6828
:1098C000002283F85020032338E0FB68DB8E9BB234
:1098D000002B9CD1FB68DB8F9BB2002B97D13A6A9F
:1098E000396BF86800F016FC0346002B08D0FB68C3
:1098F00020225A65FB68002283F8502001231DE0D6
:10990000FB689B68002B0AD100233B61FB681B6846
:10991000DB683B61FB681B689B683B613B69FB68DC
:10992000012283F85120FB68002283F85020FB6855
:109930005B6D002B01D0012300E00023184628377F
:10994000BD4680BD80B586B000AFF860B9607A6072
:109950007B80FB6893F85130FB75FB685B683B616B
:10996000FB7D012B0CD03B69B3F5827F06D1FB68F0
:109970009B68002B02D1FB7D042B01D00223CFE09A
:10998000BB68002B05D07B68002B02D07B88002BA6
:1099900001D10123C4E0FB6893F85030012B01D1C1
:1099A0000223BDE0FB68012283F85020FB6893F896
:1099B0005130DBB2042B03D0FB68052283F8512021
:1099C000FB6800225A65FB68BA681A63FB687A88EC
:1099D0009A86FB687A88DA86FB687A689A63FB68FD
:1099E0007A889A87FB687A88DA87FB6800221A648B
:1099F000FB6800225A64FB6893F85130DBB2042BF9
:109A000008D1FB68DB6C484A1A64FB68DB6C474A88
:109A1000DA6307E0FB68DB6C454A1A64FB68DB6CC1
:109A2000444ADA63FB68DB6C434ADA64FB68DB6C4C
:109A300000221A65FB68D86CFB681B680C3319465A
:109A4000FB689B6B1A46FB68DB8F9BB2FAF7B8F892
:109A50000346002B0BD0FB685B6D43F01002FB68E4
:109A60005A65FB68002283F85020012358E0FB6808
:109A70001B685A68FB681B6842F001025A60FB6869
:109A80009B6C00221A64FB689B6C0022DA63FB6803
:109A90009B6C0022DA64FB689B6C00221A65FB68F1
:109AA000986CFB681B6B1946FB681B680C331A46E5
:109AB000FB68DB8E9BB2FAF783F80346002B0BD0D2
:109AC000FB685B6D43F01002FB685A65FB6800227F
:109AD00083F85020012323E0FB681B681B6803F018
:109AE0004003402B07D0FB681B681A68FB681B68A3
:109AF00042F040021A60FB68002283F85020FB68A5
:109B00001B685A68FB681B6842F020025A60FB68B9
:109B10001B685A68FB681B6842F002025A60002307
:109B200018461837BD4680BD999E0108619D010801
:109B3000B59E0108099E0108D19E010880B588B034
:109B400000AF78607B681B685B68FB617B681B68A3
:109B50009B68BB61BB6903F04003002B0ED1BB695E
:109B600003F00103002B09D0FB6903F04003002B35
:109B700004D07B681B6C78689847CEE0BB6903F023
:109B80000203002B09D0FB6903F08003002B04D0F3
:109B90007B685B6C78689847BFE0BB6903F0200383
:109BA000002B0AD1BB6903F04003002B05D1BB6930
:109BB00003F48073002B00F0B080FB6903F02003F6
:109BC000002B00F0AA80BB6903F04003002B23D0D8
:109BD0007B6893F85130DBB2032B11D07B685B6D4F
:109BE00043F004027B685A6500237B617B681B6835
:109BF000DB687B617B681B689B687B617B690BE032
:109C000000233B617B681B68DB683B617B681B68EA
:109C10009B683B613B6980E0BB6903F02003002B3C
:109C200014D07B685B6D43F001027B685A650023AA
:109C3000FB607B681B689B68FB607B681B681A681D
:109C40007B681B6822F040021A60FB68BB6903F462
:109C50008073002B0CD07B685B6D43F008027B683F
:109C60005A650023BB607B681B689B68BB60BB6850
:109C70007B685B6D002B4FD07B681B685A687B68E4
:109C80001B6822F0E0025A607B68012283F85120B1
:109C9000FB6903F00203002B04D1FB6903F001030D
:109CA000002B34D07B681B685A687B681B6822F0E5
:109CB00003025A607B68DB6C002B11D07B68DB6C85
:109CC000174A1A657B68DB6C1846FAF741F80346B9
:109CD000002B05D07B685B6D43F040027B685A65C2
:109CE0007B689B6C002B16D07B689B6C0C4A1A65BA
:109CF0007B689B6C1846FAF72BF80346002B0AD0BA
:109D00007B685B6D43F040027B685A6503E07868CE
:109D1000E7F7CEFF00E000BF00BF2037BD4680BDA3
:109D2000119F010880B483B000AF786000BF0C378A
:109D3000BD465DF8047B704780B483B000AF7860A7
:109D400000BF0C37BD465DF8047B704780B483B01C
:109D500000AF786000BF0C37BD465DF8047B7047EC
:109D600080B584B000AF78607B689B6BFB60E7F7E1
:109D7000B5FFB8607B681B681B6803F48073B3F59C
:109D8000807F3BD0FB681B685A68FB681B6822F029
:109D900020025A60FB689B68002B0DD1FB685B6852
:109DA000B3F5827F08D1FB681B685A68FB681B68A3
:109DB00022F003025A6007E0FB681B685A68FB68E0
:109DC0001B6822F001025A60BA686421F86800F04A
:109DD0003BF90346002B02D0FB6820225A65FB6842
:109DE0000022DA87FB68012283F85120FB685B6D53
:109DF000002B03D0F868E7F75BFF02E0F868FFF795
:109E000091FF1037BD4680BD80B584B000AF78604B
:109E10007B689B6BFB60E7F761FFB8607B681B6842
:109E20001B6803F48073B3F5807F2FD0FB681B6839
:109E30005A68FB681B6822F020025A60BA686421E5
:109E4000F86800F067F90346002B05D0FB685B6DEE
:109E500043F02002FB685A65FB681B685A68FB6880
:109E60001B6822F003025A60FB680022DA86FB6856
:109E70000022DA87FB68012283F85120FB685B6DC2
:109E8000002B03D0F868E7F713FF02E0F868E7F764
:109E9000EDFF1037BD4680BD80B584B000AF78605F
:109EA0007B689B6BFB60F868FFF746FF00BF1037CD
:109EB000BD4680BD80B584B000AF78607B689B6B89
:109EC000FB60F868FFF742FF00BF1037BD4680BD5A
:109ED00080B584B000AF78607B689B6BFB60FB68EB
:109EE0001B685A68FB681B6822F003025A60FB6813
:109EF0005B6D43F01002FB685A65FB68012283F832
:109F00005120F868E7F7D4FE00BF1037BD4680BD8A
:109F100080B584B000AF78607B689B6BFB60FB68AA
:109F20000022DA87FB680022DA86F868E7F7C0FECD
:109F300000BF1037BD4680BD80B588B000AFF86067
:109F4000B9603B601346FB71E7F7C8FE0246BB6A87
:109F50009B1A3A681344FB61E7F7C0FEB861394BBE
:109F60001B685B011B0DFA6902FB03F37B6154E084
:109F70003B68B3F1FF3F50D0E7F7B0FE0246BB6944
:109F8000D31AFA699A4202D9FB69002B3DD1FB68CA
:109F90001B685A68FB681B6822F0E0025A60FB6885
:109FA0005B68B3F5827F11D1FB689B68B3F5004F06
:109FB00004D0FB689B68B3F5806F07D1FB681B6812
:109FC0001A68FB681B6822F040021A60FB689B6AF3
:109FD000B3F5005F0FD1FB681B681A68FB681B684C
:109FE00022F400521A60FB681B681A68FB681B6841
:109FF00042F400521A60FB68012283F85120FB688A
:10A00000002283F85020032317E07B69002B01D145
:10A010000023FB617B69013B7B61FB681B689A68DD
:10A02000BB681340BA689A420CBF01230023DBB21D
:10A030001A46FB799A429BD1002318462037BD4629
:10A0400080BD00BF3802002080B586B002AFF86046
:10A05000B9607A60FB685B68B3F5827F11D1FB68F9
:10A060009B68B3F5004F04D0FB689B68B3F5806F25
:10A0700007D1FB681B681A68FB681B6822F0400266
:10A080001A60FB685B68B3F5827F2AD1FB689B6826
:10A09000B3F5806F12D07B680093BB6800228021EB
:10A0A000F868FFF749FF0346002B2DD0FB685B6D76
:10A0B00043F02002FB685A65032326E07B68009387
:10A0C000BB6800220121F868FFF736FF0346002B2A
:10A0D0001AD0FB685B6D43F02002FB685A650323CE
:10A0E00013E07B680093BB6800220121F868FFF74A
:10A0F00023FF0346002B07D0FB685B6D43F0200273
:10A10000FB685A65032300E0002318461037BD465C
:10A1100080BD000080B588B002AFF860B9607A6099
:10A120007B680093BB6801220221F868FFF704FFF7
:10A130000346002B07D0FB685B6D43F02002FB68F1
:10A140005A65032332E01B4B1B681B4AA2FB032307
:10A150005B0D4FF47A7202FB03F37B61FB685B6873
:10A16000B3F5827F12D17B680093BB680022802107
:10A17000F868FFF7E1FE0346002B16D0FB685B6D25
:10A1800043F02002FB685A6503230FE07B69002B34
:10A190000AD07B69013B7B61FB681B689B6803F00D
:10A1A0008003802BF2D000E000BF00231846183750
:10A1B000BD4680BD38020020819F5E1680B584B008
:10A1C00000AFF860B9607A60FB68002B01D1012311
:10A1D00038E0FB6893F84930DBB2002B06D1FB680E
:10A1E000002283F84820F868E8F744FCFB681A6806
:10A1F000FB6808331946104601F020FBFB6818681D
:10A20000FB689B681A46B96801F082FBFB685868D6
:10A21000FB689A68FB681B6B796801F0AFFBFB6811
:10A220001B68FA68926853F82210FB681B68FA688A
:10A23000926841F0010143F82210FB68012283F883
:10A240004920002318461037BD4680BD80B582B036
:10A2500000AF78607B68002B01D1012341E07B686F
:10A2600093F83D30DBB2002B06D17B68002283F8E7
:10A270003C20786800F039F87B68022283F83D20A2
:10A280007B681A687B6804331946104600F0C0F9F1
:10A290007B68012283F846207B68012283F83E20F8
:10A2A0007B68012283F83F207B68012283F84020ED
:10A2B0007B68012283F841207B68012283F84220D9
:10A2C0007B68012283F843207B68012283F84420C5
:10A2D0007B68012283F845207B68012283F83D20BA
:10A2E000002318460837BD4680BD80B483B000AF58
:10A2F000786000BF0C37BD465DF8047B70470000F6
:10A3000080B485B000AF78607B6893F83D30DBB2F5
:10A31000012B01D001234EE07B68022283F83D200F
:10A320007B681B68DA687B681B6842F00102DA60B0
:10A330007B681B68234A934222D07B681B68B3F179
:10A34000804F1DD07B681B681F4A934218D07B68E2
:10A350001B681E4A934213D07B681B681C4A9342B9
:10A360000ED07B681B681B4A934209D07B681B6830
:10A37000194A934204D07B681B68184A934211D152
:10A380007B681B689B6803F00703FB60FB68062B78
:10A3900010D07B681B681A687B681B6842F001025A
:10A3A0001A6007E07B681B681A687B681B6842F0CC
:10A3B00001021A60002318461437BD465DF8047B7D
:10A3C000704700BF0000014000040040000800404A
:10A3D000000C004000040140004001400018004013
:10A3E00080B584B000AF78607B681B68DB68FB6079
:10A3F0007B681B681B69BB60BB6803F00203002B12
:10A4000020D0FB6803F00203002B1BD07B681B6885
:10A410006FF002021A617B6801221A777B681B6861
:10A420009B6903F00303002B03D0786800F0D2F897
:10A4300005E0786800F0C4F8786800F0D5F87B682B
:10A4400000221A77BB6803F00403002B20D0FB68BE
:10A4500003F00403002B1BD07B681B686FF0040221
:10A460001A617B6802221A777B681B689B6903F478
:10A470004073002B03D0786800F0ACF805E07868F2
:10A4800000F09EF8786800F0AFF87B6800221A7739
:10A49000BB6803F00803002B20D0FB6803F008031F
:10A4A000002B1BD07B681B686FF008021A617B6869
:10A4B00004221A777B681B68DB6903F00303002B17
:10A4C00003D0786800F086F805E0786800F078F846
:10A4D000786800F089F87B6800221A77BB6803F07F
:10A4E0001003002B20D0FB6803F01003002B1BD0BF
:10A4F0007B681B686FF010021A617B6808221A776C
:10A500007B681B68DB6903F44073002B03D0786819
:10A5100000F060F805E0786800F052F8786800F024
:10A5200063F87B6800221A77BB6803F00103002BF5
:10A530000CD0FB6803F00103002B07D07B681B687D
:10A540006FF001021A617868E7F700FEBB6803F05C
:10A550008003002B0CD0FB6803F08003002B07D096
:10A560007B681B686FF080021A61786800F006F95A
:10A57000BB6803F04003002B0CD0FB6803F04003E2
:10A58000002B07D07B681B686FF040021A61786867
:10A5900000F034F8BB6803F02003002B0CD0FB68FC
:10A5A00003F02003002B07D07B681B686FF02002AC
:10A5B0001A61786800F0D8F800BF1037BD4680BD3A
:10A5C00080B483B000AF786000BF0C37BD465DF843
:10A5D000047B704780B483B000AF786000BF0C3755
:10A5E000BD465DF8047B704780B483B000AF7860EF
:10A5F00000BF0C37BD465DF8047B704780B483B064
:10A6000000AF786000BF0C37BD465DF8047B704733
:10A6100080B485B000AF786039607B681B68FB60F0
:10A620007B68464A934213D07B68B3F1804F0FD0CA
:10A630007B68434A93420BD07B68424A934207D0DF
:10A640007B68414A934203D07B68404A934208D1D9
:10A65000FB6823F07003FB603B685B68FA68134398
:10A66000FB607B68354A93422BD07B68B3F1804F07
:10A6700027D07B68324A934223D07B68314A934289
:10A680001FD07B68304A93421BD07B682F4A93428D
:10A6900017D07B682E4A934213D07B682D4A934291
:10A6A0000FD07B682C4A93420BD07B682B4A934295
:10A6B00007D07B682A4A934203D07B68294A934299
:10A6C00008D1FB6823F44073FB603B68DB68FA68E1
:10A6D0001343FB60FB6823F080023B685B69134314
:10A6E000FB607B68FA681A603B689A687B68DA628C
:10A6F0003B681A687B689A627B68104A934203D071
:10A700007B68124A934203D13B681A697B681A63DB
:10A710007B6801225A617B681B6903F00103012BEE
:10A7200005D17B681B6923F001027B681A6100BFB9
:10A730001437BD465DF8047B704700BF0000014040
:10A740000004004000080040000C004000040140EC
:10A750000040014000440140004801400018004012
:10A76000001C00400020004080B483B000AF78603F
:10A7700000BF0C37BD465DF8047B704780B483B0E2
:10A7800000AF786000BF0C37BD465DF8047B7047B2
:10A7900080B582B000AF78607B68002B01D10123C7
:10A7A00042E07B6893F84130DBB2002B06D17B6836
:10A7B000002283F840207868E8F720F87B6824229C
:10A7C00083F841207B681B68DA687B681B6822F489
:10A7D0000052DA60786800F0BDFD7B681B681A697A
:10A7E0007B681B6822F490421A617B681B685A6977
:10A7F0007B681B6822F02A025A617B681B68DA6852
:10A800007B681B6842F40052DA607B6800225A645D
:10A810007B68202283F841207B68202283F8422035
:10A820007B6800225A63002318460837BD4680BD66
:10A8300080B58AB002AFF860B9603B601346FB8018
:10A8400000237B61FB6893F84130DBB2202B75D18C
:10A85000BB68002B02D0FB88002B01D101236EE0E6
:10A86000FB6800225A64FB68212283F84120E7F745
:10A8700035FA7861FB68FA889A84FB68FA88DA848A
:10A88000FB689B68B3F5805F08D1FB681B69002BF0
:10A8900004D10023FB61BB68BB6103E0BB68FB61C3
:10A8A0000023BB612EE03B6800937B69002280217E
:10A8B000F86800F01FFB0346002B05D0FB68202240
:10A8C00083F8412003233AE0FB69002B0BD1BB69DD
:10A8D0001B881A46FB681B68C2F308025A60BB69F2
:10A8E0000233BB6107E0FB691A78FB681B685A609A
:10A8F000FB690133FB61FB68DB8C9BB2013B9AB2C5
:10A90000FB68DA84FB68DB8C9BB2002BCBD13B6805
:10A9100000937B6900224021F86800F0EBFA0346BF
:10A92000002B05D0FB68202283F84120032306E09A
:10A93000FB68202283F84120002300E00223184610
:10A940002037BD4680BD80B584B000AFF860B960E7
:10A950001346FB80FB6893F84230DBB2202B12D108
:10A96000BB68002B02D0FB88002B01D101230BE038
:10A97000FB6800221A63FB881A46B968F86800F081
:10A9800012FB034600E0022318461037BD4680BD87
:10A9900080B5BAB000AF78607B681B681B68C7F8E9
:10A9A000E4307B681B68DB68C7F8E0307B681B68B5
:10A9B0005B69C7F8DC300023C7F8D8300023C7F83C
:10A9C000D430D7F8E43003F00F03C7F8D830D7F805
:10A9D000D830002B0FD1D7F8E43003F02003002B40
:10A9E00009D0D7F8E03003F02003002B03D07868BB
:10A9F00000F0F2FB5BE2D7F8D830002B00F0DE80ED
:10AA0000D7F8DC3003F00103002B06D1D7F8E03093
:10AA100003F49073002B00F0D180D7F8E43003F0FA
:10AA20000103002B0BD0D7F8E03003F48073002B28
:10AA300005D07B685B6C43F001027B685A64D7F8F1
:10AA4000E43003F00403002B0BD0D7F8DC3003F024
:10AA50000103002B05D07B685B6C43F002027B682E
:10AA60005A64D7F8E43003F00203002B0BD0D7F878
:10AA7000DC3003F00103002B05D07B685B6C43F0F6
:10AA800004027B685A64D7F8E43003F00803002B13
:10AA900011D0D7F8E03003F02003002B05D1D7F810
:10AAA000DC3003F00103002B05D07B685B6C43F0C6
:10AAB00008027B685A647B685B6C002B00F0F281B3
:10AAC000D7F8E43003F02003002B08D0D7F8E030AB
:10AAD00003F02003002B02D0786800F07DFB7B6838
:10AAE0001B685B6903F04003402B0CBF012300236C
:10AAF000DBB2C7F8D4307B685B6C03F00803002B33
:10AB000003D1D7F8D430002B4FD0786800F085FA05
:10AB10007B681B685B6903F04003402B41D17B6875
:10AB20001B681433C7F89C30D7F89C3053E8003FBB
:10AB3000C7F89830D7F8983023F04003C7F8D030E2
:10AB40007B681B681433D7F8D020C7F8A820C7F853
:10AB5000A430D7F8A410D7F8A82041E80023C7F8FC
:10AB6000A030D7F8A030002BD9D17B68DB6B002B4D
:10AB700013D07B68DB6B7E4A1A657B68DB6B1846FB
:10AB8000F9F7E6F80346002B16D07B68DB6B1B6DEC
:10AB90007A68D26B104698470EE0786800F094F916
:10ABA0000AE0786800F090F906E0786800F08CF927
:10ABB0007B6800225A6475E100BF73E17B681B6B00
:10ABC000012B40F04F81D7F8E43003F01003002B45
:10ABD00000F04881D7F8E03003F01003002B00F0BC
:10ABE00041810023BB607B681B681B68BB607B687E
:10ABF0001B685B68BB60BB687B681B685B6903F0B4
:10AC00004003402B40F0B6807B68DB6B1B685B68C1
:10AC1000A7F8BE30B7F8BE30002B00F045817B6846
:10AC20009B8DB7F8BE209A4280F03E817B68B7F8D2
:10AC3000BE20DA857B68DB6BDB69B3F5807F00F0D3
:10AC400088807B681B680C33C7F88830D7F8883059
:10AC500053E8003FC7F88430D7F8843023F480737A
:10AC6000C7F8B8307B681B680C33D7F8B820C7F832
:10AC70009420C7F89030D7F89010D7F8942041E886
:10AC80000023C7F88C30D7F88C30002BD9D17B68E3
:10AC90001B6814337B677B6F53E8003F3B673B6F58
:10ACA00023F00103C7F8B4307B681B681433D7F86E
:10ACB000B420C7F88020FB67F96FD7F8802041E8FF
:10ACC0000023BB67BB6F002BE1D17B681B6814338B
:10ACD0003B663B6E53E8003FFB65FB6D23F0400392
:10ACE000C7F8B0307B681B681433D7F8B020FA6619
:10ACF000BB66B96EFA6E41E800237B667B6E002B63
:10AD0000E3D17B68202283F842207B6800221A630B
:10AD10007B681B680C33FB64FB6C53E8003FBB642F
:10AD2000BB6C23F01003C7F8AC307B681B680C3396
:10AD3000D7F8AC20BA657B65796DBA6D41E8002320
:10AD40003B653B6D002BE3D17B68DB6B1846F8F766
:10AD50008FFF7B6802225A637B689A8D7B68DB8D4C
:10AD60009BB2D31A9BB21946786800F0B7F89BE003
:10AD7000E1B001087B689A8D7B68DB8D9BB2D31AAA
:10AD8000A7F8CE307B68DB8D9BB2002B00F08E8065
:10AD9000B7F8CE30002B00F089807B681B680C333D
:10ADA000BB63BB6B53E8003F7B637B6B23F4907307
:10ADB000C7F8C8307B681B680C33D7F8C8207A64A2
:10ADC0003B64396C7A6C41E80023FB63FB6B002B1E
:10ADD000E3D17B681B6814337B627B6A53E8003FD6
:10ADE0003B623B6A23F00103C7F8C4307B681B68F1
:10ADF0001433D7F8C4203A63FB62F96A3A6B41E82E
:10AE00000023BB62BB6A002BE3D17B68202283F85E
:10AE100042207B6800221A637B681B680C333B610D
:10AE20003B6953E8003FFB60FB6823F01003C7F861
:10AE3000C0307B681B680C33D7F8C020FA61BB6157
:10AE4000B969FA6941E800237B617B69002BE3D192
:10AE50007B6802225A63B7F8CE301946786800F052
:10AE60003DF823E0D7F8E43003F08003002B09D04D
:10AE7000D7F8E03003F08003002B03D0786800F0AF
:10AE800043F914E0D7F8E43003F04003002B0ED070
:10AE9000D7F8E03003F04003002B08D0786800F0CA
:10AEA00083F904E000BF02E000BF00E000BFE83724
:10AEB000BD4680BD80B483B000AF786000BF0C3762
:10AEC000BD465DF8047B704780B483B000AF786006
:10AED00000BF0C37BD465DF8047B704780B483B07B
:10AEE00000AF78600B467B8000BF0C37BD465DF835
:10AEF000047B704780B586B000AFF860B9603B60F6
:10AF00001346FB713BE03B6AB3F1FF3F37D0E6F7F6
:10AF1000E5FE02463B68D31A3A6A9A4202D33B6A7C
:10AF2000002B01D103233AE0FB681B68DB6803F0C8
:10AF30000403002B23D0BB68802B20D0BB68402BA0
:10AF40001DD0FB681B681B6803F00803082B16D193
:10AF500000237B61FB681B681B687B61FB681B68C7
:10AF60005B687B617B69F86800F057F8FB68082232
:10AF70005A64FB68002283F8402001230FE0FB683D
:10AF80001B681A68BB681340BA689A420CBF012359
:10AF90000023DBB21A46FB799A42B4D0002318464C
:10AFA0001837BD4680BD80B485B000AFF860B96089
:10AFB0001346FB80FB68BA689A62FB68FA889A8538
:10AFC000FB68FA88DA85FB6800225A64FB68222253
:10AFD00083F84220FB681B69002B07D0FB681B68C5
:10AFE000DA68FB681B6842F48072DA60FB681B68F1
:10AFF0005A69FB681B6842F001025A61FB681B68D2
:10B00000DA68FB681B6842F02002DA600023184609
:10B010001437BD465DF8047B704780B495B000AF2F
:10B0200078607B681B680C337B637B6B53E8003F65
:10B030003B633B6B23F49073FB647B681B680C33AE
:10B04000FA6C3A64FB63F96B3A6C41E80023BB632A
:10B05000BB6B002BE5D17B681B6814333B623B6AFA
:10B0600053E8003FFB61FB6923F00103BB647B688D
:10B070001B681433BA6CFA62BB62B96AFA6A41E8B7
:10B0800000237B627B6A002BE5D17B681B6B012B65
:10B0900019D17B681B680C33FB60FB6853E8003FE9
:10B0A000BB60BB6823F010037B647B681B680C33B8
:10B0B0007A6CBA617B617969BA6941E800233B61C6
:10B0C0003B69002BE5D17B68202283F842207B6816
:10B0D00000221A6300BF5437BD465DF8047B7047F9
:10B0E00080B584B000AF78607B689B6BFB60FB68C9
:10B0F0000022DA85FB680022DA84F868FFF7E4FEB4
:10B1000000BF1037BD4680BD80B485B000AF786009
:10B110007B6893F84130DBB2212B3ED17B689B6882
:10B12000B3F5805F14D17B681B69002B10D17B685D
:10B130001B6AFB60FB681B881A467B681B68C2F3AE
:10B1400008025A607B681B6A9A1C7B681A6208E0D6
:10B150007B681B6A591C7A6811621A787B681B68C5
:10B160005A607B68DB8C9BB2013B9BB27A681946C4
:10B17000D184002B0FD17B681B68DA687B681B6861
:10B1800022F08002DA607B681B68DA687B681B68E3
:10B1900042F04002DA60002300E002231846143730
:10B1A000BD465DF8047B704780B582B000AF786023
:10B1B0007B681B68DA687B681B6822F04002DA60F3
:10B1C0007B68202283F841207868FFF773FE002314
:10B1D00018460837BD4680BD80B58CB000AF78609A
:10B1E0007B6893F84230DBB2222B40F0AE807B6864
:10B1F0009B68B3F5805F17D17B681B69002B13D167
:10B200000023FB627B689B6ABB627B681B685B6890
:10B210009BB2C3F308039AB2BB6A1A807B689B6A2D
:10B220009A1C7B689A6226E07B689B6AFB6200231B
:10B23000BB627B689B68B3F5805F07D07B689B68C7
:10B24000002B0AD17B681B69002B06D17B681B6829
:10B250005B68DAB2FB6A1A7008E07B681B685B689F
:10B26000DBB203F07F03DAB2FB6A1A707B689B6A79
:10B270005A1C7B689A627B68DB8D9BB2013B9BB258
:10B280007A681946D185002B5DD17B681B68DA6826
:10B290007B681B6822F02002DA607B681B68DA6832
:10B2A0007B681B6822F48072DA607B681B685A69CD
:10B2B0007B681B6822F001025A617B68202283F8B8
:10B2C00042207B6800225A637B681B6B012B35D1BF
:10B2D0007B6800221A637B681B680C337B617B6987
:10B2E00053E8003F3B613B6923F010037B627B68BE
:10B2F0001B680C337A6A3A62FB61F9693A6A41E881
:10B300000023BB61BB69002BE5D17B681B681B6810
:10B3100003F01003102B0AD10023FB607B681B682D
:10B320001B68FB607B681B685B68FB60FB687B6875
:10B330009B8D19467868FFF7D1FD02E07868E6F743
:10B34000BDFD002302E0002300E002231846303751
:10B35000BD4680BD2DE9B04FC0B000AFC7F8F400C6
:10B36000D7F8F4301B681B6923F44050D7F8F43049
:10B37000D968D7F8F4301A6840EA01031361D7F8A6
:10B38000F4309A68D7F8F4301B691A43D7F8F430D0
:10B390005B691A43D7F8F430DB691343C7F8F83018
:10B3A000D7F8F4301B68DB6823F4164121F00C0158
:10B3B000D7F8F4301A68D7F8F8300B43D360D7F8D1
:10B3C000F4301B685B6923F44070D7F8F430996956
:10B3D000D7F8F4301A6840EA01035361D7F8F43023
:10B3E0001A688F4B9A4205D0D7F8F4301A688D4B03
:10B3F0009A4204D1FBF7E6FDC7F8FC0003E0FBF737
:10B40000CDFDC7F8FC00D7F8F430DB69B3F5004F89
:10B4100040F00C81D7F8FC300022C7F8E830C7F8BC
:10B42000EC20D7E93A4522462B469118B9655B4195
:10B43000FB65D7E91623214612EB0108294643EBA9
:10B4400001094FF000024FF000034FEAC90343EA3D
:10B4500058734FEAC80290469946234618EB0303F7
:10B46000C7F8E0302B4649EB0303C7F8E430D7F8C0
:10B47000F4305B680022C7F8D830C7F8DC20D7E981
:10B4800036120B46DB183B65134642EB03037B6524
:10B49000D7E91423D7E93801E5F756FC02460B46F5
:10B4A000614BA3FB02235B091C01D7F8FC3000228F
:10B4B000C7F8D030C7F8D420D7E9348942464B4684
:10B4C0009118B9645B41FB64D7E91223414612EB42
:10B4D000010A494643EB010B4FF000024FF0000315
:10B4E0004FEACB0343EA5A734FEACA0292469B469D
:10B4F00043461AEB0303C7F8C8304B464BEB030334
:10B50000C7F8CC30D7F8F4305B680022C7F8C030F9
:10B51000C7F8C420D7E930120B46DB183B6413464A
:10B5200042EB03037B64D7E91023D7E93201E5F747
:10B530000BFC02460B4611463B4BA3FB01235B0968
:10B54000642202FB03F3CB1ADB0003F13202364B19
:10B55000A3FB02235B095B0003F4F8731C44D7F8D8
:10B56000FC300022C7F8B830C7F8BC20D7E92E89D4
:10B5700042464B469118B9635B41FB63D7E90E2302
:10B5800041465118396349464B417B634FF00002F5
:10B590004FF00003D7E90CAB5946CB00514643EAC4
:10B5A00051735146CA0010461946034642469B183D
:10B5B000C7F8B0304B460A4642EB0303C7F8B43035
:10B5C000D7F8F4305B680022C7F8A830C7F8AC2081
:10B5D000D7E92A120B46DB18BB62134642EB030382
:10B5E000FB62D7E90A23D7E92C01E5F7ADFB024658
:10B5F0000B460D4BA3FB02135B09642101FB03F314
:10B60000D31ADB003233084AA2FB03235B0903F0A1
:10B610000702D7F8F4301B6822449A6006E100BFA5
:10B6200000100140001401401F85EB51D7F8FC3099
:10B630000022C7F8A030C7F8A420D7E928894246DD
:10B640004B46911839625B417B62D7E9082341463A
:10B650005418494643EB01054FF000024FF0000338
:10B66000EB0043EA5473E20014461D464346E318D8
:10B67000C7F898304B4645EB0303C7F89C30D7F822
:10B68000F4305B680022C7F89030C7F894204FF080
:10B6900000024FF00003D7E9244529468B002146DC
:10B6A00043EA917321468A00D7E92601E5F74CFB6E
:10B6B00002460B46604BA3FB02235B091C01D7F833
:10B6C000FC300022C7F88830C7F88C20D7E92289DF
:10B6D00042464B469118B9615B41FB61D7E90623AD
:10B6E00041465118396149464B417B614FF0000298
:10B6F0004FF00003D7E904AB5946CB00514643EA6B
:10B7000051735146CA0010461946034642469B18DB
:10B71000C7F880304B460A4642EB0303C7F8843033
:10B72000D7F8F4305B680022BB67FA674FF000027D
:10B730004FF00003D7E91E8949468B00414643EA92
:10B74000917341468A00D7E92001E5F7FDFA0246E8
:10B750000B461146384BA3FB01235B09642202FB15
:10B7600003F3CB1A1B013233334AA2FB03235B09D9
:10B7700003F0F0031C44D7F8FC3000223B677A67E3
:10B78000D7E91C8942464B469118B9605B41FB6082
:10B79000D7E9022341465118396049464B417B6045
:10B7A0004FF000024FF00003D7E900AB5946CB0041
:10B7B000514643EA51735146CA00104619460346A2
:10B7C00042469B18BB664B460A4642EB0303FB66A8
:10B7D000D7F8F4305B6800223B667A664FF00002CF
:10B7E0004FF00003D7E9188949468B00414643EAE8
:10B7F000917341468A00D7E91A01E5F7A5FA024696
:10B800000B460D4BA3FB02135B09642101FB03F301
:10B81000D31A1B013233084AA2FB03235B0903F04E
:10B820000F02D7F8F4301B6822449A6000BF07F576
:10B830008077BD46BDE8B08F1F85EB5180B487B0DF
:10B8400000AF786039603B681A687B6853F8223033
:10B850003A68126823F001017B6843F822103B68C4
:10B860009B68082B02D140237B6101E000237B61B0
:10B870003B685A687B691A433B689B681A433B687C
:10B88000DB681A433B681B691A433B685B691A43D0
:10B890003B68DB691A433B681B6A1A433B685B6A77
:10B8A0001A433B689B6A1A433B68DB6A1A433B684E
:10B8B0001B6B13433B613B689B693A6913433B61D4
:10B8C0003B68DB6B3A6913433B61104BFB60FB68E1
:10B8D00043F48063FB60FB6843F4E023FB603B6858
:10B8E0001A687B6853F82220FB68DB4302EA0301F5
:10B8F0003B681A683B6919437B6843F822100023B0
:10B9000018461C37BD465DF8047B70477FFB080076
:10B9100080B485B000AFF860B9607A607B685A1C6B
:10B92000FB6853F8223003F04041BB681A68BB68DB
:10B930005B681B011A43BB689B681B021A43BB6808
:10B94000DB681B041A43BB681B69013B1B051A43D8
:10B95000BB685B69023B1B061A43BB689B691343C8
:10B960007A6801321943FB6843F822100023184615
:10B970001437BD465DF8047B7047000080B485B085
:10B9800000AFF860B9607A603B603B68B3F5804F08
:10B990001DD1FB687A6853F82220134B1340BA6814
:10B9A0001168BA68526812011143BA6892681202AB
:10B9B0001143BA6892691143BA68D26812040A4303
:10B9C00043EA0201FB687A6843F8221005E0FB684D
:10B9D0007A686FF0704143F822100023184614373C
:10B9E000BD465DF8047B70470000F0CF84B080B4A2
:10B9F00085B000AF786007F11C0080E80E000023DE
:10BA0000FB60FA693B6A1A437B6A1A43BB6A1A43B2
:10BA1000FB6A1A433B6B1343FA681343FB607B6872
:10BA20005B6823F4FD4323F07F03FA681A437B68C5
:10BA30005A60002318461437BD465DF8047B04B0F5
:10BA4000704780B483B000AF78607B68D3F88030F3
:10BA500018460C37BD465DF8047B704780B483B050
:10BA600000AF786039603B681A687B68C3F8802053
:10BA7000002318460C37BD465DF8047B704780B440
:10BA800083B000AF78607B6803221A6000231846F9
:10BA90000C37BD465DF8047B704780B483B000AFBF
:10BAA00078607B6800221A60002318460C37BD4678
:10BAB0005DF8047B704780B483B000AF78607B682A
:10BAC0001B6803F0030318460C37BD465DF8047B82
:10BAD000704780B485B000AF786039600023FB60A8
:10BAE0003B681A687B689A603B685A683B689B6849
:10BAF0001A433B68DB681A433B681B691343FA68C7
:10BB00001343FB607B68DB6823F47F6323F00F0340
:10BB1000FA681A437B68DA60002318461437BD467A
:10BB20005DF8047B704780B483B000AF78607B68B9
:10BB30001B69DBB218460C37BD465DF8047B7047C5
:10BB400080B485B000AF786039607B6814331A46E2
:10BB50003B681344FB60FB681B6818461437BD46FE
:10BB60005DF8047B704780B485B000AF78603960C1
:10BB70000023FB603B681A687B685A623B685A681E
:10BB80007B689A623B689A683B68DB681A433B684B
:10BB90001B691A433B685B691343FA681343FB60F4
:10BBA0007B68DB6A23F0F702FB681A437B68DA6282
:10BBB000002318461437BD465DF8047B704780B5F6
:10BBC00088B000AF786039603B68BB601023FB60D1
:10BBD00040233B6100237B614FF48063BB6107F12D
:10BBE000080319467868FFF774FF41F28832102184
:10BBF000786800F0D7F9F861FB6918462037BD4630
:10BC000080BD80B588B000AF786039603B68BB60AC
:10BC10001123FB6040233B6100237B614FF4806371
:10BC2000BB6107F1080319467868FFF752FF41F23C
:10BC300088321121786800F0B5F9F861FB6918467F
:10BC40002037BD4680BD80B588B000AF78603960D0
:10BC50003B68BB601223FB6040233B6100237B6198
:10BC60004FF48063BB6107F1080319467868FFF75A
:10BC700030FF41F288321221786800F093F9F861C0
:10BC8000FB6918462037BD4680BD80B588B000AF3F
:10BC9000786039603B68BB601823FB6040233B61E0
:10BCA00000237B614FF48063BB6107F108031946F1
:10BCB0007868FFF70EFF41F288321821786800F0AB
:10BCC00071F9F861FB6918462037BD4680BD80B523
:10BCD00088B000AF786039603B68BB601923FB60B7
:10BCE00040233B6100237B614FF48063BB6107F11C
:10BCF000080319467868FFF7ECFE41F288321921F3
:10BD0000786800F04FF9F861FB6918462037BD46A6
:10BD100080BD000080B588B000AF78600023BB60B4
:10BD20000C23FB6040233B6100237B614FF4806365
:10BD3000BB6107F1080319467868FFF7CAFE054A98
:10BD40000C21786800F02EF9F861FB69184620375D
:10BD5000BD4680BD00E1F50580B58AB000AFF86052
:10BD6000C7E900233B683B6107237B614023BB613C
:10BD70000023FB614FF480633B6207F11003194617
:10BD8000F868FFF7A6FE41F288320721F86800F054
:10BD900009F978627B6A18462837BD4680BD80B5B0
:10BDA00088B000AF78600023BB600023FB600023F5
:10BDB0003B6100237B614FF48063BB6107F10803A3
:10BDC00019467868FFF785FE786800F023FBF86174
:10BDD000FB6918462037BD4680BD80B588B000AFEE
:10BDE00078604FF4D573BB600823FB6040233B6150
:10BDF00000237B614FF48063BB6107F108031946A0
:10BE00007868FFF766FE786800F0B6FAF861FB69BB
:10BE100018462037BD4680BD80B588B000AF786039
:10BE200039603B68BB603723FB6040233B610023E4
:10BE30007B614FF48063BB6107F1080319467868A2
:10BE4000FFF747FE41F288323721786800F0AAF800
:10BE5000F861FB6918462037BD4680BD80B588B0C3
:10BE600000AF786039603B6843F0004343F48013CF
:10BE7000BB602923FB6040233B6100237B614FF4BF
:10BE80008063BB6107F1080319467868FFF721FE5C
:10BE9000786800F0BDF9F861FB6918462037BD46A7
:10BEA00080BD80B588B000AF78600023BB600223FE
:10BEB000FB60C0233B6100237B614FF48063BB6167
:10BEC00007F1080319467868FFF703FE786800F069
:10BED00057F9F861FB6918462037BD4680BD80B52B
:10BEE00088B000AF786039603B68BB600923FB60B5
:10BEF000C0233B6100237B614FF48063BB6107F18A
:10BF0000080319467868FFF7E4FD786800F038F90F
:10BF1000F861FB6918462037BD4680BD80B588B002
:10BF200000AF786039600023BB600323FB604023CF
:10BF30003B6100237B614FF48063BB6107F1080321
:10BF400019467868FFF7C5FD3A680321786800F064
:10BF50009DF9F861FB6918462037BD4680BD80B564
:10BF600088B000AF786039603B68BB600D23FB6030
:10BF700040233B6100237B614FF48063BB6107F189
:10BF8000080319467868FFF7A4FD41F288320D21B5
:10BF9000786800F007F8F861FB6918462037BD465D
:10BFA00080BD000080B588B000AFF8600B467A60B5
:10BFB000FB72704B1B68704AA2FB03235A0A7B6812
:10BFC00002FB03F3FB61FB695A1EFA61002B02D1ED
:10BFD0004FF00043C9E0FB685B6BBB61BB6903F0DA
:10BFE0004503002BEFD0BB6903F40063002BEAD1BB
:10BFF000FB685B6B03F00403002B04D0FB68042296
:10C000009A630423B1E0FB685B6B03F00103002B30
:10C0100004D0FB6801229A630123A6E0FB68C522D5
:10C020009A63F868FFF77FFD03461A46FB7A93424E
:10C0300001D0012399E00021F868FFF781FD7861C4
:10C040007A694E4B1340002B01D100238DE07B69B0
:10C05000002B02DA4FF0007387E07B6903F0804326
:10C06000002B01D0402380E07B6903F00053002BBC
:10C0700001D0802379E07B6903F08053002B02D04C
:10C080004FF4807371E07B6903F00063002B02D0F2
:10C090004FF4007369E07B6903F08063002B02D0EA
:10C0A0004FF4806361E07B6903F08073002B02D062
:10C0B0004FF4006359E07B6903F40003002B02D0C6
:10C0C0004FF4805351E07B6903F48003002B02D0CE
:10C0D0004FF4005349E07B6903F40013002B02D0B6
:10C0E0004FF4804341E07B6903F48013002B02D0BE
:10C0F0004FF4004339E07B6903F48023002B02D026
:10C100004FF4003331E07B6903F40033002B02D09D
:10C110004FF4802329E07B6903F48033002B02D0A5
:10C120004FF4002321E07B6903F40043002B02D08D
:10C130004FF4801319E07B6903F48043002B02D095
:10C140004FF4001311E07B6903F40053002B02D07D
:10C150004FF4800309E07B6903F00803002B02D051
:10C160004FF4000301E04FF4803318462037BD46FA
:10C1700080BD00BF38020020D34D621008E0FFFDF3
:10C1800080B485B000AF78601F4B1B681F4AA2FBCC
:10C1900003235B0A41F2883202FB03F3FB60FB6876
:10C1A0005A1EFA60002B02D14FF0004326E07B6854
:10C1B0005B6BBB60BB6803F04503002BEFD0BB6833
:10C1C00003F40063002BEAD17B685B6B03F004038C
:10C1D000002B04D07B6804229A6304230EE07B6862
:10C1E0005B6B03F00103002B04D07B6801229A6390
:10C1F000012303E07B68C5229A63002318461437A5
:10C20000BD465DF8047B704738020020D34D6210B4
:10C2100080B485B000AF78601A4B1B681A4AA2FB45
:10C2200003235B0A41F2883202FB03F3FB60FB68E5
:10C230005A1EFA60002B02D14FF000431BE07B68CE
:10C240005B6BBB60BB6803F04503002BEFD0BB68A2
:10C2500003F40063002BEAD17B685B6B03F00403FB
:10C26000002B04D07B6804229A63042303E07B68DC
:10C27000C5229A63002318461437BD465DF8047B37
:10C28000704700BF38020020D34D621080B588B0DF
:10C2900000AFF8600B467A60FB72354B1B68354A7D
:10C2A000A2FB03235B0A41F2883202FB03F3FB612A
:10C2B000FB695A1EFA61002B02D14FF0004352E095
:10C2C000FB685B6BBB61BB6903F04503002BEFD0E0
:10C2D000BB6903F40063002BEAD1FB685B6B03F0DE
:10C2E0000403002B04D0FB6804229A6304233AE081
:10C2F000FB685B6B03F00103002B04D0FB68012299
:10C300009A6301232FE0F868FFF70DFC03461A46F5
:10C31000FB7A934201D0012325E0FB68C5229A6392
:10C320000021F868FFF70CFC78617B6903F4604337
:10C33000002B06D17B691B0C9AB27B681A80002304
:10C3400011E07B6903F48043002B02D04FF40053CB
:10C3500009E07B6903F40043002B02D04FF48053C3
:10C3600001E04FF4803318462037BD4680BD00BF42
:10C3700038020020D34D621080B485B000AF7860E1
:10C38000224B1B68224AA2FB03235B0A41F288323C
:10C3900002FB03F3FB60FB685A1EFA60002B02D11C
:10C3A0004FF000432CE07B685B6BBB60BB6803F025
:10C3B0004503002BEFD0BB6803F40063002BEAD1E8
:10C3C0007B685B6B03F00403002B04D07B680422C2
:10C3D0009A63042314E07B685B6B03F00103002B7A
:10C3E00004D07B6801229A63012309E07B685B6BC0
:10C3F00003F04003002B02D07B6840229A630023A5
:10C4000018461437BD465DF8047B7047380200209B
:10C41000D34D621080B485B000AF7860114B1B68BB
:10C42000114AA2FB03235B0A41F2883202FB03F3A9
:10C43000FB60FB685A1EFA60002B02D14FF00043EC
:10C4400009E07B685B6B03F08003002BF1D07B6815
:10C45000C5229A63002318461437BD465DF8047B55
:10C46000704700BF38020020D34D621080B500AF86
:10C470000449054808F000F903461A46034B1A70B0
:10C4800000BF80BD382A002068D00208342A00206E
:10C4900080B400AF00231846BD465DF8047B7047AA
:10C4A00080B582B000AF0023FB7100F090F8034626
:10C4B000012B01D0012305E00448FBF74BFB0346A9
:10C4C000FB71FB7918460837BD4680BD3006002059
:10C4D00080B588B002AFF860B9607A603B60002335
:10C4E000FB753B6800937B68BA68F9680648FBF700
:10C4F00001FC0346002B01D00123FB75FB7D184690
:10C500001837BD4680BD00BF3006002080B588B01A
:10C5100002AFF860B9607A603B600023FB753B684E
:10C5200000937B68BA68F9680648FBF7C9FD0346C3
:10C53000002B01D00123FB75FB7D18461837BD4643
:10C5400080BD00BF3006002080B500AF0548FCF775
:10C55000A5FA0346042B14BF01230023DBB21846BF
:10C5600080BD00BF3006002080B582B000AF78608B
:10C5700079680348FCF766FA00BF0837BD4680BDFE
:10C580003006002080B582B000AF786000F018F867
:10C5900000BF0837BD4680BD80B582B000AF78606F
:10C5A000E5F724FC00BF0837BD4680BD80B582B0EA
:10C5B00000AF7860E5F73AFC00BF0837BD4680BDA4
:10C5C00080B400AF00BFBD465DF8047B704780B506
:10C5D00082B000AF0123FB7100F00CF80346002B82
:10C5E00001D10023FB71FB79DBB218460837BD4649
:10C5F00080BD000080B582B000AF0123FB714FF415
:10C6000080710648F8F7A0FB0346002B01D00023F9
:10C61000FB71FB7918460837BD4680BD0018024003
:10C6200080B582B000AF0346FB710B4B01221A703C
:10C63000FFF78AFF0346002B07D1074B1B78DBB2BD
:10C6400023F00103DAB2044B1A70034B1B78DBB200
:10C6500018460837BD4680BDA902002080B582B0CB
:10C6600000AF0346FB710B4B01221A70FFF718FF56
:10C670000346002B07D1FB791846FFF7D1FF03468D
:10C680001A46044B1A70034B1B78DBB21846083766
:10C69000BD4680BDA902002080B582B000AF034630
:10C6A000FB71FB791846FFF7BBFF034618460837B6
:10C6B000BD4680BD80B586B000AFB9607A603B6092
:10C6C0000346FB730123FB754FF0FF333A6879682B
:10C6D000B868FFF7FDFE0346002B07D100BFFFF748
:10C6E00033FF0346002BFAD10023FB75FB7D184670
:10C6F0001837BD4680BD80B586B000AFB9607A609E
:10C700003B600346FB730123FB754FF0FF333A6830
:10C710007968B868FFF7FAFE0346002B07D100BF1F
:10C72000FFF712FF0346002BFAD10023FB75FB7DB8
:10C7300018461837BD4680BD80B58CB000AF0346A3
:10C740003A60FB710B46BB71012387F82F30254BF4
:10C750001B78DBB203F00103002B01D003233CE084
:10C76000BB79032B34D801A252F823F07DC701080E
:10C7700085C701089DC70108B7C70108002387F8CE
:10C780002F3028E007F10C031846FFF7EDFE7A6A18
:10C790003B681A60002387F82F301CE007F10C0378
:10C7A0001846FFF7E1FEBB6A9AB23B681A80002385
:10C7B00087F82F300FE007F10C031846FFF7D4FE7F
:10C7C000BB6A5A0A3B681A60002387F82F3002E0E0
:10C7D000042387F82F3097F82F3018463037BD469E
:10C7E00080BD00BFA902002080B582B000AF1C2030
:10C7F00003F076FE78607B68002B0AD07B6800220D
:10C800001A607B680433184600F088F97B680022C0
:10C810001A767B6818460837BD4680BD80B590B053
:10C8200000AFF860B9607A603B60FB687B6300230F
:10C83000BB6300233B63FB68002B0BD14FF050031D
:10C8400083F31188BFF36F8FBFF34F8F3B6200BF3D
:10C8500000BFFDE7BB68B3F1807F0BD34FF05003FF
:10C8600083F31188BFF36F8FBFF34F8FFB6100BF5E
:10C8700000BFFDE7BB68002B0BD14FF0500383F3E3
:10C880001188BFF36F8FBFF34F8FBB6100BF00BF35
:10C89000FDE702F0B9FA0346002B02D1BB6C002B76
:10C8A00001D1012300E00023002B0BD14FF05003F6
:10C8B00083F31188BFF36F8FBFF34F8F7B6100BF8E
:10C8C00000BFFDE701F08EFC7B6B1B68FB623A68E2
:10C8D000B968F86A00F000F9B862BB6A002B0ED0A4
:10C8E000FB6AFB630023BB647B68002B28D07B6B57
:10C8F0001A68BB68DB431A407B6B1A6020E0BB6C94
:10C90000002B04D1FB6AFB6301233B6318E07B68C7
:10C91000002B03D0BB6B43F08073BB633B68002BE1
:10C9200003D0BB6B43F08063BB637B6B181DBA689D
:10C93000BB6B1343BA6C194601F02AFF0023FB635B
:10C9400001F05EFC7862BB6C002B31D07B6A002B5F
:10C9500007D11A4B4FF080521A60BFF34F8FBFF3CD
:10C960006F8F02F073FCF863FB6B03F00073002B16
:10C970001AD103F08FFC7B6B1B68FB633A68B968C4
:10C98000F86B00F0A9F80346002B09D07B68002B58
:10C9900006D07B6B1A68BB68DB431A407B6B1A605E
:10C9A00001233B6303F0A8FCFB6B23F07F43FB6395
:10C9B000FB6B18464037BD4680BD00BF04ED00E06C
:10C9C00080B58EB000AF7860396000233B637B6830
:10C9D000BB620023FB627B68002B0BD14FF050033E
:10C9E00083F31188BFF36F8FBFF34F8F3B6100BF9D
:10C9F00000BFFDE73B68B3F1807F0BD34FF05003DE
:10CA000083F31188BFF36F8FBFF34F8FFB6000BFBD
:10CA100000BFFDE7BB6A04337B627B6A08333B627D
:10CA200001F0E0FB7B6ADB687B63BB6A1A683B68EA
:10CA30001A43BB6A1A603CE07B6B5B68FB617B6BF3
:10CA40001B68BB610023FB62BB6903F07F437B6112
:10CA5000BB6923F07F43BB617B6903F08063002BDC
:10CA600008D1BB6A1A68BB691340002B0BD00123A5
:10CA7000FB6208E0BB6A1A68BB691340BA699A4254
:10CA800001D10123FB62FB6A002B10D07B6903F00C
:10CA90008073002B03D03A6BBB6913433B63BB6AC3
:10CAA0001B6843F000731946786B01F0E9FFFB69DE
:10CAB0007B637A6B3B6A9A42BED1BB6A1A683B6B56
:10CAC000DB431A40BB6A1A6001F09AFBBB6A1B6821
:10CAD00018463837BD4680BD80B487B000AFF860D7
:10CAE000B9607A6000237B617B68002B07D1FA680C
:10CAF000BB681340002B0AD001237B6107E0FA6872
:10CB0000BB681340BA689A4201D101237B617B69FB
:10CB100018461C37BD465DF8047B704780B483B06F
:10CB200000AF78607B6803F108027B685A607B681D
:10CB30004FF0FF329A607B6803F108027B68DA608D
:10CB40007B6803F108027B681A617B6800221A6027
:10CB500000BF0C37BD465DF8047B704780B483B0DE
:10CB600000AF78607B6800221A6100BF0C37BD46B9
:10CB70005DF8047B704780B485B000AF78603960A1
:10CB80003B681B68BB60BB68B3F1FF3F03D17B68A8
:10CB90001B69FB600CE07B680833FB6002E0FB680C
:10CBA0005B68FB60FB685B681B68BA689A42F6D2F8
:10CBB000FB685A683B685A603B685B683A689A60F1
:10CBC0003B68FA689A60FB683A685A603B687A6822
:10CBD0001A617B681B685A1C7B681A6000BF143797
:10CBE000BD465DF8047B704780B485B000AF7860C7
:10CBF0007B681B69FB607B685B687A6892689A60F7
:10CC00007B689B687A6852685A60FB685B687A68E0
:10CC10009A4203D17B689A68FB685A607B6800225D
:10CC20001A61FB681B685A1EFB681A60FB681B6868
:10CC300018461437BD465DF8047B704780B586B052
:10CC400000AF7860396001237B617B683B613B69A1
:10CC5000002B0BD14FF0500383F31188BFF36F8F7C
:10CC6000BFF34F8FFB6000BF00BFFDE73B69002BA8
:10CC70005DD03B69DB6B002B59D03B691A6C3B697B
:10CC8000DB6B0021A3FB0223002B00D001210B460C
:10CC9000002B4CD103F0FEFA3B691A683B69DB6B51
:10CCA0003969096C01FB03F31A443B699A603B69DB
:10CCB00000229A633B691A683B695A603B691A68AB
:10CCC0003B69DB6B013B3969096C01FB03F31A44D7
:10CCD0003B69DA603B69FF2283F844203B69FF220D
:10CCE00083F845203B68002B14D13B691B69002B5E
:10CCF0001AD03B691033184601F0E8FD0346002BBB
:10CD000012D0164B4FF080521A60BFF34F8FBFF313
:10CD10006F8F09E03B6910331846FFF7FFFE3B6950
:10CD200024331846FFF7FAFE03F0E6FA01E0002389
:10CD30007B617B69002B0BD14FF0500383F311888B
:10CD4000BFF36F8FBFF34F8FBB6000BF00BFFDE726
:10CD50007B6918461837BD4680BD00BF04ED00E072
:10CD600080B58CB002AFF860B9607A603B60002398
:10CD70007B623B68002B0BD14FF0500383F311888B
:10CD8000BFF36F8FBFF34F8F3B6200BF00BFFDE764
:10CD9000FB68002B31D03B68002B2ED07B68002B2A
:10CDA00002D0BB68002B28D07B68002B02D1BB6867
:10CDB000002B22D148237B617B69482B0BD04FF09D
:10CDC000500383F31188BFF36F8FBFF34F8FFB6165
:10CDD00000BF00BFFDE77B693B687B627B6A012285
:10CDE00083F8462097F830207B6A009313467A68D0
:10CDF000B968F86800F068F80EE07B6A002B0BD188
:10CE00004FF0500383F31188BFF36F8FBFF34F8F41
:10CE1000BB6100BF00BFFDE77B6A18462837BD46EF
:10CE200080BD80B58AB002AFF860B9601346FB716F
:10CE30000023FB61FB68002B32D00021BA68FB683D
:10CE4000A3FB0223002B00D001210B46002B27D18E
:10CE5000FB68BA6802FB03F313F1490F20D8FB68A3
:10CE6000BA6802FB03F3BB61BB694833184603F0A1
:10CE700037FBF861FB69002B21D0FB697B617B6983
:10CE800048337B61FB69002283F84620FA79FB690D
:10CE9000009313467A69B968F86800F015F80EE057
:10CEA000FB69002B0BD14FF0500383F31188BFF3C4
:10CEB0006F8FBFF34F8F3B6100BF00BFFDE7FB6982
:10CEC00018462037BD4680BD80B584B000AFF860FD
:10CED000B9607A60FB70BB68002B03D1BB69BA698B
:10CEE0001A6002E0BB697A681A60BB69FA68DA63A3
:10CEF000BB69BA681A640121B869FFF79FFE00BFD9
:10CF00001037BD4680BD80B582B000AF78607B68C9
:10CF1000002B0ED07B6800229A607B6800221A608A
:10CF20007B680022DA60002300220021786800F08C
:10CF300045F800BF0837BD4680BD80B586B000AF5C
:10CF40000346FB7101237B6100233B61FB791A4699
:10CF500039697869FFF765FFF860F868FFF7D3FF74
:10CF6000FB6818461837BD4680BD80B586B000AF57
:10CF700078607B683B617B68002B0BD14FF05003DE
:10CF800083F31188BFF36F8FBFF34F8FFB6000BF38
:10CF900000BFFDE703F07EF93B691B68002B03D15E
:10CFA0003B699B687B6101E000237B6103F0A4F98E
:10CFB0007B6918461837BD4680BD000080B58EB02D
:10CFC00000AFF860B9607A603B6000237B63FB6868
:10CFD0003B633B6B002B0BD14FF0500383F3118865
:10CFE000BFF36F8FBFF34F8FBB6200BF00BFFDE782
:10CFF000BB68002B03D13B6B1B6C002B01D10123C1
:10D0000000E00023002B0BD14FF0500383F3118875
:10D01000BFF36F8FBFF34F8F7B6200BF00BFFDE791
:10D020003B68022B03D13B6BDB6B012B01D101234E
:10D0300000E00023002B0BD14FF0500383F3118845
:10D04000BFF36F8FBFF34F8F3B6200BF00BFFDE7A1
:10D0500001F0DAFE0346002B02D17B68002B01D1E0
:10D06000012300E00023002B0BD14FF0500383F38A
:10D070001188BFF36F8FBFF34F8FFB6100BF00BFFD
:10D08000FDE703F007F93B6B9A6B3B6BDB6B9A4256
:10D0900002D33B68022B29D13A68B968386B00F09B
:10D0A00006FCF8623B6B5B6A002B10D03B6B2433B1
:10D0B000184601F00BFC0346002B13D03F4B4FF0FA
:10D0C00080521A60BFF34F8FBFF36F8F0AE0FB6A85
:10D0D000002B07D0394B4FF080521A60BFF34F8FAF
:10D0E000BFF36F8F03F008F9012363E07B68002B27
:10D0F00003D103F001F900235CE07B6B002B06D128
:10D1000007F11403184601F07FFD01237B6303F050
:10D11000F3F801F067F803F0BDF83B6B93F8443087
:10D120005BB2B3F1FF3F03D13B6B002283F8442095
:10D130003B6B93F845305BB2B3F1FF3F03D13B6BE0
:10D14000002283F8452003F0D7F83A1D07F11403B5
:10D150001146184601F06EFD0346002B24D1386BB2
:10D1600000F09DFC0346002B18D03B6B10337A680F
:10D170001146184601F0E6FA386B00F028FC01F081
:10D180003FF80346002B7FF47CAF0C4B4FF08052EE
:10D190001A60BFF34F8FBFF36F8F72E7386B00F0E9
:10D1A00016FC01F02DF86CE7386B00F010FC01F074
:10D1B00027F8002318463837BD4680BD04ED00E04F
:10D1C00080B592B000AFF860B9607A603B60FB68F0
:10D1D0003B643B6C002B0BD14FF0500383F3118861
:10D1E000BFF36F8FBFF34F8FFB6200BF00BFFDE740
:10D1F000BB68002B03D13B6C1B6C002B01D10123BE
:10D2000000E00023002B0BD14FF0500383F3118873
:10D21000BFF36F8FBFF34F8FBB6200BF00BFFDE74F
:10D220003B68022B03D13B6CDB6B012B01D101234B
:10D2300000E00023002B0BD14FF0500383F3118843
:10D24000BFF36F8FBFF34F8F7B6200BF00BFFDE75F
:10D2500003F004F9EFF311824FF0500383F31188C8
:10D26000BFF36F8FBFF34F8F3A62FB613B6AFB6383
:10D270003B6C9A6B3B6CDB6B9A4202D33B68022B94
:10D2800047D13B6C93F8453087F83B303B6C9B6B48
:10D290007B633A68B968386C00F009FB97F93B305A
:10D2A000B3F1FF3F12D13B6C5B6A002B2ED03B6C7D
:10D2B0002433184601F00AFB0346002B26D07B6876
:10D2C000002B23D07B6801221A601FE001F0B0F828
:10D2D000386397F93B303A6B9A4217D997F93B304C
:10D2E0007F2B0BD14FF0500383F31188BFF36F8F67
:10D2F000BFF34F8FBB6100BF00BFFDE797F83B3026
:10D300000133DBB25AB23B6C83F8452001237B64C6
:10D3100001E000237B64FB6B7B617B6983F31188F5
:10D3200000BF7B6C18464837BD4680BD80B590B0C5
:10D3300000AF786039607B68BB63BB6B002B0BD19F
:10D340004FF0500383F31188BFF36F8FBFF34F8FFC
:10D350007B6200BF00BFFDE7BB6B1B6C002B0BD0DB
:10D360004FF0500383F31188BFF36F8FBFF34F8FDC
:10D370003B6200BF00BFFDE7BB6B1B68002B03D106
:10D38000BB6B9B68002B01D1012300E00023002B25
:10D390000BD14FF0500383F31188BFF36F8FBFF3AE
:10D3A0004F8FFB6100BF00BFFDE703F057F8EFF3BD
:10D3B00011824FF0500383F31188BFF36F8FBFF3D7
:10D3C0004F8FBA617B61BB697B63BB6B9B6B3B63BC
:10D3D000BB6BDB6B3A6B9A4243D2BB6B93F8453025
:10D3E00087F82F303B6B5A1CBB6B9A6397F92F3031
:10D3F000B3F1FF3F12D1BB6B5B6A002B2ED0BB6B2E
:10D400002433184601F062FA0346002B26D03B680D
:10D41000002B23D03B6801221A601FE001F008F8BE
:10D42000B86297F92F30BA6A9A4217D997F92F3014
:10D430007F2B0BD14FF0500383F31188BFF36F8F15
:10D44000BFF34F8F3B6100BF00BFFDE797F82F3060
:10D450000133DBB25AB2BB6B83F845200123FB6377
:10D4600001E00023FB637B6BFB60FB6883F31188A7
:10D4700000BFFB6B18464037BD4680BD80B58CB001
:10D4800000AFF860B9607A600023FB62FB68BB62A2
:10D49000BB6A002B0BD14FF0500383F31188BFF30D
:10D4A0006F8FBFF34F8F3B6200BF00BFFDE7BB68CC
:10D4B000002B03D1BB6A1B6C002B01D1012300E0C0
:10D4C0000023002B0BD14FF0500383F31188BFF3DF
:10D4D0006F8FBFF34F8FFB6100BF00BFFDE701F00F
:10D4E00093FC0346002B02D17B68002B01D1012362
:10D4F00000E00023002B0BD14FF0500383F3118881
:10D50000BFF36F8FBFF34F8FBB6100BF00BFFDE75D
:10D5100002F0C0FEBB6A9B6B7B627B6A002B1FD054
:10D52000B968B86A00F02DFA7B6A5A1EBB6A9A6322
:10D53000BB6A1B69002B0FD0BB6A1033184601F081
:10D54000C5F90346002B07D03C4B4FF080521A60C0
:10D55000BFF34F8FBFF36F8F02F0CEFE012369E060
:10D560007B68002B03D102F0C7FE002362E0FB6A58
:10D57000002B06D107F11003184601F045FB0123EB
:10D58000FB6202F0B9FE00F02DFE02F083FEBB6AE2
:10D5900093F844305BB2B3F1FF3F03D1BB6A002282
:10D5A00083F84420BB6A93F845305BB2B3F1FF3F88
:10D5B00003D1BB6A002283F8452002F09DFE3A1D8C
:10D5C00007F110031146184601F034FB0346002B07
:10D5D00023D1B86A00F04DFA0346002B17D0BB6A7E
:10D5E00024337A681146184601F0ACF8B86A00F0A6
:10D5F000EEF900F005FE0346002B89D10F4B4FF0EA
:10D6000080521A60BFF34F8FBFF36F8F80E7B86A05
:10D6100000F0DDF900F0F4FD7AE7B86A00F0D7F920
:10D6200000F0EEFDB86A00F024FA0346002B3FF448
:10D630006FAF002318463037BD4680BD04ED00E0D3
:10D6400080B58CB000AF786039600023FB627B68E6
:10D650007B620023BB627B6A002B0BD14FF050032F
:10D6600083F31188BFF36F8FBFF34F8FBB6100BF90
:10D6700000BFFDE77B6A1B6C002B0BD04FF0500303
:10D6800083F31188BFF36F8FBFF34F8F7B6100BFB0
:10D6900000BFFDE701F0B8FB0346002B02D13B6859
:10D6A000002B01D1012300E00023002B0BD14FF010
:10D6B000500383F31188BFF36F8FBFF34F8F3B612C
:10D6C00000BF00BFFDE702F0E5FD7B6A9B6B3B629C
:10D6D0003B6A002B24D03B6A5A1E7B6A9A637B6AA2
:10D6E0001B68002B04D101F0C9FD02467B6A9A60D9
:10D6F0007B6A1B69002B0FD07B6A1033184601F040
:10D70000E5F80346002B07D04C4B4FF080521A60CF
:10D71000BFF34F8FBFF36F8F02F0EEFD012389E05F
:10D720003B68002B03D102F0E7FD002382E0FB6A97
:10D73000002B06D107F10803184601F065FA012312
:10D74000FB6202F0D9FD00F04DFD02F0A3FD7B6A03
:10D7500093F844305BB2B3F1FF3F03D17B6A002200
:10D7600083F844207B6A93F845305BB2B3F1FF3F06
:10D7700003D17B6A002283F8452002F0BDFD3A46C2
:10D7800007F108031146184601F054FA0346002B2E
:10D7900032D1786A00F06DF90346002B26D07B6AFF
:10D7A0001B68002B09D102F075FD7B6A9B68184647
:10D7B00001F048FBB86202F09FFD7B6A24333A68AF
:10D7C0001146184600F0BEFF786A00F000F900F03C
:10D7D00017FD0346002B7FF476AF184B4FF08052B5
:10D7E0001A60BFF34F8FBFF36F8F6CE7786A00F05A
:10D7F000EEF800F005FD66E7786A00F0E8F800F062
:10D80000FFFC786A00F035F90346002B3FF45BAF6C
:10D81000BB6A002B0DD002F03DFD786A00F02FF8B6
:10D82000F8617B6A9B68F969184601F053FC02F0C5
:10D8300063FD002318463037BD4680BD04ED00E08F
:10D8400080B584B000AF78607B68002B0BD14FF0BF
:10D85000500383F31188BFF36F8FBFF34F8FBB600B
:10D8600000BF00BFFDE702F015FD7B689B6BFB600E
:10D8700002F042FDFB6818461037BD4680BD80B4FB
:10D8800085B000AF78607B685B6A002B06D07B6850
:10D890001B6B1B68C3F10703FB6001E00023FB6007
:10D8A000FB6818461437BD465DF8047B704780B5A9
:10D8B00086B000AFF860B9607A6000237B61FB68D6
:10D8C0009B6B3B61FB681B6C002B0DD1FB681B68DD
:10D8D000002B4DD1FB689B68184601F053FB786123
:10D8E000FB6800229A6043E07B68002B19D1FB683B
:10D8F0005868FB681B6C1A46B9680BF0B2FFFB68EE
:10D900005A68FB681B6C1A44FB685A60FB685A68CB
:10D91000FB689B689A422BD3FB681A68FB685A60C5
:10D9200026E0FB68D868FB681B6C1A46B9680BF0E8
:10D9300098FFFB68DA68FB681B6C5B421A44FB6863
:10D94000DA60FB68DA68FB681B689A4207D2FB68FA
:10D950009A68FB681B6C5B421A44FB68DA607B6860
:10D96000022B05D13B69002B02D03B69013B3B6197
:10D970003B695A1CFB689A637B6918461837BD4699
:10D9800080BD80B582B000AF786039607B681B6C69
:10D99000002B18D07B68DA687B681B6C1A447B68A4
:10D9A000DA607B68DA687B689B689A4203D37B689D
:10D9B0001A687B68DA607B68D9687B681B6C1A46DA
:10D9C00038680BF04EFF00BF0837BD4680BD80B5FC
:10D9D00084B000AF786002F05DFC7B6893F845305E
:10D9E000FB7311E07B685B6A002B12D07B682433E9
:10D9F000184600F06BFF0346002B01D001F082F9BE
:10DA0000FB7B013BDBB2FB7397F90F30002BE9DCAA
:10DA100000E000BF7B68FF2283F8452002F06CFC29
:10DA200002F038FC7B6893F84430BB7311E07B68EC
:10DA30001B69002B12D07B681033184600F046FF9C
:10DA40000346002B01D001F05DF9BB7B013BDBB24B
:10DA5000BB7397F90E30002BE9DC00E000BF7B6858
:10DA6000FF2283F8442002F047FC00BF1037BD4678
:10DA700080BD80B584B000AF786002F00BFC7B689D
:10DA80009B6B002B02D10123FB6001E00023FB60B4
:10DA900002F032FCFB6818461037BD4680BD80B5E9
:10DAA00084B000AF786002F0F5FB7B689A6B7B680E
:10DAB000DB6B9A4202D10123FB6001E00023FB6093
:10DAC00002F01AFCFB6818461037BD4680BD000006
:10DAD00080B487B000AF7860396000233B617B6819
:10DAE000002B0BD14FF0500383F31188BFF36F8FDE
:10DAF000BFF34F8FFB6000BF00BFFDE73B68002B0B
:10DB000024D000237B611EE0184A7B69DB001344AC
:10DB10005B687A689A4205D17B69DB00134A13443B
:10DB20003B6113E03B69002B0AD1104A7B6952F834
:10DB30003330002B04D17B69DB000C4A13443B617A
:10DB40007B6901337B617B69072BDDD93B69002B46
:10DB500005D03B693A681A603B697A685A6000BF31
:10DB60001C37BD465DF8047B704700BF3C2A00208F
:10DB700080B586B000AFF860B9607A60FB687B6101
:10DB800002F088FB7B6993F844305BB2B3F1FF3F4E
:10DB900003D17B69002283F844207B6993F84530E8
:10DBA0005BB2B3F1FF3F03D17B69002283F84520CC
:10DBB00002F0A2FB7B699B6B002B06D17B692433AF
:10DBC0007A68B968184600F03BFE7869FFF7FFFEF7
:10DBD00000BF1837BD4680BD80B58EB004AFF86079
:10DBE000B9607A603B607B6B002B0BD14FF0500328
:10DBF00083F31188BFF36F8FBFF34F8F3B6200BF7A
:10DC000000BFFDE7BB6B002B0BD14FF0500383F33C
:10DC10001188BFF36F8FBFF34F8FFB6100BF00BF51
:10DC2000FDE7A0237B617B69A02B0BD04FF0500355
:10DC300083F31188BFF36F8FBFF34F8FBB6100BFBA
:10DC400000BFFDE77B69BB6B002B1FD07B6B002BFC
:10DC50001CD0BB6B7B62A0220021786A0AF031FFE6
:10DC60007B6A7A6B1A637B6A022283F89D20002309
:10DC700003937B6A0293FB6B01933B6B00933B68BE
:10DC80007A68B968F86800F08FF801E000237B62D9
:10DC90007B6A18462837BD4680BD80B58AB004AF80
:10DCA000F860B9607A603B6000233B6107F11003C4
:10DCB0000393BB6A02937B6A01933B6A00933B68C0
:10DCC0007A68B968F868FFF787FF78617B69002B8D
:10DCD00002D0786900F006F93B6918461837BD464E
:10DCE00080BD80B58AB004AFF860B9607A603B60EF
:10DCF0007B689B00184602F0F3FB38613B69002B00
:10DD000013D0A02002F0ECFB78617B69002B08D0D7
:10DD1000A022002178690AF0D4FE7B693A691A636F
:10DD200005E0386902F014FD01E000237B617B69A6
:10DD3000002B11D07B69002283F89D2000230393E0
:10DD40007B6902937B6A01933B6A00933B687A6824
:10DD5000B968F86800F028F87B6918461837BD469E
:10DD600080BD80B588B002AFF860B9607A603B6072
:10DD70007B6A01933B6A00933B687A68B968F868EC
:10DD8000FFF7AFFF38613B69002B05D0386900F021
:10DD9000A9F801237B6102E04FF0FF337B617B69CF
:10DDA00018461837BD4680BD80B588B000AFF86012
:10DDB000B9607A603B603B6B1A6B7B6803F1804310
:10DDC000013B9B001344BB61BB6923F00703BB61AC
:10DDD000BB6903F00703002B0BD04FF0500383F314
:10DDE0001188BFF36F8FBFF34F8F7B6100BF00BF00
:10DDF000FDE7BB68002B1ED00023FB6112E0BA6870
:10DE0000FB69134419783A6BFB69134434330A46AF
:10DE10001A70BA68FB6913441B78002B06D0FB69A3
:10DE20000133FB61FB690F2BE9D900E000BF3B6BBD
:10DE3000002283F84320BB6A062B0BD94FF0500316
:10DE400083F31188BFF36F8FBFF34F8F3B6100BF28
:10DE500000BFFDE7BB6A062B01D90623BB623B6B03
:10DE6000BA6ADA623B6BBA6A5A643B6B043318468F
:10DE7000FEF774FE3B6B18331846FEF76FFE3B6BE4
:10DE80003A6B1A61BB6AC3F107023B6B9A613B6B49
:10DE90003A6B5A623B6B4C334C22002118460AF015
:10DEA00010FE3B6B0C4A1A653B6B0C4A5A653B6B88
:10DEB0000B4A9A653A68F968B86902F069F802464F
:10DEC0003B6B1A60FB6A002B02D0FB6A3A6B1A604C
:10DED00000BF2037BD4680BD086501207065012068
:10DEE000D865012080B584B000AF786002F0D2F927
:10DEF0003F4B1B6801333E4A13603E4B1B68002BAF
:10DF000009D13C4A7B681360394B1B68012B10D147
:10DF100000F01CFF0DE0384B1B68002B09D1354B7E
:10DF20001B68DA6A7B68DB6A9A4202D8314A7B68EE
:10DF30001360324B1B680133304A13607B68DB6A25
:10DF400001229A402E4B1B6813432D4A13607B68B5
:10DF5000DA6A2C4913469B0013449B000B4404339C
:10DF60001B68FB607B68FA689A60FB689A687B684C
:10DF7000DA60FB689B687A6804325A607B681A1D15
:10DF8000FB689A607B68DA6A13469B0013449B0027
:10DF90001C4A1A447B685A617B68DA6A194913463D
:10DFA0009B0013449B000B441B687A68D26A591C7F
:10DFB000144813469B0013449B000344196002F06D
:10DFC0009BF90D4B1B68002B0ED00A4B1B68DA6ABD
:10DFD0007B68DB6A9A4207D20B4B4FF080521A6083
:10DFE000BFF34F8FBFF36F8F00BF1037BD4680BDAB
:10DFF000642B00207C2A0020702B0020802B002026
:10E000006C2B0020802A002004ED00E080B584B055
:10E0100000AF78600023FB607B68002B18D000F015
:10E02000E1F8134B1B68012B0BD04FF0500383F327
:10E030001188BFF36F8FBFF34F8FBB6000BF00BF6E
:10E04000FDE70021786801F06FFC00F0D9F8F86076
:10E05000FB68002B07D1074B4FF080521A60BFF3CB
:10E060004F8FBFF36F8F00BF1037BD4680BD00BF1D
:10E070008C2B002004ED00E080B590B004AF0123AC
:10E08000FB6200233B6200237B6213E02B4A7B6A26
:10E090001344197807F110027B6A13440A461A7078
:10E0A00007F110027B6A13441B78002B06D07B6AB1
:10E0B00001337B627B6A0F2BE8DD00E000BF0023A9
:10E0C000BB6231E01E4B3B620023FB600023BB6060
:10E0D0003A1D07F1080107F10C031846E4F702F8AE
:10E0E0007868BB68FA6807F1100102920193002377
:10E0F000009300230246386AFFF7CFFD024611491C
:10E10000BB6A41F823200F4ABB6A52F82330002B28
:10E1100002D00123FB6201E00023FB62FB6A002BBB
:10E1200006D0BB6A0133BB62BB6A002BCADD00E0CC
:10E1300000BFFB6A18463037BD4680BD4CC202089E
:10E140001DED0108882B002080B584B000AFFFF7DB
:10E1500093FFF860FB68012B02D101F067FCF860C7
:10E16000FB68012B1BD14FF0500383F31188BFF3E1
:10E170006F8FBFF34F8FBB6000BF144B1B684C33D6
:10E18000134A1360134B4FF0FF321A60124B0122F7
:10E190001A60124B00221A6001F08CFF0FE0FB683E
:10E1A000B3F1FF3F0BD14FF0500383F31188BFF35E
:10E1B0006F8FBFF34F8F7B6000BF00BFFDE7084B41
:10E1C0001B6800BF1037BD4680BD00BF7C2A002001
:10E1D00048040020842B0020702B0020682B002096
:10E1E000AC02002080B400AF044B1B680133034A2B
:10E1F000136000BFBD465DF8047B70478C2B002088
:10E2000080B588B000AF0023FB610023BB6102F042
:10E2100041F800233B61754B1B68002B0BD14FF07D
:10E22000500383F31188BFF36F8FBFF34F8F3B60B1
:10E2300000BF00BFFDE76D4B1B68013B6B4A1360DD
:10E240006A4B1B68002B40F0CA80694B1B68002B8F
:10E2500000F0C5808EE0674BDB68DB68FB61FB6923
:10E260009B6AFB60FB69DB69FA69126A9A60FB6969
:10E270001B6AFA69D2695A60FB685A68FB691833ED
:10E280009A4203D1FB691A6AFB685A60FB69002253
:10E290009A62FB681B685A1EFB681A60FB695B691F
:10E2A000BB60FB699B68FA69D2689A60FB69DB68AE
:10E2B000FA6992685A60BB685A68FB6904339A42EB
:10E2C00003D1FB69DA68BB685A60FB6900225A61B6
:10E2D000BB681B685A1EBB681A60FB69DB6A0122B7
:10E2E0009A40454B1B681343434A1360FB69DA6A43
:10E2F000424913469B0013449B000B4404331B68A4
:10E300007B60FB697A689A607B689A68FB69DA606F
:10E310007B689B68FA6904325A60FB691A1D7B6846
:10E320009A60FB69DA6A13469B0013449B00334AE8
:10E330001A44FB695A61FB69DA6A304913469B004B
:10E3400013449B000B441B68FA69D26A591C2B4882
:10E3500013469B0013449B0003441960FB69DA6A6F
:10E36000274B1B68DB6A9A4204D9264A3B69012184
:10E3700042F823101F4B1B68002B7FF46CAFFB6926
:10E38000002B01D000F024FD1F4B1B687B617B69D3
:10E39000002B12D000F058F80346002B04D0194A85
:10E3A0003B69012142F823107B69013B7B617B695A
:10E3B000002BEFD1144B00221A60124A3B6952F82D
:10E3C0002330002B0BD00123BB610D4B1B680F4B7F
:10E3D0004FF080521A60BFF34F8FBFF36F8F01F081
:10E3E0008BFFBB6918462037BD4680BD8C2B0020B3
:10E3F000642B00203C2B00206C2B0020802A002066
:10E400007C2A0020782B0020742B002004ED00E0F3
:10E4100080B483B000AF054B1B687B607B681846F7
:10E420000C37BD465DF8047B704700BF682B0020A9
:10E4300080B400AF034B1B681846BD465DF8047BF3
:10E44000704700BF642B002080B58AB000AF002366
:10E450007B627F4B1B68002B40F0EF807D4B1B687D
:10E4600001333B627B4A3B6A13603B6A002B21D13C
:10E47000794B1B681B68002B0BD04FF0500383F3C4
:10E480001188BFF36F8FBFF34F8F7B6000BF00BF5A
:10E49000FDE7714B1B68FB61704B1B686E4A136094
:10E4A0006E4AFB6913606E4B1B6801336C4A136044
:10E4B00000F08EFC6B4B1B683A6A9A42C0F0A88051
:10E4C000654B1B681B68002B04D1664B4FF0FF3275
:10E4D0001A609DE0604B1B68DB68DB68BB61BB6951
:10E4E0005B687B613A6A7B699A4203D25D4A7B69C9
:10E4F00013608DE0BB695B693B61BB699B68BA696E
:10E50000D2689A60BB69DB68BA6992685A603B69F5
:10E510005A68BB6904339A4203D1BB69DA683B6924
:10E520005A60BB6900225A613B691B685A1E3B69ED
:10E530001A60BB699B6A002B1ED0BB699B6AFB609B
:10E54000BB69DB69BA69126A9A60BB691B6ABA69FE
:10E55000D2695A60FB685A68BB6918339A4203D182
:10E56000BB691A6AFB685A60BB6900229A62FB6841
:10E570001B685A1EFB681A60BB69DB6A01229A405D
:10E58000394B1B681343384A1360BB69DA6A374951
:10E5900013469B0013449B000B4404331B68BB6071
:10E5A000BB69BA689A60BB689A68BB69DA60BB6885
:10E5B0009B68BA6904325A60BB691A1DBB689A60CD
:10E5C000BB69DA6A13469B0013449B00274A1A442E
:10E5D000BB695A61BB69DA6A244913469B0013443C
:10E5E0009B000B441B68BA69D26A591C1F4813462A
:10E5F0009B0013449B0003441960BB69DA6A1C4BFF
:10E600001B68DB6A9A427FF65BAF01237B6257E7A8
:10E61000174B1B68DA6A154913469B0013449B008D
:10E620000B441B68012B01D901237B62114B1B6832
:10E63000002B07D001237B6204E00F4B1B680133E2
:10E640000D4A13607B6A18462837BD4680BD00BF5F
:10E650008C2B0020682B0020342B0020382B00202E
:10E660007C2B0020842B00206C2B0020802A002093
:10E670007C2A0020782B0020742B002080B487B0E7
:10E6800000AF2A4B1B68002B03D0294B01221A60D4
:10E6900046E0274B00221A60264B1B68FB60FB6894
:10E6A000B3FA83F3FB72FB7AC3F11F037B61224948
:10E6B0007A6913469B0013449B000B441B68002B94
:10E6C0000BD14FF0500383F31188BFF36F8FBFF36B
:10E6D0004F8F7B6000BF00BFFDE77A6913469B0048
:10E6E00013449B00144A13443B613B695B685A68BE
:10E6F0003B695A603B695A683B6908339A4203D1C7
:10E700003B69DA683B695A603B695B68DB680B4AC6
:10E7100013600A4B1B68094B1B684C33084A136093
:10E7200000BF1C37BD465DF8047B70478C2B002072
:10E73000782B00206C2B0020802A00207C2A0020CF
:10E740004804002080B584B000AF786039607B68F1
:10E75000002B0BD14FF0500383F31188BFF36F8F61
:10E76000BFF34F8FFB6000BF00BFFDE7074B1B6887
:10E77000183319467868FEF7FEF90121386801F070
:10E78000D3F800BF1037BD4680BD00BF7C2A0020F3
:10E7900080B588B000AFF860B9607A60FB68002B84
:10E7A0000BD14FF0500383F31188BFF36F8FBFF38A
:10E7B0004F8FBB6100BF00BFFDE71F4B1B68002BE5
:10E7C0000BD14FF0500383F31188BFF36F8FBFF36A
:10E7D0004F8F7B6100BF00BFFDE7184B1B68BA6815
:10E7E00042F000429A61FB685B68FB61134B1B6857
:10E7F000FA69DA61114B1B68FA6992681A620F4B69
:10E800001A68FB699B6818325A600C4B1B6803F14D
:10E810001802FB699A60094B1B68FA689A62FB68E8
:10E820001B685A1CFB681A600121786801F07CF8AB
:10E8300000BF2037BD4680BD8C2B00207C2A0020E5
:10E8400080B586B000AFF860B9607A60FB68002BD5
:10E850000BD14FF0500383F31188BFF36F8FBFF3D9
:10E860004F8F3B6100BF00BFFDE7FB685B687B61CA
:10E87000154B1B687A69DA61134B1B687A699268D9
:10E880001A62114B1A687B699B6818325A600E4BEA
:10E890001B6803F118027B699A600B4B1B68FA68CE
:10E8A0009A62FB681B685A1CFB681A607B68002B25
:10E8B00002D04FF0FF33BB607968B86801F034F8DC
:10E8C00000BF1837BD4680BD7C2A002080B48BB0C5
:10E8D00000AF78607B68DB68DB683B623B6A002BDB
:10E8E0000BD14FF0500383F31188BFF36F8FBFF349
:10E8F0004F8FFB6000BF00BFFDE73B6A9B6AFB6177
:10E900003B6ADB693A6A126A9A603B6A1B6A3A6A36
:10E91000D2695A60FB695A683B6A18339A4203D13C
:10E920003B6A1A6AFB695A603B6A00229A62FB6979
:10E930001B685A1EFB691A604B4B1B68002B60D189
:10E940003B6A5B697B613B6A9B683A6AD2689A6002
:10E950003B6ADB683A6A92685A607B695A683B6A2C
:10E9600004339A4203D13B6ADA687B695A603B6A96
:10E9700000225A617B691B685A1E7B691A603B6AD8
:10E98000DB6A01229A40394B1B681343374A1360F4
:10E990003B6ADA6A364913469B0013449B000B44DA
:10E9A00004331B683B613B6A3A699A603B699A6829
:10E9B0003B6ADA603B699B683A6A04325A603B6A98
:10E9C0001A1D3B699A603B6ADA6A13469B0013443E
:10E9D0009B00274A1A443B6A5A613B6ADA6A244917
:10E9E00013469B0013449B000B441B683A6AD26A8F
:10E9F000591C1F4813469B0013449B000344196095
:10EA00001BE01C4B5B68BB613B6ABA69DA61BB699E
:10EA10009A683B6A1A62BB699B683A6A18325A6004
:10EA20003B6A03F11802BB699A603B6A114A9A6219
:10EA3000104B1B6801330F4A13603B6ADA6A0E4BB6
:10EA40001B68DB6A9A4205D901237B620B4B0122CA
:10EA50001A6001E000237B627B6A18462C37BD46B2
:10EA60005DF8047B704700BF8C2B00206C2B0020CE
:10EA7000802A00203C2B00207C2A0020782B0020BC
:10EA800080B489B000AF786039605A4B1B68002BA6
:10EA90000BD14FF0500383F31188BFF36F8FBFF397
:10EAA0004F8FFB6000BF00BFFDE73B6843F00042B3
:10EAB0007B681A607B68DB68FB61FB69002B0BD10C
:10EAC0004FF0500383F31188BFF36F8FBFF34F8F65
:10EAD000BB6000BF00BFFDE77B681B69BB617B6853
:10EAE0005B687A6892689A607B689B687A6852680B
:10EAF0005A60BB695B687A689A4203D17B689A68FE
:10EB0000BB695A607B6800221A61BB691B685A1E88
:10EB1000BB691A60FB695B697B61FB699B68FA6989
:10EB2000D2689A60FB69DB68FA6992685A607B690F
:10EB30005A68FB6904339A4203D1FB69DA687B693E
:10EB40005A60FB6900225A617B691B685A1E7B6907
:10EB50001A60FB69DB6A01229A40274B1B6813434A
:10EB6000254A1360FB69DA6A244913469B00134463
:10EB70009B000B4404331B683B61FB693A699A6054
:10EB80003B699A68FB69DA603B699B68FA69043201
:10EB90005A60FB691A1D3B699A60FB69DA6A134681
:10EBA0009B0013449B00154A1A44FB695A61FB6998
:10EBB000DA6A124913469B0013449B000B441B68FE
:10EBC000FA69D26A591C0D4813469B0013449B00F6
:10EBD00003441960FB69DA6A094B1B68DB6A9A42D5
:10EBE00002D9084B01221A6000BF2437BD465DF8E8
:10EBF000047B70478C2B00206C2B0020802A002087
:10EC00007C2A0020782B002080B483B000AF78608D
:10EC1000064B1A687B681A60054B1A687B685A6055
:10EC200000BF0C37BD465DF8047B70477C2B00208D
:10EC3000682B002080B588B000AF786039607B68B1
:10EC4000002B0BD14FF0500383F31188BFF36F8F6C
:10EC5000BFF34F8F3B6100BF00BFFDE73B68002B58
:10EC60000BD14FF0500383F31188BFF36F8FBFF3C5
:10EC70004F8FFB6000BF00BFFDE701F00BFB1F4B98
:10EC80001B68BB617B685B68BA69D31A7B613B68B0
:10EC90001B68B3F1FF3F02D10023FB6126E07B68D4
:10ECA0001A68174B1B689A420AD07B685B68BA697E
:10ECB0009A4205D30123FB613B6800221A6015E0EC
:10ECC0003B681B687A699A420BD23B681A687B6979
:10ECD000D21A3B681A607868FFF796FF0023FB6141
:10ECE00004E03B6800221A600123FB6101F004FB91
:10ECF000FB6918462037BD4680BD00BF682B002049
:10ED00007C2B002080B400AF034B01221A6000BFAF
:10ED1000BD465DF8047B7047782B002080B582B03B
:10ED200000AF786000F04CF8064B1B68012BF9D956
:10ED3000054B4FF080521A60BFF34F8FBFF36F8FB8
:10ED4000F0E700BF802A002004ED00E080B582B02B
:10ED500000AF00237B600CE07A6813469B001344ED
:10ED60009B00104A13441846FDF7D8FE7B68013318
:10ED70007B607B68062BEFD90B48FDF7CFFE0B4875
:10ED8000FDF7CCFE0A48FDF7C9FE0A48FDF7C6FEAE
:10ED9000094B054A1A60094B044A1A6000BF08373C
:10EDA000BD4680BD802A00200C2B0020202B002097
:10EDB0003C2B0020502B0020342B0020382B00202F
:10EDC00080B400AF00BFBD465DF8047B7047000013
:10EDD00080B400AF0A4B1B681B68002B04D1094BA1
:10EDE0004FF0FF321A6005E0054B1B68DB681B68BB
:10EDF000044A136000BFBD465DF8047B704700BF46
:10EE0000342B0020842B002080B483B000AF0B4B48
:10EE10001B68002B02D101237B6008E0084B1B68B4
:10EE2000002B02D102237B6001E000237B607B6822
:10EE300018460C37BD465DF8047B7047702B0020E8
:10EE40008C2B002080B586B000AF78607B683B617A
:10EE500000237B617B68002B00F089803B69DA6AC4
:10EE6000454B1B68DB6A9A4278D23B699B69002B51
:10EE700006DB414B1B68DB6AC3F107023B699A6101
:10EE80003B6959693B69DA6A13469B0013449B004E
:10EE90003A4A1344994259D13B6904331846FDF765
:10EEA000A3FE0346002B0AD13B69DB6A012202FA6A
:10EEB00003F3DA43324B1B681340314A13602E4B85
:10EEC0001B68DA6A3B69DA623B69DB6A01229A40B5
:10EED0002B4B1B6813432A4A13603B69DA6A2749A4
:10EEE00013469B0013449B000B4404331B68FB60D8
:10EEF0003B69FA689A60FB689A683B69DA60FB686C
:10EF00009B683A6904325A603B691A1DFB689A6033
:10EF10003B69DA6A13469B0013449B00174A1A4464
:10EF20003B695A613B69DA6A144913469B001344F2
:10EF30009B000B441B683A69D26A591C0F48134660
:10EF40009B0013449B000344196004E00A4B1B68B8
:10EF5000DA6A3B69DA6201237B6108E03B695A6C3B
:10EF6000054B1B68DB6A9A4201D201237B617B69F6
:10EF700018461837BD4680BD7C2A0020802A002014
:10EF80006C2B002080B588B000AF78607B68BB61D7
:10EF90000023FB617B68002B00F090804A4B1B68CC
:10EFA000BA699A420BD04FF0500383F31188BFF334
:10EFB0006F8FBFF34F8F3B6100BF00BFFDE7BB69A1
:10EFC0009B6C002B0BD14FF0500383F31188BFF3E0
:10EFD0006F8FBFF34F8FFB6000BF00BFFDE7BB69C2
:10EFE0009B6C5A1EBB699A64BB69DA6ABB695B6C2D
:10EFF0009A4263D0BB699B6C002B5FD1BB69043321
:10F000001846FDF7F1FD0346002B0AD1BB69DB6A08
:10F01000012202FA03F3DA432C4B1B6813402B4AFC
:10F020001360BB695A6CBB69DA62BB69DB6AC3F106
:10F030000702BB699A61BB69DB6A01229A40234BD4
:10F040001B681343214A1360BB69DA6A20491346DF
:10F050009B0013449B000B4404331B687B61BB691A
:10F060007A699A607B699A68BB69DA607B699B6898
:10F07000BA6904325A60BB691A1D7B699A60BB6920
:10F08000DA6A13469B0013449B00114A1A44BB6979
:10F090005A61BB69DA6A0E4913469B0013449B0010
:10F0A0000B441B68BA69D26A591C094813469B0075
:10F0B00013449B00034419600123FB61FB6918465C
:10F0C0002037BD4680BD00BF7C2A00206C2B00206D
:10F0D000802A002080B58AB000AF786039607B68F4
:10F0E0003B620123FB617B68002B00F0A5803B6A3B
:10F0F0009B6C002B0BD14FF0500383F31188BFF3AF
:10F100006F8FBFF34F8F3B6100BF00BFFDE73B6ACE
:10F110005B6C3A689A4202D93B687B6202E03B6AC8
:10F120005B6C7B623B6ADB6A7A6A9A4200F084809D
:10F130003B6A9B6CFA699A427ED1414B1B683A6AE2
:10F140009A420BD14FF0500383F31188BFF36F8FB6
:10F15000BFF34F8FFB6000BF00BFFDE73B6ADB6A78
:10F16000BB613B6A7A6ADA623B6A9B69002B04DB0B
:10F170007B6AC3F107023B6A9A613B6A5969BA69C3
:10F1800013469B0013449B002E4A1344994253D1CB
:10F190003B6A04331846FDF727FD0346002B0AD1CE
:10F1A0003B6ADB6A012202FA03F3DA43264B1B684F
:10F1B0001340254A13603B6ADB6A01229A40224BC6
:10F1C0001B681343204A13603B6ADA6A1D491346E1
:10F1D0009B0013449B000B4404331B687B613B6A18
:10F1E0007A699A607B699A683B6ADA607B699B6896
:10F1F0003A6A04325A603B6A1A1D7B699A603B6A1C
:10F20000DA6A13469B0013449B000E4A1A443B6A79
:10F210005A613B6ADA6A0B4913469B0013449B0010
:10F220000B441B683A6AD26A591C064813469B0075
:10F2300013449B000344196000BF2837BD4680BDBE
:10F240007C2A0020802A00206C2B002080B483B010
:10F2500000AF094B1B689B697B60074B1B68DA6A30
:10F26000054B1B68C2F107029A617B6818460C3790
:10F27000BD465DF8047B70477C2A002080B483B0D3
:10F2800000AF094B1B687B607B68002B04D07B6858
:10F290009B6C5A1C7B689A647B6818460C37BD4689
:10F2A0005DF8047B704700BF7C2A002080B588B0E1
:10F2B00000AFF860B9607A600023FB61FB68002B47
:10F2C0000BD04FF0500383F31188BFF36F8FBFF360
:10F2D0004F8F3B6100BF00BFFDE7FEF783FF00F0EB
:10F2E000D9FF2D4B1B68FA68263253F82230002BC9
:10F2F0000BD1294B1A68FB6813449C3301221A7006
:10F300007B68002B01D00123FB6100F0F5FFFB6956
:10F31000012B03D10121786800F006FBFEF770FF96
:10F32000B861FB69012B0AD1BB69002B07D11B4BCC
:10F330004FF080521A60BFF34F8FBFF36F8F00F012
:10F34000A9FF154B1B68FA68263253F822307B61FF
:10F350007B69002B12D0BB68002B07D00E4B1B68BB
:10F36000FA682632002143F8221007E00A4B1B6896
:10F370007A69511EFA68263243F82210064B1A6841
:10F38000FB6813449C3300221A7000F0B5FF7B69C0
:10F3900018462037BD4680BD7C2A002004ED00E0E1
:10F3A00080B588B000AFF860B9607A603B60002338
:10F3B000BB61FB68002B0BD04FF0500383F3118827
:10F3C000BFF36F8FBFF34F8F3B6100BF00BFFDE7FF
:10F3D000FEF708FF00F05EFF384B1A68FB68134425
:10F3E0009C331B78DBB2022B18D0344B1B68FA68B5
:10F3F000263253F82210BA68D2431140FA682632F6
:10F4000043F822102D4B1A68FB6813449C330122E9
:10F410001A70BB6A002B01D00123BB6100F06CFFA6
:10F42000BB69012B03D10121B86A00F07DFAFEF718
:10F43000E7FE7861BB69012B0AD17B69002B07D1FC
:10F440001F4B4FF080521A60BFF34F8FBFF36F8F87
:10F4500000F020FF3B68002B07D0184B1B68FA68B0
:10F46000263253F822203B681A60144B1A68FB6856
:10F4700013449C331B78DBB2022B02D00023FB61C8
:10F480000EE00E4B1B68FA68263253F822107A6899
:10F49000D2431140FA68263243F822100123FB615F
:10F4A000064B1A68FB6813449C3300221A7000F064
:10F4B00023FFFB6918462037BD4680BD7C2A00200B
:10F4C00004ED00E080B58EB000AFF860B9607A60FE
:10F4D000FB7001237B63BB68002B0BD04FF0500304
:10F4E00083F31188BFF36F8FBFF34F8F3B6200BF71
:10F4F00000BFFDE7FB68002B0BD14FF0500383F3F7
:10F500001188BFF36F8FBFF34F8FFB6100BF00BF48
:10F51000FDE7FB683B6300F0BDFE3B6C002B06D0B3
:10F520003B6BBA68263253F822203B6C1A603A6B68
:10F53000BB6813449C331B7887F82F303A6BBB6849
:10F5400013449C3302221A70FB78042B3BD801A28F
:10F5500052F823F0E7F5010869F5010885F501087F
:10F560009DF50108ABF501083B6BBA68263253F8EC
:10F5700022207B6842EA03013B6BBA68263243F8DB
:10F58000221033E03B6BBA68263253F82230591C04
:10F590003B6BBA68263243F8221027E03B6BBA680F
:10F5A0002632796843F8221020E097F82F30022B9A
:10F5B00006D03B6BBA682632796843F8221015E012
:10F5C00000237B6312E04E4B1B68002B0DD04FF0E5
:10F5D000500383F31188BFF36F8FBFF34F8FBB616D
:10F5E00000BF00BFFDE700BF00E000BF97F82F306D
:10F5F000012B7ED13B6B5B69BB623B6B9B683A6BBB
:10F60000D2689A603B6BDB683A6B92685A60BB6A5F
:10F610005A683B6B04339A4203D13B6BDA68BB6A8E
:10F620005A603B6B00225A61BB6A1B685A1EBB6A58
:10F630001A603B6BDB6A01229A40324B1B68134312
:10F64000304A13603B6BDA6A2F4913469B00134420
:10F650009B000B4404331B687B623B6B7A6A9A60A5
:10F660007B6A9A683B6BDA607B6A9B683A6B043210
:10F670005A603B6B1A1D7B6A9A603B6BDA6A1346D1
:10F680009B0013449B00204A1A443B6B5A613B6B1E
:10F69000DA6A1D4913469B0013449B000B441B6808
:10F6A0003A6BD26A591C184813469B0013449B00BE
:10F6B000034419603B6B9B6A002B0BD04FF0500347
:10F6C00083F31188BFF36F8FBFF34F8F7B6100BF50
:10F6D00000BFFDE70D4B1B68DA6A3B6BDB6A9A42A1
:10F6E00007D20B4B4FF080521A60BFF34F8FBFF31E
:10F6F0006F8F00F001FE7B6B18463837BD4680BD2A
:10F70000682B00206C2B0020802A00207C2A0020FF
:10F7100004ED00E080B590B000AFF860B9607A60A9
:10F72000FB68002B0BD14FF0500383F31188BFF31C
:10F730006F8FBFF34F8F7B6200BF00BFFDE7BB68D9
:10F74000002B0BD04FF0500383F31188BFF36F8F62
:10F75000BFF34F8F3B6200BF00BFFDE700F07EFEAE
:10F76000FB68FB63EFF311824FF0500383F31188C2
:10F77000BFF36F8FBFF34F8FFA61BB61FB69BB6350
:10F78000FA6BBB6813449C331B7887F83730FA6BED
:10F79000BB6813449C3302221A70FB6BBA68263292
:10F7A00053F82230591CFB6BBA68263243F82210FA
:10F7B00097F83730012B40F0A180FB6B9B6A002B40
:10F7C0000BD04FF0500383F31188BFF36F8FBFF35B
:10F7D0004F8F7B6100BF00BFFDE74D4B1B68002BC7
:10F7E00060D1FB6B5B69FB62FB6B9B68FA6BD26859
:10F7F0009A60FB6BDB68FA6B92685A60FB6A5A6826
:10F80000FB6B04339A4203D1FB6BDA68FB6A5A60E4
:10F81000FB6B00225A61FB6A1B685A1EFB6A1A6066
:10F82000FB6BDB6A01229A403A4B1B681343394A4F
:10F830001360FB6BDA6A384913469B0013449B0044
:10F840000B4404331B68BB62FB6BBA6A9A60BB6AE9
:10F850009A68FB6BDA60BB6A9B68FA6B04325A6089
:10F86000FB6B1A1DBB6A9A60FB6BDA6A13469B003E
:10F8700013449B00284A1A44FB6B5A61FB6BDA6AFB
:10F88000254913469B0013449B000B441B68FA6BED
:10F89000D26A591C204813469B0013449B00034422
:10F8A00019601BE01D4B5B683B63FB6B3A6BDA61D5
:10F8B0003B6B9A68FB6B1A623B6B9B68FA6B183266
:10F8C0005A60FB6B03F118023B6B9A60FB6B134AA7
:10F8D0009A62124B1B680133104A1360FB6BDA6AA1
:10F8E0000F4B1B68DB6A9A4208D97B68002B02D059
:10F8F0007B6801221A600B4B01221A60BB6B3B61D3
:10F900003B6983F3118800BF00BF4037BD4680BD0F
:10F910008C2B00206C2B0020802A00203C2B002008
:10F920007C2A0020782B002080B588B000AF78605A
:10F930003960374B1B68FB61364B1B68BB61364B2C
:10F940001B687B61354B1B6804331846FDF74CF987
:10F950000346002B0BD1314B1B68DB6A012202FAF4
:10F9600003F3DA432E4B1B6813402D4A13607B6868
:10F97000B3F1FF3F24D13B68002B21D0294B5B68BA
:10F980003B61264B1B683A699A60244B1B683A69B5
:10F990009268DA60214B1A683B699B6804325A60AE
:10F9A0001E4B1B681A1D3B699A601C4B1B681D4A45
:10F9B0005A611C4B1B6801331A4A136000BF22E0D6
:10F9C000FA697B681344FB60144B1B68FA685A6041
:10F9D000FA68FB699A4207D2104B1B680433194638
:10F9E0007869FDF7C8F80EE00C4B1B680433194624
:10F9F000B869FDF7C0F80C4B1B68FA689A4202D24E
:10FA0000094AFB68136000BF2037BD4680BD00BFB8
:10FA1000682B0020342B0020382B00207C2A00206B
:10FA20006C2B0020502B0020842B002080B58AB046
:10FA300004AF00237B6100F06BFA1D4B1B68002BA9
:10FA400021D00023FB600023BB603A1D07F10801B1
:10FA500007F10C031846E2F75FFB7968BB68FA68A8
:10FA6000029201930623009300230A46114912488B
:10FA7000FEF713F90346114A1360104B1B68002B65
:10FA800001D001237B617B69002B0BD14FF0500328
:10FA900083F31188BFF36F8FBFF34F8F3B6100BFBC
:10FAA00000BFFDE77B6918461837BD4680BD00BF23
:10FAB000C02B002054C2020865FB0108C42B0020A3
:10FAC00080B584B000AFF860B9607A6008E0FB6888
:10FAD0009B69BA681344BB60FB681B6AF868984767
:10FAE000FB689A69BB68D118BB687A68F86800F04F
:10FAF000DFF80346002BEAD100BF00BF1037BD4638
:10FB000080BD000080B584B000AF78603960144BD0
:10FB10001B68DB68DB68FB60FB6804331846FDF795
:10FB200063F8FB6893F8243003F00403002B05D03E
:10FB30003A687968F868FFF7C3FF08E0FB6893F854
:10FB4000243023F00103DAB2FB6883F82420FB6839
:10FB50001B6AF868984700BF1037BD4680BD00BFDC
:10FB6000B82B002080B584B000AF786007F108039F
:10FB7000184600F059F8F860BB681946F86800F0BC
:10FB800005F800F0D7F800BFF0E7000080B584B0BA
:10FB900000AF78603960FEF725FB07F108031846CF
:10FBA00000F066F8F860BB68002B30D13B68002B92
:10FBB0000AD17A68FB689A4206D8FEF721FBF968F9
:10FBC0007868FFF79FFF24E03B68002B08D0134BB9
:10FBD0001B681B68002B01D1012300E000233B6060
:10FBE0000F4B18687A68FB68D31A3A681946FDF714
:10FBF000BFFFFEF705FB0346002B0AD1094B4FF070
:10FC000080521A60BFF34F8FBFF36F8F01E0FEF792
:10FC1000F7FA00BF1037BD4680BD00BFBC2B0020E7
:10FC2000C02B002004ED00E080B485B000AF786008
:10FC30000E4B1B681B68002B01D1012200E0002243
:10FC40007B681A607B681B68002B05D1074B1B681B
:10FC5000DB681B68FB6001E00023FB60FB68184663
:10FC60001437BD465DF8047B704700BFB82B0020F9
:10FC700080B584B000AF7860FEF7CAFBF8600B4B2C
:10FC80001B68FA689A4205D200F01CF97B680122D1
:10FC90001A6002E07B6800221A60044AFB68136065
:10FCA000FB6818461037BD4680BD00BFC82B00203A
:10FCB00080B586B000AFF860B9607A603B60002321
:10FCC0007B61FB68BA685A60FB68FA681A61BA68B7
:10FCD0007B689A4212D87A683B68D21AFB689B69A3
:10FCE0009A4202D301237B611BE0104B1A68FB6828
:10FCF000043319461046FCF73EFF12E07A683B6871
:10FD00009A4206D2BA683B689A4202D301237B61C9
:10FD100007E0074B1A68FB68043319461046FCF7E6
:10FD20002AFF7B6918461837BD4680BDBC2B0020D2
:10FD3000B82B002080B588B000AF07F1080300227F
:10FD40001A605A609A60A9E0BB68002BC0F2A680D6
:10FD50003B69FB61FB695B69002B04D0FB690433E1
:10FD60001846FCF741FF3B1D1846FFF781FFB861BD
:10FD7000BB68013B082B00F28E8001A252F823F0F1
:10FD8000A5FD0108A5FD01080DFE010821FE0108E1
:10FD90006DFE0108A5FD0108A5FD01080DFE010885
:10FDA00021FE0108FB6993F8243043F00103DAB225
:10FDB000FB6983F82420FA68FB699B69D118FB680A
:10FDC000BA69F869FFF774FF0346002B65D0FB6939
:10FDD00093F8243003F00403002B09D0FA68FB6980
:10FDE0009B691344BA691946F869FFF769FE08E090
:10FDF000FB6993F8243023F00103DAB2FB6983F83E
:10FE00002420FB691B6AF869984746E0FB6993F870
:10FE1000243023F00103DAB2FB6983F824203DE0AB
:10FE2000FB6993F8243043F00103DAB2FB6983F8ED
:10FE30002420FA68FB699A61FB699B69002B0BD14E
:10FE40004FF0500383F31188BFF36F8FBFF34F8FD1
:10FE50007B6100BF00BFFDE7FB699A69BB69D118F0
:10FE6000BB69BA69F869FFF723FF17E0FB6993F8EC
:10FE7000243003F00203002B03D1F86900F068FC82
:10FE80000CE0FB6993F8243023F00103DAB2FB693C
:10FE900083F8242002E000BF00E000BF084B1B688D
:10FEA00007F1080100221846FDF7E8FA0346002B87
:10FEB0007FF44AAF00BF00BF2037BD4680BD00BF02
:10FEC000C02B002080B582B000AF09E00E4B1B684C
:10FED000DB681B683B604FF0FF313868FFF712FEAC
:10FEE000094B1B681B68002BF0D1074B1B687B601C
:10FEF000064B1B68044A1360044A7B68136000BF0A
:10FF00000837BD4680BD00BFB82B0020BC2B0020A9
:10FF100080B582B002AF00F0BDF9154B1B68002B15
:10FF200020D11448FCF7FAFD1348FCF7F7FD134BFA
:10FF3000104A1A60124B104A1A6000230093114BAA
:10FF4000114A0C210520FCF70BFF0346084A1360F9
:10FF5000074B1B68002B05D0054B1B680B49184647
:10FF6000FDF7B6FD00F0C8F900BFBD4680BD00BF7B
:10FF7000C02B0020902B0020A42B0020B82B0020A9
:10FF8000BC2B0020082C0020CC2B00205CC20208D7
:10FF900080B485B000AFF860B9607A60FB68043B5C
:10FFA000FB60FB684FF080721A60FB68043BFB60EB
:10FFB000BB6823F00102FB681A60FB68043BFB602E
:10FFC0000C4AFB681A60FB68143BFB607A68FB68AC
:10FFD0001A60FB68043BFB60FB686FF002021A606A
:10FFE000FB68203BFB60FB6818461437BD465DF894
:10FFF000047B7047F9FF010880B485B000AF00238F
:020000040802F0
:100000007B60134B1B68B3F1FF3F0BD04FF05003E5
:1000100083F31188BFF36F8FBFF34F8FFB6000BF77
:1000200000BFFDE74FF0500383F31188BFF36F8FDC
:10003000BFF34F8FBB6000BF00BF7B68002BFCD0BD
:1000400000BF00BF1437BD465DF8047B704700BF9A
:10005000B0020020000000000000000000000000CE
:10006000074B19680868B0E8F04F80F30988BFF3C0
:100070006F8F4FF0000080F311887047AFF300805E
:100080007C2A002000BF00BF08480068006880F399
:1000900008884FF0000080F3148862B661B6BFF3A1
:1000A0004F8FBFF36F8F00DF00BF000008ED00E04F
:1000B00000BF00BF80B58CB000AF694B1B68694AB8
:1000C00093420BD14FF0500383F31188BFF36F8F2E
:1000D000BFF34F8F7B6200BF00BFFDE7604B1B6823
:1000E000614A93420BD14FF0500383F31188BFF361
:1000F0006F8FBFF34F8F3B6200BF00BFFDE75B4BCD
:100100001B68FB62FB6A2C331B68594A93420BD075
:100110004FF0500383F31188BFF36F8FBFF34F8FFE
:10012000FB6100BF00BFFDE7FB6A38331B68514A23
:1001300093420BD04FF0500383F31188BFF36F8FBE
:10014000BFF34F8FBB6100BF00BFFDE70023BB6063
:10015000494BBB62BB6A1B78DBB2FB73BB6AFF22F5
:100160001A70BB6A1B78DBB2FB71FB79DBB203F060
:100170005003DAB2414B1A70404B1B78002B0BD165
:100180004FF0500383F31188BFF36F8FBFF34F8F8E
:100190007B6100BF00BFFDE7FB79DBB2DB4303F00F
:1001A0005003002B13D04FF0500383F31188BFF39B
:1001B0006F8FBFF34F8F3B6100BF00BFFDE7BB6890
:1001C0000133BB60FB79DBB25B00DBB2FB71FB7917
:1001D000DBB203F08003802BF1D0BB68082B03D186
:1001E000274B00221A6004E0BB68C3F10703244ACE
:1001F0001360234B1B681B02214A1360204B1B68B2
:1002000003F4E0631E4A1360FB7BDAB2BB6A1A7028
:100210001C4B1B681B4A43F47F031360194B1B687C
:10022000184A43F07F431360174B00221A6000F016
:10023000E5F8164B00221A6000F004F9144B1B6815
:10024000134A43F040431360FFF71EFFFEF716FA10
:10025000FFF7D2FE002318463037BD4680BD00BFF1
:1002600000ED00E071C20F4170C20F4108ED00E0E7
:10027000610002085103020800E400E0502C002055
:10028000542C002020ED00E01CED00E0B002002026
:1002900034EF00E080B483B000AF4FF0500383F33D
:1002A0001188BFF36F8FBFF34F8F7B6000BF104B80
:1002B0001B6801330E4A13600D4B1B68012B10D1D4
:1002C0000C4B1B68DBB2002B0BD04FF0500383F3B9
:1002D0001188BFF36F8FBFF34F8F3B6000BF00BF2C
:1002E000FDE700BF0C37BD465DF8047B704700BFDB
:1002F000B002002004ED00E080B483B000AF124BE8
:100300001B68002B0BD14FF0500383F31188BFF310
:100310006F8FBFF34F8F7B6000BF00BFFDE70A4BBD
:100320001B68013B084A1360074B1B68002B05D173
:1003300000233B603B6883F3118800BF00BF0C378C
:10034000BD465DF8047B7047B0020020000000004D
:10035000EFF30980BFF36F8F154B1A681EF0100F73
:1003600008BF20ED108A20E9F04F10602DE9090048
:100370004FF0500080F31188BFF34F8FBFF36F8FA2
:10038000FEF77CF94FF0000080F3118809BC196872
:100390000868B0E8F04F1EF0100F08BFB0EC108AEC
:1003A00080F30988BFF36F8F704700BFAFF3008001
:1003B0007C2A002000BF00BF80B582B000AF4FF0A4
:1003C000500383F31188BFF36F8FBFF34F8F7B60B0
:1003D00000BFFEF739F80346002B03D0064B4FF061
:1003E00080521A6000233B603B6883F3118800BF92
:1003F00000BF0837BD4680BD04ED00E080B400AF0B
:100400000B4B00221A600B4B00221A600A4B1B6830
:100410000A4AA2FB03239B09094A013B1360044BD0
:1004200007221A6000BFBD465DF8047B704700BF1D
:1004300010E000E018E000E038020020D34D621028
:1004400014E000E0DFF80C00016841F47001016085
:100450007047000088ED00E000BF00BF80B485B0A9
:1004600000AFEFF30583FB60FB680F2B15D9184A2B
:10047000FB6813441B78FB72164B1B78FA7A9A427E
:100480000BD24FF0500383F31188BFF36F8FBFF38C
:100490004F8F7B6000BF00BFFDE70F4B1B6803F46D
:1004A000E0620E4B1B689A420BD94FF0500383F366
:1004B0001188BFF36F8FBFF34F8F3B6000BF00BF4A
:1004C000FDE700BF1437BD465DF8047B704700BFF1
:1004D000F0E300E0502C00200CED00E0542C002054
:1004E00080B58EB000AF78600023FB620023BB6252
:1004F0007B68002B22D00823DB437A689A421BD802
:1005000008227B6813447B607B6803F00703002BA1
:1005100014D07B6803F00703C3F108037B627B6A96
:10052000DB437A689A4204D87A687B6A13447B601A
:1005300004E000237B6001E000237B60FDF752FEB6
:100540007C4B1B68002B01D100F07CF97B68002BF1
:10055000C0F2D7807B68002B00F0D380764B1B68FD
:100560007A689A4200F2CD80744B3B63734B1B68F0
:100570007B637B6B724A934205D37B6B714A9342D8
:1005800001D8012300E00023002B29D14FF05003B4
:1005900083F31188BFF36F8FBFF34F8FFB6100BFF1
:1005A00000BFFDE77B6B3B637B6B1B687B637B6BF7
:1005B000634A934205D37B6B624A934201D801237D
:1005C00000E00023002B0BD14FF0500383F3118880
:1005D000BFF36F8FBFF34F8FBB6100BF00BFFDE75D
:1005E0007B6B5B687A689A4203D97B6B1B68002B34
:1005F000D8D1504B1B687A6B9A4200F082803B6BDB
:100600001B6808221344FB62FB6A4D4A934205D3E0
:10061000FB6A4C4A934201D8012300E00023002BDF
:100620000BD14FF0500383F31188BFF36F8FBFF3EB
:100630004F8F7B6100BF00BFFDE77B6B1A683B6B90
:100640001A607B6B5B687A689A420BD94FF0500353
:1006500083F31188BFF36F8FBFF34F8F3B6100BFF0
:1006600000BFFDE77B6B5A687B68D21A08235B00EA
:100670009A4224D97A6B7B6813443B623B6A03F04D
:100680000703002B0BD04FF0500383F31188BFF307
:100690006F8FBFF34F8FFB6000BF00BFFDE77B6B29
:1006A0005A687B68D21A3B6A5A607B6B7A685A60D8
:1006B0003B6B1A683B6A1A603B6B3A6A1A601E4BC6
:1006C0001A687B6B5B68D31A1B4A13601A4B1A6853
:1006D0001D4B1B689A4203D2174B1B681A4A1360C2
:1006E0007B6B5B68BB627B6B5B6843F000427B6B40
:1006F0005A607B6B00221A60144B1B680133134A4B
:100700001360FDF77DFDFB6A03F00703002B0BD0A0
:100710004FF0500383F31188BFF36F8FBFF34F8FF8
:10072000BB6000BF00BFFDE7FB6A18463837BD4617
:1007300080BD00BFE0640120E4640120D864012092
:10074000582C0020D7640120E8640120EC640120CB
:1007500080B588B000AF78607B68FB617B68002B58
:1007600064D008235B42FA691344FB61FB69BB61F7
:10077000BB69304A934205D3BB692F4A934201D8E3
:10078000012300E00023002B0BD14FF0500383F333
:100790001188BFF36F8FBFF34F8F7B6100BF00BF26
:1007A000FDE7BB695B68002B0BDB4FF0500383F365
:1007B0001188BFF36F8FBFF34F8F3B6100BF00BF46
:1007C000FDE7BB691B68002B0BD04FF0500383F390
:1007D0001188BFF36F8FBFF34F8FFB6000BF00BF67
:1007E000FDE7BB695B68DB0F03F00103DBB2002BA5
:1007F0001CD0BB691B68002B18D1BB695B6823F058
:100800000042BB695A60FDF7EDFCBB695A680B4BAF
:100810001B681344094A1360B86900F06FF8084B6D
:100820001B680133064A1360FDF7EAFC00BF20375E
:10083000BD4680BD582C0020D7640120E46401200F
:10084000F064012080B485B000AF264BBB60264B1E
:10085000FB60FB6803F00703002B0CD0FB68073339
:10086000FB60FB6823F00703FB60BA68FB68D31AE0
:100870001D4A1344BB60FB681C4A13601B4B0022DB
:100880005A60FA68BB6813447B6008227B689B1A35
:100890007B607B6823F007037B607B68144A1360EE
:1008A000134B1B6800225A60114B1B6800221A6010
:1008B000FB683B603B687A68D21A3B685A600C4B15
:1008C0001A683B681A603B685B680A4A13603B68B9
:1008D0005B68094A136000BF1437BD465DF8047BAE
:1008E000704700BF80380100582C0020D8640120D8
:1008F000E0640120E8640120E464012080B487B052
:1009000000AF7860364B7B6102E07B691B687B61DE
:100910007B691B687A689A42F7D87B69304A9342B0
:1009200018D07B692F4A934205D37B692E4A9342A4
:1009300001D8012300E00023002B0BD14FF050031E
:1009400083F31188BFF36F8FBFF34F8FFB6000BF3E
:1009500000BFFDE77B693B617B695B683A691344D3
:100960007A689A4208D17B695A687B685B681A4446
:100970007B695A607B697B607B683B617B685B68F5
:100980003A691A447B691B689A4218D17B691A68D4
:10099000164B1B689A420DD07B685A687B691B68AE
:1009A0005B681A447B685A607B691B681A687B68BD
:1009B0001A6008E00D4B1A687B681A6003E07B69D7
:1009C0001A687B681A607A697B689A4202D07B69F0
:1009D0007A681A6000BF1C37BD465DF8047B70471B
:1009E000D8640120582C0020D7640120E064012045
:1009F00080B584B000AF0346FB71FB79084A9B00C9
:100A000013445B685B68FA7905490A44127A104618
:100A100098470346FB73FB7B18461037BD4680BDE5
:100A2000FC64012080B584B000AF0346FB71002355
:100A3000FB73FB790E4AD35C002B14D1FB790C4A73
:100A40009B0013445B681B68FA7909490A44127ACF
:100A5000104698470346FB73FB7B002B03D1FB79C1
:100A6000034A0121D154FB7B18461037BD4680BD97
:100A7000FC64012090B587B000AFB9607A603B603C
:100A80000346FB73FB7B0A4A9B0013445B689C682C
:100A9000FB7B074A1344187A3B687A68B968A04719
:100AA0000346FB75FB7D18461C37BD4690BD00BF55
:100AB000FC64012090B587B000AFB9607A603B60FC
:100AC0000346FB73FB7B0A4A9B0013445B68DC68AC
:100AD000FB7B074A1344187A3B687A68B968A047D9
:100AE0000346FB75FB7D18461C37BD4690BD00BF15
:100AF000FC64012080B584B000AF03463A60FB710E
:100B00000B46BB71FB79094A9B0013445B681B6968
:100B1000FA7906490A44107AB9793A68984703463F
:100B2000FB73FB7B18461037BD4680BDFC6401207B
:100B300080B485B000AF78607B6801331B78FB819F
:100B4000FB891B021AB27B681B781BB213431BB2D2
:100B5000FB81FB8918461437BD465DF8047B70475E
:100B600080B485B000AF78607B6803331B78FB608E
:100B7000FB681B027A68023212781343FB60FB6841
:100B80001B027A68013212781343FB60FB681B0278
:100B90007A6812781343FB60FB6818461437BD4629
:100BA0005DF8047B704780B483B000AF78600B467B
:100BB0007B807B685A1C7A607A88D2B21A707B88F4
:100BC0001B0A7B807B685A1C7A607A88D2B21A70C2
:100BD00000BF0C37BD465DF8047B704780B483B01E
:100BE00000AF786039607B685A1C7A603A68D2B28C
:100BF0001A703B681B0A3B607B685A1C7A603A6833
:100C0000D2B21A703B681B0A3B607B685A1C7A6040
:100C10003A68D2B21A703B681B0A3B607B685A1C68
:100C20007A603A68D2B21A7000BF0C37BD465DF8E0
:100C3000047B704780B487B000AFF860B9607A6019
:100C4000FB687B61BB683B617B68002B0DD03A6918
:100C5000531C3B617B69591C796112781A707B685F
:100C6000013B7B607B68002BF1D100BF1C37BD4688
:100C70005DF8047B704780B487B000AFF860B9605E
:100C80007A60FB687B617B695A1C7A61BA68D2B270
:100C90001A707B68013B7B607B68002BF3D100BF3F
:100CA00000BF1C37BD465DF8047B704780B489B037
:100CB00000AFF860B9607A60FB68FB61BB68BB613C
:100CC00000237B61FB695A1CFA611B781946BB69DA
:100CD0005A1CBA611B78CB1A7B617B68013B7B6035
:100CE0007B68002B02D07B69002BEBD07B69184618
:100CF0002437BD465DF8047B704780B483B000AFF5
:100D00007860396002E07B6801337B607B681B7828
:100D1000002B05D07B681B781A463B689342F2D1C2
:100D20007B681B7818460C37BD465DF8047B70471E
:100D300080B586B000AF78600023FB737B68DB78FA
:100D4000002B34D07B681B6B7B617B6858787B6899
:100D500003F1340101237A69FFF7ACFE0346002B4F
:100D600002D00123FB7322E07B680022DA707B68EB
:100D70005B6A7A69D21A7B68DB699A4217D27B6810
:100D80009B783B6110E07B68DB697A6913447B6187
:100D90007B6858787B6803F1340101237A69FFF797
:100DA00089FE3B69013B3B613B69012BEBD8FB7B37
:100DB00018461837BD4680BD80B584B000AF786056
:100DC00039600023FB737B681B6B3A689A421BD027
:100DD0007868FFF7ADFF0346FB73FB7B002B13D155
:100DE0007B6858787B6803F1340101233A68FFF788
:100DF00041FE0346002B04D04FF0FF333B6001233C
:100E0000FB737B683A681A63FB7B18461037BD4654
:100E100080BD000080B584B000AF78607868FFF7CF
:100E200087FF0346FB73FB7B002B58D17B681B7845
:100E3000032B48D17B681B79012B44D17B68343369
:100E40004FF4007200211846FFF715FF7B6834331A
:100E500003F5FF734AF655211846FFF7A4FE7B6899
:100E6000343321491846FFF7B9FE7B68343303F564
:100E7000F2731E491846FFF7B1FE7B68343303F561
:100E8000F4727B685B6919461046FFF7A7FE7B6822
:100E9000343303F5F6727B681B6919461046FFF779
:100EA0009DFE7B681B6A5A1C7B681A637B685878B6
:100EB0007B6803F134017B681A6B0123FFF7FAFDAD
:100EC0007B6800221A717B685B780022002118463B
:100ED000FFF710FE0346002B01D00123FB73FB7BC1
:100EE00018461037BD4680BD525261417272416151
:100EF00080B483B000AF786039603B68023B3B60F0
:100F00007B689B69023B3A689A4201D3002308E060
:100F10007B685B891A463B6803FB02F27B68DB6AED
:100F2000134418460C37BD465DF8047B704780B506
:100F300086B000AF786039607B681B683B613B68B6
:100F4000012B04D93B699B693A689A4202D3012379
:100F50007B618EE04FF0FF337B613B691B78032B95
:100F600061D0032B7BDC012B02D0022B41D076E039
:100F70003B68FB60FB685B08FA681344FB603B69F5
:100F80005A6AFB685B0A134419463869FFF714FF75
:100F90000346002B66D1FB685A1CFA60C3F30803B2
:100FA0003A69134493F83430BB603B695A6AFB6872
:100FB0005B0A134419463869FFF7FEFE0346002B0F
:100FC00052D1FB68C3F308033A69134493F83430F1
:100FD0001B02BA681343BB603B6803F00103002B9C
:100FE00002D0BB681B0902E0BB68C3F30B037B6143
:100FF0003FE03B695A6A3B681B0A1344194638694B
:10100000FFF7DAFE0346002B30D13B6903F13402CF
:101010003B685B0003F4FF7313441846FFF788FD39
:1010200003467B6125E03B695A6A3B68DB09134450
:1010300019463869FFF7C0FE0346002B18D13B69FB
:1010400003F134023B689B0003F4FE73134418461B
:10105000FFF786FD034623F070437B6109E001231F
:101060007B6106E000BF04E000BF02E000BF00E0DB
:1010700000BF7B6918461837BD4680BD90B589B062
:1010800000AFF860B9607A600223FB77BB68012B80
:1010900040F2D980FB689B69BA689A4280F0D3809D
:1010A000FB681B78032B00F09680032B00F3CB80AA
:1010B000012B02D0022B6ED0C5E0BB68BB61BB69BF
:1010C0005B08BA691344BB61FB685A6ABB695B0A77
:1010D00013441946F868FFF76FFE0346FB77FB7F62
:1010E000002B40F0A980FB6803F13402BB69591C56
:1010F000B961C3F3080313447B61BB6803F00103C8
:10110000002B0DD07B691B785BB203F00F035AB242
:101110007B68DBB21B015BB213435BB2DBB201E065
:101120007B68DBB27A691370FB680122DA70FB68B6
:101130005A6ABB695B0A13441946F868FFF73CFE1C
:101140000346FB77FB7F002B78D1FB6803F1340269
:10115000BB69C3F3080313447B61BB6803F001035D
:10116000002B03D07B681B09DBB20EE07B691B7888
:101170005BB223F00F035AB27B681B0A5BB203F029
:101180000F035BB213435BB2DBB27A691370FB6887
:101190000122DA7057E0FB685A6ABB681B0A1344E5
:1011A0001946F868FFF708FE0346FB77FB7F002B24
:1011B00046D1FB6803F13402BB685B0003F4FF73A4
:1011C00013447A6892B211461846FFF7ECFCFB68AC
:1011D0000122DA7037E0FB685A6ABB68DB09134406
:1011E0001946F868FFF7E8FD0346FB77FB7F002B05
:1011F00028D17B6823F07044FB6803F13402BB689C
:101200009B0003F4FE7313441846FFF7A9FC034642
:1012100003F0704323437B60FB6803F13402BB6837
:101220009B0003F4FE73134479681846FFF7D6FC5D
:10123000FB680122DA7006E000BF04E000BF02E0B4
:1012400000BF00E000BFFB7F18462437BD4690BDBD
:1012500080B588B000AFF860B9607A600023FB7792
:10126000FB681B68BB61BB68012B04D9BB699B6928
:10127000BA689A4201D302234BE07B68002B0CD062
:101280004FF0FF327968B869FFF7F8FE0346FB7745
:10129000FB7F002B01D0FB7F3BE0B968F868FFF7CC
:1012A00046FE78617B69002B31D07B69012B01D12F
:1012B00002232EE07B69B3F1FF3F01D1012328E037
:1012C0000022B968B869FFF7D9FE0346FB77FB7FB8
:1012D000002B01D0FB7F1CE0BB695A69BB699B698D
:1012E000023B9A420BD2BB695B695A1CBB695A61CB
:1012F000BB691B7943F00103DAB2BB691A717B69E0
:10130000BB60BB699B69BA689A42C6D300E000BF64
:10131000002318462037BD4680BD80B588B000AF99
:10132000786039607B681B683B613B68002B0DD19E
:101330003B691B69BB61BB69002B04D03B699B699E
:10134000BA699A421BD30123BB6118E039687868F7
:10135000FFF7EDFDF860FB68012B01D8012370E079
:10136000FB68B3F1FF3F01D1FB686AE03B699B6911
:10137000FA689A4201D2FB6863E03B68BB61BB69D3
:10138000FB61FB690133FB613B699B69FA699A4226
:1013900007D30223FB61FA69BB699A4201D9002392
:1013A0004FE0F9697868FFF7C2FDF860FB68002B31
:1013B0000ED0FB68012B03D0FB68B3F1FF3F01D1D6
:1013C000FB683EE0FA69BB699A42DAD1002338E053
:1013D00000BF4FF0FF32F9693869FFF74FFE03464F
:1013E000FB75FB7D002B09D13B68002B06D0FA6909
:1013F00039683869FFF742FE0346FB75FB7D002B19
:1014000016D13B69FA691A613B695A693B699B6964
:10141000023B9A4204D83B695B695A1E3B695A6198
:101420003B691B7943F00103DAB23B691A7107E0AB
:10143000FB7D012B02D14FF0FF3300E00123FB6164
:10144000FB6918462037BD4680BD80B487B000AF29
:10145000786039607B681B68FB607B689B6A04333B
:101460003B613B685B0AFA685289B3FBF2F37B612C
:101470003B691A1D3A611B68BB60BB68002B01D138
:10148000002310E07A69BB689A4207D37A69BB6887
:10149000D31A7B613B6904333B61E9E700BF3B69D9
:1014A0001A687B69134418461C37BD465DF8047BF7
:1014B000704780B586B000AF786039607B681B6884
:1014C0003B613B68B3F5001F04D23B6803F01F0388
:1014D000002B01D0022363E07B683A681A617B68C5
:1014E0009B687B617B69002B06D13B691B78022BD3
:1014F00002D93B699B6A7B617B69002B0CD13B68FD
:101500005B093A691289934201D3022348E03B699F
:101510009A6A7B689A6129E03B695B895B02FB60A0
:1015200019E07B6879691846FFF701FD78617B69EE
:10153000B3F1FF3F01D1012332E07B69012B04D9D4
:101540003B699B697A699A4201D3022328E03A6891
:10155000FB68D31A3B603A68FB689A42E1D279692A
:101560003869FFF7C5FC02467B689A617B687A6937
:101570005A617B689B69002B01D1022310E07B68D4
:101580009A693B685B0A1A447B689A613B6903F17C
:1015900034023B68C3F308031A447B68DA61002312
:1015A00018461837BD4680BD80B586B000AF78605C
:1015B00039607B681B68FB607B681B692033BB60FC
:1015C0007B689B69002B03D0BB68B3F5001F01D378
:1015D0000423AAE0BB68C3F30803002B40F0988003
:1015E0007B689B695A1C7B689A617B685B69002BEE
:1015F0000BD1BB685B09FA6812899342C0F08880FE
:101600007B6800229A6104238FE0BB685B0AFA685A
:101610005289013A1340002B7AD17A687B685B6962
:1016200019461046FFF783FC78617B69012B01D8CE
:1016300002237AE07B69B3F1FF3F01D1012374E01B
:10164000FB689B697A699A4258D33B68002B04D1A6
:101650007B6800229A61042367E07A687B685B6993
:1016600019461046FFF759FE78617B69002B01D1BE
:1016700007235AE07B69012B01D1022355E07B69E6
:10168000B3F1FF3F01D101234FE0F868FFF750FBB2
:101690000346002B01D0012347E0FB6834334FF4AD
:1016A000007200211846FFF7E6FA00233B617969D2
:1016B000F868FFF71DFC0246FB681A6312E0FB683E
:1016C0000122DA70F868FFF733FB0346002B01D0E4
:1016D00001232AE03B6901333B61FB681B6B5A1C09
:1016E000FB681A63FB685B891A463B699342E6D341
:1016F000FB681A6B3B69D21AFB681A637B687A69CC
:101700005A617969F868FFF7F3FB02467B689A61D2
:101710007B68BA681A61FB6803F13402BB68C3F3E3
:1017200008031A447B68DA61002318461837BD465F
:1017300080BD80B586B000AF786039607B681B687B
:10174000FB6000217868FFF7B4FE0346FB75FB7D64
:10175000002B2BD100233B617B689B691946F868FD
:10176000FFF72AFB0346FB75FB7D002B1DD17B6831
:10177000DB691B78E52B04D07B68DB691B78002BC9
:1017800007D13B6901333B613A693B689A4202D118
:101790000CE000233B6101217868FFF705FF034659
:1017A000FB75FB7D002BD7D000E000BFFB7D042B39
:1017B00001D10723FB75FB7D18461837BD4680BD58
:1017C00080B584B000AF786039603B681A33184642
:1017D000FFF7AEF90346FB607B681B78032B09D14A
:1017E0003B6814331846FFF7A3F903461B04FA6855
:1017F0001343FB60FB6818461037BD4680BD80B5BB
:1018000084B000AFF860B9607A60BB681A337A6858
:1018100092B211461846FFF7C6F9FB681B78032BF6
:1018200009D1BB6803F114027B681B0C9BB21946FB
:101830001046FFF7B8F900BF1037BD4680BD000065
:1018400090B587B000AF786039603B681A331846AE
:10185000FFF76EF90346002B01D0002359E03B68E7
:101860001B7803F03F035A1E13465B0013449B0092
:1018700013447B610123FB8100233B6133E0274A52
:101880003B6913441B781A463B6813441846FFF71C
:101890004FF90346BB81FB89002B1AD07B69FE2BD5
:1018A00012D8BB89184602F033FF03461C467B69F9
:1018B0005A1C7A615B007A6813441B88184602F050
:1018C00027FF03469C4201D0002322E0BB89FB8115
:1018D00006E0BB894FF6FF72934201D0002318E067
:1018E0003B6901333B613B690C2BC8D93B681B78D2
:1018F00003F04003002B0BD0FB89002B08D07B6941
:101900005B007A6813441B88002B01D0002300E0A1
:10191000012318461C37BD4690BD00BFFCD002080D
:1019200080B586B000AF786039603B681A331846DE
:10193000FFF7FEF80346002B01D000234DE03B6883
:101940001B7823F040035A1E13465B0013449B0090
:1019500013447B610123FB8100233B6128E0214A82
:101960003B6913441B781A463B6813441846FFF73B
:10197000DFF80346BB81FB89002B0FD07B69FE2B70
:1019800001D9002329E0BB89FB817B695A1C7A615C
:101990005B007A681344FA891A8006E0BB894FF627
:1019A000FF72934201D0002317E03B6901333B6192
:1019B0003B690C2BD3D93B681B7803F04003002B09
:1019C0000AD07B69FE2B01D9002306E07B695B000E
:1019D0007A68134400221A80012318461837BD463E
:1019E00080BD00BFFCD0020880B588B000AFF860B1
:1019F000B96011461A460B46FB711346BB71BB68B2
:101A00000D33BA791A70BB680B330F221A70BB689A
:101A10000C3300221A70BB681A3300211846FFF7F6
:101A2000C2F8FB795A1E13465B0013449B00134413
:101A3000FB610023FB820023BB61FB8A4FF6FF7230
:101A4000934207D0FB695A1CFA615B00FA681344A1
:101A50001B88FB82174ABB6913441B781A46BB6874
:101A60001344FA8A11461846FFF79DF8FB8A002BAB
:101A700002D14FF6FF73FB82BB690133BB61BB69C7
:101A80000C2BDAD9FB8A4FF6FF72934206D0FB6922
:101A90005B00FA6813441B88002B03D1FB7943F0E9
:101AA0004003FB71BB68FA791A7000BF2037BD464E
:101AB00080BD00BFFCD0020880B58CB000AFF860DC
:101AC000B9607A603B600B22B968F868FFF7B2F83A
:101AD0003B68052B2BD93B68FB6122E07B689A1C95
:101AE0007A601B887B840023BB6217E0FB695A0085
:101AF0007B8C03F001031344FB617B8C5B087B84CC
:101B0000FB6903F48033002B05D0FB6983F4883331
:101B100083F02103FB61BB6A0133BB62BB6A0F2BFD
:101B2000E4D97B681B88002BD8D1FB693B60072375
:101B3000BB623B68DBB203F00F03DBB2303387F8E4
:101B40002F3097F82F30392B04D997F82F300733DF
:101B500087F82F30BB6A5A1EBA6230333B4497F87D
:101B60002F2003F81C2C3B681B093B603B68002BB3
:101B7000DFD107F11402BB6A13447E221A700023DE
:101B80007B6202E07B6A01337B627A6ABB6A9A42BB
:101B900005D2FA687B6A13441B78202BF2D1BB6A0A
:101BA000072B07D8BB6A5A1CBA6230333B4413F880
:101BB0001C1C00E020217B6A5A1C7A62FA681344DC
:101BC0000A461A707B6A072BE9D900BF00BF30377D
:101BD000BD4680BD80B485B000AF78600023FB7344
:101BE0000B23BB60FB7BDAB25208DB011343DAB292
:101BF0007B68591C79601B781344FB73BB68013BFD
:101C0000BB60BB68002BEDD1FB7B18461437BD468B
:101C10005DF8047B704780B586B000AF78603960AE
:101C20000423FB757B681B683B61FF237B75FF23E7
:101C30003B7581E07B689B6919463869FFF7BCF802
:101C40000346FB75FB7D002B7CD17B68DB691B7831
:101C5000BB75BB7D002B02D10423FB7577E07B684D
:101C6000DB690B331B7803F03F03FB737B68FA7B64
:101C70009A71BB7DE52B0ED0BB7D2E2B0BD0FB7B51
:101C800023F02003082B0CBF01230023DBB21A46EC
:101C90003B68934202D0FF237B7544E0FB7B0F2B14
:101CA0002FD1BB7D03F04003002B0DD07B68DB6997
:101CB0005B7B3B75BB7D23F04003BB75BB7D7B75B8
:101CC0007B681A697B68DA62BA7D7B7D9A4215D19E
:101CD0007B68DB690D331B783A7D9A420ED13B69F4
:101CE000DA687B68DB6919461046FFF719FE034680
:101CF000002B03D07B7D013BDBB200E0FF237B7533
:101D000011E07B7D002B09D17B68DB691846FFF76A
:101D100061FF03461A463B7D934215D07B684FF026
:101D2000FF32DA6210E000217868FFF73DFC0346DD
:101D3000FB75FB7D002B09D17B689B69002B7FF431
:101D400079AF04E000BF02E000BF00E000BFFB7D10
:101D5000002B02D07B6800229A61FB7D1846183761
:101D6000BD4680BD80B586B000AF78607B681B68DB
:101D70003B6100217868FFF79CFB0346FB75FB7D08
:101D8000002B01D0FB7DA9E0FF233B753B7D7B75DC
:101D90007B684FF0FF32DA627B689B6919463869CD
:101DA000FFF70AF80346FB75FB7D002B40F090809F
:101DB0007B68DB691B78BB75BB7D002B02D10423DC
:101DC000FB758AE07B68DB690B331B7803F03F030C
:101DD000FB737B68FA7B9A71BB7DE52B07D0FB7B9D
:101DE00003F00803002B09D0FB7B0F2B06D0FF2349
:101DF0007B757B684FF0FF32DA625EE0FB7B0F2B76
:101E000036D17B6893F82B3003F04003002B54D17C
:101E1000BB7D03F04003002B0DD07B68DB695B7B4F
:101E20003B75BB7D23F04003BB75BB7D7B757B6839
:101E30001A697B68DA62BA7D7B7D9A4215D17B682C
:101E4000DB690D331B783A7D9A420ED13B69DA6823
:101E50007B68DB6919461046FFF7F2FC0346002B4E
:101E600003D07B7D013BDBB200E0FF237B7524E0E8
:101E70007B7D002B09D17B68DB691846FFF7AAFE42
:101E800003461A463B7D934224D07B6893F82B305F
:101E900003F00103002B0AD17B68D8697B682033EB
:101EA0000B221946FEF702FF0346002B14D0FF2336
:101EB0007B757B684FF0FF32DA6200217868FFF7AC
:101EC00073FB0346FB75FB7D002B3FF465AF04E01D
:101ED00000BF02E000BF00E000BFFB7D18461837DE
:101EE000BD4680BD80B58CB000AF78607B681B6854
:101EF000FB617B6893F82B3003F0A003002B01D02B
:101F00000623E0E000237B6202E07B6A01337B6210
:101F1000FB69DA687B6A5B0013441B88002BF4D1F1
:101F20007B6803F1200107F10C030C221846FEF731
:101F300081FEFB7D03F00103002B32D07B68402241
:101F400083F82B200123BB6216E07B6803F120009D
:101F5000FB69DA6807F10C01BB6AFFF7ADFD786831
:101F6000FFF700FF034687F82F3097F82F30002B3C
:101F700006D1BB6A0133BB62BB6A632BE5D900E0C3
:101F800000BFBB6A642B01D107239CE097F82F3078
:101F9000042B02D097F82F3095E0FA7D7B6883F808
:101FA0002B20FB7D03F00203002B07D07B6A0C3350
:101FB000474AA2FB03239B08013300E001233B6255
:101FC000396A7868FFF7B5FB034687F82F3097F832
:101FD0002F30002B48D13B6A013B3B623B6A002B10
:101FE00042D07B681A693B6A5B01D31A194678684C
:101FF000FFF75FFA034687F82F3097F82F30002B52
:1020000032D17B6820331846FFF7E4FD0346FB76A8
:102010007B689B691946F869FEF7CEFE034687F890
:102020002F3097F82F30002B1DD1FB69D8687B68C3
:10203000D9693B6ADAB2FB7EFFF7D6FCFB69012265
:10204000DA7000217868FFF7AFFA034687F82F307F
:1020500097F82F30002B07D13B6A013B3B623B6A6C
:10206000002BD5D100E000BF97F82F30002B28D1EE
:102070007B689B691946F869FEF79EFE034687F860
:102080002F3097F82F30002B1BD17B68DB69202283
:1020900000211846FEF7EFFD7B68D8697B68203386
:1020A0000B221946FEF7C6FD7B6893F82B207B6850
:1020B000DB690C3302F01802D2B21A70FB690122FC
:1020C000DA7097F82F3018463037BD4680BD00BF14
:1020D0004FECC44E80B586B000AF78607B681B685B
:1020E0003B617B681B69FB607B68DB6AB3F1FF3F88
:1020F00007D07B68DB6A19467868FFF7DAF9034690
:1021000000E00023FB75FB7D002B28D17B689B69D9
:1021100019463869FEF750FE0346FB75FB7D002B20
:1021200015D17B68DB69E5221A703B690122DA7000
:102130007B681B69FA689A420BD900217868FFF71F
:1021400033FA0346FB75FB7D002BDFD002E000BFB6
:1021500000E000BFFB7D042B01D10223FB75FB7D5A
:1021600018461837BD4680BD80B58AB000AF78608C
:1021700039603B681B683B617B681B68DB68FB6000
:1021800000237B617B69BB61BB695A1CBA613A69F8
:1021900013441B78BB84BB8C1F2B40D9BB8C2F2BCB
:1021A00006D0BB8C5C2B10D102E0BB690133BB6154
:1021B0003A69BB6913441B782F2BF6D03A69BB6987
:1021C00013441B785C2BF0D02AE07B69FE2B01D9ED
:1021D00006237DE1BB8CDBB2BB84BB8C012118469E
:1021E00002F05AFA0346BB84BB8C002B01D10623B4
:1021F0006EE1BB8C7F2B09D8BB8C19468D48FEF74E
:102200007CFD0346002B01D0062361E17B695A1C4B
:102210007A615B00FA681344BA8C1A80B4E700BF95
:102220003A69BB691A443B681A60BB8C1F2B01D802
:10223000042300E0002387F8273011E07B6903F1D5
:102240000043013B5B00FA6813441B88BB84BB8CD2
:10225000202B02D0BB8C2E2B06D17B69013B7B61EE
:102260007B69002BEAD100E000BF7B695B00FA6864
:10227000134400221A807B69002B01D1062327E139
:102280007B6820330B2220211846FEF7F4FC002344
:10229000BB6102E0BB690133BB61BB695B00FA68EB
:1022A00013441B88202BF5D0BB695B00FA681344EC
:1022B0001B882E2BEED0BB69002B09D097F8273056
:1022C00043F0030387F8273002E07B69013B7B6121
:1022D0007B69002B09D07B6903F10043013B5B0064
:1022E000FA6813441B882E2BEFD1002387F8263081
:1022F00000233B620823FB61BB695A1CBA615B0087
:10230000FA6813441B88BB84BB8C002B00F09080C0
:10231000BB8C202B06D0BB8C2E2B0AD1BA697B69D3
:102320009A4206D097F8273043F0030387F8273006
:102330007DE03A6AFB699A4203D2BA697B699A42A4
:1023400023D1FB690B2B06D197F8273043F0030309
:1023500087F8273075E0BA697B699A4205D097F80B
:10236000273043F0030387F82730BA697B699A4224
:1023700066D87B69BB6108233B620B23FB6197F83E
:1023800026309B0087F8263051E0BB8C7F2B14D978
:10239000BB8C0021184602F07FF90346BB84BB8C3E
:1023A000002B04D0BB8C803B234AD35CBB8497F8C2
:1023B000273043F0020387F82730BB8C002B07D06F
:1023C000BB8C19461D48FEF798FC0346002B08D02D
:1023D0005F23BB8497F8273043F0030387F8273047
:1023E0001BE0BB8C402B09D9BB8C5A2B06D897F825
:1023F000263043F0020387F826300EE0BB8C602BBA
:102400000BD9BB8C7A2B08D897F8263043F0010300
:1024100087F82630BB8C203BBB843B6A5A1C3A624F
:10242000BA8CD1B27A6813440A4683F8202063E755
:1024300000BF06E064C202087CD0020870C2020835
:1024400000BF7B6893F82030E52B03D17B68052221
:1024500083F82020FB69082B04D197F826309B00D5
:1024600087F8263097F8263003F00C030C2B05D0A4
:1024700097F8263003F00303032B05D197F8273094
:1024800043F0020387F8273097F8273003F0020360
:10249000002B17D197F8263003F00303012B05D149
:1024A00097F8273043F0100387F8273097F8263045
:1024B00003F00C03042B05D197F8273043F00803F1
:1024C00087F827307B6897F8272083F82B20002394
:1024D00018462837BD4680BD80B586B000AF78600D
:1024E00039607B683B613B691B68FB6002E03B68CD
:1024F00001333B603B681B782F2BF8D03B681B787F
:102500005C2BF4D03B6900229A603B681B781F2B40
:102510000AD87B68802283F82B2000217868FEF798
:10252000C8FF0346FB7543E03B4619467868FFF752
:102530001BFE0346FB75FB7D002B34D17868FFF74B
:1025400011FC0346FB757B6893F82B30FB72FB7D17
:10255000002B0AD0FB7D042B27D1FB7A03F0040368
:10256000002B22D10523FB751FE0FB7A03F0040347
:10257000002B1CD13B699B7903F01003002B02D187
:102580000523FB7514E0FB6803F134027B681B69CB
:10259000C3F3080313441946F868FFF711F902461C
:1025A0003B699A60C0E700BF02E000BF00E000BFE7
:1025B000FB7D18461837BD4680BD80B487B000AF9C
:1025C00078604FF0FF333B617B681B68002B31D094
:1025D0007B681B687B6102E07B6901337B617B69FF
:1025E0001B781F2B03D97B691B783A2BF4D17B69AD
:1025F0001B783A2B1CD17B681B68FB60FB685A1C5C
:10260000FA601B78303BBB60BB68092B0ED8FA68B8
:102610007B699A420AD1BB68002B07D1BB683B613A
:102620007B6901337B617B687A691A603B6902E0F0
:1026300000233B613B6918461C37BD465DF8047BAF
:102640007047000080B582B000AF786039607B6869
:102650000022DA707B684FF0FF321A6339687868BD
:10266000FEF7AAFB0346002B01D0042338E07B6869
:10267000343303F5FF731846FEF75AFA03461A4639
:102680004AF655239A4201D0032329E07B6893F848
:102690003430E92B09D07B6893F83430EB2B1ED112
:1026A0007B6893F83630902B19D17B6834333633FE
:1026B0001846FEF755FA034623F07F430A4A934231
:1026C00001D100230CE07B68343352331846FEF707
:1026D00047FA0346054A934201D1002300E0022352
:1026E00018460837BD4680BD464154004641543324
:1026F00080B596B000AFF860B9601346FB71BB6857
:1027000000221A60F868FFF758FFF863FB6B002B94
:1027100001DA0B232AE2A14AFB6B52F82330BB6398
:10272000BB6B002B01D10C2320E2BB68BA6B1A6093
:10273000FB7923F00103FB71BB6B1B78002B1AD0D4
:10274000BB6B5B781846FEF753F9034687F83730C2
:1027500097F8373003F00103002B0CD1FB79002BE5
:1027600007D097F8373003F00403002B01D00A2379
:10277000FCE10023FAE1BB6B00221A70FB6BDAB2BA
:10278000BB6B5A70BB6B5B781846FEF74BF9034680
:1027900087F8373097F8373003F00103002B01D06A
:1027A0000323E3E1FB79002B07D097F8373003F0E0
:1027B0000403002B01D00A23D8E100233B65396DC7
:1027C000B86BFFF73FFF034687F8573097F857304D
:1027D000022B49D100233B641EE0BB6B03F13402A2
:1027E0003B6C1B0103F5DF7313443B633B6B04330A
:1027F0001B78002B06D03B6B08331846FEF7B0F968
:10280000024600E000223B6C9B0058333B4443F8F7
:10281000442C3B6C01333B643B6C032BDDD9002320
:102820003B643B6C002B02D03B6C013B3B643B6C3C
:102830009B0058333B4453F8443C3B653B6D002BB5
:1028400005D0396DB86BFFF7FDFE034600E00323AA
:1028500087F8573097F85730012B05D93B6C013377
:102860003B643B6C032BE2D997F85730042B01D122
:1028700001237BE197F85730012B01D90D2375E136
:10288000BB6B34330B331846FEF752F90346B3F5EE
:10289000007F01D00D2369E1BB6B3433163318463A
:1028A000FEF746F90346FB64FB6C002B06D1BB6BBD
:1028B000343324331846FEF753F9F864BB6BFA6CD3
:1028C000DA61BB6B93F84420BB6B9A70BB6B9B784F
:1028D000012B05D0BB6B9B78022B01D00D2345E16A
:1028E000BB6B9B781A46FB6C02FB03F3FB64BB6B70
:1028F00093F841301A46BB6B5A81BB6B5B89002B46
:1029000008D0BB6B5B891A46BB6B5B89013B1340EC
:10291000002B01D00D2329E1BB6B34331133184652
:10292000FEF706F903461A46BB6B1A81BB6B1B897F
:1029300003F00F039BB2002B01D00D2316E1BB6BFC
:10294000343313331846FEF7F3F80346BB64BB6C0D
:10295000002B06D1BB6B343320331846FEF700F949
:10296000B864BB6B34330E331846FEF7E1F8034608
:10297000FB85FB8D002B01D10D23F7E0FA8DFB6C5D
:102980001344BA6B1289120992B21344BB62BA6C37
:10299000BB6A9A4204D20D23E8E000BFF464012030
:1029A000BA6CBB6AD31ABA6B5289B3FBF2F37B627F
:1029B0007B6A002B01D10D23D8E0032387F8573021
:1029C0007B6A4FF6F572934202D8022387F857309C
:1029D0007B6A40F6F572934202D8012387F857309C
:1029E0007B6A9A1CBB6B9A61BB6B3A6D1A62FA8D5B
:1029F0003B6D1A44BB6B5A623A6DBB6A1A44BB6B9F
:102A0000DA6297F85730032B1ED1BB6B34332A336D
:102A10001846FEF78DF80346002B01D00D23A5E0E4
:102A2000BB6B1B89002B01D00D239FE0BB6B3433A4
:102A30002C331846FEF794F80246BB6B9A62BB6BC8
:102A40009B699B007B641FE0BB6B1B89002B01D142
:102A50000D238BE0BB6B5A6AFB6C1A44BB6B9A620A
:102A600097F85730022B03D1BB6B9B695B000AE0E0
:102A7000BB6B9A6913465B0013445A08BB6B9B6996
:102A800003F0010313447B64BB6BDA697B6C03F2D4
:102A9000FF135B0A9A4201D20D2367E0BB6B4FF034
:102AA000FF325A61BB6B5A69BB6B1A61BB6B8022E8
:102AB0001A7197F85730032B49D1BB6B343330333D
:102AC0001846FEF735F80346012B40D13B6D013324
:102AD0001946B86BFEF770F90346002B37D1BB6B74
:102AE00000221A71BB6B343303F5FF731846FEF7EF
:102AF0001FF803461A464AF655239A4227D1BB6B64
:102B000034331846FEF72CF803461A4A93421ED176
:102B1000BB6B343303F5F2731846FEF721F8034616
:102B2000154A934213D1BB6B343303F5F473184643
:102B3000FEF716F80246BB6B5A61BB6B343303F5E4
:102B4000F6731846FEF70CF80246BB6B1A61BB6BB6
:102B500097F857201A70094B1B8801339AB2074B1C
:102B60001A80064B1A88BB6BDA8000231846583748
:102B7000BD4680BD5252614172724161F8640120CC
:102B800080B584B000AF786039600923FB737B683F
:102B9000002B1CD07B681B68002B18D07B681B683F
:102BA0001B78002B13D07B689A887B681B68DB88B6
:102BB0009A420CD17B681B685B781846FDF718FFBA
:102BC000034603F00103002B01D10023FB73FB7BC1
:102BD000002B02D17B681B6800E000233A68136079
:102BE000FB7B18461037BD4680BD000080B588B01D
:102BF00000AFF860B9601346FB71BB683B6107F139
:102C000010031846FFF7D9FCF861FB69002B01DAC5
:102C10000B2328E0164AFB6952F82330BB61BB69DD
:102C2000002B02D0BB6900221A70FB68002B02D077
:102C3000FB6800221A70FA680D49FB6941F82320ED
:102C4000FB68002B02D0FB79012B01D000230AE0A6
:102C500007F10C0107F1080300221846FFF748FDB1
:102C60000346FB75FB7D18462037BD4680BD00BF7F
:102C7000F464012080B5ADF5187D00AF07F5187339
:102C8000A3F51573186007F51873A3F5167319608B
:102C900007F51873A3F259231A7007F51873A3F5F3
:102CA00015731B68002B01D1092352E207F5187335
:102CB000A3F2592307F51872A2F25922127802F0F2
:102CC0003F021A7007F51873A3F259231A7807F513
:102CD000047107F108031846FFF70AFD034687F859
:102CE0005F3297F85F32002B40F02682D7F810321F
:102CF000C7F81432D7F8103207F11002DA6007F57E
:102D00001873A3F516731A6807F50573114618466C
:102D1000FFF7E2FB034687F85F3297F85F32002B3C
:102D200007D197F83F325BB2002B02DA062387F80F
:102D30005F3207F51873A3F259231B7803F01C03C5
:102D4000002B00F0A08097F85F32002B18D097F886
:102D50005F32042B07D107F505731846FFF7C2F859
:102D6000034687F85F3207F51873A3F2592307F576
:102D70001872A2F25922127842F008021A7015E075
:102D800097F81A3203F01103002B03D0072387F8BA
:102D90005F320BE007F51873A3F259231B7803F099
:102DA0000403002B02D0082387F85F3297F85F32C4
:102DB000002B40F0888007F51873A3F259231B7885
:102DC00003F00803002B7ED0F9F762FBC7F850022E
:102DD000D7F830320E33D7F850121846FDF7FEFE02
:102DE000D7F830321633D7F850121846FDF7F6FEF2
:102DF000D7F830320B3320221A70D7F81032D7F8B8
:102E0000302211461846FEF7DBFCC7F84C02D7F813
:102E10001032D7F8301200221846FEF7F0FCD7F82F
:102E200030321C3300211846FDF7D8FED7F8103297
:102E30000122DA70D7F84C32002B44D0D7F8103288
:102E40001B6BC7F8503207F505730022D7F84C12F8
:102E50001846FEF7FDF9034687F85F3297F85F32B0
:102E6000002B30D1D7F81032D7F850121846FDF7A2
:102E7000A3FF034687F85F32D7F81032D7F84C2209
:102E8000013A1A611FE097F85F32002B1BD197F8C7
:102E90001A3203F01003002B03D0042387F85F32AB
:102EA00011E007F51873A3F259231B7803F002030E
:102EB000002B08D097F81A3203F00103002B02D040
:102EC000072387F85F3297F85F32002B25D107F58B
:102ED0001873A3F259231B7803F00803002B0BD0BF
:102EE00007F51873A3F2592307F51872A2F25922B5
:102EF000127842F040021A70D7F810321A6B07F5B8
:102F00001873A3F515731B681A62D7F8302207F5FA
:102F10001873A3F515731B685A6297F85F32002B7C
:102F200040F00A81D7F81032D7F8302211461846FF
:102F3000FEF746FC024607F51873A3F515731B68E8
:102F40009A60D7F830321C331846FDF709FE024666
:102F500007F51873A3F515731B68DA6007F5187386
:102F6000A3F515731B6800229A62D7F8102207F5A3
:102F70001873A3F515731B681A60D7F81032DA8836
:102F800007F51873A3F515731B689A8007F5187376
:102F9000A3F515731B6807F51872A2F2592212786F
:102FA0001A7407F51873A3F515731B6800225A7479
:102FB00007F51873A3F515731B680022DA6107F58E
:102FC0001873A3F515731B6800225A6107F518736F
:102FD000A3F515731B682C334FF4007200211846BB
:102FE000FDF749FE07F51873A3F259231B7803F088
:102FF0002003002B00F0A08007F51873A3F51573CC
:103000001B68DB68002B00F0978007F51873A3F5A9
:1030100015731B68DA6807F51873A3F515731B6839
:103020005A61D7F810325B895B02C7F8483207F55E
:103030001873A3F515731B689B68C7F8583207F51A
:103040001873A3F515731B68DB68C7F8543221E0C9
:1030500007F51873A3F515731B68D7F858121846AF
:10306000FDF765FFC7F85802D7F85832012B02D890
:10307000022387F85F32D7F85832B3F1FF3F02D10D
:10308000012387F85F32D7F85422D7F84832D31A91
:10309000C7F8543297F85F32002B05D1D7F8542285
:1030A000D7F848329A42D3D807F51873A3F51573A9
:1030B0001B68D7F858229A6197F85F32002B3BD1F2
:1030C000D7F85432C3F30803002B35D0D7F81032A9
:1030D000D7F858121846FDF70BFFC7F84402D7F887
:1030E0004432002B03D1022387F85F3224E0D7F863
:1030F00054325A0AD7F844321A4407F51873A3F524
:1031000015731B68DA61D7F81032587807F5187311
:10311000A3F515731B6803F12C0107F51873A3F5CC
:1031200015731B68DA690123FDF7A4FC0346002B25
:1031300002D0012387F85F3297F85F32002B06D068
:1031400007F51873A3F515731B6800221A6097F82A
:103150005F32184607F51877BD4680BD80B58EB042
:1031600000AFF860B9607A603B60BB687B623B6827
:1031700000221A60FB6807F1140211461846FFF797
:10318000FFFC034687F8373097F83730002B07D11C
:10319000FB685B7C87F8373097F83730002B02D01C
:1031A00097F8373015E1FB681B7C03F00103002B17
:1031B00001D107230DE1FB68DA68FB685B69D31A6C
:1031C0003B627A683B6A9A4240F2FE803B6A7B60CF
:1031D000FAE0FB685B69C3F30803002B40F0C6808C
:1031E000FB685B695B0A7A695289013A1340FB61AB
:1031F000FB69002B2FD1FB685B69002B03D1FB68B7
:103200009B683B6313E0FB689B6A002B07D0FB685D
:103210005B691946F868FEF718F9386307E0FA6841
:10322000FB689B6919461046FDF781FE38633B6BCE
:10323000012B04D8FB6802225A740223C9E03B6BBD
:10324000B3F1FF3F04D1FB6801225A740123C0E0AF
:10325000FB683A6B9A617A69FB689B69194610466C
:10326000FDF746FEB861BB69002B04D1FB68022262
:103270005A740223ADE0BA69FB691344BB617B68F1
:103280005B0ABB62BB6A002B39D0FA69BB6A134484
:103290007A695289934205D97B695B891A46FB6931
:1032A000D31ABB627B695878BB6ABA69796AFDF741
:1032B000E1FB0346002B04D0FB6801225A74012372
:1032C00087E0FB681B7C5BB2002B14DAFB68DA69D1
:1032D000BB69D31ABA6A9A420DD9FB68DA69BB692D
:1032E000D31A5B027A6AD018FB682C334FF4007251
:1032F0001946FDF79FFCBB6A5B02FB6250E0FB686E
:10330000DB69BA699A422ED0FB681B7C5BB2002B4A
:1033100018DA7B695878FB6803F12C01FB68DA69DD
:103320000123FDF7C7FB0346002B04D0FB680122F5
:103330005A7401234DE0FB681B7C03F07F03DAB273
:10334000FB681A747B695878FB6803F12C01012330
:10335000BA69FDF78FFB0346002B04D0FB680122FE
:103360005A74012335E0FB68BA69DA61FB685B696E
:10337000C3F30803C3F50073FB62FA6A7B689A42E1
:1033800001D97B68FB62FB6803F12C02FB685B6977
:10339000C3F308031344FA6A1946786AFDF74AFC36
:1033A0007A6AFB6A13447B62FB685A69FB6A1A44B7
:1033B000FB685A613B681A68FB6A1A443B681A60EA
:1033C0007A68FB6AD31A7B607B68002B7FF401AFBD
:1033D000002318463837BD4680BD80B58CB000AF9D
:1033E000F860B9607A603B60BB68FB613B680022B3
:1033F0001A60FB6807F1100211461846FFF7C0FB80
:10340000034687F82F3097F82F30002B07D1FB6841
:103410005B7C87F82F3097F82F30002B02D097F87D
:103420002F304BE1FB681B7C03F00203002B01D122
:10343000072343E1FB685A697B681A44FB685B69B0
:103440009A4280F02D81FB685B69DB437B6027E15A
:10345000FB685B69C3F30803002B40F0E380FB6863
:103460005B695B0A3A695289013A1340BB61BB69E7
:10347000002B43D1FB685B69002B0CD1FB689B6878
:10348000BB62BB6A002B1AD1FB6800211846FDF70E
:1034900044FFB86213E0FB689B6A002B07D0FB680F
:1034A0005B691946F868FDF7D0FFB86207E0FA6873
:1034B000FB689B6919461046FDF72FFFB862BB6A8F
:1034C000002B00F0F280BB6A012B04D1FB680222C2
:1034D0005A740223F2E0BB6AB3F1FF3F04D1FB68E8
:1034E00001225A740123E9E0FB68BA6A9A61FB6819
:1034F0009B68002B02D1FB68BA6A9A60FB681B7C50
:103500005BB2002B18DA3B695878FB6803F12C0199
:10351000FB68DA690123FDF7CDFA0346002B04D0DE
:10352000FB6801225A740123C8E0FB681B7C03F08E
:103530007F03DAB2FB681A743A69FB689B69194623
:103540001046FDF7D5FC78617B69002B04D1FB6840
:1035500002225A740223B1E07A69BB6913447B6189
:103560007B685B0A3B623B6A002B3CD0BA693B6AD2
:1035700013443A695289934205D93B695B891A46DB
:10358000BB69D31A3B623B6958783B6A7A69F9692F
:10359000FDF790FA0346002B04D0FB6801225A7411
:1035A00001238BE0FB68DA697B69D31A3A6A9A4295
:1035B00015D9FB6803F12C00FB68DA697B69D31A23
:1035C0005B02FA6913444FF400721946FDF732FBAF
:1035D000FB681B7C03F07F03DAB2FB681A743B6A5A
:1035E0005B027B623FE0FB68DB697A699A4216D036
:1035F000FB685A69FB68DB689A4210D23B695878CD
:10360000FB6803F12C0101237A69FDF733FA0346C5
:10361000002B04D0FB6801225A7401234EE0FB68A2
:103620007A69DA61FB685B69C3F30803C3F5007369
:103630007B627A6A7B689A4201D97B687B62FB680D
:1036400003F12C02FB685B69C3F3080313447A6A35
:10365000F9691846FDF7EEFAFB681B7C63F07F03FF
:10366000DAB2FB681A74FA697B6A1344FB61FB687F
:103670005A697B6A1A44FB685A61FB68DA68FB681E
:103680005B699A4238BF1A46FB68DA603B681A6881
:103690007B6A1A443B681A607A687B6AD31A7B603B
:1036A0007B68002B7FF4D4AE00E000BFFB681B7C7E
:1036B00043F04003DAB2FB681A740023184630372F
:1036C000BD4680BD80B586B000AF78607B6807F1ED
:1036D000080211461846FFF753FA0346FB75FB7DB7
:1036E000002B68D17B681B7C03F04003002B62D069
:1036F0007B681B7C5BB2002B15DABB6858787B6853
:1037000003F12C017B68DA690123FDF7D3F9034645
:10371000002B01D001234FE07B681B7C03F07F036B
:10372000DAB27B681A74F8F7B3FE3861BA687B685E
:103730001B6A19461046FDF73FFB0346FB75FB7DF0
:10374000002B38D17B685B6AFB60FB680B331A780F
:10375000FB680B3342F02002D2B21A707B68186803
:103760007B689B681A46F968FEF749F8FB6803F125
:103770001C027B68DB6819461046FDF72FFAFB68D0
:10378000163339691846FDF729FAFB681233002110
:103790001846FDF708FABB680122DA70BB681846C4
:1037A000FDF738FB0346FB757B681B7C23F0400369
:1037B000DAB27B681A74FB7D18461837BD4680BDA7
:1037C00080B584B000AF78607868FFF77BFF034670
:1037D000FB73FB7B002B0ED17B6807F108021146BF
:1037E0001846FFF7CDF90346FB73FB7B002B02D194
:1037F0007B6800221A60FB7B18461037BD4680BDEF
:1038000080B590B000AF786039607B6807F108023E
:1038100011461846FFF7B4F9034687F83F3097F88A
:103820003F30002B03D17B685B7C87F83F3097F8F3
:103830003F30002B02D097F83F30E6E17B689B6A6F
:10384000002B00F0D1803B68B3F1FF3F5AD17B6879
:103850009B6A7B627B6A1A1D7A621B687B6102230A
:10386000BB627B689B683B633B6B002B3AD03B6B36
:103870003B610023FB62BB6A0233BB623B6BFB60B4
:10388000FB6A0133FB627B68396B1846FDF74FFB1F
:1038900038633B6B012B04D87B6802225A740223E5
:1038A000B3E13B6BB3F1FF3F04D17B6801225A7453
:1038B0000123AAE1FB6801333A6B9A42DED0BA6A6F
:1038C0007B699A4209D87B6A1A1D7A62FA6A1A6081
:1038D0007B6A1A1D7A623A691A60BB689B693A6B07
:1038E0009A42C4D37B689B6ABA6A1A60BA6A7B69D7
:1038F0009A4203D87B6A00221A6084E1112387F878
:103900003F3080E17B68DB683A689A4202D97B6885
:10391000DB683B607B683A685A613B68002B00F0CB
:1039200072813B68013B19467868FDF78EFD0246BF
:103930007B689A61BA687B689B6919461046FDF7F7
:10394000D7FAB861BB69002B04D17B6802225A7494
:1039500002235AE13B68013B5B0ABA685289013A8B
:103960001340BA691344BB617B685B69C3F3080306
:10397000002B00F048817B68DB69BA699A4200F04D
:1039800042817B681B7C5BB2002B18DABB685878DD
:103990007B6803F12C017B68DA690123FDF78AF863
:1039A0000346002B04D07B6801225A7401232CE1CA
:1039B0007B681B7C03F07F03DAB27B681A74BB68F8
:1039C00058787B6803F12C010123BA69FDF752F89E
:1039D0000346002B04D07B6801225A74012314E1B2
:1039E0007B68BA69DA610EE17B68DB683A689A4203
:1039F00008D97B681B7C03F00203002B02D17B6893
:103A0000DB683B607B685B693B6200237B637B68B0
:103A10007A6B5A613B68002B00F0A780BB685B891A
:103A20005B02FB613B6A002B1BD03B685A1EFB69A3
:103A3000B2FBF3F23B6A591EFB69B1FBF3F39A4206
:103A40000FD33B6A5A1EFB695B421A407B685A617E
:103A50007B685B693A68D31A3B607B689B69BB6390
:103A600022E07B689B68BB63BB6B002B19D17B6832
:103A700000211846FDF751FCB863BB6B012B04D144
:103A80007B6802225A740223BFE0BB6BB3F1FF3F95
:103A900004D17B6801225A740123B6E07B68BA6BBB
:103AA0009A607B68BA6B9A61BB6B002B5DD03AE081
:103AB0003A68FB69D31A3B607B685A69FB691A4410
:103AC0007B685A617B681B7C03F00203002B0BD0E0
:103AD0007B68B96B1846FDF720FCB863BB6B002B05
:103AE00008D100233B6022E07B68B96B1846FDF7E4
:103AF0001EFAB863BB6BB3F1FF3F04D17B680122B0
:103B00005A74012381E0BB6B012B04D9BB689B690C
:103B1000BA6B9A4204D37B6802225A74022374E07F
:103B20007B68BA6B9A613A68FB699A42C0D87B6835
:103B30005A693B681A447B685A613B68C3F30803BF
:103B4000002B12D0BB68B96B1846FDF7D1F978632A
:103B50007B6B002B04D17B6802225A74022354E051
:103B60003B685B0A7A6B13447B637B685A697B68AA
:103B7000DB689A420AD97B685A697B68DA607B689D
:103B80001B7C43F04003DAB27B681A747B685B6984
:103B9000C3F30803002B36D07B68DB697A6B9A424B
:103BA00031D07B681B7C5BB2002B18DABB6858787D
:103BB0007B6803F12C017B68DA690123FCF77AFF4B
:103BC0000346002B04D07B6801225A7401231CE0B9
:103BD0007B681B7C03F07F03DAB27B681A74BB68D6
:103BE00058787B6803F12C0101237A6BFCF742FFC4
:103BF0000346002B04D07B6801225A74012304E0A1
:103C00007B687A6BDA6197F83F3018464037BD46DB
:103C100080BD80B5ADF51E7D00AF07F51E73A3F521
:103C20001D7318600023C7F8703207F503713B1D40
:103C300002221846FEF75CFD034687F87732D7F874
:103C40000C32C7F8403297F87732002B40F094805E
:103C5000D7F80C3207F10C02DA6007F51E73A3F5F2
:103C60001D731A6807F5107311461846FEF734FCE9
:103C7000034687F8773297F87732002B7CD197F894
:103C80006B325BB2002B03DA062387F8773208E049
:103C900097F8463203F00103002B02D0072387F880
:103CA000773297F87732002B3BD1D7F80C32D7F820
:103CB0005C2211461846FDF783FDC7F8700297F89D
:103CC000463203F01003002B2BD0D7F80C32C7F884
:103CD0001032D7F87032C7F8183207F50473002194
:103CE0001846FDF7E6FB034687F8773297F87732F8
:103CF000002B16D107F5047300211846FDF78BFF42
:103D0000034687F8773297F87732002B02D10723E2
:103D100087F8773297F87732042B02D1002387F89F
:103D2000773297F87732002B26D107F510731846B3
:103D3000FEF7D0F9034687F8773297F87732002BF1
:103D40000ED1D7F87032002B0AD007F5107300227D
:103D5000D7F870121846FDF77BFA034687F87732DA
:103D600097F87732002B07D1D7F80C321846FDF7B9
:103D700051F8034687F8773297F87732184607F5F7
:103D80001E77BD4680BD000090B59DB000AFF860C5
:103D90007A603B600B46FB7201237B644FF4007337
:103DA0003B6407F10C031846FEF707FCF863FB6B56
:103DB000002B02DA0B2300F00DBC944AFB6B52F887
:103DC0002330002B05D0914AFB6B52F823300022A0
:103DD0001A70FB6B87F83B30002387F83A3097F86E
:103DE0003B301846FCF71EFE034687F8393097F83B
:103DF000393003F00103002B01D00323EAE397F8E5
:103E0000393003F00403002B01D00A23E2E307F169
:103E1000140297F83B3003211846FCF76BFE03466B
:103E2000002B0CD17B69002B09D07B69B3F5004FC7
:103E300005D87B695A1E7B691340002B01D00123F2
:103E40007B614FF40073FB867B68002B03D0FB8EF5
:103E50007A689A4209D37B68B3F1807F05D87B6882
:103E60005A1E7B681340002B01D01323B2E3FB8E54
:103E70007A68B2FBF3F37B603B683B63FB8ED7F859
:103E80008020B2FBF3F3FB62FA8EFB6A02FB03F3C2
:103E9000BB62BB6A002B01D10E239BE307F110022A
:103EA00097F83B3001211846FCF724FE0346002B0F
:103EB00001D001238EE3FB7A03F00803002B01D02D
:103EC000002300E03F237B623B697A6A9A4201D972
:103ED0000E237FE33A697B6AD31A3B613B697F2BF0
:103EE00001D80E2376E37B68802B01D9132371E37D
:103EF000FB7A03F00203002B0DD0FB7A03F00703DB
:103F0000022B04D0FB7A03F00103002B03D103231F
:103F100087F84F3009E0FB7A03F00103002B01D151
:103F2000132357E3022387F84F307B683B6597F8EC
:103F30004F30032B3CD13B6D002B1BD13B695B0CFD
:103F4000FB650023BB6401233B6505E0BB6C0133CB
:103F5000BB643B6D5B003B652D4ABB6C32F8133094
:103F6000002B07D02A4ABB6C32F813301A46FB6D7F
:103F70009342EBD23A693B6DB2FBF3F33B623B6A8F
:103F800002339A00FB8E13445A1EFB8EB2FBF3F3EE
:103F9000BB6620237B650023FB663B6A4FF6F57208
:103FA000934203D93B6A1B4A934252D90E2311E331
:103FB0003B6D002B1BD13B691B0BFB650023BB64D6
:103FC00001233B6505E0BB6C0133BB643B6D5B00CB
:103FD0003B65114ABB6C32F81330002B07D00E4AF8
:103FE000BB6C32F813301A46FB6D9342EBD23A6940
:103FF0003B6DB2FBF3F33B623B6A40F6F5729342D2
:104000000CD93B6A02335B00FB6512E0F4640120CB
:104010000CD10208F5FFFF0F1CD10208012387F81D
:104020004F303A6A13465B00134401335B08033395
:10403000FB65FA8EFB6D13445A1EFB8EB2FBF3F345
:10404000BB6601237B653B6C5A01FB8EB2FBF3F32D
:10405000FB667A6A7B6D1344BB65BB6E7A6C03FBAF
:1040600002F2BB6D1344FA6E1344FB617A69FB697B
:1040700013445A1E7B695B421A40FB69D31AFB65E5
:1040800097F84F30032B08D17A6DFB6D13447B6595
:10409000BA6DFB6D1344BB6506E0FA6D7B6CB2FB39
:1040A000F3F3BA6E1344BB663B6D1A01FB691A4405
:1040B0007B6AD21A3B699A4201D90E238AE23A6995
:1040C0007B6DD21ABB6E796C01FB03F3D21AFB6EC7
:1040D000D21A3B6DB2FBF3F33B6297F84F30032BE0
:1040E0000FD13B6A4FF6F57293420AD87B68002BDA
:1040F00005D13B6D5B087B607B68002B44D10E23B0
:1041000068E297F84F30022B33D13B6A4FF6F572D5
:1041100093421ED97B68002B07D13B6D5B00402B7F
:1041200003D83B6D5B007B6033E0FB7A03F0020356
:10413000002B03D0032387F84F302AE07B68002B45
:1041400005D13B6D5B007B607B68802B1ED90E2305
:1041500040E23B6A40F6F57293420AD87B68002B36
:1041600005D13B6D5B007B607B68802B10D90E23F3
:1041700030E297F84F30012B0CD13B6A40F6F572D4
:10418000934207D90E2325E200BFCEE600BFCCE65E
:1041900000BFCAE600BFFB8E1A460021386BFCF751
:1041A0006AFD0B22B249386BFCF744FD3B6B0B33C5
:1041B000FA8E11461846FCF7F6FC3B6B0D333A6D50
:1041C000D2B21A703B6B0E337A6D92B2114618461A
:1041D000FCF7E9FC3B6B10337A6CD2B21A703B6B84
:1041E00003F1110297F84F30032B02D03B6C9BB2C6
:1041F00000E0002319461046FCF7D5FC3B69B3F5F7
:10420000803F08D23B6B13333A6992B2114618468D
:10421000FCF7C9FC06E03B6B20333A6911461846AF
:10422000FCF7DCFC3B6B1533F8221A703B6B183340
:104230003F211846FCF7B7FC3B6B1A33FF211846A9
:10424000FCF7B1FC3B6B1C33796A1846FCF7C6FCE3
:1042500097F84F30032B31D13B6B03F14304F8F750
:1042600017F9034619462046FCF7B8FC3B6B24338C
:10427000B96E1846FCF7B2FC3B6B2C330221184692
:10428000FCF7ACFC3B6B303301211846FCF78BFC90
:104290003B6B323306211846FCF785FC3B6B403301
:1042A00080221A703B6B423329221A703B6B4733D2
:1042B000132270491846FCF7BDFC20E03B6B03F16C
:1042C0002704F8F7E5F8034619462046FCF786FC74
:1042D0003B6B1633BA6E92B211461846FCF763FC7C
:1042E0003B6B243380221A703B6B263329221A70D1
:1042F0003B6B2B33132260491846FCF79BFC3B6B4E
:1043000003F5FF734AF655211846FCF74CFC97F865
:104310003B0001237A6A396BFCF7CCFB0346002B88
:1043200001D0012356E197F84F30032B40D17B6A2F
:104330009A1D97F83B000123396BFCF7BBFBFB8E02
:104340001A460021386BFCF796FC4C49386BFCF799
:1043500045FC3B6B03F5F27349491846FCF73EFCFC
:104360003B6B03F5F4723B6A013B19461046FCF7C0
:1043700035FC3B6B03F5F67302211846FCF72EFC67
:104380003B6B03F5FF734AF655211846FCF70BFC0F
:104390007B6ADA1D97F83B000123396BFCF78AFB37
:1043A0007B6A5A1C97F83B000123396BFCF782FBB0
:1043B000BA6A0021386BFCF75EFCBB6D7B6600239C
:1043C000BB644BE097F84F30032B13D16FF007011C
:1043D000386BFCF703FC3B6B04334FF0FF3118469E
:1043E000FCF7FCFB3B6B08336FF070411846FCF7A1
:1043F000F5FB0BE097F84F30012B01D1214B01E089
:104400006FF007031946386BFCF7E8FBBB6E3B66A1
:104410003A6EFB6A934228BF1346FB6597F83B0050
:10442000FB6D7A6E396BFCF745FB0346002B01D020
:104430000123CFE0FB8E1A460021386BFCF71BFCF2
:104440007A6EFB6D13447B663A6EFB6DD31A3B6646
:104450003B6E002BDCD1BB6C0133BB64BA6C7B6C54
:104460009A42AFD397F84F30032B0DD13B6D0CE040
:1044700078C2020884C2020898C2020852526141FE
:1044800072724161F8FFFF00FB6E3B663A6EFB6A99
:10449000934228BF1346FB6597F83B00FB6D7A6E8D
:1044A000396BFCF707FB0346002B01D0012391E099
:1044B0007A6EFB6D13447B663A6EFB6DD31A3B66D6
:1044C0003B6E002BE2D197F84F30032B03D10C2326
:1044D00087F84E3010E03B69B3F5803F03D30623E5
:1044E00087F84E3008E097F84F30022B01D10423B3
:1044F00000E0012387F84E30FB7A03F00803002B1D
:104500005BD1FB8E1A460021386BFCF7B4FB3B6B8A
:1045100003F5FF734AF655211846FCF744FB3B6B45
:1045200003F5DF73BB61BB6900221A70BB690133FD
:1045300001221A70BB69023301221A70BB6903336E
:1045400000221A70BB69043397F84E201A703A693A
:104550007B6A1A44214BA3FB0213D21A520813445C
:104560005B0BFB65BB690533FE221A70FB6D9B0874
:10457000DAB2BB69063342F03F02D2B21A70BB69AD
:104580000733FA6DD2B21A70BB690833796A1846DC
:10459000FCF724FBBB690C333A6911461846FCF75B
:1045A0001DFB97F83B0001230022396BFCF782FAD0
:1045B0000346002B01D001230CE097F83B3000228A
:1045C00000211846FCF796FA0346002B01D0012380
:1045D00000E0002318467437BD4690BD5B561505B4
:1045E00080B487B000AFF860B9601346FB71012357
:1045F000FB750023BB751F4B5B7ADBB2002B31D1FF
:104600001C4B5B7ADBB21A461A4B00219954194BAA
:104610005B7ADBB2174A9B001344FA685A60154B69
:104620005B7ADBB21A46134B1344FA791A72114BB8
:104630005B7ADBB25A1CD1B20E4A5172BB75BB7D9C
:104640003033DAB2BB681A70BB6801333A221A7091
:10465000BB6802332F221A70BB68033300221A7022
:104660000023FB75FB7D18461C37BD465DF8047BB7
:10467000704700BFFC64012080B582B000AF786055
:104680003960002239687868FFF7AAFF03461846A8
:104690000837BD4680BD000080B485B000AF03463A
:1046A0003960FB80FB887F2B02D8FB88FB8125E0EB
:1046B0003B68002B0BD0FB88FF2B05D8FB88803B89
:1046C000124A32F8133000E00023FB8116E0002389
:1046D000FB8109E0FB890D4A32F81330FA889A42CF
:1046E00006D0FB890133FB81FB897F2BF2D900E0E7
:1046F00000BFFB8980339BB2DBB2FB81FB8918468C
:104700001437BD465DF8047B704700BF2CD102080A
:1047100080B487B000AF0346FB80FB88B3F5805FB1
:1047200001D23E4B00E03E4B7B617B699A1C7A6173
:104730001B887B827B8A002B68D0FA887B8A9A420E
:1047400064D37B699A1C7A611B883B823B8A1B0A73
:10475000FB813B8ADBB23B82FA88798A3B8A0B4435
:104760009A4249DAFB89082B4FD801A252F823F06C
:1047700095470208A7470208BD470208C547020837
:10478000CD470208D5470208DD470208E547020881
:10479000ED470208FA887B8AD31A5B007A691344D2
:1047A0001B88FB8027E0FA887B8AD31A9BB203F030
:1047B00001039BB2FA88D31AFB801CE0FB88103BF4
:1047C000FB8018E0FB88203BFB8014E0FB88303B3B
:1047D000FB8010E0FB881A3BFB800CE0FB88083371
:1047E000FB8008E0FB88503BFB8004E0FB88A3F5DE
:1047F000E353FB8000BF08E0FB89002B95D13B8A87
:104800005B007A6913447B618FE700BFFB88184621
:104810001C37BD465DF8047B704700BF2CD20208F0
:1048200020D40208F8B52DED028B57EC106B55EC37
:10483000114B00F057FD22462B4630463946B0EE6C
:10484000408AF0EE608ADCF781F990B900220023FB
:1048500020462946DCF748F958B104F0CBFF212364
:1048600003600022002310461946DBF7FFFF41ECEE
:10487000180BB0EE480AF0EE680ABDEC028BF8BDEA
:10488000F8B52DED028BB0EE408AF0EE608A55EC63
:10489000114B00F031FE22462B462046294657ECAC
:1048A000106BDCF753F900283BD151EC180B0022B8
:1048B0000023DCF719F9B8B100220023204629466D
:1048C000DCF712F9002846D145EC104B00F01AFA3B
:1048D00038B30022002320462946DCF70FF900B345
:1048E00004F088FF22231BE047EC106B00F00AFA6B
:1048F000E0B9B0EE480AF0EE680A00F003FAA8B199
:1049000045EC104B00F0FEF980B132463B46304694
:104910003946DCF71BF90028E2D004F06BFF2123B5
:104920000360BDEC028B47EC106BF8BD0022002346
:1049300030463946DCF7D8F80028F2D0B0EE480A05
:10494000F0EE680A00F0DEF90028EAD045EC104BE2
:1049500000F0D8F9C3E7014F0026E2E70000F03F7E
:1049600038B52DED028B55EC104B00F0DDF92246E9
:104970002B4620462946B0EE408AF0EE608ADCF7EE
:10498000E5F890B90022002320462946DCF7B6F866
:1049900058B104F02FFF21230360002200231046AA
:1049A0001946DBF763FF41EC180BB0EE480AF0EE56
:1049B000680ABDEC028B38BD1FB553EC102B26489E
:1049C00023F00041814206D89FED211B05B05DF820
:1049D00004EB00F005BB2148814208D91046194676
:1049E000DBF762FC41EC100B05B05DF804FB684698
:1049F00001F0C6FA00F0030001280BD0022815D000
:104A0000D8B99DED021B9DED000B00F0E9FA51ECC9
:104A1000100BE7E79DED021B9DED000B00F0A8FBDE
:104A200053EC102B104603F10041DBE79DED021B18
:104A30009DED000B00F0D4FAF2E79DED021B9DED19
:104A4000000B012000F094FBE1E700BFAFF3008012
:104A50000000000000000000FB21E93FFFFFEF7FA6
:104A60001FB553EC102B264823F00041814207D894
:104A70009FED211B002005B05DF804EB00F078BB32
:104A80002048814208D910461946DBF70DFC41EC5D
:104A9000100B05B05DF804FB684601F071FA00F0F8
:104AA000030001280CD0022811D0E8B99DED021BAB
:104AB0009DED000B012000F05BFB51EC100BE6E7D5
:104AC0009DED021B9DED000B00F08AFAF5E79DEDD0
:104AD000021B9DED000B012000F04AFB53EC102B54
:104AE000104603F10041D2E79DED021B9DED000B46
:104AF00000F076FAF2E700BF0000000000000000BE
:104B0000FB21E93FFFFFEF7F08B52DED028BB0EEF3
:104B1000408A01F0D9FCB4EE488AF1EE10FAF0EECA
:104B2000408A15D6B0EE480A00F09EF8F7EE007AFB
:104B3000B4EEE70AF1EE10FA0ADD04F05BFEBDEC1C
:104B4000028B21230360BDE80840044800F0E6B86A
:104B5000B0EE680ABDEC028B08BD00BF5DDD020847
:104B600001F098BD08B52DED028BF0EE408AB0EE55
:104B7000608A01F02FFEF4EE488AF1EE10FA0CD6AE
:104B8000DFED078AB4EE688AF1EE10FA05D104F081
:104B900031FE88EEA80A21230360BDEC028B08BD1C
:104BA0000000000008B52DED028BB0EE408A00F049
:104BB00095F9B4EE488AF1EE10FA0CD6DFED078ACB
:104BC000B4EEE88AF1EE10FA05D504F013FE88EE93
:104BD000A80A21230360BDEC028B08BD0000000081
:104BE00010EE103A07B51E4A23F00043934206D850
:104BF000DFED1C0A03B05DF804EB01F0C5BBB3F1B7
:104C0000FF4F04D330EE400A03B05DF804FB684662
:104C100001F062FE00F00300012809D0022810D044
:104C2000B0B9DDED010A9DED000A01F0ADFBEBE747
:104C3000DDED010A9DED000A01F0FEFBB1EE400A38
:104C4000E2E7DDED010A9DED000A01F09DFBF5E7CD
:104C5000DDED010A9DED000A012001F0EDFBD3E737
:104C6000D80F493F0000000010EE103A23F0004337
:104C700000EE103A7047000010EE103A07B51F4AD8
:104C800023F00043934207D8DFED1D0A002003B054
:104C90005DF804EB01F0D0BBB3F1FF4F04D330EE6D
:104CA000400A03B05DF804FB684601F015FE00F011
:104CB000030001280AD002280FD0C0B9DDED010A97
:104CC0009DED000A012001F0B7FBEAE7DDED010AE6
:104CD0009DED000A01F058FBE3E7DDED010A9DEDD3
:104CE000000A012001F0A8FBB1EE400AD9E7DDED92
:104CF000010A9DED000A01F047FBF5E7D80F493F97
:104D00000000000082B08DED000B019840F00040E3
:104D100000F58010C00F02B0704700009FED010A3F
:104D2000704700BF0000C07F2DE9F84F684A55EC7E
:104D3000104BAA432B46214610D122462046294635
:104D4000DBF76AFC02460B4620462946DBF7AEFA43
:104D500004460D4645EC104BBDE8F88F002D0EDCE7
:104D600025F000422243F5D09DB122462046294637
:104D7000DBF79AFA02460B46DBF778FDE8E72A15DF
:104D800015D1002009E0CB0A153A4905002BFAD0CD
:104D9000F7E72A46FAE75B000130DC02FBD5441E48
:104DA000121BC0F1200421FA04F423438140C3F311
:104DB0001303A2F2FF3543F48013D2075CBF5B00FC
:104DC00003EBD1734FEA430358BF4900002603EBBE
:104DD000D1736D104900162032464FF40014171994
:104DE0009F42DEBF3A19DB1B3619CF0F013807EBA4
:104DF00043034FEA41014FEA5404F0D1044620270F
:104E00004FF0004C9A4200EB0C0E02DB13D18E45A2
:104E100011D8BEF1000F0EEB0C0042DA002840DB87
:104E200002F101089B1A8E4588BF03F1FF33A1EB05
:104E30000E01644442464FEAD17E013F0EEB43032C
:104E40004FEA41014FEA5C0CDCD119431BD0DFF87B
:104E500084A0DFF884B0DAE90001DBE90023DBF7A6
:104E600023FADAE9008902460B4640464946DBF759
:104E70004FFE40B1B4F1FF3FDAE90001DBE9002366
:104E800011D101363C4672106308F10702F17F52DE
:104E900002F5001248BF43F0004302EB05511846EB
:104EA00056E79046BEE7DBF701FADAE900890246E9
:104EB0000B4640464946DBF721FE20B1A01C08BF47
:104EC00001360234DFE7631C23F00104DBE700BF97
:104ED0000000F07FC0020020B8020020B1EEC00A3E
:104EE000704700000000000051EC100BC1F30A53A2
:104EF0002DE9F041A3F2FF36132E0C4605468046FD
:104F000034DC002E17DA32A3D3E90023DBF7CEF925
:104F100000220023DBF710FE50B1002C55DA24F0FC
:104F200000442C430025AC422B4C08BF4FF00044FA
:104F30002146284623E0294F374101EA070303436E
:104F40001DD023A3D3E90023DBF7B0F9002200230F
:104F5000DBF7F2FD0028EBD0002CBEBF4FF480132E
:104F60003341E41824EA07040025E1E7332E0ADD83
:104F7000B6F5806F03D102460B46DBF797F941EC9B
:104F8000100BBDE8F081A3F213434FF0FF37DF4071
:104F90000742F4D00EA3D3E90023DBF787F9002200
:104FA0000023DBF7C9FD0028C2D0002C0ADA142E3A
:104FB00001D1013406E0C6F134060123B3401D449B
:104FC0004545F6D325EA0705B2E700252C46AFE7AD
:104FD0009C7500883CE4377E0000F0BFFFFF0F00A7
:104FE0002DE9F74F57EC106B27F00048B8F1795FC7
:104FF0008DED001B06D230463946DBF7BDFD00289B
:1050000000F0888032463B4630463946DBF704FBE9
:10501000514B002204460D46DBF7FEFA40A3D3E9CC
:10502000002382468B4620462946DBF7F5FA3EA34D
:10503000D3E90023DBF73AF922462B46DBF7ECFAFB
:105040003BA3D3E90023DBF72FF922462B46DBF7FE
:10505000E3FA39A3D3E90023DBF728F922462B46EC
:10506000DBF7DAFA36A3D3E90023DBF71DF9224692
:105070002B46DBF7D1FA34A3D3E90023DBF716F98B
:1050800022462B46DBF7C8FA22462B46DBF7C4FA4A
:10509000DDE9002304460D4630463946DBF7BCFA0D
:1050A0000B46024629462046DBF7FEF82B4B984577
:1050B00006460F4610D802460B4650465946DBF7C7
:1050C000F3F80B46264902460020DBF7EDF841ECE9
:1050D000100B03B0BDE8F08F224B214998458CBFDF
:1050E000214DA8F50015002422462B460020DBF7B1
:1050F000DBF82246804689462B4650465946DBF768
:10510000D3F832463B46DBF7CFF802460B46404623
:105110004946DAE79FED0E0BDBE700BFAFF30080F7
:10512000D43888BEE9FAA8BDC4B1B4BD9EEE213E14
:10513000AD529C804F7E923E9015CB19A001FA3E55
:105140007751C1166CC1563F4C5555555555A53F25
:10515000000000000000F03F0000E03F3233D33F8A
:105160000000F03F0000E93F0000D23F00000000D7
:105170002DE9F04F55EC104B25F0004385B0B3F10D
:10518000795F8DED021B804605D220462946DBF76C
:10519000F3FC002852D022462B4620462946DBF756
:1051A0003BFA82468B4602460B4620462946DBF7F1
:1051B00033FA42A3D3E90023CDE900015046594612
:1051C000DBF72AFA3FA3D3E90023DBF76DF8524659
:1051D0005B46DBF721FA3DA3D3E90023DBF766F852
:1051E00052465B46DBF718FA3AA3D3E90023DBF714
:1051F0005BF852465B46DBF70FFA38A3D3E900238E
:10520000DBF754F806460F46B8F1000F1BD10246F3
:105210000B4650465946DBF7FFF925A3D3E9002397
:10522000DBF742F8DDE90023DBF7F6F902460B462F
:1052300020462946DBF73AF804460D4645EC104B6C
:1052400005B0BDE8F08FDDE902011B4B0022DBF762
:10525000E3F93246804689463B46DDE90001DBF74B
:10526000DBF902460B4640464946DBF71DF852463D
:105270005B46DBF7D1F9DDE90223DBF715F80CA378
:10528000D3E9002306460F46DDE90001DBF7C4F948
:1052900002460B4630463946DBF708F802460B4615
:1052A00020462946DBF700F8C6E700BFAFF30080D1
:1052B000495555555555C53F0000E03F7CD5CF5A5F
:1052C0003AD9E53DEB9C2B8AE6E55A3E7DFEB15787
:1052D000E31DC73ED561C119A0012A3FA6F81011F0
:1052E0001111813F53EC112B23F0004C2DE9F047B5
:1052F00052EA0C0451EC100B1E46174696460CD091
:10530000774C21F00048A045894606D85442754D97
:1053100014434CEAD474AC4209D9DBF77DF9024658
:105320000B46DBF7A3FA41EC100BBDE8F087E04534
:105330008246044601F0004509DCF4DB8242F2D8E3
:1053400005D1694B03EB1573D3E90001EBE7654A1F
:1053500019EA020F48D1B8F1000F3DD16349534615
:10536000002B36DC16424FD1BCF1000F44D15F4A0E
:105370003B46002B3DDC5E4881424ADBC9F3130308
:1053800043F480135A48824257DBC6F3130646F4AF
:105390008016891A981BA4EB0E07002962D1744568
:1053A00038BF00F1FF300028A4BF3C46034653EA53
:1053B0000401C6D0B3F5801F69DB4D498A426CDB1E
:1053C000A3F580132B4302F2FF3243EA0251204639
:1053D000A9E701395B00C3E745494FEAC823002B21
:1053E000C0DD01395B00FAE74FEA2851A1F2FF3135
:1053F000B8E7013A5B00BCE73D4A4FEACC23002BFB
:10540000B9DD013A5B00FAE74FEA2C52A2F2FF3213
:10541000B1E7401A1F280ADC01F21E4308FA00F81F
:105420002AFA03F343EA08030AFA00F4AAE7314B25
:105430005B1A0AFA03F30024A4E7801A1F280ADC87
:1054400002F21E460CFA00FC27FA06F646EA0C06A3
:1054500007FA00FE9DE7274EB61A07FA06F64FF048
:10546000000E96E7744538BF00F1FF30002805DADA
:10547000E00F00EB4303640001398BE750EA0703B8
:105480003FF45FAFFB0F03EB40037C00F4E7E10F59
:1054900001EB43036400013A8CE7891A14290ADC02
:1054A00002F21E4203FA02F2CC4022430B4143EACD
:1054B0000501104637E71F2907DC02F21E42CC40E7
:1054C00003FA02F222432B46F1E7C2F17F4202F5D2
:1054D0007F0202F57B42E23243FA02F2F3E700BFB9
:1054E000FFFFEF7F0000F07FE0D40208EDFBFFFF3D
:1054F00002FCFFFFE2FBFFFF2DE9F04F91B08DEDC5
:10550000001BDDE9001929F0004A5AEA010057ECB6
:10551000106B13D1B31987F4002252419842984B73
:10552000934180F0EA84DDE9002330463946DAF71A
:10553000BDFE41EC100B11B0BDE8F08F914A27F091
:10554000004890453D46334606D801D1002EEAD1A9
:10555000924501D80ED169B105F1404505F5801598
:105560001D43E0D1DDE90032DB1882F40022524114
:105570009D42D4E7002DC3463ADA834A92454DD87E
:10558000A2F15472924540F2C7844FEA2A52A2F225
:10559000FF32142A0FDDC2F1340221FA02F404FAB8
:1055A00002F28A4240F0B88404F00104C4F102041B
:1055B000002958D10EE0002954D1C2F114024AFA50
:1055C00002F404FA02F2524540F0A38404F001040C
:1055D000C4F102046D4A92452ED1B9F1000F80F258
:1055E00094846A4932463B460020DBF73FF9A0E746
:1055F0000024C1BB634A9245ECD108F1404202F558
:1056000080121A4300F07984614B984508D9B9F1AA
:10561000000FC0F27684DDE900018AE70224E8E7A2
:10562000B9F1000F4FF000004FF0000181DADDE921
:10563000000303F100417CE7B9F1804F06D1324607
:105640003B4630463946DAF7E7FF72E7514A914563
:1056500009D1002D07DB47EC106B11B0BDE8F04F0E
:10566000FFF762BB002447EC106B029300F084FE4E
:10567000029B51EC100B53BB444B25F040429A4225
:1056800002D0B8F1000F22D1B9F1000F05DA0246BD
:105690000B4600203D49DBF7E9F8002DBFF649AF86
:1056A00008F1404808F5801858EA040808D1024675
:1056B0000B4610461946DAF7F7FD02460B4694E70B
:1056C000012C7FF436AF01F10043194631E7EB0FAF
:1056D000013B53EA040202D132463B46E9E7013C72
:1056E0001C4316D09FED227BBAF1844F8DED027BD7
:1056F00040F21281284B9A45254B16D998450BD874
:10570000B9F1000F0BDA002011B0BDE8F04F01F045
:105710009BBB9FED197BE7E7B9F1000FF3DC00209D
:1057200011B0BDE8F04F01F087BB98450CD2DDE920
:10573000020100220023DBF7E1F9003818BF012045
:10574000B9F1000FECDADFE7104B98454FF000029B
:1057500024D9DDE902010023DBF7D0F9003818BFB6
:105760000120B9F1000FCFDCDAE700BFAFF3008012
:10577000000000000000F03F000000000000F0BF4B
:105780000000F0FF0000F07FFFFF3F430000F03F0C
:10579000FFFFEF3F0000E03F0000F0435A4BDAF715
:1057A00083FD51A3D3E9002304460D46DAF734FF05
:1057B0004FA3D3E9002306460F4620462946DAF7D1
:1057C0002BFF524B82468B46002220462946DAF7B1
:1057D00023FF02460B4648A1D1E90001DAF764FD38
:1057E00022462B46DAF718FF02460B4600204849AE
:1057F000DAF75AFD2246804689462B46204629463E
:10580000DAF70AFF02460B4640464946DAF704FF3C
:105810003BA3D3E90023DAF7FFFE02460B465046CE
:105820005946DAF741FD02460B4680468946304626
:105830003946DAF73BFD002432463B4620460D460A
:10584000DAF732FD02460B4640464946DAF72CFDB0
:10585000DDE90023CDE9042300230493DDE904AB53
:1058600006460F4652465B46DDE90001DAF71CFDAD
:1058700022462B46DAF7D0FEDDE900238046894632
:1058800030463946DAF7C8FE02460B4640464946DE
:10589000DAF70CFD52465B4606460F46204629467F
:1058A000DAF7BAFE0B46024680468946304639464C
:1058B000DAF7FCFC174B994204460D468A468B46A4
:1058C00040F3EF8201F13F4303F5E003034300F0AF
:1058D000E881DDE9020100220023DBF70FF900383F
:1058E00018BF012010E700BF000000604715F73F18
:1058F00044DF5DF80BAE543E555555555555D53FD3
:10590000FE822B654715F73F0000F03F0000D03FB7
:105910000000E03FFFFF8F40D54B2B4000222BB90A
:10592000D44BDAF779FE6FF034028B464FEA2B53F3
:10593000A3F2FF3313440A93CF4BCBF3130B4BF07B
:105940007F559B4545F4401508DDCC4B9B4540F306
:10595000A5810A9B01330A93A5F580154FF0000A33
:105960004FEACA030B93C64B03EBCA0393ED007BCC
:10597000294653EC172B8DED067BCDE90801DAF7AC
:1059800093FCDDE9082306460F46DDE90601DAF758
:105990008DFC02460B460020BA49DAF767FFCDE9D5
:1059A0000C0102460B4630463946DAF735FECDE9A2
:1059B0000401DDE904BC6D1045F000554FF0000B0B
:1059C00005F500256146002205EB8A435846E1466D
:1059D000CDE90EBC14461D46DAF71EFE02460B4604
:1059E00030463946DAF760FCDDE9062306460F4605
:1059F00020462946DAF758FC02460B46DDE9080145
:105A0000DAF752FC5A464B46DAF706FE02460B46D8
:105A100030463946DAF748FCDDE90C23DAF7FCFDBD
:105A2000DDE90423CDE9060110461946DAF7F4FD55
:105A30007DA3D3E9002304460D46DAF7EDFD7CA3F0
:105A4000D3E90023DAF732FC22462B46DAF7E4FDED
:105A500079A3D3E90023DAF729FC22462B46DAF7AB
:105A6000DBFD77A3D3E90023DAF720FC22462B469F
:105A7000DAF7D2FD74A3D3E90023DAF717FC224644
:105A80002B46DAF7C9FD72A3D3E90023DAF70EFC3F
:105A9000224606460F462B4620462946DAF7BCFD2D
:105AA00002460B4630463946DAF7B6FD5A460446FA
:105AB0000D464B46DDE90401DAF7F8FBDDE9062384
:105AC000DAF7AAFD22462B46DAF7F0FB5A46CDE973
:105AD00008014B4658464946DAF79EFD6A4B0022BC
:105AE00006460F46DAF7E2FBDDE90823DAF7DEFBCC
:105AF000D846DDE90EBC0D465A460B46404649469F
:105B0000CDE90CBCDAF788FD5C46804689465E4BE1
:105B1000002220462946DAF7C7FB32463B46DAF731
:105B2000C3FB02460B46DDE90801DAF7BDFBDDE900
:105B30000423DAF771FD224606460F462B46DDE9BF
:105B40000601DAF769FD02460B4630463946DAF7B8
:105B5000ADFB06460F4602460B4640464946DAF77D
:105B6000A5FBDDE90CBC3CA3D3E900235846CDE9F5
:105B700008BC0D46DAF750FD5C46CDE9040142460B
:105B80004B4620462946DAF78FFB02460B46304645
:105B90003946DAF789FB32A3D3E90023DAF73CFD73
:105BA00031A3D3E9002306460F4620462946DAF7FB
:105BB00033FD02460B4630463946DAF777FB0B9A3F
:105BC000324B1344D3E90023DAF770FBCDE9060129
:105BD0000A98DAF7B7FC0B9A2D4B1344D3E90089E6
:105BE0000646DDE906230F46DDE90401DAF75EFB30
:105BF00042464B46DAF75AFB32463B46DAF756FB4B
:105C0000DDE908BC32463B4658460D46DAF74CFB08
:105C100042464B46DAF748FBDDE90423DAF744FB5A
:105C20005C46024636E000BFEF4E454A287ECA3F3A
:105C300065DBC9934A86CD3F01411DA96074D13F00
:105C40004D268F515555D53FFFAB6FDBB66DDB3F12
:105C5000033333333333E33F000000E009C7EE3F43
:105C6000FD033ADC09C7EE3FF5015B14E02F3EBEB1
:105C70000000F07F000040438E98030079B60B00CF
:105C800010D502080000F03F00000840F0D40208E0
:105C900000D502080B46DDE90601D7E54FF0010A01
:105CA0005EE6B4A3D3E9002330463946DAF7FEFABC
:105CB0004246CDE900014B4620462946DAF7F4FA80
:105CC00002460B46DDE90001DAF736FF00287FF4D3
:105CD00000AE4FEA2A5A4FF48013AAF2FE3A43FA72
:105CE0000AFADA44CAF30A519D48A1F2FF31084189
:105CF00000EA0A03CAF3130AC1F114014AF4801A34
:105D00004AFA01FABBF1000F404649464FF0000243
:105D1000B8BFCAF1000ADAF7C7FA804689463246A8
:105D20003B4640464946DAF7C1FA00247CA3D3E952
:105D3000002320460D46DAF76FFC4246CDE900010C
:105D40004B4620462946DAF7AFFA02460B46304664
:105D50003946DAF7A9FA74A3D3E90023DAF75CFC31
:105D600073A3D3E900238046894620462946DAF703
:105D700053FC02460B4640464946DAF797FA04467A
:105D80000D4602460B46DDE90001DAF78FFADDE940
:105D9000002380468946DAF787FA02460B462046FA
:105DA0002946DAF781FA424606460F464B464046F8
:105DB0004946DAF731FC60A3D3E9002304460D46D7
:105DC000DAF72AFC5EA3D3E90023DAF76DFA22465C
:105DD0002B46DAF721FC5CA3D3E90023DAF766FA55
:105DE00022462B46DAF718FC59A3D3E90023DAF749
:105DF0005BFA22462B46DAF70FFC57A3D3E90023C0
:105E0000DAF754FA22462B46DAF706FC02460B462E
:105E100040464946DAF748FA04460D4602460B4624
:105E200040464946DAF7F8FB0022CDE900014FF081
:105E3000804320462946DAF737FA02460B46DDE969
:105E40000001DAF713FD324604460D463B46404654
:105E50004946DAF7E1FB32463B46DAF727FA0246D3
:105E60000B4620462946DAF71FFA42464B46DAF738
:105E70001BFA0B4602463B490020DAF715FA41ECC3
:105E8000100B10EE903A03EB0A53B3F5801F30DA93
:105E9000504600F025FF51EC100BDDE90223FFF71F
:105EA000D2BB314C21F00043A3421AD92F4B0B44F3
:105EB000034309D0DDE9020100220023DAF71EFEC8
:105EC000003818BF01202BE442464B46DAF7ECF9C4
:105ED00032463B46DAF726FE0028EBD1DFF89CA0DD
:105EE000F7E69A46224B9A453FF6F3AEDDF810A04E
:105EF00015E751EC100B1946CFE71A490020FFF7C0
:105F000018BB00200021FFF714BB30463946FFF7CD
:105F100010BB0C46FFF75EBB0024FFF749BB00BF78
:105F200000000000432EE63FEF39FAFE422EE63F26
:105F3000396CA80C615C20BED0A4BE726937663E85
:105F4000F16BD2C541BDBB3E2CDE25AF6A56113F79
:105F500093BDBE166CC1663F3E5555555555C53F60
:105F60000000F0FF0000F03FFFCB904000346F3F97
:105F70000000E03FFE822B654715973C00CC904027
:105F80002DE9F04F57EC106BC54B8DB027F0004852
:105F900098450446049707D80022002380ED000BA3
:105FA000C0E90223002528E0BE4B984578D8049B21
:105FB000BD4D002B3046ACA3D3E90023394638DD74
:105FC000DAF772F9A84506460F461AD0A8A3D3E916
:105FD0000023DAF769F902460B46804689463046C7
:105FE0003946DAF761F9A2A3D3E90023DAF75CF9BD
:105FF000C4E90089C4E90201012528460DB0BDE8C5
:10600000F08F9DA3D3E90023DAF74EF99CA3D3E9DF
:10601000002306460F46DAF747F902460B4680464C
:10602000894630463946DAF73FF995A3D3E900238C
:10603000DCE7DAF73BF9A84506460F4618D08CA3F3
:10604000D3E90023DAF732F902460B468046894647
:1060500030463946DAF728F985A3D3E90023DAF781
:1060600025F94FF0FF35C4E90089C4E90201C4E70E
:1060700081A3D3E90023DAF719F981A3D3E9002337
:1060800006460F46DAF712F902460B468046894665
:1060900030463946DAF708F979A3D3E90023DEE779
:1060A000824B984500F2D18000F066F957EC106BF6
:1060B00075A3D3E9002330463946DAF7ADFA7C4BB5
:1060C0000022DAF7F3F8DAF757FD0546DAF73AFA7D
:1060D00002460B46CDE9022363A3D3E90023DAF796
:1060E0009BFA02460B4630463946DAF7DDF860A3E4
:1060F000D3E9002382468B46DDE90201DAF78CFA08
:106100001F2D06460F460CDC6A4B6A1E53F82230E0
:10611000434506D032463B4650465946DAF7C4F866
:106120000EE03B46324650465946DAF7BDF84FEA94
:1061300028530593C1F30A53C3EB1853102B02DC09
:10614000C4E9000139E04CA3D3E90023DDE90201F1
:10615000DAF762FA06460F4602460B4650465946A3
:10616000DAF7A2F802460B46804689465046594661
:10617000DAF79AF832463B46DAF796F840A3D3E9C5
:10618000002306460F46DDE90201DAF745FA3246FA
:106190003B46DAF789F802460B4606460F4640466C
:1061A0004946DAF781F8059AC1F30A53D31A312B1D
:1061B00020DCC4E90001C246CB46D4E90089504640
:1061C00042464B465946DAF76FF83B463246DAF715
:1061D0006BF8049B002BC4E90201BFF60EAF09F176
:1061E0000043636001F10043C4F80080A060E360F5
:1061F0006D4202E726A3D3E90023DDE90201DAF7C5
:106200000BFA06460F4602460B4640464946DAF769
:106210004BF802460B4682468B4640464946DAF723
:1062200043F832463B46DAF73FF81BA3D3E9002395
:1062300006460F46DDE90201DAF7EEF932463B4643
:10624000DAF732F806460F4664E71B4B984535D916
:1062500032463B4630463946DAF726F8C4E90201B1
:10626000C4E900019EE600BF00004054FB21F93F55
:106270003163621A61B4D03D0000601A61B4D03D50
:106280007370032E8A19A33B83C8C96D305FE43F46
:106290000000002E8A19A33BC14920259A837B392F
:1062A000FB21E93F7BD90240FB21F93FFB2139412A
:1062B0000000E03F20D50208FFFFEF7F4FEA28559E
:1062C000A5F21645A8EB055130460F46DAF754FC07
:1062D000DAF738F902460B4630463946CDE906234F
:1062E000D9F7E2FF224B0022DAF796F90F4606466D
:1062F000DAF742FCDAF726F902460B463046394611
:10630000CDE90823D9F7D0FF194B0022DAF784F939
:10631000CDE90A010DF130094FF0030800260027EE
:1063200079E9020132463B46C24608F1FF38DAF706
:10633000DBFB0028F4D10F4B0193022300932A4684
:106340005346214606A800F087FD049B002B054616
:10635000BFF653AED4E9002101F10043C4E90023A4
:10636000D4E9022101F10043C4E9022340E700BF60
:1063700000007041A0D5020851EC100B024621F03C
:10638000004343EC102B704710EE103A23F000430B
:10639000B3F1485FF0EE406AB7EE000A04D2FDEEBA
:1063A000E67A17EE902A42B326EEA67ADFED1A7A45
:1063B0009FED1A6A1A4AA7EE276A9342DFED197A0F
:1063C000E6EE077A9FED186AA7EE876ADFED177A87
:1063D000E6EE077A9FED166AA7EE876A60EEE60A98
:1063E00026EE076AF6EE007AE7EE060A67EE277AEF
:1063F00004D877EEE07A30EE670A70470D4A934290
:106400009ABF03F17F4307EE103AB5EE027A30EE01
:10641000470A77EEC77AECE74ED747ADF6740F31EF
:106420009999993E7CF293B4010DD037610BB6BABD
:10643000ABAA2A3D0000483F10EE103A23F000437B
:10644000B3F1485F04D2FDEEC07A17EE903A5BB329
:1064500020EE007ADFED157A9FED156AA7EE276A28
:10646000DFED147AE6EE077A9FED136AA7EE876AEE
:10647000DFED127A60EE076AE6EE077A30B99FED3B
:10648000106AA7EE276AA6EE260A704767EEE67A3C
:10649000B6EE006AE0EE867AD7EE870ADFED097A7B
:1064A000E6EEA70A30EE600A704700BFD3C92E2F70
:1064B000342FD7B21BEF3836010D50B98988083C0C
:1064C000ABAA2ABEABAA2A3E38B510EE105A25F068
:1064D0000044B4F17E5F2DED048B0CD1DFED5D7ACD
:1064E0009FED5D7A60EE277AE0EE077AB0EE670AFC
:1064F000BDEC048B38BD04D970EE407A87EEA70A54
:10650000F6E7B4F17C5FF7EE008A0BD2B4F1485F96
:1065100052D2DFED527A70EE277AF4EEE87AF1EE9D
:1065200010FAE5DCFEF7A0FB38EEC08AF6EE007A42
:1065300028EE278A9FED4A7ADFED4A7A9FED4A9A44
:10654000A8EE277ADFED497AE7EE087A9FED487AE0
:10655000A7EE887ADFED477AE7EE087A9FED467A74
:10656000A7EE889ADFED457AE8EE077A9FED447A48
:10657000A7EE887ADFED437AE7EE087AB0EE480AB4
:10658000E7EE888AFEF7AAFC3F4B29EE089A9C4268
:1065900089EE286AF0EE006A3DD9A0EE060ADFED2A
:1065A0003B7AE0EE267A9FED2C0A30EE670A002D4A
:1065B000D8BFB1EE400A9BE760EE007ADFED296AB2
:1065C0009FED277A9FED2C6AA7EEA67ADFED276A6A
:1065D000E7EE276A9FED267AA6EEA77ADFED256A19
:1065E000E7EE276A9FED207AA6EEA77ADFED236A11
:1065F000E7EE866A9FED226AA6EEA76ADFED216AC2
:10660000E6EE276A27EE277AE6EEA78AC7EE287A13
:10661000A0EE270A6CE710EE103A23F47F6323F014
:106620000F0307EE103AA7EE478A70EE005A30EEDD
:10663000070ADFED087A88EE005A9FED150AE5EEAD
:10664000667AD5EE867AB0EE406AA7EE666A77EE95
:10665000C67AAAE72EBD3BB3DB0FC93FCAF2497128
:10666000047F4F3A08EF1138ABAA2A3E461124BDE9
:10667000A80A4E3E90B0A6BE2EC69D3D613330BFE7
:106680002D57014039D119C09999793F2EBD3B331F
:10669000DB0F493F10EE902A22F00041B1F1FF4F8D
:1066A00010B5F0EE407A06D810EE100A20F0004344
:1066B000B3F1FF4F04D977EEA07AB0EE670A10BDB0
:1066C000B2F17E5F03D1BDE8104000F035BA9417F7
:1066D00004F0020444EAD07443B9022C5ED09FED6A
:1066E000347A032C08BFF0EE477AE6E741B9DFEDD4
:1066F000317A9FED317A0028B8BFF0EE477ADCE7B7
:10670000B1F1FF4F10D1B3F1FF4F04F1FF3407D1C6
:10671000022C46D8294B03EB8403D3ED007ACCE757
:10672000022C41D8264BF6E7B3F1FF4FDFD05B1ABE
:10673000B3F1F45F4FEAE3511ADA002A01DA3C318F
:1067400019DB87EEA00AFEF78FFA00F0F5F9F0EEFC
:10675000407A012C12D0022C17D0002CADD09FED26
:10676000197A77EE877A9FED187A77EEC77AA4E7E1
:10677000DFED107AEDE7DFED157AEAE717EE903AF4
:1067800003F1004307EE903A97E79FED0E7A77EE1C
:10679000877A9FED0D7A77EE677A8EE7DFED0A7ADA
:1067A0008BE7DFED0B7A88E7DFED087A85E700BF3E
:1067B000DB0F49C0DB0FC93FDB0FC9BFB4D60208EE
:1067C000A8D602082EBDBB33DB0F494000000000F5
:1067D000DB0F493FF0B510EE905A25F00040431E04
:1067E000B3F1FF4F06D210EE103A23F00046B6F197
:1067F000FF4F04D360EE200A80EEA00AF0BD86426F
:10680000FCDB03F0004405D1324B03EB547393EDF2
:10681000000AF3E713F0FF4F40D132026FF07D0121
:10682000002A38DC15F0FF4F3ED107026FF07D02E1
:10683000002F36DA11F17E0FB9BF6FF07D035B1ABE
:10684000C3F3160343F40003B8BF06FA03F312F1CF
:106850007E0FB5BF6FF07D05C5F31605AD1A45F483
:106860000000B8BFA840891A1D1A01BB13EA25030E
:1068700038BF2B46002BC7D0B3F5000F1FDB12F13A
:106880007E0F1FDBA3F500037F32234343EAC2538D
:1068900000EE103AB2E701395200C1E7F1157F3935
:1068A000C0E7013A7F00C3E7C2157F3AC2E7002D77
:1068B00002DA5B000139D7E7A6D06B00FAE75B008C
:1068C000013AD9E7C2F1FF2202F57F028232134179
:1068D0002343DDE7C0D60208F0B510EE106A884BFE
:1068E00026F000459D4287B0044605D8002380ED80
:1068F000000A4360002022E0824B9D423AD826F0F5
:106900000043002E9FED807A804A23F00F0318DDAC
:10691000934270EE477A09BF9FED7D7ADFED7D6A85
:10692000DFED7D6A77EEC77A37EEE67A77EEC77AE3
:1069300080ED007A77EEE67AC0ED017A012007B0AB
:10694000F0BD934270EE077A09BF9FED717ADFEDDB
:10695000716ADFED716A77EE877A37EEA67A77EEA5
:10696000C77A80ED007A77EEA67AC0ED017A4FF013
:10697000FF30E4E7694B9D4273D8FEF775F99FED50
:10698000687AF6EE007AE0EE077AFDEEE77AB8EE86
:10699000E77A17EE900ADFED5C7AA7EE670A1F2808
:1069A000DFED5C7A67EE277AB1EE476A70EE676AD0
:1069B00016EE901A09DC5B4A471E26F0004352F897
:1069C000272023F0FF03934207D1C1F3C752C2EB44
:1069D000D552082A4FEAE55314DC216094ED007A81
:1069E00030EE470A002E30EE670A84ED010AA6DA7F
:1069F000B1EE477AB1EE400A84ED007A84ED010AE7
:106A000040429CE7DFED425AF0EE406AE6EE256A2E
:106A100070EE667AE6EE257ADFED3F5AD7EE257AFC
:106A200076EEE75A15EE902AC2F3C7515B1A192B7E
:106A300004DCC4ED005AB0EE660ACFE7DFED3A5A47
:106A4000B0EE660AA6EE250A76EEC07ADFED376A6A
:106A5000E6EE257AD7EE267A30EE677A84ED007A74
:106A6000BCE7B5F1FF4F06D370EE407AC0ED017A76
:106A7000C0ED007A3EE7EA15863AA5EBC25307EE71
:106A8000903ABDEEE77ADFED2A6AB8EEC77A77EE84
:106A9000C77A8DED037A67EEA67ABDEEE77AB8EE97
:106AA000C77A77EEC77A8DED047A67EEA67AF5EEAF
:106AB000407AF1EE10FACDED057A1ED1B5EE407AAE
:106AC000F1EE10FA0CBF012302231A4901910221B1
:106AD000009103A8214600F017FD002EBFF62FAF4E
:106AE000D4ED007AF1EE677AC4ED007AD4ED017A44
:106AF000F1EE677AC4ED017A82E70323E5E700BF90
:106B0000D80F493FE3CB1640800FC93FD00FC93F94
:106B1000004435374344353708A3852E800F494359
:106B200084F9223FC8D6020800A3852E32318D2475
:106B30000000804348D7020838B510EE105A25F0FF
:106B40000044B4F1A14FF0EE407A10D3B4F1FF4FFE
:106B500004D970EE007AB0EE670A38BDDFED4D7AE9
:106B60009FED4D7A002DC8BFF0EE477AF3E74B4B0F
:106B70009C4210D8B4F1445F0AD29FED497A30EEBE
:106B8000077AF7EE006AB4EEE67AF1EE10FAE2DC8C
:106B90004FF0FF3313E0FEF767F8424B9C424FD8AB
:106BA000A3F5D0039C4241D8F0EE007ABFEE007A04
:106BB000A0EE277A002330EE270AC7EE007A5A1C8F
:106BC00027EEA76A9FED387ADFED385A9FED385AE5
:106BD00066EE066AE6EE875A9FED367AA5EEA67A4D
:106BE000DFED355AE7EE265A9FED347AA5EEA67A08
:106BF000DFED335AE7EE265A9FED327AA6EE875A3A
:106C00009FED317AA5EE267A9FED305AA7EE265AEF
:106C10009FED2F7AA5EE267A27EE267AA5EE867AC4
:106C200027EE877A21D177EEC77A94E7F7EE007ADC
:106C300030EE677A30EE270A0123C7EE007ABEE70E
:106C4000244B9C420BD8F7EE087AB7EE007AA0EE00
:106C5000277A022370EE676AC6EE877AAFE7BFEE47
:106C6000007AC7EE007A0323A9E71B4A1B4902EB0F
:106C7000830201EB8303D3ED006A37EE667A002DC1
:106C800037EE677AD2ED007A77EEC77AB8BFF1EEC9
:106C9000677A60E7DB0FC9BFDB0FC93FFFFFDF3E4D
:106CA000CAF24971FFFF973FD769853C59DA4B3DDE
:106CB0006BF16EBD356B883D6E2EBA3D2549123E97
:106CC000ABAAAA3E21A215BD95879DBD388EE3BD16
:106CD000CDCC4CBEFFFF1B4070DA020860DA020820
:106CE00070B555EC104BC5F30A5106462B4691B9C9
:106CF00025F0004323433DD0354B20462946002252
:106D0000D9F78AFC334B9E4204460D460FDA28A37E
:106D1000D3E900231EE040F2FF7291420BD12246DC
:106D200020462946D9F7C2FA04460D4622E00B4612
:106D3000C1F30A5136394CF2503296420DDD002D26
:106D40001DA1D1E9000102DA1DA1D1E900011AA3B8
:106D5000D3E90023D9F760FCE6E7721840F2FE7130
:106D60008A42ECDC002A08DD23F0FF4323F4E00331
:106D700043EA025545EC104B70BD12F1350F08DAAD
:106D8000002D0BA1D1E90001C1DA0FA1D1E9000169
:106D9000BDE723F0FF43363223F4E00343EA025514
:106DA00020460D4B29460022D4E700BFAFF30080F8
:106DB00059F3F8C21F6EA5019C7500883CE4377E2C
:106DC0009C7500883CE437FE59F3F8C21F6EA5811C
:106DD00000005043B03CFFFF0000903C10B52DED8B
:106DE000028BB0EE408AF0EE608A044602F002FDAB
:106DF000B0EE480AF0EE680ABDEC028B046010BDEC
:106E0000034607B551EC100B83B1024601F1004374
:106E1000CDE90023DDE90023D9F7FEFB41EC100B9F
:106E2000222003B05DF804EBFFF7D8BF02460B4603
:106E3000EEE70000000000009FED010BFFF7E0BF50
:106E400000000000000000109FED010BFFF7D8BF0D
:106E500000000000000000702DE9F04F2DED028BC6
:106E6000ADF5197D12F1140F06930491BE4BA49950
:106E7000089053F821300093069B03F1FF33A8BF1D
:106E8000D41E0593B2BF0024182394FBF3F46FF0D3
:106E9000170304FB033303EB020B009B059A9FEDE2
:106EA000AE8B03EB0208A59BA71A20AE03EB870964
:106EB0000025454513DD069B20AA02EBC3050DF511
:106EC000E07A4FF00008009B984531DC9FEDA27BF3
:106ED000DDF820908DED027B2F4600261BE0EF426F
:106EE00007D459F82500D9F72DFBE6E80201013552
:106EF000DFE751EC180BF8E7D7E90023F9E80201C6
:106F0000D9F78AFB02460B46DDE90201D9F7CEF933
:106F1000CDE902010136059B9E42A7F10807EBDD92
:106F20009DED027B08F10108AAEC027B0835CAE757
:106F3000009BDDF800800CAA02EB83030A93A59B5B
:106F400003EB840309934FEAC8030B9398AB03EB5D
:106F5000C80313ED287B8DED027B0CAC70AB03EB0B
:106F6000C805A146C246BAF1000FA5F1080577DCB5
:106F700058469DED020BFFF7B3FE57EC106B002255
:106F80004FF07F5330463946D9F746FB41EC100BA2
:106F9000FDF7AAFF754B51EC100B0022D9F73CFB13
:106FA00002460B4630463946D9F77EF90F4606466B
:106FB000D9F7E2FD0290D9F7C5FA02460B463046F2
:106FC0003946D9F771F9BBF1000F06460F466CDD63
:106FD00008F1FF310CAB029D53F82130CBF11800C2
:106FE00043FA00F2154482409B1A0CAA029542F81B
:106FF0002130CBF1170243FA02F9B9F1000F64DD39
:10700000029B00220133029315466FF07F419045A9
:1070100000F3B880BBF1000F07DDBBF1010F00F0FA
:10702000BF80BBF1020F00F0C680B9F1020F4CD156
:1070300032463B464E490020D9F736F906460F4600
:10704000002D42D058469FED460BFFF749FE3046D3
:10705000394653EC102BD9F727F906460F4634E092
:10706000444B0022DDE90201D9F7D6FAD9F784FDB5
:10707000D9F768FA404B002206460F46D9F7CCFAFA
:1070800002460B46DDE90201D9F70EF9D9F774FD86
:10709000D5E9002349F8040B39463046D9F706F9FB
:1070A0000AF1FF3ACDE902015DE707D108F1FF33AC
:1070B0000CAA52F823304FEAE3599EE72F4B0022E7
:1070C000D9F730FD002843D1814600220023304605
:1070D0003946D9F709FD002800F0BF8008F1FF33D9
:1070E000002200998B426EDA002A00F0898008F1B4
:1070F000FF380CABABF1180B53F82830002BF6D04F
:1071000058469FED170BFFF7EBFD08F10103DA007E
:10711000059255EC104B70AADFF858B002EBC3078C
:1071200046464FF0000A002E80F2CF804446002CE5
:10713000C0F2FD80124B1F4670AB03EBC4030693F5
:107140004FF0000A4FF0000B0026A8EB0405E2E028
:107150004FF0020954E700BF0000000000000000EB
:10716000000000000000F03FC0DA020800002040EC
:107170000000F03F0000703E000070410000E03F62
:1071800080DA020854F8043B45B923B1C3F1807397
:1071900044F8043C012301321D4638E7CB1AF7E7D7
:1071A00008F1FF320CAB53F82230C3F316030CA9DD
:1071B00041F8223039E708F1FF320CAB53F82230A6
:1071C000C3F31503F3E70CA951F82310013B0A435D
:1071D00087E7013453F8042D002AFAD00B9B03F5FE
:1071E00018730DEB0305069B20AA434408F1010721
:1071F000983D02EBC3064444BC4204DAA046A2E632
:107200000A9B0124E6E7099B53F82700D9F79AF96E
:107210009FEDB17BE6E802018DED027BDDF8209069
:10722000B2464FF00008059B984505DD9DED027BB9
:107230000137A5EC027BDFE77AE90223F9E80201D6
:10724000D9F7EAF902460B46DDE90201D9F72EF833
:1072500008F10108CDE90201E5E7CBF1000047ECB8
:10726000106BFFF73DFD55EC104B9D4B0022204667
:107270002946D9F757FC00B39A4B002220462946ED
:10728000D9F7CAF9D9F778FC0646D9F75BF9944BD8
:107290000022D9F7C1F90B46024629462046D9F704
:1072A00003F8D9F769FC0CAB0BF1180B43F8280075
:1072B00008F1010843F8286022E720462946D9F75B
:1072C0005BFC0CAB43F828001AE70CAB53F8260024
:1072D000D9F738F922462B46D9F79EF9524667E985
:1072E00002015B4620462946D9F796F9013E04463D
:1072F0000D4618E70699F1E802230691F7E8020126
:10730000D9F78AF902460B4650465946D8F7CEFFC0
:10731000013682468B46009B9E4201DCB542E9DA8B
:1073200048AB03EBC505C5E900AB013CFFE6A49BF8
:10733000022B0BDC002B39DC5DD0029B03F0070035
:107340000DF5197DBDEC028BBDE8F08FA49B032BDE
:10735000F3D1059B03F518730DEB0304A4F5A47496
:107360002546C246BAF1000FA5F108056BDC45467B
:10737000012DA4F1080400F38780059C48AB1C4450
:1073800000200021B8F1010F00F39C80DDE948786E
:10739000DDE94A56B9F1000F40F0A680049BC3E92D
:1073A0000078C3E90256C3E90401C6E7059D48AB6E
:1073B0001D44444600200021002C35DAB9F1000FAD
:1073C00038D0024601F10043049CC4E90023024680
:1073D0000B46DDE94801D8F767FF4AAD0124A04517
:1073E0002BDAB9F1000F02D001F100431946049BDA
:1073F000C3E90201A1E7059C48AB1C440020002121
:10740000B8F1000F09DAB9F1000F02D001F1004321
:107410001946049BC3E900018FE774E90223D8F7FA
:1074200045FF08F1FF38EBE775E90223D8F73EFF87
:10743000013CC1E702460B46C6E7F5E80223D8F750
:1074400035FF0134CBE795ED007B8DED007B95EDAD
:10745000027BDDE9000153EC172B8DED067BD8F79D
:1074600025FF02460B4606460F46DDE90001D8F728
:107470001BFFDDE90623D8F719FF0AF1FF3AC5E93A
:107480000201C5E900676DE794ED007BD4E902AB2A
:1074900051EC170B52465B468DED007BD8F706FF8B
:1074A00002460B4606460F46DDE90001D8F7FCFE12
:1074B00052465B46D8F7FAFE013DC4E90201C4E931
:1074C000006755E774E90223D8F7F0FE08F1FF38AA
:1074D00058E700BFAFF3008000000000000000008C
:1074E000000070410000703E049B049A1F6008F188
:1074F00000445C609D6006F10043D36001F10043ED
:107500001061536119E700BF2DE9F04F2DED048B99
:10751000D9B090460190B94A669818F1040F52F814
:1075200020A00F4603F1FF3B27DBB8F1030248BF61
:1075300008F10402D210551C67999FEDB47AE80057
:10754000A2EB0B060290A8EBC5050AEB0B0C1CACDA
:1075500001EB860E0020604511DD1CA901EB8300C4
:107560000DF588794FF0000CD44527DCDDF804E0F8
:10757000DFEDA67A0646002416E00022DBE7C642CD
:107580005DBF5EF8201007EE901AF8EEE77AF0EE95
:10759000477AE4EC017A0130DDE7FEEC016A96ED12
:1075A000007AE6EE877A01345C45A6F10406F4DD44
:1075B000E9EC017A0CF1010C0430D5E708A901EBE4
:1075C0008A0104916799DFED908A9FED8E9A01EB15
:1075D000820203925446A200059258AA02EB84024A
:1075E00012ED140A44A908AA01EB84009446264629
:1075F000002EA0F104004CDC2846CDE9062300F063
:10760000F5F9B0EE408AB4EE000A28EE000A00F068
:1076100053FAF2EE007AA0EE678A002DDDE9062328
:10762000FDEEC87A17EE909AF8EEE77A38EE678AA0
:1076300041DD04F1FF3C08A9C5F1080E51F82C60AA
:1076400046FA0EF0814400FA0EF0361AC5F1070032
:1076500041F82C600641002E3CDD4FF0000E09F190
:1076600001097046744568DC002D03DD012D74D0DE
:10767000022D7DD0022E2DD1B7EE000A30EE488AC1
:1076800040B32846069300F0B1F9069B38EE408AD5
:1076900020E060EE287A013EFDEEE77AF8EEE77A28
:1076A000A7EEC90ABDEEC00AACEC010A90ED000AD3
:1076B00037EE800A9CE705D1601E08A951F82060CA
:1076C000F611C8E7F6EE007AB4EEE78AF1EE10FAAA
:1076D00031DA0026B5EE408AF1EE10FA40F09880DB
:1076E000601E002250454BDA002A65D0013C08ABF1
:1076F000083D53F82430002BF8D02846B7EE000A96
:1077000000F074F9631C44AA9FED3F7A990002EBE4
:1077100083022346002B80F2A9802346002BC0F26F
:10772000C78044AA02EB8305DFF8D4C0DFED377AC7
:107730000020E21AB1E002268FE752F8041B48B994
:1077400021B1C1F5807142F8041C01210EF1010E36
:10775000084687E7C1F1FF01F5E704F1FF3C08AAFD
:1077600052F82C2002F07F0208A941F82C2081E772
:1077700004F1FF3C08AA52F82C2002F03F02F3E784
:1077800008A951F8201001380A43ABE7013250F83C
:10779000046D002EFAD0059901F5B0710DEB0100D2
:1077A000E6181CA904F1010C4C3801EB86062244B2
:1077B000624504DA14460EE704980122E7E70399CC
:1077C000DDF804E051F82C10059107EE901AF8EE60
:1077D000E77A0024E6EC017ADFED0C7AB1465C45ED
:1077E00004DDE0EC017A0CF1010CE1E7FEEC016A4A
:1077F00039ED017A0134E6EE877AF0E7FCDA020827
:10780000D0DA0208000080430000803B0000000046
:10781000029BB0EE480AA3EB080000F0E7F81FED6A
:10782000077AB4EEC70AF1EE10FA19DB5FED0A7AB7
:1078300060EE277A08AAFDEEE77A0835F8EEE77AD7
:10784000A7EEC70AFDEEE77ABDEEC00A10EE103AC9
:1078500042F8243017EE903A013442F824304CE7D5
:10786000BDEEC00A08AA10EE103AF6E708A850F8D4
:107870002300019007EE900AF8EEE77A013B67EEED
:10788000807A20EE070A62ED017A43E7FCEC016A98
:10789000B5EC017AE6EE877A0130504501DC824290
:1078A000F4DA58A800EB820242ED287A013B35E772
:1078B000669B022B09DC002B2BDC44D009F007006F
:1078C00059B0BDEC048BBDE8F08F669B032BF5D15E
:1078D00030AA0B1F13441A4620460028A2F10402C6
:1078E00052DC2246012AA3F104035DDC30AB5FEDDC
:1078F000397A0B44012C67DCDDED306A9DED317A7D
:10790000002E67D1C7ED006A87ED017AC7ED027AD4
:10791000D4E730AB1FED437A0B442246002A24DA29
:107920004EB3F1EE477AC7ED007ADDED307A77EEAF
:10793000C77A31AA01239C4220DA0EB1F1EE677AB0
:10794000C7ED017ABAE730AB5FED507A0B44002CFB
:1079500005DA0EB1F1EE677AC7ED007AAEE733EDE6
:10796000017A013C77EE877AF1E773ED017A013A0B
:1079700037EE277AD2E7F0EE477AD4E7B2EC017A15
:10798000013377EE877AD6E7D2ED007AD2ED016A3D
:1079900037EEA67A013877EEC77A82ED007A77EE75
:1079A000A67AC2ED017A98E7D3ED007AD3ED016AA9
:1079B00037EEA67A013A77EEC77A83ED007A77EE52
:1079C000A67AC3ED017A8DE733ED017A013C77EEBB
:1079D000877A8FE7F1EE666AB1EE477AC7ED006A03
:1079E00087ED017AF1EE677A90E700BF10EE103A6A
:1079F00033F000422BD0B2F1FF4F02D330EE000A39
:107A0000704713F0FF4F23D1244BDFED257A9842C6
:107A100020EE270A17DB10EE103AC3F3C752193ACB
:107A20004CF25031884215DDDFED1E7ADFED1E6A23
:107A300010EE103AB0EE677A002BB8BFF0EE667A1F
:107A400027EE870A7047DFED197A27EE800A704724
:107A5000D20DE5E71044FE28E6DC002806DD23F021
:107A6000FF4343EAC05300EE103A704710F1160F7F
:107A700009DADFED0E7ADFED0E6A10EE103AB0EEA5
:107A8000677A002BD9E7193023F0FF4343EAC0534C
:107A90009FED080A07EE903AD7E700BFB03CFFFF22
:107AA0000000004CCAF24971CAF249F16042A20DCD
:107AB0006042A28D0000003310EE103AC3F3C752AB
:107AC0007F3A162A23F000412BDC002A12DADFED80
:107AD000197A30EE270AB5EEC00AF1EE10FA06DD8B
:107AE000002B24DA0029144B08BF4FF0004300EEAE
:107AF000103A7047114911410B42FAD0DFED0D7A6F
:107B000030EE270AB5EEC00AF1EE10FAEFDD002BD9
:107B1000BEBF4FF4000040FA02F29B1823EA0103B3
:107B2000E5E7B1F1FF4FE4D330EE000A70470023E0
:107B3000DDE700BFCAF24971000080BFFFFF7F0090
:107B4000002100F005BE70B504460D4645EC104B13
:107B5000164602F0CFFE51EC100B7EB1C5F30A536E
:107B6000C3F16B03002B09DD1B0503F17F550024D6
:107B700005F5401522462B46D8F74EFD41EC100B7B
:107B800070BD0000000000002DE9F04F9FB00C46D2
:107B9000179200221A9205904FF0000A4FF0000B46
:107BA0000A46199211782B294AD038D80D2932D893
:107BB000082932D800293BD000220B92199D2A783F
:107BC000302A40F0B3806A7802F0DF02582A6ED182
:107BD00002930B9B01931AAB00938E4A05981BAB43
:107BE00019A901F02DFF10F00F06044605D0062E4E
:107BF00028D10135002319950B93179B002B40F0DA
:107C00008E850B9BCBB152460BF1004343EC102BFE
:107C10001FB0BDE8F08F2029CED10132C1E72D2958
:107C2000CAD101210B91511C19915278002AC5D15A
:107C3000179B1994002B40F0708552465B46E5E790
:107C40000021EFE71A9A3AB135211CA802F04CFF47
:107C50001A99059802F01AFB013E1B9A042E06D8C9
:107C6000DFE806F014031D201400DDE91CABE1057C
:107C700048BF4BF0004B2BF000431B0D1B05002BA6
:107C8000BBD101F0B7FD22230360B6E7DDE91CA3F9
:107C900002F2334223F4801343EA025BE7E7DFF8A2
:107CA0007CB1E4E76FF0004B4FF0FF3ADFE7199B40
:107CB0005A1C19925B78302BF9D0002B9DD00123F0
:107CC0000993199B0C93002308930A931F460A22D9
:107CD00019980578A5F13003D9B2092928D94E4958
:107CE000012200F014FF002832D000202A468146ED
:107CF0003D460346652A01D0452A14D11DB9099A8B
:107D0000024395D00025199C621C199262782B2A97
:107D100077D02D2A7BD04FF0000CA2F13001092939
:107D200040F2828019944FF00008A2E00023C7E7D8
:107D3000082FD5BF0A99089902FB013302FB0133D2
:107D400000F10100D4BF0A93089301371990BFE7EF
:107D5000199B5A1C19925A787FB381463D46A2F16D
:107D60003003092B12D90123C4E7199B5A1C19921D
:107D70005A780130302AF8D0A2F13103082B00F2F2
:107D8000D384199B0C93814600200546303A00F1BC
:107D900001032AD0994400EB050C2B460A216345C8
:107DA0000DD1691C01442844082816DC0A980A23CE
:107DB00003FB00230A93002318E03846DAE7082B78
:107DC00003F1010303DC0A9E4E430A96E7E7102BFA
:107DD000DEBF089E4E430896E1E70F28EBDC0898CB
:107DE0000A2303FB00230893E5E72946199A501C50
:107DF0001990527818460D46B1E74FF0000901235B
:107E00007DE74FF0000CA21C1992A27885E74FF095
:107E1000010CF8E72CDB020808DB02080000F07F09
:107E2000199A511C19915278302AF9D0A2F13101D6
:107E300008293FF678AF303A0E92199A0F924FF018
:107E40000A08199A561C19965278A2F1300EBEF102
:107E5000090F39D90F99761A082E44F61F6803DCEA
:107E60000E998845A8BF8846BCF1000F01D0C8F123
:107E70000008002D4ED1099908437FF4BEAE002BB7
:107E80007FF4D6AE692A28D025DC492A25D04E2A8F
:107E90007FF4CEAE9B4919A801F0F4FF00283FF40F
:107EA000C7AE199B1B78282B2ED197491CAA19A85D
:107EB00001F0FCFF052827D11D9BDDF870A043F0E1
:107EC000FF4B4BF4E00B98E60E9908FB0121A1F162
:107ED00030020E92B5E76E2ADAE78C4919A801F054
:107EE000D1FF00283FF4A4AE199B8949013B19A892
:107EF000199301F0C7FF10B9199B01331993DFF8EB
:107F000020B24FF0000A78E6824801F0B9FC5BEC41
:107F100010AB72E6A8EB09030A980993002F08BF7B
:107F20002F46102D2C46A8BF1024D8F7FBFA092D98
:107F300082468B4613DC099B002B3FF45EAE099B07
:107F400078DD162B5FDC744901EBC301D1E9000138
:107F500052465B46D8F760FB82468B464DE66E4B39
:107F600003EBC40353E91223D8F756FB8246089863
:107F70008B46D8F7D7FA02460B4650465946D8F7F3
:107F800095F90F2D82468B46D5DD099B2C1B1C4491
:107F9000002C40F3968014F00F030AD05E4901EBE9
:107FA000C30152465B46D1E90001D8F735FB824652
:107FB0008B4634F00F0473D0B4F59A7F48DD00246B
:107FC000A0460A94A146059ADFF854B12223136013
:107FD0004FF0000A0A9B002B3FF40FAE1A99059848
:107FE00002F054F90598494602F050F905984146C7
:107FF00002F04CF90A99059802F048F905982146D3
:1080000002F044F9F9E5099AC5F125039342BCDB76
:10801000414CC5F10F0504EBC50152465B46D1E961
:108020000001D8F7F9FA099B5D1B04EBC504D4E9FC
:1080300000238FE71633A8DB374BA9EB080803EBC7
:10804000C808D8E9002350465946D8F70FFC83E703
:10805000324B089300232411504659461E46012CEA
:1080600021DC0BB182468B462C49ABF1547B01EBF2
:10807000C60152465B46D1E90001D8F7CDFA284B3C
:108080000A460B4027498B42824698D8A1F58011B9
:108090008B4286BFDFF890B04FF0FF3A02F1547B7D
:1080A000002308937AE0E20705D5089BD3E9002373
:1080B000D8F7B2FA0123089A083201366410089200
:1080C000CDE7EDD0644214F00F020AD0124B03EB5F
:1080D000C20350465946D3E90023D8F7C7FB82466E
:1080E0008B462411DCD01F2C20DD0024A0460A94EE
:1080F000A146059A22234FF0000A4FF0000B1360AF
:1081000068E700BF13DB020818DB02080ADB02087D
:108110000DDB02085DDD020878DE020850DE020891
:108120000000F07F0000A07CFFFFEF7F14F0100341
:1081300018BF6A23A94E0893504659460023E20708
:1081400004D5D6E90023D8F767FA0123641006F1B5
:108150000806F4D10BB182468B46089BB3B1CBF332
:108160000A52C2F16B03002B59460FDD1F2B55DD60
:10817000342BDEBF4FF0FF33C2F14B0293404FF080
:10818000000ACCBF4FF05C7B03EA010B0022002306
:1081900050465946D8F7A8FC0028A6D10A9B009360
:1081A0000C9905982B463A4602F0D8F80A90002818
:1081B0003FF405AF099A002AA9EB0803A8BF0023E2
:1081C0001293002422EAE2731693A0460A9B0598B4
:1081D000596802F01BF8814600283FF4F4AE0A9B70
:1081E0001A69023203F10C0192000C3001F039FBE4
:1081F0004BEC10AB05981CAA1BA9CDE90CAB02F007
:10820000E9FB1A9000283FF4DEAE0598012102F048
:108210003BF9804648B94FF00008D4E64FF0FF32F2
:1082200002FA03F303EA0A0AB0E71B9D1C9A002D29
:10823000ABBF129B169B169E129FACBFEF185E1B26
:10824000089BED1A1544664B013D9D42C2F1360272
:1082500050DA5B1B1F2BA2EB03024FF001013DDC48
:1082600001FA03F3139300231093BD18089BAF4248
:1082700016441E443B46A8BF2B46B342A8BF334614
:10828000002BC2BFED1AF61AFF1A129B002B16DD47
:10829000414605981A4602F0B7F980460028BAD040
:1082A00001461A9A059802F005F90E9000283FF44D
:1082B0008AAE1A99059801F0E9FF0E9B1A93002DDA
:1082C0001DDC099B002B23DD4946169A059802F018
:1082D0009BF98146E0B94FF0000974E6C5F17F458E
:1082E00005F57F0505F57B45E23501FA05F31093A9
:1082F0001391BAE70023109301231393B5E71A995A
:1083000005982A4602F0DAF91A900028D9D15AE6DF
:10831000002E07DD49460598324602F0CFF9814626
:108320000028D8D0002F08DD414605983A4602F0D3
:10833000C5F9804600283FF446AE1A9905984A468A
:1083400002F044FA044600283FF43DAEC3680F93A0
:108350000023C360414602F01DFA002846DA0F9B55
:1083600053EA0A036CD1CBF31303002B68D12BF033
:1083700000431B0D1B05B3F1D66F61D9636913B9B7
:108380002369012B5CDD21460122059802F096F954
:108390004146044602F0FEF9002851DD2BF000436F
:1083A000089A1B0D1B05002A6BD0B3F1D66F68D855
:1083B000B3F15C7F7FF69DAE0A4B504659460022D2
:1083C000D8F72AF9084B0B4082468B46002B7FF4E6
:1083D00005AE059A2223136000E600BF40DB0208C9
:1083E00002FCFFFF000050390000F07FCDF838B0EC
:1083F00065D10F9ACBF313035AB39F4A93422BD103
:10840000089B514603B39D4B5A461340B3F1D46FBA
:108410004FF0FF321BD81B0DC3F16B0302FA03F3BD
:10842000994219D1964B0E9A9A4202D101313FF4EA
:10843000CAAD924B0E9A1A4002F5801B4FF0000A0B
:10844000089B002BB8D1C9E54FF0FF33E8E713468E
:10845000E6E753EA0A03A1D0109BDBB10E9A134260
:10846000EED00F9B089A50465946BBB1FFF76BFB05
:10847000DDE90C0153EC102BD7F718FF82468B4631
:10848000DEE7A3F580136FEA135B6FEA0B5B4FF037
:10849000FF3AD5E7139B13EA0A0FE1E7FFF753FB17
:1084A000DDE90C0153EC102BD7F7FEFE0022002370
:1084B00082468B46D8F718FB0028C1D019E6414602
:1084C000204602F0DFFA57EC106B00224FF0804399
:1084D00030463946D8F71CFB00286FD00F9B002B85
:1084E0007AD1BAF1000F58D10E9BC3F31303002BBE
:1084F0005AD1644B002230463946D8F7FFFA00289B
:1085000059D130463946604B0022D8F785F80646E7
:108510000F4607F1004306960793DDE90623574D02
:10852000CDE910230E9B1D40584B9D4240F0B28078
:108530000E9BA3F1547B4BEC10AB02F0DBF9DDE9B1
:10854000062351EC100BD8F767F852465B46D7F775
:10855000ADFE0B4649494E4A19409142824642D9E6
:108560000D9A474B9A4203D10C9B01333FF42BAD3C
:10857000DFF80CB14FF0FF3A1A99059801F086FE2A
:108580000598494601F082FE0598414601F07EFEBD
:108590000598214601F07AFE18E6BAF1010F03D1E1
:1085A0000E9B002B3FF4A5AD9FED2B7B354F8DED42
:1085B000067B0026B1E7344F0026AAE7324B30464F
:1085C00039460022D8F728F80F9B06460F46002BA5
:1085D0009FD0CDE90667A0E79FED217B8DED067B5F
:1085E00057EC176B99E703F1547B089BCDF838B033
:1085F000002BC1D12BF000431B0D1B059D42BBD1AD
:1086000030463946D8F7B8FBD7F7D8FF02460B46B5
:1086100030463946D7F748FE0B460246CDE90C23D3
:10862000CBF313060F9B46EA0A061E436FD00EA338
:10863000D3E90023D8F762FA00287FF4CFAC0CA36B
:10864000D3E90023DDE90C01D8F776FA002893D0AE
:10865000C4E400BFAFF30080000000000000F0BFE2
:10866000000000000000F03F9535A094FFFFDF3FC1
:1086700035E5AF350000E03FFFFF0F000000F07F61
:10868000FFFFEF7F0000F03F0000E03F0000E07FD1
:10869000FFFF9F7C089B23B3B5F1D46F21D828A39B
:1086A000D3E9002330463946D8F732FAA0B139462B
:1086B0003046D8F789FA012838BF0120D7F732FFB2
:1086C0000F9B06460F46FBB901F10043149015932A
:1086D000DDE91423CDE91023119B03F1D6635B1B65
:1086E00011939DED0C0BDDE910AB02F003F9504640
:1086F00053EC102B5946D7F78FFFDDE90C23D7F742
:10870000D5FD82468B4670E7CDE91467E0E70EA3FE
:10871000D3E90023D8F7F2F998E700230B93179ACF
:10872000199B1360FFF76DBA652A3FF466AB452AC3
:108730003FF463AB0123FFF79EBB00BFAFF30080A4
:108740000000C0FFFFFFDF419535A094FFFFCF3F42
:108750000A4601460248034B0068FFF715BA00BFFE
:1087600048040020DC020020242B2DE9F047864637
:10877000904601D8012B06D101F03CF81623036086
:108780000020BDE8F08734480D462A4615F8014B15
:10879000065D16F00806F8D12D2C2DD12C78012677
:1087A000951C33F0100209D1302C2AD12A7802F01E
:1087B000DF02582A25D16C781023023506F1004CCF
:1087C0000CF1FF3C0022BCFBF3F9104603FB19CA75
:1087D000A4F13007092F1BD83C46A34227DD571CC4
:1087E00007D0814520D301D1A2451DDB00FB03400A
:1087F000012215F8014BEBE72B2C04BF2C78951CBC
:10880000CFE7002BDAD1302C0CBF08230A23D5E7A1
:10881000A4F14107192F01D8373CDEE7A4F1610725
:10882000192F04D8573CD8E74FF0FF32E1E7531C2B
:1088300008D12223CEF800306046B8F1000FA0D056
:10884000691E06E006B14042B8F1000F99D0002A37
:10885000F6D1C8F8001094E769DB0208FFF784BF7F
:1088600013460A46014602480068FFF77DBF00BF75
:1088700048040020002310B50446C0E90033C0E9D5
:108880000433836081814366C28183611946082273
:108890005C3000F016F90D4B63620D4BA3620D4B7B
:1088A000E3620D4B23630D4B24629C4206D003F11F
:1088B0006802944202D0D0339C4205D104F15800A2
:1088C000BDE8104000F0C0BF10BD00BF398A0208EB
:1088D0005F8A0208978A0208BB8A0208086501209D
:1088E000024A0349034800F069B800BFC8020020EB
:1088F00051B302084C04002041680C4B994210B55A
:10890000044601D002F024FDA168094B994202D02F
:10891000204602F01DFDE168064B994204D0204636
:10892000BDE8104002F014BD10BD00BF0865012075
:1089300070650120D865012010B50B4B0B4C0C4A1B
:108940001A60204600220421FFF794FF04F168001A
:1089500001220921FFF78EFF04F1D0000222BDE8B9
:1089600010401221FFF786BF4066012008650120F4
:10897000E1880208014800F069BF00BF6F6601206E
:10898000014800F065BF00BF6F66012010B50446C6
:10899000FFF7F0FF236A1BB1BDE81040FFF7F0BFFF
:1089A000044B2362044B1B68002BF5D1FFF7C4FF77
:1089B000F2E700BFF9880208406601202DE9F8437C
:1089C0000746884614460026D4E90195B9F1010905
:1089D00005D52468002CF7D13046BDE8F883AB8973
:1089E000012B07D9B5F90E30013303D0294638469B
:1089F000C04706436835E9E70EB400B59CB01DAB2F
:108A0000029006906FF000410948079104910949CE
:108A100053F8042B05910068019302A902F08AF92A
:108A2000029B00221A701CB05DF804EB03B0704783
:108A3000480400200802FFFF10B50C46B1F90E10E3
:108A400000F0B4FE0028ABBF636DA3891B1823F4AC
:108A50008053ACBF6365A38110BD002070472DE932
:108A6000F0411F468B89DB0505460C46164605D5A9
:108A7000B1F90E100223002200F086FEA389B4F99A
:108A80000E1023F48053A38132463B462846BDE8AE
:108A9000F04100F09DBE10B50C46B1F90E1000F08B
:108AA00073FE431CA38915BF606523F4805343F410
:108AB0008053A38118BFA38110BDB1F90E1000F03F
:108AC00053BE02440346934200D1704703F8011B92
:108AD000F9E7C9B20346184613F8012B12B18A42CE
:108AE000F9D17047002918BF0020704770B50346C0
:108AF0001E4613F8014B44B14A1E01E0A54204D0C2
:108B000012F8015F002DF9D1F2E7301A70BD10B5EF
:108B10006AB10139841810F8012B11F8013F9A420B
:108B200003D1A04201D0002AF5D1D01A10BD1046C1
:108B3000FCE710B50139034632B111F8014F03F8D3
:108B4000014B013A002CF7D11A440021934200D185
:108B500010BD03F8011BF9E72DE9F0414D4A0C4621
:108B60000023D0E90001D8F79FF8002ABCBF02F526
:108B7000A83202F5C0724FF4616100F52F20B2FBFC
:108B8000F1F301FB13224FF03C01ACBF00F66C2067
:108B900000F66B20A360B2FBF1F301FB13226360CC
:108BA0002260C31C072293FBF2F2C2EBC2029B1AA3
:108BB00048BF07330028A361B8BFA0F50E3336497C
:108BC000AEBF90FBF1F1A3F52C7393FBF1F1334BA6
:108BD00003FB010048F6AC63B0FBF3F3034440F23F
:108BE000B45CB0FBFCF29B1A40F26D172C4AB0FB50
:108BF000F2F264269B1AB3FBF7F2B3FBFCF3B2FB71
:108C0000F6F5EB1A034407FB1233992003EB8307B5
:108C1000023703F1010EB7FBF0FC00FB0CF0023051
:108C20004FF00508B0FBF8F0AEEB000040F2F95E43
:108C300077458CBF6FF00907022767444FF4C87C63
:108C40000CFB0121012F98BF0131B3F5997F0CD3A3
:108C5000A3F59973E361A1F26C710023E060C4E9AC
:108C6000047123622046BDE8F08112F0030F02D1A7
:108C700006FB15255DB94FF4C875B2FBF5F605FB8B
:108C80001622B2FA82F252093B331344E2E7012280
:108C9000FAE700BF80510100B13A02004FC5FDFF65
:108CA000B03A0200F7B501683B29044611D93C22CD
:108CB000684600F00BFE019A63680099002A0B4495
:108CC0006360BBBF3C3203F1FF3322602260B8BF58
:108CD000636061683B2911D93C22684600F0F6FDCB
:108CE000019AA3680099002A0B44A360BBBF3C32E1
:108CF00003F1FF3362606260B8BFA360A168172907
:108D000011D91822684600F0E1FD019AE368009944
:108D1000002A0B44E360BBBF183203F1FF33A260AB
:108D2000A260B8BFE36021690B2911D90C22684603
:108D300000F0CCFD019A63690099002A0B4463613D
:108D4000BBBF0C3203F1FF3322612261B8BF636104
:108D500063699A071CD1642193FBF1F201FB123283
:108D6000C2B903F26C734FF4C87293FBF2F102FBC9
:108D70001133002B14BF1C231D23E268002A0BDCD7
:108D8000314D0B206421E668002E30DD03B0F0BDCC
:108D90001C23F2E71D23F0E72B4DD4E90312012A2F
:108DA00014BF55F8220018468142EFDD0132091A3E
:108DB0000C2AE1602261F0D1636900215A1C216113
:108DC000910762613CD1642192FBF1F001FB10221A
:108DD000002A37D103F26D734FF4C87293FBF2F19E
:108DE00002FB1133002B14BF1C231D23D5E722697E
:108DF000013A2261013216D163695A1E9707C4E90C
:108E0000040219D192FBF1F701FB1722B2B903F268
:108E10006B734FF4C87293FBF2F702FB1733002B0E
:108E200014BF1C231D232269012A14BF55F82220D8
:108E30001A463244E260A6E71C23F4E71D23F2E75A
:108E40001C23AAE71D23A8E79CDC02082DE9F04FAC
:108E500085B0074602F0FAFA81463846FFF722FF4E
:108E6000D7E900433C2202FB0344BB687D694FF411
:108E7000616202FB0344D7E90363C14A52F823202D
:108E8000013E012B164411DDA9070FD1642295FB89
:108E9000F2F302FB135343B905F26C734FF4C8723B
:108EA00093FBF2F102FB113303B9013605F51C53B4
:108EB000103344F620629342FE6100F26781462D32
:108EC00040F38E80462340F26D1C64214FF4C8703D
:108ED0009A077FD193FBF1F201FB1232002A7CD179
:108EE00003F26C7292FBF0FE00FB1E22002A14BFFC
:108EF00062464FF4B77201339D421644E8D1A14B4C
:108F00004FEAE478C6FB034800F0FAF900F004FAEF
:108F10009D4B1B68002B00F04081D7F820A078699A
:108F20005346012BA8BF01230193D9F8043000F266
:108F30006C70834240F09680D9E90821D9F850003E
:108F4000D9F84CC0131A0393D9F848300293029A07
:108F5000D9F8283061EBE07BB2EB030E6CEBE371E8
:108F6000744578EB010280F28580D9F80020002A50
:108F700000F08D80039A944278EB0B02C0F20A81D4
:108F8000744578EB0101B4BF4FF0010B4FF0000BBB
:108F9000BAF1000F80F28780BBF1010F40F0FF8033
:108FA000D9F850301C1948EBE3784FF0010B00F072
:108FB000ADF90436072396FBF3F3C3EBC303F61AAC
:108FC00000F1DB80C7F820B0BE612046414605B005
:108FD000BDE8F08F40F26D128DE74FF4B7728AE76B
:108FE0008DD0452340F26D1C64214FF4C87012E00F
:108FF00062BB93FBF1F201FB123252BB03F26C72C3
:1090000092FBF0FE00FB1E22002A14BF62464FF4C2
:10901000B772B61A013B9D4203F00302E8DBDAB9EE
:10902000642295FBF2F302FB1353C3B905F26C7390
:109030004FF4C87293FBF2F102FB1133002B40F2A4
:109040006D1308BF4FF4B773F61A58E740F26D126C
:10905000DFE74FF4B772DCE740F26D13F4E74FF44B
:10906000B773F1E700F0A2F800287FF465AFDDF8F0
:1090700004B091E7029A121A02924FEAE0726CEB86
:10908000020C029A944278EB0C0CF0DB6DE7039A29
:10909000944278EB0B02FFF673AFBAF1000FFFF6C4
:1090A0007FAF4FF0010B019A82EA0B02012A7FF495
:1090B00073AFBBF1000F35D01B1A3A68D7F80CA07C
:1090C0001A441C193A60384648EBE378FFF7EAFD8A
:1090D000FA68B2EB0A023FF45FAF012A24DC931C6A
:1090E000D8BF0122FB69D31827D56B1E98071ED164
:1090F000642193FBF1F001FB1033DBB94FF4C8732B
:1091000005F26B7595FBF3F103FB1155002D40F251
:109110006D1318BF4FF4B673FB6116443CE74FF074
:10912000000BC0E7C31AC8E74FF0FF32DAE74FF48D
:10913000B673F1E740F26D13EEE7A90717D164208B
:1091400095FBF0F100FB1151A1B94FF4C87105F284
:109150006C7595FBF1F001FB1055002D40F26D117F
:1091600008BF4FF4B7718B42A8BF5B1AD4E740F237
:109170006D11F8E74FF4B771F5E7073622E700BF46
:109180006CDC020880510100646601204FF0FF345E
:10919000A0461AE7BAF1000FC1DA4FF0000BD9F878
:1091A00028301C1948EBE37801E700BF2DE9F047B0
:1091B000044602F04BF940F2B1739C4240F39980AF
:1091C0006FF4F667E519A4F2B27340F26D12AD10B8
:1091D00002FB03556FF4C86C6FF06302A4F26D7369
:1091E000454F93FBF2F31D444FF4C87204EB0C039C
:1091F0004460B3FBF2F301461D4400F1500C0B7ABE
:109200004A694A2B33D1A60705EB020306D14FF07A
:10921000640E94FBFEF60EFB164636B94FF4C87E7C
:1092200094FBFEF60EFB1646FEB93B2AD4BF002285
:1092300001221344013B8A69D617C3FB07268B6AB8
:10924000D21846EBE373C1E9082328318C45D6D107
:10925000D0E90843D0E912128C429341B4BF0123F4
:10926000002303600120BDE8F0870022E1E7442BE2
:1092700001D1AB18DFE7A30705D1642694FBF6F311
:1092800006FB13437BBB4FF4C87394FBF3F603FB5D
:109290001646B6FA86F67609DFF860E0D1F80C904B
:1092A0004FF0300A2B464FF000080AFB06E608F1A3
:1092B0000108C14556F828E017DC03F10408072629
:1092C00098FBF6F6C6EBC606A8EB0606921B0E69DF
:1092D00006F1FF3648BF0732C6EBC6063244724578
:1092E00005DA1344A7E70126D6E77344DFE7073A18
:1092F000F5E70020B7E700BF8051010070DF0208EA
:10930000014800F0A2BA00BF6C660120014800F0DD
:109310009EBA00BF6C660120014B186800F002B8CD
:10932000480400202DE9F04F8DB0074602F08EF87A
:10933000BC49BD4D0446384600F090FE064610BBC1
:10934000BA4BBB4A1860BB4BA0621860BA4B206591
:10935000C3E900224A2100220023C4E90300C4E932
:109360000500C4E90D00C4E90F00C4E90823C4E9FD
:1093700012232868217284F8301000F07FFE2E60DE
:109380000DB0BDE8F08F2968002940F08E80286874
:1093900000F074FE3046D6F725FF411C384600F039
:1093A00097FE2860002840F08680A24ADFF8888275
:1093B000DFF878A200231360A04ACAF8003000202A
:1093C0000021C8E90022C4E90333C4E90533C4E934
:1093D0000801C4E90D33C4E90F33C4E912014A227C
:1093E0002272A36284F83020236533783A2B08BFB9
:1093F000013633783C2B62D1751C914A91490AABF6
:10940000284601F0DFFF0028BADD0A9BDA1E072A92
:10941000B6D8EB5C3E2BB3D102360A9BF518F35C51
:109420002D2B5AD101354FF0FF390023ADF81E30F6
:10943000ADF8203008AF0AABCDE9013703930DF149
:109440001E03009380490AAB07AA284601F0BAFF21
:10945000002895DDBDF81E30BDF820603C2202FBDF
:109460000366BDF81C304FF4616202FB03660A9B81
:1094700009FB06F605EB0309EB5C3C2B40F0EE80A4
:1094800009F10105714A6F490AAB284601F09AFFBC
:10949000002828DC99F801303E2B24D1684BA662C5
:1094A000C8E90033CAF800606AE7D6F791FE0028E1
:1094B0007FF46DAF64E7314600F0CBF975E7604AA1
:1094C00063490AAB304601F07DFF00287FF758AFB3
:1094D0000A9B033B072BA0D952E72B2B08BF013572
:1094E0004FF00109A1E70A9BDA1E072A3FF648AFB1
:1094F000EB5C3E2B7FF444AF09F102090A9B09EBB8
:10950000030519F803302D2B40F0B78001354FF0DB
:10951000FF390023ADF81C30ADF81E30ADF8203017
:109520000A930AABCDE9027301930DF11E03009378
:1095300045490AAB07AA284601F044FF002800F37A
:10954000A280A6F5616304930A9B27461D444FF051
:10955000000B2B782C2B08BF013595F80090B9F142
:109560004D0F40F0A3800AAB0DF12602CDE9013288
:1095700009AA0092374903930DF12202284601F00F
:1095800021FF03287FF4FCAEBDF822104B1E0B2BED
:109590003FF6F6AEBDF82420531E042B3FF6F0AE86
:1095A000BDF82630062B3FF6EBAEC7E9031287F86D
:1095B00008907B610A9B05EB030900254FF002032D
:1095C000ADF81C30ADF81E50ADF820500A9599F852
:1095D00000302F2B40F096800AAB08AACDE901326B
:1095E0000DF11E0200921C49039307AA484601F0A0
:1095F000E9FEA84200F386804A2100220023C4E944
:109600000355C4E90555C4E90823C4E90D55C4E967
:109610000F55C4E912232172A56284F83010256524
:10962000AEE600BFCCDC0208446601206066012083
:10963000CFDC020864660120D40200205DDD020850
:1096400054660120D3DC020808DD020848660120C8
:10965000E6DC0208F4DC020807DD02083E4A3F4966
:109660000AAB484601F0AEFE00287FF717AF0A9B11
:10967000033B072B7FF642AF82E62B2B08BF013559
:109680004FF0010945E7BDF81E20BDF820303C2110
:1096900001FB0233BDF81C204FF4616101FB023372
:1096A00009FB03F34FE74FF0010B52E7B9F14A0F03
:1096B00006BF01354B4644230A220BA928460593D1
:1096C00001F0C6FADDF82C90059BADF82600A945FF
:1096D00014D14D23BBF1000F07D1237203210223C4
:1096E000C4E90313C4F814B067E784F830300B22E0
:1096F0000123C4E90D230023E3635EE780B23B72DC
:1097000078615AE7BDF81E20BDF820303C2101FBEE
:109710000233BDF81C204FF4616101FB0233BB61D1
:109720000A9D28374D44BBF1000FBCD0049B236534
:109730000B4BC8F800306068074BA662C8F80430CD
:10974000FFF734FDA26A236DCAF800209B1A054A70
:1097500018BF0123136013E648660120E6DC020807
:10976000546601206466012038B5064D0023044686
:1097700008462B60D9F7F0FA431C02D12B6803B1DD
:10978000236038BD6866012038B5074D0446084699
:10979000114600222A601A46D9F705FB431C02D164
:1097A0002B6803B1236038BD6866012038B5074DCA
:1097B00004460846114600222A601A46D9F793FA51
:1097C000431C02D12B6803B1236038BD68660120B9
:1097D00038B5074D04460846114600222A601A464D
:1097E000D9F79EFA431C02D12B6803B1236038BD20
:1097F00068660120014B1868704700BF48040020CC
:1098000070B50D4D0D4C641BA4100026A64209D165
:109810000B4D0C4C02F0B8FC641BA4100026A642B1
:1098200005D170BD55F8043B98470136EEE755F871
:10983000043B98470136F2E7F8DF0208F8DF020838
:10984000F8DF0208FCDF0208704770477047704776
:109850007047034611F8012B03F8012B002AF9D1B8
:1098600070470A44914200F1FF3300D1704710B5B0
:1098700011F8014B03F8014F9142F9D110BD0000DE
:109880009FED010B704700BF000000000000F87F53
:109890001FB514461A46094B1B680546D86854B9CB
:1098A000074B1C46CDE9013400912B46054901F0D8
:1098B00077FD01F0DFFD044BF4E700BF4804002012
:1098C0005DDD02082FDD020822DD020810B591FBE4
:1098D000F2F402FB14110460416010BD38B5054676
:1098E000002941D051F8043C0C1F002BB8BFE418EC
:1098F00000F080FC1D4A136833B963601460284689
:10990000BDE8384000F07CBCA34208D9206821188B
:109910008B4201BF19685B6809182160EDE71A46A0
:109920005B680BB1A342FAD911685018A0420BD161
:1099300020680144501883421160E0D118685B68C8
:10994000536008441060DAE702D90C232B60D6E795
:10995000206821188B4204BF19685B68636004BFEC
:10996000091821605460CAE738BD00BF7466012041
:109970000369B3EB611F2DE9F0434FEA611200F177
:10998000140445DD11F01F0104EB830604EB82058E
:109990000CD100F110072946B14234D39B1A9B0029
:1099A000EA1E964238BF0023234415E054F8227083
:1099B000C1F12008CF4005F1040EA1467645F446DA
:1099C00015D89A1A9200043A0135AE4238BF0022E7
:1099D000A318A75007B104331A1BA3424FEAA202EF
:1099E00008BF0023026108BF4361BDE8F083DCF8D3
:1099F00000C00CFA08FC4CEA070749F8047B5EF843
:109A0000047BCF40DAE751F804CB47F804CFC3E733
:109A10002346E1E7A0F13003092B02D82038C0B279
:109A20007047A0F16103052B01D84738F7E7A0F193
:109A30004103052B01D82738F1E7002070470000CB
:109A40002DE9F04F85B08A4602930B68019090464D
:109A50009C1CA14614F8010B3028FAD0A9EB030393
:109A6000A3F1020BFFF7D6FF0546002868D1A049F5
:109A700001224846FFF74BF80746002867D199F8BE
:109A800001002646FFF7C6FF002862D0234618785B
:109A90003028994603F10103F9D0FFF7BBFFB0FA74
:109AA00080F56D094FF0010B4A46164601323078B9
:109AB000FFF7B0FF0028F8D18D4901223046FFF7AB
:109AC00026F800283FD144B9741C224616460132BC
:109AD0003078FFF79FFF0028F8D1A41BA700337848
:109AE00003F0DF03502B3ED173782B2B33D02D2B7B
:109AF00034D0711C00240878FFF78CFF431EDBB2C2
:109B0000182B30D8A0F1100211F8010FFFF782FFD7
:109B100000F1FF3C5FFA8CFCBCF1180F4FF00A0318
:109B20001ED904B152421744CAF80010EDB1BBF17E
:109B3000000F0CBF06250025284605B0BDE8F08FB4
:109B400000252C46B0E7002CC7D12746C7E74E4674
:109B50002F460125C3E70024B11CCCE70124FBE715
:109B600003FB0200CEE73146DEE7A6EB0903013B2B
:109B70002946072B0ADC019800F048FB044640B94F
:109B80005C4B0246E4215C48FFF782FE01315B102A
:109B9000EFE700F1140A002355469B46B14537D341
:109BA00045F804BBA5EB0A05AD102561584600F049
:109BB0001FFC6D01D8F800602D1AB54254DDAD1BB5
:109BC0002946204600F0B3FF814678B16B1E59113B
:109BD00003F01F025AF821104FF0010909FA02F2AE
:109BE0000A4203D04B4536DC4FF002092946204695
:109BF000FFF7BEFE2F44D8F80830BB4242DA019886
:109C0000214600F043FB0E9A00231360A32593E73F
:109C100016F8012D2E2A12D0202B04D145F804BBB2
:109C20004FF0000B5B4630780393FFF7F3FE039B86
:109C300000F00F0098404BEA000B0433AEE7B1454B
:109C4000EAD82B49039301223046FEF760FF039BBD
:109C50000028E1D1A2E7A91E204600F068FF0028F5
:109C6000C2D04FF00309C1E709DA751B21460198FC
:109C70002A4600F023FD7F1B044600F1140A4FF032
:109C80000009B8E7D8F80450BD426FDDED1BAE42C5
:109C900034DCD8F80C30022B22D0032B24D0012B3B
:109CA00015D1AE4213D1012E0BD1029AD8F804304F
:109CB000136001232361CAF800300E9B62251C60EB
:109CC0003AE7711E204600F032FF0028EDD10198DE
:109CD000214600F0DBFA0E9A0023136050252BE793
:109CE0000F9B002BF3D1E0E70F9B002BDDD1EEE7BC
:109CF00008DB02085EDD02086FDD02086F1EB9F1A5
:109D0000000F30D127B13946204600F010FF8146C0
:109D10007A1101235AF8222007F01F07BB40134293
:109D20002946204618BF49F00209FFF721FED8F85E
:109D30000470761B0225B9F1000F47D0D8F80C301B
:109D4000022B15D0032B17D0012B09D119F0020FCC
:109D500006D0DAF8003049EA030919F0010F0ED1F4
:109D600045F0100532E04FF00109D1E70125E2E7A7
:109D70000F9BC3F101030F930F9B002BF0D0D4F87E
:109D800010B004F114034FEA8B0A03EB8B014FF080
:109D9000000C184653F8042BB2F1FF3F1BD00132E0
:109DA0000260022D04F114033CD1D8F80020013ADE
:109DB000B24209D17111012253F8213006F01F0679
:109DC00002FA06F61E423AD145F020050E9B1C60B1
:109DD000029B1F60B0E6994243F804CCD9D8A3682F
:109DE0009B4517DB61680198013100F00FFA81464D
:109DF00018B91A4B02468421C5E62269023204F1E1
:109E00000C0192000C30FFF72CFD2146019800F068
:109E10003DFA4C4623695A1C04EB8303226101225C
:109E20005A61BEE722695A450BDD01212046FFF742
:109E30009FFDD8F808300137BB42FFF6E0AE0125A0
:109E4000C2E716F01F06FAD05344C6F1200653F8B5
:109E5000040C00F0CDFAB042E7DBF0E75EDD02086B
:109E6000C2F10802920070B5C2F12006436804688E
:109E700003FA06F52C43D340046040F8043F8842BF
:109E8000F4D370BD30B50368013311F8014B14B938
:109E90000360012030BD13F8012BA2F14105192DFB
:109EA00098BF2032A242F0D00020F3E72DE9F04F16
:109EB0000B6801685E1102EB860613F01F0387B082
:109EC00018BF04360025371F82469046019346F896
:109ED000045CB9463C460295AB464A784B1C03935A
:109EE00042B3104605910492FFF794FD002851D12A
:109EF000049A0599202A18D8029B9B4513DD4C45EE
:109F000006D2072D04DC2A4649462046FFF7A8FF63
:109F1000444552D90023A4F1040944F8043CCDF887
:109F200008B04C461D460399D7E7292A57D102317C
:109F3000CAF80010BBF1000F51D04C4506D2072DD6
:109F400004DC2A4649462046FFF78AFF444536D9B5
:109F5000A8F10402234653F8041B42F8041F9F4251
:109F6000F9D23B1B23F0030304330134033EB44214
:109F700088BF04234344002243F8042B9F42FBD2B2
:109F80003B681BB9474528D101233B60052007B03A
:109F9000BDE8F08F0135082D0BF1010B06DD4445BE
:109FA000C1D9002344F8043C0125043C226800F098
:109FB0000F0040EA02102060B5E70825B3E7019BD7
:109FC000002BDDD0C3F120034FF0FF32DA4056F80A
:109FD000043C134046F8043CD2E7043FD0E7042099
:109FE000D5E700002DE9F84FDFF86CA0064689465A
:109FF000174601F05BFADAF8004034B14B46984658
:10A0000013F8012B3AB13D2AF9D1304601F054FA48
:10A010000020BDE8F88FA8EB0908A34654F8040B0C
:10A020000028F2D042464946FEF771FD0028F4D1DF
:10A0300054F8043C03EB080513F808303D2BECD131
:10A04000DAF80030ABEB03039B1030463B6001F0C5
:10A0500033FA681CDDE700BF3402002007B501AA0F
:10A06000FFF7C0FF03B05DF804FB0000024B0146A0
:10A07000186800F02DB800BF48040020024B0146CC
:10A080001868FFF72BBC00BF4804002070B50F4EC6
:10A090000C463168054611B901F0DCF93060214603
:10A0A000284601F0D7F9431C03D14FF0FF34204676
:10A0B00070BDC41C24F00304A042F8D0211A284625
:10A0C00001F0C8F90130F2D1EFE700BF706601205E
:10A0D0002DE9F843CD1C25F0030508350C2D38BFBC
:10A0E0000C25002D064601DBA94204D90C23336060
:10A0F0000020BDE8F883DFF8D48000F07BF8D8F8C2
:10A1000000301C4644BB29463046FFF7BFFF431CC6
:10A11000044658D1D8F800402746002F43D1002CE0
:10A120004BD023683946304604EB030901F092F91D
:10A13000814542D121686D1A29463046FFF7A6FFB6
:10A1400001303AD023682B442360D8F800305A6895
:10A1500062BBC8F800700FE02268521B20D40B2AA3
:10A1600017D96119A342256018BF5960636808BFF9
:10A17000C8F8001062514B60304600F041F804F11D
:10A180000B00231D20F00700C21A1CBF1B1AA3508E
:10A19000AFE76268A3420CBFC8F800205A60EBE743
:10A1A00023466468AEE73C467F68B6E71A465B68BC
:10A1B000A342FBD100235360DEE70C23336030461B
:10A1C00000F01EF894E70560D6E700BF7466012032
:10A1D00082B001B901A942B14BB113780B6012787A
:10A1E000101E18BF012002B070471046FBE76FF049
:10A1F0000100F8E70148FFF729BB00BF6E660120A8
:10A200000148FFF725BB00BF6E66012070B5C66927
:10A2100004460D4676B91020FFF728FF0246E0619C
:10A2200020B9184B18486B21FFF732FBC0E90166D3
:10A230000660C660E669F36883B1E369DB6853F8DA
:10A240002500B8B9012101FA05F6721D92002046D9
:10A2500001F017F960B1C0E901560EE02122042196
:10A26000204601F00EF9E369F060DB68002BE4D1D1
:10A27000002070BD026843F825200023C0E90333A5
:10A28000F7E700BFCFDD0208E6DD020870B5C6695A
:10A2900005460C4676B91020FFF7E8FE0246E86155
:10A2A00020B9094B09488F21FFF7F2FAC0E901668E
:10A2B0000660C6603CB1EB696268DB6853F8221047
:10A2C000216043F8224070BDCFDD0208E6DD0208C0
:10A2D0002DE9F0410D6907460C461E4601F1140CAC
:10A2E0000020DCF8003099B202FB01611E0C0B0C5F
:10A2F00002FB063389B2013001EB034185424CF881
:10A30000041B4FEA1346ECDC0EB3A368AB4219DC26
:10A31000616838460131FFF779FF804628B9024667
:10A320000C4B0D48BA21FFF7B3FA2269023204F14F
:10A330000C0192000C30FFF794FA21463846FFF7E3
:10A34000A5FF444604EB850301355E612561204687
:10A35000BDE8F0815EDD0208E6DD02082DE9F84384
:10A360000C4615461F4609220833064693FBF2F3B6
:10A37000002101229A4209DB3046FFF747FF40B92E
:10A380000246194B1948D321FFF782FA52000131D6
:10A39000F0E7089B4361092D4FF00103036116DDCF
:10A3A00004F10909C8462C4418F8013B0146303B2A
:10A3B0000A223046FFF78CFFA045F5D1A5F108042D
:10A3C0004C442D1B6319BB4204DBBDE8F8830A34FF
:10A3D0000925F6E714F8013B0146303B0A223046D6
:10A3E000FFF776FFEEE700BF5EDD0208E6DD02085C
:10A3F000B0F5803F034636BF030400201020B3F1C0
:10A40000807F3CBF1B020830B3F1805F3CBF1B0163
:10A410000430B3F1804F3CBF9B000230002B05DBC2
:10A4200013F0804F00F1010008BF2020704703683F
:10A43000024613F007000BD0D90721D4980749BF73
:10A440005B089B08012013605CBF1360022070470B
:10A4500099B209B91B0C1020D9B209B908301B0AEE
:10A46000190704BF1B090430990704BF9B08023079
:10A47000D90703D45B0800F1010003D013607047D3
:10A48000002070472020704710B50C460121FFF7CF
:10A49000BDFE024628B9054B054840F24511FFF7BD
:10A4A000F7F901234461036110BD00BF5EDD0208BE
:10A4B000E6DD02082DE9F04F14460A6923699A4245
:10A4C000A8BF23460F46A4BF0C461F46D4F810A0D1
:10A4D000D7F81090A36861680AEB0906B34285B00B
:10A4E000B8BF0131FFF792FE30B90246444B4548F0
:10A4F0004FF4B171FFF7CCF900F1140505EB8608B4
:10A500002B460022434521D307F1140104F1140224
:10A5100002EB8A0201EB89030293131B153B23F024
:10A520000303043304F11507BA4238BF042301932F
:10A53000029B03918B420CD8002E03DD58F8043D9A
:10A54000002B5BD0066105B0BDE8F08F43F8042B0B
:10A55000D8E7B1F800A0BAF1000F24D004F1140E2E
:10A56000A9464FF0000C5EF8047BD9F800301FFAC2
:10A5700087FB9BB20AFB0B334FEA174BD9F80070ED
:10A5800063444FEA174C0AFB0BC707EB13479BB218
:10A5900043EA0743724549F8043B4FEA174CE2D8B7
:10A5A000019B45F803C0039BB3F802900431B9F155
:10A5B000000F21D02B6804F1140CAE464FF0000AB6
:10A5C000BCF800B0BEF8027009FB0B7757449BB291
:10A5D00043EA07434EF8043B5CF8043B4FEA134A56
:10A5E000BEF8003009FB0A3303EB174362454FEA1C
:10A5F000134AE5D8019FEB51043599E7013E9BE7EB
:10A600005EDD0208E6DD02082DE9F843154612F08A
:10A61000030207460E4607D0254C013A002354F8A2
:10A620002220FFF755FE0646AD103DD0FC697CB9EF
:10A630001020FFF71BFD0246F86128B91D4B1E488C
:10A6400040F2B311FFF724F9C0E901440460C4608B
:10A65000D7F81C80D8F808404CB940F27121384630
:10A66000FFF712FF0023C8F80800044603604FF00C
:10A670000009EB070AD5314622463846FFF71AFF94
:10A68000314680463846FFF701FE46466D100BD036
:10A69000206838B9224621463846FFF70BFF206074
:10A6A000C0F800900446E4E73046BDE8F88300BFF8
:10A6B00040DE0208CFDD0208E6DD02082DE9F047A2
:10A6C0000C464968236903EB6218A3680746914664
:10A6D0004FEA621A08F10106B3420BDB3846FFF776
:10A6E00095FD054648B90246284B29484FF4EF71BD
:10A6F000FFF7CEF801315B00EEE7002300F1140113
:10A7000000F110021846534533DB20692AEAEA7A41
:10A7100004F1140319F01F0901EB8A0103EB800C0B
:10A720002BD0C9F1200E8A460022186800FA09F0E1
:10A7300010434AF8040B53F8042B9C4522FA0EF2FE
:10A74000F3D8ACEB0403153B23F00303043304F10B
:10A750001500844538BF0423CA500AB108F1020627
:10A76000013E38462E612146FFF790FD2846BDE8A0
:10A77000F08742F8040F0133C5E7043953F8042B7E
:10A7800041F8042F9C45F9D8EAE700BF5EDD0208D6
:10A79000E6DD02080A6903460069801A30B50ED169
:10A7A0001433143103EB820401EB820154F8045D8D
:10A7B00051F8042D954203D005D24FF0FF3030BD43
:10A7C000A342F3D3FBE70120F9E700002DE9F74F9F
:10A7D00089460646114648461446FFF7DBFF051E2C
:10A7E00012D129463046FFF711FD024628B93F4BEA
:10A7F00040F237213E48FFF74BF80123C0E904350A
:10A80000104603B0BDE8F08FBCBF4B46A1463046B2
:10A81000D9F80410BABF1C4601250025FFF7F6FC45
:10A82000024618B9314B40F24521E3E7D9F81070E0
:10A830002669C56009F1100309F1140504F1140E2D
:10A8400000F1140B05EB87080EEB86060193D94641
:10A850004FF0000C019B5EF8040B53F804AF01931A
:10A860001FFA8AF3194683B2CB1A000C6344C0EB7B
:10A870001A4000EB23409BB243EA0043764549F877
:10A88000043B4FEA204CE5D8331B153B23F0030370
:10A8900015340433A64238BF04231D445B441E46CE
:10A8A0002C4644450ED308F10301491B21F0030156
:10A8B000033DA84538BF00210B4453F8041D91B156
:10A8C00017619DE754F8041BE646080C1CFA81FC4E
:10A8D000714400EB2C4089B241EA004146F8041B68
:10A8E0004FEA204CDDE7013FE7E700BF5EDD0208ED
:10A8F000E6DD020882B08DED000B019A0F4B13408C
:10A90000A3F15073002B08DC5B42B3F1A07F4FEA48
:10A91000235204DA4FF400231341002208E0A2F18D
:10A9200014031E2BDABF4FF00042DA40012200234D
:10A930001946104641EC100B02B070470000F07F42
:10A940002DE9F041066900F1140808EB8606371F6F
:10A9500056F8042C1046FFF74BFDC0F120030A28DF
:10A960000B601B4915DCC0F10B0C22FA0CF3B84547
:10A9700043EA010534BF56F8083C0023153002FABB
:10A9800000F023FA0CF303431C4645EC104BBDE8E2
:10A99000F081B8453ABF56F8083CA6F108070023F5
:10A9A0000B3812D0C0F1200123FA01F48240224377
:10A9B000474542F07F558CBF57F8042C0022834056
:10A9C000CA4045F440151343DEE742EA0105DBE7E0
:10A9D0000000F03F2DE9F7430F46012159EC108BA1
:10A9E0001646FFF713FC044630B90246234B2448B1
:10A9F00040F20F31FEF74CFFC9F30A55C9F31303B8
:10AA00000DB143F480130193B8F1000323D06846DD
:10AA10000093FFF70CFDDDE90012D0B1C0F1200377
:10AA200002FA03F30B43C24063610192019BA361ED
:10AA3000002B0CBF012202222261A5B1A5F23345F1
:10AA400005443D60C0F135003060204603B0BDE8EC
:10AA5000F0836161EAE701A8FFF7E9FC019B63610C
:10AA600020300122E8E704EB8203A0F23240386094
:10AA70001869FFF7BDFCC0EB4210E5E75EDD020898
:10AA8000E6DD02082DE9F04F85B0CDE9001002A9FE
:10AA9000FFF756FF009803A955EC104BFFF750FF46
:10AAA000019B1969009B1B69C91ADDE902329B1AD7
:10AAB0005BEC10AB03EB4113002BCEBF2A46C3EB7C
:10AAC00003335A462F46D946CCBF02EB035702EB5D
:10AAD00003594B46524620463946D5F7C7FE41EC4E
:10AAE000100B05B0BDE8F08F013970B5491114693C
:10AAF000013102F1140300EB810103EB8404051F13
:10AB0000A3420CD3A31A113B23F003031132A24238
:10AB100088BF002318440023884205D370BD53F832
:10AB2000046B45F8046FEBE740F8043BF4E700F1F1
:10AB3000140200694B11984210B511DB0ADD11F0C7
:10AB40001F0107D052F8234024FA01F000FA01F166
:10AB50008C420BD102EB8303934203D8002010BD3B
:10AB60000346F7E753F8041D0029F5D00120F6E766
:10AB70002DE9F043344E86460D46284615F8014B24
:10AB8000375D17F00807F8D12D2C2FD12C7801272D
:10AB9000851C33F0100009D1302C2CD1287800F01E
:10ABA000DF00582827D16C78102302354FF0FF388A
:10ABB0000026B8FBF3F803FB08F96FEA09093046F1
:10ABC000A4F1300CBCF1090F1CD86446A3422ADD65
:10ABD000B6F1FF3F07D0804522D301D1A1451FDB4D
:10ABE00000FB0340012615F8014BE9E72B2C04BFBD
:10ABF0002C78851CCDE7002BD8D1302C0CBF082336
:10AC00000A23D3E7A4F1410CBCF1190F01D8373C5A
:10AC1000DCE7A4F1610CBCF1190F04D8573CD5E76F
:10AC20004FF0FF36DFE7731C06D12223CEF8003049
:10AC3000304632B9BDE8F08307B14042002AF9D06E
:10AC400006B1691E1160F5E769DB0208FFF790BFE6
:10AC500013460A46014602480068FFF789BF00BF55
:10AC6000480400200346084641B1FF2A04D98A223D
:10AC70001A604FF0FF3070470A70012070472DE9CD
:10AC8000F0478E681F46BE420B6882460C469046CF
:10AC90002DD8B1F90C2012F4906F26D0656909699E
:10ACA00005EB4505A3EB010905EBD5757B1C4B4472
:10ACB0006D109D4238BF1D46530527D52946FFF725
:10ACC00007FA064660B321694A46FEF7CAFDA38922
:10ACD00023F4906343F08003A381266165614E44B1
:10ACE000A5EB09052660A5603E46BE4200D93E465A
:10ACF00020683246414600F08FFBA3689B1BA3608F
:10AD00002368334423600020BDE8F0872A4600F022
:10AD1000D9FB06460028E0D121695046FEF7DEFD4A
:10AD20000C23CAF80030A38943F04003A3814FF0FD
:10AD3000FF30E9E72DE9F04F98468B891B069DB05F
:10AD400007460D46144610D50B6973B94021FFF72D
:10AD5000BFF92860286130B90C233B604FF0FF3009
:10AD60001DB0BDE8F08F40236B61002309932023C1
:10AD70008DF82930CDF80C803023DFF89C818DF8D8
:10AD80002A304FF0010923469A4613F8012B0AB1E5
:10AD9000252AF9D1BAEB040B0BD05B462246294693
:10ADA0003846FFF76CFF013000F0A780099A5A443B
:10ADB00009929AF80030002B00F09F8000234FF09A
:10ADC000FF32CDE905230AF1010A049307938DF8B8
:10ADD00053301A935446052214F8011B4E48D5F7F8
:10ADE0000FFA049AD8B9D00644BF20238DF8533007
:10ADF000110744BF2B238DF853309AF800302A2BCB
:10AE000015D0079A544600204FF00A0C214611F83D
:10AE1000013B303B092B4BD9B0B1079214E0A0EBBA
:10AE2000080309FA03F313430493A246D2E7039BF2
:10AE3000191D1B680391002BBBBF5B4242F002024D
:10AE400007930793B8BF049223782E2B0AD1637817
:10AE50002A2B32D1039B1A1D1B68039243EAE3732A
:10AE600002340593DFF8C0A0217803225046D5F7BD
:10AE7000C7F938B1049BA0EB0A004022824013437B
:10AE80000134049314F8011B24488DF8281006227D
:10AE9000D5F7B6F9002836D0214B1BBB039B0733EF
:10AEA00023F0070308330393099B334409936AE7AC
:10AEB0000CFB02320C460120A8E700230134059365
:10AEC00019464FF00A0C204610F8012B303A092A97
:10AED00003D9002BC6D00591C4E70CFB0121044621
:10AEE0000123F0E703AB00932A460E4B04A9384632
:10AEF000AFF30080421C0646D6D1AB895B063FF516
:10AF00002DAF09982CE703AB00932A46054B04A903
:10AF1000384600F079F8EDE740DF02084ADF020822
:10AF2000000000007FAC020846DF02082DE9F04770
:10AF3000164698468A680B69DDF820909342B8BFA0
:10AF40001346336091F8432007460C460AB101339B
:10AF500033602368990642BF336802333360256843
:10AF600015F0060506D104F1190AE36832689B1A48
:10AF7000AB4226DC94F843302268003B18BF012323
:10AF800092062BD404F1430241463846C8470130AB
:10AF90001ED02368226903F00603042B02BFE56874
:10AFA0003368ED1AA3680CBF25EAE57500259342C6
:10AFB000C4BF9B1AED1800261A34B5421AD10020DE
:10AFC00008E00123524641463846C847013003D1C4
:10AFD0004FF0FF30BDE8F0870135C6E7E1185A1C95
:10AFE000302081F84300224494F8451082F8431041
:10AFF0000233C7E70123224641463846C84701309D
:10B00000E6D00136D9E700002DE9FF470F7E0C9E00
:10B01000782F914680460C469A4601F1430207D8A4
:10B02000622F0AD8002F00F0D280582F00F0B9808C
:10B0300004F1420684F842703AE0A7F16303152B4D
:10B04000F6D801A151F823F0A1B00208B5B002086A
:10B0500031B0020831B0020831B0020831B0020844
:10B06000B5B0020831B0020831B0020831B00208B0
:10B0700031B00208B5B10208DFB002086FB10208B2
:10B0800031B0020831B00208D7B1020831B002086D
:10B09000DFB0020831B0020831B0020877B102080F
:10B0A00033681A1D1B68326004F1420684F842308E
:10B0B00001239DE033682068191D3160060601D523
:10B0C0001D6803E04506FBD5B3F90050002D03DAF7
:10B0D0002D236D4284F8433059480A2311E021683A
:10B0E0003368080653F8045B02D4490648BFADB282
:10B0F0006F2F5348336014BF0A230823002184F8BC
:10B1000043106668A660002EA2BF216821F00401EA
:10B1100021600DB9002E4BD01646B5FBF3F103FBB1
:10B120001157C75D06F8017D2F46BB420D46F4D985
:10B13000082B0BD12368DF0708D523696168994282
:10B14000DEBF302306F8013C06F1FF36921B226178
:10B15000CDF800A04B4603AA21464046FFF7E6FE85
:10B1600001304AD14FF0FF3004B0BDE8F0872368CA
:10B1700043F0200323603348782784F84570236820
:10B1800031681F0651F8045B02D45F0648BFADB2B8
:10B190003160D90744BF43F0200323601DB1102361
:10B1A000ACE72748E9E7236823F020032360F6E7AC
:10B1B0001646BDE7336825686169181D30602E06A4
:10B1C0001B6801D5196002E06806FBD519800023D1
:10B1D00023611646BCE733681A1D32601E68626838
:10B1E00000213046D5F70CF808B1801B6060636819
:10B1F0002361002384F84330AAE723693246494695
:10B200004046D0470130ADD023689B0713D4E06897
:10B21000039B9842B8BF1846A6E701233246494629
:10B220004046D04701309DD00135E36803995B1A51
:10B23000AB42F2DCEBE7002504F11906F5E700BFAD
:10B2400051DF020862DF0208B1F90C202DE9F0415C
:10B25000160705460C4654D44B68002B02DC0B6CD9
:10B26000002B48DDE66A002E45D0002312F4805200
:10B270002F68216A2B6030D0626DA389590705D5EC
:10B280006368D21A636B0BB1236CD21A0023E66A8F
:10B29000216A2846B047431CA38906D129681D2985
:10B2A0002BD82A4A0A41D60727D400226260D90443
:10B2B0002269226004D5421C01D12B6803B9606564
:10B2C000616B2F60B9B104F14403994202D0284662
:10B2D000FEF704FB002363630DE001232846B0471B
:10B2E0000246501CC9D12B68002BC6D01D2B01D0A3
:10B2F000162B1ED12F60002022E043F040031BB22A
:10B300001BE00F69002FF6D093070E6808BF4B694A
:10B310000F6018BF0023A6EB07088B60B8F1000F81
:10B32000E9DD216AA66A43463A462846B047002826
:10B3300008DCB4F90C3043F04003A3814FF0FF3038
:10B34000BDE8F0810744A8EB0008E7E7FEFFBFDF98
:10B3500038B50B6905460C4613B90025284638BD9B
:10B3600018B1036A0BB9FDF711FBB4F90C30002BCF
:10B37000F3D0626ED00704D4990502D4A06DFEF715
:10B3800065FA28462146FFF75FFF636EDA07054638
:10B39000E4D4A3899B05E1D4A06DFEF759FADDE75B
:10B3A0000EB403B5014603AB054853F8042B0068FF
:10B3B000019300F0ABFA02B05DF804EB03B0704704
:10B3C000480400200EB430B59CB01FAC4FF401729D
:10B3D00054F8045BADF8142002900690D4F702FFF5
:10B3E0000B4B039007900B930A48019400230F9393
:10B3F00014934FF6FF73ADF816302A46234602A980
:10B40000006800F0E5F81CB0BDE8304003B07047BC
:10B410005B8A020848040020884210B501EB020450
:10B4200002D98442234607D8431EA14208D011F80E
:10B43000012B03F8012FF8E7024401468A4200D1AC
:10B4400010BD13F8014D02F8014DF7E700487047B1
:10B450009804002038B5064D0023044608462B60AA
:10B46000D7F7AEFC431C02D12B6803B1236038BD73
:10B470006866012008B5062000F0DEFD0120D7F740
:10B4800027FC70B5A1FB02543CB92946FEF720FE0B
:10B49000064628B90026304670BD0C220260F9E746
:10B4A0002A462146FDF70DFBF5E700000148FEF7AF
:10B4B000CDB900BF6D6601200148FEF7C9B900BFD4
:10B4C0006D6601202DE9F041804615460C4621B9F4
:10B4D000BDE8F0411146FEF7FBBD2AB9FEF7FEF9C3
:10B4E00000242046BDE8F08100F0C2FD85420646FA
:10B4F00002D8B5EB500FF4D829464046FEF7E8FDD8
:10B5000007460028ECD0B5422A46214628BF3246DD
:10B51000FEF7A7F921464046FEF7E0F93C46E0E792
:10B5200038B54B1C144603D14FF0FF35284638BDC3
:10B53000938923F0200393815368526BCDB28AB173
:10B54000A26B9A4208DD23685A1E226003F8015C50
:10B55000636801336360E9E7214600F076FC002868
:10B56000F1D0E1E72169226841B1914206D212F897
:10B57000011CA94202D1013A2260EAE7C4E90F2383
:10B5800004F1440363630323A363234603F8465F84
:10B5900023600123DEE710B50C46496B69B104F165
:10B5A0004403994201D0FEF799F9236C63600020AF
:10B5B000606313B1E36B236010BD23692360002334
:10B5C0006360A38943F02003A3814FF0FF30F3E7CA
:10B5D0002DE9F0470C46ADF5227D0021CDE944115F
:10B5E000A549A0910DF10408A449A54FCDF81881F3
:10B5F0000646A19100931378002B00F05881F95C66
:10B6000011F0080102F1010519D06368002B0FDD6C
:10B6100023681A78BA5C120701D42A46EBE7459AE8
:10B620000132459262680133013A62602360ECE7BF
:10B63000A19B2146304698470028E9D0EDE7252B0D
:10B6400012D099466368002B40F3938022681378E8
:10B650004B4540F02C816368013B6360459B0132A0
:10B66000013322604593D8E74191439153782A2BC7
:10B6700002BF1023951C41930A22A94619F8011B09
:10B68000A1F13003092B1ED9DFF8F8A1032250469F
:10B69000D4F7B6FD38B1419AA0EB0A0001238340EC
:10B6A000134341934D4615F8013B782B06D8572B91
:10B6B00010D8252BC5D057D8002B65D0032347932E
:10B6C0000A23429378E0439B02FB031130394391F4
:10B6D0004D46D2E7A3F15802202AEFD801A151F834
:10B6E00022F000BF97B70208BDB60208BDB6020837
:10B6F000F1B70208BDB60208BDB60208BDB6020821
:10B70000BDB60208BDB60208BDB60208BDB6020845
:10B7100007B80208EDB702086FB702086FB7020852
:10B720006FB70208BDB60208A9B70208BDB6020885
:10B73000BDB60208BDB60208BDB6020817B80208B9
:10B74000B1B702088FB70208BDB60208BDB602083D
:10B7500013B80208BDB60208EDB70208BDB602086C
:10B76000BDB6020897B70208453B022BA6D80523B1
:10B7700021E0A19B21463046984700283FF466AF60
:10B780004498002840F08B804FF0FF308BE0419AC6
:10B7900042F020024192419A42F4007241921022FA
:10B7A0006E2B429202D905E000234293032302E06C
:10B7B00008234293042347936368002B39DD419BA0
:10B7C000590604D423681A78BA5C120738D4479B08
:10B7D000022B47DC6B46224641A9304600F0AEF909
:10B7E000012864D002287FF418AFC9E70A22D7E7FE
:10B7F0002946404600F0F0FA419B43F04003419354
:10B8000005460123D7E7419B43F0400341930023C2
:10B81000D1E70223CFE74198C3063FF5FEAE009B78
:10B82000459A191D00911B68C0074CBF1A801A6009
:10B83000F3E6A19B2146304698470028BFD09FE7FA
:10B84000459A013245926268013A002A626002DD3F
:10B8500001332360B6E7A19B214630469847002874
:10B86000B0D08DE7042B0FDC6B46224641A9304651
:10B8700000F0BEF9B4E700BF21B5020897B5020891
:10B8800069DB020846DF02080A4B002B3FF4C5AE15
:10B890006B46224641A93046AFF30080A0E7A3895A
:10B8A0005B063FF571AF0DF5227DBDE8F08744984A
:10B8B000F9E700BF000000009368013B002B10B4C3
:10B8C000936008DA9469A34201DB0A2903D15DF889
:10B8D000044B00F0F4BA1368581C10601970084645
:10B8E0005DF8044B7047F8B506460F461446D51868
:10B8F000AC4201D1002007E014F8011B3A46304663
:10B90000FFF7DAFF431CF3D1F8BD00002DE9F04F3B
:10B910000D469DB014469846064618B1036A0BB909
:10B92000FDF734F86B6ED90705D4AB899A0502D4BC
:10B93000A86DFDF78BFFAB891B0701D52B699BB960
:10B940002946304600F0FAFA70B16B6EDC0704D578
:10B950004FF0FF301DB0BDE8F08FAB899805F7D4EC
:10B96000A86DFDF775FFF3E70023099320238DF8F9
:10B970002930CDF80C803023DFF8AC818DF82A30E7
:10B980004FF0010923469A4613F8012B0AB1252AE4
:10B99000F9D1BAEB040B0BD05B4622462946304660
:10B9A000FFF7A1FF013000F0A780099A5A440992DD
:10B9B0009AF80030002B00F09F8000234FF0FF32F8
:10B9C000CDE905230AF1010A049307938DF853305A
:10B9D0001A935446052214F8011B5348D4F710FC5F
:10B9E000049AD8B9D10644BF20238DF853301307E9
:10B9F00044BF2B238DF853309AF800302A2B15D0F2
:10BA0000079A544600204FF00A0C214611F8013BDA
:10BA1000303B092B4BD9B0B1079214E0A0EB0803DF
:10BA200009FA03F313430493A246D2E7039B191DBB
:10BA30001B680391002BBBBF5B4242F002020793DD
:10BA40000793B8BF049223782E2B0AD163782A2B50
:10BA500032D1039B1A1D1B68039243EAE37302343D
:10BA60000593DFF8D4A0217803225046D4F7C8FB11
:10BA700038B1049BA0EB0A004022824013430134FA
:10BA8000049314F8011B29488DF828100622D4F7D6
:10BA9000B7FB00283FD0264B1BBB039B073323F08B
:10BAA000070308330393099B3B4409936AE70CFBA4
:10BAB00002320C460120A8E7002301340593194601
:10BAC0004FF00A0C204610F8012B303A092A03D90E
:10BAD000002BC6D00591C4E70CFB012104460123CD
:10BAE000F0E703AB00932A46124B04A93046AFF3AC
:10BAF00000800746781CD6D16B6ED90705D4AB8978
:10BB00009A0502D4A86DFDF7A3FEAB895B063FF54D
:10BB10001FAF09981EE703AB00932A46054B04A903
:10BB20003046FFF771FAE4E740DF02084ADF020817
:10BB300000000000E7B8020846DF02082DE9F843DC
:10BB400015468A6880460C4632B98A69002A14BFB5
:10BB50004FF0FF3201228A602268DFF89090D10610
:10BB60005FBF1A68111D196016680027A06988B1A7
:10BB7000012807D12B681A7863699B5C53B9002FA1
:10BB800031D022E0022820D12B681B7819F803302D
:10BB90001B071AD42368DA065EBF2B681B7806F8E9
:10BBA000013B2A686B6801322A60A268013B013AB6
:10BBB0006B600137A26042B1002BD7DCD4F8803132
:10BBC0002946404698470028D0D0236813F0100338
:10BBD00005D1E2680132E260A26902B133702369E3
:10BBE0003B4423610020BDE8F88300BF69DB020805
:10BBF0002DE9F04F9846744B0C468246164693E862
:10BC0000070087B003AB83E80700704BA169704A57
:10BC1000032908BF1A46A36801925A1EB2F5AE7FE7
:10BC200088BF6FF4AE75274682BF03EB050940F26B
:10BC30005D13A36057F81C3B43F4506398BF4FF06B
:10BC4000000923603D464FF0000B316803AB0978D3
:10BC500053F82B000222D4F7D3FA28B3BBF1010F1B
:10BC600059D162682AB92268082142F400726160E1
:10BC70002260226822F4A0622260A268511EA160A4
:10BC800092B13268511C3160127805F8012B72684C
:10BC9000013A002A726007DCD4F880213146504610
:10BCA0009047002840F085800BF1010BBBF1030F9A
:10BCB000CBD163680BB90A23636063684549606947
:10BCC000C91A00F089F84FF0000BA3682268002B16
:10BCD0003DD03168606991F800C010F80C00002870
:10BCE00035D0BCF1300F24D1100522D50BF1010B5A
:10BCF000B9F1000F03D0013309F1FF39A360736874
:10BD0000013B002B73601BDD336801333360A36894
:10BD1000013BA360D9E7BBF1020FAED1226802F468
:10BD2000C061B1F5007FBFD11021616042F4807223
:10BD3000A2E722F4106222600B7805F8013BDEE7EF
:10BD4000D4F880313146504698470028DFD0236828
:10BD5000D9050DD5BD4209D915F8011CD4F87C319F
:10BD600032465046984705F1FF394D46BD4228D02E
:10BD7000226812F0100213D12A706368019E3946BE
:10BD80005046B047D8F8003021681A1DC8F8002086
:10BD900011F0200F1B680FD01860E3680133E360D7
:10BDA0002369ED1B5D442B442361002007B0BDE8EF
:10BDB000F08F4FF0000BCAE7CA074CBF188018601D
:10BDC000EBE70120F2E700BFACC202085D88020881
:10BDD0004DAC0208E4DF020870B50B7804465E2B18
:10BDE0000BBF4B784A1C8A1C002108BF0121013877
:10BDF00004F1FF0500F8011FA842FBD10BB9501E4A
:10BE000070BD81F00101E1541046024612F8015B59
:10BE10002D2D05D05D2D16D0002DF1D02B46F2E74B
:10BE200046785D2EFAD0B342F8DC02301A46013271
:10BE30009642A154FBDCF21A013A5D1CB342A8BF42
:10BE40000022AB18E1E71046DAE72DE9F0410C4695
:10BE5000496B04F1440399421DD14FF48061FEF710
:10BE600037F918B94FF0FF30BDE8F0814FF4806327
:10BE7000A36394F84630606380F8FF3394F845304C
:10BE800080F8FE3394F8443080F8FD3300F2FD3042
:10BE900020600020E8E7A66B77003A46FFF712FB28
:10BEA00005460028DED000EB060801463246404633
:10BEB000FDF7D7FCC4E90D57C4F80080E9E7F8B5F1
:10BEC0000E461446054618B1036A0BB9FCF75EFD31
:10BED000A369A360A3891A0701D5236943B9214641
:10BEE000284600F02BF818B14FF0FF373846F8BD60
:10BEF00023682269981A6369F6B28342374605DCE3
:10BF000021462846FFF724FA0028EDD1A368013B1B
:10BF1000A36023685A1C22601E706269431C9A4207
:10BF200004D0A389DB07E1D50A2EDFD121462846BC
:10BF3000FFF70EFA0028D9D0D6E7000038B5294B14
:10BF4000054618680C4618B1036A0BB9FCF71EFDCC
:10BF5000B4F90C30190722D4DA0607D409222A6072
:10BF600043F04003A3814FF0FF3033E0580712D570
:10BF7000616B41B104F14403994202D02846FDF7B8
:10BF8000ADFC00236363A38923F02403A381002372
:10BF9000636023692360A38943F00803A3812369B5
:10BFA0004BB9A38903F42073B3F5007F03D0214676
:10BFB000284600F08BF8B4F90C3013F001020AD0D7
:10BFC0000022A26062695242A261226942B913F062
:10BFD0008000C5D138BD990758BF6269A260F4E7F7
:10BFE0000020F7E7480400201F2938B505460C4615
:10BFF00004D9162303604FF0FF3038BDC26B12B175
:10C0000052F821304BB9284600F030F8224601465C
:10C010002846BDE8384000F017B8012B0AD0591C5B
:10C0200003D1162303600120E7E7002142F8241022
:10C03000204698470020E0E7024B01461868FFF7CA
:10C04000D3BF00BF4804002038B5074D0023044685
:10C05000084611462B60D6F72BFE431C02D12B68F5
:10C0600003B1236038BD00BF68660120D6F718BE53
:10C0700051F8043C181F002BBCBF0B58C018704768
:10C0800070B50C46B1F90E10002996B015461E4643
:10C090000DDAA38913F0800F4FF0000114BF402385
:10C0A0004FF48063002031602B6016B070BD6A468B
:10C0B00000F048F80028ECDB019901F47041A1F58B
:10C0C0000053594259414FF48063EBE78B89F7B530
:10C0D0009D0706460C4607D504F1470323602361FC
:10C0E0000123636103B0F0BD01AB6A46FFF7C8FFEF
:10C0F000009F054639463046FDF7EAFF48B9B4F9D6
:10C100000C309A05EED423F0030343F00203A3811D
:10C11000E2E7A389206043F08003A381019BC4E987
:10C1200004075BB1B4F90E10304600F01DF828B1D9
:10C13000A38923F0030343F00103A381A3891D43D3
:10C14000A581CFE738B5074D0023044608461146C0
:10C150002B60D6F70DFE431C02D12B6803B1236080
:10C1600038BD00BF6866012038B5064D002304467F
:10C1700008462B60D6F70CFE431C02D12B6803B196
:10C18000236038BD68660120F8B500BFF8BC08BC64
:10C190009E467047F8B500BFF8BC08BC9E46704785
:10C1A00054524941440000004B616C6D616E517501
:10C1B00065737400446961676E6F73697300000092
:10C1C000556E5061636B0000436F6E74726F6C004C
:10C1D0004D61737465725478000000004D656D6F99
:10C1E00072790000536176654D656D0053656E642C
:10C1F0004D656D0053756E004750530041444353E5
:10C2000000000000446961676E6F7369735F4D657C
:10C210006D6F72790000000024474E524D430000BC
:10C22000244750524D43000024474E4747410000E9
:10C230002447504747410000000000002E00000046
:10C24000252E2A7325642E62696E000049444C45F0
:10C2500000000000546D722053766300546D7251DB
:10C2600000000000222A3A3C3E3F7C7F0000000094
:10C270002B2C3B3D5B5D0000EBFE904D53444F5338
:10C28000352E30004E4F204E414D45202020204677
:10C2900041543332202020004E4F204E414D452046
:10C2A000202020464154202020202000E6DF0208E4
:10C2B000E9DF0208ECDF02080000000000000000D7
:10C2C000010203040607080900000000010203043C
:10C2D00000002110422063308440A550C660E77002
:10C2E000088129914AA16BB18CC1ADD1CEE1EFF1AA
:10C2F0003112100273325222B5529442F772D66252
:10C30000399318837BB35AA3BDD39CC3FFF3DEE3F9
:10C310006224433420040114E664C774A4448554A1
:10C320006AA54BB528850995EEE5CFF5ACC58DD549
:10C330005336722611163006D776F6669556B446F1
:10C340005BB77AA719973887DFF7FEE79DD7BCC799
:10C35000C448E5588668A778400861180228233841
:10C36000CCC9EDD98EE9AFF9488969990AA92BB9E9
:10C37000F55AD44AB77A966A711A500A333A122A91
:10C38000FDDBDCCBBFFB9EEB799B588B3BBB1AAB39
:10C39000A66C877CE44CC55C222C033C600C411CE1
:10C3A000AEED8FFDECCDCDDD2AAD0BBD688D499D89
:10C3B000977EB66ED55EF44E133E322E511E700E31
:10C3C0009FFFBEEFDDDFFCCF1BBF3AAF599F788FD9
:10C3D0008891A981CAB1EBA10CD12DC14EF16FE1B9
:10C3E0008010A100C230E3200450254046706760F1
:10C3F000B9839893FBA3DAB33DC31CD37FE35EF309
:10C40000B1029012F322D232354214527762567240
:10C41000EAB5CBA5A89589856EF54FE52CD50DC558
:10C42000E234C324A0148104667447642454054490
:10C43000DBA7FAB79987B8975FE77EF71DC73CD7A8
:10C44000D326F2369106B0165766767615463456E0
:10C450004CD96DC90EF92FE9C899E9898AB9ABA9F8
:10C460004458654806782768C018E1088238A32830
:10C470007DCB5CDB3FEB1EFBF98BD89BBBAB9ABB48
:10C48000754A545A376A167AF10AD01AB32A923A80
:10C490002EFD0FED6CDD4DCDAABD8BADE89DC98D98
:10C4A000267C076C645C454CA23C832CE01CC10CD0
:10C4B0001FEF3EFF5DCF7CDF9BAFBABFD98FF89FE8
:10C4C000176E367E554E745E932EB23ED10EF01E20
:10C4D0000020FD44000000009A4FE5C69AC91FC520
:10C4E0000020AA4400C05F44333369C3CDCC8042EE
:10C4F00000009F429A99B941333393406666A6BFC4
:10C500009A993940000000C09A59B0C430FAD44416
:10C51000105E75C4F8D27C43C87FBE42BFC15E4185
:10C520007CD368C16666E63F2BD5943FFCEB5CBFCD
:10C530008B113DBE2483B9BC530EEE43EA922043D7
:10C540002DDA84409A261241B4CF294039BE67BE05
:10C55000CB7CB2BEE644433DD1102A3B4819DDBC3A
:10C560005863333B2A41BF414D30B3C081D4B0BF83
:10C570009B532ABF20D95C3E6DB2A03BD1CEB5B94A
:10C580005CC3263BF645173B015A6A3AAD87AE3D80
:10C5900000AFAABEDDE22FBD62EF0D3CC917E1BBC3
:10C5A0001AA900BAD4C306B9E3F25CB80141A9B82C
:10C5B000D2367E3C91935A3B8B8D6F39207B423A29
:10C5C000FF28A1B95F5F08B708B25EB5105A5636AA
:10C5D000368680BB909750B90515D5385DF3F33694
:10C5E00086F6B6B5024D04B58FC49834CFA28E3806
:10C5F0006949AEB7E4587C36B3EA933424C114B227
:10C6000008C6BE327E639534251F2FB5DA3CC13291
:10C6100045B23B32AE30F4AF12D074B471153CB2B7
:10C62000A43AB0B08A2555AFB1FE72B193082EAED0
:10C630006EE451AD2B2DF12EB22749AD5FE0B0ABCA
:10C6400000000000000000000000000000000000EA
:10C6500000000000000000000000000000000000DA
:10C6600000000000000000000000000000000000CA
:10C6700000000000330B8E45EA25E2C4D6DAB8C1CB
:10C68000BE33B042418E3B41987C80C015DC13C163
:10C690007777973F169B6CC05CD3E33E00000000A9
:10C6A0008DBA16BE924C6BC3F849F54161AF1FC1FC
:10C6B00020EA2B414664143FA39BBDBED08280BEBE
:10C6C0000C86463E00000000BE3C003D3C49D13B8C
:10C6D00086B0E7C1F9238740BFAF9CBF4CAE8F3E09
:10C6E000255A6EBB41FEE43C36C86B3CA21D483B5C
:10C6F000F64517BA014B433A224D29C057BECE3DED
:10C70000F39480BD2A35523C323C49BBF9D429BA56
:10C710004690323A984C93370146B6B80751A13D3E
:10C72000F0E51F3BE74431BAFE25123A4BE3FFB870
:10C73000124501B9452F8B3600000080C5EE993BAC
:10C740002ED7EBB9EF199F3686F6B6373EA22235C3
:10C75000024D84B48FC49834F7D238B79AC8D7B68C
:10C7600050D88CB461154FB5B521DFB36D9E98B12B
:10C7700073D6A1353CD380331FF9CBB3C10991B235
:10C78000AE30743100C73D3442C77A313A887FB148
:10C790008A25552E3DBF0DB2A6C9C3AFC52E83AEA7
:10C7A0003059D5AE5193772BFE24CA2A00000000E1
:10C7B000000040419A9939C16666A6BFCDCCCCBF76
:10C7C0009A99193FCDCC4CBE00000080CDCCCCBD99
:10C7D00000000080CDCCCC3D000000000000000037
:10C7E00033331B41652440C06A79DBBF544A42BFE2
:10C7F000B413B93E9CC3B2BD73D09ABC8988083DBE
:10C80000FE3C74BC0000000000000080000000003E
:10C810003ACD13C03B84533D2EF9E4BE0000000026
:10C82000C262FE3C588A28BB000000007E49D03A14
:10C83000D110AA3A0000000000000080307B52BFF7
:10C84000C676E43D85D3C33BE51EE23B255AEE3A6E
:10C850006DB2A03A1C5B083A176905390000000068
:10C86000000000807EEF49BDBF3DA93BEBB377BA26
:10C8700085F865B811C604B83B0777B8000000809A
:10C880000000000000000080FF262F3AE9D38C381A
:10C89000595099B8E3F25C37000000005F5F88B63A
:10C8A00008B25EB500000080BDEB7338E08970B758
:10C8B0007FD4B5355DF37335000000000000000043
:10C8C000BFB04B33C29280360000008015CB3BB323
:10C8D00026C79DB2000000800000008037CA843364
:10C8E0003CD3003250C42BB1A68188B000000000B8
:10C8F0003DEAF2B000000080B6FB0CAF0000000083
:10C90000000000809308AEAD6EE4D1AC916A94ACA7
:10C9100000000080FE244AAA000000000000000081
:10C920000000000000000000000000000000000007
:10C9300000000000000000000000000000000000F7
:10C940000000000000000000000000000000ACC17A
:10C95000B3E17FC1EC05D13F7719B2BEA53204BE69
:10C96000B512863DAC38E83D898808BDBF2D37BD7E
:10C97000000000000000008000000080CE8C5FC03E
:10C980002DA31EBD13779C3ECCD9DB3DE51E62BDB9
:10C99000EEAC523C4530233C1F379C3B00000080EE
:10C9A000D2808D3A000000006E465DBE048D023DCF
:10C9B000048D823B43BF16BB84AE3EBBBD8E80BAA6
:10C9C0001C5B08BA176985B900000080013C9CB85F
:10C9D0009FDCFDBCFDC6823BEBB3773A0000000054
:10C9E00011C604393B077738BA9F5737984C13372D
:10C9F0000150D0360DE2B83A904C24396FA4BFB83C
:10CA0000BE1FB8B72E789D367FD4B5B50000008024
:10CA100000000080BDEB7338686734375F5F88B60D
:10CA20003EA2A2B43EA2223400000080000000809A
:10CA3000C29280B5532FC73415CBBBB300000000A2
:10CA400024C114320000008037CA84333CD3003341
:10CA500050C42BB100000080000000003DEAF2301D
:10CA600002EA5E300000000000000080000000804C
:10CA70000000000000000080000000000000000036
:10CA8000FE244AAA46696C65412E62696E00000068
:10CA900000000046696C65422E62696E000000006D
:10CAA000000046696C65432E62696E00000000005C
:10CAB0000046696C65442E62696E0000000000004B
:10CAC00046696C65452E62696E00000000000046F4
:10CAD000696C65462E62696E0000000000004669C0
:10CAE0006C65472E62696E00000000000046696CAC
:10CAF00065482E62696E00000000000046696C65A2
:10CB0000492E62696E00000000000046696C654AAB
:10CB10002E62696E00000000000046696C654B2EB5
:10CB200062696E00000000000046696C654C2E6270
:10CB3000696E00000000000046696C654D2E626958
:10CB40006E00000000000046696C654E2E62696E42
:10CB500000000000000046696C654F2E62696E009F
:10CB6000000000000046696C65502E62696E00008E
:10CB70000000000046696C65512E62696E0000007D
:10CB800000000046696C65522E62696E000000006C
:10CB9000000046696C65532E62696E00000000005B
:10CBA0000046696C65542E62696E0000000000004A
:10CBB00046696C65552E62696E00000000000046F3
:10CBC000696C65562E62696E0000000000004669BF
:10CBD0006C65572E62696E00000000000046696CAB
:10CBE00065582E62696E00000000000046696C65A1
:10CBF000592E62696E00000000000046696C655A9B
:10CC00002E62696E00000000000046696C654141BB
:10CC10002E62696E000000000046696C6541422E7C
:10CC200062696E000000000046696C6541432E6237
:10CC3000696E000000000046696C6541442E62691F
:10CC40006E000000000046696C6541452E62696E09
:10CC5000000000000046696C6541462E62696E0066
:10CC60000000000046696C6541472E62696E000055
:10CC700000000046696C6541482E62696E00000044
:10CC8000000046696C6541492E62696E0000000033
:10CC90000046696C65414A2E62696E000000000022
:10CCA00046696C65414B2E62696E000000000046CB
:10CCB000696C65414C2E62696E0000000000466997
:10CCC0006C65414D2E62696E000000000046696C83
:10CCD00065414E2E62696E000000000046696C6579
:10CCE000414F2E62696E000000000046696C65418C
:10CCF000502E62696E000000000046696C6541516B
:10CD00002E62696E000000000046696C6541522E7B
:10CD100062696E000000000046696C6541532E6236
:10CD2000696E000000000046696C6541542E62691E
:10CD30006E000000000046696C6541552E62696E08
:10CD4000000000000046696C6541562E62696E0065
:10CD50000000000046696C6541572E62696E000054
:10CD600000000046696C6541582E62696E00000043
:10CD7000000046696C6541592E62696E0000000032
:10CD80000046696C65415A2E62696E000000000021
:10CD900046696C6542412E62696E000000000046E3
:10CDA000696C6542422E62696E00000000004669AF
:10CDB0006C6542432E62696E000000000046696C9B
:10CDC0006542442E62696E000000000046696C6591
:10CDD00042452E62696E000000000046696C6542A3
:10CDE000462E62696E000000000046696C6542478D
:10CDF0002E62696E000000000046696C6542482E94
:10CE000062696E000000000046696C6542492E624E
:10CE1000696E000000000046696C65424A2E626936
:10CE20006E000000000046696C65424B2E62696E20
:10CE3000000000000046696C65424C2E62696E007D
:10CE40000000000046696C65424D2E62696E00006C
:10CE500000000046696C65424E2E62696E0000005B
:10CE6000000046696C65424F2E62696E000000004A
:10CE70000046696C6542502E62696E000000000039
:10CE800046696C6542512E62696E000000000046E2
:10CE9000696C6542522E62696E00000000004669AE
:10CEA0006C6542532E62696E000000000046696C9A
:10CEB0006542542E62696E000000000046696C6590
:10CEC00042552E62696E000000000046696C6542A2
:10CED000562E62696E000000000046696C6542577C
:10CEE0002E62696E000000000046696C6542582E93
:10CEF00062696E000000000046696C6542592E624E
:10CF0000696E000000000046696C65425A2E626935
:10CF10006E000000000046696C6543412E62696E38
:10CF2000000000000046696C6543422E62696E0095
:10CF30000000000046696C6543432E62696E000084
:10CF400000000046696C6543442E62696E00000073
:10CF5000000046696C6543452E62696E0000000062
:10CF60000046696C6543462E62696E000000000051
:10CF700046696C6543472E62696E000000000046FA
:10CF8000696C6543482E62696E00000000004669C6
:10CF90006C6543492E62696E000000000046696CB2
:10CFA00065434A2E62696E000000000046696C65A8
:10CFB000434B2E62696E000000000046696C6543B9
:10CFC0004C2E62696E000000000046696C65434D9E
:10CFD0002E62696E000000000046696C65434E2EAB
:10CFE00062696E000000000046696C65434F2E6266
:10CFF000696E000000000046696C6543502E62694E
:10D000006E000000000046696C6543512E62696E37
:10D01000000000000046696C6543522E62696E0094
:10D020000000000046696C6543532E62696E000083
:10D0300000000046696C6543542E62696E00000072
:10D04000000046696C6543552E62696E0000000061
:10D050000046696C6543562E62696E000000000050
:10D0600000061016000610165DC6010899C60108D4
:10D07000B5C60108F7C6010839C70108435545413F
:10D080004141414345454549494941414592924FB6
:10D090004F4F5555594F554F9C4F9E9F41494F55A6
:10D0A000A5A5A6A7A8A9AAABACADAEAFB0B1B2B3C7
:10D0B000B4414141B8B9BABBBCBDBEBFC0C1C2C317
:10D0C000C4C54141C8C9CACBCCCDCECFD1D14545CD
:10D0D0004549494949D9DADBDCDD49DF4FE14F4FAA
:10D0E0004F4FE6E8E85555555959EEEFF0F1F2F398
:10D0F000F4F5F6F7F8F9FAFBFCFDFEFF010305076E
:10D10000090E10121416181C1E0000000100020067
:10D1100004000800100020000000000001000400CE
:10D12000100040000001000200000000C700FC00E9
:10D13000E900E200E400E000E500E700EA00EB00BF
:10D14000E800EF00EE00EC00C400C500C900E600F6
:10D15000C600F400F600F200FB00F900FF00D60064
:10D16000DC00F800A300D800D7009201E100ED0038
:10D17000F300FA00F100D100AA00BA00BF00AE002F
:10D18000AC00BD00BC00A100AB00BB009125922506
:10D19000932502252425C100C200C000A9006325F3
:10D1A000512557255D25A200A500102514253425FD
:10D1B0002C251C2500253C25E300C3005A255425B9
:10D1C00069256625602550256C25A400F000D00057
:10D1D000CA00CB00C8003101CD00CE00CF00182519
:10D1E0000C2588258425A600CC008025D300DF00EF
:10D1F000D400D200F500D500B500FE00DE00DA0054
:10D20000DB00D900FD00DD00AF00B400AD00B100CF
:10D210001720BE00B600A700F700B800B000A800B5
:10D22000B700B900B300B200A025A00061001A0346
:10D23000E0001703F8000703FF0001007801000178
:10D24000300132010601390110014A012E01790134
:10D25000060180014D0043028101820182018401A7
:10D26000840186018701870189018A018B018B0175
:10D270008D018E018F019001910191019301940123
:10D28000F60196019701980198013D029B019C01CE
:10D290009D0120029F01A001A001A201A201A40101
:10D2A000A401A601A701A701A901AA01AB01AC0134
:10D2B000AC01AE01AF01AF01B101B201B301B301E5
:10D2C000B501B501B701B801B801BA01BB01BC0194
:10D2D000BC01BE01F701C001C101C201C301C4010B
:10D2E000C501C401C701C801C701CA01CB01CA01F8
:10D2F000CD011001DD0101008E01DE011201F301FB
:10D300000300F101F401F401F801280122021201E5
:10D310003A020900652C3B023B023D02662C3F02AB
:10D3200040024102410246020A01530240008101CB
:10D330008601550289018A0158028F015A02900123
:10D340005C025D025E025F0293016102620294016F
:10D350006402650266026702970196016A02622C06
:10D360006C026D026E029C01700271029D017302DB
:10D3700074029F0176027702780279027A027B02B8
:10D380007C02642C7E027F02A60181028202A90136
:10D390008402850286028702AE014402B101B20115
:10D3A00045028D028E028F0290029102B7017B032B
:10D3B0000300FD03FE03FF03AC03040086038803A0
:10D3C00089038A03B1031103C2030200A303A30369
:10D3D000C4030803CC0303008C038E038F03D8031C
:10D3E0001801F2030A00F903F303F403F503F6034B
:10D3F000F703F703F903FA03FA0330042003500498
:10D400001007600422018A043601C1040E01CF0412
:10D410000100C004D004440161052604000000009E
:10D420007D1D0100632C001E9601A01E5A01001FE5
:10D430000806101F0606201F0806301F0806401F9A
:10D440000606511F0700591F521F5B1F541F5D1F07
:10D45000561F5F1F601F0806701F0E00BA1FBB1FFC
:10D46000C81FC91FCA1FCB1FDA1FDB1FF81FF91FF8
:10D47000EA1FEB1FFA1FFB1F801F0806901F0806FC
:10D48000A01F0806B01F0400B81FB91FB21FBC1FA1
:10D49000CC1F0100C31FD01F0206E01F0206E51FBC
:10D4A0000100EC1FF21F0100FC1F4E210100322180
:10D4B00070211002842101008321D0241A05302C10
:10D4C0002F04602C0201672C0601752C0201802CB0
:10D4D0006401002D260841FF1A030000000000002F
:10D4E00000000000000000000000000000000080BC
:10D4F000000000000000000006D0CF43EBFD4C3ED2
:10D5000000000000000000000000004003B8E23FFF
:10D51000000000000000F03F000000000000F83FA5
:10D52000FB21F93FFB2109407CD91240FB21194026
:10D530007A6A1F407CD92240BBFD2540FB2129404F
:10D540003A462C407A6A2F405C4731407CD93240C1
:10D550009C6B3440BBFD3540DB8F3740FB213940AD
:10D560001BB43A403A463C405AD83D407A6A3F4064
:10D570004C7E40405C4741406C1042407CD9424068
:10D580008CA243409C6B4440AC344540BBFD4540BD
:10D59000CBC64640DB8F4740EB584840FB21494013
:10D5A00083F9A200444E6E00FC291500D1572700D4
:10D5B000DD34F50062DBC0003C99950041904300EA
:10D5C0006351FE00BBDEAB00B761C5003A6E2400BC
:10D5D000D24D42004906E00009EA2E001C92D1001B
:10D5E000EB1DFE0029B11C00E83EA700F5358200C6
:10D5F00044BB2E009CE98400B4267000417E5F008D
:10D60000D6913900538339009CF439008B5F840034
:10D6100028F9BD00F81F3B00DEFF97000F980500BA
:10D62000112FEF000A5A8B006D1F6D00CF7E360060
:10D6300009CB2700464FB7009E663F002DEA5F00EA
:10D64000BA277500E5EBC7003D7BF100F73907000D
:10D6500092528A00FB6BEA001FB15F00085D8D00EB
:10D66000300356007BFC4600F0AB6B0020BCCF00C3
:10D6700036F49A00E3A91D005E619100081BE600E4
:10D6800085996500A0145F008D40680080D8FF0078
:10D6900027734D0006063100CA561500C9A873004D
:10D6A0007BE260006B8CC00000000080DB0F494013
:10D6B000DB0F49C0DB0F49BFE4CB1640E4CB16C0FB
:10D6C0000000000000000080000FC93F000F49402B
:10D6D00000CB9640000FC9400053FB4000CB1641E1
:10D6E00000ED2F41000F49410031624100537B4161
:10D6F000003A8A4100CB9641005CA34100EDAF4166
:10D70000007EBC41000FC94100A0D5410031E2417B
:10D7100000C2EE410053FB4100F20342003A0A42CC
:10D720000083104200CB164200141D42005C2342CD
:10D7300000A5294200ED2F4200363642007E3C42D1
:10D7400000C74242000F4942A2000000F900000059
:10D75000830000006E0000004E0000004400000046
:10D760001500000029000000FC0000002700000058
:10D7700057000000D1000000F50000003400000058
:10D78000DD000000C0000000DB00000062000000BF
:10D7900095000000990000003C00000043000000DC
:10D7A0009000000041000000FE0000005100000059
:10D7B00063000000AB000000DE000000BB000000C2
:10D7C000C500000061000000B70000002400000058
:10D7D0006E0000003A000000420000004D00000012
:10D7E000D2000000E0000000060000004900000038
:10D7F0002E000000EA00000009000000D100000037
:10D80000920000001C000000FE0000001D0000004F
:10D81000EB0000001C000000B10000002900000027
:10D82000A70000003E000000E800000082000000A9
:10D8300035000000F50000002E000000BB000000D5
:10D840004400000084000000E90000009C0000008B
:10D850007000000026000000B40000005F0000001F
:10D860007E0000004100000039000000910000002F
:10D87000D6000000390000008300000053000000C3
:10D8800039000000F40000009C000000840000004B
:10D890005F0000008B000000BD000000F9000000E8
:10D8A000280000003B0000001F000000F8000000FE
:10D8B00097000000FF000000DE00000005000000EF
:10D8C000980000000F000000EF0000002F00000093
:10D8D000110000008B0000005A0000000A00000048
:10D8E0006D0000001F0000006D0000003600000009
:10D8F0007E000000CF00000027000000CB000000E9
:10D9000009000000B70000004F00000046000000C2
:10D910003F000000660000009E0000005F00000065
:10D92000EA0000002D000000750000002700000044
:10D93000BA000000C7000000EB000000E500000096
:10D94000F10000007B0000003D0000000700000027
:10D9500039000000F70000008A00000052000000BB
:10D9600092000000EA0000006B000000FB000000D5
:10D970005F000000B10000001F0000008D000000EB
:10D980005D000000080000005600000003000000D9
:10D990003000000046000000FC0000007B0000009A
:10D9A0006B000000AB000000F0000000CF000000A2
:10D9B000BC000000200000009A000000F4000000FD
:10D9C000360000001D000000A9000000E300000078
:10D9D00091000000610000005E000000E600000011
:10D9E0001B00000008000000650000009900000016
:10D9F000850000005F00000014000000A00000008F
:10DA000068000000400000008D000000FF000000E2
:10DA1000D8000000800000004D00000073000000EE
:10DA20002700000031000000060000000600000092
:10DA30001500000056000000CA000000730000003E
:10DA4000A8000000C900000060000000E200000023
:10DA50007B000000C00000008C0000006B00000094
:10DA60006937AC3168212233B40F14336821A233F3
:10DA70003863ED3EDA0F493F5E987B3FDA0FC93FCE
:10DA800000000040FB21F93F000000002D44743EDF
:10DA9000000000809846F83C0000006051CC783BC4
:10DAA00000000080831BF0390000004020257A38F8
:10DAB000000000802282E336000000001DF369357B
:10DAC0000200000003000000040000000600000047
:10DAD0000000C93F0000F0390000DA370000A2332F
:10DAE0000000842E0000502B0000C2270000D0222E
:10DAF0000000C41F0000C61B000044170400000003
:10DB000007000000090000002E006E6600696E69C3
:10DB1000747900616E00000034000000CEFBFFFF4E
:10DB2000CB030000010000000000000035000000F1
:10DB3000CEFBFFFFCB03000001000000000000004F
:10DB4000BC89D897B2D29C3C33A7A8D523F64939D3
:10DB50003DA7F444FD0FA5329D978CCF08BA5B25F5
:10DB6000436FAC642806681100202020202020206C
:10DB7000202028282828282020202020202020207D
:10DB8000202020202020202020881010101010108D
:10DB900010101010101010101004040404040404D9
:10DBA0000404041010101010101041414141414173
:10DBB0000101010101010101010101010101010155
:10DBC0000101010110101010101042424242424265
:10DBD0000202020202020202020202020202020225
:10DBE00002020202101010102000000000000000CD
:10DBF0000000000000000000000000000000000025
:10DC00000000000000000000000000000000000014
:10DC10000000000000000000000000000000000004
:10DC200000000000000000000000000000000000F4
:10DC300000000000000000000000000000000000E4
:10DC400000000000000000000000000000000000D4
:10DC500000000000000000000000000000000000C4
:10DC600000000000000000000000000000000000B4
:10DC70001F0000003B0000005A0000007800000078
:10DC800097000000B5000000D4000000F300000081
:10DC900011010000300100004E0100001F000000D3
:10DCA0001C0000001F0000001E0000001F000000FC
:10DCB0001E0000001F0000001F0000001E000000EA
:10DCC0001F0000001E0000001F000000545A004703
:10DCD0004D54002531315B2D2B302D39412D5A61AA
:10DCE0002D7A5D256E002531315B412D5A612D7AEB
:10DCF0005D256E004D256875256E2E256875256E8F
:10DD00002E256875256E002F256875256E3A2568C5
:10DD100075256E3A256875256E004300504F5349AE
:10DD200058002C2066756E6374696F6E3A2000612E
:10DD30007373657274696F6E202225732220666189
:10DD4000696C65643A2066696C6520222573222C13
:10DD5000206C696E65202564257325730A00426175
:10DD60006C6C6F6320737563636565646564002F15
:10DD70006275696C642F676E752D746F6F6C732D8F
:10DD8000666F722D73746D33325F31322E332E72A3
:10DD9000656C312E32303234303932362D313731F4
:10DDA000352F7372632F6E65776C69622F6E65779E
:10DDB0006C69622F6C6962632F7374646C69622F83
:10DDC0006764746F612D6765746865782E630052AF
:10DDD00045454E54206D616C6C6F632073756363B1
:10DDE0006565646564002F6275696C642F676E7584
:10DDF0002D746F6F6C732D666F722D73746D33326B
:10DE00005F31322E332E72656C312E323032343027
:10DE10003932362D313731352F7372632F6E657776
:10DE20006C69622F6E65776C69622F6C6962632F13
:10DE30007374646C69622F6D707265632E63000089
:10DE400005000000190000007D0000000000000037
:10DE50000080E03779C34143176E05B5B5B89346E6
:10DE6000F5F93FE9034F384D321D30F94877825AB2
:10DE70003CBF737FDD4F1575000000000000F03FD0
:10DE80000000000000002440000000000000594095
:10DE90000000000000408F40000000000088C340E8
:10DEA00000000000006AF8400000000080842E415D
:10DEB00000000000D01263410000000084D79741A9
:10DEC0000000000065CDCD41000000205FA00242AF
:10DED000000000E876483742000000A2941A6D4224
:10DEE000000040E59C30A2420000901EC4BCD64217
:10DEF00000003426F56B0C430080E03779C34143C2
:10DF000000A0D8855734764300C84E676DC1AB4337
:10DF1000003D9160E458E143408CB5781DAF154455
:10DF200050EFE2D6E41A4B4492D54D06CFF0804430
:10DF3000F64AE1C7022DB544B49DD9794378EA4445
:10DF4000232D302B2000686C4C00656667454647E2
:10DF50000030313233343536373839414243444565
:10DF600046003031323334353637383961626364D4
:10DF7000656600001F0000001C0000001F0000007C
:10DF80001E0000001F0000001E0000001F00000017
:10DF90001F0000001E0000001F0000001E00000007
:10DFA0001F0000001F0000001D0000001F000000F7
:10DFB0001E0000001F0000001E0000001F000000E7
:10DFC0001F0000001E0000001F0000001E000000D7
:10DFD0001F000000412D46612D6638393031323343
:10DFE000343536375D002B2D003030007858000076
:08DFF000E021FD7F01000000AB
:04DFF800B501000867
:04DFFC009101000887
:10E000000000000000000000000000000000000010
:10E010000000000000000000000000000000000000
:10E0200000000000000000000000000000000000F0
:10E0300000000000000000000000000000000000E0
:10E0400000000000000000000000000000000000D0
:10E0500000000000000000000000000000000000C0
:10E0600000000000000000000000000000000000B0
:10E0700000000000000000000000000000000000A0
:10E080000000000000000000000000000000000090
:10E090000000000000000000000000000000000080
:10E0A0000000000000000000000000000000000070
:10E0B0000000000000000000000000000000000060
:10E0C0000000000000000000000000000000000050
:10E0D0000000000000000000000000000000000040
:10E0E0000000000000000000000000000000000030
:10E0F0000000000000000000000000000000000020
:10E10000000000000000000000000000000000000F
:10E1100000000000000000000000000000000000FF
:10E1200000000000000000000000000000000000EF
:10E1300000000000000000000000000000000000DF
:10E1400000000000000000000000000000000000CF
:10E1500000000000000000000000000000000000BF
:10E1600000000000000000000000000000000000AF
:10E17000000000000000000000000000000000009F
:10E18000000000000000000000000000000000008F
:10E19000000000000000000000000000000000007F
:10E1A000000000000000000000000000000000006F
:10E1B000000000000000000000000000000000005F
:10E1C000000000000000000000000000000000004F
:10E1D000000000000000000000000000000000003F
:10E1E000000000000000000000000000000000002F
:10E1F000000000000000000000000000000000001F
:10E20000000000000000000000000000000000000E
:10E2100000000000000000000000000000000000FE
:10E2200000000000000000000000000000000000EE
:10E2300000000000901500200024F4000000000001
:10E2400000000000000000000000803F0000803F50
:10E250000000803F000000000000000000000000FF
:10E26000C0150020010000004EB03A6C8E8145952B
:10E27000C5E26EE401010505010101010101010191
:10E280000010000005000000050055010101E80331
:10E29000201C0000000000002D0000000000000015
:10E2A00098F98E3C100000000101000006000000FB
:10E2B000AAAAAAAA0000000059F3F8C21F6EA5017D
:10E2C000000000000000F03F00000000030000001C
:10E2D00008650120CFDC0208CFDC02084300000003
:10E2E000000000000000000000000000000000002E
:10E2F00000000000000000000000000043000000DB
:10E30000000000000000000000000000000000000D
:10E3100000000000000000000000000043000000BA
:10E3200000000000000000000000000000000000ED
:10E33000000000000000000000000000430000009A
:10E3400000000000000000000000000000000000CD
:10E35000000000000000000000000000430000007A
:10E3600000000000000000000000000000000000AD
:10E37000000000000000000000000000430000005A
:10E38000000000000000000000000000000000008D
:10E39000000000000000000000000000430000003A
:10E3A000000000000000000000000000000000006D
:10E3B00000000000000000000000000065AC020842
:10E3C000D1A102080000000068DB020808DB020897
:10E3D0005DDD02085DDD02085DDD02085DDD02082D
:10E3E0005DDD02085DDD02085DDD02085DDD02081D
:10E3F0005DDD0208FFFFFFFFFFFFFFFFFFFFFFFFE5
:10E40000FFFF0000010041534349490000000000A4
:10E4100000000000000000000000000000000000FC
:10E420000000000000004153434949000000000083
:10E4300000000000000000000000000000000000DC
:10E4400000000000000000004C040020000000005C
:10E450000865012070650120D865012000000000DA
:10E4600000000000000000000000000000000000AC
:10E47000000000000000000000000000000000009C
:10E48000000000000000000000000000000000008C
:10E49000000000000000000001000000000000007B
:10E4A0004A00000000000000000000000000000022
:10E4B000000000000000000000000000000000005C
:10E4C00000000000000000004A0000000000000002
:10E4D000000000000000000000000000000000003C
:10E4E000000000000000000000000000000000002C
:10E4F000000000000000000000000000000000001C
:10E50000000000000000000000000000000000000B
:10E5100000000000000000000000000000000000FB
:10E5200000000000000000000000000000000000EB
:10E5300000000000000000000000000000000000DB
:10E5400000000000000000000000000000000000CB
:10E5500000000000000000000000000000000000BB
:10E5600000000000000000000000000000000000AB
:10E57000000000000000000000000000000000009B
:10E58000000000000000000000000000000000008B
:10E59000000000000000000000000000000000007B
:10E5A000000000000000000000000000000000006B
:10E5B000000000000000000000000000000000005B
:10E5C000000000000000000000000000000000004B
:10E5D000000000000000000000000000000000003B
:10E5E000000000000000000000000000000000002B
:10E5F000000000000000000000000000000000001B
:10E60000000000000000000000000000000000000A
:10E6100000000000000000000000000000000000FA
:10E6200000000000000000000000000000000000EA
:10E6300000000000000000000000000000000000DA
:10E6400000000000000000000000000000000000CA
:10E6500000000000000000000000000000000000BA
:10E6600000000000000000000000000000000000AA
:10E67000000000000000000000000000000000009A
:10E68000000000000000000000000000000000008A
:10E69000000000000000000000000000000000007A
:10E6A000000000000000000000000000000000006A
:10E6B000000000000000000000000000000000005A
:10E6C000000000000000000000000000000000004A
:10E6D000000000000000000000000000000000003A
:10E6E000000000000000000000000000000000002A
:10E6F000000000000000000000000000000000001A
:10E700000000000000000000000000000000000009
:10E7100000000000000000000000000000000000F9
:10E7200000000000000000000000000000000000E9
:10E7300000000000000000000000000000000000D9
:10E7400000000000000000000000000000000000C9
:10E7500000000000000000000000000000000000B9
:10E7600000000000000000000000000000000000A9
:10E770000000000000000000000000000000000099
:10E780000000000000000000000000000000000089
:10E790000000000000000000000000000000000079
:10E7A0000000000000000000000000000000000069
:10E7B0000000000000000000000000000000000059
:10E7C0000000000000000000000000000000000049
:10E7D0000000000000000000000000000000000039
:10E7E0000000000000000000000000000000000029
:10E7F0000000000000000000000000000000000019
:10E800000000000000000000000000000000000008
:10E8100000000000000000000000000000000000F8
:10E8200000000000000000000000000000000000E8
:10E8300000000000000000000000000000000000D8
:10E8400000000000000000000000000000000000C8
:10E8500000000000000000000000000000000000B8
:10E8600000000000000000000000000000000000A8
:10E870000000000000000000000000000000000098
:10E880000000000000000000000000000000000088
:10E890000000000000000000000000000000000078
:10E8A0000000000000000000000000000000000068
:10E8B0000000000000000000000000000000000058
:10E8C0000000000000000000000000000000000048
:10E8D0000000000000000000000000000000000038
:10E8E0000000000000000000000000000000000028
:10E8F0000000000000000000000000000000000018
:10E900000000000000000000000000000000000007
:10E9100000000000000000000000000000000000F7
:10E9200000000000000000000000000000000000E7
:10E9300000000000000000000000000000000000D7
:10E9400000000000000000000000000000000000C7
:10E9500000000000000000000000000000000000B7
:10E9600000000000000000000000000000000000A7
:10E970000000000000000000000000000000000097
:10E980000000000000000000000000000000000087
:10E990000000000000000000000000000000000077
:10E9A0000000000000000000000000000000000067
:10E9B0000000000000000000000000000000000057
:10E9C0000000000000000000000000000000000047
:10E9D0000000000000000000000000000000000037
:10E9E0000000000000000000000000000000000027
:10E9F0000000000000000000000000000000000017
:10EA00000000000000000000000000000000000006
:10EA100000000000000000000000000000000000F6
:10EA200000000000000000000000000000000000E6
:10EA300000000000000000000000000000000000D6
:10EA400000000000000000000000000000000000C6
:10EA500000000000000000000000000000000000B6
:10EA600000000000000000000000000000000000A6
:10EA70000000000000000000000000000000000096
:10EA80000000000000000000000000000000000086
:10EA90000000000000000000000000000000000076
:10EAA0000000000000000000000000000000000066
:10EAB0000000000000000000000000000000000056
:10EAC0000000000000000000000000000000000046
:10EAD0000000000000000000000000000000000036
:10EAE0000000000000000000000000000000000026
:10EAF0000000000000000000000000000000000016
:10EB00000000000000000000000000000000000005
:10EB100000000000000000000000000000000000F5
:10EB200000000000000000000000000000000000E5
:10EB300000000000000000000000000000000000D5
:10EB400000000000000000000000000000000000C5
:10EB500000000000000000000000000000000000B5
:10EB600000000000000000000000000000000000A5
:10EB70000000000000000000000000000000000095
:10EB80000000000000000000000000000000000085
:10EB90000000000000000000000000000000000075
:10EBA0000000000000000000000000000000000065
:10EBB0000000000000000000000000000000000055
:10EBC0000000000000000000000000000000000045
:10EBD0000000000000000000000000000000000035
:10EBE0000000000000000000000000000000000025
:10EBF0000000000000000000000000000000000015
:10EC00000000000000000000000000000000000004
:10EC100000000000000000000000000000000000F4
:10EC200000000000000000000000000000000000E4
:10EC300000000000000000000000000000000000D4
:10EC400000000000000000000000000000000000C4
:10EC500000000000000000000000000000000000B4
:10EC600000000000000000000000000000000000A4
:10EC70000000000000000000000000000000000094
:10EC80000000000000000000000000000000000084
:10EC90000000000000000000000000000000000074
:10ECA0000000000000000000000000000000000064
:10ECB0000000000000000000000000000000000054
:10ECC0000000000000000000000000000000000044
:10ECD0000000000000000000000000000000000034
:10ECE0000000000000000000000000000000000024
:10ECF0000000000000000000000000000000000014
:10ED00000000000000000000000000000000000003
:10ED100000000000000000000000000000000000F3
:10ED200000000000000000000000000000000000E3
:10ED300000000000000000000000000000000000D3
:10ED400000000000000000000000000000000000C3
:10ED500000000000000000000000000000000000B3
:10ED600000000000000000000000000000000000A3
:10ED70000000000000000000000000000000000093
:10ED80000000000000000000000000000000000083
:10ED90000000000000000000000000000000000073
:10EDA0000000000000000000000000000000000063
:10EDB0000000000000000000000000000000000053
:10EDC0000000000000000000000000000000000043
:10EDD0000000000000000000000000000000000033
:10EDE0000000000000000000000000000000000023
:10EDF0000000000000000000000000000000000013
:10EE00000000000000000000000000000000000002
:10EE100000000000000000000000000000000000F2
:10EE200000000000000000000000000000000000E2
:10EE300000000000000000000000000000000000D2
:10EE400000000000000000000000000000000000C2
:10EE500000000000000000000000000000000000B2
:10EE600000000000000000000000000000000000A2
:10EE70000000000000000000000000000000000092
:10EE80000000000000000000000000000000000082
:10EE90000000000000000000000000000000000072
:10EEA0000000000000000000000000000000000062
:10EEB0000000000000000000000000000000000052
:10EEC0000000000000000000000000000000000042
:10EED0000000000000000000000000000000000032
:10EEE0000000000000000000000000000000000022
:10EEF0000000000000000000000000000000000012
:10EF00000000000000000000000000000000000001
:10EF100000000000000000000000000000000000F1
:10EF200000000000000000000000000000000000E1
:10EF300000000000000000000000000000000000D1
:10EF400000000000000000000000000000000000C1
:10EF500000000000000000000000000000000000B1
:10EF600000000000000000000000000000000000A1
:10EF70000000000000000000000000000000000091
:10EF80000000000000000000000000000000000081
:10EF90000000000000000000000000000000000071
:10EFA0000000000000000000000000000000000061
:10EFB0000000000000000000000000000000000051
:10EFC0000000000000000000000000000000000041
:10EFD0000000000000000000000000000000000031
:10EFE0000000000000000000000000000000000021
:10EFF0000000000000000000000000000000000011
:10F000000000000000000000000000000000000000
:10F0100000000000000000000000000000000000F0
:10F0200000000000000000000000000000000000E0
:10F0300000000000000000000000000000000000D0
:10F0400000000000000000000000000000000000C0
:10F0500000000000000000000000000000000000B0
:10F0600000000000000000000000000000000000A0
:10F070000000000000000000000000000000000090
:10F080000000000000000000000000000000000080
:10F090000000000000000000000000000000000070
:10F0A0000000000000000000000000000000000060
:10F0B0000000000000000000000000000000000050
:10F0C0000000000000000000000000000000000040
:10F0D0000000000000000000000000000000000030
:10F0E0000000000000000000000000000000000020
:10F0F0000000000000000000000000000000000010
:10F1000000000000000000000000000000000000FF
:10F1100000000000000000000000000000000000EF
:10F1200000000000000000000000000000000000DF
:10F1300000000000000000000000000000000000CF
:10F1400000000000000000000000000000000000BF
:10F1500000000000000000000000000000000000AF
:10F16000000000000000000000000000000000009F
:10F17000000000000000000000000000000000008F
:10F18000000000000000000000000000000000007F
:10F19000000000000000000000000000000000006F
:10F1A000000000000000000000000000000000005F
:10F1B000000000000000000000000000000000004F
:10F1C000000000000000000000000000000000003F
:10F1D000000000000000000000000000000000002F
:10F1E000000000000000000000000000000000001F
:10F1F000000000000000000000000000000000000F
:10F2000000000000000000000000000000000000FE
:10F2100000000000000000000000000000000000EE
:10F2200000000000000000000000000000000000DE
:10F2300000000000000000000000000000000000CE
:10F2400000000000000000000000000000000000BE
:10F2500000000000000000000000000000000000AE
:10F26000000000000000000000000000000000009E
:10F27000000000000000000000000000000000008E
:10F28000000000000000000000000000000000007E
:10F29000000000000000000000000000000000006E
:10F2A000000000000000000000000000000000005E
:10F2B000000000000000000000000000000000004E
:10F2C000000000000000000000000000000000003E
:10F2D000000000000000000000000000000000002E
:10F2E000000000000000000000000000000000001E
:10F2F000000000000000000000000000000000000E
:10F3000000000000000000000000000000000000FD
:10F3100000000000000000000000000000000000ED
:10F3200000000000000000000000000000000000DD
:10F3300000000000000000000000000000000000CD
:10F3400000000000000000000000000000000000BD
:10F3500000000000000000000000000000000000AD
:10F36000000000000000000000000000000000009D
:10F37000000000000000000000000000000000008D
:10F38000000000000000000000000000000000007D
:10F39000000000000000000000000000000000006D
:10F3A000000000000000000000000000000000005D
:10F3B000000000000000000000000000000000004D
:10F3C000000000000000000000000000000000003D
:10F3D000000000000000000000000000000000002D
:10F3E000000000000000000000000000000000001D
:10F3F000000000000000000000000000000000000D
:10F4000000000000000000000000000000000000FC
:10F4100000000000000000000000000000000000EC
:10F4200000000000000000000000000000000000DC
:10F4300000000000000000000000000000000000CC
:10F4400000000000000000000000000000000000BC
:10F4500000000000000000000000000000000000AC
:10F46000000000000000000000000000000000009C
:10F47000000000000000000000000000000000008C
:10F48000000000000000000000000000000000007C
:10F49000000000000000000000000000000000006C
:10F4A000000000000000000000000000000000005C
:10F4B000000000000000000000000000000000004C
:10F4C000000000000000000000000000000000003C
:10F4D000000000000000000000000000000000002C
:10F4E000000000000000000000000000000000001C
:10F4F000000000000000000000000000000000000C
:10F5000000000000000000000000000000000000FB
:10F5100000000000000000000000000000000000EB
:10F5200000000000000000000000000000000000DB
:10F5300000000000000000000000000000000000CB
:10F5400000000000000000000000000000000000BB
:10F5500000000000000000000000000000000000AB
:10F56000000000000000000000000000000000009B
:10F57000000000000000000000000000000000008B
:10F58000000000000000000000000000000000007B
:10F59000000000000000000000000000000000006B
:10F5A000000000000000000000000000000000005B
:10F5B000000000000000000000000000000000004B
:10F5C000000000000000000000000000000000003B
:10F5D000000000000000000000000000000000002B
:10F5E000000000000000000000000000000000001B
:10F5F000000000000000000000000000000000000B
:10F6000000000000000000000000000000000000FA
:10F6100000000000000000000000000000000000EA
:10F6200000000000000000000000000000000000DA
:10F6300000000000000000000000000000000000CA
:10F6400000000000000000000000000000000000BA
:10F6500000000000000000000000000000000000AA
:10F66000000000000000000000000000000000009A
:10F67000000000000000000000000000000000008A
:10F68000000000000000000000000000000000007A
:10F69000000000000000000000000000000000006A
:10F6A000000000000000000000000000000000005A
:10F6B000000000000000000000000000000000004A
:10F6C000000000000000000000000000000000003A
:10F6D000000000000000000000000000000000002A
:10F6E000000000000000000000000000000000001A
:10F6F000000000000000000000000000000000000A
:10F7000000000000000000000000000000000000F9
:10F7100000000000000000000000000000000000E9
:10F7200000000000000000000000000000000000D9
:10F7300000000000000000000000000000000000C9
:10F7400000000000000000000000000000000000B9
:10F7500000000000000000000000000000000000A9
:10F760000000000000000000000000000000000099
:10F770000000000000000000000000000000000089
:10F780000000000000000000000000000000000079
:10F790000000000000000000000000000000000069
:10F7A0000000000000000000000000000000000059
:10F7B0000000000000000000000000000000000049
:10F7C0000000000000000000000000000000000039
:10F7D0000000000000000000000000000000000029
:10F7E0000000000000000000000000000000000019
:10F7F0000000000000000000000000000000000009
:10F8000000000000000000000000000000000000F8
:10F8100000000000000000000000000000000000E8
:10F8200000000000000000000000000000000000D8
:10F8300000000000000000000000000000000000C8
:10F8400000000000000000000000000000000000B8
:10F8500000000000000000000000000000000000A8
:10F860000000000000000000000000000000000098
:10F870000000000000000000000000000000000088
:10F880000000000000000000000000000000000078
:10F890000000000000000000000000000000000068
:10F8A0000000000000000000000000000000000058
:10F8B0000000000000000000000000000000000048
:10F8C0000000000000000000000000000000000038
:10F8D0000000000000000000000000000000000028
:10F8E0000000000000000000000000000000000018
:10F8F0000000000000000000000000000000000008
:10F9000000000000000000000000000000000000F7
:10F9100000000000000000000000000000000000E7
:10F9200000000000000000000000000000000000D7
:10F9300000000000000000000000000000000000C7
:10F9400000000000000000000000000000000000B7
:10F9500000000000000000000000000000000000A7
:10F960000000000000000000000000000000000097
:10F970000000000000000000000000000000000087
:10F980000000000000000000000000000000000077
:10F990000000000000000000000000000000000067
:10F9A0000000000000000000000000000000000057
:10F9B0000000000000000000000000000000000047
:10F9C0000000000000000000000000000000000037
:10F9D0000000000000000000000000000000000027
:10F9E0000000000000000000000000000000000017
:10F9F0000000000000000000000000000000000007
:10FA000000000000000000000000000000000000F6
:10FA100000000000000000000000000000000000E6
:10FA200000000000000000000000000000000000D6
:10FA300000000000000000000000000000000000C6
:10FA400000000000000000000000000000000000B6
:10FA500000000000000000000000000000000000A6
:10FA60000000000000000000000000000000000096
:10FA70000000000000000000000000000000000086
:10FA80000000000000000000000000000000000076
:10FA90000000000000000000000000000000000066
:10FAA0000000000000000000000000000000000056
:10FAB0000000000000000000000000000000000046
:10FAC0000000000000000000000000000000000036
:10FAD0000000000000000000000000000000000026
:10FAE0000000000000000000000000000000000016
:10FAF0000000000000000000000000000000000006
:10FB000000000000000000000000000000000000F5
:10FB100000000000000000000000000000000000E5
:10FB200000000000000000000000000000000000D5
:10FB300000000000000000000000000000000000C5
:10FB400000000000000000000000000000000000B5
:10FB500000000000000000000000000000000000A5
:10FB60000000000000000000000000000000000095
:10FB70000000000000000000000000000000000085
:10FB80000000000000000000000000000000000075
:10FB90000000000000000000000000000000000065
:10FBA0000000000000000000000000000000000055
:10FBB0000000000000000000000000000000000045
:10FBC0000000000000000000000000000000000035
:10FBD0000000000000000000000000000000000025
:10FBE0000000000000000000000000000000000015
:10FBF0000000000000000000000000000000000005
:10FC000000000000000000000000000000000000F4
:10FC100000000000000000000000000000000000E4
:10FC200000000000000000000000000000000000D4
:10FC300000000000000000000000000000000000C4
:10FC400000000000000000000000000000000000B4
:10FC500000000000000000000000000000000000A4
:10FC60000000000000000000000000000000000094
:10FC70000000000000000000000000000000000084
:10FC80000000000000000000000000000000000074
:10FC90000000000000000000000000000000000064
:10FCA0000000000000000000000000000000000054
:10FCB0000000000000000000000000000000000044
:10FCC0000000000000000000000000000000000034
:10FCD0000000000000000000000000000000000024
:10FCE0000000000000000000000000000000000014
:10FCF0000000000000000000000000000000000004
:10FD000000000000000000000000000000000000F3
:10FD100000000000000000000000000000000000E3
:10FD200000000000000000000000000000000000D3
:10FD300000000000000000000000000000000000C3
:10FD400000000000000000000000000000000000B3
:10FD500000000000000000000000000000000000A3
:10FD60000000000000000000000000000000000093
:10FD70000000000000000000000000000000000083
:10FD80000000000000000000000000000000000073
:10FD90000000000000000000000000000000000063
:10FDA0000000000000000000000000000000000053
:10FDB0000000000000000000000000000000000043
:10FDC0000000000000000000000000000000000033
:10FDD0000000000000000000000000000000000023
:10FDE0000000000000000000000000000000000013
:10FDF0000000000000000000000000000000000003
:10FE000000000000000000000000000000000000F2
:10FE100000000000000000000000000000000000E2
:10FE200000000000000000000000000000000000D2
:10FE300000000000000000000000000000000000C2
:10FE400000000000000000000000000000000000B2
:10FE500000000000000000000000000000000000A2
:10FE60000000000000000000000000000000000092
:10FE70000000000000000000000000000000000082
:10FE80000000000000000000000000000000000072
:10FE90000000000000000000000000000000000062
:10FEA0000000000000000000000000000000000052
:10FEB0000000000000000000000000000000000042
:10FEC0000000000000000000000000000000000032
:10FED0000000000000000000000000000000000022
:10FEE0000000000000000000000000000000000012
:10FEF0000000000000000000000000000000000002
:10FF000000000000000000000000000000000000F1
:10FF100000000000000000000000000000000000E1
:10FF200000000000000000000000000000000000D1
:10FF300000000000000000000000000000000000C1
:10FF400000000000000000000000000000000000B1
:10FF500000000000000000000000000000000000A1
:10FF60000000000000000000000000000000000091
:10FF70000000000000000000000000000000000081
:10FF80000000000000000000000000000000000071
:10FF90000000000000000000000000000000000061
:10FFA0000000000000000000000000000000000051
:10FFB0000000000000000000000000000000000041
:10FFC0000000000000000000000000000000000031
:10FFD0000000000000000000000000000000000021
:10FFE0000000000000000000000000000000000011
:10FFF0000000000000000000000000000000000001
:020000040803EF
:1000000000000000000000000000000000000000F0
:1000100000000000000000000000000000000000E0
:1000200000000000000000000000000000000000D0
:1000300000000000000000000000000000000000C0
:1000400000000000000000000000000000000000B0
:1000500000000000000000000000000000000000A0
:100060000000000000000000000000000000000090
:100070000000000000000000000000000000000080
:100080000000000000000000000000000000000070
:100090000000000000000000000000000000000060
:1000A0000000000000000000000000000000000050
:1000B0000000000000000000000000000000000040
:1000C0000000000000000000000000000000000030
:1000D0000000000000000000000000000000000020
:1000E0000000000000000000000000000000000010
:1000F0000000000000000000000000000000000000
:1001000000000000000000000000000000000000EF
:1001100000000000000000000000000000000000DF
:1001200000000000000000000000000000000000CF
:1001300000000000000000000000000000000000BF
:1001400000000000000000000000000000000000AF
:10015000000000000000000000000000000000009F
:10016000000000000000000000000000000000008F
:10017000000000000000000000000000000000007F
:10018000000000000000000000000000000000006F
:10019000000000000000000000000000000000005F
:1001A000000000000000000000000000000000004F
:1001B000000000000000000000000000000000003F
:1001C000000000000000000000000000000000002F
:1001D000000000000000000000000000000000001F
:1001E000000000000000000000000000000000000F
:1001F00000000000000000000000000000000000FF
:1002000000000000000000000000000000000000EE
:1002100000000000000000000000000000000000DE
:1002200000000000000000000000000000000000CE
:1002300000000000000000000000000000000000BE
:1002400000000000000000000000000000000000AE
:10025000000000000000000000000000000000009E
:10026000000000000000000000000000000000008E
:10027000000000000000000000000000000000007E
:10028000000000000000000000000000000000006E
:10029000000000000000000000000000000000005E
:1002A000000000000000000000000000000000004E
:1002B000000000000000000000000000000000003E
:1002C000000000000000000000000000000000002E
:1002D000000000000000000000000000000000001E
:1002E000000000000000000000000000000000000E
:1002F00000000000000000000000000000000000FE
:1003000000000000000000000000000000000000ED
:1003100000000000000000000000000000000000DD
:1003200000000000000000000000000000000000CD
:1003300000000000000000000000000000000000BD
:1003400000000000000000000000000000000000AD
:10035000000000000000000000000000000000009D
:10036000000000000000000000000000000000008D
:10037000000000000000000000000000000000007D
:10038000000000000000000000000000000000006D
:10039000000000000000000000000000000000005D
:1003A000000000000000000000000000000000004D
:1003B000000000000000000000000000000000003D
:1003C000000000000000000000000000000000002D
:1003D000000000000000000000000000000000001D
:1003E000000000000000000000000000000000000D
:1003F00000000000000000000000000000000000FD
:1004000000000000000000000000000000000000EC
:1004100000000000000000000000000000000000DC
:1004200000000000000000000000000000000000CC
:1004300000000000000000000000000000000000BC
:1004400000000000000000000000000000000000AC
:10045000000000000000000000000000000000009C
:10046000000000000000000000000000000000008C
:10047000000000000000000000000000000000007C
:10048000000000000000000000000000000000006C
:10049000000000000000000000000000000000005C
:1004A000000000000000000000000000000000004C
:1004B000000000000000000000000000000000003C
:1004C000000000000000000000000000000000002C
:1004D000000000000000000000000000000000001C
:1004E000000000000000000000000000000000000C
:1004F00000000000000000000000000000000000FC
:1005000000000000000000000000000000000000EB
:1005100000000000000000000000000000000000DB
:1005200000000000000000000000000000000000CB
:1005300000000000000000000000000000000000BB
:1005400000000000000000000000000000000000AB
:10055000000000000000000000000000000000009B
:10056000000000000000000000000000000000008B
:10057000000000000000000000000000000000007B
:10058000000000000000000000000000000000006B
:10059000000000000000000000000000000000005B
:1005A000000000000000000000000000000000004B
:1005B000000000000000000000000000000000003B
:1005C000000000000000000000000000000000002B
:1005D000000000000000000000000000000000001B
:1005E000000000000000000000000000000000000B
:1005F00000000000000000000000000000000000FB
:1006000000000000000000000000000000000000EA
:1006100000000000000000000000000000000000DA
:1006200000000000000000000000000000000000CA
:1006300000000000000000000000000000000000BA
:1006400000000000000000000000000000000000AA
:10065000000000000000000000000000000000009A
:10066000000000000000000000000000000000008A
:10067000000000000000000000000000000000007A
:10068000000000000000000000000000000000006A
:10069000000000000000000000000000000000005A
:1006A000000000000000000000000000000000004A
:1006B000000000000000000000000000000000003A
:1006C000000000000000000000000000000000002A
:1006D000000000000000000000000000000000001A
:1006E000000000000000000000000000000000000A
:1006F00000000000000000000000000000000000FA
:1007000000000000000000000000000000000000E9
:1007100000000000000000000000000000000000D9
:1007200000000000000000000000000000000000C9
:1007300000000000000000000000000000000000B9
:1007400000000000000000000000000000000000A9
:100750000000000000000000000000000000000099
:100760000000000000000000000000000000000089
:100770000000000000000000000000000000000079
:100780000000000000000000000000000000000069
:100790000000000000000000000000000000000059
:1007A0000000000000000000000000000000000049
:1007B0000000000000000000000000000000000039
:1007C0000000000000000000000000000000000029
:1007D0000000000000000000000000000000000019
:1007E0000000000000000000000000000000000009
:1007F00000000000000000000000000000000000F9
:1008000000000000000000000000000000000000E8
:1008100000000000000000000000000000000000D8
:1008200000000000000000000000000000000000C8
:1008300000000000000000000000000000000000B8
:1008400000000000000000000000000000000000A8
:100850000000000000000000000000000000000098
:100860000000000000000000000000000000000088
:100870000000000000000000000000000000000078
:100880000000000000000000000000000000000068
:100890000000000000000000000000000000000058
:1008A0000000000000000000000000000000000048
:1008B0000000000000000000000000000000000038
:1008C0000000000000000000000000000000000028
:1008D0000000000000000000000000000000000018
:1008E0000000000000000000000000000000000008
:1008F00000000000000000000000000000000000F8
:1009000000000000000000000000000000000000E7
:1009100000000000000000000000000000000000D7
:1009200000000000000000000000000000000000C7
:1009300000000000000000000000000000000000B7
:1009400000000000000000000000000000000000A7
:100950000000000000000000000000000000000097
:100960000000000000000000000000000000000087
:100970000000000000000000000000000000000077
:100980000000000000000000000000000000000067
:100990000000000000000000000000000000000057
:1009A0000000000000000000000000000000000047
:1009B0000000000000000000000000000000000037
:1009C0000000000000000000000000000000000027
:1009D0000000000000000000000000000000000017
:1009E0000000000000000000000000000000000007
:1009F00000000000000000000000000000000000F7
:100A000000000000000000000000000000000000E6
:100A100000000000000000000000000000000000D6
:100A200000000000000000000000000000000000C6
:100A300000000000000000000000000000000000B6
:100A400000000000000000000000000000000000A6
:100A50000000000000000000000000000000000096
:100A60000000000000000000000000000000000086
:100A70000000000000000000000000000000000076
:100A80000000000000000000000000000000000066
:100A90000000000000000000000000000000000056
:100AA0000000000000000000000000000000000046
:100AB0000000000000000000000000000000000036
:100AC0000000000000000000000000000000000026
:100AD0000000000000000000000000000000000016
:100AE0000000000000000000000000000000000006
:100AF00000000000000000000000000000000000F6
:100B000000000000000000000000000000000000E5
:100B100000000000000000000000000000000000D5
:100B200000000000000000000000000000000000C5
:100B300000000000000000000000000000000000B5
:100B400000000000000000000000000000000000A5
:100B50000000000000000000000000000000000095
:100B60000000000000000000000000000000000085
:100B70000000000000000000000000000000000075
:100B80000000000000000000000000000000000065
:100B90000000000000000000000000000000000055
:100BA0000000000000000000000000000000000045
:100BB0000000000000000000000000000000000035
:100BC0000000000000000000000000000000000025
:100BD0000000000000000000000000000000000015
:100BE0000000000000000000000000000000000005
:100BF00000000000000000000000000000000000F5
:100C000000000000000000000000000000000000E4
:100C100000000000000000000000000000000000D4
:100C200000000000000000000000000000000000C4
:100C300000000000000000000000000000000000B4
:100C400000000000000000000000000000000000A4
:100C50000000000000000000000000000000000094
:100C60000000000000000000000000000000000084
:100C70000000000000000000000000000000000074
:100C80000000000000000000000000000000000064
:100C90000000000000000000000000000000000054
:100CA0000000000000000000000000000000000044
:100CB0000000000000000000000000000000000034
:100CC0000000000000000000000000000000000024
:100CD0000000000000000000000000000000000014
:100CE0000000000000000000000000000000000004
:100CF00000000000000000000000000000000000F4
:100D000000000000000000000000000000000000E3
:100D100000000000000000000000000000000000D3
:100D200000000000000000000000000000000000C3
:100D300000000000000000000000000000000000B3
:100D400000000000000000000000000000000000A3
:100D50000000000000000000000000000000000093
:100D60000000000000000000000000000000000083
:100D70000000000000000000000000000000000073
:100D80000000000000000000000000000000000063
:100D90000000000000000000000000000000000053
:100DA0000000000000000000000000000000000043
:100DB0000000000000000000000000000000000033
:100DC0000000000000000000000000000000000023
:100DD0000000000000000000000000000000000013
:100DE0000000000000000000000000000000000003
:100DF00000000000000000000000000000000000F3
:100E000000000000000000000000000000000000E2
:100E100000000000000000000000000000000000D2
:100E200000000000000000000000000000000000C2
:100E300000000000000000000000000000000000B2
:100E400000000000000000000000000000000000A2
:100E50000000000000000000000000000000000092
:100E60000000000000000000000000000000000082
:100E70000000000000000000000000000000000072
:100E80000000000000000000000000000000000062
:100E90000000000000000000000000000000000052
:100EA0000000000000000000000000000000000042
:100EB0000000000000000000000000000000000032
:100EC0000000000000000000000000000000000022
:100ED0000000000000000000000000000000000012
:100EE0000000000000000000000000000000000002
:100EF00000000000000000000000000000000000F2
:100F000000000000000000000000000000000000E1
:100F100000000000000000000000000000000000D1
:100F200000000000000000000000000000000000C1
:100F300000000000000000000000000000000000B1
:100F400000000000000000000000000000000000A1
:100F50000000000000000000000000000000000091
:100F60000000000000000000000000000000000081
:100F70000000000000000000000000000000000071
:100F80000000000000000000000000000000000061
:100F90000000000000000000000000000000000051
:100FA0000000000000000000000000000000000041
:100FB0000000000000000000000000000000000031
:100FC0000000000000000000000000000000000021
:100FD0000000000000000000000000000000000011
:100FE0000000000000000000000000000000000001
:100FF00000000000000000000000000000000000F1
:1010000000000000000000000000000000000000E0
:1010100000000000000000000000000000000000D0
:1010200000000000000000000000000000000000C0
:1010300000000000000000000000000000000000B0
:1010400000000000000000000000000000000000A0
:101050000000000000000000000000000000000090
:101060000000000000000000000000000000000080
:101070000000000000000000000000000000000070
:101080000000000000000000000000000000000060
:101090000000000000000000000000000000000050
:1010A0000000000000000000000000000000000040
:1010B0000000000000000000000000000000000030
:1010C0000000000000000000000000000000000020
:1010D0000000000000000000000000000000000010
:1010E0000000000000000000000000000000000000
:1010F00000000000000000000000000000000000F0
:1011000000000000000000000000000000000000DF
:1011100000000000000000000000000000000000CF
:1011200000000000000000000000000000000000BF
:1011300000000000000000000000000000000000AF
:10114000000000000000000000000000000000009F
:10115000000000000000000000000000000000008F
:10116000000000000000000000000000000000007F
:10117000000000000000000000000000000000006F
:10118000000000000000000000000000000000005F
:10119000000000000000000000000000000000004F
:1011A000000000000000000000000000000000003F
:1011B000000000000000000000000000000000002F
:1011C000000000000000000000000000000000001F
:1011D000000000000000000000000000000000000F
:1011E00000000000000000000000000000000000FF
:1011F00000000000000000000000000000000000EF
:1012000000000000000000000000000000000000DE
:1012100000000000000000000000000000000000CE
:1012200000000000000000000000000000000000BE
:1012300000000000000000000000000000000000AE
:10124000000000000000000000000000000000009E
:10125000000000000000000000000000000000008E
:10126000000000000000000000000000000000007E
:10127000000000000000000000000000000000006E
:10128000000000000000000000000000000000005E
:10129000000000000000000000000000000000004E
:1012A000000000000000000000000000000000003E
:1012B000000000000000000000000000000000002E
:1012C000000000000000000000000000000000001E
:1012D000000000000000000000000000000000000E
:1012E00000000000000000000000000000000000FE
:1012F00000000000000000000000000000000000EE
:1013000000000000000000000000000000000000DD
:1013100000000000000000000000000000000000CD
:1013200000000000000000000000000000000000BD
:1013300000000000000000000000000000000000AD
:10134000000000000000000000000000000000009D
:10135000000000000000000000000000000000008D
:10136000000000000000000000000000000000007D
:10137000000000000000000000000000000000006D
:10138000000000000000000000000000000000005D
:10139000000000000000000000000000000000004D
:1013A000000000000000000000000000000000003D
:1013B000000000000000000000000000000000002D
:1013C000000000000000000000000000000000001D
:1013D000000000000000000000000000000000000D
:1013E00000000000000000000000000000000000FD
:1013F00000000000000000000000000000000000ED
:1014000000000000000000000000000000000000DC
:1014100000000000000000000000000000000000CC
:1014200000000000000000000000000000000000BC
:1014300000000000000000000000000000000000AC
:10144000000000000000000000000000000000009C
:10145000000000000000000000000000000000008C
:10146000000000000000000000000000000000007C
:10147000000000000000000000000000000000006C
:10148000000000000000000000000000000000005C
:10149000000000000000000000000000000000004C
:1014A000000000000000000000000000000000003C
:1014B000000000000000000000000000000000002C
:1014C000000000000000000000000000000000001C
:1014D000000000000000000000000000000000000C
:1014E00000000000000000000000000000000000FC
:1014F00000000000000000000000000000000000EC
:1015000000000000000000000000000000000000DB
:1015100000000000000000000000000000000000CB
:1015200000000000000000000000000000000000BB
:1015300000000000000000000000000000000000AB
:10154000000000000000000000000000000000009B
:10155000000000000000000000000000000000008B
:10156000000000000000000000000000000000007B
:10157000000000000000000000000000000000006B
:10158000000000000000000000000000000000005B
:10159000000000000000000000000000000000004B
:1015A000000000000000000000000000000000003B
:1015B000000000000000000000000000000000002B
:1015C000000000000000000000000000000000001B
:1015D000000000000000000000000000000000000B
:1015E00000000000000000000000000000000000FB
:1015F00000000000000000000000000000000000EB
:1016000000000000000000000000000000000000DA
:1016100000000000000000000000000000000000CA
:1016200000000000000000000000000000000000BA
:1016300000000000000000000000000000000000AA
:10164000000000000000000000000000000000009A
:10165000000000000000000000000000000000008A
:10166000000000000000000000000000000000007A
:10167000000000000000000000000000000000006A
:10168000000000000000000000000000000000005A
:10169000000000000000000000000000000000004A
:1016A000000000000000000000000000000000003A
:1016B000000000000000000000000000000000002A
:1016C000000000000000000000000000000000001A
:1016D000000000000000000000000000000000000A
:1016E00000000000000000000000000000000000FA
:1016F00000000000000000000000000000000000EA
:1017000000000000000000000000000000000000D9
:1017100000000000000000000000000000000000C9
:1017200000000000000000000000000000000000B9
:1017300000000000000000000000000000000000A9
:101740000000000000000000000000000000000099
:101750000000000000000000000000000000000089
:101760000000000000000000000000000000000079
:101770000000000000000000000000000000000069
:101780000000000000000000000000000000000059
:101790000000000000000000000000000000000049
:1017A0000000000000000000000000000000000039
:1017B0000000000000000000000000000000000029
:1017C0000000000000000000000000000000000019
:1017D0000000000000000000000000000000000009
:1017E00000000000000000000000000000000000F9
:1017F00000000000000000000000000000000000E9
:1018000000000000000000000000000000000000D8
:1018100000000000000000000000000000000000C8
:1018200000000000000000000000000000000000B8
:1018300000000000000000000000000000000000A8
:101840000000000000000000000000000000000098
:101850000000000000000000000000000000000088
:101860000000000000000000000000000000000078
:101870000000000000000000000000000000000068
:101880000000000000000000000000000000000058
:101890000000000000000000000000000000000048
:1018A0000000000000000000000000000000000038
:1018B0000000000000000000000000000000000028
:1018C0000000000000000000000000000000000018
:1018D0000000000000000000000000000000000008
:1018E00000000000000000000000000000000000F8
:1018F00000000000000000000000000000000000E8
:1019000000000000000000000000000000000000D7
:1019100000000000000000000000000000000000C7
:1019200000000000000000000000000000000000B7
:1019300000000000000000000000000000000000A7
:101940000000000000000000000000000000000097
:101950000000000000000000000000000000000087
:101960000000000000000000000000000000000077
:101970000000000000000000000000000000000067
:101980000000000000000000000000000000000057
:101990000000000000000000000000000000000047
:1019A0000000000000000000000000000000000037
:1019B0000000000000000000000000000000000027
:1019C0000000000000000000000000000000000017
:1019D0000000000000000000000000000000000007
:1019E00000000000000000000000000000000000F7
:1019F00000000000000000000000000000000000E7
:101A000000000000000000000000000000000000D6
:101A100000000000000000000000000000000000C6
:101A200000000000000000000000000000000000B6
:101A300000000000000000000000000000000000A6
:101A40000000000000000000000000000000000096
:101A50000000000000000000000000000000000086
:101A60000000000000000000000000000000000076
:101A70000000000000000000000000000000000066
:101A80000000000000000000000000000000000056
:101A90000000000000000000000000000000000046
:101AA0000000000000000000000000000000000036
:101AB0000000000000000000000000000000000026
:101AC0000000000000000000000000000000000016
:101AD0000000000000000000000000000000000006
:101AE00000000000000000000000000000000000F6
:101AF00000000000000000000000000000000000E6
:101B000000000000000000000000000000000000D5
:101B100000000000000000000000000000000000C5
:101B200000000000000000000000000000000000B5
:101B300000000000000000000000000000000000A5
:101B40000000000000000000000000000000000095
:101B50000000000000000000000000000000000085
:101B60000000000000000000000000000000000075
:101B70000000000000000000000000000000000065
:101B80000000000000000000000000000000000055
:101B90000000000000000000000000000000000045
:101BA0000000000000000000000000000000000035
:101BB0000000000000000000000000000000000025
:101BC0000000000000000000000000000000000015
:101BD0000000000000000000000000000000000005
:101BE00000000000000000000000000000000000F5
:101BF00000000000000000000000000000000000E5
:101C000000000000000000000000000000000000D4
:101C100000000000000000000000000000000000C4
:101C200000000000000000000000000000000000B4
:101C300000000000000000000000000000000000A4
:101C40000000000000000000000000000000000094
:101C50000000000000000000000000000000000084
:101C60000000000000000000000000000000000074
:101C70000000000000000000000000000000000064
:101C80000000000000000000000000000000000054
:101C90000000000000000000000000000000000044
:101CA0000000000000000000000000000000000034
:101CB0000000000000000000000000000000000024
:101CC0000000000000000000000000000000000014
:101CD0000000000000000000000000000000000004
:101CE00000000000000000000000000000000000F4
:101CF00000000000000000000000000000000000E4
:101D000000000000000000000000000000000000D3
:101D100000000000000000000000000000000000C3
:101D200000000000000000000000000000000000B3
:101D300000000000000000000000000000000000A3
:101D40000000000000000000000000000000000093
:101D50000000000000000000000000000000000083
:101D60000000000000000000000000000000000073
:101D70000000000000000000000000000000000063
:101D80000000000000000000000000000000000053
:101D90000000000000000000000000000000000043
:101DA0000000000000000000000000000000000033
:101DB0000000000000000000000000000000000023
:101DC0000000000000000000000000000000000013
:101DD0000000000000000000000000000000000003
:101DE00000000000000000000000000000000000F3
:101DF00000000000000000000000000000000000E3
:101E000000000000000000000000000000000000D2
:101E100000000000000000000000000000000000C2
:101E200000000000000000000000000000000000B2
:101E300000000000000000000000000000000000A2
:101E40000000000000000000000000000000000092
:101E50000000000000000000000000000000000082
:101E60000000000000000000000000000000000072
:101E70000000000000000000000000000000000062
:101E80000000000000000000000000000000000052
:101E90000000000000000000000000000000000042
:101EA0000000000000000000000000000000000032
:101EB0000000000000000000000000000000000022
:101EC0000000000000000000000000000000000012
:101ED0000000000000000000000000000000000002
:101EE00000000000000000000000000000000000F2
:101EF00000000000000000000000000000000000E2
:101F000000000000000000000000000000000000D1
:101F100000000000000000000000000000000000C1
:101F200000000000000000000000000000000000B1
:101F300000000000000000000000000000000000A1
:101F40000000000000000000000000000000000091
:101F50000000000000000000000000000000000081
:101F60000000000000000000000000000000000071
:101F70000000000000000000000000000000000061
:101F80000000000000000000000000000000000051
:101F90000000000000000000000000000000000041
:101FA0000000000000000000000000000000000031
:101FB0000000000000000000000000000000000021
:101FC0000000000000000000000000000000000011
:101FD0000000000000000000000000000000000001
:101FE00000000000000000000000000000000000F1
:101FF00000000000000000000000000000000000E1
:1020000000000000000000000000000000000000D0
:1020100000000000000000000000000000000000C0
:1020200000000000000000000000000000000000B0
:1020300000000000000000000000000000000000A0
:102040000000000000000000000000000000000090
:102050000000000000000000000000000000000080
:102060000000000000000000000000000000000070
:102070000000000000000000000000000000000060
:102080000000000000000000000000000000000050
:102090000000000000000000000000000000000040
:1020A0000000000000000000000000000000000030
:1020B0000000000000000000000000000000000020
:1020C0000000000000000000000000000000000010
:1020D0000000000000000000000000000000000000
:1020E00000000000000000000000000000000000F0
:1020F00000000000000000000000000000000000E0
:1021000000000000000000000000000000000000CF
:1021100000000000000000000000000000000000BF
:1021200000000000000000000000000000000000AF
:10213000000000000000000000000000000000009F
:10214000000000000000000000000000000000008F
:10215000000000000000000000000000000000007F
:10216000000000000000000000000000000000006F
:10217000000000000000000000000000000000005F
:10218000000000000000000000000000000000004F
:10219000000000000000000000000000000000003F
:1021A000000000000000000000000000000000002F
:1021B000000000000000000000000000000000001F
:1021C000000000000000000000000000000000000F
:1021D00000000000000000000000000000000000FF
:1021E00000000000000000000000000000000000EF
:1021F00000000000000000000000000000000000DF
:1022000000000000000000000000000000000000CE
:1022100000000000000000000000000000000000BE
:1022200000000000000000000000000000000000AE
:10223000000000000000000000000000000000009E
:10224000000000000000000000000000000000008E
:10225000000000000000000000000000000000007E
:10226000000000000000000000000000000000006E
:10227000000000000000000000000000000000005E
:10228000000000000000000000000000000000004E
:10229000000000000000000000000000000000003E
:1022A000000000000000000000000000000000002E
:1022B000000000000000000000000000000000001E
:1022C000000000000000000000000000000000000E
:1022D00000000000000000000000000000000000FE
:1022E00000000000000000000000000000000000EE
:1022F00000000000000000000000000000000000DE
:1023000000000000000000000000000000000000CD
:1023100000000000000000000000000000000000BD
:1023200000000000000000000000000000000000AD
:10233000000000000000000000000000000000009D
:10234000000000000000000000000000000000008D
:10235000000000000000000000000000000000007D
:10236000000000000000000000000000000000006D
:10237000000000000000000000000000000000005D
:10238000000000000000000000000000000000004D
:10239000000000000000000000000000000000003D
:1023A000000000000000000000000000000000002D
:1023B000000000000000000000000000000000001D
:1023C000000000000000000000000000000000000D
:1023D00000000000000000000000000000000000FD
:1023E00000000000000000000000000000000000ED
:1023F00000000000000000000000000000000000DD
:1024000000000000000000000000000000000000CC
:1024100000000000000000000000000000000000BC
:1024200000000000000000000000000000000000AC
:10243000000000000000000000000000000000009C
:10244000000000000000000000000000000000008C
:10245000000000000000000000000000000000007C
:10246000000000000000000000000000000000006C
:10247000000000000000000000000000000000005C
:10248000000000000000000000000000000000004C
:10249000000000000000000000000000000000003C
:1024A000000000000000000000000000000000002C
:1024B000000000000000000000000000000000001C
:1024C000000000000000000000000000000000000C
:1024D00000000000000000000000000000000000FC
:1024E00000000000000000000000000000000000EC
:1024F00000000000000000000000000000000000DC
:1025000000000000000000000000000000000000CB
:1025100000000000000000000000000000000000BB
:1025200000000000000000000000000000000000AB
:10253000000000000000000000000000000000009B
:10254000000000000000000000000000000000008B
:10255000000000000000000000000000000000007B
:10256000000000000000000000000000000000006B
:10257000000000000000000000000000000000005B
:10258000000000000000000000000000000000004B
:10259000000000000000000000000000000000003B
:1025A000000000000000000000000000000000002B
:1025B000000000000000000000000000000000001B
:1025C000000000000000000000000000000000000B
:1025D00000000000000000000000000000000000FB
:1025E00000000000000000000000000000000000EB
:1025F00000000000000000000000000000000000DB
:1026000000000000000000000000000000000000CA
:1026100000000000000000000000000000000000BA
:1026200000000000000000000000000000000000AA
:10263000000000000000000000000000000000009A
:10264000000000000000000000000000000000008A
:10265000000000000000000000000000000000007A
:10266000000000000000000000000000000000006A
:10267000000000000000000000000000000000005A
:10268000000000000000000000000000000000004A
:10269000000000000000000000000000000000003A
:1026A000000000000000000000000000000000002A
:1026B000000000000000000000000000000000001A
:1026C000000000000000000000000000000000000A
:1026D00000000000000000000000000000000000FA
:1026E00000000000000000000000000000000000EA
:1026F00000000000000000000000000000000000DA
:1027000000000000000000000000000000000000C9
:1027100000000000000000000000000000000000B9
:1027200000000000000000000000000000000000A9
:102730000000000000000000000000000000000099
:102740000000000000000000000000000000000089
:102750000000000000000000000000000000000079
:102760000000000000000000000000000000000069
:102770000000000000000000000000000000000059
:102780000000000000000000000000000000000049
:102790000000000000000000000000000000000039
:1027A0000000000000000000000000000000000029
:1027B0000000000000000000000000000000000019
:1027C0000000000000000000000000000000000009
:1027D00000000000000000000000000000000000F9
:1027E00000000000000000000000000000000000E9
:1027F00000000000000000000000000000000000D9
:1028000000000000000000000000000000000000C8
:1028100000000000000000000000000000000000B8
:1028200000000000000000000000000000000000A8
:102830000000000000000000000000000000000098
:102840000000000000000000000000000000000088
:102850000000000000000000000000000000000078
:102860000000000000000000000000000000000068
:102870000000000000000000000000000000000058
:102880000000000000000000000000000000000048
:102890000000000000000000000000000000000038
:1028A0000000000000000000000000000000000028
:1028B0000000000000000000000000000000000018
:1028C0000000000000000000000000000000000008
:1028D00000000000000000000000000000000000F8
:1028E00000000000000000000000000000000000E8
:1028F00000000000000000000000000000000000D8
:1029000000000000000000000000000000000000C7
:1029100000000000000000000000000000000000B7
:1029200000000000000000000000000000000000A7
:102930000000000000000000000000000000000097
:102940000000000000000000000000000000000087
:102950000000000000000000000000000000000077
:102960000000000000000000000000000000000067
:102970000000000000000000000000000000000057
:102980000000000000000000000000000000000047
:102990000000000000000000000000000000000037
:1029A0000000000000000000000000000000000027
:1029B0000000000000000000000000000000000017
:1029C0000000000000000000000000000000000007
:1029D00000000000000000000000000000000000F7
:1029E00000000000000000000000000000000000E7
:1029F00000000000000000000000000000000000D7
:102A000000000000000000000000000000000000C6
:102A100000000000000000000000000000000000B6
:102A200000000000000000000000000000000000A6
:102A30000000000000000000000000000000000096
:102A40000000000000000000000000000000000086
:102A50000000000000000000000000000000000076
:102A60000000000000000000000000000000000066
:102A70000000000000000000000000000000000056
:102A80000000000000000000000000000000000046
:102A90000000000000000000000000000000000036
:102AA0000000000000000000000000000000000026
:102AB0000000000000000000000000000000000016
:102AC0000000000000000000000000000000000006
:102AD00000000000000000000000000000000000F6
:102AE00000000000000000000000000000000000E6
:102AF00000000000000000000000000000000000D6
:102B000000000000000000000000000000000000C5
:102B100000000000000000000000000000000000B5
:102B200000000000000000000000000000000000A5
:102B30000000000000000000000000000000000095
:102B40000000000000000000000000000000000085
:102B50000000000000000000000000000000000075
:102B60000000000000000000000000000000000065
:102B70000000000000000000000000000000000055
:102B80000000000000000000000000000000000045
:102B90000000000000000000000000000000000035
:102BA0000000000000000000000000000000000025
:102BB0000000000000000000000000000000000015
:102BC0000000000000000000000000000000000005
:102BD00000000000000000000000000000000000F5
:102BE00000000000000000000000000000000000E5
:102BF00000000000000000000000000000000000D5
:102C000000000000000000000000000000000000C4
:102C100000000000000000000000000000000000B4
:102C200000000000000000000000000000000000A4
:102C30000000000000000000000000000000000094
:102C40000000000000000000000000000000000084
:102C50000000000000000000000000000000000074
:102C60000000000000000000000000000000000064
:102C70000000000000000000000000000000000054
:102C80000000000000000000000000000000000044
:102C90000000000000000000000000000000000034
:102CA0000000000000000000000000000000000024
:102CB0000000000000000000000000000000000014
:102CC0000000000000000000000000000000000004
:102CD00000000000000000000000000000000000F4
:102CE00000000000000000000000000000000000E4
:102CF00000000000000000000000000000000000D4
:102D000000000000000000000000000000000000C3
:102D100000000000000000000000000000000000B3
:102D200000000000000000000000000000000000A3
:102D30000000000000000000000000000000000093
:102D40000000000000000000000000000000000083
:102D50000000000000000000000000000000000073
:102D60000000000000000000000000000000000063
:102D70000000000000000000000000000000000053
:102D80000000000000000000000000000000000043
:102D90000000000000000000000000000000000033
:102DA0000000000000000000000000000000000023
:102DB0000000000000000000000000000000000013
:102DC0000000000000000000000000000000000003
:102DD00000000000000000000000000000000000F3
:102DE00000000000000000000000000000000000E3
:102DF00000000000000000000000000000000000D3
:102E000000000000000000000000000000000000C2
:102E100000000000000000000000000000000000B2
:102E200000000000000000000000000000000000A2
:102E30000000000000000000000000000000000092
:102E40000000000000000000000000000000000082
:102E50000000000000000000000000000000000072
:102E60000000000000000000000000000000000062
:102E70000000000000000000000000000000000052
:102E80000000000000000000000000000000000042
:102E90000000000000000000000000000000000032
:102EA0000000000000000000000000000000000022
:102EB0000000000000000000000000000000000012
:102EC0000000000000000000000000000000000002
:102ED00000000000000000000000000000000000F2
:102EE00000000000000000000000000000000000E2
:102EF00000000000000000000000000000000000D2
:102F000000000000000000000000000000000000C1
:102F100000000000000000000000000000000000B1
:102F200000000000000000000000000000000000A1
:102F30000000000000000000000000000000000091
:102F40000000000000000000000000000000000081
:102F50000000000000000000000000000000000071
:102F60000000000000000000000000000000000061
:102F70000000000000000000000000000000000051
:102F80000000000000000000000000000000000041
:102F90000000000000000000000000000000000031
:102FA0000000000000000000000000000000000021
:102FB0000000000000000000000000000000000011
:102FC0000000000000000000000000000000000001
:102FD00000000000000000000000000000000000F1
:102FE00000000000000000000000000000000000E1
:102FF00000000000000000000000000000000000D1
:1030000000000000000000000000000000000000C0
:1030100000000000000000000000000000000000B0
:1030200000000000000000000000000000000000A0
:103030000000000000000000000000000000000090
:103040000000000000000000000000000000000080
:103050000000000000000000000000000000000070
:103060000000000000000000000000000000000060
:103070000000000000000000000000000000000050
:103080000000000000000000000000000000000040
:103090000000000000000000000000000000000030
:1030A0000000000000000000000000000000000020
:1030B0000000000000000000000000000000000010
:1030C0000000000000000000000000000000000000
:1030D00000000000000000000000000000000000F0
:1030E00000000000000000000000000000000000E0
:1030F00000000000000000000000000000000000D0
:1031000000000000000000000000000000000000BF
:1031100000000000000000000000000000000000AF
:10312000000000000000000000000000000000009F
:10313000000000000000000000000000000000008F
:10314000000000000000000000000000000000007F
:10315000000000000000000000000000000000006F
:10316000000000000000000000000000000000005F
:10317000000000000000000000000000000000004F
:10318000000000000000000000000000000000003F
:10319000000000000000000000000000000000002F
:1031A000000000000000000000000000000000001F
:1031B000000000000000000000000000000000000F
:1031C00000000000000000000000000000000000FF
:1031D00000000000000000000000000000000000EF
:1031E00000000000000000000000000000000000DF
:1031F00000000000000000000000000000000000CF
:1032000000000000000000000000000000000000BE
:1032100000000000000000000000000000000000AE
:10322000000000000000000000000000000000009E
:10323000000000000000000000000000000000008E
:10324000000000000000000000000000000000007E
:10325000000000000000000000000000000000006E
:10326000000000000000000000000000000000005E
:10327000000000000000000000000000000000004E
:10328000000000000000000000000000000000003E
:10329000000000000000000000000000000000002E
:1032A000000000000000000000000000000000001E
:1032B000000000000000000000000000000000000E
:1032C00000000000000000000000000000000000FE
:1032D00000000000000000000000000000000000EE
:1032E00000000000000000000000000000000000DE
:1032F00000000000000000000000000000000000CE
:1033000000000000000000000000000000000000BD
:1033100000000000000000000000000000000000AD
:10332000000000000000000000000000000000009D
:10333000000000000000000000000000000000008D
:10334000000000000000000000000000000000007D
:10335000000000000000000000000000000000006D
:10336000000000000000000000000000000000005D
:10337000000000000000000000000000000000004D
:10338000000000000000000000000000000000003D
:10339000000000000000000000000000000000002D
:1033A000000000000000000000000000000000001D
:1033B000000000000000000000000000000000000D
:1033C00000000000000000000000000000000000FD
:1033D00000000000000000000000000000000000ED
:1033E00000000000000000000000000000000000DD
:1033F00000000000000000000000000000000000CD
:1034000000000000000000000000000000000000BC
:1034100000000000000000000000000000000000AC
:10342000000000000000000000000000000000009C
:10343000000000000000000000000000000000008C
:10344000000000000000000000000000000000007C
:10345000000000000000000000000000000000006C
:10346000000000000000000000000000000000005C
:10347000000000000000000000000000000000004C
:10348000000000000000000000000000000000003C
:10349000000000000000000000000000000000002C
:1034A000000000000000000000000000000000001C
:1034B000000000000000000000000000000000000C
:1034C00000000000000000000000000000000000FC
:1034D00000000000000000000000000000000000EC
:1034E00000000000000000000000000000000000DC
:1034F00000000000000000000000000000000000CC
:1035000000000000000000000000000000000000BB
:1035100000000000000000000000000000000000AB
:10352000000000000000000000000000000000009B
:10353000000000000000000000000000000000008B
:10354000000000000000000000000000000000007B
:10355000000000000000000000000000000000006B
:10356000000000000000000000000000000000005B
:10357000000000000000000000000000000000004B
:10358000000000000000000000000000000000003B
:10359000000000000000000000000000000000002B
:1035A000000000000000000000000000000000001B
:1035B000000000000000000000000000000000000B
:1035C00000000000000000000000000000000000FB
:1035D00000000000000000000000000000000000EB
:1035E00000000000000000000000000000000000DB
:1035F00000000000000000000000000000000000CB
:1036000000000000000000000000000000000000BA
:1036100000000000000000000000000000000000AA
:10362000000000000000000000000000000000009A
:10363000000000000000000000000000000000008A
:10364000000000000000000000000000000000007A
:10365000000000000000000000000000000000006A
:10366000000000000000000000000000000000005A
:10367000000000000000000000000000000000004A
:10368000000000000000000000000000000000003A
:10369000000000000000000000000000000000002A
:1036A000000000000000000000000000000000001A
:1036B000000000000000000000000000000000000A
:1036C00000000000000000000000000000000000FA
:1036D00000000000000000000000000000000000EA
:1036E00000000000000000000000000000000000DA
:1036F00000000000000000000000000000000000CA
:1037000000000000000000000000000000000000B9
:1037100000000000000000000000000000000000A9
:103720000000000000000000000000000000000099
:103730000000000000000000000000000000000089
:103740000000000000000000000000000000000079
:103750000000000000000000000000000000000069
:103760000000000000000000000000000000000059
:103770000000000000000000000000000000000049
:103780000000000000000000000000000000000039
:103790000000000000000000000000000000000029
:1037A0000000000000000000000000000000000019
:1037B0000000000000000000000000000000000009
:1037C00000000000000000000000000000000000F9
:1037D00000000000000000000000000000000000E9
:1037E00000000000000000000000000000000000D9
:1037F00000000000000000000000000000000000C9
:1038000000000000000000000000000000000000B8
:1038100000000000000000000000000000000000A8
:103820000000000000000000000000000000000098
:103830000000000000000000000000000000000088
:103840000000000000000000000000000000000078
:103850000000000000000000000000000000000068
:103860000000000000000000000000000000000058
:103870000000000000000000000000000000000048
:103880000000000000000000000000000000000038
:103890000000000000000000000000000000000028
:1038A0000000000000000000000000000000000018
:1038B0000000000000000000000000000000000008
:1038C00000000000000000000000000000000000F8
:1038D00000000000000000000000000000000000E8
:1038E00000000000000000000000000000000000D8
:1038F00000000000000000000000000000000000C8
:1039000000000000000000000000000000000000B7
:1039100000000000000000000000000000000000A7
:103920000000000000000000000000000000000097
:103930000000000000000000000000000000000087
:103940000000000000000000000000000000000077
:103950000000000000000000000000000000000067
:103960000000000000000000000000000000000057
:103970000000000000000000000000000000000047
:103980000000000000000000000000000000000037
:103990000000000000000000000000000000000027
:1039A0000000000000000000000000000000000017
:1039B0000000000000000000000000000000000007
:1039C00000000000000000000000000000000000F7
:1039D00000000000000000000000000000000000E7
:1039E00000000000000000000000000000000000D7
:1039F00000000000000000000000000000000000C7
:103A000000000000000000000000000000000000B6
:103A100000000000000000000000000000000000A6
:103A20000000000000000000000000000000000096
:103A30000000000000000000000000000000000086
:103A40000000000000000000000000000000000076
:103A50000000000000000000000000000000000066
:103A60000000000000000000000000000000000056
:103A70000000000000000000000000000000000046
:103A80000000000000000000000000000000000036
:103A90000000000000000000000000000000000026
:103AA0000000000000000000000000000000000016
:103AB0000000000000000000000000000000000006
:103AC00000000000000000000000000000000000F6
:103AD00000000000000000000000000000000000E6
:103AE00000000000000000000000000000000000D6
:103AF00000000000000000000000000000000000C6
:103B000000000000000000000000000000000000B5
:103B100000000000000000000000000000000000A5
:103B20000000000000000000000000000000000095
:103B30000000000000000000000000000000000085
:103B40000000000000000000000000000000000075
:103B50000000000000000000000000000000000065
:103B60000000000000000000000000000000000055
:103B70000000000000000000000000000000000045
:103B80000000000000000000000000000000000035
:103B90000000000000000000000000000000000025
:103BA0000000000000000000000000000000000015
:103BB0000000000000000000000000000000000005
:103BC00000000000000000000000000000000000F5
:103BD00000000000000000000000000000000000E5
:103BE00000000000000000000000000000000000D5
:103BF00000000000000000000000000000000000C5
:103C000000000000000000000000000000000000B4
:103C100000000000000000000000000000000000A4
:103C20000000000000000000000000000000000094
:103C30000000000000000000000000000000000084
:103C40000000000000000000000000000000000074
:103C50000000000000000000000000000000000064
:103C60000000000000000000000000000000000054
:103C70000000000000000000000000000000000044
:103C80000000000000000000000000000000000034
:103C90000000000000000000000000000000000024
:103CA0000000000000000000000000000000000014
:103CB0000000000000000000000000000000000004
:103CC00000000000000000000000000000000000F4
:103CD00000000000000000000000000000000000E4
:103CE00000000000000000000000000000000000D4
:103CF00000000000000000000000000000000000C4
:103D000000000000000000000000000000000000B3
:103D100000000000000000000000000000000000A3
:103D20000000000000000000000000000000000093
:103D30000000000000000000000000000000000083
:103D40000000000000000000000000000000000073
:103D50000000000000000000000000000000000063
:103D60000000000000000000000000000000000053
:103D70000000000000000000000000000000000043
:103D80000000000000000000000000000000000033
:103D90000000000000000000000000000000000023
:103DA0000000000000000000000000000000000013
:103DB0000000000000000000000000000000000003
:103DC00000000000000000000000000000000000F3
:103DD00000000000000000000000000000000000E3
:103DE00000000000000000000000000000000000D3
:103DF00000000000000000000000000000000000C3
:103E000000000000000000000000000000000000B2
:103E100000000000000000000000000000000000A2
:103E20000000000000000000000000000000000092
:103E30000000000000000000000000000000000082
:103E40000000000000000000000000000000000072
:103E50000000000000000000000000000000000062
:103E60000000000000000000000000000000000052
:103E70000000000000000000000000000000000042
:103E80000000000000000000000000000000000032
:103E90000000000000000000000000000000000022
:103EA0000000000000000000000000000000000012
:103EB0000000000000000000000000000000000002
:103EC00000000000000000000000000000000000F2
:103ED00000000000000000000000000000000000E2
:103EE00000000000000000000000000000000000D2
:103EF00000000000000000000000000000000000C2
:103F000000000000000000000000000000000000B1
:103F100000000000000000000000000000000000A1
:103F20000000000000000000000000000000000091
:103F30000000000000000000000000000000000081
:103F40000000000000000000000000000000000071
:103F50000000000000000000000000000000000061
:103F60000000000000000000000000000000000051
:103F70000000000000000000000000000000000041
:103F80000000000000000000000000000000000031
:103F90000000000000000000000000000000000021
:103FA0000000000000000000000000000000000011
:103FB0000000000000000000000000000000000001
:103FC00000000000000000000000000000000000F1
:103FD00000000000000000000000000000000000E1
:103FE00000000000000000000000000000000000D1
:103FF00000000000000000000000000000000000C1
:1040000000000000000000000000000000000000B0
:1040100000000000000000000000000000000000A0
:104020000000000000000000000000000000000090
:104030000000000000000000000000000000000080
:104040000000000000000000000000000000000070
:104050000000000000000000000000000000000060
:104060000000000000000000000000000000000050
:104070000000000000000000000000000000000040
:104080000000000000000000000000000000000030
:104090000000000000000000000000000000000020
:1040A0000000000000000000000000000000000010
:1040B0000000000000000000000000000000000000
:1040C00000000000000000000000000000000000F0
:1040D00000000000000000000000000000000000E0
:1040E00000000000000000000000000000000000D0
:1040F00000000000000000000000000000000000C0
:1041000000000000000000000000000000000000AF
:10411000000000000000000000000000000000009F
:10412000000000000000000000000000000000008F
:10413000000000000000000000000000000000007F
:10414000000000000000000000000000000000006F
:10415000000000000000000000000000000000005F
:10416000000000000000000000000000000000004F
:10417000000000000000000000000000000000003F
:10418000000000000000000000000000000000002F
:10419000000000000000000000000000000000001F
:1041A000000000000000000000000000000000000F
:1041B00000000000000000000000000000000000FF
:1041C00000000000000000000000000000000000EF
:1041D00000000000000000000000000000000000DF
:1041E00000000000000000000000000000000000CF
:1041F00000000000000000000000000000000000BF
:1042000000000000000000000000000000000000AE
:10421000000000000000000000000000000000009E
:10422000000000000000000000000000000000008E
:10423000000000000000000000000000000000007E
:10424000000000000000000000000000000000006E
:10425000000000000000000000000000000000005E
:10426000000000000000000000000000000000004E
:10427000000000000000000000000000000000003E
:10428000000000000000000000000000000000002E
:10429000000000000000000000000000000000001E
:1042A000000000000000000000000000000000000E
:1042B00000000000000000000000000000000000FE
:1042C00000000000000000000000000000000000EE
:1042D00000000000000000000000000000000000DE
:1042E00000000000000000000000000000000000CE
:1042F00000000000000000000000000000000000BE
:1043000000000000000000000000000000000000AD
:10431000000000000000000000000000000000009D
:10432000000000000000000000000000000000008D
:10433000000000000000000000000000000000007D
:10434000000000000000000000000000000000006D
:10435000000000000000000000000000000000005D
:10436000000000000000000000000000000000004D
:10437000000000000000000000000000000000003D
:10438000000000000000000000000000000000002D
:10439000000000000000000000000000000000001D
:1043A000000000000000000000000000000000000D
:1043B00000000000000000000000000000000000FD
:1043C00000000000000000000000000000000000ED
:1043D00000000000000000000000000000000000DD
:1043E00000000000000000000000000000000000CD
:1043F00000000000000000000000000000000000BD
:1044000000000000000000000000000000000000AC
:10441000000000000000000000000000000000009C
:10442000000000000000000000000000000000008C
:10443000000000000000000000000000000000007C
:10444000000000000000000000000000000000006C
:10445000000000000000000000000000000000005C
:10446000000000000000000000000000000000004C
:10447000000000000000000000000000000000003C
:10448000000000000000000000000000000000002C
:10449000000000000000000000000000000000001C
:1044A000000000000000000000000000000000000C
:1044B00000000000000000000000000000000000FC
:1044C00000000000000000000000000000000000EC
:1044D00000000000000000000000000000000000DC
:1044E00000000000000000000000000000000000CC
:1044F00000000000000000000000000000000000BC
:1045000000000000000000000000000000000000AB
:10451000000000000000000000000000000000009B
:10452000000000000000000000000000000000008B
:10453000000000000000000000000000000000007B
:10454000000000000000000000000000000000006B
:0400000508002E5170
:00000001FF
