:020000040800F2
:1000000000000220512E0008812B0008892B0008D7
:10001000912B0008992B0008A12B0008000000007C
:10002000000000000000000000000000D1F70108FF
:10003000A92B000800000000C1FA010829FB0108F3
:10004000A12E0008A12E0008A12E0008A12E000854
:10005000A12E0008A12E0008A12E0008A12E000844
:10006000B72B0008A12E0008A12E0008C52B000800
:10007000A12E0008A12E0008A12E0008A12E000824
:10008000D92B0008A12E0008A12E0008A12E0008DF
:10009000A12E0008A12E0008A12E0008A12E000804
:1000A000A12E0008A12E0008A12E0008A12E0008F4
:1000B000A12E0008A12E0008A12E0008A12E0008E4
:1000C000A12E0008A12E0008A12E0008A12E0008D4
:1000D000A12E0008A12E0008A12E0008ED2B00087B
:1000E000A12E0008012C0008A12E0008A12E000856
:1000F000A12E0008A12E0008A12E0008A12E0008A4
:10010000A12E0008152C0008A12E0008292C00089B
:100110003D2C0008A12E0008A12E0008512C00083B
:10012000A12E0008A12E0008A12E0008652C0008B1
:10013000A12E0008A12E0008A12E0008A12E000863
:10014000A12E0008A12E0008A12E0008A12E000853
:10015000A12E0008792C0008A12E00088D2C000883
:10016000A12E0008A12E0008A12E0008A12E000833
:10017000A12E0008A12E0008A12E000800000000FA
:08018000A12E0008A12E0008C9
:1001900010B5054C237833B9044B13B10448AFF3C1
:1001A00000800123237010BDF00400200000000037
:1001B000F8B8020808B5034B1BB103490348AFF375
:1001C000008008BD00000000F4040020F8B8020818
:1001D00010F8012B11F8013B012A28BF9A42F7D0F1
:1001E000D01A7047034613F8012B002AFBD1181AC6
:1001F000013870470000000000000000000000000F
:1002000001F0FF01102A2BDB10F0070F08D010F8C7
:10021000013B013A8B422DD010F0070F42B3F6D1CB
:10022000F0B441EA012141EA014122F007047FF0E4
:1002300000070023F0E80256083C85EA010586EA3B
:10024000010685FA47F5A3FA87F586FA47F6A5FA77
:1002500087F68EB9EED1F0BC01F0FF0102F0070283
:1002600032B110F8013B013A83EA010313B1F8D12E
:100270000020704701387047002D06BF354603380F
:10028000073815F0010F07D1013015F4807F02BF48
:10029000013015F4C03F0130F0BC0138704700BF99
:1002A00081F0004102E000BF83F0004330B54FEA27
:1002B00041044FEA430594EA050F08BF90EA020F94
:1002C0001FBF54EA000C55EA020C7FEA645C7FEA27
:1002D000655C00F0E2804FEA5454D4EB5555B8BF4A
:1002E0006D420CDD2C4480EA020281EA030382EABB
:1002F000000083EA010180EA020281EA0303362D4D
:1003000088BF30BD11F0004F4FEA01314FF4801C1F
:100310004CEA113102D0404261EB410113F0004F31
:100320004FEA03334CEA133302D0524263EB4303E8
:1003300094EA050F00F0A780A4F10104D5F1200E86
:100340000DDB02FA0EFC22FA05F2801841F10001E1
:1003500003FA0EF2801843FA05F359410EE0A5F1B5
:1003600020050EF1200E012A03FA0EFC28BF4CF0E6
:10037000020C43FA05F3C01851EBE37101F000459C
:1003800007D54FF0000EDCF1000C7EEB00006EEBA9
:100390000101B1F5801F1BD3B1F5001F0CD3490833
:1003A0005FEA30004FEA3C0C04F101044FEA44528A
:1003B00012F5800F80F09A80BCF1004F08BF5FEA11
:1003C000500C50F1000041EB045141EA050130BDF1
:1003D0005FEA4C0C404141EB0101013C28BFB1F503
:1003E000801FE9D291F0000F04BF01460020B1FA4E
:1003F00081F308BF2033A3F10B03B3F120020CDA21
:100400000C3208DD02F1140CC2F10C0201FA0CF0FE
:1004100021FA02F10CE002F11402D8BFC2F1200C63
:1004200001FA02F120FA0CFCDCBF41EA0C01904019
:10043000E41AA2BF01EB0451294330BD6FEA040462
:100440001F3C1CDA0C340EDC04F11404C4F120024D
:1004500020FA04F001FA02F340EA030021FA04F35F
:1004600045EA030130BDC4F10C04C4F1200220FAB6
:1004700002F001FA04F340EA0300294630BD21FAF4
:1004800004F0294630BD94F0000F83F4801306BFBA
:1004900081F480110134013D4EE77FEA645C18BFAE
:1004A0007FEA655C29D094EA050F08BF90EA020F45
:1004B00005D054EA000C04BF1946104630BD91EA3D
:1004C000030F1EBF0021002030BD5FEA545C05D140
:1004D0004000494128BF41F0004130BD14F580047F
:1004E0003CBF01F5801130BD01F0004545F0FE41F3
:1004F00041F470014FF0000030BD7FEA645C1ABF28
:10050000194610467FEA655C1CBF0B46024650EA5E
:10051000013406BF52EA033591EA030F41F400218A
:1005200030BD00BF90F0000F04BF0021704730B510
:100530004FF4806404F132044FF000054FF00001E5
:1005400050E700BF90F0000F04BF0021704730B5A6
:100550004FF4806404F1320410F0004548BF40427B
:100560004FF000013EE700BF42004FEAE2014FEAD0
:1005700031014FEA02701FBF12F07F4393F07F4FAB
:1005800081F06051704732F07F4208BF704793F0AE
:100590007F4F04BF41F40021704730B54FF46074C1
:1005A00001F0004521F000411CE700BF50EA0102C4
:1005B00008BF704730B54FF000050AE050EA01026D
:1005C00008BF704730B511F0004502D5404261EBDD
:1005D00041014FF4806404F132045FEA915C3FF41E
:1005E000D8AE4FF003025FEADC0C18BF03325FEABB
:1005F000DC0C18BF033202EBDC02C2F1200300FA6C
:1006000003FC20FA02F001FA03FE40EA0E0021FA90
:1006100002F11444BDE600BF70B54FF0FF0C4CF47E
:10062000E06C1CEA11541DBF1CEA135594EA0C0F30
:1006300095EA0C0F00F0DEF82C4481EA030621EA6B
:100640004C5123EA4C5350EA013518BF52EA0335A6
:1006500041F4801143F4801338D0A0FB02CE4FF058
:100660000005E1FB02E506F00042E0FB03E54FF088
:100670000006E1FB03569CF0000F18BF4EF0010E80
:10068000A4F1FF04B6F5007F64F5407404D25FEA7C
:100690004E0E6D4146EB060642EAC62141EA55512F
:1006A0004FEAC52040EA5E504FEACE2EB4F1FD0C71
:1006B00088BFBCF5E06F1ED8BEF1004F08BF5FEAEF
:1006C000500E50F1000041EB045170BD06F00046A1
:1006D00046EA010140EA020081EA0301B4EB5C044E
:1006E000C2BFD4EB0C0541EA045170BD41F4801146
:1006F0004FF0000E013C00F3AB8014F1360FDEBF6B
:10070000002001F0004170BDC4F10004203C35DA46
:100710000C341BDC04F11404C4F1200500FA05F3C9
:1007200020FA04F001FA05F240EA020001F000426A
:1007300021F0004110EBD37021FA04F642EB0601E0
:100740005EEA430E08BF20EAD37070BDC4F10C040A
:10075000C4F1200500FA04F320FA05F001FA04F2CE
:1007600040EA020001F0004110EBD37041F10001BA
:100770005EEA430E08BF20EAD37070BDC4F12005C5
:1007800000FA05F24EEA020E20FA04F301FA05F22D
:1007900043EA020321FA04F001F0004121FA04F2D5
:1007A00020EA020000EBD3705EEA430E08BF20EAA5
:1007B000D37070BD94F0000F0FD101F000464000DF
:1007C00041EB010111F4801F08BF013CF7D041EA61
:1007D000060195F0000F18BF704703F00046520065
:1007E00043EB030313F4801F08BF013DF7D043EA36
:1007F0000603704794EA0C0F0CEA135518BF95EAEC
:100800000C0F0CD050EA410618BF52EA4306D1D172
:1008100081EA030101F000414FF0000070BD50EA91
:10082000410606BF1046194652EA430619D094EA1B
:100830000C0F02D150EA013613D195EA0C0F05D105
:1008400052EA03361CBF104619460AD181EA030159
:1008500001F0004141F0FE4141F470014FF0000011
:1008600070BD41F0FE4141F4780170BD70B54FF0AC
:10087000FF0C4CF4E06C1CEA11541DBF1CEA13552C
:1008800094EA0C0F95EA0C0F00F0A7F8A4EB05040E
:1008900081EA030E52EA03354FEA013100F0888005
:1008A0004FEA03334FF0805545EA131343EA1263CE
:1008B0004FEA022245EA111545EA10654FEA002683
:1008C0000EF000419D4208BF964244F1FD0404F53C
:1008D000407402D25B084FEA3202B61A65EB030598
:1008E0005B084FEA32024FF480104FF4002CB6EB55
:1008F000020E75EB030E22BFB61A754640EA0C00D5
:100900005B084FEA3202B6EB020E75EB030E22BF14
:10091000B61A754640EA5C005B084FEA3202B6EB55
:10092000020E75EB030E22BFB61A754640EA9C0014
:100930005B084FEA3202B6EB020E75EB030E22BFE4
:10094000B61A754640EADC0055EA060E18D04FEAA2
:10095000051545EA16754FEA06164FEAC30343EA42
:1009600052734FEAC2025FEA1C1CC0D111F4801F0F
:100970000BD141EA00014FF000004FF0004CB6E708
:1009800011F4801F04BF01430020B4F1FD0C88BFA7
:10099000BCF5E06F3FF6AFAEB5EB030C04BFB6EBB2
:1009A000020C5FEA500C50F1000041EB045170BDA5
:1009B0000EF0004E4EEA113114EB5C04C2BFD4EBD2
:1009C0000C0541EA045170BD41F480114FF0000E56
:1009D000013C90E645EA060E8DE60CEA135594EAD2
:1009E0000C0F08BF95EA0C0F3FF43BAF94EA0C0FD5
:1009F0000AD150EA01347FF434AF95EA0C0F7FF44A
:100A000025AF104619462CE795EA0C0F06D152EA9D
:100A100003353FF4FDAE1046194622E750EA410681
:100A200018BF52EA43067FF4C5AE50EA41047FF492
:100A30000DAF52EA43057FF4EBAE12E74FF0FF3CF7
:100A400006E000BF4FF0010C02E000BF4FF0010CC8
:100A50004DF804CD4FEA410C7FEA6C5C4FEA430C41
:100A600018BF7FEA6C5C1BD001B050EA410C0CBF90
:100A700052EA430C91EA030F02BF90EA020F0020F2
:100A8000704710F1000F91EA030F58BF994208BF59
:100A900090422CBFD8176FEAE37040F00100704716
:100AA0004FEA410C7FEA6C5C02D150EA013C07D16D
:100AB0004FEA430C7FEA6C5CD6D152EA033CD3D0B8
:100AC0005DF8040B704700BF8446104662468C46B2
:100AD0001946634600E000BF01B5FFF7B7FF0028E5
:100AE00048BF10F1000F01BD4DF808EDFFF7F4FF0E
:100AF0000CBF012000205DF808FB00BF4DF808ED99
:100B0000FFF7EAFF34BF012000205DF808FB00BFBB
:100B10004DF808EDFFF7E0FF94BF012000205DF8DD
:100B200008FB00BF4DF808EDFFF7CEFF94BF012092
:100B300000205DF808FB00BF4DF808EDFFF7C4FF8B
:100B400034BF012000205DF808FB00BF4FEA410CD4
:100B50007FEA6C5C02D150EA013C0AD14FEA430CB7
:100B60007FEA6C5C02D152EA033C02D14FF00000F4
:100B700070474FF0010070474FEA410212F5001232
:100B800015D211D56FF47873B3EB625212D94FEAD4
:100B9000C12343F0004343EA505311F0004F23FABE
:100BA00002F018BF404270474FF00000704750EA13
:100BB000013005D111F0004008BF6FF000407047D0
:100BC0004FF00000704700BF4A0011D212F500122A
:100BD00011D20DD56FF47873B3EB62520ED44FEA95
:100BE000C12343F0004343EA505323FA02F0704715
:100BF0004FF00000704750EA013002D14FF0FF3053
:100C000070474FF0000070474FEA4102B2F1E043F5
:100C100024BFB3F5001CDCF1FE5C0DD901F0004CE3
:100C20004FEAC0024CEA5070B2F1004F40EB830033
:100C300008BF20F00100704711F0804F21D113F15F
:100C40003872BCBF01F00040704741F480114FEA98
:100C50005252C2F11802C2F1200C10FA0CF320FA21
:100C600002F018BF40F001004FEAC1234FEAD3233E
:100C700003FA0CFC40EA0C0023FA02F34FEA4303A8
:100C8000CCE77FEA625307D150EA01331EBF4FF031
:100C9000FE4040F44000704701F0004040F0FE404C
:100CA00040F40000704700BF7BB972B90029BEBF95
:100CB00000204FF0004106E008BF00281CBF6FF085
:100CC00000414FF0FF3000F0EBB9ADF1080C6DE9D9
:100CD00004CE002909DB002B1ADB00F083F8DDF8D5
:100CE00004E0DDE9022304B07047404261EB4101BA
:100CF000002B1BDB00F076F8DDF804E0DDE90223D1
:100D000004B0404261EB4101524263EB4303704740
:100D1000524263EB430300F065F8DDF804E0DDE9DF
:100D2000022304B0404261EB41017047524263EB41
:100D3000430300F057F8DDF804E0DDE9022304B0D6
:100D4000524263EB4303704753B94AB9002908BFC5
:100D500000281CBF4FF0FF314FF0FF3000F0A0B96A
:100D6000ADF1080C6DE904CE00F03CF8DDF804E0CC
:100D7000DDE9022304B0704738B5002200230446A1
:100D80000D46FFF7BBFE28B920462946BDE838408E
:100D900000F00AB8204605F1004100F005F8404295
:100DA00061EB410138BD00BFD0B50C4B00220646B7
:100DB0000F46FFF731FCFFF707FF0446FFF7B2FBD2
:100DC000074B0022FFF728FC02460B463046394607
:100DD000FFF76AFAFFF7F8FE2146D0BD0000F03DAC
:100DE0000000F0412DE9F047089D0C46002B4ED144
:100DF00094468C458646B2FA82F262D94AB1C2F173
:100E00002003914020FA03F30CFA02FC194300FA84
:100E100002FE4FEA1C471FFA8CF6B1FBF7F44FEACB
:100E20001E4307FB141143EA014304FB06F19942F8
:100E30000AD91CEB030304F1FF3080F012819942C0
:100E400040F20F81023C6344591A1FFA8EF3B1FB42
:100E5000F7F007FB101143EA014300FB06F69E4240
:100E60000AD91CEB030300F1FF3180F0FC809E42A5
:100E700040F2F980634402389B1B40EA04400021A1
:100E80001DB1D3400022C5E90032BDE8F0878B4296
:100E900005D90DB1C5E9000100210846F5E7B3FA0F
:100EA00083F1002946D1A34202D39042C0F0F080E2
:100EB000861A64EB03030120002DE6D0C5E9006328
:100EC000E3E7002A40F09080A1EB0C044FEA1C48B5
:100ED0001FFA8CF70121B4FBF8F64FEA1E4308FB1A
:100EE000164443EA044307FB06F0984208D91CEB7A
:100EF000030306F1FF3402D2984200F2CD80264669
:100F00001C1A1FFA8EF3B4FBF8F008FB104443EAF6
:100F1000044300FB07F79F4208D91CEB030300F1D1
:100F2000FF3402D29F4200F2B0802046DB1B40EA31
:100F30000640A5E7C1F120068B4022FA06F71F43C1
:100F400020FA06FC04FA01F343EA0C03F44000FA29
:100F500001F8380C4FEA1349B4FBF0FE1FFA87FC86
:100F600000FB1E4449EA04440EFB0CF9A14502FAB9
:100F700001F20AD93C190EF1FF3A80F08480A145B4
:100F800040F28180AEF1020E3C44A4EB09041FFA4A
:100F900083F9B4FBF0F300FB134449EA044403FB78
:100FA0000CFCA44507D93C1903F1FF3067D2A445D6
:100FB00065D9023B3C4443EA0E40A0FB0293A4EBFC
:100FC0000C049C42CE469C4651D34ED055B1B8EB52
:100FD0000E0364EB0C0404FA06F6CB401E43CC402F
:100FE000C5E90064002150E7C2F1200320FA03F1B3
:100FF0000CFA02FC24FA03F394400C434FEA1C4819
:1010000000FA02FE1FFA8CF7B3FBF8F008FB103170
:10101000230C43EA014300FB07F1994208D91CEB7A
:10102000030300F1FF362CD299422AD902386344D7
:101030005B1AA4B2B3FBF8F108FB113344EA034492
:1010400001FB07F3A34208D91CEB040401F1FF36AE
:1010500013D2A34211D902396444E41A41EA00418F
:1010600039E70446F0E6084606E7C845AED2B9EBD4
:10107000020E63EB070C0138A8E73146EDE70346A3
:1010800099E73046D4E7D6467FE7634402384DE718
:101090000646234608460FE7023E634430E700BF9A
:1010A000704700BF84B080B584B000AF07F1180C62
:1010B0008CE80F00124B1B7E012B19D13B46CE2230
:1010C000194607F1180002F0B5FF7B78F02B0FD11D
:1010D000BB78052B0CD13B460333184609F026FAA2
:1010E0003B7A012B0CBF01230023DAB2054B1A70A7
:1010F00000BF1037BD46BDE8804004B0704700BF58
:10110000781600207502002080B584B004AF11F07D
:1011100091FE00F081F900F03BFC00F0F3FB00F0E1
:101120001BFD00F0F7F900F023FA00F04FFA00F091
:1011300011FB00F031FB00F065FB00F0B9FB1AF089
:1011400075FD00F071FA00F087FB00F0CFF902F0B6
:1011500079FE034601221946754818F0D4FF02F0C3
:1011600067FE034601221946724818F0CCFF41F28F
:10117000883000F0CDFD08F0ADFB6F4B1B7883F09D
:101180000103DBB2002B03D00021002002F0F2FDAE
:1011900000F080FF06F0F4FE684B1B7842F6D07238
:1011A0001946674827F045F864220021654827F072
:1011B00040F864220021644827F03BF8634B029317
:1011C000634B01930323009300234FF44072614962
:1011D00061481CF01AF90346604A1360604B0293A1
:1011E000604B01930323009300234FF440725E4948
:1011F0005E481CF00AF903465D4A13605D4B02939A
:101200005D4B01930323009300234FF440725B492D
:101210005B481CF0FAF803465A4A13605A4B029393
:101220005A4B01930323009300234FF4A0625849C3
:1012300058481CF0EAF80346574A1360574B02938C
:10124000574B01930323009300234FF4A0625549A9
:1012500055481CF0DAF80346544A1360544B029385
:10126000544B01930323009300234FF440725249DF
:1012700052481CF0CAF80346514A1360514B01937F
:101280000123009300234FF4A0624F494F481CF004
:1012900020F94F4B019302230093002340F6B842FC
:1012A0004C494D481CF015F94C4B01930223009317
:1012B00000234FF410624A494A481CF00AF94A4B8D
:1012C00001930223009300234FF4007247494848DA
:1012D0001CF0FFF8474B01930223009300234FF4C7
:1012E0004072454945481CF0F4F8454B01930223F0
:1012F000009300234FF40072424943481CF0E9F880
:10130000424B01930123009300234FF4A062404914
:1013100040481CF0DEF805F0E9F8244B1B6818463D
:1013200008F024FB08F094FF1CF0C6FA00BFFDE7AC
:10133000D40800208C080020750200208A020020BA
:10134000007D006448170020AC170020A01000109A
:10135000A004001010B9020825AF00087022002078
:10136000401D00104011001018B90208118C00082F
:10137000C8190020E0290010E01D001024B902085F
:10138000295900089C160020803E0010802A001079
:1013900030B9020839EC0008F82900202053001069
:1013A000203F001038B9020835DE0008A0220020D6
:1013B000C05F0010C053001040B90208CD9700086C
:1013C000301C0020C01C00204CB90208ED9C000815
:1013D000B41C002054B90208259B0008B81C00204A
:1013E0005CB902088D9900083422002064B9020813
:1013F0006DA800083822002068B902083DAA00083C
:10140000302200206CB902085DA60008BC1C002038
:1014100074B90208055B000880B594B000AF07F10D
:10142000200330220021184626F003FF07F10C03A9
:1014300000221A605A609A60DA601A610023BB6069
:10144000284B1B6C274A43F080531364254B1B6CBD
:1014500003F08053BB60BB6800237B60224B1B689A
:10146000214A43F4804313601F4B1B6803F48043FD
:101470007B607B680A233B620123FB6210233B6392
:1014800001237B630223BB630023FB6308233B64CC
:1014900054237B640223BB640423FB6407F1200311
:1014A000184614F02BFD0346002B01D000F060FE1F
:1014B0000F23FB6002233B6180237B610023BB6120
:1014C0000023FB6107F10C030121184614F08EFF85
:1014D0000346002B01D000F04BFE00BF5037BD4645
:1014E00080BD00BF003802400070004080B500AFF2
:1014F000064B074A1A60054811F0E6FD0346002B2B
:1015000001D000F035FE00BF80BD00BF0C050020FB
:101510000030024080B500AF124B134A1A60114BE5
:10152000124A5A600F4B00229A600E4B0022DA607A
:101530000C4B4FF480421A610A4B00225A61094B4E
:1015400000229A61074B0022DA61064B00221A62E0
:10155000044813F02FF80346002B01D000F008FEDA
:1015600000BF80BD1405002000540040A08601008B
:1015700080B500AF124B134A1A60114B124A5A60E1
:101580000F4B00229A600E4B0022DA600C4B4FF496
:1015900080421A610A4B00225A61094B00229A616B
:1015A000074B0022DA61064B00221A62044813F04E
:1015B00001F80346002B01D000F0DAFD00BF80BD2A
:1015C0006805002000580040A086010080B500AFEB
:1015D000124B134A1A60114B124A5A600F4B0022E9
:1015E0009A600E4B0022DA600C4B4FF480421A6175
:1015F0000A4B00225A61094B00229A61074B0022D4
:10160000DA61064B00221A62044812F0D3FF034647
:10161000002B01D000F0ACFD00BF80BDBC05002058
:10162000005C0040A086010080B590B000AF07F1DB
:101630002C0300221A605A609A60DA601A61002353
:10164000BB623B4628220021184626F0F2FD3F4BA4
:101650003F4A1A603D4B00225A603C4B7F229A6001
:101660003A4BFF22DA60394B00221A61374B0022D5
:101670005A61364B00229A61344815F0ABF90346A3
:10168000002B01D000F074FD002387F82C300023DC
:1016900087F82D30002387F82E300023BB6300230A
:1016A000FB6307F12C0301221946284815F015FAAF
:1016B0000346002B01D000F05BFD022387F82830A1
:1016C000042387F82930282387F82A30252387F830
:1016D0002B3007F12803012219461C4815F0F5FAB2
:1016E0000346002B01D000F043FD00233B70012393
:1016F0007B700023BB7000237B600023FB60002312
:101700003B614FF000437B610023BB610023FB6121
:10171000012387F820304FF480737B623B4601221F
:1017200019460A4815F0A4FB0346002B01D000F02F
:101730001FFD00220521292011F08EFC292011F027
:10174000A7FC00BF4037BD4680BD00BF100600208B
:101750000028004080B400AF0D4B0E4A1A600C4BBD
:1017600000225A600A4B00229A60094B0022DA607C
:10177000074B00221A61064B4FF480425A61044B1A
:1017800004229A6100BFBD465DF8047B704700BF2C
:1017900030060020002C014080B500AF174B184ADE
:1017A0001A60164B4FF482725A60144B00229A60F2
:1017B000124B0022DA60114B00221A610F4B0022FB
:1017C0005A610E4B4FF400729A610C4B1022DA6191
:1017D0000A4B00221A62094B00225A62074B002270
:1017E0009A62064B0A22DA62044816F0FCFF0346AE
:1017F000002B01D000F0BCFC00BF80BD74070020AE
:10180000003C004080B500AF114B124A1A60104BEB
:101810004FF416525A600E4B00229A600C4B002275
:10182000DA600B4B00221A61094B0C225A61084BFB
:1018300000229A61064B0022DA61054818F088FB05
:101840000346002B01D000F093FC00BF80BD00BF19
:101850008C080020004C004080B500AF124B134AAA
:101860001A60114B4FF4E1325A600F4B4FF4805223
:101870009A600D4B0022DA600B4B4FF480621A61C4
:10188000094B0C225A61084B00229A61064B002238
:10189000DA61054818F05CFB0346002B01D000F02C
:1018A00067FC00BF80BD00BFD40800200048004096
:1018B00080B500AF114B124A1A60104B4FF4E13261
:1018C0005A600E4B00229A600C4B0022DA600B4BE0
:1018D00000221A61094B0C225A61084B00229A61BE
:1018E000064B0022DA61054818F032FB0346002B54
:1018F00001D000F03DFC00BF80BD00BF1C090020EE
:101900000014014080B582B000AF00237B601F4B04
:101910001B6B1E4A43F4800313631C4B1B6B03F4C5
:1019200080037B607B6800233B60184B1B6B174A6E
:1019300043F400131363154B1B6B03F400133B605C
:101940003B68002205210B2011F086FB0B2011F0D3
:101950009FFB00220521102011F07EFB102011F0CA
:1019600097FB002205213B2011F076FB3B2011F074
:101970008FFB00220521452011F06EFB452011F060
:1019800087FB00BF0837BD4680BD00BF003802405E
:1019900080B58EB000AF07F1240300221A605A60B0
:1019A0009A60DA601A6100233B62664B1B6B654AE2
:1019B00043F004031363634B1B6B03F004033B62AC
:1019C0003B6A0023FB615F4B1B6B5E4A43F02003C5
:1019D00013635C4B1B6B03F02003FB61FB6900236B
:1019E000BB61584B1B6B574A43F080031363554B45
:1019F0001B6B03F08003BB61BB6900237B61514B10
:101A00001B6B504A43F0010313634E4B1B6B03F0F7
:101A100001037B617B6900233B614A4B1B6B494A95
:101A200043F002031363474B1B6B03F002033B615C
:101A30003B690023FB60434B1B6B424A43F040036E
:101A40001363404B1B6B03F04003FB60FB680023F8
:101A5000BB603C4B1B6B3B4A43F010031363394B99
:101A60001B6B03F01003BB60BB6800237B60354B2E
:101A70001B6B344A43F008031363324B1B6B03F0B8
:101A800008037B607B68002242F230212E4812F06E
:101A900053FD00224FF440412C4812F04DFD42F21C
:101AA00030237B620123BB620023FB6200233B6384
:101AB00007F124031946244812F08EFA04237B62AE
:101AC0004FF48813BB620023FB6207F1240319461D
:101AD0001F4812F081FA4FF400737B624FF48813B1
:101AE000BB620023FB6207F124031946174812F07A
:101AF00073FA4FF480737B620023BB620023FB62A6
:101B000007F124031946134812F066FA4FF44043D4
:101B10007B620123BB620023FB6200233B6307F16E
:101B200024031946094812F057FA00220021082020
:101B300011F092FA082011F0ABFA00BF3837BD4619
:101B400080BD00BF0038024000080240001C024077
:101B5000000402400018024080B588B000AF3B1D71
:101B600000221A605A609A60DA601A615A619A61BA
:101B70004C4B4FF020421A604A4B4B4A5A60494B3B
:101B800000229A60474B0022DA60464B00221A611D
:101B9000444B10225A61434B00229A61414B002270
:101BA000DA61404B00221A623E4B00225A623D4BE2
:101BB0004FF480529A623B4B0022DA62394B00228A
:101BC0001A63384B00225A63364B00229A63354B16
:101BD00000225A640F237B600F23BB60FF23FB604E
:101BE0000F233B6110237B611123BB610023FB6149
:101BF0003B1D002219462B4817F0C0FE0346002B60
:101C000001D000F0B5FA294B4FF020421A60274B63
:101C1000254A5A60254B02229A60244B0022DA6042
:101C2000224B00221A61214B10225A611F4B0022C5
:101C30009A611E4B0022DA611C4B00221A621B4B78
:101C400000225A62194B4FF480529A62174B0022BD
:101C5000DA62164B00221A63144B00225A63134BAC
:101C600000229A63114B00225A640F237B600F23DA
:101C7000BB60FF23FB600F233B6110237B611123BB
:101C8000BB610023FB613B1D00221946074817F08A
:101C900075FE0346002B01D000F06AFA00BF203722
:101CA000BD4680BD64090020040100A0B4090020E5
:101CB00080B485B000AF78607B681B68064A9342A9
:101CC00003D17B685B6DFB6000BF00BF1437BD466E
:101CD0005DF8047B704700BF003C004080B582B0D7
:101CE00000AF1CF049FC0346012B09D0EFF305833C
:101CF0007B607B68002B03D11BF042FF034601E0B1
:101D0000024B1B6818460837BD4680BD082A0020D4
:101D10002DE9B04F86B000AF78601CF02DFC034673
:101D2000012B42D0EFF30583FB60FB68002B3CD115
:101D30007B6800229846914642464B464FF0000091
:101D40004FF00001590141EAD261500102460B46B1
:101D5000B2EB080463EB09054FF000024FF00003FB
:101D6000AB0043EA9473A20014461D4614EB080A24
:101D700045EB090B4FF000024FF000034FEACB0395
:101D800043EA5A734FEACA0292469B465046594666
:101D90004FF47A724FF00003FEF7D6FF02460B466F
:101DA000134618461BF0EAFC18E0FFF797FF38616E
:101DB0007B687B617B69B3F1FF3F05D00A4B1B78E1
:101DC0001A467B6913447B6100BFFFF787FF024619
:101DD0003B69D31A7A699A42F7D800BF00BF183717
:101DE000BD46BDE8B08F00BFA802002080B582B01C
:101DF00000AF00237B600B4B1B683A1D1146184651
:101E00001AF04CFE7B68002B07D0074B4FF0805236
:101E10001A60BFF34F8FBFF36F8F00BF0837BD4607
:101E200080BD00BFEC21002004ED00E080B582B051
:101E300000AF00237B600B4B1B683A1D1146184610
:101E40001AF02CFE7B68002B07D0074B4FF0805216
:101E50001A60BFF34F8FBFF36F8F00BF0837BD46C7
:101E600080BD00BFE821002004ED00E080B584B013
:101E700000AF78600023FB607B681B680C4A9342CC
:101E800012D10C4B1B6807F10C02114618461AF0D0
:101E900005FEFB68002B07D0074B4FF080521A60FD
:101EA000BFF34F8FBFF36F8F00BF1037BD4680BDAC
:101EB000003C0040F021002004ED00E090B589B026
:101EC00004AF78600023BB607B681B68604A934264
:101ED00037D101F0B7FF03461B78FB735D4B1B68DE
:101EE000002B14D05B4B186807F1080207F10F01B3
:101EF00000231AF01DFDBB68002B19D0564B4FF084
:101F000080521A60BFF34F8FBFF36F8F10E0FB7BDF
:101F10001946524801F0A0FF504BCE2203926C4666
:101F200003F1100207CA84E807000FCBFFF7BAF8E5
:101F300001F088FF034601221946494818F0E3F8EA
:101F400066E07B681B68474A934237D101F070FF17
:101F500003461B78FB73444B1B68002B14D0424B89
:101F6000186807F1080207F10F0100231AF0E0FCDE
:101F7000BB68002B19D0384B4FF080521A60BFF36A
:101F80004F8FBFF36F8F10E0FB7B1946334801F092
:101F900063FF324BAB2203926C4603F1100207CA77
:101FA00084E807000FCBFFF77DF801F041FF0346FF
:101FB000012219462D4818F0A6F829E07B681B6815
:101FC0002B4A934224D105F0FBFF03461B78FB7399
:101FD000284B1B68002B13D0264B186807F108020A
:101FE00007F10F0100231AF0A3FCBB68002B07D0F8
:101FF000194B4FF080521A60BFF34F8FBFF36F8FB2
:1020000005F0DEFF0346012219461B4818F07BF855
:102010001CF0B2FA0346012B16D0184B1B68002B9C
:1020200012D0164B1B6807F10802002118461CF05D
:1020300029FFBB68002B07D0074B4FF080521A6076
:10204000BFF34F8FBFF36F8F00BF1437BD4690BDF6
:1020500000480040341C002004ED00E07816002009
:10206000D4080020004C0040381C00208C080020C0
:10207000001401403C1C00201C090020F82900200D
:1020800080B483B000AF786000BF0C37BD465DF808
:10209000047B704780B400AF114B1B68104A23F4D7
:1020A000405313600E4B1B680D4A43F4805313607A
:1020B0000B4B5B680A4A23F040035360084B9B6854
:1020C000074A23F440539360054BDB68044A23F42A
:1020D0004053D36000BFBD465DF8047B704700BF2E
:1020E0000008024080B485B000AFF860B9607A6043
:1020F000FB68074A1A60BB68064A1A607B684FF49F
:1021000080721A6000BF1437BD465DF8047B7047CB
:10211000040A0020A40A002080B485B000AFF86053
:10212000B9607A60FB68074A1A60BB68064A1A60A1
:102130007B684FF4C0721A6000BF1437BD465DF86B
:10214000047B7047A40E0020440F002080B582B0AD
:1021500000AF78607B681B68044A934201D110F09D
:102160008BFE00BF0837BD4680BD00BF0014004095
:1021700080B400AF72B600BF00BFFDE780B483B08B
:1021800000AF00237B60104B5B6C0F4A43F480432D
:1021900053640D4B5B6C03F480437B607B680023CE
:1021A0003B60094B1B6C084A43F080531364064B99
:1021B0001B6C03F080533B603B6800BF0C37BD468F
:1021C0005DF8047B704700BF0038024080B485B0E2
:1021D00000AF78607B681B680B4A93420DD10023E7
:1021E000FB600A4B1B6B094A43F480531363074B94
:1021F0001B6B03F48053FB60FB6800BF1437BD46C4
:102200005DF8047B704700BF003002400038024098
:1022100080B58EB000AF786007F1240300221A6009
:102220005A609A60DA601A617B681B684B4A934275
:102230002CD100233B624A4B1B6B494A43F00203FB
:102240001363474B1B6B03F002033B623B6AC023E3
:102250007B621223BB620023FB6203233B630423E4
:102260007B6307F1240319463E4811F0B5FE0023B5
:10227000FB613B4B1B6C3A4A43F400131364384B2D
:102280001B6C03F40013FB61FB6963E07B681B6854
:10229000354A93422CD10023BB61314B1B6B304A32
:1022A00043F0800313632E4B1B6B03F08003BB6171
:1022B000BB6930237B621223BB620023FB620323D2
:1022C0003B6304237B6307F124031946274811F07D
:1022D00083FE00237B61224B1B6C214A43F4800365
:1022E00013641F4B1B6C03F480037B617B6931E03B
:1022F0007B681B681E4A93422CD100233B61184B1C
:102300001B6B174A43F080031363154B1B6B03F0E1
:1023100080033B613B694FF4C0737B621223BB6255
:102320000023FB6203233B6304237B6307F1240345
:1023300019460E4811F050FE0023FB60084B1B6C41
:10234000074A43F400031364054B1B6C03F40003BA
:10235000FB60FB6800BF3837BD4680BD00540040BD
:10236000003802400004024000580040001C0240B7
:10237000005C004080B586B000AF786007F10803CC
:1023800000221A605A609A60DA607B681B68104A03
:10239000934219D10223BB604FF400737B6107F1B4
:1023A0000803184614F034FA0346002B01D0FFF757
:1023B000DFFE084B01221A6000220521292010F0BF
:1023C0004BFE292010F064FE00BF1837BD4680BDCB
:1023D000002800403C0E474280B58AB000AF7860CC
:1023E00007F1140300221A605A609A60DA601A61D9
:1023F0007B681B68764A934240F0E68000233B618D
:10240000744B5B6C734A43F400635364714B5B6CB5
:1024100003F400633B613B690023FB606D4B1B6B66
:102420006C4A43F0040313636A4B1B6B03F0040311
:10243000FB60FB680023BB60664B1B6B654A43F087
:1024400008031363634B1B6B03F00803BB60BB689B
:102450004FF480737B610223BB610123FB61032383
:102460003B620C237B6207F1140319465A4811F0B2
:10247000B3FD4FF480537B610223BB610023FB61FA
:1024800003233B620C237B6207F114031946524875
:1024900011F0A2FD04237B610223BB610123FB61D8
:1024A00003233B620C237B6207F1140319464B485C
:1024B00011F092FD4A4B4B4A1A60494B4FF00062B3
:1024C0005A60474B00229A60454B0022DA60444B29
:1024D0004FF480621A61424B4FF480525A61404B74
:1024E0004FF480429A613E4B2022DA613C4B00223D
:1024F0001A623B4B04225A62394B03229A62384BD0
:102500000022DA62364B00221A63354810F02CFEA6
:102510000346002B01D0FFF72BFE7B68304A1A647C
:102520002F4A7B689363304B304A1A602E4B4FF032
:1025300000625A602C4B40229A602B4B0022DA60DA
:10254000294B4FF480621A61274B4FF480525A6135
:10255000254B4FF480429A61234B2022DA61224BB3
:1025600000221A62204B04225A621F4B03229A62F5
:102570001D4B0022DA621C4B00221A631A4810F02D
:10258000F3FD0346002B01D0FFF7F2FD7B68164AEE
:10259000DA63154A7B68936300220521312010F02D
:1025A0005BFD312010F074FD002205213B2010F06E
:1025B00053FD3B2010F06CFD00220521452010F05A
:1025C0004BFD452010F064FD00BF2837BD4680BD9F
:1025D000002C01400038024000080240000C02407C
:1025E000B40600205864024014070020A064024092
:1025F00080B582B000AF78607B681B68114A934257
:102600001BD1114B5B6C104A23F4006353644FF4ED
:1026100088510E4811F07CFE04210D4811F078FE1F
:102620007B681B6C184610F04DFE7B68DB6B184610
:1026300010F048FE312010F039FD00BF0837BD46CC
:1026400080BD00BF002C014000380240000802405D
:10265000000C024080B58AB000AF786007F1140327
:1026600000221A605A609A60DA601A617B681B68FF
:102670005A4A934240F0AD8000233B61584B1B6C9B
:10268000574A43F400431364554B1B6C03F4004357
:102690003B613B690023FB60514B1B6B504A43F08D
:1026A000040313634E4B1B6B03F00403FB60FB68D6
:1026B0000023BB604A4B1B6B494A43F00203136380
:1026C000474B1B6B03F00203BB60BB684FF44063D6
:1026D0007B610223BB610023FB6103233B62062372
:1026E0007B6207F1140319463E4811F075FC202364
:1026F0007B610223BB610023FB6103233B62062352
:102700007B6207F114031946374811F065FC374B1B
:10271000374A1A60354B00225A60344B00229A60C7
:10272000324B0022DA60314B4FF480621A612F4B3A
:1027300000225A612D4B00229A612C4B0022DA6153
:102740002A4B00221A62294B00225A62274810F0B5
:102750000BFD0346002B01D0FFF70AFD7B68234ADF
:10276000DA64224A7B689363224B234A1A60214B26
:1027700000225A601F4B40229A601E4B0022DA60F2
:102780001C4B4FF480621A611A4B00225A61194B9C
:1027900000229A61174B0022DA61164B00221A625E
:1027A000144B00225A62134810F0DEFC0346002B43
:1027B00001D0FFF7DDFC7B680E4A9A640D4A7B6806
:1027C000936300220521332010F046FC332010F0E3
:1027D0005FFC00BF2837BD4680BD00BF003C004005
:1027E000003802400008024000040240CC070020EC
:1027F000106002402C0800208860024080B58EB036
:1028000000AF786007F1240300221A605A609A60D2
:10281000DA601A617B681B68574A934234D10023FF
:102820003B62564B1B6C554A43F400231364534BD5
:102830001B6C03F400233B623B6A0023FB614F4B9C
:102840001B6B4E4A43F0010313634C4B1B6B03F0AD
:102850000103FB61FB6903237B620223BB6200234C
:10286000FB6203233B6308237B6307F124031946C0
:10287000434811F0B1FB00220521342010F0ECFB9D
:10288000342010F005FC73E07B681B683D4A9342DE
:1028900035D10023BB61394B1B6C384A43F480238C
:1028A0001364364B1B6C03F48023BB61BB690023AC
:1028B0007B61324B1B6B314A43F0020313632F4B96
:1028C0001B6B03F002037B617B694FF440637B6207
:1028D0000223BB620023FB6203233B6307237B636A
:1028E00007F124031946284811F076FB0022052140
:1028F000272010F0B1FB272010F0CAFB38E07B68DE
:102900001B68224A934233D100233B611B4B5B6C13
:102910001A4A43F020035364184B5B6C03F0200306
:102920003B613B690023FB60144B1B6B134A43F074
:1029300004031363114B1B6B03F00403FB60FB6880
:10294000C0237B620223BB620023FB6203233B6341
:1029500008237B6307F1240319460D4811F03CFB63
:1029600000220521472010F077FB472010F090FB54
:1029700000BF3837BD4680BD004C004000380240E3
:1029800000000240004800400004024000140140E2
:102990000008024080B586B000AF3B1D00221A60DF
:1029A0005A609A60DA601A612C4B1B68002B51D177
:1029B0002A4B01221A6000233B60294B9B6B284A5B
:1029C00043F001039363264B9B6B03F001033B60D1
:1029D0003B684FF23F037B600223BB600023FB6038
:1029E00003233B610C237B613B1D19461D4811F0FD
:1029F000F3FA40F23F237B600223BB600023FB60BD
:102A000003233B610C237B613B1D1946164811F0E3
:102A1000E3FA4FF683737B600223BB600023FB6005
:102A200003233B610C237B613B1D19460F4811F0CA
:102A3000D3FA4DF6B3737B600223BB600023FB60C7
:102A400003233B610C237B613B1D1946084811F0B1
:102A5000C3FA00E000BF1837BD4680BD4415002012
:102A600000380240001402400018024000100240EA
:102A7000000C024080B582B000AF7860FFF78AFF9B
:102A800000BF0837BD4680BD80B58EB000AF78600E
:102A90000023FB620023BB620023FB60334B1B6CF3
:102AA000324A43F020031364304B1B6C03F02003C5
:102AB000FB60FB6807F1100207F11403114618468A
:102AC00013F074FE3B6AFB62FB6A002B03D113F028
:102AD00045FE786304E013F041FE03465B007B6330
:102AE0007B6B234AA2FB03239B0C013BBB62214B64
:102AF000214A1A601F4B40F2E732DA601D4ABB6A76
:102B000053601C4B00221A611A4B00229A60194B29
:102B100000229A61174816F079FF034687F8333090
:102B200097F83330002B1BD1124816F0C9FF03462B
:102B300087F8333097F83330002B11D1372010F05D
:102B4000A7FA7B680F2B08D800227968372010F08D
:102B500083FA0A4A7B68136002E0012387F8333066
:102B600097F8333018463837BD4680BD00380240EC
:102B700083DE1B434815002000140040A4020020FF
:102B800080B400AF00BFFDE780B400AF00BFFDE739
:102B900080B400AF00BFFDE780B400AF00BFFDE729
:102BA00080B400AF00BFFDE780B400AF00BFBD46FA
:102BB0005DF8047B704780B500AF042011F0D6FCAF
:102BC00000BF80BD80B500AF024810F0C3FC00BF5D
:102BD00080BD00BFCC07002080B500AF024810F0D8
:102BE000B9FC00BF80BD00BF2C08002080B500AF3D
:102BF000024817F0ADFA00BF80BD00BFD408002026
:102C000080B500AF024814F077FA00BF80BD00BF66
:102C10001006002080B500AF024814F0BFFF00BFCF
:102C200080BD00BF3006002080B500AF024816F01E
:102C300065FB00BF80BD00BF7407002080B500AFFA
:102C4000024817F085FA00BF80BD00BF8C08002045
:102C500080B500AF024816F0A3FF00BF80BD00BFE3
:102C60004815002080B500AF024810F073FC00BF8B
:102C700080BD00BFB406002080B500AF024810F050
:102C800069FC00BF80BD00BF1407002080B500AF05
:102C9000024817F05DFA00BF80BD00BF1C0900208C
:102CA00080B400AF01231846BD465DF8047B704731
:102CB00080B582B000AF7860396026F053F90346E2
:102CC00016221A604FF0FF3318460837BD4680BD04
:102CD00080B582B000AF78604FF0FF317868FFF7C1
:102CE000E7FF00BFFDE780B586B000AFF860B960D0
:102CF0007A6000237B610AE0AFF300800146BB6885
:102D00005A1CBA60CAB21A707B6901337B617A6956
:102D10007B689A42F0DB7B6818461837BD4680BD59
:102D200080B586B000AFF860B9607A6000237B613F
:102D300009E0BB685A1CBA601B781846AFF30080E4
:102D40007B6901337B617A697B689A42F1DB7B683E
:102D500018461837BD4680BD80B483B000AF786098
:102D60004FF0FF3318460C37BD465DF8047B7047C3
:102D700080B483B000AF786039603B684FF4005294
:102D80005A60002318460C37BD465DF8047B704737
:102D900080B483B000AF7860012318460C37BD467D
:102DA0005DF8047B704780B485B000AFF860B9600F
:102DB0007A60002318461437BD465DF8047B7047DF
:102DC00080B586B000AF7860144A154BD31A7B618A
:102DD0007B693B61134B1B68002B02D1114B124ADC
:102DE0001A60104B1A687B6813443A699A4207D2FA
:102DF00026F0B8F803460C221A604FF0FF3309E0C2
:102E0000084B1B68FB60074B1A687B681344054A34
:102E10001360FB6818461837BD4680BD00000220CD
:102E200000040000941500200000006080B400AF92
:102E3000064BD3F88830054A43F47003C2F8883053
:102E400000BFBD465DF8047B704700BF00ED00E0A9
:102E5000DFF834D0FFF7EAFF0C480D490D4A002394
:102E600002E0D458C4500433C4188C42F9D30A4A3F
:102E70000A4C002301E013600432A242FBD326F087
:102E800077F8FEF741F970470000022000000020AB
:102E9000F004002070D70208F004002070660120C2
:102EA000FEE780B588B004AF78602323BB7364234A
:102EB00002930123019307F10E03009301232122C2
:102EC000D221786811F0EAFF0346FB73FB7B002BED
:102ED00001D0FB7B6EE000237B736423029301230C
:102EE000019307F10D03009301232222D221786878
:102EF00011F0D4FF0346FB73FB7B002B01D0FB7B5F
:102F000058E000233B73642302930123019307F1EC
:102F10000C03009301232322D221786811F0BEFF15
:102F20000346FB73FB7B002B01D0FB7B42E00023BD
:102F3000FB72642302930123019307F10B030093B7
:102F400001232522D221786811F0A8FF0346FB73E4
:102F5000FB7B002B01D0FB7B2CE01323BB72642393
:102F600002930123019307F10A0300930123242212
:102F7000D221786811F092FF0346FB73FB7B002B94
:102F800001D0FB7B16E00F237B72642302930123A5
:102F9000019307F10903009301232022D2217868CD
:102FA00011F07CFF0346FB73FB7B002B01D0FB7B06
:102FB00000E0002318461037BD4680BD80B588B0BC
:102FC00004AF78603960354B1B684FF0FF3118460D
:102FD00019F0EEFE642302930623019307F1080320
:102FE00000930123A822D221786812F051F80346F9
:102FF000002B01D001234CE0284B1868002300224D
:10300000002119F093FB7B7A1B021AB23B7A1BB2A8
:1030100013431AB23B685A84FB7A1B021AB2BB7A7A
:103020001BB213431AB23B689A847B7B1B021AB211
:103030003B7B1BB213431AB23B68DA843B68B3F99B
:10304000223007EE903AF8EEE77A9FED157A67EEB8
:10305000877A3B68C3ED037A3B68B3F9243007EE07
:10306000903AF8EEE77A9FED0E7A67EE877A3B6842
:10307000C3ED047A3B68B3F9263007EE903AF8EED8
:10308000E77A9FED077A67EE877A3B68C3ED057AAA
:10309000002318461037BD4680BD00BFF821002030
:1030A000295C0F3C80B588B004AF78604FF408739A
:1030B000FB81642302930223019307F10E03009323
:1030C000012301229021786811F0E8FE00BF10373B
:1030D000BD4680BD0000000080B588B004AF7860B8
:1030E0003960214B1B684FF0FF31184619F060FE24
:1030F000642302930223019307F10C03009301233D
:1031000000229021786811F0C3FF174B1868002344
:103110000022002119F00AFB3B7B1B021AB27B7BC9
:103120001BB213431BB29AB23B681A853B681B8DD6
:103130001846FDF707FA0AA3D3E90023FDF76CFA56
:1031400002460B4610461946FDF75EFD02463B68F7
:103150009A6100BF1037BD4680BD00BFAFF300804D
:10316000DE718A8EE4F27F3FF821002080B582B0C4
:1031700000AF78607868FFF794FE7868FFF792FFF9
:1031800000BF0837BD4680BD80B582B000AF786013
:10319000396039687868FFF711FF39687868FFF798
:1031A0009BFF32201AF0EAFA3968786800F020F9BB
:1031B00000BF0837BD4680BD80B586B002AF7860DD
:1031C00048F20703BB8107F10C026423009302233A
:1031D0006021786811F032FB3220FEF799FD202340
:1031E0007B7307F10C02642300930223602178684B
:1031F00011F024FB0120FEF78BFD00BF1037BD4608
:1032000080BD80B586B002AF786048F20703BB810D
:1032100007F10C026423009302236021786811F007
:103220000DFB3220FEF774FD40237B7307F10C0287
:103230006423009302236021786811F0FFFA0120D3
:10324000FEF766FD00BF1037BD4680BD80B58CB06F
:1032500002AFF860B9607A603B60002387F82730DE
:103260000723FB77FB7F3B7501237B755E4B1B6858
:103270004FF0FF31184619F09BFD07F1140264234B
:10328000009302236021F86811F0D8FA564B1868B1
:1032900000230022002119F049FA0A201AF06EFAE0
:1032A0000623FB77504B1B684FF0FF31184619F08F
:1032B0007FFD07F11F026423009301236021F8685A
:1032C00011F0BCFA07F11E02642300930123602170
:1032D000F86811F0B1FB444B18680023002200216C
:1032E00019F024FA97F82730013387F82730BB7F8D
:1032F00003F00103002B03D197F82730042BCFD91B
:10330000BB7F03F00103002B0CD13B684FF00002A0
:103310001A603B681A687B681A607B681A68BB6829
:103320001A605DE00023FB772F4B1B684FF0FF31E5
:10333000184619F03DFD07F11F0264230093012395
:103340006021F86811F07AFA07F1180264230093FB
:1033500006236021F86811F06FFB234B18680023E7
:103360000022002119F0E2F97B7E1B021AB23B7E9B
:103370001BB213431BB2BB84FB7E1B021AB2BB7E83
:103380001BB213431BB27B847B7F1B021AB23B7FB1
:103390001BB213431BB23B84BB8C07EE903AB8EED2
:1033A000677ADFED126AC7EE267ABB68C3ED007A52
:1033B0007B8C07EE903AB8EE677ADFED0C6AC7EEC9
:1033C000267A7B68C3ED007A3B8C07EE903AB8EE24
:1033D000677ADFED066AC7EE267A3B68C3ED007AAE
:1033E0002837BD4680BD00BFF82100200000004501
:1033F00080B588B000AF786039607868FFF7DCFE90
:1034000007F1140307F1180207F11C017868FFF7B0
:103410001DFF7868FFF7F5FE07F1080307F10C02BE
:1034200007F110017868FFF711FF97ED077AD7EDE4
:10343000047A37EE677AF0EE006AC7EE267A9FEDDF
:103440003E7A67EE877A3B68C3ED007A97ED067A9D
:10345000D7ED037A37EE677AF0EE006AC7EE267A88
:103460009FED357A67EE877A3B68C3ED017A97ED79
:10347000057AD7ED027A37EE677AF0EE006AC7EE8A
:10348000267A9FED2D7A67EE877A3B68C3ED027A44
:10349000386800F0D3F83968786800F051F83B6874
:1034A000D3ED007AF0EEE77A17EE900AFDF75CF8BC
:1034B0004FF00002214BFDF7D9F902460B461046AA
:1034C0001946FDF781FB03469AB23B689A833B6835
:1034D000D3ED017AF0EEE77A17EE900AFDF744F8A3
:1034E0004FF00002154BFDF7C1F902460B4610469E
:1034F0001946FDF769FB03469AB23B68DA833B68DD
:10350000D3ED027AF0EEE77A17EE900AFDF72CF889
:103510004FF00002094BFDF7A9F902460B46104691
:103520001946FDF751FB03469AB23B681A8400BF67
:103530002037BD4680BD00BF0050C3470000244077
:1035400080B485B000AF786039603B68D3ED007A15
:10355000F5EEC07AF1EE10FAACBF01230023FB7345
:103560003B68D3ED017AF5EEC07AF1EE10FAACBF0C
:1035700001230023BB733B68D3ED027AF5EEC07ADA
:10358000F1EE10FAACBF012300237B73FB7B9B00A1
:103590005AB2BB7B5B005BB213435AB297F90D3052
:1035A00013435BB2DAB23B6883F82A2000BF1437BA
:1035B000BD465DF8047B704780B582B000AF78608F
:1035C0001C4B1B68002B31D01A4B1B684FF0FF318E
:1035D000184619F0EDFB7B681B68174A13607B687F
:1035E0005B68154A53607B689B68134A93607B68ED
:1035F000DB68114AD3607B681B690F4A13617B68E3
:103600005B690D4A53617B689B690B4A93617B68D8
:10361000DB69094AD3617B681B6A074A1362054B61
:10362000186800230022002119F080F800BF083735
:10363000BD4680BD082200203C02002080B52DED53
:10364000028B8AB000AF78607B681B68BB617B68C7
:103650005B687B617B689B683B615A4B1B68002BF6
:1036600000F09A80574B1B684FF0FF31184619F055
:103670009FFB554BD3ED007A97ED067A77EE676A9C
:10368000514B93ED037AC6EE877AC7ED097A4E4B1C
:10369000D3ED017A97ED057A37EE677A4A4BD3ED91
:1036A000047A87EE278A484BD3ED067AB0EE670A94
:1036B00020F09AFEB0EE407AD7ED097A67EE277ACD
:1036C00038EE678A404BD3ED067AB0EE670A20F0F9
:1036D0003FFEB0EE407AC8EE077AC7ED087A3A4B63
:1036E000D3ED087AB0EE670A20F032FEB0EE408AE1
:1036F000354BD3ED077AB0EE670A20F029FEF0EEE5
:10370000407A28EE277AF7EE006AC6EE877AC7ED90
:10371000037A2D4BD3ED027A97ED047A37EE677A70
:10372000294BD3ED057A87EE278A274BD3ED077A0D
:10373000B0EE670A20F058FEB0EE407AD7ED097A75
:1037400067EE277A38EE678A1F4BD3ED087AB0EE22
:10375000670A20F049FEB0EE407AD7ED087A67EEAE
:10376000278A194BD3ED077AB0EE670A20F0F0FDF7
:10377000F0EE407A68EEA77A78EE677A97ED037AF2
:1037800067EE277AC7ED077A0E4B186800230022F0
:10379000002118F0CBFF05E0BB697B627B693B62CF
:1037A0003B69FB617B687A6A1A607B683A6A5A6097
:1037B0007B68FA699A6000BF2837BD46BDEC028B72
:1037C00080BD00BF082200203C02002080B582B0EE
:1037D00000AF0346FB71124B1B684FF0FF311846D8
:1037E00019F0E6FAFB79012B06D10E4B0E4A1A604E
:1037F0000E4B01221A7008E0FB79022B05D1094B10
:103800000B4A1A60094B02221A70054B18680023F4
:103810000022002118F08AFF00BF0837BD4680BD96
:103820001022002060020020C01500206402002049
:10383000EC15002080B485B000AF78600023FB73E6
:1038400009E0FB7B7A681A44FB7B11780A4AD15461
:10385000FB7B0133FB73FB7B042BF2D9074B1B78FB
:1038600043F00103DAB2054B1A7000BF1437BD46AE
:103870005DF8047B704700BF98150020BC15002040
:1038800080B485B000AF78600023FB730AE0FB7B57
:103890007A681A44FB7B053311780A4AD154FB7BC2
:1038A0000133FB73FB7B042BF1D9074B1B7843F0EF
:1038B0000203DAB2044B1A7000BF1437BD465DF83C
:1038C000047B704798150020BC15002080B485B09B
:1038D00000AF78600023FB730AE0FB7B7A681A4430
:1038E000FB7B0A3311780A4AD154FB7B0133FB730B
:1038F000FB7B042BF1D9074B1B7843F00403DAB2AE
:10390000044B1A7000BF1437BD465DF8047B704746
:1039100098150020BC15002080B485B000AF7860F9
:103920000023FB730AE0FB7B7A681A44FB7B0F33AE
:1039300011780A4AD154FB7B0133FB73FB7B042BC8
:10394000F1D9074B1B7843F00803DAB2044B1A7025
:1039500000BF1437BD465DF8047B70479815002002
:10396000BC15002080B485B000AF78600023FB73E5
:103970000AE0FB7B7A681A44FB7B143311780A4A0D
:10398000D154FB7B0133FB73FB7B042BF1D9074B39
:103990001B7843F01003DAB2044B1A7000BF1437DF
:1039A000BD465DF8047B704798150020BC150020CB
:1039B00080B485B000AF78600023FB730AE0FB7B26
:1039C0007A681A44FB7B193311780A4AD154FB7B7D
:1039D0000133FB73FB7B042BF1D9074B1B7843F0BE
:1039E0002003DAB2044B1A7000BF1437BD465DF8ED
:1039F000047B704798150020BC15002080B485B06A
:103A000000AF78600023FB730AE0FB7B7A681A44FE
:103A1000FB7B1E3311780A4AD154FB7B0133FB73C5
:103A2000FB7B042BF1D9074B1B7843F04003DAB240
:103A3000044B1A7000BF1437BD465DF8047B704715
:103A400098150020BC15002080B582B000AF7860CA
:103A500039607B681A780F4B83F823200E4B1B7854
:103A600063F07F03DAB20C4B1A700B4B1B78FF2B01
:103A70000AD10848FFF7A0FD074B00221A703868EA
:103A800000F00CF8012300E0002318460837BD467B
:103A900080BD00BF98150020BC15002080B582B005
:103AA00000AF7860214B1B68002B3AD01F4B1B687E
:103AB0004FF0FF31184619F07BF91D4B1A687B68EF
:103AC0001A607B6804331A4A52681A607B680833AC
:103AD000174A92681A607B680C33154AD2681A60DC
:103AE0007B681033124A12691A607B681433104ADB
:103AF00052691A607B6818330D4A92691A607B68B4
:103B00001C330B4AD2691A607B682033084A126A58
:103B10001A60064B186800230022002118F006FEE8
:103B200000E000BF0837BD4680BD00BF082200206E
:103B30003C02002080B485B000AF786041F60F539E
:103B4000FB817B6802331B7802333B7301237B7359
:103B500016E0FB891B0A9BB27A7B79680A441278CB
:103B600053407B817B890C4A32F813301AB2FB89AF
:103B70001B021BB253401BB2FB817B7B01337B7367
:103B80007A7B3B7B9A42E4D9FB8918461437BD46C1
:103B90005DF8047B704700BF40BA020880B485B06E
:103BA00000AF786039607B68FB603B68BB600D4BA1
:103BB00000221A700AE0FB681A780A4B1B785340FF
:103BC000DAB2084B1A70FB680133FB60FA68BB6815
:103BD0009A42F0D3034B1B7818461437BD465DF864
:103BE000047B70471816002080B485B000AF786061
:103BF0000023FB7302E0FB7B0133FB73FB7B7A68E2
:103C000013441B78002BF6D1FB7B18461437BD46B6
:103C10005DF8047B704780B586B000AFB9607B600B
:103C20000346FB731346BB730023BB827B68CD2224
:103C30001A707B680133FA7B1A70BB7B272B01D982
:103C40002723BB737B680233BA7B1A700023FB7592
:103C50000CE0FB7DBA681A44FB7D033319467B6890
:103C60000B4412781A70FB7D0133FB75FA7DBB7B28
:103C70009A42EED37868FFF75DFF0346BB82BB8AAA
:103C80001B0A9AB2BB7B033319467B680B44D2B242
:103C90001A70BB7B04331A467B681344BA8AD2B2CB
:103CA0001A70BB7B05331A467B6813440A221A70CC
:103CB000BB7B06331A467B68134400221A7000BF90
:103CC0001837BD4680BD80B483B000AF034639606D
:103CD000FB713B68CD221A703B680133FA791A7088
:103CE0003B68023300221A703B680333FA791A707A
:103CF0003B680433FA791A703B6805330A221A705C
:103D00003B68063300221A7000BF0C37BD465DF8D1
:103D1000047B704780B582B000AF78600BF03FF84D
:103D20007B6802331B7806339AB24FF0FF33796811
:103D3000034816F05DF900BF0837BD4680BD00BFDF
:103D4000D408002080B582B000AF78600BF020F876
:103D50007B6802331B7806339AB24FF0FF337968E1
:103D6000034816F045F900BF0837BD4680BD00BFC7
:103D70008C08002080B58EB000AF03463960FB711F
:103D80003868FFF731FF03461A4607F10803F87950
:103D90003968FFF740FFBB7A06339AB207F1080192
:103DA0004FF0FF33034816F023F900BF3837BD4604
:103DB00080BD00BF8C08002080B582B000AF786065
:103DC0000B46FB70FB78AB2B08D17B6802331B786A
:103DD000272B03D87868FFF7B5FF0AE0FB78CE2BD6
:103DE00007D17B6802331B78272B02D87868FFF74E
:103DF00091FF00BF0837BD4680BD80B58EB000AFD3
:103E000003460A46FB711346BB7107F10802FB79B2
:103E100011461846FFF757FFBA7907F10803114614
:103E20001846FFF7C9FF00BF3837BD4680BD000008
:103E300080B400AF024B1846BD465DF8047B704766
:103E40007516002080B400AF024B1846BD465DF8E1
:103E5000047B70477416002080B584B000AF786092
:103E60000B46FB7019F08CFEF8607B685B69FA68A2
:103E7000D31AB3F57A7F05D97B6800221A767B685E
:103E800000221A747B681B7C062B00F2808001A242
:103E900052F823F0B13E0008E33E0008F13E00086E
:103EA000213F00084F3F00085D3F00086B3F0008BE
:103EB000FB78AB2B02D0FB78CE2B0ED17B68002297
:103EC0001A767B68FA781A707B6801221A7419F0E6
:103ED00057FE02467B685A6163E07B6800221A74D1
:103EE0005FE07B68FA785A707B6802221A7458E0A7
:103EF0007B68FA789A707B6800225A74FB78002BF2
:103F000003D17B6804221A744BE0FB78272B03D87B
:103F10007B6803221A7444E07B6802221A7640E030
:103F20007B685B7C1A467B681344FA78DA707B689E
:103F30005B7C0133DAB27B685A747B685A7C7B689D
:103F40009B789A422AD37B6804221A7426E07B6805
:103F5000FA785A737B6805221A7422E07B68FA7833
:103F60009A737B6806221A741BE0FB780A2B06D131
:103F70007B6801221A767B68FA78DA7310E07B6836
:103F80001B7E012B0CD07B6802221A7608E07B682E
:103F900002221A767B6800221A7402E000BF00E059
:103FA00000BF00BF1037BD4680BD00BF80B483B0E6
:103FB00000AF78600B46FB707B685B78FA789A42BA
:103FC0000FD17B689B78002B0BD17B685B7BFA78E9
:103FD0009A4206D17B689B7BFA789A4201D10123F1
:103FE00000E0002318460C37BD465DF8047B70479F
:103FF00080B584B000AF78600023FB810023BB81D3
:104000007868FFF797FD0346BB817B685B7B1B02EB
:104010001AB27B689B7B1BB213431BB2FB81FA89EC
:10402000BB899A4201D1012300E0002318461037D2
:10403000BD4680BD80B586B000AFF860B96013465C
:10404000FB71FB681B7E022B0CD1BB68FA791A70DE
:10405000BB68FF225A70BB6800229A70BB680022BE
:10406000DA7061E0FF21F868FFF7A0FF0346012B3B
:104070000DD1FB681A78BB681A70BB68FF225A70B2
:10408000BB6800229A70BB680022DA704CE0AA215B
:10409000F868FFF78BFF0346012B0DD1FB681A78F8
:1040A000BB681A70BB68AA225A70BB6800229A705B
:1040B000BB680022DA7037E0F868FFF799FF034623
:1040C000002B28D0FB681B78FA799A4223D1FB6831
:1040D0001A78BB681A70FB685A78BB685A70FB681C
:1040E0009A78BB689A7000237B610DE0FA687B695F
:1040F000134403331978BA687B69134403330A46BF
:104100001A707B6901337B61FB689B781A467B6977
:104110009342EBDB08E0BB68FA791A70BB680022B7
:104120005A70BB6800229A70FB6800221A76FB68FE
:1041300000221A74FB6800221A7000BF1837BD46AF
:1041400080BD80B584B000AF78603960FF217868A9
:10415000FFF72CFF0346012B0DD17B681A783B68D3
:104160001A703B68FF225A703B6800229A703B68C5
:104170000022DA7048E0AA217868FFF717FF0346AB
:10418000012B0DD17B681A783B681A703B68AA2214
:104190005A703B6800229A703B680022DA7033E064
:1041A0007868FFF725FF0346002B23D07B681A7839
:1041B0003B681A707B685A783B685A707B689A78BB
:1041C0003B689A700023FB600DE07A68FB6813443B
:1041D000033319783A68FB68134403330A461A70AC
:1041E000FB680133FB607B689B781A46FB6893424F
:1041F000EBDB09E07B681A783B681A703B680022A9
:104200005A703B6800229A707B6800221A767B689D
:1042100000221A747B6800221A7000BF1037BD4656
:1042200080BD000080B584B000AF78600E4806F015
:10423000CBF9F860FB681B0EDAB27B681A70FB687A
:104240001A0C7B680133D2B21A70FB681A0A7B68B9
:104250000233D2B21A707B680333FA68D2B21A7092
:1042600000BF1037BD4680BD1006002080B584B069
:1042700000AF7860894806F0A7F9B860BB681B0EEC
:10428000DAB27B681A70BB681A0C7B680133D2B251
:104290001A70BB681A0A7B680233D2B21A707B6844
:1042A0000333BA68D2B21A707D4B9B8B1B0A9AB249
:1042B0007B680433D2B21A70794B9A8B7B680533D2
:1042C000D2B21A70764BDB8B1B0A9AB27B6806332C
:1042D000D2B21A70724BDA8B7B680733D2B21A7083
:1042E0006F4B1B8C1B0A9AB27B680833D2B21A70D0
:1042F0006B4B1A8C7B680933D2B21A70684BB3F9D6
:1043000022301B121AB27B680A33D2B21A70644B85
:10431000B3F922207B680B33D2B21A70604BB3F929
:1043200024301B121AB27B680C33D2B21A705C4B69
:10433000B3F924207B680D33D2B21A70584BB3F90D
:1043400026301B121AB27B680E33D2B21A70544B4D
:10435000B3F926207B680F33D2B21A70504B1B8DF5
:104360001B0A9AB27B681033D2B21A704C4B1A8D6A
:104370007B681133D2B21A70494B93F82A301B0173
:104380005AB2484B93F82A305BB203F00F035BB28A
:1043900013435AB27B681233D2B21A70414B9B8BD3
:1043A0001B0A9AB27B681333D2B21A703D4B9A8BB8
:1043B0007B681433D2B21A703A4BDB8B1B0A9AB269
:1043C0007B681533D2B21A70364BDA8B7B681633A2
:1043D000D2B21A70334B1B8C1B0A9AB27B6817330C
:1043E000D2B21A702F4B1A8C7B681833D2B21A7063
:1043F0002C4BB3F922301B121AB27B681933D2B29C
:104400001A70284BB3F922207B681A33D2B21A7083
:10441000244BB3F924301B121AB27B681B33D2B27F
:104420001A70204BB3F924207B681C33D2B21A7067
:104430001C4BB3F926301B121AB27B681D33D2B263
:104440001A70184BB3F926207B681E33D2B21A704B
:10445000144B1B8D1B0A9AB27B681F33D2B21A70A1
:10446000104B1A8D7B682033D2B21A700023FB6088
:104470000CE0FB6821331A467B6813440A49FA684A
:104480000A4412781A70FB680133FB60FB68042B46
:10449000EFDD00BF00BF1037BD4680BD1006002015
:1044A000C0150020EC1500209416002080B483B0C5
:1044B00000AF78607B684C221A707B680133492218
:1044C0001A707B68023345221A707B6803335322CB
:1044D0001A707B68043345221A707B6805333222D8
:1044E0001A707B68063330221A707B6807333222D9
:1044F0001A707B68083336221A707B6809334122B0
:104500001A707B680A334C221A707B680B33522274
:104510001A707B680C334D221A707B680D33412270
:104520001A707B680E3353221A707B680F33452252
:104530001A707B68103343221A707B68113336225D
:104540001A707B68123337221A707B6813334A2241
:104550001A707B68143343221A707B6815334A2221
:104560001A707B68163341221A707B681733502209
:104570001A707B6818337B221A707B6819334122CA
:104580001A707B681A335A221A707B681B33EC222C
:104590001A707B681C3324221A707B681D334C22EE
:1045A0001A707B681E3333221A707B681F334A22CD
:1045B0001A707B68203345221A707B6821334122B0
:1045C0001A707B68223341221A707B682333482299
:1045D0001A707B68243342221A707B682533482284
:1045E0001A707B68263343221A7000BF0C37BD4611
:1045F0005DF8047B7047000080B584B000AF786040
:104600003A4805F0E1FFF860FB681B0EDAB27B6800
:104610001A70FB681A0C7B680133D2B21A70FB68FF
:104620001A0A7B680233D2B21A707B680333FA68C5
:10463000D2B21A707B68043300221A702C4B1B888C
:104640001B0A9AB27B680533D2B21A70284B1A88BB
:104650007B680633D2B21A70254B5B881B0A9AB26C
:104660007B680733D2B21A70214B5A887B680833B3
:10467000D2B21A701E4B9B881B0A9AB27B68093310
:10468000D2B21A701A4B9A887B680A33D2B21A7067
:10469000174BDB881B0A9AB27B680B33D2B21A70B5
:1046A000134BDA887B680C33D2B21A70104B1B891B
:1046B0001B0A9AB27B680D33D2B21A700C4B1A895E
:1046C0007B680E33D2B21A70094B5B891B0A9AB20F
:1046D0007B680F33D2B21A70054B5A897B6810334E
:1046E000D2B21A7000BF1037BD4680BD1006002040
:1046F0005C22002080B584B000AF7860644805F08B
:1047000063FFF860FB681B0EDAB27B681A70FB6807
:104710001A0C7B680133D2B21A70FB681A0A7B68E4
:104720000233D2B21A707B680333FA68D2B21A70BD
:104730007B68043300221A70564B9B691A0E7B6803
:104740000533D2B21A70534B9B691A0C7B6806333F
:10475000D2B21A704F4B9B691A0A7B680733D2B2E8
:104760001A704C4B9A697B680833D2B21A70494B65
:10477000DB691A0E7B680933D2B21A70454BDB69CC
:104780001A0C7B680A33D2B21A70424BDB691A0AE0
:104790007B680B33D2B21A703E4BDA697B680C33FC
:1047A000D2B21A703B4BD3E90A014FF000024FF02E
:1047B00000030A0E002379680D31D3B20B70354B1C
:1047C000D3E90A014FF000024FF000030A0C002366
:1047D00079680E31D3B20B702E4BD3E90A014FF03A
:1047E00000024FF000030A0A002379680F31D3B2A8
:1047F0000B70284BD3E90A014FF000024FF0000381
:104800000A00002379681031D3B20B70214BD3E931
:104810000A014FF000024FF00003020E42EA0122AB
:104820000B0E79681131D3B20B701A4BD3E90A0120
:104830004FF000024FF00003020C42EA01420B0C61
:1048400079681231D3B20B70124BD3E90A014FF0E1
:1048500000024FF00003020A42EA01620B0A796883
:104860001331D3B20B700B4BD3E90A23796814319F
:10487000D3B20B707B681533064A92F835201A7054
:104880007B68163300221A7000BF1037BD4680BD0A
:10489000100600209019002090B585B000AF786018
:1048A0005D4805F091FEF860FB681B0EDAB27B688C
:1048B0001A70FB681A0C7B680133D2B21A70FB685D
:1048C0001A0A7B680233D2B21A707B680333FA6823
:1048D000D2B21A707B68043300221A707B680533E9
:1048E00000221A707B689C1D01F0ECFC03462370CB
:1048F0007B68073300221A70484B1A887B6808339C
:10490000D2B21A707B68093300221A707B6803F1F7
:104910000A0401F017FD034623707B680B33002265
:104920001A703E4B1A887B680C33D2B21A707B68BF
:104930000D3300221A707B6803F10E0401F0E2FCD3
:10494000034623707B680F3300221A70334B1A889A
:104950007B681033D2B21A707B68113300221A7050
:104960007B6803F1120401F00DFD034623707B68A0
:10497000133300221A70294B1A887B681433D2B281
:104980001A707B68153300221A707B6803F11604D5
:1049900001F032FD034623707B68173300221A7042
:1049A0001E4B1A887B681833D2B21A707B68193391
:1049B00000221A707B6803F11A0401F045FD0346DA
:1049C00023707B681B3300221A70144B1A887B6893
:1049D0001C33D2B21A707B681D3300221A707B68B8
:1049E0001E3300221A707B681F3300221A707B6806
:1049F000203300221A707B68213300221A707B68F2
:104A0000223300221A707B68233300221A7000BF01
:104A10001437BD4690BD00BF100600209A16002036
:104A200080B584B000AF7860AE4805F0CDFDF86089
:104A3000FB681B0EDAB27B681A70FB681A0C7B6885
:104A40000133D2B21A70FB681A0A7B680233D2B201
:104A50001A707B680333FA68D2B21A70A24B5B6893
:104A60001A0E7B680433D2B21A709F4B5B681A0C23
:104A70007B680533D2B21A709B4B5B681A0A7B685D
:104A80000633D2B21A70984B5A687B680733D2B299
:104A90001A70954B1B691A0E7B680833D2B21A70D4
:104AA000914B1B691A0C7B680933D2B21A708E4B7A
:104AB0001B691A0A7B680A33D2B21A708A4B1A69C8
:104AC0007B680B33D2B21A70874B9B681A0E7B68D7
:104AD0000C33D2B21A70844B9B681A0C7B680D336E
:104AE000D2B21A70804B9B681A0A7B680E33D2B21E
:104AF0001A707D4B9A687B680F33D2B21A707A4B6A
:104B00009B691A0E7B681033D2B21A70764B9B6980
:104B10001A0C7B681133D2B21A70734B9B691A0A54
:104B20007B681233D2B21A706F4B9A697B68133369
:104B3000D2B21A707B6814336C4A12781A706C4BBC
:104B40001B881B0A9AB27B681533D2B21A70684B65
:104B50001A887B681633D2B21A707B681733654A9D
:104B600012781A70644B1B881B0A9AB27B68183340
:104B7000D2B21A70604B1A887B681933D2B21A709D
:104B80005E4BD3E908014FF000024FF000030A002A
:104B9000002379681A31D3B20B70584BD3E908015E
:104BA0004FF000024FF00003020E42EA01220B0E0A
:104BB00079681B31D3B20B70504BD3E908014FF029
:104BC00000024FF00003020C42EA01420B0C79682C
:104BD0001C31D3B20B70494BD3E908014FF00002EE
:104BE0004FF00003020A42EA01620B0A79681D31A4
:104BF000D3B20B70414BD3E9082379681E31D3B28D
:104C00000B703F4BD3E906014FF000024FF0000359
:104C10000A00002379681F31D3B20B70384BD3E9F7
:104C200006014FF000024FF00003020E42EA01229B
:104C30000B0E79682031D3B20B70314BD3E90601EA
:104C40004FF000024FF00003020C42EA01420B0C4D
:104C500079682131D3B20B70294BD3E906014FF0AB
:104C600000024FF00003020A42EA01620B0A79686F
:104C70002231D3B20B70224BD3E90623796823315A
:104C8000D3B20B707B682433174A12781A701D4B0D
:104C90001B785AB21C4B1B785B005BB203F002031B
:104CA0005BB213435AB2194B1B789B005BB203F003
:104CB00004035BB213435AB20B4B1B7FDB005BB2A6
:104CC00003F008035BB213435AB2114B1B781B016C
:104CD0005BB203F010035BB213435AB20D4B1B7867
:104CE0001AE000BF1006002078180020F0290020EC
:104CF000F4290020F1290020F2290020B822002008
:104D000020250020D9210020D821002018190020BA
:104D1000511C00208B0200205B015BB203F02003DA
:104D20005BB213435AB20B4B1B789B015BB203F08F
:104D300040035BB213435AB27B682533D2B21A7078
:104D40007B682633044A12781A7000BF1037BD46BC
:104D500080BD00BF8C020020501C002080B584B0B4
:104D600000AF78607A4805F02FFCF860FB681B0EF6
:104D7000DAB27B681A70FB681A0C7B680133D2B216
:104D80001A70FB681A0A7B680233D2B21A707B6809
:104D90000333FA68D2B21A706E4B1B681A0E7B6826
:104DA0000433D2B21A706B4B1B681A0C7B68053344
:104DB000D2B21A70674B1B681A0A7B680633D2B2EC
:104DC0001A70644B1A687B680733D2B21A70614B51
:104DD0005B681A0E7B680833D2B21A705D4B5B6851
:104DE0001A0C7B680933D2B21A705A4B5B681A0AE4
:104DF0007B680A33D2B21A70564B5A687B680B3301
:104E0000D2B21A70544B1B681A0E7B680C33D2B2A4
:104E10001A70514B1B681A0C7B680D33D2B21A7092
:104E20004D4B1B681A0A7B680E33D2B21A704A4B7C
:104E30001A687B680F33D2B21A70474B5B681A0E40
:104E40007B681033D2B21A70434B5B681A0C7B68D4
:104E50001133D2B21A70404B5B681A0A7B68123366
:104E6000D2B21A703C4B5A687B681333D2B21A70B4
:104E70003A4B1B681A0E7B681433D2B21A70374B48
:104E80001B681A0C7B681533D2B21A70334B1B683F
:104E90001A0A7B681633D2B21A70304B1A687B68D4
:104EA0001733D2B21A702D4B5B681A0E7B68183319
:104EB000D2B21A70294B5B681A0C7B681933D2B2D4
:104EC0001A70264B5B681A0A7B681A33D2B21A70C2
:104ED000224B5A687B681B33D2B21A70204B1B6876
:104EE0001A0E7B681C33D2B21A701D4B1B681A0C49
:104EF0007B681D33D2B21A70194B1B681A0A7B6883
:104F00001E33D2B21A70164B1A687B681F33D2B2A6
:104F10001A70134B5B681A0E7B682033D2B21A707A
:104F20000F4B5B681A0C7B682133D2B21A700C4BA2
:104F30005B681A0A7B682233D2B21A70084B5A682F
:104F40007B682333D2B21A7000BF1037BD4680BDD4
:104F500010060020C4160020B4160020BC16002045
:104F6000CC16002080B58CB000AF7860B44B1B68C5
:104F70004FF0FF31184617F01BFFB24B1B68FB6266
:104F8000AF4B186800230022002117F0CFFBAE487A
:104F900005F01AFBB862BB6A1B0EDAB27B681A70A6
:104FA000BB6A1A0C7B680133D2B21A70BB6A1A0A48
:104FB0007B680233D2B21A707B680333BA6AD2B20A
:104FC0001A70FB6AD3ED007A9FEDA07A67EE877ABC
:104FD000FDEEE77A17EE903AFB84FB6AD3ED017A97
:104FE0009FED9A7A67EE877AFDEEE77A17EE903AB0
:104FF000BB84FB6AD3ED027A9FED947A67EE877AE1
:10500000FDEEE77A17EE903A7B84B7F926301B1253
:105010001AB27B680433D2B21A707B680533FA8CFB
:10502000D2B21A70B7F924301B121AB27B68063359
:10503000D2B21A707B680733BA8CD2B21A70B7F941
:1050400022301B121AB27B680833D2B21A707B6806
:1050500009337A8CD2B21A707D4B1B881B0A9AB224
:105060007B680A33D2B21A70794B1A887B680B338B
:10507000D2B21A70764B5B881B0A9AB27B680C33EB
:10508000D2B21A70724B5A887B680D33D2B21A7042
:105090006F4B9B881B0A9AB27B680E33D2B21A7090
:1050A0006B4B9A887B680F33D2B21A70684BDB88DF
:1050B0001B0A9AB27B681033D2B21A70644BDA883A
:1050C0007B681133D2B21A70614B1B891B0A9AB2EA
:1050D0007B681233D2B21A705D4B1A897B68133326
:1050E000D2B21A705A4B5B891B0A9AB27B6814338E
:1050F000D2B21A70564B5A897B681533D2B21A70E5
:10510000544BD3ED007A9FED547A67EE877AFDEE2B
:10511000E77A17EE903AFB614E4BD3ED017A9FEDA3
:105120004E7A67EE877AFDEEE77A17EE903ABB612A
:10513000FB691A0E7B681633D2B21A70FB691A1417
:105140007B681733D2B21A70FB691A127B68183366
:10515000D2B21A707B681933FA69D2B21A70BB697D
:105160001A0E7B681A33D2B21A70BB691A147B68A4
:105170001B33D2B21A70BB691A127B681C33D2B2CD
:105180001A707B681D33BA69D2B21A70314B93ED35
:10519000027ADFED326AC7EE267AFCEEE77AC7EDD7
:1051A000007A3B78FB757B681E33FA7D1A702C4BB6
:1051B000D3ED047A9FED2B7A67EE877AFDEEE77ADE
:1051C00017EE903ABB82264BD3ED057A9FED257AF8
:1051D00067EE877AFDEEE77A17EE903A7B82204BF6
:1051E000D3ED067A9FED1F7A67EE877AFDEEE77AB8
:1051F00017EE903A3B821A4BD3ED077A9FED197A5E
:1052000067EE877AFDEEE77A17EE903AFB81B7F901
:1052100014301B121AB27B681F33D2B21A707B682B
:105220002033BA8AD2B21A70B7F912301B121AB2EE
:105230007B682133D2B21A707B68223314E000BF3E
:1052400010220020600200201006002000007A4496
:105250005C220020901900200024744900401C4664
:10526000742200200060EA467A8AD2B21A70B7F936
:1052700010301B121AB27B682333D2B21A707B68CB
:1052800024333A8AD2B21A70B7F90E301B121AB20E
:105290007B682533D2B21A707B682633FA89D2B282
:1052A0001A7000BF3037BD4680BD00BF80B588B0E2
:1052B00000AF7860AD4B1B684FF0FF31184617F018
:1052C00077FDAB4B1B68FB61A84B186800230022DD
:1052D000002117F02BFAA74805F076F9B861BB69F1
:1052E0001B0EDAB27B681A70BB691A0C7B6801333B
:1052F000D2B21A70BB691A0A7B680233D2B21A7032
:105300007B680333BA69D2B21A70FB69B3F92230F1
:105310001B121AB27B680433D2B21A70FB69B3F95C
:1053200022207B680533D2B21A70FB69B3F92430AE
:105330001B121AB27B680633D2B21A70FB69B3F93A
:1053400024207B680733D2B21A70FB69B3F9263088
:105350001B121AB27B680833D2B21A70FB69B3F918
:1053600026207B680933D2B21A70FB69D3ED007A2C
:105370009FED817A67EE877AFDEEE77A17EE903A35
:10538000FB82FB69D3ED017A9FED7B7A67EE877A2A
:10539000FDEEE77A17EE903ABB82FB69D3ED027A15
:1053A0009FED757A67EE877AFDEEE77A17EE903A11
:1053B0007B82B7F916301B121AB27B680A33D2B25D
:1053C0001A707B680B33FA8AD2B21A70B7F91430AC
:1053D0001B121AB27B680C33D2B21A707B680D3381
:1053E000BA8AD2B21A70B7F912301B121AB27B689D
:1053F0000E33D2B21A707B680F337A8AD2B21A7027
:105400005E4B1B881B0A9AB27B681033D2B21A70AB
:105410005A4B1A887B681133D2B21A70574B5B888B
:105420001B0A9AB27B681233D2B21A70534B5A8855
:105430007B681333D2B21A70504B9B881B0A9AB206
:105440007B681433D2B21A704C4B9A887B68153340
:10545000D2B21A70494BDB881B0A9AB27B681633AA
:10546000D2B21A70454BDA887B681733D2B21A7001
:10547000424B1B891B0A9AB27B681833D2B21A704E
:105480003E4B1A897B681933D2B21A703C4BD3ED6C
:10549000007A9FED3C7A67EE877AFDEEE77A17EEA9
:1054A000903AFB60364BD3ED017A9FED367A67EE8A
:1054B000877AFDEEE77A17EE903ABB60FB681A0E2A
:1054C0007B681A33D2B21A70FB681A147B681B33DC
:1054D000D2B21A70FB681A127B681C33D2B21A70EF
:1054E0007B681D33FA68D2B21A70BB681A0E7B68EB
:1054F0001E33D2B21A70BB681A147B681F33D2B243
:105500001A70BB681A127B682033D2B21A707B689B
:105510002133BA68D2B21A70194B93ED027ADFEDDB
:105520001A6AC7EE267A7B682233FCEEE77AC7ED6B
:10553000007A3A78D2B21A70FB691B8D1B0A9AB2B4
:105540007B682333D2B21A70FB691A8D7B682433CF
:10555000D2B21A707B68253300221A707B6826331A
:1055600000221A7000BF2037BD4680BD10220020E7
:10557000600200201006002000007A445C22002017
:10558000901900200024744900401C4680B58EB05C
:1055900000AF7860B24B1B684FF0FF31184617F030
:1055A00007FCB04B1B68BB62AD4B186800230022A0
:1055B000002117F0BBF8AC4805F006F878627B6A6A
:1055C0001B0EDAB27B681A707B6A1A0C7B68013397
:1055D000D2B21A707B6A1A0A7B680233D2B21A708E
:1055E0007B6803337A6AD2B21A70BB6AD3ED007A51
:1055F0009FED9E7A67EE877AFDEEE77A17EE903A96
:105600007B84BB6AD3ED017A9FED987A67EE877A47
:10561000FDEEE77A17EE903A3B84BB6AD3ED027A4F
:105620009FED927A67EE877AFDEEE77A17EE903A71
:10563000FB83B7F922301B121AB27B680433D2B253
:105640001A707B6805337A8CD2B21A70B7F92030A1
:105650001B121AB27B680633D2B21A707B6807330A
:105660003A8CD2B21A70B7F91E301B121AB27B688C
:105670000833D2B21A707B680933FA8BD2B21A702F
:105680007B4B9B891B0A9AB27B680A33D2B21A7091
:10569000774B9A897B680B33D2B21A70744BDB89D3
:1056A0001B0A9AB27B680C33D2B21A70704BDA893B
:1056B0007B680D33D2B21A706D4B1B8A1B0A9AB2EB
:1056C0007B680E33D2B21A70694B1A8A7B680F332B
:1056D000D2B21A70BB6AB3F922301B121AB27B68BD
:1056E0001033D2B21A70BB6AB3F922207B6811332F
:1056F000D2B21A70BB6AB3F924301B121AB27B689B
:105700001233D2B21A70BB6AB3F924207B68133308
:10571000D2B21A70BB6AB3F926301B121AB27B6878
:105720001433D2B21A70BB6AB3F926207B681533E2
:10573000D2B21A704F4BD3ED007A9FED4F7A67EEDD
:10574000877AFDEEE77A17EE903ABB61494BD3EDCD
:10575000017A9FED497A67EE877AFDEEE77A17EED8
:10576000903A7B61BB691A0E7B681633D2B21A700D
:10577000BB691A147B681733D2B21A70BB691A124C
:105780007B681833D2B21A707B681933BA69D2B207
:105790001A707B691A0E7B681A33D2B21A707B6951
:1057A0001A147B681B33D2B21A707B691A127B6899
:1057B0001C33D2B21A707B681D337A69D2B21A7068
:1057C0002C4B93ED027ADFED2D6AC7EE267AFCEEC4
:1057D000E77AC7ED007A3B78FB747B681E33FA7C6E
:1057E0001A70274B1B781B015AB2264B1B881B0AC9
:1057F0009BB25BB203F00F035BB213435AB27B68F8
:105800001F33D2B21A701F4B1A887B682033D2B272
:105810001A701D4BD3F8A0307B631B4BD3F8A43018
:105820003B63194BD3F8A830FB62174BD3ED277AB3
:10583000F5EEC07AF1EE10FA2AD5D7ED0D7AF1EE39
:10584000677AC7ED0D7AD7ED0C7AF1EE677AC7ED7E
:105850000C7AD7ED0B7AF1EE677AC7ED0B7A17E089
:1058600010220020600200201006002000007A4470
:105870005C220020901900200024744900401C463E
:10588000021C0020041C0020CC1900200060EA4605
:10589000D7ED0D7A1FED037A67EE877AFDEEE77A92
:1058A00017EE903A3B82D7ED0C7A1FED087A67EE3F
:1058B000877AFDEEE77A17EE903AFB81D7ED0B7A07
:1058C0001FED0E7A67EE877AFDEEE77A17EE903AD3
:1058D000BB81B7F910301B121AB27B682133D2B2E8
:1058E0001A707B6822333A8AD2B21A70B7F90E3036
:1058F0001B121AB27B682333D2B21A707B6824332E
:10590000FA89D2B21A70B7F90C301B121AB27B683E
:105910002533D2B21A707B682633BA89D2B21A7094
:1059200000BF3837BD4680BD2DE9B04F9CB002AFF7
:105930007860012387F863306C4B7B6600F0CEFB08
:1059400002F0E6F807F13C031846FEF7A5FF07F161
:105950003C03184600F0B0FD0346002B0DD007F1C4
:105960003C031846FEF75EFC07F10C0307F13C010F
:1059700004220120FEF74FF907E007F10C0307F1BD
:105980003C0127220220FEF746F9594B1B7883F091
:105990000103DBB2002B04D007F10C031846FEF71D
:1059A000D1F97B6E00229846914642464B464FF015
:1059B00000004FF00001590141EAD2615001024656
:1059C0000B46B2EB080463EB09054FF000024FF001
:1059D0000003AB0043EA9473A20014461D4614EB87
:1059E000080A45EB090B4FF000024FF000034FEAA5
:1059F000CB0343EA5A734FEACA0292469B4650468B
:105A000059464FF47A724FF00003FBF79DF90246B6
:105A10000B4607F1080300924FF0FF3200210020EF
:105A200019F076F80346012B2AD1BB6803F0010375
:105A3000002B02D02F4B01221A70BB6803F0020327
:105A4000002B02D02B4B00221A70BB6803F004031A
:105A5000002B15D0284B1B684FF0FF31184617F06C
:105A6000A7F9264B1B781A464EF6602302FB03F378
:105A70007B66214B186800230022002116F056FE99
:105A800097F86330012B8CD100F028FB02F040F82E
:105A900007F13C031846FEF7FFFE07F13C031846EA
:105AA00000F00AFD0346002B0DD007F13C03184619
:105AB000FEF7B8FB07F10C0307F13C0104220120BB
:105AC000FEF7A9F807E007F10C0307F13C012722D4
:105AD0000220FEF7A0F80A4B186807F10C0100231A
:105AE0004FF0FF3216F022FE5BE700BFC02709002F
:105AF000750200207402002004220020760200209B
:105B0000441C00202DE9B04F9CB002AF7860634B7D
:105B10007B667B6E00229846914642464B464FF08C
:105B200000004FF00001590141EAD26150010246E4
:105B30000B46B2EB080463EB09054FF000024FF08F
:105B40000003AB0043EA9473A20014461D4614EB15
:105B5000080A45EB090B4FF000024FF000034FEA33
:105B6000CB0343EA5A734FEACA0292469B46504619
:105B700059464FF47A724FF00003FBF7E5F80246FE
:105B80000B4613460093464B4FF0FF320021002096
:105B900018F0BEFF0346012B2DD1414B1B6803F0CB
:105BA0000103002B02D03F4B01221A703C4B1B68B3
:105BB00003F00203002B02D03A4B00221A70384B3C
:105BC0001B6803F00403002B15D0374B1B684FF004
:105BD000FF31184617F0ECF8344B1B781A464EF696
:105BE000602302FB03F37B662F4B1868002300221F
:105BF000002116F09BFD2B4B1B78002B89D02C49E4
:105C00002C4800F06BF800F02BF92B4B1B78002B85
:105C10003FF47FAF294808F0CFF92949274800F021
:105C20005DF800F037F9274B03F5FA430C331A46B9
:105C3000254B1846114642F6D0731A4623F0C9F98F
:105C40002249214800F04AF800F0E8F9204B0022F0
:105C50001A601F4B1B68FF221849184602F088F88B
:105C60001C49164800F03AF800F03AF907F13C03F5
:105C70001846FFF773F807F10C0307F13C012722E0
:105C80000D20FDF7C8FF144B186807F10C01002325
:105C90004FF0FF3216F04AFD3BE700BFC027090076
:105CA000A8160020740200200422002076020020A2
:105CB000C4160020007D0064D8210020D0AC006410
:105CC000CC16002000000C08A0DC0064B4160020F4
:105CD000B8180020BC160020441C0020F0B587B086
:105CE00000AF786039600023FB600023BB60544B39
:105CF00000221A70524B00225A70514B00229A70A7
:105D00004F4B0022DA704F4B00221A604E4B1B683B
:105D10009A684D4B1B6842F001029A6040F6F432DB
:105D2000796849480DF0ECF90346464A1360474B41
:105D30001A68444B1B689A427ED000237B6178E04E
:105D40007A6913461B029B1A1B01FB60FB687A6889
:105D500013443F4A104619464FF47F631A4623F016
:105D600038F9394B1B689A68374B1B6842F00102BF
:105D70009A60344B00221A604FF47F7234493248E3
:105D80000DF0BEF903462F4A1360324B1A682D4BB3
:105D90001B689A424AD000233B6144E03A691346AB
:105DA0005B0013441B011A46FB681344BB60BB68CD
:105DB0007A681344284A1C46164604F1300C3546CE
:105DC0002346186859689A68DB680FC51034103686
:105DD0006445F4D11C4B1B689A681B4B1B6842F04E
:105DE00001029A60174B00221A600C221A491648C9
:105DF0000DF086F90346134A1360184B1A68114BCD
:105E00001B689A420CD00E4A7B69134401221A7017
:105E10000B4B0122DA703A6830210F4800F01EF96E
:105E20003B6901333B613B69542BB7DD7B6901332F
:105E30007B617B69022B83DD00BF1C37BD46F0BD53
:105E4000A4160020A01600200C05002068020020E7
:105E5000700C01646C020020601C01647002002060
:105E600080B500AF084BDB78002B0AD0074B1B78BE
:105E700042F6D0721946064822F0DBF9024B0022A6
:105E8000DA7000BF80BD00BFA41600208A02002087
:105E9000007D006480B500AF0D4BDB78002B14D083
:105EA0000C4B1B7883F00103DBB2002B0DD00A4BA7
:105EB0001B784FF4FF721946084822F0BAF90748D8
:105EC00007F0E2FF024B0022DA7000BF80BD00BF86
:105ED000A4160020B02200208A020020901C016439
:105EE00080B500AF464B1B78002B3DD0444B5B7810
:105EF000002B39D0424B9B78002B35D0414B1B688F
:105F000010221946404800F0F7FF3E4B1A683F4BFD
:105F10001B6813443B4A13603A4B1B681022194616
:105F2000394800F0E9FF374B1A68384B1B681344B7
:105F3000344A1360334B1B6810221946324800F074
:105F4000DBFF334B1B7842F6D0721946314822F002
:105F500070F9314B1B68FF222E49184601F00EFEE6
:105F60000A2017F00BFC49E0254B1B78002B10D0C2
:105F7000294B00221A60234B1B6810221946224825
:105F800000F0BAFF244B1B6855222249184601F045
:105F9000F5FD1B4B5B78002B15D01F4B4FF4805247
:105FA0001A601A4B1B68174A1360164B1B681022A5
:105FB0001946154800F0A0FF174B1B6855221549DC
:105FC000184601F0DBFD0E4B9B78002B16D0124BD0
:105FD0004FF400521A600D4B1B685B00094A1360B6
:105FE000084B1B6810221946074800F085FF0A4B32
:105FF0001B6855220749184601F0C0FD00BF80BD4F
:10600000A4160020441700207407002080020020FE
:106010008A020020D0AC0064BC18002080B500AF1C
:106020000B4BDB78002B10D00A4B1B7842F6D0725A
:106030001946094822F0FDF819F0E4FC00F068FA6E
:1060400019F012FD024B0022DA7000BF80BD00BFC4
:10605000A41600208A020020A0DC006480B487B06F
:1060600000AFF860B9607A601B4B1B78BB740023EB
:106070007B6126E0FA687B6913441B787B747A7C29
:10608000BB7C9A421AD07B681B685A1C7B681A60DA
:106090007A7CBB7C5340FB740DE0FB7C013BDBB2A4
:1060A0005AB297F9133013405BB2FB747B685B689C
:1060B0005A1C7B685A60FB7C002BEED17B69013354
:1060C0007B617A69BB689A42D4D300BF00BF1C379A
:1060D000BD465DF8047B70478A02002080B586B01B
:1060E00004AF6C4B1B684FF0FF31184616F060FE92
:1060F00064230293022301933B1D009301230F228B
:10610000902165480EF0C4FF03461A46634B1A708F
:10611000624B1B78002B0FD13B791B027A7913431A
:1061200040F21712934203D15D4B00221A7006E031
:106130005B4B01221A7002E05A4B01221A70642351
:10614000029301230193FB1C009301230F22D3210F
:1061500051480EF09DFF03461A46504B1A704F4BA4
:106160001B78002B09D1FB78D32B03D14E4B002297
:106170001A7002E04C4B01221A706423029301232F
:106180000193BB1C009301232022602142480EF0A2
:106190007FFF03461A46414B1A70404B1B78002B79
:1061A00009D1BB78062B03D1404B00221A7002E0C4
:1061B0003E4B01221A7064230293022301933B1D7C
:1061C000009301230F22902139480EF061FF03460E
:1061D0001A46324B1A70314B1B78002B0FD13B798A
:1061E0001B027A79134340F21712934203D1314BC9
:1061F00000221A7006E02F4B01221A7002E02E4B8B
:1062000001221A706423029301230193FB1C009363
:1062100001230F22D32126480EF03AFF03461A46E7
:106220001E4B1A701D4B1B78002B09D1FB78D32B0A
:1062300003D1224B00221A7002E0204B01221A7077
:106240006423029301230193BB1C009301232022AA
:10625000602117480EF01CFF03461A460F4B1A70B8
:106260000E4B1B78002B09D1BB78062B03D1144BA6
:1062700000221A7002E0124B01221A70054B1868B6
:1062800000230022002116F051FA00BF0837BD4656
:1062900080BD00BFF821002014050020D416002086
:1062A00077020020AC160020790200207B0200203B
:1062B0006805002078020020AD1600207A02002038
:1062C0007C02002080B400AF0C4B1B78002B03D164
:1062D0000B4B1B78002B0AD0094B1B785B005AB282
:1062E000064B1B785BB213435BB2DBB200E00023CA
:1062F0001846BD465DF8047B704700BF7B02002056
:106300007C02002080B400AF0C4B1B78002B03D123
:106310000B4B1B78002B0AD0094B1B785B005AB241
:10632000064B1B785BB213435BB2DBB200E0002389
:106330001846BD465DF8047B704700BF7702002019
:106340007802002080B400AF0C4B1B78002B03D1E7
:106350000B4B1B78002B0AD0094B1B785B005AB201
:10636000064B1B785BB213435BB2DBB200E0002349
:106370001846BD465DF8047B704700BF79020020D7
:106380007A02002080B400AF194B1B78002B0BD190
:10639000174B5B78002B07D1154B9B78002B03D153
:1063A000134BDB78002B19D0124B01221A70104BC3
:1063B000DB78DB005AB20E4B9B789B005BB2134339
:1063C0005AB20B4B5B785B005BB213435AB2084B7B
:1063D0001B785BB213435BB2DBB203E0054B0022D8
:1063E0001A7000231846BD465DF8047B704700BF55
:1063F000DC1800207D02002080B400AF0F4B1B781A
:10640000002B03D10E4B1B78002B0DD00D4B01221E
:106410001A700B4B1B785B005AB2084B1B785BB2AF
:1064200013435BB2DBB203E0064B00221A70002379
:106430001846BD465DF8047B704700BFAE160020CD
:10644000AF1600207E02002080B400AF164B1B78F0
:10645000002B0BD1154B1B78002B07D1144B1B784D
:10646000002B03D1134B1B78002B16D00E4B1B783F
:10647000DB005AB20D4B1B789B005BB213435AB240
:106480000B4B1B785B005BB213435AB2094B1B7872
:106490005BB213435BB2DBB200E000231846BD469B
:1064A0005DF8047B704700BFB0160020B0220020CA
:1064B000B1160020B216002080B485B000AF78601D
:1064C0000023FB7307E0FB7B7A6813441B78002BE7
:1064D00001D0012303E0FB7B262BF4D900231846CF
:1064E0001437BD465DF8047B7047000080B500AFEF
:1064F00015F05AFD0346044A136015F055FD034696
:10650000024A136000BF80BDD8160020DC160020B0
:106510002DE9B04F8CB000AF0DF0DAFA484BF32202
:10652000DA600023BB600A233B6101237B61022305
:10653000BB613A1D07F10803114618460DF02AFC0D
:106540000346002B74D13F4B3B624FF4FA53FB617F
:106550000023FB6216E0FB6A9B003B4A9918FB6A2A
:106560009B003A6A13441B6800229A46934652469F
:106570005B4602200DF058FA0346002B07D1FB6A58
:106580000133FB62FA6AFB699A42E4D300E000BF80
:106590002E4B3B6240F6F433FB610023BB6219E0F3
:1065A000BB6A9A00284B03F5FA430C33D118BB6A37
:1065B0009B003A6A13441B68002298469146424663
:1065C0004B4602200DF030FA0346002B07D1BB6A80
:1065D0000133BB62BA6AFB699A42E1D300E000BFB3
:1065E0001B4B3B6240F27713FB6100237B6219E097
:1065F0007B6A9A00144B03F52C43E833D1187B6A6D
:106600009B003A6A13441B6800221C46154622462A
:106610002B4602200DF008FA0346002B07D17B6AB7
:1066200001337B627A6AFB699A42E1D300E000BFE2
:106630000DF070FA00BF3037BD46BDE8B08F00BF27
:10664000003C02400000006400000C08A0DC006474
:10665000901E016480B500AF0B4A0C4B10461946E2
:106660004FF4FA431A4622F0B4FC084B03F52C43CE
:10667000E8331A46064B1846114640F2DC531A46D8
:1066800022F0A7FC00BF80BD0000006400000C08E1
:10669000901E016480B586B002AF78600B467B80A7
:1066A0000523BB8100233B817B88184600F0F2F86C
:1066B00007F1080207F10C014FF0FF3300930223AA
:1066C000786812F076FB7B88184600F0F5F87B7A44
:1066D00003F00203002B0CBF01230023DBB218469A
:1066E0001037BD4680BD80B500AF00F0C7F8102060
:1066F00000F0E2F8202000F0DFF8402000F0DCF8A5
:106700004FF4007000F0D8F800BF80BD80B500AF36
:106710004FF4FA420021484821F08BFD464B0F22EE
:106720005A70464B00221A80454B00221A80454B76
:1067300000221A80444B00221A80444B00221A8106
:10674000434B00221A70434B00221A70424B002226
:106750001A70424B00221A70414B00221A70414BB2
:1067600000221A7000F08AF8102000F0A5F820200E
:1067700000F0A2F8402000F09FF84FF4007000F005
:106780009BF8394B00221A70374B00225A70364B57
:1067900000225A60344B00229A60334B0022DA60A8
:1067A000314B00221A61304B00229A822E4B00227C
:1067B0009A612D4B00221A772B494FF000024FF0BF
:1067C0000003C1E908231021284800F0F1F84FF434
:1067D0007A7016F0D3FF2021244800F0E9F84FF436
:1067E0007A7016F0CBFF4021204800F0E1F84FF41A
:1067F0007A7016F0C3FF4FF400711C4800F0D8F80F
:106800004FF47A7016F0BAFF194B1B7842F6D0722B
:106810001946184821F00DFD174B00221A60164B3F
:106820001B68FF221349184601F0A8F90A2016F048
:10683000A5FF00BF80BD00BF00000064C01800209D
:10684000C2180020C4180020C6180020C818002054
:10685000D0180020D1180020D2180020D318002012
:10686000D4180020D51800207818002074070020C4
:106870008A020020D0AC0064BC18002080B500AFB4
:1068800001224FF4005102480DF056FE00BF80BDBA
:106890000008024080B582B000AF0346FB80FB8851
:1068A0000022194603480DF047FE00BF0837BD46D9
:1068B00080BD00BF0008024080B582B000AF034633
:1068C000FB80FB880122194603480DF035FE00BF0E
:1068D0000837BD4680BD00BF0008024080B584B0C7
:1068E00000AF78600B467B809F23FB737B88184644
:1068F000FFF7D0FF07F10F010A230122786811F09A
:10690000FBFF7B88102B06D10A23032215497868E8
:1069100012F036F91DE07B88202B06D10A230322D2
:106920001149786812F02CF913E07B88402B06D1CE
:106930000A2303220D49786812F022F909E07B88C6
:10694000B3F5007F05D10A2303220949786812F0C4
:1069500017F97B881846FFF7AFFF00BF1037BD4619
:1069600080BD00BFA8180020AC180020B01800207F
:10697000B418002080B586B002AF78600B467B80EB
:106980000623FB737B881846FFF784FF07F10E028E
:1069900007F10F010A2300930123786812F009FA26
:1069A0007B881846FFF788FF00BF1037BD4680BDC3
:1069B00080B586B002AF78600B467B800023BB6059
:1069C0007B681B68DB68BB607B681B689B68BB607F
:1069D000BB687B8819467868FFF7CCFF7B8819462F
:1069E0007868FFF757FE0346002B05D07B881846D2
:1069F000FFF762FF01234CE0C723BB737B88184677
:106A0000FFF748FF07F10E010A2300930123234AF1
:106A1000786812F0CEF90346FB737B881846FFF7BF
:106A20004BFFFB7B002B2CD14FF47A7016F0A6FEA7
:106A30007B881846FFF72EFF0A2300930223184A8B
:106A40001849786812F0B5F90346FB737B8818463D
:106A5000FFF732FFFB7B002B15D1114B5A78124BFD
:106A60001A70114B1B7803F00103002B02D0052094
:106A700016F084FE0C4B1B7803F00103002BD7D1DA
:106A800002E000BF00E000BF7B881846FFF714FF5C
:106A9000FB7B18461037BD4680BD00BFE0160020C6
:106AA0001C190020840200201017002090B58FB020
:106AB00002AFF860B9607A603B60024B1B7887F8E0
:106AC0002F307CE178180020BB68DBB2BB62BB6A68
:106AD000C3F580737B627A6A3B68934228BF134692
:106AE0003B620023BB61FB681B68DB68BB61FB6822
:106AF0001B689B68BB61BB69B7F840301946F868F2
:106B0000FFF738FFB7F840301946F868FFF7C2FDC5
:106B10000346002B40F05981AD4B02221A70BB682E
:106B20001B0CDAB2AA4B5A70BB681B0ADAB2A84B2C
:106B30009A70BB68DAB2A64BDA703A6A7968A548EF
:106B400022F047FAA44B1B78022B0BD9A24B002250
:106B50001A70A24B1B780133DAB2A04B1A70BB68D3
:106B60003033BB609D4B1B781D2B36D99C4B1B785B
:106B700018469C4B1B8819469B4A4FF47A6300FBCE
:106B800003F30B445B0013445B785AB2974B1B88AA
:106B9000194601238B405BB213435AB2904B1B78CA
:106BA0001C46904B1B881846D1B28F4A4FF47A632B
:106BB00004FB03F303445B0013440A465A708B4BF7
:106BC0001B8803F57F63BB60844B00221A70884BDF
:106BD0001B780133DAB2864B1A70854B1B78042B75
:106BE00042D97F4B1B7818467E4B1B8819467E4A3C
:106BF0004FF47A6300FB03F30B4412F81330784A26
:106C000012781446774A1288104643F00103D9B22D
:106C1000754A4FF47A6304FB03F3034402F813103C
:106C20006F4B1B78734A32F81320013291B2714ACC
:106C300022F813106B4B1B8801339AB2694B1A80F0
:106C4000684B1B881A4613461B029B1ADB01BB606C
:106C5000614B00221A70614B00221A70644B0022B3
:106C60001A70624B00221A805D4B1B781A46614BEA
:106C700033F81230B3F5FA6F18D9594B1B7801333A
:106C8000DAB2574B1A700023BB60554B1B7818467D
:106C900000F0CCF90346A7F840304F4B00221A70A1
:106CA0004E4B00221A70524B00221A70524B1B6836
:106CB0000021184616F07CF800BFFB681B689B6833
:106CC00003F08003802BF8D0B7F840301846FFF768
:106CD000E1FD3B6A9BB204339BB2484A3C49F868E9
:106CE00012F010FA0346FB77FB7F002B40F0888000
:106CF000414B1B684FF0FF31184616F059F800BFA2
:106D0000FB681B689B6803F08003802BF8D0B7F802
:106D100040301846FFF7D0FD0523BB8200233B829D
:106D2000B7F840301846FFF7B5FD07F1100207F13C
:106D300014010A2300930223F86812F03AF803467C
:106D4000FB77B7F840301846FFF7B6FDFB7F002B06
:106D500058D17B7C03F00103002B02D0012016F0F8
:106D60000DFD7B7C03F00103002BD9D1BA683B6A8F
:106D70001344BB607A683B6A13447B603A683B6AA1
:106D8000D31A3B60B7F84030184600F0A5FD034623
:106D9000002B14BF01230023BB77BB7F002B05D042
:106DA0000D4B1B780133DAB20B4B1A70B7F8403039
:106DB000184600F091FD0346002B7FF4C3AE3B68FC
:106DC000002B7FF481AE002323E000BF1BE000BF57
:106DD000481700204C170020D0180020D1180020A0
:106DE00078180020C018002000000064C41800209B
:106DF000D2180020C8180020F02100201018002010
:106E000000BF00E000BFB7F840301846FFF754FD60
:106E1000012318463437BD4690BD00BF80B586B00B
:106E200000AFF860B9607A607B802F4B1B6800214F
:106E3000184615F0BDFF00233B61FB681B68DB684B
:106E40003B61FB681B689B683B613B697B88043343
:106E50001A460021254821F0ECF9244B03221A7030
:106E6000BB681B0CDAB2214B5A70BB681B0ADAB242
:106E70001E4B9A70BB68DAB21C4BDA703B8C18461A
:106E8000FFF708FD7B8804339BB2194A1749F8685D
:106E900012F038F90346FB75FB7D002B1AD1124B1B
:106EA0001B684FF0FF31184615F082FF00BFFB68EA
:106EB0001B689B6803F08003802BF8D03B8C18463E
:106EC000FFF7FAFC7B881A460A49786822F081F8B5
:106ED000002305E000BF3B8C1846FFF7EDFC0123C3
:106EE00018461837BD4680BDF02100204817002005
:106EF000AC170020B017002080B588B002AFF86052
:106F0000B9601346FB800023FB7503237B75424B5E
:106F100020221A70BB681B0CDAB23F4B5A70BB6858
:106F20001B0ADAB23C4B9A70BB68DAB23A4BDA70A1
:106F300000233B61FB681B68DB683B61FB681B68E7
:106F40009B683B613B69FB881946F868FFF712FDB7
:106F5000FB881946F868FFF79DFB0346002B05D018
:106F6000FB881846FFF7A8FC012351E0FB88184670
:106F7000FFF790FC0A2300930423284A2649F86867
:106F800011F017FF0346BB75FB881846FFF794FC0A
:106F9000BB7D002B32D1642016F0F0FBFB88184635
:106FA000FFF778FC0A23009302231D4A1D49F86865
:106FB00011F0FFFE0346BB75FB881846FFF77CFC0B
:106FC000BB7D002B1CD1164B5A78174B1A70164BF1
:106FD0001B7803F00103002B02D0052016F0CEFB36
:106FE000FB7D0133FB75104B1B7803F00103002B75
:106FF00008D0FA7D7B7D9A42D0D303E000BF02E047
:1070000000BF00E000BFFB881846FFF755FCBB7DC2
:1070100018461837BD4680BD20190020E016002014
:1070200024190020880200201017002080B483B0AB
:1070300000AF0346FB71FB79032B14D801A252F871
:1070400023F000BF55700008597000085D700008FB
:1070500061700008102307E0202305E0402303E0CF
:107060004FF4007300E0102318460C37BD465DF85E
:10707000047B7047F0B587B002AF7860884B1B681F
:107080004FF0FF31184615F093FE864B1B781846DB
:10709000FFF7CCFF0346BB81824B1B781846824B1F
:1070A0001B881946814A4FF47A6300FB03F30B44B3
:1070B00012F81330002B13D07B4B1B8801339AB28C
:1070C000794B1A80784B1B881A4613461B029B1A71
:1070D000DB011A46734B5A60754B00221A7002E0AE
:1070E000734B01221A706F4B1B7818466E4B1B882E
:1070F00019466E4A4FF47A6300FB03F30B445B00BE
:1071000013445B781A466B4B1B8842FA03F303F077
:107110000103002B14BF01230023DAB2664B1A705F
:10712000654B1B78002B0FD0624B1B8801339AB242
:10713000604B1A805B4B5B6803F57F63594A536071
:107140005E4B00221A7002E05C4B01221A70554B14
:107150005B685B4A934208D9524B00225A60514BFC
:107160001B780133DAB24F4B1A70514B1B7883F006
:107170000103DBB2002B8FD1504B1B7883F001034E
:10718000DBB2002B88D14F4B1B7883F00103DBB2BD
:10719000002B34D0434B1B7F002B30D0414B596820
:1071A000BB8900933023484A4848FFF737FE0A203E
:1071B00016F0E4FA444B1B78CD2B15D10023FB735A
:1071C000384B5B683033374A5360364BDB680133EA
:1071D000344AD360334B1B690133324A136100F0E8
:1071E00061FE00F091FE01E00123FB73FB7B83F065
:1071F0000103DBB2002BD1D1324B01221A703022B5
:10720000FF21334821F015F8314A7B681C461646A9
:1072100004F1300C35462346186859689A68DB68D3
:107220000FC5103410366445F4D11E4B5968BB8924
:1072300000933023264A2548FFF738FC0346002BED
:1072400008D0174B186800230022002115F06EFAB1
:10725000012320E0134B01221A77124B5B68303375
:10726000104A53600F4BDB6801330E4AD3600D4B5D
:107270001B6901330B4A136100F014FE00F044FE59
:10728000074B186800230022002115F04FFA0D4B20
:1072900001221A70002318461437BD46F0BD00BF06
:1072A000E021002078180020C018002000000064B1
:1072B000D4180020C4180020E3180020D51800209E
:1072C000ABAA2A00E2180020E8180020740700206A
:1072D00014170020F0B587B002AF78605F4B1B68D1
:1072E0004FF0FF31184615F063FD5D4B5B78184693
:1072F000FFF79CFE0346FB81594B5A78584B1B788D
:107300009A421ED1564B9A68554B5B689A4200D000
:1073100017E0534B00229A60514B00225A60504BA9
:1073200000229A604E4B00225A604D4B00221A7781
:107330004A4B186800230022002115F0F7F90123B9
:10734000B7E1474B5B781846464B1B881946464ABF
:107350004FF47A6300FB03F30B4412F81330002B55
:1073600013D0404B1B8801339AB23E4B1A803D4BE1
:107370001B881A4613461B029B1ADB011A46384B20
:107380009A603A4B00221A7002E0384B01221A70C0
:10739000334B5B781846334B1B881946324A4FF4FF
:1073A0007A6300FB03F30B445B0013445B781A46DB
:1073B0002F4B1B8842FA03F303F00103002B14BF89
:1073C00001230023DAB22B4B1A702A4B1B78002BB7
:1073D0000FD0274B1B8801339AB2254B1A80204BC4
:1073E0009B6803F57F631E4A9360234B00221A704B
:1073F00002E0214B01221A70194B9B681F4A9342ED
:1074000008D9174B00229A60154B5B780133DAB22A
:10741000134B5A70154B1B7883F00103DBB2002B22
:107420008FD1154B1B7883F00103DBB2002B88D181
:107430000B4B9968FB8900933023114A1148FFF7E1
:10744000EDFC0346002B1FD0044B186800230022DC
:10745000002115F06BF901232BE100BFE021002092
:1074600078180020C218002000000064D418002002
:10747000C6180020E3180020D5180020ABAA2A0067
:1074800014170020740700202D228C49786821F001
:10749000A0FDFB89184600F0C5F90346042B05DD65
:1074A000874B1B780133DAB2854B1A70844B1B78FB
:1074B000282B29D9FB89013B824A12881046824A2F
:1074C0004FF47A6101FB03F303445B0013445B78E0
:1074D0005AB27E4B1B88194601238B405BB2134383
:1074E00059B2FB89013B774A12881646C8B2764AE0
:1074F0004FF47A6101FB03F333445B00134402460B
:107500005A706F4B00221A70FB89184600F08AF9F6
:107510000346DAB26E4B1B781344DAB26C4B1A7026
:10752000FB89184600F032F96A4B9B683033694A90
:107530009360684B9B8A01339AB2664B9A82654B83
:107540009B690133634A9361624B9B8A542B37D901
:10755000604B00229A825F4B9B6803F6FF7323F413
:107560007F6323F00F035B4A93605A4B9A685A4B30
:107570001B68D31A00221C461546564BC3E9084522
:10758000544BD3E908231146FB891A465348FFF7A9
:10759000B3FCFB89184600F05BF94C4B1B880133A8
:1075A0009AB24A4B1A80494B1B88082B08D1474B8B
:1075B00000221A80434B1B8801339AB2414B1A8038
:1075C000444B9B69464A934228D9424B00229A6118
:1075D000404B00229A823F4B5B780133DAB23D4B3D
:1075E0005A703C494FF000024FF00003C1E90823F4
:1075F000364B00221A80334B00221A80354B5B78C1
:10760000032B08D9334B00225A70304B00221A80CA
:107610002C4B00221A802F4B00229A602D4B5A7857
:107620002C4B1B789A4236D12A4B9A68294B5B68BF
:107630009A4230D1274B00229A60264B00225A6092
:10764000244B00229A60234B00225A60214B0022D7
:107650001A77204B00221A77224B00221A80224BE5
:1076600000221A80174B00221A80184B00221A8021
:10767000184B0022DA60174B00221A61154B0022CA
:107680001A70144B00225A70124B00229A82114B2E
:1076900000229A6102E00F4B01221A77134B00225D
:1076A0001A70134B186800230022002115F03EF8D1
:1076B000002318461437BD46F0BD00BF1417002044
:1076C000D3180020C218002000000064C618002053
:1076D000A4180020781800208002002074070020E1
:1076E000AAAA2A00C0180020C418002018190020D7
:1076F000E021002080B584B000AF0346FB808123E9
:10770000FB73FB881846FFF7C5F807F10F010A2342
:107710000122094811F0F0F80A230122074906481E
:1077200011F02EFAFB881846FFF7C6F8034B1B78BA
:1077300018461037BD4680BD74070020A1180020F0
:1077400080B584B000AF0346FB80B323FB73FB8896
:107750001846FFF79FF807F10F010A230122094895
:1077600011F0CAF80A2301220749064811F008FA65
:10777000FB881846FFF7A0F8034B1B781846103714
:10778000BD4680BD74070020A218002080B584B0DB
:1077900000AF0346FB80B623FB73FB881846FFF758
:1077A00079F807F10F010A230122054811F0A4F826
:1077B000FB881846FFF780F800BF1037BD4680BD34
:1077C0007407002080B584B000AF0346FB80FB88BF
:1077D0001846FFF78FFF0346DBB203F00803FB7385
:1077E000FB7B082B01D1012300E000231846103752
:1077F000BD4680BD80B584B000AF0346FB80FB88EA
:107800001846FFF777FF0346DBB203F00403FB7370
:10781000FB7B042B01D1012300E000231846103725
:10782000BD4680BD80B584B000AF0346FB80FB88B9
:107830001846FFF785FF0346DBB203F03C03FB73FA
:10784000FB7B9B08FB73FB7B18461037BD4680BD56
:1078500080B584B000AF0346FB8000233B73FB88F8
:107860001846FFF7DFFF03463B73FB881846FFF718
:10787000A9FF0346FB723B7B062B02D10123FB735E
:1078800001E00023FB73FB7A002B02D00123BB73C2
:1078900001E00023BB730F4B1B78142B02D1012393
:1078A0007B7301E000237B73FB7B002B05D1BB7B4B
:1078B000002B02D17B7B002B01D0012300E00023B1
:1078C000BB72BB7A03F00103BB72BB7A1846103758
:1078D000BD4680BDA018002080B584B000AF03462F
:1078E000FB80FB881846FFF785FF0346BB73BB7B15
:1078F000002B05D00C4B1B780133DAB20A4B1A70FF
:10790000094B1B78032B08D10123FB73074B1B7812
:107910000133DAB2054B1A7001E00023FB73FB7BE5
:1079200018461037BD4680BDA3180020A0180020BF
:1079300080B500AF00224FF4005102480CF0FCFD6E
:1079400000BF80BD0008024080B584B000AF034690
:10795000FB800523FB73FB881846FEF79BFF07F1AE
:107960000F010A238022074810F0C6FFFB88184643
:10797000FEF7A2FFFFF7DCFFFEF780FF00BF103726
:10798000BD4680BD7407002080B584B000AF0346BB
:10799000FB71FB791846FFF749FB0346BB81BB89A6
:1079A00019465348FEF79AFFBB89102B1AD1514B49
:1079B0001B789D2B07D14F4B5B78602B03D14D4B30
:1079C0009B781B2B0AD04C4B01221A70FB7B013396
:1079D000FB73BB891846FFF7B7FF5DE0464B0022FB
:1079E0001A7059E0BB89202B1AD1444B1B789D2B70
:1079F00007D1424B5B78602B03D1404B9B781B2B0C
:107A00000AD03D4B01221A70FB7B0133FB73BB890B
:107A10001846FFF799FF3FE0374B00221A703BE012
:107A2000BB89402B1AD1364B1B789D2B07D1344B89
:107A30005B78602B03D1324B9B781B2B0AD02E4BEB
:107A400001221A70FB7B0133FB73BB891846FFF7D9
:107A50007BFF21E0284B00221A701DE0BB89B3F5A3
:107A6000007F19D1274B1B789D2B07D1254B5B78C5
:107A7000602B03D1234B9B781B2B0AD01E4B01227A
:107A80001A70FB7B0133FB73BB891846FFF75CFF61
:107A900002E0194B00221A70FB7B012B04D8164B15
:107AA0001B78002B7FF47BAFBB89013B164A32F871
:107AB0001330B3F5FA6F03D3144B01221A7002E0AE
:107AC000124B00221A700C4B1B78002B03D10F4B6A
:107AD0001B78002B01D0012300E00023FB72FB7A0E
:107AE00003F00103FB72FB7A18461037BD4680BDD8
:107AF00074070020A8180020E0180020AC1800200F
:107B0000B0180020B4180020C8180020E118002088
:107B100080B582B000AF174B00221A6000237B6053
:107B200019E07B68DBB21846FFF72EFF03461946C3
:107B3000114A7B6813440A461A700F4A7B68134443
:107B40001B78002B04D00B4B1B680133094A1360D0
:107B50007B6801337B607B68032BE2DD054B1B6890
:107B6000042B01D1012300E0002318460837BD464D
:107B700080BD00BFD8180020DC18002080B58EB072
:107B800002AFF860B9601346FB71724B1B684FF08F
:107B9000FF31184615F00CF905233B830023BB8207
:107BA0006D4AFB681360002387F82F30AFE0302365
:107BB000BB62A3E0684B1B68DBB27B627B6AC3F5E8
:107BC00080733B623A6ABB6A934228BF1346FB61EB
:107BD00000233B61614B1B68DB683B615F4B1B68AB
:107BE0009B683B613B6910215C48FEF7C3FE102196
:107BF0005A48FEF74FFD0346002B40F09780584B44
:107C000002221A70544B1B681B0CDAB2544B5A7088
:107C1000514B1B681B0ADAB2514B9A704E4B1B68D2
:107C2000DAB24F4BDA70BB6AC3F13003BA6813445F
:107C3000FA6919464B4821F0CCF94B4B1B680021DF
:107C4000184615F0B5F800BF444B1B689B6803F05D
:107C50008003802BF8D01020FEF71CFEFB699BB23E
:107C600004339BB2414A3E493C4811F04BFA03466B
:107C7000FB76FB7E002B5BD13B4B1B684FF0FF314B
:107C8000184615F095F800BF344B1B689B6803F04D
:107C90008003802BF8D01020FEF70EFE1020FEF798
:107CA000F9FD07F1140207F118010A2300930223DA
:107CB0002A4811F07EF80346FB761020FEF7FCFD03
:107CC000FB7E002B36D17B7D03F00103002B02D01D
:107CD000012015F053FD7B7D03F00103002BDDD166
:107CE0001D4B1A68FB6913441B4A1360BA6AFB698F
:107CF000D31ABB62BA68FB691344BB60BB6A002B32
:107D00007FF458AF97F82F30013387F82F3097F86A
:107D10002F20FB799A42FFF44AAF0E4B18680023DC
:107D20000022002114F002FD00230FE000BF02E05A
:107D300000BF00E000BF074B1868002300220021AD
:107D400014F0F4FC1020FEF7B7FD0123184630377D
:107D5000BD4680BDE0210020E4180020740700200B
:107D6000481700204C170020F02100201018002098
:107D700080B588B000AFF860B9601346FB71434B23
:107D80001B684FF0FF31184615F012F83023BB6125
:107D90000023FB775CE03E4B1B680021184615F082
:107DA00007F800233B613B4B1B68DB683B61394BA9
:107DB0001B689B683B613B69BB6904331A46002121
:107DC000354820F036FA344B03221A70FB681B0C3E
:107DD000DAB2314B5A70FB681B0ADAB22E4B9A703A
:107DE000FB68DAB22C4BDA701020FEF753FDBB694A
:107DF0009BB204339BB2294A2749264811F082F9E5
:107E00000346FB75FB7D002B2FD1214B1B684FF0E8
:107E1000FF31184614F0CCFF00BF1E4B1B689B6857
:107E200003F08003802BF8D01020FEF745FDBA69DF
:107E30001B49B86821F0CDF8FB683033FB60BB68A4
:107E40003033BB600A2015F099FCFB7F0133FB77D0
:107E5000FA7FFB799A429ED30C4B186800230022CC
:107E6000002114F063FC00230BE000BF1020FEF79C
:107E700023FD064B186800230022002114F056FC55
:107E8000012318462037BD4680BD00BFE0210020F9
:107E9000F02100207407002048170020AC170020B4
:107EA000B017002080B400AF144BDB68542B1FD9EF
:107EB000134B1B8801339AB2114B1A80104B1B884D
:107EC000082B08D10E4B00221A800E4B1B88013361
:107ED0009AB20C4B1A80094B0022DA60074B5B68A0
:107EE00003F6FF7323F47F6323F00F03034A536009
:107EF00000BFBD465DF8047B704700BF78180020C6
:107F0000C4180020C018002080B500AF164B1B69B4
:107F1000164A934224D9164B00221A80154B002290
:107F20001A80114B00221A610F4B0022DA600E4BAF
:107F30001B780133DAB20C4B1A700B4B1B78032BF6
:107F40000BD90D4B01221A700C4B1868002300222C
:107F5000002114F0EBFB012303E0034B00225A60E5
:107F60000023184680BD00BF78180020AAAA2A0066
:107F7000C4180020C018002018190020E02100209B
:107F800080B500AF0A4802F0E5F90A4B00221A70EA
:107F900038220021084820F04CF900F011F803467F
:107FA00001221946054812F0AEF800BF80BD00BF9F
:107FB000281900208D190020901900201C0900208C
:107FC00080B400AF024B1846BD465DF8047B704795
:107FD0002619002080B582B000AF0346FB71FB7903
:107FE0001946064802F0C7F90346012B02D1044B9B
:107FF00001221A7000BF0837BD4680BD2819002035
:108000008D19002080B400AF074B1B78DBB2002B2A
:1080100004D0054B00221A70044B00E000231846E0
:10802000BD465DF8047B70478D190020281900209B
:1080300080B487B000AF87ED010A0346FB7097ED6F
:10804000017ADFED1E6AC7EE267AFDEEE77A17EEBB
:10805000903A3B613B69642202FB03F307EE903ADE
:10806000F8EEE77A97ED017A77EE677AC7ED037A53
:108070003B6907EE903AB8EEE77AD7ED036A9FEDD9
:10808000106AC6EE867A77EE277AC7ED057AFB7816
:10809000532B02D0FB78572B05D1D7ED057AF1EEA3
:1080A000677AC7ED057A7B6907EE903AB0EE670A0A
:1080B0001C37BD465DF8047B704700BF0000C84216
:1080C0000000704280B487B000AFF8607A601A4652
:1080D0000B46FB721346BB720023FB750023BB8269
:1080E00000237B820BE0BB8AFA6813441B782C2B9D
:1080F00002D1FB7D0133FB75BB8A0133BB82BB8A96
:10810000FA6813441B78002B12D0FA7DFB7A9A424E
:10811000E9D30DE0BB8AFA681A447B8A79680B447C
:1081200012781A70BB8A0133BB827B8A01337B824F
:10813000BB8AFA6813441B78002B10D0BB8AFA68FC
:1081400013441B782C2B0AD0BB8AFA6813441B7883
:108150002A2B04D07A8ABB7A013B9A42DADB7B8AEB
:108160007A68134400221A7000BF1C37BD465DF8C0
:10817000047B704780B483B000AF78607B681B7865
:10818000303BDBB21A46920013445B00DAB27B68E4
:1081900001331B781344DBB2303BDBB218460C379B
:1081A000BD465DF8047B70472DE9B04FF6B000AFD7
:1081B000C7F86C010622ED49D7F86C0120F05FF892
:1081C0000346002B09D00622E949D7F86C0120F0BC
:1081D00056F80346002B40F0578207F5C27202237F
:1081E0000221D7F86C01FFF76DFF97F88431412B1E
:1081F00040F04182DF4A012382F8353007F5E07212
:108200000F230121D7F86C01FFF75CFF07F5B87267
:108210000F230921D7F86C01FFF754FF07F5E0732E
:108220001846FFF7A7FF034687F8D43107F5E07338
:1082300002331846FFF79EFF034687F8D33107F550
:10824000E07304331846FFF795FF034687F8D231F1
:1082500007F5B8731846FFF78DFF034687F8D1314D
:1082600007F5B87302331846FFF784FF034687F813
:10827000D03107F5B87304331846FFF77BFF034688
:1082800087F8CF31BB4A97F8CF3182F83030B94AFE
:1082900097F8D03182F83130B64A97F8D13182F868
:1082A0003230B44A97F8D43182F83330B14A97F873
:1082B000D33182F83430AF4A97F8D23182F8353072
:1082C00097F8CF310022C7F84031C7F84421AA4BB4
:1082D000D7E950894A4603FB02F20223414601FBDB
:1082E00003F31A44A44B4146A1FB0313C7F86431BE
:1082F0000B46C7F86031D7F86431D318C7F864313A
:1083000097F8D0310022C7F83831C7F83C219B4B91
:10831000D7E94E894A4603FB02F20023414601FB9E
:1083200003F31A44954B4146A1FB0313C7F85C3194
:108330000B46C7F85831D7F85C31D318C7F85C3111
:10834000D7E958894346D7E9560102469B18C7F832
:1083500030310B464A4642EB0303C7F8343197F8F5
:10836000D4310022C7F82831C7F82C21D7E94A892F
:1083700042464B464FF000004FF00001990041EAA1
:108380009271900002460B4641465418494643EB11
:1083900001054FF000024FF00003EB0043EA547375
:1083A000E20014461D464346B4EB030A40464946E4
:1083B0000B4665EB030B4FF000024FF000034FEA52
:1083C0000B1343EA1A734FEA0A1292469B4603467E
:1083D0001AEB03033B670B464BEB03037B674FF042
:1083E00000024FF00003D7E91C4529460B01214646
:1083F00043EA117321460A0114461D4697F8D1310C
:108400000022C7F82031C7F82421D7E9488942461D
:108410004B464FF000004FF00001590141EAD26194
:10842000500102460B464146511AB966494663EB74
:108430000103FB664FF000024FF00003D7E91AABCF
:1084400059464B02514643EAD15351464A0210461F
:108450001946034642469B183B660B464A4642EB8A
:1084600003037B664FF000024FF00003D7E918AB1F
:1084700059468B01514643EA916351468A01514660
:10848000511AB965594663EB0103FB65D7E916013B
:10849000034642469B18C7F818314B460A4642EB42
:1084A0000303C7F81C31D7E946120B46E318C7F897
:1084B0001031134645EB0303C7F81431D7E94C4597
:1084C0002346D7E9440102469B18C7F808310B46FA
:1084D0002A4642EB0303C7F80C3197F8D331002248
:1084E000C7F80031C7F80421D7E9404522462B469A
:1084F000911839655B417B65D7E9142321465118F2
:10850000B96429464B41FB644FF000024FF0000371
:10851000D7E9128949464B01414643EAD1634146B6
:108520004A01414689183964494643EB010179649F
:10853000D7E91001034622469B18C7F8F8302B46AE
:108540000A4642EB0303C7F8FC30D7E9424523460D
:10855000D7E93E0102469B18C7F8F0300B462A4681
:1085600042EB0303C7F8F4300AE000BF88B9020801
:1085700090B902089019002000E40B5400E1F505C1
:1085800097F8D2310022C7F8E830C7F8EC20D7E9D5
:108590003C452346D7E93A0102469B18C7F8E0302C
:1085A0000B462A4642EB0303C7F8E430344BD7E9C5
:1085B0003812C3E90A1207F5D8720F230321D7F83E
:1085C0006C01FFF77FFD07F5CE7202230421D7F877
:1085D0006C01FFF777FD97F8B031002B1AD007F543
:1085E000D87318461EF064FE53EC102B1046194643
:1085F000F8F70AFB024697F89C31184600EE102A5D
:10860000FFF716FDF0EE407A1D4BC3ED007A1C4AD1
:108610001B4B9A6107F5C6720F230521D7F86C0131
:10862000FFF750FD07F5C47202230621D7F86C014D
:10863000FFF748FD97F88C31002B00F0A98207F571
:10864000C67318461EF034FE53EC102B1046194624
:10865000F8F7DAFA024697F88831184600EE102A41
:10866000FFF7E6FCF0EE407A054BC3ED017A054AD0
:10867000034BDA618CE2024B002283F8352087E25B
:1086800090190020941900200622E349D7F86C01C4
:108690001FF0F5FD0346002B09D00622DF49D7F86D
:1086A0006C011FF0ECFD0346002B40F0748207F5CF
:1086B000C07202230621D7F86C01FFF703FD97F87B
:1086C0008031302B00F05F8297F88031002B00F072
:1086D0005A82D34A012382F8353007F5E0720F231E
:1086E0000121D7F86C01FFF7EDFC07F5E0731846A0
:1086F000FFF740FD034687F8D73107F5E0730233F3
:108700001846FFF737FD034687F8D63107F5E073C3
:1087100004331846FFF72EFD034687F8D531C14BC9
:108720001B78BF4A82F83030BE4B5B78BC4A82F877
:108730003130BC4B9B78BA4A82F83230B84A97F84D
:10874000D73182F83330B64A97F8D63182F83430D0
:10875000B34A97F8D53182F83530B24B1B78DBB28B
:108760000022C7F8D830C7F8DC20AF4BD7E9364530
:108770002A4603FB02F20223214601FB03F31A44BB
:10878000A94B2146A1FB0313C7F854310B46C7F888
:108790005031D7F85431D318C7F85431A14B5B7816
:1087A000DBB20022C7F8D030C7F8D4209F4BD7E9FE
:1087B00034452A4603FB02F20023214601FB03F362
:1087C0001A449A4B2146A1FB0313C7F84C310B46C0
:1087D000C7F84831D7F84C31D318C7F84C31D7E92E
:1087E00054452346D7E9520102469B18C7F8C830C2
:1087F0000B462A4642EB0303C7F8CC3097F8D73133
:108800000022C7F8C030C7F8C420D7E93045224657
:108810002B464FF000004FF00001990041EA9271A1
:10882000900002460B46214612EB0108294643EB15
:1088300001094FF000024FF000034FEAC90343EA79
:1088400058734FEAC802904699462346B8EB030393
:10885000BB632B4669EB0303FB634FF000024FF051
:108860000003D7E90E8949460B01414643EA1173DB
:1088700041460A0110461946034622469B183B63AF
:108880002B460A4642EB03037B634FF000024FF096
:108890000003D7E90C4529460B01214643EA117331
:1088A00021460A0114461D465E4B9B78DBB200222E
:1088B000C7F8B830C7F8BC20D7E92E8942464B46E6
:1088C0004FF000004FF00001590141EAD261500120
:1088D00002460B464146511AB962494663EB010311
:1088E000FB624FF000024FF00003D7E90AAB594694
:1088F0004B02514643EAD15351464A0210461946AB
:10890000034642469B183B620B464A4642EB030332
:108910007B624FF000024FF00003D7E908AB5946E5
:108920008B01514643EA916351468A015146511ADF
:10893000B961594663EB0103FB61D7E906010346C0
:1089400042469B18C7F8B0304B460A4642EB030339
:10895000C7F8B430D7E92C120B46E318C7F8A83093
:10896000134645EB0303C7F8AC30D7E9324523463D
:10897000D7E92A0102469B18C7F8A0300B462A46C1
:1089800042EB0303C7F8A43097F8D6310022C7F8AA
:108990009830C7F89C20D7E9264522462B469118E7
:1089A00039615B417B61D7E9042321465118B960E5
:1089B00029464B41FB604FF000024FF00003D7E91E
:1089C000028949464B01414643EAD16341464A0187
:1089D000414689183960494643EB01017960D7E97E
:1089E0000001034622469B18C7F890302B460A46E2
:1089F00042EB0303C7F89430D7E928452346D7E96B
:108A0000240102469B18C7F888300B462A4642EBE1
:108A10000303C7F88C300BE098B90208A0B902082C
:108A2000901900201C22002000E40B5400E1F50501
:108A300097F8D5310022C7F88030C7F88420D7E9ED
:108A400022452346D7E9200102469B18BB670B4607
:108A50002A4642EB0303FB67524BD7E91E12C3E9D8
:108A60000A12514BD3E900234E49C1E90A2307F505
:108A7000D8720F230221D7F86C01FFF723FB07F50B
:108A8000CE7202230321D7F86C01FFF71BFB07F519
:108A9000D0720F230921D7F86C01FFF713FB97F869
:108AA000B031002B1AD007F5D87318461EF000FC21
:108AB00053EC102B10461946F8F7A6F8024697F823
:108AC0009C31184600EE102AFFF7B2FAF0EE407A19
:108AD000344BC3ED007A334A324B9A6107F5D072BA
:108AE0000F230921D7F86C01FFF7ECFA97F8A031B2
:108AF000002B11D007F5D07318461EF0D9FB53ECAC
:108B0000102B10461946F8F77FF80346254A936064
:108B1000264A244B1A6206E0224B4FF000029A606C
:108B2000204B00221A6207F5C6720F230421D7F8E2
:108B30006C01FFF7C7FA07F5C47202230521D7F8C5
:108B40006C01FFF7BFFA97F88C31002B22D007F5A4
:108B5000C67318461EF0ACFB53EC102B104619469A
:108B6000F8F752F8024697F88831184600EE102AB6
:108B7000FFF75EFAF0EE407A0A4BC3ED017A0C4A39
:108B8000084BDA6106E0074B002283F8352002E04B
:108B900000BF00E000BF00BF07F5EC77BD46BDE8B1
:108BA000B08F00BF90190020A01900209819002054
:108BB0009419002080B582B000AFFFF723FA7860E7
:108BC0007B68002B1AD0786801F00EFC0346002B5E
:108BD00014D006220C4978681FF051FB0346002B85
:108BE00007D00622094978681FF049FB0346002B8D
:108BF00004D17868FFF7D8FA012300E00023184673
:108C00000837BD4680BD00BF98B90208A0B9020868
:108C10002DE9B04FA6B002AFF861002387F88F307E
:108C20000723C7F888300023A7F88C300023A7F863
:108C3000863000F0F7F814F0A3FF034600223B61F2
:108C40007A61D7E904234FF000004FF00001590189
:108C500041EAD261500102460B463969B2EB010884
:108C6000796963EB01094FF000024FF000034FEA0E
:108C7000890343EA98734FEA880290469946D7E9F8
:108C800004120B4618EB03033B60134649EB030346
:108C90007B604FF000024FF00003D7E9008949469E
:108CA000CB00414643EA51734146CA00104619467B
:108CB0004FF47A724FF00003F8F746F802460B467D
:108CC0001346A7F88C30544B186864230093012393
:108CD0000122D7F8881013F081F9C7F8800007F156
:108CE0007C03642200924FF0FF320021002015F037
:108CF0000FFF0346012B0FD1FB6F03F00103002B85
:108D000002D0012387F88F30FB6F03F00203002BA2
:108D100002D0002387F88F30D7F88020D7F888302A
:108D20001340D7F888209A42CDD197F88F30002B86
:108D3000C9D014F025FF034600229A4693465246B6
:108D40005B464FF000004FF00001590141EAD2614B
:108D5000500102460B46B2EB0A0463EB0B054FF0E1
:108D600000024FF00003AB0043EA9473A2001446E4
:108D70001D4614EB0A03BB6045EB0B03FB604FF091
:108D800000024FF00003D7E902894946CB00414673
:108D900043EA51734146CA00C7E902231046194607
:108DA0004FF47A724FF00003F7F7CEFF02460B46FE
:108DB0001346A7F88630B7F88C20B7F886301146EE
:108DC000184600F0FBF807F124031846FCF7DEFB19
:108DD000124B1B684FF0FF31184613F0E9FF07F103
:108DE0004C0307F1240127220B20FAF714FF0B4B49
:108DF000186800230022002113F098FC084B186823
:108E000007F14C0100234FF0FF3213F08FFCB7F84D
:108E10008630A7F88C3056E7DC160020FC210020B5
:108E2000441C0020B0B59AB002AF4FF07E537B6374
:108E30004FF00003BB634FF00003FB634FF00003F0
:108E4000BB624FF07E53FB624FF000033B6307F1C0
:108E500044030022194653480DF0D9FE07F14003A0
:108E6000002219464F480DF0B4FF97F8433003F540
:108E7000FA6097F84130194697F842301C4697F847
:108E800044301D4697F8453097F8462001920093EC
:108E90002B46224609F0B8F887ED170A07F134038C
:108EA000184697ED170A03F00BF83F4BD3ED007A05
:108EB0003D4B93ED017A3C4BD3ED026A07F1280359
:108EC0001846F0EE661AB0EE471AF0EE670A97ED14
:108ED000170A03F013F8354B1B684FF0FF311846A3
:108EE00013F066FF324B1B68BB65304B18680023DC
:108EF0000022002113F01AFC2E4B1B8807EE903A3B
:108F0000B8EE677A2B4B5B8807EE903AF8EE677AFB
:108F100077EE677AC7ED077A264B9B8807EE903A83
:108F2000B8EE677A234BDB8807EE903AF8EE677A63
:108F300077EE677AC7ED087A1E4B1B8907EE903AE9
:108F4000B8EE677A1B4B5B8907EE903AF8EE677ACA
:108F500077EE677AC7ED097ABB6D1B683B61BB6D25
:108F60005B687B61BB6D9B68BB61BB6DDB687B60D5
:108F7000BB6D1B69BB60BB6D5B69FB6007F12800C3
:108F800007F11C0207F134013B1D019307F11003A7
:108F900000930346084806F07FF800BF6037BD46DF
:108FA000B0BD00BF10060020901900201022002044
:108FB000600200205C220020CC190020B0B59CB0DB
:108FC00002AF03460A46FB801346BB804FF0000306
:108FD0007B664FF07E53BB634FF00003FB634FF0A3
:108FE00000033B644FF00003FB624FF07E533B6392
:108FF0004FF000037B6307F14803002219466848DD
:109000000DF005FE07F144030022194664480DF0F7
:10901000E0FE97F8473003F5FA6097F845301946B7
:1090200097F846301C4697F848301D4697F8493067
:1090300097F84A20019200932B46224608F0E4FF5D
:1090400087ED180A07F13803184697ED180A02F061
:1090500037FF544BD3ED007A524B93ED017A514BCD
:10906000D3ED026A07F12C031846F0EE661AB0EE53
:10907000471AF0EE670A97ED180A02F03FFF4A4BD5
:109080001B684FF0FF31184613F092FE474B1B68E8
:10909000FB65454B186800230022002113F046FBB6
:1090A000434B1B8807EE903AB8EE677A404B5B88DB
:1090B00007EE903AF8EE677A77EE677AC7ED087AAE
:1090C0003B4B9B8807EE903AB8EE677A384BDB88CB
:1090D00007EE903AF8EE677A77EE677AC7ED097A8D
:1090E000334B1B8907EE903AB8EE677A304B5B89B9
:1090F00007EE903AF8EE677A77EE677AC7ED0A7A6C
:10910000FB6D1B687B61FB6D5B68BB61FB6D9B68E6
:10911000FB61FB6DDB68BB60FB6D1B69FB60FB6D7E
:109120005B693B61234B1B684FF0FF31184613F01E
:109130003FFE214B04221A60FA88BB88D31A9AB2E8
:109140001E4B1A801D4B1B8807EE903AB8EE677ACB
:10915000DFED1B6AC7EE267AC7ED197A07F12C00FE
:1091600007F1200207F1380107F10803019307F125
:109170001403009397ED190A03460F4805F010FFFA
:1091800003461A460F4B1A700A4B18680023002238
:10919000002113F0CBFA00BF6837BD46B0BD00BF59
:1091A00010060020901900201022002060020020EC
:1091B0005C2200200C220020CC190020001C002082
:1091C00000007A44021C002080B485B000AF7860B3
:1091D0000023FB7309E0FB7B7A681A44FB7B117860
:1091E0000A4AD154FB7B0133FB73FB7B042BF2D97E
:1091F000074B1B7843F00103DAB2054B1A7000BF2E
:109200001437BD465DF8047B704700BF081C002082
:10921000211C002080B485B000AF78600023FB7370
:109220000AE0FB7B7A681A44FB7B053311780A4A13
:10923000D154FB7B0133FB73FB7B042BF1D9074B30
:109240001B7843F00203DAB2044B1A7000BF1437E4
:10925000BD465DF8047B7047081C0020211C0020DF
:1092600080B485B000AF78600023FB730AE0FB7B1D
:109270007A681A44FB7B0A3311780A4AD154FB7B83
:109280000133FB73FB7B042BF1D9074B1B7843F0B5
:109290000403DAB2044B1A7000BF1437BD465DF800
:1092A000047B7047081C0020211C002080B485B07E
:1092B00000AF78600023FB730AE0FB7B7A681A44F6
:1092C000FB7B0F3311780A4AD154FB7B0133FB73CC
:1092D000FB7B042BF1D9074B1B7843F00803DAB270
:1092E000044B1A7000BF1437BD465DF8047B70470D
:1092F000081C0020211C002080B586B000AFF8605B
:10930000B9607A600023FB750AE0FB7DFA681A44B5
:10931000FB7D14331178124AD154FB7D0133FB7568
:10932000FB7D042BF1D90F4B1B7843F01003DAB20D
:109330000C4B1A700B4B1B781F2B0CD10849B868CB
:1093400005F01EFF074B00221A707968B86800F01C
:109350000BF8012300E0002318461837BD4680BDF6
:10936000081C0020211C002080B584B000AF78606C
:109370003960614B1B68002B00F0B9805E4B1B68A5
:109380004FF0FF31184613F013FD7B681B68DAB20B
:109390003B681A707B6803F50A731B68FB603B68C7
:1093A0000133FA68D2B21A70FB681A0A3B680233BA
:1093B000D2B21A70FB681A0C3B680333D2B21A702F
:1093C000FB681A0E3B680433D2B21A707B6803F54F
:1093D0000B731B68FB603B680533FA68D2B21A70E6
:1093E000FB681A0A3B680633D2B21A70FB681A0C83
:1093F0003B680733D2B21A70FB681A0E3B68083319
:10940000D2B21A707B6803F50C731B68FB603B6873
:109410000933FA68D2B21A70FB681A0A3B680A3339
:10942000D2B21A70FB681A0C3B680B33D2B21A70B6
:10943000FB681A0E3B680C33D2B21A707B686C332F
:109440001B68FB603B680D33FA68D2B21A70FB6888
:109450001A0A3B680E33D2B21A70FB681A0C3B68CA
:109460000F33D2B21A70FB681A0E3B681033D2B2B7
:109470001A707B688C331B68FB603B681133FA6899
:10948000D2B21A70FB681A0A3B681233D2B21A7051
:10949000FB681A0C3B681333D2B21A70FB681A0EC1
:1094A0003B681433D2B21A707B6868331B68FB6068
:1094B0003B681533FA68D2B21A70FB681A0A3B6827
:1094C0001633D2B21A70FB681A0C3B681733D2B24B
:1094D0001A70FB681A0E3B681833D2B21A70064B2A
:1094E000186800230022002113F020F900E000BFDB
:1094F0001037BD4680BD00BF0C22002080B584B06F
:1095000000AF7860396014F03BFBF8607B681B7833
:10951000042B00F2AE8001A252F823F0319500082E
:109520009D950008BF9500084B9600085F960008BF
:109530007B68986B7B6804330022194613F056FB56
:109540000346012B0ED17B685B6BFA68D31A40F699
:10955000B832934206D97B6800225A707B68012298
:109560001A708AE07B689B781A46474B9B5C002BFD
:1095700000F083807B680433002200210820FAF782
:109580004AFB7B689B781A463F4B002199547B68C5
:1095900000225A707B6801221A706EE07B681A1DE7
:1095A0007B68DB7819461046FAF706FC14F0E8FAF7
:1095B00002467B685A637B6802221A7060E07B680F
:1095C0009B785B00012202FA03F31A463B681340C2
:1095D000002B03D07B6803221A7050E07B689B78D5
:1095E0005B000133012202FA03F31A463B68134081
:1095F000002B0FD07B685B780133DAB27B685A703E
:109600007B685B78022B01D8012200E004227B6892
:109610001A7034E014F0B4FAB8607B685B6BBA6817
:10962000D31A40F6B832934229D97B685B7801336C
:10963000DAB27B685A707B685B78022B01D8012212
:1096400000E004227B681A7019E07B6800221A701F
:109650007B689B781A460D4B0021995410E07B687B
:1096600000221A707B689B781A46084B0021995497
:1096700006E07B6804221A7002E000BF00E000BF31
:1096800000BF1037BD4680BD281C00202C1C0020C8
:1096900080B584B002AF00233B603B46322200928B
:1096A0004FF0FF320021002015F032FA78607B681D
:1096B000002B01D1002300E03B6818460837BD4667
:1096C00080BD000080B586B000AFF860B960134679
:1096D000FB710023FB756AE0FB7D04335B00012214
:1096E00002FA03F31A46FB681340002B09D0FB7DF6
:1096F0009B00BA6813441B68DB781946AA20FAF766
:109700007CFBFB7D04335B000133012202FA03F38F
:109710001A46FB681340002B09D0FB7D9B00BA68FA
:1097200013441B68DB781946FF20FAF766FBFB7DC4
:1097300008335B00012202FA03F31A46FB68134068
:10974000002B03D0FB7D1E4A0121D154FB7D083341
:109750005B000133012202FA03F31A46FB6813404F
:10976000002B03D0FB7D164A0021D154FB7D0C3326
:109770005B00012202FA03F31A46FB681340002B38
:1097800003D0FB7D0F4A0121D154FB7D0E335B00DA
:10979000012202FA03F31A46FB681340002B03D0A0
:1097A000FB7D094A0121D154FB7D0133FB75FA7D14
:1097B000FB799A4290D300BF00BF1837BD4680BDE9
:1097C000241C00202C1C0020281C002080B5A4B0E4
:1097D00000AF786007F14C033C22002118461EF0D0
:1097E00028FD012387F84E30CE2387F84F30344BC5
:1097F0001B68C7F8843007F110033C22002118468B
:109800001EF017FDAB23FB742E4B1B68BB6407F1E6
:109810001003BB6007F14C03FB602B4B01225A7015
:10982000294B00221A70294B00225A70274B002224
:109830001A70274B00225A70254B00221A70FFF72E
:1098400027FFC7F88800D7F88830002B07D007F12A
:10985000080302221946D7F88800FFF733FF0023D8
:1098600087F88F3026E097F88F30174AD35C002BAB
:109870000FD197F88F30154AD35C002B09D197F898
:109880008F309B0090333B4453F8883C1B78002B6F
:109890000BD097F88F309B0090333B4453F8883CB3
:1098A000D7F888101846FFF729FE97F88F30013354
:1098B00087F88F3097F88F30012BD4D9BFE700BFDE
:1098C000481C00204C1C0020241C00202C1C0020C4
:1098D000281C002080B500AF00220121322012F0A8
:1098E00080FE03461A4A136000220121322012F042
:1098F00078FE0346174A1360002201214FF4FA70E4
:1099000012F06FFE0346144A136000220D210A2054
:1099100012F067FE0346114A136000222D216420D5
:1099200012F05FFE03460E4A136000222D210A202A
:1099300012F057FE03460B4A136000222D216420CB
:1099400012F04FFE0346084A136000BF80BD00BFFF
:10995000341C0020381C00203C1C0020401C00202F
:10996000441C0020481C00204C1C002080B483B004
:1099700000AF7860044A7B68136000BF0C37BD46B7
:109980005DF8047B704700BFDC21002080B586B005
:1099900002AF786007F10C03002200924FF0FF3213
:1099A0000021002015F0B4F80346012B0FD1FB680D
:1099B00003F00803002B02D04B4B00221A70FB6807
:1099C00003F00403002B02D0474B01221A70464BD0
:1099D0001B7883F00103DBB2002B7DD0FEF798F8F3
:1099E00003461A46414B1A70404B1B7883F0010323
:1099F000DBB2002B13D03E4B1B7F002B0FD03D4B17
:109A00001B78002B0BD03C48FDF764FC3B4B1868DF
:109A100000234FF0FF32384912F088FE5FE0384BE8
:109A20001B7883F00103DBB2002B21D0354B1A7871
:109A3000354B1B789A420FD1344B1A88344B1B8814
:109A40009A4209D1334BD3E90601334BD3E90823BA
:109A5000994208BF90420BD0274804F059FD274B8C
:109A6000186800234FF0FF32234912F05FFE36E002
:109A7000244B1A78244B1B789A4216D1234B1A8810
:109A8000234B1B889A4210D1224BD3E90601224B6B
:109A9000D3E90823994208BF904206D1144B1B7F9B
:109AA00083F00103DBB2002B0FD1FEF731F8034640
:109AB000002B06D10F4B1B7883F00103DBB2002B88
:109AC0000DD00F4B1B78002B09D0144B00221A70BD
:109AD000134B01221A7002E0114B00221A704FF44E
:109AE000FA6013F04BFE55E78B020020B11C0020FA
:109AF000781800208C020020841C00204C1C0020C0
:109B0000B0220020F0290020F1290020F2290020B5
:109B1000F429002020250020B8220020501C00201D
:109B2000511C002080B586B002AF78600023FB7323
:109B300000F012F9034683F00103DBB2002B0BD0D7
:109B4000FCF788FD00F028F9FCF7CDFD04F0ACFB34
:109B50005A4B01221A7014E0FCF7D8FD04F09AFA6F
:109B6000574B1B7842F6D072194656481EF061FBDF
:109B700015F048FFFCF7CCFC15F076FF4F4B0122A7
:109B80001A704FF47A7013F0F9FD07F1080364229C
:109B900000924FF0FF320021002014F0B9FF03467D
:109BA000012B1DD1BB6803F04003002B01D0012322
:109BB000FB73BB6803F08003002B01D00023FB7311
:109BC000BB6803F48073002B02D03F4B01221A7054
:109BD000BB6803F40073002B02D03B4B00221A70C9
:109BE000FB7B002B11D0394B1B680A2238491846E1
:109BF00012F0FCFF0346012B07D1364B18680023F7
:109C00004FF0FF32324912F091FD324B1B680A22AD
:109C10002F49184612F0EAFF0346012BB5D1FDF794
:109C200077FF03461A462C4B1A702C4B1B78002BDF
:109C30000BD0264B186800234FF0FF32244912F056
:109C400075FD0A2013F09AFD9FE7234B1B7883F0E4
:109C50000103DBB2002B14D0214B1B7883F00103EE
:109C6000DBB2002B0DD0184B1B78002B09D0184805
:109C7000FDF700FA1B4B01221A70184B00221A70D4
:109C80001AE0194B1B7883F00103DBB2002B09D0DB
:109C90000F4804F0A9FB134B02221A700F4B00224D
:109CA0001A7072E7094B186800230A22084912F05B
:109CB0003DFD0A2013F062FD67E700BFD8210020B8
:109CC0008A020020A0DC00648C0200204C1C0020D2
:109CD000541C0020441C0020B11C0020511C0020FA
:109CE00018190020501C0020B022002080B586B03A
:109CF00002AF786007F10C034EF6602200924FF03D
:109D0000FF320021002014F003FF0346012B0FD186
:109D1000FB6803F01003002B02D00D4B01221A70D8
:109D2000FB6803F02003002B02D0094B00221A70BD
:109D3000084B1B78002BDDD000F016F915F062FE01
:109D4000FCF7E6FB00F0FAF915F08EFED2E700BF53
:109D5000D9210020D821002080B483B000AF0D4B62
:109D60007B607B681B78002B09D07B685B78002BBD
:109D700005D07B689B78002B01D0012300E00023F5
:109D800003F00103DBB218460C37BD465DF8047BD7
:109D9000704700BF00000E0880B500AF624B634AF9
:109DA000104619464FF4A2631A461FF012F9142206
:109DB0005F4960481EF075FA5C4B1B6A5D4A53614F
:109DC0005A4BD3E90A235B49C1E90623574BD3E930
:109DD0000C235849C1E90823544BD3E90E235549B4
:109DE000C1E90A23514B93F84020524B83F83020AD
:109DF000504B4E4A343302F144014FF40B72184673
:109E00001FF0E7F814224C494C481EF04AFA474B21
:109E1000D3F88432494A5361444BD3E9A2234749DA
:109E2000C1E90623414BD3E9A4234449C1E90823EE
:109E30003E4BD3E9A6234149C1E90A233B4B93F8A2
:109E4000A0223E4B83F830203C4B384A343302F595
:109E500029714FF40B7218461FF0BBF8334B93F87F
:109E60000825374B1A70314B93F80925354B1A707A
:109E70002E4BB3F80A25344B1A802C4BB3F80C2523
:109E8000324B1A80294B93F8D024314B1A70274B50
:109E900093F8D1242E4B5A70244BD3F8D4342C4A47
:109EA0005360224BD3F8D834294A93601F4BD3F820
:109EB000DC34274AD3601D4BD3F8E034244A1361C5
:109EC0001A4BB3F8E424224B9A82184BD3F8E834A7
:109ED0001F4A9361154B93F8EC241D4B1A77134BD3
:109EE00003F59E63D3E900231949C1E908230F4B09
:109EF000B3F8F824174B1A800C4BB3F8FA24164B1E
:109F00001A800A4BB3F8FC24144B1A80074BB3F8A1
:109F1000FE24134B1A80134A044B03F5A06303CBB2
:109F20001060516000BF80BD00000E08C81C0020FA
:109F3000D41C0020B8220020381F0020202500203B
:109F4000F0290020F1290020F2290020F429002026
:109F500078180020C0180020C2180020C418002063
:109F6000C6180020C818002080B500AF634B1A78CF
:109F7000634B1A70614B1A78614B5A705F4B1A78B9
:109F80005F4B9A705F4960481FF01BF85D4B5B693F
:109F90005B4A13625B4BD3E906235949C1E90A23A3
:109FA000584BD3E908235649C1E90C23554BD3E953
:109FB0000A235349C1E90E23524B93F83020504BEA
:109FC00083F840204E4B4F4A443302F134014FF4A2
:109FD0000B7218461EF0FDFF4C494D481EF0F1FF74
:109FE0004A4B5B69464AC2F88432484BD3E90623A0
:109FF0004349C1E9A223454BD3E908234049C1E9BC
:10A00000A423424BD3E90A233D49C1E9A6233F4B90
:10A0100093F830203A4B83F8A022394B3B4A03F5A2
:10A02000297302F134014FF40B7218461EF0D1FF70
:10A03000384B1A78324B83F80825374B1A78304B57
:10A0400083F80925354B1A882D4BA3F80A25344B84
:10A050001A882B4BA3F80C25324B1A78284B83F81F
:10A06000D024304B5A78264B83F8D1242D4B5B6893
:10A07000234AC2F8D4342B4B9B68214AC2F8D83407
:10A08000284BDB681E4AC2F8DC34264B1B691C4A8D
:10A09000C2F8E034234B9A8A194BA3F8E424214BED
:10A0A0009B69174AC2F8E8341E4B1A7F144B83F899
:10A0B000EC241C4BD3E90823114901F59E61C1E949
:10A0C0000023194B1A880E4BA3F8F824174B1A8853
:10A0D0000B4BA3F8FA24164B1A88094BA3F8FC245F
:10A0E000144B1A88064BA3F8FE24054B124A03F5BD
:10A0F000A0631068516803C300BF80BDD921002050
:10A10000C81C0020B8220020D41C002020250020DC
:10A11000381F0020F0290020F1290020F22900201A
:10A12000F429002078180020C0180020C218002050
:10A13000C4180020C6180020C818002080B485B0BC
:10A1400000AF4FF4A2737B603C4B3B603C4BFB6029
:10A1500000BF3C4BDB6803F48033002BF9D1394B53
:10A160001B69002B05DA374B374A5A60354B374AA3
:10A170005A60344B1B69334A23F440731361314BEB
:10A180001B69304A43F4007313612E4B1B692D4A3F
:10A1900043F0020313612B4B1B692A4A23F0F80397
:10A1A0001361284B1B69274A43F058031361254B61
:10A1B0001B69244A43F48033136100BF214BDB68E1
:10A1C00003F48033002BF9D11E4B1B691D4A23F089
:10A1D000020313611B4B1B691A4A43F0010313610D
:10A1E0000023BB6013E0BB689B003A681A44FB681D
:10A1F00012681A6000BF134BDB6803F48033002B36
:10A20000F9D1FB680433FB60BB680133BB60BA68FB
:10A210007B689A42E7D30B4B1B690A4A23F0010380
:10A220001361084B1B69074A43F00043136100BFE9
:10A230001437BD465DF8047B704700BFC81C002082
:10A2400000000E08003C024023016745AB89EFCDBA
:10A2500080B500AF012012F050FA03462E4A136079
:10A26000012012F04AFA03462C4A1360012012F032
:10A2700044FA03462A4A1360012012F03EFA0346CC
:10A28000284A1360012012F038FA0346264A136068
:10A2900003220021012012F0A4F90346234A13608F
:10A2A00003220021012012F09CF90346204A13608A
:10A2B00003220021012012F094F903461D4A136085
:10A2C000012012F01AFA03461B4A1360012012F013
:10A2D00014FA0346194A1360012012F00EFA0346DD
:10A2E000174A1360012012F008FA0346154A13605A
:10A2F000012012F002FA0346134A1360012012F003
:10A30000FCF90346114A1360012012F0F6F90346E6
:10A310000F4A136000BF80BDE0210020E42100202F
:10A32000F4210020F8210020FC210020F021002051
:10A33000E8210020EC21002000220020042200203F
:10A340000C220020082200201022002014220020CD
:10A350001822002080B483B000AF78607B680022B0
:10A3600083F864207B6800221A7000BF0C37BD465A
:10A370005DF8047B704780B483B000AF78600B4613
:10A38000FB70FB780D2B01D1002327E0FB780A2B13
:10A390000CD17B6893F864301A467B68002199548D
:10A3A0007B68002283F86420012317E07B6893F820
:10A3B0006430622B0DD87B6893F864305A1CD1B29C
:10A3C0007A6882F8641019467B68FA785A54002338
:10A3D00004E07B68002283F86420022318460C37CF
:10A3E000BD465DF8047B704780B588B000AF7860EB
:10A3F000242178681DF025FF78612A2178681DF0F6
:10A4000020FF38617B69002B06D03B69002B03D00D
:10A410003A697B699A4201D2002321E00023FB774D
:10A420007B690133BB6107E0BB691A78FB7F53404E
:10A43000FB77BB690133BB61BA693B699A42F3D3CD
:10A440003B6901331022002118461DF0C1FD03466F
:10A45000FB73FA7FFB7B9A420CBF01230023DBB224
:10A4600018462037BD4680BD80B58EB000AF7860FD
:10A470007968096800200A460346C7E90C2307F1FA
:10A480000C0207F13003114618461DF01DFF3B6A10
:10A49000DBB2643BDAB20E4B1A70FB69DBB20133FC
:10A4A000DAB20B4B5A70BB69DAB2094B9A707B690E
:10A4B000DAB2074BDA703B69DAB2054B1A71FB6806
:10A4C000DAB2034B5A7100BF3837BD4680BD00BFBA
:10A4D0002422002080B58EB000AF78607B681B78A6
:10A4E00064333B627B6801331B78013BFB617B6813
:10A4F00002331B78BB617B6803331B787B617B680D
:10A5000004331B783B617B6805331B78FB600023B9
:10A51000FB6207F10C0318461EF050F8C7E90C0166
:10A520003B6B18463837BD4680BD000080B588B00B
:10A5300000AF786007F10C0300221A605A609A603D
:10A54000DA601A610023BB607B681B781A067B689F
:10A5500001331B781B041A437B6802331B781B02F0
:10A5600013437A68033212781343144A1360134872
:10A57000FFF77AFF124BDB783B73114B1B797B7330
:10A580000F4B5B79BB7307F10C03002219460D4892
:10A590000CF0A3FA0A4B1B78FB72094B5B787B72B9
:10A5A000074B9B78BB7207F1080300221946054848
:10A5B0000CF08BFB00BF2037BD4680BD2C22002055
:10A5C000242200201006002080B58AB000AF7860F9
:10A5D00000237B621F4B1B684FF0FF31184612F0BF
:10A5E000E7FB0346012B30D107F110030022194687
:10A5F00078680CF00CFB0346002B1FD107F10C030D
:10A600000022194678680CF0E4FB0346002B15D1B4
:10A61000FA7B114B1A707A7B0F4B5A70BA7B0E4B38
:10A620009A703A7C0C4BDA707A7C0B4B1A71BA7CBC
:10A63000094B5A710848FFF74DFF7862054B1868BF
:10A6400000230022002112F071F87B6A1846283797
:10A65000BD4680BDF42100201C2200202DE9B04F12
:10A6600096B002AF78604FF47A73A7F84E304FF48B
:10A67000E153FB87002387F847306F48F8F776FDF2
:10A680006E48F8F773FD07F10C034FF0FF320092AC
:10A6900000220021002014F03BFA0346012B2ED1AA
:10A6A000FB6803F00403002B02D0012387F8473036
:10A6B000FB6803F00803002B02D0002387F8473023
:10A6C0005F4B1B684FF0FF31184612F071FB5D4B7A
:10A6D0001B88A7F84E305C4B1B88FB87584B1868CB
:10A6E00000230022002112F021F8FB8F4FF47A7230
:10A6F00003FB02F2B7F84E30B2FBF3F3BB64002366
:10A700003B6473E0B7F84E300022984691464246CB
:10A710004B464FF000004FF00001590141EAD26171
:10A72000500102460B46B2EB080463EB09054FF0FB
:10A7300000024FF00003AB0043EA9473A2001446FA
:10A740001D4614EB080A45EB090B4FF000024FF0D1
:10A7500000034FEACB0343EA5A734FEACA02924618
:10A760009B46504659464FF47A724FF00003F6F775
:10A77000EBFA02460B4607F10C0300924FF0FF3252
:10A780000021002014F0C4F9FB6803F00203002B41
:10A7900031D197F8473083F00103DBB2002B1AD098
:10A7A00007F11003184600F045FA284B186807F126
:10A7B000100100234FF0FF3211F0B8FF244B1B684B
:10A7C0000121184611F0DCFC224B1B6801211846C0
:10A7D00011F0D6FC07E020491748F8F7D5FC1F49CF
:10A7E0001648F8F7D1FC3B6C01333B643A6CBB6C08
:10A7F0009A4287D300E000BF002387F84730184B08
:10A8000018680023009303230122002114F012FA98
:10A81000144B18680023009303230222002114F034
:10A8200009FA114B18680023009303230222002128
:10A8300014F000FA27E700BF140500206805002087
:10A84000002200208E02002090020020441C0020E4
:10A85000D8160020DC160020C0150020EC150020C2
:10A86000BC1C002070220020C81900202DE9B04F28
:10A8700094B002AF7860002387F847304FF47A73C2
:10A88000A7F844304FF4E1537B8707F108034FF0FA
:10A89000FF32009200220021002014F039F9034613
:10A8A000012B2ED1BB6803F00403002B02D001233F
:10A8B00087F84730BB6803F00803002B02D0002361
:10A8C00087F84730564B1B684FF0FF31184612F09F
:10A8D0006FFA544B1B88A7F84430534B1B887B8777
:10A8E0004F4B186800230022002111F01FFF7B8FBF
:10A8F0004FF47A7203FB02F2B7F84430B2FBF3F381
:10A900003B6400F077FA0023FB6379E0B7F844304A
:10A9100000229846914642464B464FF000004FF0C9
:10A920000001590141EAD261500102460B46B2EBE7
:10A93000080463EB09054FF000024FF00003AB0081
:10A9400043EA9473A20014461D4614EB080A45EB33
:10A95000090B4FF000024FF000034FEACB0343EA2C
:10A960005A734FEACA0292469B46504659464FF4E4
:10A970007A724FF00003F6F7E7F902460B4607F14B
:10A98000080300924FF0FF320021002014F0C0F8BD
:10A99000BB6803F00203002B37D197F8473083F0F0
:10A9A0000103DBB2002B1AD007F10C03184600F0AC
:10A9B00075F91E4B186807F10C0100234FF0FF32A8
:10A9C00011F0B4FE1A4B1B680421184611F0D8FB95
:10A9D000184B1B680421184611F0D2FB0DE007F15B
:10A9E0000C03184600F080F9104B186807F10C01B1
:10A9F00000234FF0FF3211F099FEFB6B0133FB6334
:10AA0000FA6B3B6C9A4281D300E000BF00224FF406
:10AA10000071094809F090FD002387F8473034E7BA
:10AA2000002200208E02002090020020441C002002
:10AA3000D8160020DC160020001C02402DE9B04F83
:10AA400096B002AF78604FF47A73A7F84E304FF4A7
:10AA5000E153FB87002387F8473007F10C034FF0E1
:10AA6000FF32009200220021002014F051F803462A
:10AA7000012B2ED1FB6803F00403002B02D001232D
:10AA800087F84730FB6803F00803002B02D000234F
:10AA900087F84730424B1B684FF0FF31184612F0E1
:10AAA00087F9404B1B88A7F84E303F4B1B88FB872C
:10AAB0003B4B186800230022002111F037FEFB8F6A
:10AAC0004FF47A7203FB02F2B7F84E30B2FBF3F3A5
:10AAD000BB6400233B6458E0B7F84E300022984630
:10AAE000914642464B464FF000004FF0000159019D
:10AAF00041EAD261500102460B46B2EB080463EB17
:10AB000009054FF000024FF00003AB0043EA9473D5
:10AB1000A20014461D4614EB080A45EB090B4FF042
:10AB200000024FF000034FEACB0343EA5A734FEAA7
:10AB3000CA0292469B46504659464FF47A724FF0ED
:10AB40000003F6F701F902460B4607F10C030092E9
:10AB50004FF0FF320021002013F0DAFFFB6803F012
:10AB60000203002B16D197F8473083F00103DBB2C4
:10AB7000002B05D007F11003184600F017F801E08C
:10AB8000FEF718F83B6C01333B643A6CBB6C9A429D
:10AB9000A2D300E000BF002387F847305DE700BF85
:10ABA000002200208E0200209002002080B58CB090
:10ABB00000AF7860FDF7FEFF0346002B2DD007F1B4
:10ABC00008031846F9F796FD164B1B684FF0FF3146
:10ABD000184612F0EDF807F108017B681A220520EB
:10ABE000F9F719F80F4B186800230022002111F023
:10ABF0009DFD0D4B186800234FF0FF32796811F06E
:10AC000095FD0A4B1B680221184611F0B9FA084B52
:10AC10001B680221184611F0B3FA00BF3037BD4659
:10AC200080BD00BFFC210020441C0020D81600205D
:10AC3000DC16002080B58CB000AF78601249134854
:10AC4000F8F7A2FA12491348F8F79EFA07F1080339
:10AC50001846F9F70BFB104B1B684FF0FF311846F5
:10AC600012F0A6F807F108017B6827220320F8F705
:10AC7000D2FF094B186800230022002111F056FD75
:10AC800000BF3037BD4680BDC01500201405002030
:10AC9000EC15002068050020FC21002080B58CB058
:10ACA00000AF786000F0DEF807F108031846F9F706
:10ACB000A3FC0C4B1B684FF0FF31184612F078F8DC
:10ACC00007F108017B6813220420F8F7A4FF054B65
:10ACD000186800230022002111F028FD00BF303742
:10ACE000BD4680BDFC21002080B58CB000AF7860EF
:10ACF00000F0B8F807F108031846FAF7D7FA0C4B3A
:10AD00001B684FF0FF31184612F052F807F10801A6
:10AD10007B6827220E20F8F77EFF054B186800237A
:10AD20000022002111F002FD00BF3037BD4680BD7A
:10AD3000FC21002080B586B002AF03460A46FB71B5
:10AD40001346BB7108233B73FB797B73BB79BB73E1
:10AD500007F10C026423009303232E21034809F01A
:10AD60006DFD00BF1037BD4680BD00BFBC05002093
:10AD700080B586B002AF03460A46FB711346BB712D
:10AD800018233B73FB797B73BB79BB7307F10C0210
:10AD90006423009303232E21034809F04FFD00BFD5
:10ADA0001037BD4680BD00BFBC05002080B586B011
:10ADB00002AF03463960FB711346BB7110233B732E
:10ADC000FB797B7307F10C026423009302232E218D
:10ADD000074809F033FDBB799BB2642200923A68C0
:10ADE0002E21034809F028FE00BF1037BD4680BD64
:10ADF000BC05002080B500AF01224FF400710B4864
:10AE000009F09AFB3F211220FFF794FF0121102047
:10AE1000FFF7AEFF10211020FFF7AAFF012204491F
:10AE20001020FFF7C3FF00BF80BD00BF001C024021
:10AE30004C22002080B584B002AF78600B46FB70D6
:10AE4000FB789BB25B009BB2642200927A682E2151
:10AE5000034809F0F1FD00BF0837BD4680BD00BFC3
:10AE6000BC05002080B500AF06212C48FFF7E2FFAB
:10AE70002A4B1B781B011AB2284B5B781B09DBB2EB
:10AE80001BB213431BB29AB2254B1A80234B9B78FB
:10AE90001B011AB2214BDB781B09DBB21BB2134337
:10AEA0001BB29AB21E4B5A801C4B1B791B011AB263
:10AEB0001A4B5B791B09DBB21BB213431BB29AB26C
:10AEC000174B9A80154B9B791B011AB2134BDB79F8
:10AED0001B09DBB21BB213431BB29AB2104BDA80D0
:10AEE0000E4B1B7A1B011AB20C4B5B7A1B09DBB2AF
:10AEF0001BB213431BB29AB2094B1A81074B9B7AC0
:10AF00001B011AB2054BDB7A1B09DBB21BB21343E0
:10AF10001BB29AB2024B5A8100BF80BD3C22002076
:10AF20005C22002090B5B1B002AF7860002387F8B2
:10AF3000B7304C4801F0AAFA4FF07E537B644FF0D3
:10AF40000003BB644FF00003FB644FF00003BB63DE
:10AF50004FF07E53FB634FF000033B644FF0000360
:10AF6000FB624FF000033B634FF000037B634FF045
:10AF700000033B624FF000037B624FF00003BB62B3
:10AF80000723C7F8B030384B18684FF47A73009332
:10AF900001230122D7F8B01011F020F8C7F8AC0057
:10AFA00007F1A803642200924FF0FF320021002035
:10AFB00013F0AEFD0346012B11D1D7F8A83003F0F2
:10AFC0000103002B02D0012387F8B730D7F8A8304F
:10AFD00003F00203002B02D0002387F8B730D7F824
:10AFE000AC20D7F8B0301340D7F8B0209A42CAD17D
:10AFF00097F8B730002BC6D007F1200407F12C02D8
:10B0000007F1380107F1440007F10803019307F144
:10B010000C030093234600F02DF807F15003184667
:10B02000F9F7A0FF114B1B684FF0FF31184611F0E4
:10B03000BFFE07F1780307F1500127220620F8F739
:10B04000EAFD0A4B186800230022002111F06EFB74
:10B05000074B186807F1780100234FF0FF3211F019
:10B0600065FB90E774220020D8160020FC21002008
:10B07000441C0020B0B588B002AFF860B9607A60B7
:10B080003B60314B1B684FF0FF31184611F090FECA
:10B090002E4B1B687B612C4B18680023002200217B
:10B0A00011F044FB79682A4800F05AF83968786949
:10B0B00000F0E8F80022B96A26480BF0A8FD00224B
:10B0C000F96A24480BF085FEFB6ADB7803F5FA6029
:10B0D000FB6A5B781946FB6A9B781C46BB6A1B7847
:10B0E0001D46BB6A5B781A46BB6A9B780193009247
:10B0F0002B46224606F088FF87ED040AF86897ED94
:10B10000040A00F0DDFE144BD3ED007A124B93EDF0
:10B11000017A114BD3ED026AB868F0EE661AB0EE10
:10B12000471AF0EE670A97ED040A00F0E7FE3B6865
:10B1300000937B68BA68F968084801F0CDF900BF50
:10B140001837BD46B0BD00BF1022002060020020AD
:10B150005C2200201006002090190020742200209C
:10B1600080B586B000AF786039607B681B8807EED9
:10B17000903AB8EE677A7B685B8807EE903AF8EE13
:10B18000677A77EE677AC7ED057A7B689B8807EE6A
:10B19000903AB8EE677A7B68DB8807EE903AF8EE73
:10B1A000677A77EE677AC7ED047A7B681B8907EECA
:10B1B000903AB8EE677A7B685B8907EE903AF8EED2
:10B1C000677A77EE677AC7ED037AD7ED057A27EECF
:10B1D000A77AD7ED047A67EEA77A37EE277AD7ED0C
:10B1E000037A67EEA77A77EE277A17EE900AF5F7DB
:10B1F000BBF902460B4643EC102B18F069FF53ECE9
:10B20000102B10461946F5F7FFFC0346BB60D7ED3F
:10B21000027A9FED1B7AF4EEC77AF1EE10FA1DDD8B
:10B22000D7ED056A97ED027AC6EE877A3B68C3EDE3
:10B23000007A3B680433D7ED046A97ED027AC6EED4
:10B24000877AC3ED007A3B680833D7ED036A97ED40
:10B25000027AC6EE877AC3ED007A0DE03B684FF0C4
:10B2600000021A603B6804334FF000021A603B682A
:10B2700008334FF000021A6000BF1837BD4680BD8A
:10B28000CDCCCC3D80B586B000AF786039607B68AE
:10B290001B687B617B685B683B617B689B68FB60CC
:10B2A000D7ED057A27EEA77AD7ED047A67EEA77A6D
:10B2B00037EE277AD7ED037A67EEA77A77EE277A0B
:10B2C00017EE900AF5F750F902460B4643EC102BA7
:10B2D00018F0FEFE53EC102B10461946F5F794FCBF
:10B2E0000346BB60D7ED027A9FED1B7AF4EEC77A76
:10B2F000F1EE10FA1DDDD7ED056A97ED027AC6EE84
:10B30000877A3B68C3ED007A3B680433D7ED046A63
:10B3100097ED027AC6EE877AC3ED007A3B68083370
:10B32000D7ED036A97ED027AC6EE877AC3ED007A0D
:10B330000DE03B684FF000021A603B6804334FF0A9
:10B3400000021A603B6808334FF000021A6000BF29
:10B350001837BD4680BD00BFBD37863580B582B089
:10B3600000AF87ED010A97ED010A18F085FFF0EEB6
:10B37000407AB0EE670A0837BD4680BD80B582B01E
:10B3800000AF87ED010AC7ED000AD7ED000A97ED7F
:10B39000010A18F09DFFF0EE407AB0EE670A083718
:10B3A000BD4680BD80B582B000AF87ED010A97ED44
:10B3B000010A18F0CDFFF0EE407AB0EE670A0837C8
:10B3C000BD4680BD80B582B000AF87ED010AC7EDF4
:10B3D000000AD7ED000A97ED010A18F07BFFF0EEA6
:10B3E000407AB0EE670A0837BD4680BD80B582B0AE
:10B3F00000AF87ED010A97ED010A18F0F5FFF0EEB6
:10B40000407AB0EE670A0837BD4680BD80B582B08D
:10B4100000AF87ED010A97ED010A18F07BFFF0EE0F
:10B42000407AB0EE670A0837BD4680BD80B487B069
:10B4300000AFF860B9607A6087ED000A7B68C3F1FD
:10B4400019037A6802FB03F3DA0F13445B101A4600
:10B45000BB6813447B61FA687B699B001344043327
:10B4600093ED007AFB68D3ED007AD7ED006A76EEB3
:10B47000E76AFA687B69B6339B0013440433D3ED63
:10B48000007A66EEA77A77EE277AB0EE670A1C3765
:10B49000BD465DF8047B704780B487B000AFF860AC
:10B4A000B9607A6087ED000A7B68C3F119037A6896
:10B4B00002FB03F3DA0F13445B101A46BB68134414
:10B4C0007B61FA687B695C339B00134493ED007ADF
:10B4D000FB68D3ED007AD7ED006A76EEE76AFA688A
:10B4E0007B6903F589739B001344D3ED007A66EE04
:10B4F000A77A77EE277AB0EE670A1C37BD465DF86B
:10B50000047B704780B598B000AF7861F0EE406A78
:10B51000B0EE607AF0EE417AC7ED011A87ED002AAD
:10B52000C7ED026A87ED037AC7ED047AD7ED027A98
:10B530009FED6D7A67EE877AC7ED177AD7ED037ABC
:10B540009FED697A67EE877AC7ED167AD7ED047AB0
:10B550009FED657A67EE877AC7ED157AD7ED017AA8
:10B560009FED627A67EE877AC7ED147AD7ED007A9D
:10B570009FED5E7A67EE877AC7ED137A97ED140A2E
:10B5800018F032FF87ED120A97ED140A18F0E0FE6A
:10B5900087ED110A97ED130A18F026FF87ED100AC0
:10B5A00097ED130A18F0D4FE87ED0F0A97ED0F7A86
:10B5B000D7ED177A27EE277AD7ED106AD7ED167AEE
:10B5C00066EEA77A77EE277AC7ED0E7AD7ED127A74
:10B5D000B1EE677AD7ED0E7A27EE277AD7ED116AAA
:10B5E000D7ED157A66EEA77A77EE277AC7ED0D7A52
:10B5F000D7ED107AB1EE677AD7ED177A27EE277A72
:10B60000D7ED0F6AD7ED167A66EEA77A77EE277A2E
:10B61000C7ED0C7AD7ED117AB1EE677AD7ED0E7AD5
:10B6200027EE277AD7ED127AF1EE676AD7ED157A11
:10B6300066EEA77A77EE277AC7ED0B7AD7ED0D7A0B
:10B6400027EEA77AD7ED0C7A67EEA77A77EE277AFE
:10B65000B0EE670A18F05EFE87ED0A0AD7ED0A7AA7
:10B6600027EEA77AD7ED0B7A67EEA77A77EE277ADF
:10B67000B0EE670A18F04EFE87ED090AD7ED0A0A08
:10B6800097ED0B0A18F024FEF0EE407A9FED187A41
:10B6900067EE877AC7ED087AD7ED0D0A97ED0C0AA9
:10B6A00018F016FEF0EE407A9FED117A67EE877A79
:10B6B000C7ED077A7B697A6B1A607B693A6B5A60CF
:10B6C0007B69FA6A9A607B69BA6ADA607B697A6A2E
:10B6D0001A617B693A6A5A617B69FA699A61786989
:10B6E0006037BD4680BD00BF286B6E4E35FA8E3C7C
:10B6F000E12E654280B598B000AF87ED070AC7ED2F
:10B70000060A87ED051AD7ED077A9FED427A67EEB4
:10B71000877AC7ED177AD7ED067A9FED3E7A67EE06
:10B72000877AC7ED167A3C4B7B653C4B3B653C4BBF
:10B73000FB6497ED170A18F057FE87ED120A97ED94
:10B74000170A18F005FE87ED110A97ED160A18F092
:10B750004BFE87ED100A97ED160A18F0F9FD87EDFC
:10B760000F0AD7ED127A67EEA77A9FED2E7A67EE71
:10B77000877AB7EE007A77EE677AB0EE670A18F04C
:10B78000C9FDB0EE407ADFED286AC6EE877AC7EDD4
:10B790000E7AD7ED0E7A9FED257A27EE877AD7EDD0
:10B7A000057A77EE277A97ED127A67EE277AC7ED5A
:10B7B0000D7A97ED0E7AD7ED057A77EE277A97ED29
:10B7C000117A67EE277AC7ED0C7A97ED0C7AD7EDF0
:10B7D0000F7A67EE277AC7ED097A97ED0C7AD7EDE5
:10B7E000107A67EE277AC7ED0A7A7B6BFB62796A7B
:10B7F000BA6AFB6A06EE901A07EE102A07EE903A34
:10B80000B0EE660AF0EE470AB0EE671A6037BD4642
:10B8100080BD00BF35FA8E3C32A5C24A885CDB3B56
:10B8200047497E3F885CDB3B32A5C24A47497E3FA1
:10B8300080B52DED028BA2B000AF87ED090AF0EEC6
:10B84000606AB0EE417AF0EE617A7861C7ED066A1F
:10B8500087ED077AC7ED087ABB69BB65FB697B6535
:10B860003B6A3B654FF00003C7F884304FF000039C
:10B87000C7F880304FF00003FB67D7ED167A27EE4C
:10B88000A77AD7ED157A67EEA77A37EE277AD7ED44
:10B89000147A67EEA77A77EE277AC7ED137ADFED91
:10B8A000476A97ED137AC6EE877AC7ED127A97ED5D
:10B8B000167AD7ED127A67EE277AC7ED117A97EDEF
:10B8C000157AD7ED127A67EE277AC7ED107A97EDE1
:10B8D000147AD7ED127A67EE277AC7ED0F7AD7ED93
:10B8E000127A9FED367A67EE877AC7ED0E7A97ED7A
:10B8F000130A18F00FFDB0EE407ADFED306AC6EEA5
:10B90000877AC7ED1C7A4FF00003FB664FF0000307
:10B91000BB664FF000037B663B6F3B66FB6EFB65CF
:10B9200000237B6710E27B6FBB6706E2BA6F7B6F19
:10B930009A4245D17B6F002B00F0A5803B6FBB6422
:10B940007B6F5B00013B07EE903AB8EEE77AD7EDEC
:10B95000116AD7ED1C7A66EEA76A97ED106AD7EDEB
:10B960001B7A66EE277A76EEE77A67EE277AC7EDDE
:10B970001C7A7B6F5B00013B07EE903AB8EEE77AEA
:10B98000D7ED116AD7ED1B7A66EEA76A97ED106ABC
:10B99000D7ED127A66EE277A76EEA77A67EE277AE7
:10B9A000C7ED1B7A4FF00003BB664FF000037B66C8
:10B9B0003B6F3B66FB6EFB6565E000BF006FC24AF4
:10B9C0003B6EBB64BA6F7B6FD31A07EE903AB8EE4A
:10B9D000E77AF7EE006AC6EE877AC7ED0D7ABB6F9D
:10B9E0005B00013B07EE903AB8EEE77AD7ED0F7AAD
:10B9F00027EE277AD7ED187A27EE277ABA6F7B6F72
:10BA00001344013B07EE903AF8EEE76AD7ED0E7A61
:10BA100066EEA76AD7ED1A7A66EEA77A77EE677AAE
:10BA200097ED0D7A67EE277AC7ED187ABB6CBB6687
:10BA3000FB6DBB64BB6F5B00013B07EE903AB8EE59
:10BA4000E77AD7ED0F7A27EE277AD7ED177A27EE28
:10BA5000277ABA6F7B6F1344013B07EE903AF8EEFA
:10BA6000E76AD7ED0E7A66EEA76AD7ED197A66EE29
:10BA7000A77A77EE677A97ED0D7A67EE277AC7EDAA
:10BA8000177ABB6C7B667B6F0B2B00F385807B6F1B
:10BA90000133BA6F9A427FDDBA6F7B6FD31A07EE1C
:10BAA000903AF8EEE77AB6EE007A27EE877ABA6F28
:10BAB0007B6FD31A013B07EE903AF8EEE77A27EE58
:10BAC000278ABB6F591E7B6F013397ED090A1A460F
:10BAD0007869FFF7ABFCB0EE407AD7ED187A67EEE5
:10BAE000278ABB6F591E7B6F013397ED090A1A46EF
:10BAF0007869FFF7D1FCB0EE407AD7ED177A67EEA0
:10BB0000277A78EEA77A68EE277A97ED217A77EE92
:10BB1000277AC7ED217ABA6F7B6FD31A07EE903A76
:10BB2000F8EEE77AB6EE007A27EE877ABA6F7B6F87
:10BB3000D31A013B07EE903AF8EEE77A27EE278A10
:10BB4000BB6F591E7B6F013397ED090A1A4678695E
:10BB5000FFF76CFCF0EE407AB1EE677AD7ED177A1A
:10BB600067EE278ABB6F591E7B6F013397ED090A79
:10BB70001A467869FFF790FCB0EE407AD7ED187A54
:10BB800067EE277A78EEA77A68EE277A97ED207A23
:10BB900077EE277AC7ED207ABB6F012B5EDD7B6FD6
:10BBA000012B5BDDBB6F591E7B6F013B97ED090AD3
:10BBB0001A467869FFF73AFCF0EE407AB1EE677A00
:10BBC000D7ED187A27EE278ABB6F591E7B6F013B92
:10BBD00097ED090A1A467869FFF75EFCB0EE407AE5
:10BBE000D7ED177A67EE277A78EE677AB6EE007AA5
:10BBF00067EE877A97ED217A77EE277AC7ED217A7B
:10BC0000BB6F591E7B6F013B97ED090A1A46786995
:10BC1000FFF70CFCF0EE407AB1EE677AD7ED177AB9
:10BC200027EE278ABB6F591E7B6F013B97ED090AF0
:10BC30001A467869FFF730FCB0EE407AD7ED187AF3
:10BC400067EE277A78EE277AB6EE007A67EE877A83
:10BC500097ED207A77EE277AC7ED207A7B6F012B5C
:10BC600030D1BB6F012B2DDDBB6F013B97ED090A76
:10BC7000002219467869FFF7D9FBF0EE407AB1EE61
:10BC8000677AD7ED187A67EE277A97ED217A77EE03
:10BC9000277AC7ED217ABB6F013B97ED090A002295
:10BCA00019467869FFF7C2FBF0EE407AB1EE677A89
:10BCB000D7ED177A67EE277A97ED207A77EE277A15
:10BCC000C7ED207ABB6F012B34DDBA6F7B6F9A42D0
:10BCD00030DDBA6F7B6FD31A07EE903AB8EEE78A81
:10BCE000BB6F013B97ED090A7A6F19467869FFF738
:10BCF0009DFBF0EE407AB1EE677AD7ED187A67EEE9
:10BD0000278ABB6F013B97ED090A7A6F194678695C
:10BD1000FFF7C2FBB0EE407AD7ED177A67EE277ACD
:10BD200078EEE77A68EE277A97ED1F7A77EE277A32
:10BD3000C7ED1F7ABB6F0133BB67BB6F0D2B7FF75E
:10BD4000F5AD7B6F01337B677B6F0D2B7FF7EBAD21
:10BD5000D7ED217AF1EE677A9FED167A67EE877A52
:10BD6000C7ED0A7AD7ED207AF1EE677A9FED117A66
:10BD700067EE877AC7ED0B7AD7ED1F7AF1EE677A17
:10BD80009FED0C7A67EE877AC7ED0C7AB96AFA6A8A
:10BD90003B6B06EE901A07EE102A07EE903AB0EED3
:10BDA000660AF0EE470AB0EE671A8837BD46BDEC6A
:10BDB000028B80BD5F70893080B485B000AFF860C1
:10BDC000B9607A60FB68043393ED007ABB6808338E
:10BDD000D3ED007A27EE277AFB680833D3ED006AAB
:10BDE000BB680433D3ED007A66EEA77A77EE677A04
:10BDF0007B68C3ED007AFB68083393ED007ABB687B
:10BE0000D3ED007A27EE277AFB68D3ED006ABB6892
:10BE10000833D3ED007A66EEA77A7B68043377EEB9
:10BE2000677AC3ED007AFB6893ED007ABB68043350
:10BE3000D3ED007A27EE277AFB680433D3ED006A4E
:10BE4000BB68D3ED007A66EEA77A7B68083377EE9D
:10BE5000677AC3ED007A00BF1437BD465DF8047BF6
:10BE6000704780B584B000AF78604FF00003FB608E
:10BE70000023BB6016E0BB689B007A68134493ED17
:10BE8000007ABB689B007A681344D3ED007A67EEB2
:10BE9000277A97ED037A77EE277AC7ED037ABB68A6
:10BEA0000133BB60BB68022BE5DD97ED030AFFF7AA
:10BEB000ADFAF0EE407AB0EE670A1037BD4680BDAD
:10BEC00080B582B000AF87ED010A386097ED010AB6
:10BED00006F0B2F9084B1A683B681A603B680433F5
:10BEE000054A52681A603B680833034A92681A6030
:10BEF00000BF0837BD4680BDFC29002080B52DED70
:10BF0000028BB6B000AF87ED050AC7ED040A87EDD6
:10BF1000031AC7ED021A786097ED021AD7ED030AEB
:10BF200097ED040AFFF7E6FBF0EE406AB0EE607AA8
:10BF3000F0EE417AC7ED256A87ED267AC7ED277ABC
:10BF4000D7ED057A9FEDFB7A37EEC77ADFEDFA6A17
:10BF5000C7EE267A9FEDF97A77EE877AC7ED357AC4
:10BF6000D7ED256A97ED267AD7ED277AF448F0EEDB
:10BF7000660AB0EE471AF0EE671A97ED350AFFF73A
:10BF800057FCF0EE406AB0EE607AF0EE417AC7ED11
:10BF9000226A87ED237AC7ED247A07F16C03D7ED87
:10BFA000226A97ED237AD7ED247A97ED032AD7ED0D
:10BFB000041AB0EE660AF0EE470AB0EE671A1846A9
:10BFC000FFF7A0FA97ED040A06F0B6FE87ED340AF3
:10BFD00097ED030A06F0B0FE87ED330A07F1480338
:10BFE0002422002118461CF024F997ED330AFFF7AC
:10BFF000D9F9F0EE407AB1EE678A97ED340AFFF78F
:10C00000F5F9F0EE407A68EE277AC7ED127A97EDEF
:10C01000330AFFF7EBF9F0EE407AF1EE677AC7EDFD
:10C02000137A97ED330AFFF7BDF9F0EE407AB1EEDF
:10C03000678A97ED340AFFF7B5F9F0EE407A68EEBB
:10C04000277AC7ED147A97ED330AFFF7CFF9F0EEB0
:10C05000407AB1EE678A97ED340AFFF7C7F9F0EE40
:10C06000407A68EE277AC7ED157A97ED330AFFF725
:10C0700099F9F0EE407AC7ED167A97ED330AFFF79B
:10C08000B5F9F0EE407AB1EE678A97ED340AFFF722
:10C0900089F9F0EE407A68EE277AC7ED177A97EDC6
:10C0A000340AFFF77FF9F0EE407AC7ED187A97ED82
:10C0B000340AFFF79BF9F0EE407AF1EE677AC7EDAC
:10C0C0001A7A97ED127AD7ED1B7A27EE277AD7EDF9
:10C0D000136AD7ED1C7A66EEA77A37EE277AD7ED8A
:10C0E000146AD7ED1D7A66EEA77A77EE277AC7ED48
:10C0F0000F7A97ED157AD7ED1B7A27EE277AD7EDD1
:10C10000166AD7ED1C7A66EEA77A37EE277AD7ED56
:10C11000176AD7ED1D7A66EEA77A77EE277AC7ED14
:10C12000107A97ED187AD7ED1B7A27EE277AD7ED9C
:10C13000196AD7ED1C7A66EEA77A37EE277AD7ED23
:10C140001A6AD7ED1D7A66EEA77A77EE277AC7EDE1
:10C15000117A7B69C7F8C830D7ED327A9FED797ACA
:10C1600077EE877AC7ED317AD7ED327A9FED717A23
:10C1700077EEC77AC7ED307AD7ED307A9FED727AD5
:10C1800067EE877A9FED717A77EE877AF3EE080A89
:10C19000B0EE670AFFF716F987ED2F0AD7ED317A6F
:10C1A0009FED647A77EEC77A9FED697A67EE877ABA
:10C1B0009FED687A77EE677AB0EE670A06F0BCFD0D
:10C1C000F0EE407AB0EE670AFFF710F9F0EE407A31
:10C1D0009FED617A27EE878AD7ED317A9FED557A08
:10C1E00077EEC77A9FED5D7A67EE877A9FED5C7A8E
:10C1F00077EE877A77EEA77AB0EE670A06F09CFDB5
:10C20000F0EE407AB0EE670AFFF7F0F8F0EE407A11
:10C210009FED547A67EE877A78EE677AC7ED2E7ACB
:10C22000D7ED317A9FED437A77EEC77A9FED4E7A5C
:10C2300067EE877A9FED4D7A77EE677AB0EE670A00
:10C2400006F07AFD87ED2D0A97ED2D0AFFF7AAF883
:10C25000B0EE407AD7ED2E7A67EE877AC7ED2C7A6A
:10C2600097ED2F7AD7ED2C7A77EE277AC7ED2B7AD8
:10C270003F4BC7F8A83097ED2A7AD7ED2B7A67EEB7
:10C28000277AC7ED297A07F11803242200211846DE
:10C290001BF0CFFF4FF07E53BB6397ED290AFFF7EA
:10C2A00081F8F0EE407AC7ED067A97ED290AFFF79C
:10C2B0009DF8F0EE407AF1EE677AC7ED077A97EDD8
:10C2C000290AFFF793F8F0EE407AC7ED097A97ED67
:10C2D000290AFFF767F8F0EE407AC7ED0A7A97ED82
:10C2E000067AD7ED0F7A27EE277AD7ED076AD7EDD2
:10C2F000107A66EEA77A37EE277AD7ED086AD7ED7F
:10C30000117A66EEA77A77EE277A7B68C3ED007A1A
:10C3100097ED097AD7ED0F7A27EE277AD7ED0A6ADB
:10C32000D7ED107A66EEA77A37EE277AD7ED0B6A4B
:10C3300022E000BF64A1154A00A0B6430000FA4401
:10C3400040BC0208CDE8513A9386C04139949541EA
:10C350004BE6583D7B14FA42753FA7B98F537C3F9B
:10C36000293C8C439C53C93795BFD634B083BB411D
:10C37000920A863EBD378635D7ED117A66EEA77AEA
:10C380007B68043377EE277AC3ED007A97ED0C7A59
:10C39000D7ED0F7A27EE277AD7ED0D6AD7ED107A11
:10C3A00066EEA77A37EE277AD7ED0E6AD7ED117AC7
:10C3B00066EEA77A7B68083377EE277AC3ED007ABA
:10C3C0007B6893ED007A7B68D3ED007A27EE277ABD
:10C3D0007B680433D3ED006A7B680433D3ED007AC5
:10C3E00066EEA77A37EE277A7B680833D3ED006ACA
:10C3F0007B680833D3ED007A66EEA77A77EE277A6A
:10C40000B0EE670AFFF702F887ED280AD7ED287A21
:10C410001FED287AF4EEC77AF1EE10FA22DD7B6880
:10C42000D3ED006A97ED287AC6EE877A7B68C3ED74
:10C43000007A7B680433D3ED006A7B68043397EDA0
:10C44000287AC6EE877AC3ED007A7B680833D3ED8D
:10C45000006A7B68083397ED287AC6EE877AC3EDC9
:10C46000007A0DE07B684FF000021A607B680433AD
:10C470004FF000021A607B6808334FF000021A6028
:10C4800000BFD837BD46BDEC028B80BD80B483B001
:10C4900000AF78607B684FF07E521A607B684FF087
:10C4A00000025A607B684FF000029A607B684FF090
:10C4B0000002DA607B684FF000021A627B684FF07E
:10C4C00000025A627B684FF000029A6200BF0C378C
:10C4D000BD465DF8047B704790B5C7B000AF07F567
:10C4E0008C74A4F58674206007F58C70A0F58870B4
:10C4F000016007F58C71A1F58A710A6007F58C72ED
:10C50000A2F58C72136007F58C73A3F588731B6812
:10C510001B68C7F8EC3007F58C73A3F588731B68AC
:10C520005B68C7F8F03007F58C73A3F588731B6858
:10C530009B68C7F8F43007F1E00207F58C73A3F5A8
:10C540008A7107F58C73A3F5887309681868FFF77B
:10C5500033FC07F1E0031846FFF783FC87ED410A3F
:10C56000D7ED386A97ED417AC6EE877AC7ED357A0E
:10C57000D7ED396A97ED417AC6EE877AC7ED367AFC
:10C58000D7ED3A6A97ED417AC6EE877AC7ED377AEA
:10C5900007F1C80207F1E00107F58C73A3F5887372
:10C5A0001868FFF709FC07F1E0031846FFF759FC8C
:10C5B00087ED400AD7ED326A97ED407AC6EE877A6A
:10C5C000C7ED2F7AD7ED336A97ED407AC6EE877ABA
:10C5D000C7ED307AD7ED346A97ED407AC6EE877AA8
:10C5E000C7ED317A07F58C73A3F58C731B681B6854
:10C5F000C7F8B03007F58C73A3F58C731B685B68C4
:10C60000C7F8B43007F58C73A3F58C731B689B686F
:10C61000C7F8B83007F1A40207F58C73A3F58C7343
:10C62000D7F828111868FFF7C7FB07F1A4031846CD
:10C63000FFF717FC87ED3F0AD7ED296A97ED3F7AA0
:10C64000C6EE877AC7ED267AD7ED2A6A97ED3F7A4C
:10C65000C6EE877AC7ED277AD7ED2B6A97ED3F7A3A
:10C66000C6EE877AC7ED287A07F18C0207F1A4019C
:10C6700007F58C73A3F58C731868FFF79DFB07F122
:10C68000A4031846FFF7EDFB87ED3E0AD7ED236ABA
:10C6900097ED3E7AC6EE877AC7ED207AD7ED246A09
:10C6A00097ED3E7AC6EE877AC7ED217AD7ED256AF7
:10C6B00097ED3E7AC6EE877AC7ED227AD7F8EC304E
:10C6C000FB65D7F8D4303B66D7F8BC307B66D7F82B
:10C6D000F030BB66D7F8D830FB66D7F8C0303B6780
:10C6E000D7F8F4307B67D7F8DC30BB67D7F8C430B5
:10C6F000FB67D7F8B030BB63D7F89830FB63D7F847
:10C7000080303B64D7F8B4307B64D7F89C30BB648E
:10C71000D7F88430FB64D7F8B8303B65D7F8A03041
:10C720007B65D7F88830BB650023C7F8143159E022
:10C730000023C7F810314CE04FF00003C7F80C316C
:10C740000023C7F808312AE0D7F8142113465B000C
:10C750001344D7F8082113449B0003F58C733B4422
:10C76000E03B93ED007AD7F8102113465B001344A9
:10C77000D7F8082113449B0003F58C733B44BC3B62
:10C78000D3ED007A67EE277A97ED437A77EE277A32
:10C79000C7ED437AD7F808310133C7F80831D7F825
:10C7A0000831022BD0DD07F58C73A3F58271D7F821
:10C7B000102113465B001344D7F8142113449B0047
:10C7C0000B44D7F80C211A60D7F810310133C7F8A1
:10C7D0001031D7F81031022BAEDDD7F81431013308
:10C7E000C7F81431D7F81431022BA1DD07F58C738B
:10C7F000A3F58273D3ED007AB7EE007A37EE877A2D
:10C8000007F58C73A3F58273D3ED047A37EE277A9C
:10C8100007F58C73A3F58273D3ED087A77EE277A48
:10C82000F1EE006A87EEA67AB0EE470AFEF7EEFD5B
:10C83000F0EE407A07F58C73A3F586731B68C3EDA1
:10C84000047A07F58C73A3F58273D3ED007AB7EE03
:10C85000007A37EE877A07F58C73A3F58273D3EDF0
:10C86000047A37EE677A07F58C73A3F58273D3EDFC
:10C87000087A77EE677AF1EE006A87EEA67AB0EE74
:10C88000470AFEF7C3FDF0EE407A07F58C73A3F577
:10C8900086731B68C3ED057A07F58C73A3F5827365
:10C8A000D3ED007AB7EE007A37EE677A07F58C732E
:10C8B000A3F58273D3ED047A37EE277A07F58C73EC
:10C8C000A3F58273D3ED087A77EE677AF1EE006A0A
:10C8D00087EEA67AB0EE470AFEF798FDF0EE407AB2
:10C8E00007F58C73A3F586731B68C3ED067A07F50D
:10C8F0008C73A3F58273D3ED007AB7EE007A37EE2E
:10C90000677A07F58C73A3F58273D3ED047A37EE5B
:10C91000677A07F58C73A3F58273D3ED087A77EE07
:10C92000277AF1EE006A87EEA67AB0EE470AFEF7A4
:10C930006DFDF0EE407A07F58C73A3F586731B68E6
:10C94000C3ED077A07F58C73A3F586731B681A6924
:10C9500007F58C73A3F586731B681A6007F58C7353
:10C96000A3F586731B685A6907F58C73A3F5867364
:10C970001B685A6007F58C73A3F586731B689A6968
:10C9800007F58C73A3F586731B689A6007F58C73A3
:10C99000A3F586731B68DA6907F58C73A3F58673B4
:10C9A0001B68DA6007F58C73A3F586731B6893ED3B
:10C9B000047A07F58C73A3F586731B68D3ED077AA9
:10C9C00027EE277A07F58C73A3F586731B68D3EDE2
:10C9D000056A07F58C73A3F586731B68D3ED067A99
:10C9E00066EEA77A77EE277A37EEA76A07F58C739B
:10C9F000A3F586731B6893ED067A07F58C73A3F590
:10CA000086731B68D3ED067A27EE277A07F58C73B9
:10CA1000A3F586731B68D3ED076A07F58C73A3F53E
:10CA200086731B68D3ED077A66EEA77A77EE277ACE
:10CA300077EEA77AB7EE007A77EE677AF0EE670ABC
:10CA4000B0EE460AFEF79AFC10EE103A1846F3F7DD
:10CA50008BFD5FA3D3E90023F3F7DEFD02460B460F
:10CA600010461946F4F7D0F8024607F58C73A3F583
:10CA700086731B681A6207F58C73A3F586731B68AF
:10CA800093ED047A07F58C73A3F586731B68D3EDD9
:10CA9000067A27EE277A07F58C73A3F586731B6851
:10CAA000D3ED076A07F58C73A3F586731B68D3ED86
:10CAB000057A66EEA77A77EE677A77EEA77AB0EE18
:10CAC000670AFEF74BFC10EE103A1846F3F74CFDE0
:10CAD0003FA3D3E90023F3F79FFD02460B46104620
:10CAE0001946F4F791F8024607F58C73A3F586739F
:10CAF0001B685A6207F58C73A3F586731B6893ED68
:10CB0000047A07F58C73A3F586731B68D3ED057A59
:10CB100027EE277A07F58C73A3F586731B68D3ED90
:10CB2000066A07F58C73A3F586731B68D3ED077A45
:10CB300066EEA77A77EE277A37EEA76A07F58C7349
:10CB4000A3F586731B6893ED057A07F58C73A3F53F
:10CB500086731B68D3ED057A27EE277A07F58C7369
:10CB6000A3F586731B68D3ED066A07F58C73A3F5EE
:10CB700086731B68D3ED067A66EEA77A77EE277A7E
:10CB800077EEA77AB7EE007A77EE677AF0EE670A6B
:10CB9000B0EE460AFEF7F2FB10EE103A1846F3F735
:10CBA000E3FC0BA3D3E90023F3F736FD02460B4663
:10CBB00010461946F4F728F8024607F58C73A3F5DA
:10CBC00086731B689A6200BF07F58E77BD4690BDDD
:10CBD000F8C1631ADCA54C4080B483B000AF786024
:10CBE0007B681B781A067B6801331B781B041A4389
:10CBF0007B6802331B781B0213437A680332127876
:10CC000013431A4A13607B6804331B781A067B6847
:10CC100005331B781B041A437B6806331B781B0201
:10CC200013437A68073212781343114A13607B6802
:10CC300008331B781A067B6809331B781B041A43D8
:10CC40007B680A331B781B0213437A680B32127815
:10CC50001343084A13607B681A7B074B1A7000BFA6
:10CC60000C37BD465DF8047B704700BF68020020AA
:10CC70006C020020700200208A02002080B584B07F
:10CC800000AF0346FB710A23FB73FB79002B02D133
:10CC90000A23FB7301E0FB79FB730A4B1B684FF01F
:10CCA000FF31184610F084F8074AFB7B1370054BE0
:10CCB00018680023002200210FF038FD00BF103754
:10CCC000BD4680BD042200207602002090B587B0CA
:10CCD00000AF3C4684E80F004FF4E153FB824FF471
:10CCE0007A73BB82FB78002B08D13B79002B05D1EE
:10CCF0007B79002B02D1BB79002B02D0BB78042BAF
:10CD000006D04FF47A73BB824FF4E153FB820BE001
:10CD1000FB781B029BB23A791343FB827B791B029F
:10CD20009BB2BA791343BB820B4B1B684FF0FF31A8
:10CD3000184610F03DF8094ABB8A1380084AFB8A5E
:10CD40001380054B18680023002200210FF0EEFC31
:10CD500000BF1C37BD4690BD002200208E0200207F
:10CD60009002002080B584B002AF0346FB71FB79CE
:10CD7000012B0AD10D4B18680023009303234FF4B5
:10CD80008072002111F056FF0CE0FB79022B09D1D3
:10CD9000064B18680023009303234FF40072002110
:10CDA00011F048FF00BF0837BD4680BDB41C00200D
:10CDB00090B5A1B002AF3C4684E80F003B78AB2BA6
:10CDC00014BF01230023DBB287F877303B78AB2B0D
:10CDD00040F05E867B78AA3B552B00F2478601A285
:10CDE00052F823F04DDA00086DDA00086DDA000819
:10CDF0006DDA00086DDA00086DDA00083DCF000832
:10CE000093CF0008EBCF00088FD00008EFD20008C6
:10CE10003DD10008EDD100088DD200085FD3000895
:10CE20006DDA00086DDA00089DD80008C9D800083E
:10CE300015D9000841D900086DD90008AFD3000802
:10CE400023D4000885D400080BD50008B5D5000808
:10CE500027D60008ABD60008D7D6000803D70008AD
:10CE60002FD700085BD7000887D70008B3D7000882
:10CE7000DFD700086DDA00086DDA00086DDA000807
:10CE80006DDA00086DDA00086DDA00086DDA000866
:10CE90006DDA00086DDA00086DDA00086DDA000856
:10CEA0006DDA00086DDA00086DDA00086DDA000846
:10CEB0006DDA00086DDA00086DDA00086DDA000836
:10CEC0006DDA00086DDA00086DDA00086DDA000826
:10CED0006DDA00086DDA00086DDA00086DDA000816
:10CEE0006DDA00086DDA00086DDA00086DDA000806
:10CEF0006DDA00086DDA00086DDA00086DDA0008F6
:10CF00006DDA00086DDA00086DDA00086DDA0008E5
:10CF10006DDA00086DDA00086DDA00086DDA0008D5
:10CF20006DDA00086DDA00086DDA00086DDA0008C5
:10CF30006DDA00086DDA00082BDA0008CA4B1868B1
:10CF40000023009303230222002111F073FEC74B3C
:10CF5000186897F8773004335B0001229A4097F8FD
:10CF6000773008335B00012101FA03F313431A46BB
:10CF7000002300930123002111F05CFEBC4B1868D4
:10CF80000023009303230822002111F053FE00F038
:10CF90003BBFB54B186800230093012301220021F9
:10CFA00011F048FEB14B186897F8773004335B00F6
:10CFB00001229A4097F8773008335B000133012152
:10CFC00001FA03F313431A460023009301230021BF
:10CFD00011F030FEA64B18680023009303230422AF
:10CFE000002111F027FE00F00FBFA04B186897F842
:10CFF000773004335B00012202FA03F31A46002360
:10D0000000930123002111F015FEF9F767F8FAF7F4
:10D010007FFD07F144031846F7F73EFC07F1440390
:10D020001846F9F749FA0346002B0DD007F14403DF
:10D030001846F7F7F7F807F1140307F14401042243
:10D040000120F6F7E8FD07E007F1140307F14401BA
:10D0500027220220F6F7DFFD864B186807F114013E
:10D0600001234FF0FF320FF061FB804B186897F8F7
:10D0700077300C335B00012202FA03F31A460023D7
:10D0800000930323002111F0D5FD00F0BDBE774BC6
:10D09000186897F8773004335B0001229A4097F8BC
:10D0A000773008335B00012101FA03F31A4397F844
:10D0B00077300E335B00012101FA03F313431A4664
:10D0C000002300930123002111F0B4FD664B186882
:10D0D0000023009303230222002111F0ABFD664BD5
:10D0E00018680023009303230222002111F0A2FDFF
:10D0F000624B18680023009303230222002111F0E1
:10D1000099FD5F4B1868002300930323022200213E
:10D1100011F090FD5B4B186800230093032302225B
:10D12000002111F087FD524B186800230093032360
:10D130000422002111F07EFD00F066BE4B4B186802
:10D1400097F8773004335B00012202FA03F31A46A2
:10D15000002300930123002111F06CFD494B186856
:10D160000023009301230122002111F063FD464BAF
:10D1700018680023009303238022002111F05AFD38
:10D18000FB781846F6F722FB3B791846FFF7EAFDD5
:10D190007B7903F00103002B00F0318607F1440393
:10D1A0001846F7F783F907F1140307F14401272222
:10D1B000FF20F6F730FD2F4B186807F1140101230B
:10D1C0004FF0FF320FF0B2FA284B186897F877301B
:10D1D0000C335B00012202FA03F31A46002300938A
:10D1E0000123002111F026FD00F009BE1F4B186835
:10D1F00097F8773004335B00012202FA03F31A46F2
:10D20000002300930123002111F014FDFB7803F0AB
:10D210000103002B08D0194B186800230093032347
:10D220000222002111F006FDFB7803F00203002B1F
:10D2300008D0134B18680023009303230222002117
:10D2400011F0F8FCFB7803F00403002B00F0D98503
:10D25000094B18680023009303230222002111F0D8
:10D26000E9FC00F0CEBD00BFBC1C0020301C00203B
:10D27000B81C00204C1C002030220020342200204A
:10D28000382200209C160020B41C0020C04B1868D7
:10D2900097F8773004335B00012202FA03F31A4651
:10D2A000002300930123002111F0C4FCFB7803F05C
:10D2B0000103002B0AD0B74B186800230093032307
:10D2C0001022002111F0B6FC00F09DBDFB7803F0A8
:10D2D0000103002B40F09785AE4B186800230093A4
:10D2E00003232022002111F0A5FC00F08CBDA84BE7
:10D2F000186897F8773004335B00012202FA03F3D1
:10D300001A46002300930123002111F093FC07F13A
:10D3100044031846F7F784FB07F1140307F14401AF
:10D3200027220C20F6F777FC9B4B186807F11401B5
:10D3300001234FF0FF320FF0F9F9954B186897F879
:10D3400077300C335B00012202FA03F31A46002304
:10D3500000930123002111F06DFC00F055BD8C4BB2
:10D36000186897F8773004335B00012202FA03F360
:10D370001A46002300930123002111F05BFCFB7887
:10D380001846FFF77BFC854B1868002300930123A8
:10D390000422002111F04EFC814B186800230093F9
:10D3A00001230422002111F045FC00F02DBD784B33
:10D3B000186897F8773004335B00012202FA03F310
:10D3C0001A46002300930123002111F033FC3B4651
:10D3D0000FCBFFF77BFC724B1868002300930323ED
:10D3E0000222002111F026FC6E4B186800230093E6
:10D3F00003230522002111F01DFC6B4B186800234C
:10D40000009303230522002111F014FC674B1868D8
:10D410000023009303230522002111F00BFC00F0F0
:10D42000F3BC5B4B186897F8773004335B0001223C
:10D4300002FA03F31A46002300930123002111F09E
:10D44000F9FB3B460FCBFFF741FC554B1868002317
:10D45000009303230222002111F0ECFB514B1868CA
:10D460000023009303230522002111F0E3FB4E4B20
:10D4700018680023009303230522002111F0DAFB32
:10D4800000F0C2BC424B186897F8773004335B0059
:10D49000012202FA03F31A4600230093012300211C
:10D4A00011F0C8FB3B460FCBFFF710FC3C4B186854
:10D4B0000023009303230222002111F0BBFB394B10
:10D4C00018680023009303230922002111F0B2FB06
:10D4D000354B18680023009303230922002111F023
:10D4E000A9FB324B18680023009303230922002173
:10D4F00011F0A0FB2E4B1868002300930323012298
:10D50000002111F097FB00F07FBC214B186897F8C1
:10D51000773004335B00012202FA03F31A4600233A
:10D5200000930123002111F085FB3B460FCBFFF751
:10D53000CDFB1B4B1868002300930323022200211C
:10D5400011F078FB174B186800230093032309227E
:10D55000002111F06FFB144B186800230093032384
:10D560000922002111F066FB104B1868002300937C
:10D5700003230922002111F05DFB0D4B18680023E5
:10D58000009303230122002111F054FB00F03CBC66
:10D59000301C0020C01C00204C1C00209C160020C9
:10D5A000BC1C002030220020342200203822002021
:10D5B00070220020CF4B186897F8773004335B0057
:10D5C000012202FA03F31A460023009301230021EB
:10D5D00011F030FB3B460FCBFFF778FBC64B1868CA
:10D5E0000023009303230222002111F023FBC34BED
:10D5F00018680023009303230922002111F01AFB6D
:10D60000BF4B18680023009303230922002111F067
:10D6100011FBBC4B18680023009303230122002157
:10D6200011F008FBF0E3B34B186897F87730043338
:10D630005B00012202FA03F31A4600230093012340
:10D64000002111F0F7FA3B460FCBFFF73FFBAA4B47
:10D6500018680023009303230222002111F0EAFA44
:10D66000A64B18680023009303230922002111F020
:10D67000E1FAA54B18680023009303230922002137
:10D6800011F0D8FA9E4B1868002300930323092257
:10D69000002111F0CFFA9D4B18680023009303235B
:10D6A0000122002111F0C6FAAEE3924B186897F8F8
:10D6B000773004335B00012202FA03F31A46002399
:10D6C00000930123002111F0B5FA3B4603331846BD
:10D6D000F6F7B0F898E3874B186897F8773004337B
:10D6E0005B00012202FA03F31A4600230093012390
:10D6F000002111F09FFA3B4603331846F6F7C0F8B5
:10D7000082E37C4B186897F8773004335B00012282
:10D7100002FA03F31A46002300930123002111F0BB
:10D7200089FA3B4603331846F6F7D0F86CE3714BA1
:10D73000186897F8773004335B00012202FA03F38C
:10D740001A46002300930123002111F073FA3B468F
:10D7500003331846F6F7E0F856E3664B186897F877
:10D76000773004335B00012202FA03F31A460023E8
:10D7700000930123002111F05DFA3B460333184664
:10D78000F6F7F0F840E35B4B186897F8773004330E
:10D790005B00012202FA03F31A46002300930123DF
:10D7A000002111F047FA3B4603331846F6F700F91B
:10D7B0002AE3504B186897F8773004335B00012256
:10D7C00002FA03F31A46002300930123002111F00B
:10D7D00031FA3B4603331846F6F710F914E3454B8C
:10D7E000186897F8773004335B00012202FA03F3DC
:10D7F0001A46002300930123002111F01BFA07F1C0
:10D8000044023B46033311461846F6F71DF903461A
:10D81000002B21D007F1140307F144012422072033
:10D82000F6F7F9F93A4B186807F1140101234FF0A4
:10D83000FF320EF07BFF2F4B186897F877300C33D0
:10D840005B00012202FA03F31A460023009301232E
:10D85000002111F0EFF9D7E207F1140307F14401B9
:10D8600000220720F6F7D7F9294B186807F11401B1
:10D8700001234FF0FF320EF059FF1E4B186897F846
:10D8800077300C335B00012202FA03F31A460023BF
:10D8900000930123002111F0CDF9B5E2154B186872
:10D8A00097F8773004335B00012202FA03F31A463B
:10D8B000002300930123002111F0BCF93B46033300
:10D8C0001846FBF781FC9FE20A4B186897F87730FF
:10D8D00004335B00012202FA03F31A46002300938B
:10D8E0000123002111F0A6F93B4603331846FBF74C
:10D8F00091FC89E2301C0020BC1C0020302200205A
:10D90000382200207022002034220020C819002074
:10D910004C1C0020CB4B186897F8773004335B0021
:10D92000012202FA03F31A46002300930123002187
:10D9300011F080F93B4603331846FBF791FC63E294
:10D94000C04B186897F8773004335B00012202FA65
:10D9500003F31A46002300930123002111F06AF912
:10D960003B4603331846FBF7A1FC4DE2B54B186864
:10D9700097F8773004335B00012202FA03F31A466A
:10D98000002300930123002111F054F907F1440210
:10D990003B460333AC491846FBF7AEFC0346002B6D
:10D9A00021D007F1140307F1440119220F20F6F7E3
:10D9B00032F9A64B186807F1140101234FF0FF322A
:10D9C0000EF0B4FE9F4B186897F877300C335B006D
:10D9D000012202FA03F31A460023009301230021D7
:10D9E00011F028F910E207F1140307F144010022B5
:10D9F0000F20F6F710F9954B186807F11401012371
:10DA00004FF0FF320EF092FE8E4B186897F8773089
:10DA10000C335B00012202FA03F31A460023009341
:10DA20000123002111F006F9EEE1864B186897F802
:10DA300077305B000133012202FA03F31A46002318
:10DA400000930123002111F0F5F8DDE17D4B18680A
:10DA500097F877305B00012202FA03F31A4600239D
:10DA600000930123002111F0E5F8CDE1754B186812
:10DA700097F8773004335B000133012202FA03F395
:10DA80001A46002300930123002111F0D3F8BBE1D3
:10DA90003B78CE2B40F0A2817B78AA2B00F07C81D2
:10DAA000AA2BC0F28981FF2B00F38681F02BC0F2F4
:10DAB0008381F03B0F2B00F27F8101A252F823F00B
:10DAC00001DB00085BDB000801DC000861DC00080A
:10DAD000B7DC0008B9DD0008B9DD0008B9DD0008D1
:10DAE000B9DD0008B9DD0008B9DD0008B9DD0008BE
:10DAF000B9DD0008B9DD0008B9DD000877DD0008F0
:10DB0000504B186897F8773004335B00012202FA13
:10DB100003F31A46002300930123002111F08AF831
:10DB20004B4B1B7A012B0CBF01230023DAB2494B6C
:10DB30001A70494B1B684FF0FF3118460FF038F947
:10DB40003B4603331846FCF7F1FC434B18680023AF
:10DB5000002200210EF0EAFD56E1BB78082B3DD1F2
:10DB6000384B186897F8773004335B00012202FACB
:10DB700003F31A46002300930123002111F05AF801
:10DB8000FB781A063B791B041A437B791B0213436B
:10DB9000BA7913433B67FB791A063B7A1B041A4395
:10DBA0007B7A1B021343BA7A1343FB66F96E386F14
:10DBB000F5F7F4FF0346FB7407F1140307F11301B3
:10DBC0000122E220F6F727F8244B186807F1140128
:10DBD00000234FF0FF320EF0A9FD15E1194B186834
:10DBE00097F8773004335B000133012202FA03F324
:10DBF0001A46002300930123002111F01BF803E1D2
:10DC0000104B186897F8773004335B00012202FA52
:10DC100003F31A46002300930123002111F00AF8B0
:10DC200007F1140300220021E020F5F7F4FF0B4B6D
:10DC3000186807F1140100234FF0FF320EF076FD53
:10DC4000E2E000BF301C0020CC1900204C1C00205A
:10DC50002C1600207502002018220020481C0020ED
:10DC6000BB780D2B15D16A4B186897F877300433C1
:10DC70005B00012202FA03F31A46002300930123FA
:10DC8000002110F0D7FF3B4603331846FEF7A4FFF0
:10DC9000BAE05F4B186897F8773004335B000133C4
:10DCA000012202FA03F31A46002300930123002104
:10DCB00010F0C0FFA8E0564B186897F8773004338F
:10DCC0005B0001229A4097F877300E335B00012108
:10DCD00001FA03F313431A460023009303230021A0
:10DCE00010F0A8FF4B4B1868002300930323402239
:10DCF000002110F09FFF484B186800230093012378
:10DD00000122002110F096FF444B18680023009375
:10DD100003230222002110F08DFF414B18680023DD
:10DD2000009303230222002110F084FF3D4B18686A
:10DD30000023009303230222002110F07BFF3A4BC3
:10DD400018680023009303230222002110F072FFC1
:10DD5000364B18680023009303230222002110F0A1
:10DD600069FF334B1868002300930323042200212A
:10DD700010F060FF48E0264B186897F877305B009A
:10DD80000133012202FA03F31A4600230093012310
:10DD9000002110F04FFF37E01D4B186897F87730DF
:10DDA0005B00012202FA03F31A46002300930123C9
:10DDB000002110F03FFF27E0154B186897F87730E7
:10DDC00004335B000133012202FA03F31A460023F5
:10DDD00000930123002110F02DFF15E00C4B186873
:10DDE00097F8773004335B00012202FA03F31A46F6
:10DDF000002300930123002110F01CFF04E000BF6A
:10DE000002E000BF00E000BF00BF7C37BD4690BD10
:10DE1000301C0020B41C0020C01C0020BC1C0020B2
:10DE20003022002034220020382200209C160020BE
:10DE3000B81C002080B588B000AF7860114B1B681B
:10DE400018460FF0B5F8F86113E00E4B1B6807F1A8
:10DE50000C014FF0FF3218460EF0C8FE0346012BAE
:10DE600004D107F10C030FCBFEF7A2FFFB69013BC6
:10DE7000FB61FB69002BE8D14FF4FA700FF07EFCD8
:10DE8000DCE700BF401C002090B585B000AF786093
:10DE90002A4B1B684FF0FF3118460EF089FF002314
:10DEA000FB73274B274A02F2CD5420686168A268B1
:10DEB00007C3A289A17B1A800A469A7013222049BF
:10DEC000214814F08FFA03461A46204B1A701F4B54
:10DED0001B781B49184600F089FD1C4B1B78002B52
:10DEE00005D00A200FF04AFCFB7B0133FB73FB7B60
:10DEF000032B03D8154B1B78002BDFD1104B0122CD
:10DF000083F860220023BB6006E079680C4800F0CB
:10DF10001FF8BB680133BB60BB68172BF5DD0A48EF
:10DF200015F006F8054B18680023002200210EF0BA
:10DF3000FDFB00BF1437BD4690BD00BFE4210020AB
:10DF400088270020901E0164BC270020A422002006
:10DF500080B584B000AF786039604FF4FF73FB6028
:10DF60007B68012283F83020786800F0C9FC7B6868
:10DF700003F134000E4BFA68396814F0E6FD0346ED
:10DF80001A460C4B1A700B4B1B787968184600F038
:10DF90002DFD084B1B78002B05D1064B1B787968AB
:10DFA000184600F023FD00BF1037BD4680BD00BFFE
:10DFB000A8220020A422002090B585B000AF786090
:10DFC0002E4B1B684FF0FF3118460EF0F1FE2C4B24
:10DFD0002C4A02F2CD5420686168A26807C3A28966
:10DFE000A17B1A800A469A7001222549264814F01E
:10DFF000F9F903461A46254B1A70244B1B78204921
:10E00000184600F0F3FC214B1B78002B2BD100238A
:10E01000FB8111E0FB895B021A467B6899181C4B57
:10E020004FF40072184814F051FC03461A46174B7F
:10E030001A70FB890133FB81FB89172BEAD912483F
:10E0400014F076FF0E4B00225A630D494FF0000288
:10E050004FF00003C1E9062309494FF000024FF0D9
:10E060000003C1E90823054B1868002300220021A2
:10E070000EF05CFB00BF1437BD4690BDE4210020CC
:10E0800088270020901E0164BC270020A4220020C5
:10E09000AC22002090B5ADF5057D02AF0023C7F896
:10E0A00004323B1D4FF4007200924FF400420221F3
:10E0B0006D4815F021FA03461A466C4B1A706C4AEB
:10E0C0006C4B1046194640F2DC531A461AF081FF99
:10E0D000694B00221A70694B01221A80684B00229A
:10E0E0001A70684B01221A80674B00225A616649F8
:10E0F0004FF000024FF00003C1E9062362494FF0E0
:10E1000000024FF00003C1E90823604B00225A616E
:10E110005E494FF000024FF00003C1E906235B495E
:10E120004FF000024FF00003C1E90823564B0022D4
:10E1300083F8302054494FF000024FF00003C1E94A
:10E140000A23524B002283F8302050494FF000023E
:10E150004FF00003C1E90A2364200FF00FFB0122F6
:10E1600041494B4814F0FAF803461A463F4B1A70DF
:10E1700064200FF003FB3D4B1B784349184600F029
:10E1800035FCD7F804320133C7F80432374B1B781B
:10E19000002B03D0D7F80432032BDDDD334B1B7883
:10E1A000002B55D1384A324B14460FCB07C423807D
:10E1B00002341B0C237032223349364814F012F912
:10E1C00003461A46294B1A70284B1B78002B04D1A2
:10E1D0002D4B012283F8602203E02B4B002283F8B1
:10E1E0006022224B1B782849184600F0FFFB274A83
:10E1F0001F4B14460FCB07C4238002341B0C237023
:10E2000031222249244814F0EDF803461A46174BF0
:10E210001A70164B1B78002B04D11C4B012283F87B
:10E22000602203E0194B002283F860220F4B1B7819
:10E230001649184600F0DAFB184B1B784FF4FF72B2
:10E240001946174819F0F5FF1548FFF71DFE05E0C0
:10E25000144B01221A700C4800F030FC00BF07F587
:10E260000377BD4690BD00BFA8B90208A4220020D4
:10E27000901E0164F4C10208F0290020F429002056
:10E28000F1290020F2290020B822002020250020BA
:10E2900000000020EC220020542500208A020020EB
:10E2A000901C0164B022002080B582B000AF002332
:10E2B0007B6001224149002014F050F864200FF0E7
:10E2C0005DFA01223D493E4814F048F803461A46DB
:10E2D0003C4B1A7064200FF051FA3A4B1B783A49C4
:10E2E000184600F083FB7B6801337B60354B1B785D
:10E2F000002B02D07B68032BE0DD324B1B78002B18
:10E3000052D1324B1B781A4613461B019B1A304AD6
:10E3100013440F2219462C481AF05BFE32222A4978
:10E320002C4814F05FF803461A46264B1A70254B0A
:10E330001B78002B04D1244B012283F8602203E0D8
:10E34000214B002283F860221E4B1B781E49184681
:10E3500000F04CFB204B1B781A4613461B019B1AFE
:10E360001B4A13440F2219461C481AF032FE312270
:10E370001A491B4814F036F803461A46114B1A7016
:10E38000104B1B78002B04D1144B012283F8602220
:10E3900003E0124B002283F860220A4B1B780F49DE
:10E3A000184600F023FB05E00E4B01221A700648C8
:10E3B00000F084FB00BF0837BD4680BDA8B9020845
:10E3C00000000020A4220020B8220020F029002014
:10E3D000901E0164EC220020F1290020202500205D
:10E3E00054250020B0220020B0B584B000AF786082
:10E3F000404B1B684FF0FF3118460EF0D9FC00234C
:10E40000FB6079683C4800F03DF93B4BD3E90801DB
:10E410003A4B1B889BB200221C46154622462B46CF
:10E42000F2F792FC02460B4613467B817B8947F646
:10E430001812934245D9304800F02AFB304B1B7824
:10E440000133DAB22E4B1A700A200FF097F92C4BD9
:10E450001B781A4613461B019B1A2A4A13440F22A3
:10E46000194625481AF0B5FD33222349264813F0F2
:10E47000B9FF03461A46254B1A70244B1B78002B14
:10E4800004D11D4B012283F8602203E01A4B0022C5
:10E4900083F860221D4B1B781749184600F0A6FA36
:10E4A000174B1B78622B05D1FB680133FB60144BC3
:10E4B00000221A70FB68032B03D0144B1B78002B2F
:10E4C000BCD10F4B1B78622B08D10D4B00221A7068
:10E4D0000A4B1B8801339AB2084B1A80054B186807
:10E4E0000023002200210EF021F900BF1037BD46A5
:10E4F000B0BD00BFE4210020B8220020F429002094
:10E50000F0290020901E0164EC220020A4220020AB
:10E51000B0B584B000AF7860514B1B684FF0FF314D
:10E5200018460EF045FC00237B810023FB604D4B19
:10E53000D3E906014C4B1B889BB200221C461546B2
:10E5400022462B46F2F700FC02460B4613467B811F
:10E550007B8947F6181293420FD8424BD3E9060144
:10E56000424BD3E90823994208BF90425CD1404B0B
:10E570001A78404B1B789A4256D13A4800F088FAF4
:10E58000C8200FF0FBF837494FF000024FF00003AE
:10E59000C1E9062333494FF000024FF00003C1E9FF
:10E5A0000823344B1B780133DAB2324B1A700A203D
:10E5B0000FF0E4F82F4B1B781A4613461B019B1AE9
:10E5C0002D4A13440F22194626481AF002FD312223
:10E5D00024492A4813F006FF03461A46284B1A70AE
:10E5E000274B1B78002B04D11E4B012283F860229D
:10E5F00003E01C4B002283F86022214B1B78194951
:10E60000184600F0F3F91B4B1B78622B05D1FB6811
:10E610000133FB60174B00221A70FB68032B03D0F9
:10E62000174B1B78002BABD1124B1B78622B08D1F8
:10E63000104B00221A700C4B1B8801339AB20A4B04
:10E640001A807968074800F0D1F8054B1868002354
:10E65000002200210EF06AF800BF1037BD46B0BDA1
:10E66000E421002020250020F2290020B8220020EB
:10E67000F0290020F1290020901E0164542500207B
:10E68000A42200202DE9B04382B000AF7860396049
:10E69000324B012283F83020786800F031F97B6832
:10E6A00003F134027B681B6C1946104614F060FCC1
:10E6B00003461A462A4B1A70294B1B78796818466C
:10E6C00000F094F9264B1B78002B41D17B6803F1B5
:10E6D0003400244BD3E90023234B396814F035FA76
:10E6E00003461A461E4B1A701D4B1B787968184654
:10E6F00000F07CF91A4B1B78002B21D11A4B1B68B8
:10E700007968184600F092F97B68D3E90A23541C13
:10E7100043F100057B68C3E90A457B68D3E90A2316
:10E720000B2A73F100030BD37B683433184614F0C3
:10E7300081FB79684FF000024FF00003C1E90A2322
:10E740007B681B6C0022984691467B68C3E9088968
:10E7500000BF0837BD46BDE8B08300BF20250020BC
:10E76000A422002098020020A822002080B582B0B8
:10E7700000AF78607B689A6C7B681B6C9A420CBF18
:10E7800001230023DAB2174B1A70174B1B787968F4
:10E79000184600F02BF9134B1B78002B1DD078681E
:10E7A00000F076F97B68184614F0EBFD0D4B002263
:10E7B0001A7064200EF0E2FF7B68343379683322EC
:10E7C000184613F00FFE03461A46074B1A70064B05
:10E7D0001B787968184600F009F900BF0837BD4674
:10E7E00080BD00BFB1220020A42200202DE9B0434B
:10E7F00082B000AF786039607B6893F83030002BCE
:10E8000025D03B4814F016FB786800F041F97B688E
:10E81000343379680122184613F0E4FD03461A46A2
:10E82000344B1A70334B1B787968184600F0DEF8C9
:10E830007B68012283F860227B68002283F8302005
:10E8400079684FF000024FF00003C1E90A237B68AA
:10E850001B6C0022984691467B68C3E9088978685A
:10E8600000F04EF87B6803F134007B68D3E906239F
:10E870001346194614F07CFB03461A461D4B1A70CA
:10E880001C4B1B787968184600F0B0F8194B1B78C0
:10E89000002B28D17B6803F13400174BD3E9002308
:10E8A000164B396814F012F803461A46114B1A70C9
:10E8B000104B1B787968184600F098F80D4B1B78C0
:10E8C000002B10D17B689B6C00221C4615467B6890
:10E8D000C3E90645094B1B687968184600F0A6F89D
:10E8E0007868FFF743FF00BF0837BD46BDE8B08337
:10E8F000EC220020A422002098020020AC2200205C
:10E9000080B58AB002AF78607B685B69032B51DD0C
:10E91000786800F0BDF87B68184614F032FD2C4B87
:10E920001B781A4613461B019B1A2A4A13442A498C
:10E93000184619F093FC0346FB61254B1B781A46D9
:10E9400013461B019B1A234A1A44244B1B6807F1E8
:10E95000080000931346FA69214919F005FC7B6809
:10E9600007F10802114618461AF02BFB79684FF0A0
:10E9700000024FF00003C1E9082379684FF000025C
:10E980004FF00003C1E90623144B1B680133134AFF
:10E9900013607B68343379683322184613F022FD04
:10E9A00003461A460F4B1A700E4B1B7879681846AF
:10E9B00000F01CF87B685B69062B05DD0A4B012221
:10E9C0001A70786800F07AF800BF2037BD4680BD25
:10E9D000F0290020901E0164ACB90208B422002086
:10E9E000B0B90208A4220020B022002080B483B075
:10E9F00000AF03463960FB71FB79002B08D00A4B4E
:10EA000001221A703B685B695A1C3B685A6105E039
:10EA1000054B00221A703B6800225A6100BF0C3778
:10EA2000BD465DF8047B7047B322002080B483B0FC
:10EA300000AF786039607B682D2B15D03B689A6CED
:10EA40003B681B6C9A4206D10F4B00221A703B6840
:10EA500000225A6111E00C4B01221A703B685B697D
:10EA60005A1C3B685A6108E0074B00221A70074B9A
:10EA700000221A603B6800225A6100BF0C37BD4675
:10EA80005DF8047B704700BFB2220020AC2200205A
:10EA900080B582B000AF78607B6893F86032002B5D
:10EAA00008D07B683433184614F042FA7B680022A1
:10EAB00083F8602200BF0837BD4680BD98B500AF1F
:10EAC00001225049002013F049FC4F4808F0D2FCC5
:10EAD0004E4B5B6A4D4A43F4006353620A200EF0CA
:10EAE0004DFE4A4B5B6A494A23F4006353620A2095
:10EAF0000EF044FE444808F00DFC0346002B03D002
:10EB0000434B01221A707CE064200EF037FE012294
:10EB10003C49404813F022FC03461A463E4B1A700B
:10EB20003D4B1B78002B52D1394B00221A703B4AC7
:10EB30003B4B14460FCB07C4238002341B0C2370BD
:10EB400032223649374813F04DFC03461A46324B01
:10EB50001A70314B1B78002B04D1304B012283F803
:10EB6000602203E02D4B002283F860222A4B1B78A1
:10EB70002A491846FFF73AFF2B4A294B14460FCB78
:10EB800007C4238002341B0C2370312226492748F6
:10EB900013F028FC03461A461F4B1A701E4B1B78B5
:10EBA000002B10D1204B012283F860221A4B1B78D6
:10EBB000002B10D11C4BD3E90623134619461B48E2
:10EBC00014F0D6F907E0124B01221A7003E0164B3D
:10EBD000002283F86022164B114A02F2CD542068BD
:10EBE0006168A26807C3A289A17B1A800A469A704D
:10EBF00013220F490F4813F0F5FB03461A46064B44
:10EC00001A7098BDA8B902083006002000380240EA
:10EC1000B022002000000020A4220020B822002002
:10EC2000901E0164EC2200202025002054250020A5
:10EC300088270020BC27002080B584B000AF786012
:10EC40004B4B00221A764A4B00221A74484B002282
:10EC50005A61484B00221A76464B00221A74454BE3
:10EC600000225A61444B1B6818460EF0A1F9F86067
:10EC700026E0414B1B684FF0FF32404918460DF02B
:10EC8000B5FF0346012B1BD13C4B1B781946394875
:10EC9000F5F7E2F8FB68013BFB60364B1B7E002B6F
:10ECA0000ED000F07CF8CE2235493248F5F7C2F993
:10ECB000344B186800234FF0FF3231490DF036FD18
:10ECC000FB68002BD5D1304B1B6818460EF070F94D
:10ECD000F86025E02C4B1B684FF0FF32274918469F
:10ECE0000DF084FF0346012B1AD1244B1B781946E3
:10ECF0001F48F5F7B1F8FB68013BFB601C4B1B7E1E
:10ED0000002B0DD000F044F81D491948F5F719FA09
:10ED10001C4B186800234FF0FF3219490DF006FD17
:10ED2000FB68002BD6D1194B1B6818460EF040F932
:10ED3000F86012E0154B1B684FF0FF320F49184680
:10ED40000DF054FF0346012B04D10C4B1B781846E1
:10ED5000F9F740F9FB68013BFB60FB68002BE9D148
:10ED60004FF0FF32012100200FF058FE7AE700BF7C
:10ED70003C16002058160020341C0020F6290020E4
:10ED80001C160020401C0020381C00203C1C0020C9
:10ED900080B400AF00BFBD465DF8047B704780B40F
:10EDA00000AF00BFBD465DF8047B704780B582B000
:10EDB00000AF78607B680433184601F0E8FF7B6899
:10EDC0002833184601F0E3FF7B686A4A5A607B6883
:10EDD000694A9A607B68694ADA607B68664A1A61A8
:10EDE0007B68674A5A617B68664A9A617B68634AB6
:10EDF000DA617B68634A1A627B68634A5A627B689D
:10EE00001A1D7B6828331946104602F036FC7B68D1
:10EE1000022283F84C207B689033184601F07FFE75
:10EE20007B68CC33184601F07AFE7B68D8331846ED
:10EE300001F075FE7B689C33184602F07EFC7B680F
:10EE4000BC33184602F079FC7B68AC33184602F0FC
:10EE500074FC7B68E433184601F0C2FF7B6803F55D
:10EE6000BA73184601F0BCFF7B6803F501731846BE
:10EE700001F0B6FF7B6803F1E4027B68E4331946D6
:10EE80009FED420A104602F046F87B6803F5BA721D
:10EE90007B6803F5BA7319469FED3C0A104602F0F1
:10EEA0003AF87B6803F501727B6803F50173194634
:10EEB0009FED360A104602F02EF87B6803F5847346
:10EEC000184601F064FF7B6803F59673184601F05D
:10EED0005EFF7B6803F5CC73184601F058FF7B6832
:10EEE00003F5A873184601F052FF7B6803F5DE7343
:10EEF000184601F04CFF7B6803F5F073184601F0EB
:10EF000046FF7B685033184601F009FE7B6870337A
:10EF1000184601F004FE7B685C33184601F0FFFDE3
:10EF20007B687C33184601F0FAFD7B684FF07C5219
:10EF30009A667B684FF07C52C3F888207B68144A3D
:10EF4000DA667B68134AC3F88C207B68124AC3F8E0
:10EF500028227B68104AC3F82C227B680F4AC3F82A
:10EF600030227B6807221A60002318460837BD4606
:10EF700080BD00BFE7A90E3DAACA30362B732939E0
:10EF8000554D103D4DC21B38E52B013CCDCCCC3D41
:10EF9000ACC5A736ACC5273717B7D1386F12833A3F
:10EFA00080B586B000AF78613961FA60BB6087EDEB
:10EFB000010A7B6950333969184601F099FD7B6974
:10EFC0005C33F968184601F093FD7B697033B968CA
:10EFD000184601F08DFD7B697C33396A184601F0D3
:10EFE00087FD7B695033184601F08FFE7B695C33E7
:10EFF000184601F08AFE7B697033184601F085FEE1
:10F000007B697C33184601F080FE7B699033796A16
:10F01000184601F06DFD7B6903F190021D4BD3EDA5
:10F02000007A7B6990331946B0EE670A104601F00A
:10F03000B9FD7B691B6803F00103002B07D07869D9
:10F0400001F00BFA0346002B01D001231EE07B697F
:10F050001B6803F00203002B07D0786901F0D0FA97
:10F060000346002B01D0022310E07B691B6803F0EC
:10F070000403002B09D097ED010A786900F036F9F6
:10F080000346002B01D0042300E000231846183764
:10F09000BD4680BDA002002080B584B000AFF860FE
:10F0A000B9607A603B60F868FFF780FEFB68503318
:10F0B000B968184601F01CFDFB685C337968184696
:10F0C00001F016FDFB6870333968184601F010FD39
:10F0D000FB687C33B969184601F00AFDFB685033C0
:10F0E000184601F012FEFB685C33184601F00DFE75
:10F0F000FB687033184601F008FEFB687C33184645
:10F1000001F003FEFB689033F969184601F0F0FC4A
:10F11000FB6803F19002194BD3ED007AFB68903342
:10F120001946B0EE670A104601F03CFDFB6803F19A
:10F130009002FB68CC331946104601F011FEF868C6
:10F1400001F08BF90346002B01D0012312E0FB688C
:10F1500003F1BC02FB689C331946104602F039FFEC
:10F16000FB6803F1BC02FB68AC331946104602F0A1
:10F1700030FF002318461037BD4680BDA002002096
:10F1800080B582B000AF78603960574B1B68002BA8
:10F1900000F0A480544B1B684FF0FF3118460DF06F
:10F1A00007FE3B681B781A467B681A603B6804338D
:10F1B0001B781A063B6803331B781B041A433B6811
:10F1C00002331B781B021A433B6801331B78194634
:10F1D0007B6803F50A730A431A603B6808331B789F
:10F1E0001A063B6807331B781B041A433B68063337
:10F1F0001B781B021A433B6805331B7819467B6852
:10F2000003F50B730A431A603B680C331B781A062C
:10F210003B680B331B781B041A433B680A331B788B
:10F220001B021A433B6809331B7819467B6803F5B8
:10F230000C730A431A603B6810331B781A063B684C
:10F240000F331B781B041A433B680E331B781B02D9
:10F250001A433B680D331B7819467B686C330A43AD
:10F260001A603B6814331B781A063B6813331B780B
:10F270001B041A433B6812331B781B021A433B687A
:10F2800011331B7819467B688C330A431A603B683C
:10F2900018331B781A063B6817331B781B041A4374
:10F2A0003B6816331B781B021A433B6815331B78E7
:10F2B00019467B6868330A431A607B68D3ED1A7A73
:10F2C000B7EE007A77EE677A7B68C3ED227A064B59
:10F2D00018680023002200210DF028FA00231846A8
:10F2E0000837BD4680BD00BF0C220020B0B5ADF58B
:10F2F0006A7D02AF07F56873A3F56773186007F5B9
:10F300006873A3F5687383ED000A07F56873A3F5C6
:10F3100067731A6807F55A73CC3207CA83E8070087
:10F3200007F56873A3F567731A6807F55773D83242
:10F3300007CA83E8070007F56873A3F567731B68BE
:10F34000181D07F56873A3F567731B68CC3307F5C1
:10F350006372194601F054FE07F56873A3F56773ED
:10F360001B68CC3307F5607207F56371184601F02E
:10F370006CFCD7EDE07AF1EE677AC7EDE07AD7ED75
:10F38000E17AF1EE677AC7EDE17AD7EDE27AF1EE54
:10F39000677AC7EDE27A07F56873A3F567731B68B0
:10F3A000283307F55D7207F56071184601F028FEF5
:10F3B00097EDDA7AD7EDDD6A07F56873A3F5687320
:10F3C000D3ED007A66EEA77A77EE277AC7EDDA7A80
:10F3D00097EDDB7AD7EDDE6A07F56873A3F56873FE
:10F3E000D3ED007A66EEA77A77EE277AC7EDDB7A5F
:10F3F00097EDDC7AD7EDDF6A07F56873A3F56873DC
:10F40000D3ED007A66EEA77A77EE277AC7EDDC7A3D
:10F4100007F56873A3F567731B6803F19C0007F594
:10F420006873A3F567731B68CC3307F553721946ED
:10F4300002F0ABFA07F56873A3F567731B6893EDE9
:10F44000277AD7EDD36A07F56873A3F56873D3ED10
:10F45000007A66EEA77A77EE677AC7EDCF7A07F57E
:10F460006873A3F567731B6893ED287AD7EDD46AA8
:10F4700007F56873A3F56873D3ED007A66EEA77A93
:10F4800077EE677AC7EDD07A07F56873A3F56773EF
:10F490001B6893ED297AD7EDD56A07F56873A3F554
:10F4A0006873D3ED007A66EEA77A77EE677AC7EDD8
:10F4B000D17A07F56873A3F567731B6893ED2A7A11
:10F4C000D7EDD66A07F56873A3F56873D3ED007AB4
:10F4D00066EEA77A77EE677AC7EDD27A07F54F73B3
:10F4E000184602F044F907F54673184601F078FC17
:10F4F00007F53D7207F563731146184602F082F86E
:10F5000007F56873A3F567731B68CC3307F534728E
:10F510001146184602F076F807F56873A3F567738D
:10F520001B68191D07F5EA7207F53473184601F0D8
:10F53000D0FD07F5EA7207F5EA7107F53D73184645
:10F5400001F0A7FC07F56873A3F567731B68283300
:10F5500007F52B7207F5EA71184601F0BAFD07F5B9
:10F560002B7107F56873A3F5687307F52B7293ED9C
:10F57000000A104601F0CFFC07F52B7207F52B713E
:10F5800007F54673184601F042FC07F5227107F5AE
:10F590006873A3F5687307F5347293ED000A10469B
:10F5A00001F0B9FC07F5227207F5227107F54673E1
:10F5B000184601F06EFC07F56873A3F567731B68C6
:10F5C00003F1280207F5197107F56873A3F568734D
:10F5D00093ED000A104601F09EFC07F5EA7207F56C
:10F5E00022731146184601F0D0FC07F56873A3F5A5
:10F5F00067731B6803F1E40107F5107207F52B73BD
:10F60000184601F066FD07F56873A3F567731B687C
:10F6100003F5847307F5077207F5EA71184601F0E0
:10F6200058FD07F56873A3F567731B6803F5BA7196
:10F6300007F5FC7207F52273184601F04AFD07F53D
:10F64000EA7207F52B731146184601F09EFC07F588
:10F65000C67207F5EA7107F51073184601F039FD17
:10F6600007F5EA7207F519731146184601F08DFC8B
:10F6700007F5D87207F5EA7107F51973184601F016
:10F6800028FD07F56873A3F567731B68D3ED8A7AC5
:10F6900007F5D87207F5D8731146B0EE670A184619
:10F6A00001F039FC07F5C67207F5D87107F5C67386
:10F6B000184601F0ACFB07F5B47107F56873A3F5C4
:10F6C000687307F5107293ED000A104601F023FCF1
:10F6D00007F5EA7207F5077107F52B73184601F075
:10F6E000F8FC07F5B47207F5EA7107F5B47318462C
:10F6F00001F08DFB07F56873A3F567731B6803F5CD
:10F70000967107F5A27207F52B73184601F0E1FC1C
:10F7100007F56873A3F567731B6803F1E40207F547
:10F720006873A3F56873D3ED007A67EEA77A07F5DF
:10F7300090731946B0EE670A104601F0ECFB07F52E
:10F740006873A3F567731B6803F5A87207F5EA7180
:10F7500007F56873A3F5687393ED000A104601F08E
:10F76000DAFB07F5907207F5EA7107F59073184612
:10F7700001F04DFB07F5EA7107F56873A3F56873AF
:10F7800007F5077293ED000A104601F0C4FB07F578
:10F79000907207F5EA7107F59073184601F037FB90
:10F7A00007F5EA7207F522731146184601F0EDFBE2
:10F7B00007F5D87207F5EA7107F5FC73184601F0F2
:10F7C00088FC07F5907207F5D87107F59073184615
:10F7D00001F01DFB07F56873A3F567731B6803F55C
:10F7E000967207F1FC0107F56873A3F5687393ED52
:10F7F000000A104601F08FFB07F56873A3F56773E5
:10F800001B6803F5CC7107F5EA7207F522731846F9
:10F8100001F05FFC07F1FC0207F5EA7107F1FC0358
:10F82000184601F0F4FA07F56873A3F5327207F58C
:10F830006873A3F567731B68154603F501740FCC55
:10F840000FC50FCC0FC523682B6007F56873A3F5B0
:10F850006873D3ED007A27EEA77A07F56873A3F5EE
:10F8600067731B68D3ED8B7A67EE277A07F56873A9
:10F87000A3F5E673C3ED007A07F56873A3F5E673A5
:10F880004FF000025A6007F56873A3F5E6734FF076
:10F8900000029A6007F56873A3F5E6734FF0000263
:10F8A000DA6007F56873A3F56873D3ED007A27EE85
:10F8B000A77A07F56873A3F567731B68D3ED8B7A96
:10F8C00067EE277A07F56873A3F5E673C3ED047A4C
:10F8D00007F56873A3F5E6734FF000025A6107F568
:10F8E0006873A3F5E6734FF000029A6107F5687339
:10F8F000A3F5E6734FF00002DA6107F56873A3F52C
:10F900006873D3ED007A27EEA77A07F56873A3F53D
:10F9100067731B68D3ED8B7A67EE277A07F56873F8
:10F92000A3F5E673C3ED087A07F1D80207F5EA718B
:10F9300007F1D803184601F06AFA07F56873A3F5D2
:10F9400067731B6807F56872A2F5057203F1E4049A
:10F9500015460FCD0FC40FCD0FC42B68236007F5DC
:10F960006873A3F567731B6807F56872A2F50E72DA
:10F9700003F5847415460FCD0FC40FCD0FC42B684B
:10F98000236007F56873A3F567731B6807F5687252
:10F99000A2F5177203F5967415460FCD0FC40FCD5F
:10F9A0000FC42B68236007F56873A3F567731B68A2
:10F9B00007F56872A2F5207203F5BA7415460FCDEB
:10F9C0000FC40FCD0FC42B68236007F56873A3F530
:10F9D00067731B6807F56872A2F5297203F5CC748A
:10F9E00015460FCD0FC40FCD0FC42B68236007F54C
:10F9F0006873A3F567731B6807F56872A2F5327226
:10FA000003F5017415460FCD0FC40FCD0FC42B683D
:10FA1000236007F56873A3F567731B6803F58472A9
:10FA200007F56873A3F567731B6803F5A873194698
:10FA3000104601F0AAFA07F56873A3F567731B680F
:10FA400003F5967207F56873A3F567731B6803F5F2
:10FA5000DE731946104601F098FA07F56873A3F5AE
:10FA600067731B6803F5CC7207F56873A3F56773BA
:10FA70001B6803F5F0731946104601F086FA07F586
:10FA80006873A3F567731B6803F19C0407F54F7354
:10FA90000FCB84E80F0007F56873A3F567731B6845
:10FAA000CC3307F55A7207CA83E8070007F5687375
:10FAB000A3F567731B68D83307F5577207CA83E845
:10FAC000070007F56873A3F567731B6893ED247A45
:10FAD00007F56873A3F567731B68D3ED337A37EEC8
:10FAE000677A07F56873A3F567731B68D3ED367AF9
:10FAF00077EE677A07F56873A3F53573C3ED007A7F
:10FB000007F56873A3F567731B6893ED257A07F50E
:10FB10006873A3F567731B68D3ED347A37EE677AA1
:10FB200007F56873A3F567731B68D3ED377A77EE33
:10FB3000677A07F56873A3F53573C3ED017A07F5A6
:10FB40006873A3F567731B6893ED267A07F56873EE
:10FB5000A3F567731B68D3ED357A37EE677A07F53F
:10FB60006873A3F567731B68D3ED387A77EE677A0D
:10FB700007F56873A3F53573C3ED027A07F1A8039F
:10FB8000184601F02DF907F18403184601F0FFF83B
:10FB900007F16003184601F023F907F13C0318460A
:10FBA00001F0F5F807F56873A3F567731B68D3F8E0
:10FBB000302207F56873A3F559731A6007F5687367
:10FBC000A3F567731B68D3F8302207F56873A3F5B4
:10FBD00059731A6107F56873A3F567731B68D3F847
:10FBE000302207F56873A3F559731A6207F184048C
:10FBF00007F1A80207F1CC0107F56873A3F5677058
:10FC000007F13C03019307F160030093234600686A
:10FC100000F0C1F80346002B01D00423B6E007F141
:10FC2000A803184601F0B3F807F16003184601F085
:10FC3000AEF80023C7F89C339AE007F56873A3F584
:10FC40006772D7F89C335B0148331268134408335A
:10FC5000C7F8983307F56873A3F567731B689C337F
:10FC600007F118021146184601F029FFD7F898133A
:10FC700007F10C0207F11803184601F0C1F9D7F893
:10FC8000983393ED037A07F56873A3F56573D3EDA5
:10FC9000007A77EE677A07F56873A3F53573C3EDDD
:10FCA000007AD7F8983393ED047A07F56873A3F5D3
:10FCB0006573D3ED017A77EE677A07F56873A3F57C
:10FCC0003573C3ED017AD7F8983393ED057A07F5CC
:10FCD0006873A3F56573D3ED027A77EE677A07F55B
:10FCE0006873A3F53573C3ED027A07F1840207F157
:10FCF0000C031146184601F085FC07F13C03184639
:10FD000001F045F8D7F89833DA6907F56873A3F579
:10FD100059731A60D7F89833DA6907F56873A3F551
:10FD200059731A61D7F89833DA6907F56873A3F540
:10FD300059731A6207F1840407F1A80207F1CC0194
:10FD400007F56873A3F5677007F13C03019307F1AA
:10FD5000600300932346006800F01DF80346002B63
:10FD600001D0042312E0D7F89C330133C7F89C3349
:10FD700007F56873A3F567731B6893F84C301A4650
:10FD8000D7F89C339342FFF458AF0023184607F589
:10FD90006877BD46B0BD90B5ADF5197D00AF07F5EC
:10FDA0001874A4F51574206007F51870A0F5167086
:10FDB000016007F51871A1F517710A6007F518724F
:10FDC000A2F51872136007F50F7207F51873A3F503
:10FDD00017731146186801F0D8F807F5067207F591
:10FDE0001873A3F518731146186801F0CEF807F5DB
:10FDF000FA731946D7F8700201F0C7F807F51873BF
:10FE0000A3F515731B6803F1E40107F1440207F53C
:10FE10001873A3F51773186801F05BF907F51873E9
:10FE2000A3F515731B6803F5A87107F5E87207F5CC
:10FE30001873A3F51873186801F04BF907F5E87209
:10FE400007F5E87107F14403184600F0E0FF07F5F5
:10FE50001873A3F515731B6803F5DE7307F14402ED
:10FE60001946D7F8700201F034F907F5E87207F186
:10FE7000440107F5E873184600F0C9FF07F5187349
:10FE8000A3F515731B6803F5847107F1440207F5A8
:10FE90001873A3F51773186801F01BF907F51873A9
:10FEA000A3F515731B6803F5BA7107F5D67207F54C
:10FEB0001873A3F51873186801F00BF907F5D672DB
:10FEC00007F5D67107F14403184600F0A0FF07F5C7
:10FED0001873A3F515731B6803F5F07307F144025B
:10FEE0001946D7F8700201F0F4F807F5D67207F159
:10FEF000440107F5D673184600F089FF07F518731B
:10FF0000A3F515731B6803F5967107F1440207F515
:10FF10001873A3F51773186801F0DBF807F5187369
:10FF2000A3F515731B6803F5CC7107F5C47207F5CB
:10FF30001873A3F51873186801F0CBF807F5C472AD
:10FF400007F5C47107F14403184600F060FF07F598
:10FF50001873A3F515731B6803F5017307F14402C9
:10FF60001946D7F8700201F0B4F807F5C47207F12A
:10FF7000440107F5C473184600F049FF07F1F80281
:10FF800007F50F7107F5E873184601F0A2F807F1BD
:10FF9000440207F5067107F5D673184601F099F883
:10FFA00007F1F80207F1440107F1F803184600F0E1
:10FFB0002EFF07F1440207F5FA7107F5C4731846DE
:10FFC00001F087F807F1F80207F1440107F1F8039F
:10FFD000184600F01CFF07F1F80207F1F803D7F804
:10FFE0007412184600F013FF07F1D40207F1F8036A
:10FFF0001146184601F041FB0346002B01D00423B3
:020000040801F1
:1000000026E207F5B27207F5E8731146184600F0CC
:10001000BCFF07F5A07207F5D6731146184600F02D
:10002000B4FF07F58E7207F5C4731146184600F049
:10003000ACFF07F1B00207F1D40107F5B27318461F
:1000400001F047F807F18C0207F1D40107F5A0731E
:10005000184601F03EF807F1680207F1D40107F5F0
:100060008E73184601F035F807F1380207F518735A
:10007000A3F5167307F1B000196800F0C1FF07F18E
:100080002C0207F51873A3F5167307F18C00196895
:1000900000F0B6FF07F1200207F51873A3F51673F9
:1000A00007F16800196800F0ABFF07F51873A3F5B6
:1000B00015731B6893ED337A07F51873A3F50A736C
:1000C000D3ED007A77EE277A07F51873A3F5157349
:1000D0001B68C3ED337A07F51873A3F515731B6816
:1000E00093ED347A07F51873A3F50A73D3ED017A0B
:1000F00077EE277A07F51873A3F515731B68C3ED20
:10010000347A07F51873A3F515731B6893ED357AE8
:1001100007F51873A3F50A73D3ED027A77EE277A01
:1001200007F51873A3F515731B68C3ED357A07F54A
:100130001873A3F515731B6893ED367A07F51873DA
:10014000A3F51073D3ED007A77EE277A07F51873CD
:10015000A3F515731B68C3ED367A07F51873A3F57D
:1001600015731B6893ED377A07F51873A3F51073B1
:10017000D3ED017A77EE277A07F51873A3F5157397
:100180001B68C3ED377A07F51873A3F515731B6861
:1001900093ED387A07F51873A3F51073D3ED027A4F
:1001A00077EE277A07F51873A3F515731B68C3ED6F
:1001B000387A07F51873A3F514734FF07E521A605E
:1001C00007F51873A3F50D73D3ED007ABEEE007A30
:1001D00067EE877A07F51873A3F51473C3ED017AF8
:1001E00007F51873A3F50D73D3ED017ABEEE007A0F
:1001F00067EE877A07F51873A3F51473C3ED027AD7
:1002000007F51873A3F50D73D3ED027ABEEE007AED
:1002100067EE877A07F51873A3F51473C3ED037AB5
:1002200007F51873A3F515731B6803F19C0107F517
:100230001873A3F515731B6803F19C0207F11003F3
:10024000184601F0F0FA07F51873A3F515731B684B
:100250009C33184601F08BFA07F1440207F5E87168
:1002600007F1B003184600F034FF07F51873A3F543
:1002700015731B6803F1E40007F51873A3F51573F4
:100280001B6803F1E40207F14403194600F001FE84
:1002900007F1440207F5D67107F1B003184600F0E4
:1002A00018FF07F51873A3F515731B6803F5847021
:1002B00007F51873A3F515731B6803F5847207F12E
:1002C0004403194600F0E5FD07F1440207F5C47147
:1002D00007F1B003184600F0FCFE07F51873A3F50C
:1002E00015731B6803F5967007F51873A3F515735E
:1002F0001B6803F5967207F14403194600F0C9FD27
:1003000007F1440207F5D67107F18C03184600F097
:10031000E0FE07F51873A3F515731B6803F5BA70B3
:1003200007F51873A3F515731B6803F5BA7207F187
:100330004403194600F0ADFD07F1440207F5C4710E
:1003400007F18C03184600F0C4FE07F51873A3F5F7
:1003500015731B6803F5CC7007F51873A3F51573B7
:100360001B6803F5CC7207F14403194600F091FDB8
:1003700007F1440207F5C47107F16803184600F05D
:10038000A8FE07F51873A3F515731B6803F5017034
:1003900007F51873A3F515731B6803F5017207F1D0
:1003A0004403194600F075FD07F51873A3F515739E
:1003B0001B6803F5847207F51873A3F515731B68A2
:1003C00003F5A8731946104600F0DFFD07F5187312
:1003D000A3F515731B6803F5967207F51873A3F55B
:1003E00015731B6803F5DE731946104600F0CDFD4A
:1003F00007F51873A3F515731B6803F5CC7207F5A1
:100400001873A3F515731B6803F5F07319461046AE
:1004100000F0BBFD07F51873A3F515731B68E433F3
:10042000184601F0A9F807F51873A3F515731B68B2
:1004300003F5BA73184601F09FF807F51873A3F592
:1004400015731B6803F50173184601F095F8002336
:10045000184607F51977BD4690BD80B5BCB000AF12
:1004600078607A6807F1E403503207CA83E807002E
:100470007A6807F1C0035C3207CA83E8070007F116
:10048000E403184600F041FC07F1C003184600F0F1
:100490003CFC7B6803F150007B68703307F1D802A5
:1004A000194600F0D2FB7B6803F15C007B687C336B
:1004B00007F1B402194600F0C8FB07F1D80318464B
:1004C00000F023FC07F1B403184600F01EFC07F10E
:1004D000CC0207F1D80107F1E403184600F0B5FBA0
:1004E00007F1A80207F1B40107F1C003184600F0B4
:1004F000ACFB07F1CC03184600F007FC07F1A8039A
:10050000184600F002FCD7F8E430C7F88430D7F87A
:10051000E830C7F89030D7F8EC30C7F89C30D7F8FF
:10052000D830C7F88830D7F8DC30C7F89430D7F81F
:10053000E030C7F8A030D7F8CC30C7F88C30D7F807
:10054000D030C7F89830D7F8D430C7F8A430D7F8EF
:10055000C0303B66D7F8C430FB66D7F8C830BB67FD
:10056000D7F8B4307B66D7F8B8303B67D7F8BC30E3
:10057000FB67D7F8A830BB66D7F8AC307B67D7F8F5
:10058000B030C7F8803007F13C0207F18403114610
:10059000184600F0FAFC07F1180207F13C0107F1D8
:1005A0006003184600F095FD07F1080207F11803F3
:1005B0001146184601F011FC7B6803F1BC0207F1FB
:1005C00008031146184601F07EFB7B68BC33D7ED6B
:1005D000027A97ED037AD7ED046A97ED056AF0EE9B
:1005E000461AB0EE661AF0EE470AB0EE670A1846F1
:1005F00001F085F800231846F037BD4680BD0000A5
:1006000080B52DED028BDEB000AF07F5BC73A3F50E
:10061000BA73186007F58473184600F0B8FB07F149
:100620004803184600F07BFA0023C7F870317CE0DD
:1006300007F5BC73A3F5BA72D7F870315B01483384
:100640001268134403F1080007F5BC73A3F5BA72EE
:10065000D7F870315B015033126813440C3307F143
:100660005402194600F0E0FE07F5BC73A3F5BA7317
:100670001A68D7F8703103335B0113440833D3EDA4
:10068000007A07F1540207F154031146B0EE670AED
:10069000184600F040FC07F5847207F1540107F595
:1006A0008473184600F0B3FB07F5BC73A3F5BA7268
:1006B000D7F870315B0148331268134403F1080026
:1006C00007F5BC73A3F5BA72D7F870315B015033EC
:1006D000126813440C3307F13C02194600F0B5FAD6
:1006E00007F5BC73A3F5BA731A68D7F870310333F2
:1006F0005B0113440833D3ED007A07F13C0207F1A4
:100700003C031146B0EE670A184600F04BFA07F1B9
:10071000480207F13C0107F14803184600F015FABA
:10072000D7F870310133C7F8703107F5BC73A3F502
:10073000BA731B6893F84C301A46D7F8703193425D
:10074000FFF476AF07F58473184600F031FD87EDAE
:100750005A0A07F1C00207F584731146184600F0E3
:1007600014FC07F1E40207F1C00107F58473184691
:1007700000F04DFB07F1E403184600F031FD87ED72
:10078000590A07F1780207F1E4031146184600F010
:100790007BFD07F17803184600F00AFD87ED580A43
:1007A000D7ED5A7A27EEA77AD7ED587A77EE677A9F
:1007B000C7ED577AD7ED5A7A27EEA78A07F1480294
:1007C00007F148031146184600F017FAF0EE407A98
:1007D00078EE277AC7ED567A07F1300207F1480123
:1007E00007F1E403184600F00BFC07F1300207F1B3
:1007F00048031146184600F000FAB0EE407AD7EDF3
:10080000597A77EE877AC7ED557A07F1240207F116
:10081000300107F1E403184600F0F2FB07F124026F
:1008200007F148031146184600F0E7F987ED540A2E
:1008300097ED577AD7ED567A77EE277AF1EE677A09
:10084000C7ED537AD7ED557AF1EE677AC7ED527A54
:1008500097ED577AD7ED567A27EE277AD7ED556A76
:10086000D7ED5A7A66EEA77A37EE277AD7ED547A23
:1008700077EE677AC7ED517A4FF07E53C7F874313F
:100880000023C7F86C3172E0D7ED5D7A67EEA77A86
:10089000C7ED507A97ED507AD7ED5D7A67EE277AFB
:1008A000C7ED4F7AD7ED507A67EEA77AC7ED4E7A4B
:1008B00097ED537AD7ED507A27EE277AD7ED4E7A17
:1008C00037EE277AD7ED526AD7ED5D7A66EEA77AD2
:1008D00077EE277A97ED517A77EE277AC7ED4D7A42
:1008E000D7ED4F7AB1EE007A27EE877AD7ED537ABB
:1008F00077EEA76AD7ED5D7A66EEA77A77EE277A6C
:1009000097ED527A77EE277AC7ED4C7AD7ED4D6A9C
:1009100097ED4C7AC6EE877A97ED5D7A77EE677A37
:10092000C7ED4B7A97ED4B7AD7ED5D7A77EE677A24
:10093000F0EEE77A9FED6D7AF4EEC77AF1EE10FAF9
:1009400004D5D7F82C31C7F8743115E0D7F82C311D
:10095000C7F87431D7F86C3140F2F312934201D1E9
:100960000223BBE0D7F86C310133C7F86C31D7F8FC
:100970006C31B3F5FA7F87DB97ED5D7AD7ED5A7A64
:1009800037EE277AD7ED397A77EE677AC7ED277A8F
:10099000D7ED3A7AF1EE677AC7ED287AD7ED3B7A50
:1009A000F1EE677AC7ED297AD7ED3C7AF1EE677AF6
:1009B000C7ED2A7A97ED5D7AD7ED5A7A37EE277A26
:1009C000D7ED3D7A77EE677AC7ED2B7AD7ED3E7A91
:1009D000F1EE677AC7ED2C7AD7ED3F7AF1EE677AC0
:1009E000C7ED2D7AD7ED407AF1EE677AC7ED2E7A12
:1009F00097ED5D7AD7ED5A7A37EE277AD7ED417ABF
:100A000077EE677AC7ED2F7A07F1180207F14801F0
:100A100007F19C03184600F076FD0346002B01D039
:100A2000FF235BE007F5BC73A3F5B073D3ED007A49
:100A300007F5BC73A3F5B07393ED017A07F5BC73AA
:100A4000A3F5B073D3ED026A07F10803F0EE661A5E
:100A5000B0EE471AF0EE670AB7EE000A184600F04B
:100A60004EFE07F10803184600F081FE07F5BC733F
:100A7000A3F5BA731B6803F1AC0207F10803114632
:100A8000184601F020F907F5BC73A3F5BA731B688B
:100A900003F1AC0207F5BC73A3F5B873D3ED007A8C
:100AA00007F5BC73A3F5B87393ED017A07F5BC7332
:100AB000A3F5B873D3ED026A07F5BC73A3F5B87359
:100AC00093ED036AF0EE461AB0EE661AF0EE470AAE
:100AD000B0EE670A104600F012FE0023184607F534
:100AE000BC77BD46BDEC028B80BD00BF77CC2B32FE
:100AF00080B483B000AF786039603B681A687B6867
:100B00001A603B685A687B685A603B689A687B68E1
:100B10009A6000BF0C37BD465DF8047B704780B417
:100B200083B000AF78607B684FF000021A607B688A
:100B30004FF000025A607B684FF000029A6000BFDD
:100B40000C37BD465DF8047B704780B485B000AFBC
:100B5000F860B9607A60FB6893ED007ABB68D3ED0A
:100B6000007A77EE277A7B68C3ED007AFB6893ED15
:100B7000017ABB68D3ED017A77EE277A7B68C3ED03
:100B8000017AFB6893ED027ABB68D3ED027A77EEC7
:100B9000277A7B68C3ED027A00BF1437BD465DF843
:100BA000047B704780B485B000AFF86087ED020A1F
:100BB0007960FB6893ED007AD7ED027A67EE277AC9
:100BC0007B68C3ED007AFB6893ED017AD7ED027A7A
:100BD00067EE277A7B68C3ED017AFB6893ED027AB2
:100BE000D7ED027A67EE277A7B68C3ED027A00BF01
:100BF0001437BD465DF8047B704780B483B000AF06
:100C0000786039607B6893ED007A3B68D3ED007AB9
:100C100027EE277A7B68D3ED016A3B68D3ED017A32
:100C200066EEA77A37EE277A7B68D3ED026A3B68D7
:100C3000D3ED027A66EEA77A77EE277AB0EE670AEE
:100C40000C37BD465DF8047B704780B485B000AFBB
:100C5000F860B9607A60FB6893ED017ABB68D3ED08
:100C6000027A27EE277AFB68D3ED026ABB68D3EDE0
:100C7000017A66EEA77A77EE677A7B68C3ED007A31
:100C8000FB6893ED027ABB68D3ED007A27EE277AF2
:100C9000FB68D3ED006ABB68D3ED027A66EEA77AF3
:100CA00077EE677A7B68C3ED017AFB6893ED007A93
:100CB000BB68D3ED017A27EE277AFB68D3ED016A92
:100CC000BB68D3ED007A66EEA77A77EE677A7B6829
:100CD000C3ED027A00BF1437BD465DF8047B704750
:100CE00080B582B000AF786079687868FFF785FFDB
:100CF000F0EE407AB0EE670A13F00CFBF0EE407AAB
:100D0000B0EE670A0837BD4680BD80B584B000AF3D
:100D100078607868FFF7E4FF87ED030A7B68D3ED1E
:100D2000006A97ED037AC6EE877A7B68C3ED007A96
:100D30007B68D3ED016A97ED037AC6EE877A7B680C
:100D4000C3ED017A7B68D3ED026A97ED037AC6EEB4
:100D5000877A7B68C3ED027A00BF1037BD4680BD3D
:100D600080B483B000AF786039607B681A683B68F4
:100D70001A607B685A683B685A607B689A683B686F
:100D80009A6000BF0C37BD465DF8047B704780B4A5
:100D900085B000AF78600023FB6017E00023BB60E4
:100DA0000EE07968FA6813465B001344BA6813448E
:100DB0009B000B444FF000021A60BB680133BB601C
:100DC000BB68022BEDDDFB680133FB60FB68022B87
:100DD000E4DD00BF00BF1437BD465DF8047B7047FB
:100DE00080B582B000AF78607868FFF7D0FF7B688D
:100DF0004FF07E521A607B684FF07E521A617B681A
:100E00004FF07E521A6200BF0837BD4680BD80B4E5
:100E100087B000AFF860B9607A6000237B612EE094
:100E200000233B6125E0F9687A6913465B001344AF
:100E30003A6913449B000B4493ED007AB9687A69D0
:100E400013465B0013443A6913449B000B44D3EDF3
:100E5000007A77EE277A79687A6913465B00134443
:100E60003A6913449B000B44C3ED007A3B6901339C
:100E70003B613B69022BD6DD7B6901337B617B697A
:100E8000022BCDDD00BF00BF1C37BD465DF8047BE3
:100E9000704780B487B000AFF860B9607A60002313
:100EA0007B612EE000233B6125E0F9687A691346F7
:100EB0005B0013443A6913449B000B4493ED007AA2
:100EC000B9687A6913465B0013443A6913449B007E
:100ED0000B44D3ED007A77EE677A79687A69134626
:100EE0005B0013443A6913449B000B44C3ED007A42
:100EF0003B6901333B613B69022BD6DD7B690133E2
:100F00007B617B69022BCDDD00BF00BF1C37BD4676
:100F10005DF8047B704780B487B000AFF86087ED60
:100F2000020A796000237B6125E000233B611CE01D
:100F3000F9687A6913465B0013443A6913449B00CD
:100F40000B4493ED007AD7ED027A67EE277A796841
:100F50007A6913465B0013443A6913449B000B44BF
:100F6000C3ED007A3B6901333B613B69022BDFDD56
:100F70007B6901337B617B69022BD6DD00BF00BF3B
:100F80001C37BD465DF8047B7047B0B48FB000AF2E
:100F90007860396000237B6320E000233B6317E027
:100FA00079683A6B13465B0013447A6B13449B00D9
:100FB0000B4419687A6B13465B0013443A6B134475
:100FC0009B0038333B442C3B19603B6B01333B6344
:100FD0003B6B022BE4DD7B6B01337B637B6B022B72
:100FE000DBDD3B681D4607F10C040FCC0FC50FCCB1
:100FF0000FC523682B6000BF3C37BD46B0BC7047AF
:1010000080B485B000AFF860B9607A60FB6893ED9A
:10101000007ABB68D3ED007A27EE277AFB68D3ED20
:10102000016ABB68D3ED017A66EEA77A37EE277ABC
:10103000FB68D3ED026ABB68D3ED027A66EEA77A4D
:1010400077EE277A7B68C3ED007AFB6893ED037A2D
:10105000BB68D3ED007A27EE277AFB68D3ED046AEC
:10106000BB68D3ED017A66EEA77A37EE277AFB6884
:10107000D3ED056ABB68D3ED027A66EEA77A77EE08
:10108000277A7B68C3ED017AFB6893ED067ABB682B
:10109000D3ED007A27EE277AFB68D3ED076ABB68A9
:1010A000D3ED017A66EEA77A37EE277AFB68D3EDA7
:1010B000086ABB68D3ED027A66EEA77A77EE277AE4
:1010C0007B68C3ED027A00BF1437BD465DF8047B30
:1010D0007047B0B491B000AFF860B9607A60002397
:1010E000FB6353E00023BB634AE0FA6B13465B00EB
:1010F0001344BA6B13449B0040333B44303B4FF0E6
:1011000000021A6000237B6334E0FA6B13465B0035
:101110001344BA6B13449B0040333B44303B93ED84
:10112000007AF968FA6B13465B0013447A6B134438
:101130009B000B44D3ED006AB9687A6B13465B00E1
:101140001344BA6B13449B000B44D3ED007A66EE54
:10115000A77A77EE277AFA6B13465B001344BA6BD3
:1011600013449B0040333B44303BC3ED007A7B6B20
:1011700001337B637B6B022BC7DDBB6B0133BB632E
:10118000BB6B022BB1DDFB6B0133FB63FB6B022BF3
:10119000A8DD7B681D4607F110040FCC0FC50FCCEE
:1011A0000FC523682B6000BF4437BD46B0BC7047F5
:1011B00080B483B000AF78607B6893ED007A7B6881
:1011C000D3ED047A37EE277A7B68D3ED087A77EE91
:1011D000277AB0EE670A0C37BD465DF8047B70478E
:1011E00080B483B000AF78607B6893ED007A7B6851
:1011F000D3ED046A7B68D3ED087A66EEA76A7B6854
:1012000093ED056A7B68D3ED077A66EE277A76EE72
:10121000E77A27EE277A7B68D3ED016A7B6893ED46
:10122000036A7B68D3ED087A26EE276A7B68D3EDE4
:10123000055A7B68D3ED067A65EEA77A76EE677A73
:1012400066EEA77A37EE677A7B68D3ED026A7B6831
:1012500093ED036A7B68D3ED077A26EE276A7B68F5
:10126000D3ED045A7B68D3ED067A65EEA77A76EE65
:10127000677A66EEA77A77EE277AB0EE670A0C37C0
:10128000BD465DF8047B704780B483B000AF7860E2
:1012900039607B6893ED047A7B68D3ED087A27EE9A
:1012A000277A7B68D3ED056A7B68D3ED077A66EE13
:1012B000A77A77EE677A3B68C3ED007A7B68D3ED57
:1012C000017AB1EE677A7B68D3ED087A27EE277A48
:1012D0007B68D3ED026A7B68D3ED077A66EEA77A66
:1012E00077EE277A3B68C3ED017A7B6893ED017A4C
:1012F0007B68D3ED057A27EE277A7B68D3ED026A07
:101300007B68D3ED047A66EEA77A77EE677A3B685E
:10131000C3ED027A7B68D3ED037AB1EE677A7B681E
:10132000D3ED087A27EE277A7B68D3ED056A7B68D0
:10133000D3ED067A66EEA77A77EE277A3B68C3ED9F
:10134000037A7B6893ED007A7B68D3ED087A27EE09
:10135000277A7B68D3ED026A7B68D3ED067A66EE66
:10136000A77A77EE677A3B68C3ED047A7B68D3EDA2
:10137000007AB1EE677A7B68D3ED057A27EE277A9B
:101380007B68D3ED026A7B68D3ED037A66EEA77AB9
:1013900077EE277A3B68C3ED057A7B6893ED037A95
:1013A0007B68D3ED077A27EE277A7B68D3ED046A52
:1013B0007B68D3ED067A66EEA77A77EE677A3B68AC
:1013C000C3ED067A7B68D3ED007AB1EE677A7B686D
:1013D000D3ED077A27EE277A7B68D3ED016A7B6825
:1013E000D3ED067A66EEA77A77EE277A3B68C3EDEF
:1013F000077A7B6893ED007A7B68D3ED047A27EE59
:10140000277A7B68D3ED016A7B68D3ED037A66EEB9
:10141000A77A77EE677A3B68C3ED087A00BF0C378E
:10142000BD465DF8047B704780B485B000AFF860BE
:10143000B9607A60FB6893ED007ABB68D3ED007AFF
:1014400067EE277A7B68C3ED007AFB6893ED007A3C
:10145000BB68D3ED017A67EE277A7B68C3ED017A2A
:10146000FB6893ED007ABB68D3ED027A67EE277ACA
:101470007B68C3ED027AFB6893ED017ABB68D3ED1C
:10148000007A67EE277A7B68C3ED037AFB6893EDF9
:10149000017ABB68D3ED017A67EE277A7B68C3EDEA
:1014A000047AFB6893ED017ABB68D3ED027A67EEAC
:1014B000277A7B68C3ED057AFB6893ED027ABB68F7
:1014C000D3ED007A67EE277A7B68C3ED067AFB6876
:1014D00093ED027ABB68D3ED017A67EE277A7B68D9
:1014E000C3ED077AFB6893ED027ABB68D3ED027A0D
:1014F00067EE277A7B68C3ED087A00BF1437BD46D4
:101500005DF8047B704780B592B000AFF860B960B9
:101510007A60F868FFF764FE87ED110A07F120038F
:101520001946F868FFF7B0FE07F1140207F120032F
:10153000B9681846FFF764FDD7ED056A97ED117A93
:10154000C6EE877A7B68C3ED007AD7ED066A97ED21
:10155000117AC6EE877A7B68C3ED017AD7ED076A08
:1015600097ED117AC6EE877A7B68C3ED027A002385
:1015700018464837BD4680BD80B487B000AF78605C
:101580007B6893ED017A7B68D3ED037A77EE277A57
:10159000B6EE007A67EE877AC7ED057A7B6893ED41
:1015A000027A7B68D3ED067A77EE277AB6EE007A78
:1015B00067EE877AC7ED047A7B6893ED057A7B68DE
:1015C000D3ED077A77EE277AB6EE007A67EE877A60
:1015D000C7ED037A7B687A695A607B687A69DA605A
:1015E0007B683A699A607B683A699A617B68FA68B5
:1015F0005A617B68FA68DA6100BF1C37BD465DF846
:10160000047B704780B483B000AF786039603B687A
:101610004FF000021A607B68D3ED027AF1EE677A30
:101620003B68C3ED017A7B685A683B689A607B68C7
:101630009A683B68DA603B684FF000021A617B6889
:10164000D3ED007AF1EE677A3B68C3ED057A7B68EB
:10165000D3ED017AF1EE677A3B68C3ED067A7B68D9
:101660001A683B68DA613B684FF000021A6200BFFB
:101670000C37BD465DF8047B704780B58EB000AF77
:10168000786039607868FFF7ABFD87ED0B0A07F1EA
:10169000080319467868FFF7F7FD00237B6326E00F
:1016A00000233B631DE07A6B13465B0013443A6BE7
:1016B00013449B0038333B44303BD3ED006A97ED35
:1016C0000B7AC6EE877A39687A6B13465B0013444F
:1016D0003A6B13449B000B44C3ED007A3B6B013320
:1016E0003B633B6B022BDEDD7B6B01337B637B6BF0
:1016F000022BD5DD002318463837BD4680BD80B4A7
:1017000087B000AF786187ED040AC7ED030A87ED63
:10171000021AC7ED011A7B693A691A607B69FA6897
:101720005A607B69BA689A607B697A68DA6000BF40
:101730001C37BD465DF8047B704780B483B000AFB2
:1017400078607B684FF000021A607B684FF00002FF
:101750005A607B684FF000029A607B684FF000028D
:10176000DA6000BF0C37BD465DF8047B704780B57A
:1017700084B000AF78607B6893ED007A7B68D3ED2E
:10178000007A27EE277A7B68D3ED016A7B68D3ED78
:10179000017A66EEA77A37EE277A7B68D3ED026A84
:1017A0007B68D3ED027A66EEA77A37EE277A7B68FC
:1017B000D3ED036A7B68D3ED037A66EEA77A77EE02
:1017C000277AB0EE670A12F0A5FD87ED030A7B6861
:1017D000D3ED006A97ED037AC6EE877A7B68C3ED96
:1017E000007A7B68D3ED016A97ED037AC6EE877ABB
:1017F0007B68C3ED017A7B68D3ED026A97ED037ACB
:10180000C6EE877A7B68C3ED027A7B68D3ED036A04
:1018100097ED037AC6EE877A7B68C3ED037A00BF43
:101820001037BD4680BD90B488B000AFF860B96095
:101830007A60FB6893ED007ABB68D3ED007A27EEFF
:10184000277AFB68D3ED016ABB68D3ED017A66EEB7
:10185000A77A37EE677AFB68D3ED026ABB68D3EDEF
:10186000027A66EEA77A37EE677AFB68D3ED036AF1
:10187000BB68D3ED037A66EEA77A77EE677AC7ED99
:10188000047AFB6893ED007ABB68D3ED017A27EE0A
:10189000277AFB68D3ED016ABB68D3ED007A66EE68
:1018A000A77A37EE277AFB68D3ED026ABB68D3EDDF
:1018B000037A66EEA77A37EE277AFB68D3ED036AE0
:1018C000BB68D3ED027A66EEA77A77EE677AC7ED4A
:1018D000057AFB6893ED007ABB68D3ED027A27EEB8
:1018E000277AFB68D3ED016ABB68D3ED037A66EE15
:1018F000A77A37EE677AFB68D3ED026ABB68D3ED4F
:10190000007A66EEA77A37EE277AFB68D3ED036A92
:10191000BB68D3ED017A66EEA77A77EE277AC7ED3A
:10192000067AFB6893ED007ABB68D3ED037A27EE65
:10193000277AFB68D3ED016ABB68D3ED027A66EEC5
:10194000A77A37EE277AFB68D3ED026ABB68D3ED3E
:10195000017A66EEA77A37EE677AFB68D3ED036A01
:10196000BB68D3ED007A66EEA77A77EE277AC7EDEB
:10197000077A7B681C4607F110030FCB84E80F0041
:1019800000BF2037BD4690BC704780B485B000AF23
:10199000F860B9607A60FB6893ED017ABB68D3EDBB
:1019A000007A27EE277AFB68D3ED026ABB68D3ED95
:1019B000017A66EEA77A37EE277AFB68D3ED036AE1
:1019C000BB68D3ED027A66EEA77A77EE277ABEEE91
:1019D000007A67EE877A7B68C3ED007AFB6893ED47
:1019E000007ABB68D3ED007A27EE277AFB68D3ED47
:1019F000036ABB68D3ED017A66EEA77A37EE277AE1
:101A0000FB68D3ED026ABB68D3ED027A66EEA77A73
:101A100077EE677AB6EE007A67EE877A7B68C3ED79
:101A2000017AFB68D3ED037AB1EE677ABB68D3ED38
:101A3000007A27EE277AFB68D3ED006ABB68D3ED06
:101A4000017A66EEA77A37EE277AFB68D3ED016A52
:101A5000BB68D3ED027A66EEA77A77EE277AB6EE08
:101A6000007A67EE877A7B68C3ED027AFB6893EDB4
:101A7000027ABB68D3ED007A27EE277AFB68D3EDB4
:101A8000016ABB68D3ED017A66EEA77A37EE677A12
:101A9000FB68D3ED006ABB68D3ED027A66EEA77AE5
:101AA00077EE277AB6EE007A67EE877A7B68C3ED29
:101AB000037A00BF1437BD465DF8047B704780B5DC
:101AC00088B000AF786039607B6893ED007A7B68FE
:101AD000D3ED007A27EE277A7B68D3ED016A7B6825
:101AE000D3ED017A66EEA77A37EE277A7B68D3EDDD
:101AF000026A7B68D3ED027A66EEA77A37EE277A20
:101B00007B68D3ED036A7B68D3ED037A66EEA77A30
:101B100077EE277AB0EE670A12F0FCFB87ED070A32
:101B20007B68D3ED006A97ED077AC6EE877AC7ED3A
:101B3000067A7B68D3ED016A97ED077AC6EE877A5D
:101B4000C7ED057A7B68D3ED026A97ED077AC6EE9A
:101B5000877AC7ED047A7B68D3ED036A97ED077A3D
:101B6000C6EE877AC7ED037AD7ED047A27EEA77A17
:101B7000D7ED037A67EEA77A77EE277A77EEA77A22
:101B8000B7EE007A77EE677A3B68C3ED007A97ED9F
:101B9000057AD7ED047A27EE277AD7ED066AD7EDD6
:101BA000037A66EEA77A77EE677A77EEA77A3B68D4
:101BB000C3ED017A97ED057AD7ED037A27EE277A00
:101BC000D7ED066AD7ED047A66EEA77A77EE277A24
:101BD00077EEA77A3B68C3ED027A97ED057AD7EDE9
:101BE000047A27EE277AD7ED066AD7ED037A66EEF8
:101BF000A77A77EE277A77EEA77A3B68C3ED037A68
:101C0000D7ED057A27EEA77AD7ED037A67EEA77AA4
:101C100077EE277A77EEA77AB7EE007A77EE677AD3
:101C20003B68C3ED047A97ED047AD7ED037A27EE8B
:101C3000277AD7ED066AD7ED057A66EEA77A77EEB2
:101C4000677A77EEA77A3B68C3ED057A97ED057A58
:101C5000D7ED037A27EE277AD7ED066AD7ED047A17
:101C600066EEA77A77EE677A77EEA77A3B68C3EDE0
:101C7000067A97ED047AD7ED037A27EE277AD7ED27
:101C8000066AD7ED057A66EEA77A77EE277A77EEC1
:101C9000A77A3B68C3ED077AD7ED057A27EEA77AD6
:101CA000D7ED047A67EEA77A77EE277A77EEA77AF0
:101CB000B7EE007A77EE677A3B68C3ED087A00BF2B
:101CC0002037BD4680BD80B485B000AF78603960F4
:101CD0007B6893ED007A3B68D3ED007A27EE277A94
:101CE0007B68D3ED016A3B68D3ED017A66EEA77A93
:101CF00037EE277A7B68D3ED026A3B68D3ED027A30
:101D000066EEA77A37EE277A7B68D3ED036A3B68E5
:101D1000D3ED037A66EEA77A77EE277AC7ED037ADA
:101D2000D7ED037AF5EE407AF1EE10FA29D17B680F
:101D3000D3ED007AF5EEC07AF1EE10FA00D447E068
:101D40007B68D3ED007AF1EE677A7B68C3ED007AA9
:101D50007B68D3ED017AF1EE677A7B68C3ED017A97
:101D60007B68D3ED027AF1EE677A7B68C3ED027A85
:101D70007B68D3ED037AF1EE677A7B68C3ED037A73
:101D800026E0D7ED037AF5EEC07AF1EE10FA1FD512
:101D90007B68D3ED007AF1EE677A7B68C3ED007A59
:101DA0007B68D3ED017AF1EE677A7B68C3ED017A47
:101DB0007B68D3ED027AF1EE677A7B68C3ED027A35
:101DC0007B68D3ED037AF1EE677A7B68C3ED037A23
:101DD0001437BD465DF8047B704780B590B000AF06
:101DE000786039607B681B68FB627B685B68BB62FC
:101DF0007B689B687B627B68DB683B627B681B69F6
:101E0000FB617B685B69BB617B689B697B617B680D
:101E1000DB693B617B681B6AFB60D7ED0B7AB7EE31
:101E2000007A37EE877AD7ED077A77EE277A97ED43
:101E3000037A77EE277AC7ED0F7AD7ED0B7AB7EEF4
:101E4000007A37EE877AD7ED077A37EE677AD7EDE3
:101E5000037A77EE677AC7ED0E7AB7EE007AD7EDA0
:101E60000B7A37EE677AD7ED077A37EE277AD7ED18
:101E7000037A77EE677AC7ED0D7AB7EE007AD7ED81
:101E80000B7A37EE677AD7ED077A77EE677A97EDB8
:101E9000037A77EE277AC7ED0C7AD7ED0F7AF5EE55
:101EA000C07AF1EE10FA02D54FF00003FB63D7EDD4
:101EB0000E7AF5EEC07AF1EE10FA02D54FF000037B
:101EC000BB63D7ED0D7AF5EEC07AF1EE10FA02D5CC
:101ED0004FF000037B63D7ED0C7AF5EEC07AF1EE9C
:101EE00010FA02D54FF000033B6397ED0F0A12F092
:101EF00011FAF0EE407AB6EE007A67EE877A3B6828
:101F0000C3ED007A97ED0E0A12F004FAF0EE407A73
:101F1000B6EE007A67EE877A3B68C3ED017A97EDFB
:101F2000047AD7ED067A77EE677AF5EEC07AF1EEAD
:101F300010FA07D53B68D3ED017AF1EE677A3B687A
:101F4000C3ED017A97ED0D0A12F0E4F9F0EE407A54
:101F5000B6EE007A67EE877A3B68C3ED027A97EDBA
:101F6000097AD7ED057A77EE677AF5EEC07AF1EE69
:101F700010FA07D53B68D3ED027AF1EE677A3B6839
:101F8000C3ED027A97ED0C0A12F0C4F9F0EE407A34
:101F9000B6EE007A67EE877A3B68C3ED037A97ED79
:101FA000087AD7ED0A7A77EE677AF5EEC07AF1EE25
:101FB00010FA07D53B68D3ED037AF1EE677A3B68F8
:101FC000C3ED037A3868FFF7D2FB00BF4037BD4648
:101FD00080BD80B483B000AF786039607B681A68D8
:101FE0003B681A607B685A683B685A607B689A68ED
:101FF0003B689A607B68DA683B68DA6000BF0C3740
:10200000BD465DF8047B70472DE9B04388B000AF52
:10201000F860B9607A603B60BB68022B05DCFB6846
:10202000013BFB60BB680C33BB60F868EEF78AFAD3
:102030004FF000027C4BEEF719FC02460B4643ECD6
:10204000172BB0EE470AF0EE670A12F005FB53ECCF
:10205000102B10461946EEF7D7FD0346FB61B0EE94
:10206000007AD7ED077A77EE677A17EE900AEEF7E7
:102070007BFA04460D46F869EEF776FA4FF0000257
:102080006A4BEEF7F3FB02460B4643EC172BB0EE20
:10209000470AF0EE670A12F0DFFA53EC102B2046E5
:1020A0002946EEF703F902460B4610461946EEF7AD
:1020B000ABFD0346BB61FB6803F593530C33184635
:1020C000EEF740FA50A3D3E90023EEF7A5FA024653
:1020D0000B4643EC172BB0EE470AF0EE670A12F0FE
:1020E000BBFA55EC104BBB6801331846EEF72AFAE1
:1020F00047A3D3E90023EEF78FFA02460B4643ECE1
:10210000172BB0EE470AF0EE670A12F0A5FA53EC6F
:10211000102B20462946EEF7C9F802460B46144616
:102120001D467868EEF70EFA02460B462046294611
:10213000EEF7BCF802460B4614461D46B869EEF7AA
:1021400013FA02460B4620462946EEF7AFF8024640
:102150000B461046194630A3D3E90023EEF7A4F846
:1021600002460B4610461946EEF74EFD03467B61CC
:102170007869EEF7F9F904460D463868EEF7E2F9AA
:1021800080468946B86BEEF7DDF94FF00002284B28
:10219000EEF76CFB02460B4640464946EEF786F8E2
:1021A00002460B4690469946F86BEEF7CBF91CA316
:1021B000D3E90023EEF75AFB02460B464046494658
:1021C000EEF774F802460B46104619464FF000022F
:1021D000184BEEF74BFB02460B4620462946EEF71E
:1021E00065F802460B4610461946EEF70DFD03460C
:1021F0007B617B6907EE903AB0EE670A2037BD46F7
:10220000BDE8B083AFF300800000000000D476404A
:1022100061545227A0993E400000000000D2974030
:10222000000000000020AC400000594000001040B9
:1022300000004E4000003840B0B52DED028BA4B038
:1022400000AF87ED010A7868EEF78EF90FF294433C
:10225000D3E90023EEF728F802460B46104619464C
:102260000FF28843D3E90023EEF700FB02460B464A
:1022700010461946EEF7C8FC0346C7F88030D7F879
:102280008000EEF771F90FF26C43D3E90023EEF70B
:10229000C3F902460B46104619460FF26043D3E9D4
:1022A0000023EEF703F802460B4643EC172B4FF4DE
:1022B000B470B0EE470AF0EE670A00F0FFFC53EC92
:1022C000102B10461946EEF79FFC0346FB67D7F824
:1022D0008000EEF749F90FF22C43D3E90023EEF723
:1022E0009BF902460B46104619460FF22043D3E9EC
:1022F0000023EDF7DBFF02460B4643EC172B4FF4B0
:10230000B470B0EE470AF0EE670A00F0D7FC53EC69
:10231000102B10461946EEF777FC0346BB67F86FA3
:10232000EEF722F904460D46B86FEEF71DF9DEA36D
:10233000D3E90023EEF770F902460B461046194622
:102340004FF00002E64BEEF791FA02460B4643ECE3
:10235000172BB0EE470AF0EE670A11F039FF51EC87
:10236000100BCFA3D3E90023EEF756F902460B4634
:1023700020462946EDF79AFF02460B4614461D46B5
:10238000D7ED1E7A77EEA77A17EE900AEEF7ECF803
:10239000C5A3D3E90023EEF73FF902460B461046EA
:1023A00019464FF00002CE4BEEF760FA02460B469C
:1023B00043EC172BB0EE470AF0EE670A11F008FF66
:1023C00051EC100BBAA3D3E90023EEF725F902462E
:1023D0000B4620462946EDF769FF02460B4643ECC3
:1023E000172B4FF4B470B0EE470AF0EE670A00F016
:1023F00065FC53EC102B10461946EEF705FC03461E
:102400007B67D7F88000EEF7AFF8ABA3D3E90023E2
:10241000EEF702F902460B46A9A1D1E90001EDF75A
:1024200043FF02460B4610461946EEF7EDFB034606
:102430003B67B86FEEF798F89BA3D3E90023EEF75C
:10244000EBF802460B46104619464FF00002A44B2B
:10245000EEF70CFA02460B4643EC172BB0EE470A98
:10246000F0EE670A11F060FE51EC100B96A3D3E971
:102470000023EEF7D1F802460B4695A1D1E9000101
:10248000EDF712FF02460B4614461D46D7ED1E7AA5
:1024900077EEA77A17EE900AEEF766F882A3D3E9F3
:1024A0000023EEF7B9F802460B46104619464FF0E6
:1024B00000028B4BEEF7DAF902460B4643EC172B82
:1024C000B0EE470AF0EE670A11F02EFE51EC100B49
:1024D00081A3D3E90023EEF79FF802460B4620467E
:1024E0002946EDF7E1FE02460B4610461946EEF787
:1024F0008BFB0346FB66F86EEEF736F804460D4696
:10250000786FEEF731F868A3D3E90023EEF784F88B
:1025100002460B46104619464FF00002704BEEF78C
:10252000A5F902460B4643EC172BB0EE470AF0EE36
:10253000670A11F0F9FD53EC102B20462946EEF7FF
:102540006BF802460B4610461946EEF75DFB034654
:102550007B64F86EEEF708F804460D46386FEEF728
:1025600003F851A3D3E90023EEF756F802460B46D1
:10257000104619464FF00002594BEEF777F9024624
:102580000B4643EC172BB0EE470AF0EE670A11F04A
:10259000CBFD53EC102B20462946EEF73DF80246C2
:1025A0000B4614461D46786FEDF7DEFF3EA3D3E9D8
:1025B0000023EEF731F802460B46104619464FF05D
:1025C0000002474BEEF752F902460B4643EC172B3D
:1025D000B0EE470AF0EE670A11F0FAFD53EC102B4B
:1025E00020462946EEF718F802460B4610461946D3
:1025F000EEF70AFB0346BB64F86EEDF7B5FF044641
:102600000D46386FEDF7B0FF27A3D3E90023EEF7AF
:1026100003F802460B46104619464FF00002304BB5
:10262000EEF724F902460B4643EC172BB0EE470AAF
:10263000F0EE670A11F0CCFD53EC102B2046294632
:10264000EDF7EAFF02460B4614461D46786FEDF79C
:102650008BFF15A3D3E90023EDF7DEFF02460B46FF
:10266000104619464FF000021D4BEEF7FFF80246E8
:102670000B4643EC172BB0EE470AF0EE670A11F059
:10268000A7FD53EC102B20462946EDF7C5FF024667
:102690000B4610461946EEF7B7FA0346FB643BE0DB
:1026A0006F153B4F79A2FE3F182D4454FB21094082
:1026B00086EB1EC77979943FB465AF2DF2A18A3FAE
:1026C000596DFE5F7570374015394E4E101C913FA5
:1026D00014103F719300F03FA5203861D44B223F86
:1026E00000806640000000802CB4424100000000E1
:1026F000A0D5E140273108AC1894E1408FC2F528FD
:102700005C877140B6A1629CE193E1403460353B47
:1027100077587640EBAA0E4D0023C7F88C3018E0AE
:10272000D7F88C309B0090333B444C3BD3ED007A80
:102730001FED087A67EE877AD7F88C309B009033CC
:102740003B44583BC3ED007AD7F88C300133C7F8CF
:102750008C30D7F88C30022BE2DDD7F88000EDF713
:1027600003FF0FF20853D3E90023EDF755FF0246AC
:102770000B4614461D46022097ED200A00F0BAFAD7
:1027800051EC100B0FF2EC43D3E90023EDF744FFBB
:1027900002460B4620462946EDF788FD02460B46C9
:1027A00014461D46032097ED200A00F0A3FA51ECD1
:1027B000100B0FF2C843D3E90023EDF72DFF0246BB
:1027C0000B4620462946EDF771FD02460B461046A2
:1027D0001946EEF719FA0346BB66D7F88000EDF705
:1027E000C3FE0FF2A043D3E90023EDF715FF024625
:1027F0000B4614461D46022097ED200A00F07AFA97
:1028000051EC100B0FF28443D3E90023EDF704FFE2
:1028100002460B4620462946EDF746FD02460B468A
:1028200014461D46032097ED200A00F063FA51EC90
:10283000100B0FF26043D3E90023EDF7EDFE0246E3
:102840000B4620462946EDF72FFD02460B46104663
:102850001946EEF7D9F903467B66D7F88000EDF705
:1028600083FE0FF20843D3E90023EDF7D5FE0246BD
:102870000B4614461D46022097ED200A00F03AFA56
:1028800051EC100B0FF21443D3E90023EDF7C4FE13
:1028900002460B4620462946EDF708FD02460B4648
:1028A00014461D46032097ED200A00F023FA51EC50
:1028B000100BFCA3D3E90023EDF7AEFE02460B4656
:1028C00020462946EDF7F2FC02460B461046194613
:1028D000EEF79AF903463B66B86EEDF745FEF3A3B3
:1028E000D3E90023EDF798FE02460B461046194641
:1028F000F0A3D3E90023EDF7B9FF02460B461046DB
:102900001946EEF781F90346FB65786EEDF72CFE6C
:10291000E6A3D3E90023EDF77FFE02460B461046FF
:102920001946E4A3D3E90023EDF7A0FF02460B46C6
:1029300010461946EEF768F90346BB65386EEDF7A9
:1029400013FEDAA3D3E90023EDF766FE02460B4639
:1029500010461946D7A3D3E90023EDF787FF0246B7
:102960000B4610461946EEF74FF903467B6597ED87
:10297000160AF8F717FDB0EE408A97ED150AF8F73A
:1029800011FDF0EE407A28EE278A97ED170AF8F746
:1029900009FDF0EE407A28EE278A97ED150AF8F740
:1029A00025FDF0EE408A97ED170AF8F71FFDF0EECF
:1029B000407A68EEA77A78EE677AC7ED057A97EDE8
:1029C000150AF8F713FDB0EE408A97ED160AF8F7EE
:1029D000E9FCF0EE407A28EE278A97ED170AF8F71F
:1029E000E1FCF0EE407A28EE278A97ED170AF8F717
:1029F000FDFCF0EE408A97ED150AF8F7D3FCF0EEF7
:102A0000407A68EEA77A78EE277AC7ED067A97EDD6
:102A1000160AF8F7EBFCB0EE408A97ED170AF8F7C4
:102A2000C1FCF0EE407A68EE277AC7ED077A97EDA1
:102A3000170AF8F7DBFCF0EE407AB1EE678A97ED03
:102A4000160AF8F7AFFCF0EE407A28EE278A97EDE9
:102A5000150AF8F7A7FCF0EE407A28EE278A97EDE2
:102A6000150AF8F7C3FCF0EE408A97ED170AF8F75D
:102A700099FCF0EE407A68EEA77A78EE677AC7EDB7
:102A8000087A97ED150AF8F7B1FCF0EE407AB1EE4E
:102A9000678A97ED170AF8F7A9FCF0EE407A28EE5E
:102AA000278A97ED160AF8F77DFCF0EE407A28EEBB
:102AB000278A97ED150AF8F775FCF0EE408A97ED36
:102AC000170AF8F76FFCF0EE407A68EEA77A78EE16
:102AD000277AC7ED097A97ED160AF8F787FCF0EE2A
:102AE000407AB1EE678A97ED170AF8F77FFCF0EEAF
:102AF000407A68EE277AC7ED0A7A97ED160AF8F75A
:102B000075FCF0EE407AB1EE678A97ED150AF8F79A
:102B100049FCF0EE407A68EE277AC7ED0B7A97ED24
:102B2000160AF8F763FCF0EE407AB1EE678A97ED8B
:102B3000150AF8F75BFCF0EE407A68EE277AC7EDED
:102B40000C7A97ED160AF8F72DFCF0EE407AC7EDF7
:102B50000D7A0023C7F8883044E0D7F888309B000E
:102B600090333B44883B4FF000021A600023C7F8C3
:102B700084302EE0D7F888309B0090333B44883B6C
:102B800093ED007AD7F8882013465B001344D7F8FA
:102B9000842013449B0090333B447C3BD3ED006A7C
:102BA000D7F884309B0090333B44583BD3ED007AF8
:102BB00066EEA77A77EE277AD7F888309B009033B5
:102BC0003B44883BC3ED007AD7F884300133C7F823
:102BD0008430D7F88430022BCCDDD7F8883001332D
:102BE000C7F88830D7F88830022BB6DD97ED027A27
:102BF000D7ED027A27EE277AD7ED036AD7ED037A6D
:102C000066EEA77A37EE277AD7ED046AD7ED047A15
:102C100066EEA77A77EE277AB0EE670AF8F7F6FB4A
:102C200087ED140AD7ED026A97ED147AC6EE877A1B
:102C30000D4BC3ED007AD7ED036A97ED147AC6EE1B
:102C4000877A094BC3ED017AD7ED046A97ED147AC0
:102C5000C6EE877A044BC3ED027A00BF9037BD46BB
:102C6000BDEC028BB0BD00BFFC290020849ECDAA24
:102C70006F04A2403541D47D0052D33F8CD9925588
:102C8000116E923F4ED1915C3E519F4058A835CD78
:102C90003B4EDB3FBF81C98D226BA53F4F5DF92CB9
:102CA000CF83F13F49A0C1A6CEA3923F182D445433
:102CB000FB2109400000000080C6234180B584B09C
:102CC00000AF87ED020B78607868EDF73BFC0246B9
:102CD0000B4643EC112B97ED020B11F05BF9B0EEB4
:102CE000407AF0EE607AB0EE470AF0EE670A1037ED
:102CF000BD4680BDB0B582B000AF87ED010A386037
:102D00007868EDF731FC04460D463868EDF71AFC9B
:102D100002460B4643EC112B45EC104B11F068F9C1
:102D2000B0EE407AF0EE607AB0EE470AF0EE670A55
:102D30000837BD46B0BD000080B584B000AF87ED58
:102D4000010AD7ED017AF5EEC07AF1EE10FA19DB3F
:102D5000D7ED017A9FED367AF4EEC77AF1EE10FAEC
:102D600010D87868EDF700FC2FA3D3E90023EDF726
:102D700053FC02460B4610461946EDF745FF034645
:102D8000FB6049E0D7ED017AF5EEC07AF1EE10FA7A
:102D900020D507E0D7ED017A9FED257A77EE877A87
:102DA000C7ED017AD7ED017AF5EEC07AF1EE10FAAF
:102DB000F0D47868EDF7D8FB1BA3D3E90023EDF737
:102DC0002BFC02460B4610461946EDF71DFF034645
:102DD000FB6021E007E0D7ED017A9FED157A77EEF1
:102DE000C77AC7ED017AD7ED017A9FED117AF4EE3B
:102DF000C77AF1EE10FAEEDC7868EDF7B5FB0AA3BE
:102E0000D3E90023EDF708FC02460B4610461946AD
:102E1000EDF7FAFE0346FB60FB6807EE903AB0EE72
:102E2000670A1037BD4680BD399D52A246DF913FEB
:102E30000000B44380B500AF0E4B1B680D4A43F44D
:102E4000007313600B4B1B680A4A43F480631360E2
:102E5000084B1B68074A43F480731360032000F09B
:102E6000F0F80F20EFF710FEEFF788F9002318466F
:102E700080BD00BF003C024080B400AF064B1B7811
:102E80001A46064B1B681344044A136000BFBD4634
:102E90005DF8047B704700BFA8020020082A0020CC
:102EA00080B485B000AF78607B6803F00703FB60F7
:102EB0000C4BDB68BB60BA684FF6FF031340BB6086
:102EC000FB681A02BB68134343F0BF6343F400334B
:102ED000BB60044ABB68D36000BF1437BD465DF8D1
:102EE000047B704700ED00E080B400AF044BDB686A
:102EF0001B0A03F007031846BD465DF8047B7047C4
:102F000000ED00E080B483B000AF0346FB7197F999
:102F10000730002B0BDBFB7903F01F02074997F901
:102F200007305B09012000FA02F241F8232000BFBC
:102F30000C37BD465DF8047B704700BF00E100E040
:102F400080B483B000AF0346FB7197F90730002BC4
:102F500012DBFB7903F01F020A4997F907305B097E
:102F6000012000FA02F2203341F82320BFF34F8FF3
:102F700000BFBFF36F8F00BF00BF0C37BD465DF8C9
:102F8000047B704700E100E080B483B000AF0346EB
:102F90003960FB7197F90730002B0ADB3B68DAB226
:102FA0000C4997F907301201D2B20B4483F8002381
:102FB0000AE03B68DAB20849FB7903F00F03043BEF
:102FC0001201D2B20B441A7600BF0C37BD465DF831
:102FD000047B704700E100E000ED00E080B489B0C0
:102FE00000AFF860B9607A60FB6803F00703FB612B
:102FF000FB69C3F10703042B28BF0423BB61FB69F2
:103000000433062B02D9FB69033B00E000237B61FC
:103010004FF0FF32BB6902FA03F3DA43BB681A4090
:103020007B699A404FF0FF317B6901FA03F3D94382
:103030007B680B40134318462437BD465DF8047B7C
:10304000704780B582B000AF78607868FFF728FFDE
:1030500000BF0837BD4680BD80B586B000AF0346CF
:10306000B9607A60FB7300237B61FFF73DFF7861F5
:103070007A68B9687869FFF7B1FF024697F90F30AF
:1030800011461846FFF780FF00BF1837BD4680BDC8
:1030900080B582B000AF0346FB7197F90730184640
:1030A000FFF730FF00BF0837BD4680BD80B582B056
:1030B00000AF0346FB7197F907301846FFF740FF52
:1030C00000BF0837BD4680BD80B582B000AF7860D4
:1030D0007B68002B01D101230EE07B685B79DBB2BA
:1030E000002B05D17B6800221A717868EFF76EF823
:1030F0007B6801225A71002318460837BD4680BDFF
:1031000080B487B000AFF860B9607A6000233B619B
:10311000FB6802225A71FB681B689A68FB681B688F
:1031200042F001029A6000237B610AE07B699B0008
:10313000BA681A44FB681B6812681A607B6901331D
:103140007B617A697B689A42F0D3FB681B681B68D5
:103150003B61FB6801225A713B6918461C37BD462A
:103160005DF8047B7047000080B586B000AF7860E2
:1031700000237B61EEF7B2FD38617B68002B01D143
:10318000012399E07B68022283F835207B680022C6
:1031900083F834207B681B681A687B681B6822F000
:1031A00001021A600FE0EEF799FD02463B69D31A5F
:1031B000052B08D97B6820225A657B68032283F897
:1031C0003520032378E07B681B681B6803F001034C
:1031D000002BE8D17B681B681B687B617A69384BE0
:1031E00013407B617B685A687B689B681A437B68E5
:1031F000DB681A437B681B691A437B685B691A4367
:103200007B689B691A437B68DB691A437B681B6A8E
:1032100013437A6913437B617B685B6A042B07D194
:103220007B68DA6A7B681B6B13437A6913437B61A3
:103230007B681B687A691A607B681B685B697B61C5
:103240007B6923F007037B617B685B6A7A691343C0
:103250007B617B685B6A042B17D17B689B6A7A6908
:1032600013437B617B68DB6A002B0ED0786800F02B
:103270005FFB0346002B08D07B6840225A657B68C1
:10328000012283F83520012316E07B681B687A69E8
:103290005A61786800F016FB0346FB607B68DB6DC3
:1032A0003F229A40FB689A607B6800225A657B68DF
:1032B000012283F83520002318461837BD4680BD0B
:1032C0003F8010F080B584B000AF78607B68002B41
:1032D00001D1012350E07B6893F83530DBB2022B3B
:1032E00001D1022348E07B681B681A687B681B6871
:1032F00022F001021A607B681B6800221A607B685A
:103300001B6800225A607B681B6800229A607B68F9
:103310001B680022DA607B681B6800221A617B68E8
:103320001B6821225A61786800F0CCFA0346FB60E2
:103330007B680022DA637B6800221A647B680022C3
:103340005A647B6800229A647B680022DA647B6896
:1033500000221A657B68DB6D3F229A40FB689A6009
:103360007B6800225A657B68002283F835207B68E1
:10337000002283F83420002318461037BD4680BD54
:1033800080B586B000AFF860B9607A603B6000231A
:10339000FB75FB689B6D3B61FB6893F83430012B38
:1033A00001D1022340E0FB68012283F83420FB684E
:1033B00093F83530DBB2012B2FD1FB68022283F862
:1033C0003520FB6800225A653B687A68B968F8685E
:1033D00000F04AFAFB68DB6D3F229A403B699A6035
:1033E000FB681B681A68FB681B6842F016021A60CB
:1033F000FB681B6C002B07D0FB681B681A68FB6816
:103400001B6842F008021A60FB681B681A68FB68B8
:103410001B6842F001021A6005E0FB68002283F895
:1034200034200223FB75FB7D18461837BD4680BD4E
:1034300080B584B000AF78607B689B6DFB60EEF771
:103440004DFCB8607B6893F83530DBB2022B08D0B6
:103450007B6880225A657B68002283F83420012330
:1034600052E07B681B681A687B681B6822F01602B2
:103470001A607B681B685A697B681B6822F08002AF
:103480005A617B681B6C002B03D17B689B6C002B03
:1034900007D07B681B681A687B681B6822F00802EB
:1034A0001A607B681B681A687B681B6822F001023F
:1034B0001A6013E0EEF712FC0246BB68D31A052B24
:1034C0000CD97B6820225A657B68032283F835205B
:1034D0007B68002283F83420032315E07B681B6897
:1034E0001B6803F00103002BE4D17B68DB6D3F22F6
:1034F0009A40FB689A607B68012283F835207B68DC
:10350000002283F83420002318461037BD4680BDC2
:1035100080B483B000AF78607B6893F83530DBB25D
:10352000022B04D07B6880225A6501230CE07B6863
:10353000052283F835207B681B681A687B681B6846
:1035400022F001021A60002318460C37BD465DF8D0
:10355000047B704780B586B000AF78600023BB6005
:103560008E4B1B688E4AA2FB03239B0A7B617B6800
:103570009B6D3B613B691B68FB607B68DB6D0822D0
:103580009A40FB681340002B1AD07B681B681B68AD
:1035900003F00403002B13D07B681B681A687B6858
:1035A0001B6822F004021A607B68DB6D08229A40D7
:1035B0003B699A607B685B6D43F001027B685A65EA
:1035C0007B68DB6D01229A40FB681340002B12D010
:1035D0007B681B685B6903F08003002B0BD07B6862
:1035E000DB6D01229A403B699A607B685B6D43F01A
:1035F00002027B685A657B68DB6D04229A40FB6897
:103600001340002B12D07B681B681B6803F0020379
:10361000002B0BD07B68DB6D04229A403B699A60DB
:103620007B685B6D43F004027B685A657B68DB6DE9
:1036300010229A40FB681340002B43D07B681B6824
:103640001B6803F00803002B3CD07B68DB6D102265
:103650009A403B699A607B681B681B6803F480236F
:10366000002B18D07B681B681B6803F40023002B19
:1036700008D17B681B6C002B24D07B681B6C78689E
:1036800098471FE07B689B6C002B1BD07B689B6C72
:103690007868984716E07B681B681B6803F48073A2
:1036A000002B07D17B681B681A687B681B6822F0B7
:1036B00008021A607B681B6C002B03D07B681B6CB4
:1036C000786898477B68DB6D20229A40FB6813403E
:1036D000002B00F08F807B681B681B6803F01003D1
:1036E000002B00F087807B68DB6D20229A403B69CD
:1036F0009A607B6893F83530DBB2052B36D17B6856
:103700001B681A687B681B6822F016021A607B68C7
:103710001B685A697B681B6822F080025A617B68CB
:103720001B6C002B03D17B689B6C002B07D07B6844
:103730001B681A687B681B6822F008021A607B68A5
:10374000DB6D3F229A403B699A607B68012283F8D7
:1037500035207B68002283F834207B681B6D002BAA
:103760007ED07B681B6D7868984779E07B681B6822
:103770001B6803F48023002B1DD07B681B681B682B
:1037800003F40023002B0DD17B685B6C002B31D040
:103790007B685B6C786898472CE000BF380200209B
:1037A000B5814E1B7B68DB6B002B23D07B68DB6B0A
:1037B000786898471EE07B681B681B6803F4807379
:1037C000002B0FD17B681B681A687B681B6822F08E
:1037D00010021A607B68012283F835207B68002282
:1037E00083F834207B68DB6B002B03D07B68DB6BBA
:1037F000786898477B685B6D002B32D07B685B6D87
:1038000003F00103002B22D07B68052283F83520CA
:103810007B681B681A687B681B6822F001021A60CB
:10382000BB680133BB607A699A4207D37B681B6827
:103830001B6803F00103002BF2D100E000BF7B689E
:10384000012283F835207B68002283F834207B68CE
:10385000DB6C002B05D07B68DB6C7868984700E058
:1038600000BF1837BD4680BD80B485B000AFF8609A
:10387000B9607A603B60FB681B681A68FB681B686C
:1038800022F480221A60FB681B683A685A60FB6861
:103890009B68402B08D1FB681B687A689A60FB68BC
:1038A0001B68BA68DA6007E0FB681B68BA689A6050
:1038B000FB681B687A68DA6000BF1437BD465DF8A4
:1038C000047B704780B485B000AF78607B681B686C
:1038D000DBB2103B144AA2FB03231B09FB60134A13
:1038E000FB6813441B781A467B68DA65FB68032B78
:1038F00009D97B681B6823F47F7323F003031A1D27
:103900007B689A6507E07B681B6823F47F7323F06C
:1039100003037A6893657B689B6D18461437BD4630
:103920005DF8047B704700BFABAAAAAAD0C7020803
:1039300080B485B000AF78600023FB737B689B6A1E
:10394000BB607B689B69002B1FD1BB68032B56D8DB
:1039500001A252F823F000BF693901087B39010840
:1039600069390108FF3901087B68DB6A03F080735D
:10397000002B46D00123FB7343E07B68DB6AB3F185
:10398000C07F40D10123FB733DE07B689B69B3F5A9
:10399000005F21D1BB68032B37D801A252F823F076
:1039A000B1390108B7390108B1390108C93901082D
:1039B0000123FB7330E07B68DB6A03F08073002B2C
:1039C00025D00123FB7322E07B68DB6AB3F1C07F63
:1039D0001FD10123FB731CE0BB68022B03D9BB681A
:1039E000032B03D018E00123FB7315E07B68DB6A2F
:1039F00003F08073002B0ED00123FB730BE000BF9C
:103A00000AE000BF08E000BF06E000BF04E000BF1E
:103A100002E000BF00E000BFFB7B18461437BD4644
:103A20005DF8047B704700BF80B586B000AFF860DA
:103A3000B960C7E900230123FB75234B1B7E012BD3
:103A400001D102233BE0204B01221A764CF2503088
:103A500000F070F80346FB75FB7D002B2BD1FB6853
:103A6000002B05D13B781946B86800F01BF916E029
:103A7000FB68012B05D13B881946B86800F0EEF8C9
:103A80000DE0FB68022B05D13B681946B86800F0D1
:103A9000C3F804E0D7E90023B86800F08BF84CF2D3
:103AA000503000F047F80346FB75084B1B69074A86
:103AB00023F001031361044B00221A76FB7D1846A4
:103AC0001837BD4680BD00BF0C2A0020003C0240D4
:103AD00080B483B000AF0023FB710B4B1B69002B3C
:103AE0000BDA094B094A5A60074B094A5A60064BE0
:103AF0001B69002B01DA0123FB71FB7918460C3797
:103B0000BD465DF8047B7047003C024023016745D9
:103B1000AB89EFCD80B400AF054B1B69044A43F07D
:103B20000043136100231846BD465DF8047B7047CF
:103B3000003C024080B584B000AF78600023FB6099
:103B40001A4B0022DA61EEF7C9F8F86010E07B68E2
:103B5000B3F1FF3F0CD07B68002B07D0EEF7BEF827
:103B60000246FB68D31A7A689A4201D2032319E00D
:103B70000F4BDB6803F48033002BE8D10C4BDB6880
:103B800003F00103002B02D0094B0122DA60084B3D
:103B9000DB6803F0F203002B03D000F0A5F801234B
:103BA00000E0002318461037BD4680BD0C2A0020D7
:103BB000003C024080B485B000AFF860C7E9002344
:103BC000144B1B69134A23F440731361114B1B6997
:103BD000104A43F4407313610E4B1B690D4A43F0C6
:103BE00001031361FB683A681A60BFF36F8F00BF6F
:103BF000D7E900014FF000024FF000030A00002354
:103C0000F968043113460B6000BF1437BD465DF8F8
:103C1000047B7047003C024080B483B000AF786002
:103C200039600D4B1B690C4A23F4407313610A4B36
:103C30001B69094A43F400731361074B1B69064A69
:103C400043F0010313617B683A681A6000BF0C37C8
:103C5000BD465DF8047B7047003C024080B483B0F1
:103C600000AF78600B467B800D4B1B690C4A23F438
:103C7000407313610A4B1B69094A43F48073136153
:103C8000074B1B69064A43F0010313617B687A887E
:103C90001A8000BF0C37BD465DF8047B704700BF3B
:103CA000003C024080B483B000AF78600B46FB70EC
:103CB0000C4B1B690B4A23F440731361094B094AEF
:103CC0001B691361074B1B69064A43F0010313612B
:103CD0007B68FA781A7000BF0C37BD465DF8047B2C
:103CE000704700BF003C024080B400AF274BDB6848
:103CF00003F01003002B08D0254BDB6943F01003C1
:103D0000234AD361214B1022DA60204BDB6803F099
:103D10002003002B08D01E4BDB6943F008031C4A2C
:103D2000D3611A4B2022DA60184BDB6803F04003A2
:103D3000002B08D0164BDB6943F00403144AD3610F
:103D4000124B4022DA60114BDB6803F08003002B3A
:103D500008D00F4BDB6943F002030D4AD3610B4BD4
:103D60008022DA60094BDB6803F00203002B08D0E5
:103D7000074BDB6943F02003054AD361034B022262
:103D8000DA6000BFBD465DF8047B7047003C02402E
:103D90000C2A002080B584B000AF78603960012320
:103DA000FB730023BB60314B1B7E012B01D102232F
:103DB00058E02E4B01221A764CF25030FFF7BAFE33
:103DC0000346FB73FB7B002B48D13B684FF0FF326F
:103DD0001A607B681B68012B15D17B681B69DAB2FE
:103DE0007B685B681946104600F044F84CF250308E
:103DF000FFF7A0FE0346FB731D4B1B691C4A23F013
:103E00000403136128E07B689B68BB601CE07B684F
:103E10001B69DBB21946B86800F050F84CF250301C
:103E2000FFF788FE0346FB73114B1B69104A23F012
:103E3000FA031361FB7B002B03D03B68BA681A605E
:103E40000AE0BB680133BB607B68DA687B689B680B
:103E50001344BA689A42DAD300F078F8034B002290
:103E60001A76FB7B18461037BD4680BD0C2A002011
:103E7000003C024080B483B000AF03463960FB7160
:103E80000D4B1B690C4A23F4407313610A4B1B69E9
:103E9000094A43F004031361074B1A69FB791B02BB
:103EA0001343054A43F48033136100BF0C37BD460A
:103EB0005DF8047B704700BF003C024080B485B0D1
:103EC00000AF78600B46FB700023FB60FB78002B93
:103ED00002D10023FB6010E0FB78012B03D14FF4EB
:103EE0008073FB6009E0FB78022B03D14FF4007371
:103EF000FB6002E04FF44073FB60134B1B69124AF6
:103F000023F440731361104B1A690F49FB68134384
:103F10000B610D4B1B690C4A23F0F80313610A4B2C
:103F20001A697B68DB001343074A43F002031361FD
:103F3000054B1B69044A43F48033136100BF1437F7
:103F4000BD465DF8047B7047003C024080B400AF82
:103F5000204B1B6803F40073002B17D01D4B1B680C
:103F60001C4A23F4007313601A4B1B68194A43F46C
:103F700000631360174B1B68164A23F40063136039
:103F8000144B1B68134A43F400731360114B1B68F6
:103F900003F48063002B17D00E4B1B680D4A23F4EB
:103FA000806313600B4B1B680A4A43F48053136011
:103FB000084B1B68074A23F480531360054B1B68AA
:103FC000044A43F48063136000BFBD465DF8047B80
:103FD000704700BF003C024080B489B000AF7860F9
:103FE000396000237B6100233B610023BB61002318
:103FF000FB616BE10122FB6902FA03F37B613B6821
:104000001B687A6913403B613A697B699A4240F0C8
:104010005A813B685B6803F00303012B05D03B68C2
:104020005B6803F00303022B30D17B689B68BB61A4
:10403000FB695B00032202FA03F3DB43BA69134016
:10404000BB613B68DA68FB695B0002FA03F3BA699B
:104050001343BB617B68BA699A607B685B68BB612C
:104060000122FB6902FA03F3DB43BA691340BB6127
:104070003B685B681B0903F00102FB6902FA03F36A
:10408000BA691343BB617B68BA695A603B685B6875
:1040900003F00303032B17D07B68DB68BB61FB696C
:1040A0005B00032202FA03F3DB43BA691340BB61EE
:1040B0003B689A68FB695B0002FA03F3BA69134331
:1040C000BB617B68BA69DA603B685B6803F0030335
:1040D000022B23D1FB69DA087B68083253F82230BF
:1040E000BB61FB6903F007039B000F2202FA03F395
:1040F000DB43BA691340BB613B681A69FB6903F093
:1041000007039B0002FA03F3BA691343BB61FB691F
:10411000DA087B680832B96943F822107B681B68AB
:10412000BB61FB695B00032202FA03F3DB43BA695C
:104130001340BB613B685B6803F00302FB695B00F3
:1041400002FA03F3BA691343BB617B68BA691A6068
:104150003B685B6803F44033002B00F0B48000231D
:10416000FB60604B5B6C5F4A43F4804353645D4B80
:104170005B6C03F48043FB60FB685B4AFB699B0854
:10418000023352F82330BB61FB6903F003039B0049
:104190000F2202FA03F3DB43BA691340BB617B6869
:1041A000524A93422BD07B68514A934225D07B6878
:1041B000504A93421FD07B684F4A934219D07B6884
:1041C0004E4A934213D07B684D4A93420DD07B6890
:1041D0004C4A934207D07B684B4A934201D1072354
:1041E0000EE008230CE006230AE0052308E0042380
:1041F00006E0032304E0022302E0012300E00023A1
:10420000FA6902F0030292009340BA691343BB615A
:104210003549FB699B080233BA6941F823203B4BBF
:104220009B68BB613B69DB43BA691340BB613B6878
:104230005B6803F48013002B03D0BA693B69134316
:10424000BB61324ABB699360304BDB68BB613B6941
:10425000DB43BA691340BB613B685B6803F400133E
:10426000002B03D0BA693B691343BB61274ABB6982
:10427000D360264B5B68BB613B69DB43BA69134083
:10428000BB613B685B6803F40033002B03D0BA6961
:104290003B691343BB611D4ABB6953601B4B1B68E1
:1042A000BB613B69DB43BA691340BB613B685B6838
:1042B00003F48033002B03D0BA693B691343BB611D
:1042C000124ABB691360FB690133FB61FB690F2B69
:1042D0007FF690AE00BF00BF2437BD465DF8047B7B
:1042E000704700BF00380240003801400000024023
:1042F0000004024000080240000C0240001002408E
:104300000014024000180240001C0240003C014022
:1043100080B487B000AF7860396000233B61002330
:10432000FB600023BB6000237B61CDE001227B6941
:1043300002FA03F33B613A683B691340FB60FA6899
:104340003B699A4240F0BD80654A7B699B08023315
:1043500052F82330BB607B6903F003039B000F22FC
:1043600002FA03F3BA681340BB607B685D4A93426C
:104370002BD07B685C4A934225D07B685B4A934292
:104380001FD07B685A4A934219D07B68594A93429E
:1043900013D07B68584A93420DD07B68574A9342AA
:1043A00007D07B68564A934201D107230EE00823C9
:1043B0000CE006230AE0052308E0042306E00323BB
:1043C00004E0022302E0012300E000237A6902F006
:1043D000030292009340BA689A4232D1494B1A685C
:1043E000FB68DB43474913400B60464B5A68FB6848
:1043F000DB43444913404B60424BDA68FB68DB43C4
:1044000040491340CB603F4B9A68FB68DB433D4912
:1044100013408B607B6903F003039B000F2202FAB9
:1044200003F3BB602E4A7B699B08023352F82310CA
:10443000BB68DA432A487B699B080A40023340F88C
:1044400023207B681A687B695B00032101FA03F370
:10445000DB431A407B681A607B69DA087B680832A4
:1044600053F822107B6903F007039B000F2202FA26
:1044700003F3DB437A69D20819407B68083243F8BA
:1044800022107B68DA687B695B00032101FA03F381
:10449000DB431A407B68DA607B685A6801217B69DC
:1044A00001FA03F3DB431A407B685A607B689A6821
:1044B0007B695B00032101FA03F3DB431A407B684D
:1044C0009A607B6901337B617B690F2B7FF62EAF8E
:1044D00000BF00BF1C37BD465DF8047B704700BFBE
:1044E0000038014000000240000402400008024081
:1044F000000C02400010024000140240001802406C
:10450000001C0240003C014080B485B000AF7860E0
:104510000B467B807B681A697B881340002B02D096
:104520000123FB7301E00023FB73FB7B1846143768
:10453000BD465DF8047B704780B483B000AF7860FF
:104540000B467B8013467B707B78002B03D07A88E8
:104550007B689A6103E07B881A047B689A6100BFDC
:104560000C37BD465DF8047B7047000080B582B013
:1045700000AF0346FB80084B5A69FB881340002BB1
:1045800006D0054AFB885361FB88184600F006F800
:1045900000BF0837BD4680BD003C014080B483B0F9
:1045A00000AF0346FB8000BF0C37BD465DF8047BBF
:1045B0007047000080B584B000AF78607B68002B46
:1045C00001D101232BE17B6893F83D30DBB2002B56
:1045D00006D17B68002283F83C207868EDF718FE4E
:1045E0007B68242283F83D207B681B681A687B68FF
:1045F0001B6822F001021A607B681B681A687B68DE
:104600001B6842F400421A607B681B681A687B686A
:104610001B6822F400421A6002F0A0F8F8607B6880
:104620005B68814A934207D8FB68804A934294BFF3
:1046300001230023DBB206E0FB687D4A934294BF6E
:1046400001230023DBB2002B01D00123E7E0FB684C
:10465000784AA2FB03239B0CBB607B681B685B68EA
:1046600023F03F017B681B68BA680A435A607B6885
:104670001B681B6A23F03F017B685B686A4A9342B0
:1046800002D8BB68013309E0BB684FF4967202FBA5
:1046900003F3694AA2FB03239B0901337A6812687A
:1046A0000B4313627B681B68DB6923F44F4222F0E3
:1046B000FF027B685B685C498B4219D8FB68591E16
:1046C0007B685B685B00B1FBF3F3591C40F6FC733D
:1046D0000B40002B0AD0FB68591E7B685B685B00AF
:1046E000B1FBF3F30133C3F30B0351E004234FE0B9
:1046F0007B689B68002B11D1FB68581E7B6859684A
:104700000B465B000B44B0FBF3F30133C3F30B0325
:10471000002B0CBF01230023DBB212E0FB68581E04
:104720007B6859680B469B000B4499000B44B0FB17
:10473000F3F30133C3F30B03002B0CBF012300235E
:10474000DBB2002B01D0012322E07B689B68002BA9
:104750000ED1FB68581E7B6859680B465B000B4402
:10476000B0FBF3F30133C3F30B0343F400430FE057
:10477000FB68581E7B6859680B469B000B449900E8
:104780000B44B0FBF3F30133C3F30B0343F4404397
:10479000796809681343CB617B681B681B6823F049
:1047A000C0017B68DA697B681B6A1A437B681B68F7
:1047B0000A431A607B681B689B6823F4034323F059
:1047C000FF037A6811697A68D26811437A681268BF
:1047D0000B4393607B681B68DB6823F0FF017B68F9
:1047E0005A697B689B691A437B681B680A43DA60D5
:1047F0007B681B681A687B681B6842F001021A60BC
:104800007B6800221A647B68202283F83D207B6845
:1048100000221A637B68002283F83E20002318469A
:104820001037BD4680BD00BFA08601007F841E00FA
:10483000FF083D0083DE1B43D34D621080B588B076
:1048400002AFF8607A601A460B467B8113463B81C3
:10485000EDF744FA7861FB6893F83D30DBB2202B2A
:1048600040F0E0807B690093192301227049F868C9
:1048700001F00EF90346002B01D00223D3E0FB68C0
:1048800093F83C30012B01D10223CCE0FB680122DC
:1048900083F83C20FB681B681B6803F00103012BB5
:1048A00007D0FB681B681A68FB681B6842F00102AE
:1048B0001A60FB681B681A68FB681B6822F40062B8
:1048C0001A60FB68212283F83D20FB68102283F8E0
:1048D0003E20FB6800221A64FB687A685A62FB6813
:1048E0003A895A85FB685B8D9AB2FB681A85FB682A
:1048F000504ADA6279897B693A6AF86800F0FAFD11
:104900000346002B01D001238DE000233B61FB68AF
:104910001B685B693B61FB681B689B693B613B698A
:1049200066E07A69396AF86801F0CCF90346002B31
:104930000DD0FB681B6C042B07D1FB681B681A6841
:10494000FB681B6842F400721A6001236BE0FB688D
:104950005B6A1A78FB681B681A61FB685B6A5A1C01
:10496000FB685A62FB685B8D9BB2013B9AB2FB68A5
:104970005A85FB681B8D013B9AB2FB681A85FB6860
:104980001B685B6903F00403042B1BD1FB681B8DC0
:10499000002B17D0FB685B6A1A78FB681B681A61EA
:1049A000FB685B6A5A1CFB685A62FB685B8D9BB2B2
:1049B000013B9AB2FB685A85FB681B8D013B9AB29A
:1049C000FB681A857A69396AF86801F0C3F9034609
:1049D000002B0DD0FB681B6C042B07D1FB681B68F8
:1049E0001A68FB681B6842F400721A6001231AE01F
:1049F000FB681B8D002B94D1FB681B681A68FB6851
:104A00001B6842F400721A60FB68202283F83D2084
:104A1000FB68002283F83E20FB68002283F83C20DC
:104A2000002300E0022318461837BD4680BD00BFB2
:104A3000020010000000FFFF80B58CB002AFF860EC
:104A40007A601A460B467B8113463B81EDF746F9A7
:104A50007862FB6893F83D30DBB2202B40F0178280
:104A60007B6A0093192301227C49F86801F010F851
:104A70000346002B01D002230AE2FB6893F83C3086
:104A8000012B01D1022303E2FB68012283F83C20C1
:104A9000FB681B681B6803F00103012B07D0FB6850
:104AA0001B681A68FB681B6842F001021A60FB6809
:104AB0001B681A68FB681B6822F400621A60FB68B6
:104AC000222283F83D20FB68102283F83E20FB68F9
:104AD00000221A64FB687A685A62FB683A895A8530
:104AE000FB685B8D9AB2FB681A85FB685C4ADA62E8
:104AF00079897B6A3A6BF86800F07EFD0346002BEB
:104B000001D00123C4E1FB681B8D002B13D10023CE
:104B10003B62FB681B685B693B62FB681B689B69C7
:104B20003B623B6AFB681B681A68FB681B6842F4BF
:104B300000721A6098E1FB681B8D012B1BD1FB688A
:104B40001B681A68FB681B6822F480621A600023E5
:104B5000FB61FB681B685B69FB61FB681B689B6909
:104B6000FB61FB69FB681B681A68FB681B6842F401
:104B700000721A6078E1FB681B8D022B1BD1FB6869
:104B80001B681A68FB681B6822F480621A60FB6865
:104B90001B681A68FB681B6842F400621A600023F5
:104BA000BB61FB681B685B69BB61FB681B689B6939
:104BB000BB61BB6958E1FB681B681A68FB681B682E
:104BC00042F480621A6000237B61FB681B685B69AA
:104BD0007B61FB681B689B697B617B6944E1FB68C7
:104BE0001B8D032B00F2F180FB681B8D012B23D161
:104BF0007A6A396BF86801F0F5F80346002B01D0AA
:104C0000012345E1FB681B681A69FB685B6AD2B245
:104C10001A70FB685B6A5A1CFB685A62FB681B8D42
:104C2000013B9AB2FB681A85FB685B8D9BB2013B26
:104C30009AB2FB685A8517E1FB681B8D022B4ED197
:104C40007B6A00933B6B00220649F86800F020FF66
:104C50000346002B08D001231AE100BF0200100018
:104C60000000FFFF04000100FB681B681A68FB6876
:104C70001B6842F400721A60FB681B681A69FB68C3
:104C80005B6AD2B21A70FB685B6A5A1CFB685A6294
:104C9000FB681B8D013B9AB2FB681A85FB685B8D34
:104CA0009BB2013B9AB2FB685A85FB681B681A6984
:104CB000FB685B6AD2B21A70FB685B6A5A1CFB68BD
:104CC0005A62FB681B8D013B9AB2FB681A85FB6830
:104CD0005B8D9BB2013B9AB2FB685A85C4E07B6A4C
:104CE00000933B6B00226C49F86800F0D1FE03464C
:104CF000002B01D00123CBE0FB681B681A68FB681E
:104D00001B6822F480621A60FB681B681A69FB68E2
:104D10005B6AD2B21A70FB685B6A5A1CFB685A6203
:104D2000FB681B8D013B9AB2FB681A85FB685B8DA3
:104D30009BB2013B9AB2FB685A857B6A00933B6B3E
:104D400000225549F86800F0A3FE0346002B01D06D
:104D500001239DE0FB681B681A68FB681B6842F42E
:104D600000721A60FB681B681A69FB685B6AD2B242
:104D70001A70FB685B6A5A1CFB685A62FB681B8DE1
:104D8000013B9AB2FB681A85FB685B8D9BB2013BC5
:104D90009AB2FB685A85FB681B681A69FB685B6AF4
:104DA000D2B21A70FB685B6A5A1CFB685A62FB68D5
:104DB0001B8D013B9AB2FB681A85FB685B8D9BB229
:104DC000013B9AB2FB685A854EE07A6A396BF86803
:104DD00001F008F80346002B01D0012358E0FB68DE
:104DE0001B681A69FB685B6AD2B21A70FB685B6A5F
:104DF0005A1CFB685A62FB681B8D013B9AB2FB6828
:104E00001A85FB685B8D9BB2013B9AB2FB685A85A1
:104E1000FB681B685B6903F00403042B24D1FB6867
:104E20001B8D032B07D1FB681B681A68FB681B6886
:104E300022F480621A60FB681B681A69FB685B6A6F
:104E4000D2B21A70FB685B6A5A1CFB685A62FB6834
:104E50001B8D013B9AB2FB681A85FB685B8D9BB288
:104E6000013B9AB2FB685A85FB681B8D002B7FF4CF
:104E7000B6AEFB68202283F83D20FB68002283F851
:104E80003E20FB68002283F83C20002300E0022340
:104E900018462837BD4680BD0400010080B588B0A3
:104EA00002AFF860084611461A4603467B810B465E
:104EB0003B811346FB80ECF711FF7861FB6893F8A8
:104EC0003D30DBB2202B40F0D9807B690093192361
:104ED00001226D49F86800F0DBFD0346002B01D08C
:104EE0000223CCE0FB6893F83C30012B01D1022374
:104EF000C5E0FB68012283F83C20FB681B681B6847
:104F000003F00103012B07D0FB681B681A68FB68DC
:104F10001B6842F001021A60FB681B681A68FB6894
:104F20001B6822F400621A60FB68212283F83D208E
:104F3000FB68402283F83E20FB6800221A64FB686D
:104F40003A6A5A62FB68BA8C5A85FB685B8D9AB2E2
:104F5000FB681A85FB684D4ADA62F8883A897989D4
:104F60007B690193BB6A00930346F86800F012FC6A
:104F70000346002B52D0012381E07A69B96AF868B0
:104F800000F0A0FE0346002B0DD0FB681B6C042B29
:104F900007D1FB681B681A68FB681B6842F4007243
:104FA0001A6001236BE0FB685B6A1A78FB681B6878
:104FB0001A61FB685B6A5A1CFB685A62FB681B8DAE
:104FC000013B9AB2FB681A85FB685B8D9BB2013B83
:104FD0009AB2FB685A85FB681B685B6903F004039F
:104FE000042B1BD1FB681B8D002B17D0FB685B6A61
:104FF0001A78FB681B681A61FB685B6A5A1CFB68BD
:105000005A62FB681B8D013B9AB2FB681A85FB68EC
:105010005B8D9BB2013B9AB2FB685A85FB681B8D86
:10502000002BAAD17A69B96AF86800F093FE0346AA
:10503000002B0DD0FB681B6C042B07D1FB681B6891
:105040001A68FB681B6842F400721A60012316E0BC
:10505000FB681B681A68FB681B6842F400721A60E0
:10506000FB68202283F83D20FB68002283F83E2065
:10507000FB68002283F83C20002300E0022318464E
:105080001837BD4680BD00BF020010000000FFFFC2
:1050900080B58CB002AFF860084611461A46034648
:1050A0007B810B463B811346FB80ECF717FE786251
:1050B000FB6893F83D30DBB2202B40F014827B6A12
:1050C0000093192301227B49F86800F0E1FC0346B4
:1050D000002B01D0022307E2FB6893F83C30012B40
:1050E00001D1022300E2FB68012283F83C20FB6827
:1050F0001B681B6803F00103012B07D0FB681B68CA
:105100001A68FB681B6842F001021A60FB681B68A2
:105110001A68FB681B6822F400621A60FB6822228E
:1051200083F83D20FB68402283F83E20FB68002284
:105130001A64FB683A6B5A62FB68BA8E5A85FB6840
:105140005B8D9AB2FB681A85FB685B4ADA62F88865
:105150003A8979897B6A0193BB6B00930346F868AF
:1051600000F0AEFB0346002B01D00123BCE1FB683D
:105170001B8D002B13D100233B62FB681B685B690E
:105180003B62FB681B689B693B623B6AFB681B6870
:105190001A68FB681B6842F400721A6090E1FB68B1
:1051A0001B8D012B1BD1FB681B681A68FB681B68F1
:1051B00022F480621A600023FB61FB681B685B6954
:1051C000FB61FB681B689B69FB61FB69FB681B68F3
:1051D0001A68FB681B6842F400721A6070E1FB6891
:1051E0001B8D022B1BD1FB681B681A68FB681B68B0
:1051F00022F480621A60FB681B681A68FB681B68EF
:1052000042F400621A600023BB61FB681B685B69A3
:10521000BB61FB681B689B69BB61BB6950E10023F4
:105220007B61FB681B685B697B61FB681B689B6932
:105230007B617B6944E1FB681B8D032B00F2F180ED
:10524000FB681B8D012B23D17A6AB96BF86800F0DB
:10525000C9FD0346002B01D0012345E1FB681B6813
:105260001A69FB685B6AD2B21A70FB685B6A5A1CE7
:10527000FB685A62FB681B8D013B9AB2FB681A857A
:10528000FB685B8D9BB2013B9AB2FB685A8517E1C4
:10529000FB681B8D022B4ED17B6A0093BB6B0022F7
:1052A0000649F86800F0F4FB0346002B08D0012300
:1052B0001AE100BF020010000000FFFF040001001F
:1052C000FB681B681A68FB681B6842F400721A606E
:1052D000FB681B681A69FB685B6AD2B21A70FB68CC
:1052E0005B6A5A1CFB685A62FB681B8D013B9AB2D1
:1052F000FB681A85FB685B8D9BB2013B9AB2FB6829
:105300005A85FB681B681A69FB685B6AD2B21A701F
:10531000FB685B6A5A1CFB685A62FB681B8D013B89
:105320009AB2FB681A85FB685B8D9BB2013B9AB20F
:10533000FB685A85C4E07B6A0093BB6B00226C4912
:10534000F86800F0A5FB0346002B01D00123CBE059
:10535000FB681B681A68FB681B6822F480621A608D
:10536000FB681B681A69FB685B6AD2B21A70FB683B
:105370005B6A5A1CFB685A62FB681B8D013B9AB240
:10538000FB681A85FB685B8D9BB2013B9AB2FB6898
:105390005A857B6A0093BB6B00225549F86800F080
:1053A00077FB0346002B01D001239DE0FB681B68BF
:1053B0001A68FB681B6842F400721A60FB681B687D
:1053C0001A69FB685B6AD2B21A70FB685B6A5A1C86
:1053D000FB685A62FB681B8D013B9AB2FB681A8519
:1053E000FB685B8D9BB2013B9AB2FB685A85FB68F8
:1053F0001B681A69FB685B6AD2B21A70FB685B6A49
:105400005A1CFB685A62FB681B8D013B9AB2FB6811
:105410001A85FB685B8D9BB2013B9AB2FB685A858B
:105420004EE07A6AB96BF86800F0DCFC0346002BAA
:1054300001D0012358E0FB681B681A69FB685B6AAE
:10544000D2B21A70FB685B6A5A1CFB685A62FB682E
:105450001B8D013B9AB2FB681A85FB685B8D9BB282
:10546000013B9AB2FB685A85FB681B685B6903F0D5
:105470000403042B24D1FB681B8D032B07D1FB688D
:105480001B681A68FB681B6822F480621A60FB685C
:105490001B681A69FB685B6AD2B21A70FB685B6AA8
:1054A0005A1CFB685A62FB681B8D013B9AB2FB6871
:1054B0001A85FB685B8D9BB2013B9AB2FB685A85EB
:1054C000FB681B8D002B7FF4B6AEFB68202283F8AF
:1054D0003D20FB68002283F83E20FB68002283F811
:1054E0003C20002300E0022318462837BD4680BD3B
:1054F0000400010080B588B002AFF8607A603B60BC
:105500000B467B81FB68DB6A7B617B69082B06D0DD
:105510007B69012B03D07B6913F5803F08D1FB68C1
:105520001B681A68FB681B6842F480721A600BE003
:10553000FB681B6B122B07D1FB681B681A68FB68A2
:105540001B6842F480721A603B6800937B680022FB
:105550004FF00111F86800F09BFA0346002B0DD0C4
:10556000FB681B681B6803F48073B3F5807F03D16D
:10557000FB684FF400721A64032335E0FB681B6973
:10558000B3F5804F08D17B89DBB21A46FB681B68F4
:1055900002F0FE021A611BE07B89DB11DBB203F033
:1055A0000603DBB263F00F03DAB2FB681B681A6113
:1055B0003B687A680E49F86800F0E4FA0346002B6D
:1055C00001D0012310E07B89DAB2FB681B681A6105
:1055D0003B687A680749F86800F0D4FA0346002B64
:1055E00001D0012300E0002318461837BD4680BDD6
:1055F000080001000200010080B588B002AFF86029
:105600007A603B600B467B81FB68DB6A7B61FB68F1
:105610001B681A68FB681B6842F480621A607B6929
:10562000082B06D07B69012B03D07B6913F5803FE3
:1056300008D1FB681B681A68FB681B6842F480721B
:105640001A600BE0FB681B6B112B07D1FB681B6812
:105650001A68FB681B6842F480721A603B6800930A
:105660007B6800224FF00111F86800F011FA034640
:10567000002B0DD0FB681B681B6803F48073B3F527
:10568000807F03D1FB684FF400721A64032379E032
:10569000FB681B69B3F5804F08D17B89DBB243F00F
:1056A0000103DAB2FB681B681A615FE07B89DB11DA
:1056B000DBB203F00603DBB263F00F03DAB2FB6880
:1056C0001B681A613B687A683049F86800F05AFA3A
:1056D0000346002B01D0012354E07B89DAB2FB683A
:1056E0001B681A613B687A682949F86800F04AFA31
:1056F0000346002B01D0012344E000233B61FB68FB
:105700001B685B693B61FB681B689B693B613B698C
:10571000FB681B681A68FB681B6842F480721A6099
:105720003B6800937B6800224FF00111F86800F09D
:10573000AFF90346002B0DD0FB681B681B6803F410
:105740008073B3F5807F03D1FB684FF400721A6455
:10575000032317E07B89DB11DBB203F00603DBB226
:1057600063F00E03DAB2FB681B681A613B687A6863
:105770000749F86800F006FA0346002B01D0012320
:1057800000E0002318461837BD4680BD0800010020
:105790000200010080B588B002AFF86008461146EB
:1057A0001A4603467B810B463B811346FB80FB6810
:1057B0001B681A68FB681B6842F480721A607B6A77
:1057C00000933B6A00224FF00111F86800F060F985
:1057D0000346002B0DD0FB681B681B6803F4807325
:1057E000B3F5807F03D1FB684FF400721A64032382
:1057F0005FE07B89DBB21A46FB681B6802F0FE02A1
:105800001A617B6A3A6A2D49F86800F0BBF90346D1
:10581000002B01D001234CE000237B61FB681B6857
:105820005B697B61FB681B689B697B617B697A6A4A
:10583000396AF86800F046FA0346002B0DD0FB6881
:105840001B6C042B07D1FB681B681A68FB681B687C
:1058500042F400721A6001232BE0FB88012B05D172
:105860003B89DAB2FB681B681A6121E03B891B0A9D
:105870009BB2DAB2FB681B681A617A6A396AF86807
:1058800000F020FA0346002B0DD0FB681B6C042BA4
:1058900007D1FB681B681A68FB681B6842F400723A
:1058A0001A60012305E03B89DAB2FB681B681A61C4
:1058B000002318461837BD4680BD00BF0200010016
:1058C00080B588B002AFF860084611461A46034614
:1058D0007B810B463B811346FB80FB681B681A6883
:1058E000FB681B6842F480621A60FB681B681A68D8
:1058F000FB681B6842F480721A607B6A00933B6A03
:1059000000224FF00111F86800F0C2F80346002BA6
:105910000DD0FB681B681B6803F48073B3F5807FB0
:1059200003D1FB684FF400721A640323AAE07B8959
:10593000DBB21A46FB681B6802F0FE021A617B6A42
:105940003A6A5249F86800F01DF90346002B01D06D
:10595000012397E000237B61FB681B685B697B6127
:10596000FB681B689B697B617B697A6A396AF868A6
:1059700000F0A8F90346002B0DD0FB681B6C042B2C
:1059800007D1FB681B681A68FB681B6842F4007249
:105990001A60012376E0FB88012B05D13B89DAB23E
:1059A000FB681B681A6121E03B891B0A9BB2DAB2D3
:1059B000FB681B681A617A6A396AF86800F082F934
:1059C0000346002B0DD0FB681B6C042B07D1FB6832
:1059D0001B681A68FB681B6842F400721A60012396
:1059E00050E03B89DAB2FB681B681A617A6A396A4F
:1059F000F86800F067F90346002B0DD0FB681B6CBC
:105A0000042B07D1FB681B681A68FB681B6842F40B
:105A100000721A60012335E0FB681B681A68FB6896
:105A20001B6842F480721A607B6A00933B6A002212
:105A30004FF00111F86800F02BF80346002B0DD051
:105A4000FB681B681B6803F48073B3F5807F03D188
:105A5000FB684FF400721A64032313E07B89DBB206
:105A600043F00103DAB2FB681B681A617B6A3A6A89
:105A70000649F86800F086F80346002B01D00123A0
:105A800000E0002318461837BD4680BD0200010023
:105A900080B584B000AFF860B9603B601346FB711D
:105AA00048E03B68B3F1FF3F44D0ECF717F90246FA
:105AB000BB69D31A3A689A4202D33B68002B39D1AA
:105AC000BB681B0CDBB2012B0DD1FB681B685B694B
:105AD000DA43BB6813409BB2002B0CBF01230023A9
:105AE000DBB21A460CE0FB681B689B69DA43BB68B3
:105AF00013409BB2002B0CBF01230023DBB21A46DC
:105B0000FB799A4216D1FB6800221A63FB682022B7
:105B100083F83D20FB68002283F83E20FB681B6C65
:105B200043F02002FB681A64FB68002283F83C20E3
:105B3000012323E0BB681B0CDBB2012B0DD1FB68FA
:105B40001B685B69DA43BB6813409BB2002B0CBF38
:105B500001230023DBB21A460CE0FB681B689B693B
:105B6000DA43BB6813409BB2002B0CBF0123002318
:105B7000DBB21A46FB799A4293D0002318461037BD
:105B8000BD4680BD80B584B000AFF860B9607A6072
:105B90003B6071E0FB681B685B6903F48063B3F5ED
:105BA000806F23D1FB681B681A68FB681B6842F48E
:105BB00000721A60FB681B686FF480625A61FB68B0
:105BC00000221A63FB68202283F83D20FB68002234
:105BD00083F83E20FB681B6C43F00402FB681A64E8
:105BE000FB68002283F83C20012367E07B68B3F167
:105BF000FF3F41D0ECF772F802463B68D31A7A684F
:105C00009A4202D37B68002B36D1BB681B0CDBB2F7
:105C1000012B0CD1FB681B685B69DA43BB6813403E
:105C20009BB2002B14BF01230023DBB20BE0FB6807
:105C30001B689B69DA43BB6813409BB2002B14BFFF
:105C400001230023DBB2002B16D0FB6800221A636D
:105C5000FB68202283F83D20FB68002283F83E2069
:105C6000FB681B6C43F02002FB681A64FB6800228F
:105C700083F83C20012321E0BB681B0CDBB2012B25
:105C80000CD1FB681B685B69DA43BB6813409BB2AD
:105C9000002B14BF01230023DBB20BE0FB681B6861
:105CA0009B69DA43BB6813409BB2002B14BF0123EE
:105CB0000023DBB2002B7FF46DAF002318461037B2
:105CC000BD4680BD80B584B000AFF860B9607A6031
:105CD00034E0F86800F0E3F80346002B01D001231C
:105CE00034E0BB68B3F1FF3F28D0EBF7F7FF024683
:105CF0007B68D31ABA689A4202D3BB68002B1DD1C5
:105D0000FB681B685B6903F08003802B16D0FB687F
:105D100000221A63FB68202283F83D20FB680022E2
:105D200083F83E20FB681B6C43F02002FB681A647A
:105D3000FB68002283F83C20012307E0FB681B6816
:105D40005B6903F08003802BC3D100231846103712
:105D5000BD4680BD80B584B000AFF860B9607A60A0
:105D600034E0F86800F09BF80346002B01D00123D3
:105D700034E0BB68B3F1FF3F28D0EBF7AFFF02463A
:105D80007B68D31ABA689A4202D3BB68002B1DD134
:105D9000FB681B685B6903F00403042B16D0FB68E7
:105DA00000221A63FB68202283F83D20FB68002252
:105DB00083F83E20FB681B6C43F02002FB681A64EA
:105DC000FB68002283F83C20012307E0FB681B6886
:105DD0005B6903F00403042BC3D10023184610377A
:105DE000BD4680BD80B584B000AFF860B9607A6010
:105DF00049E0FB681B685B6903F01003102B19D1A5
:105E0000FB681B686FF010025A61FB6800221A637E
:105E1000FB68202283F83D20FB68002283F83E20A7
:105E2000FB681A6CFB681A64FB68002283F83C204C
:105E3000012330E0EBF752FF02467B68D31ABA68C1
:105E40009A4202D3BB68002B1DD1FB681B685B69BB
:105E500003F04003402B16D0FB6800221A63FB6856
:105E6000202283F83D20FB68002283F83E20FB6857
:105E70001B6C43F02002FB681A64FB68002283F865
:105E80003C20012307E0FB681B685B6903F04003CB
:105E9000402BAED1002318461037BD4680BD80B4DC
:105EA00083B000AF78607B681B685B6903F4806334
:105EB000B3F5806F1BD17B681B686FF480625A61F9
:105EC0007B6800221A637B68202283F83D207B6870
:105ED000002283F83E207B681B6C43F004027B6841
:105EE0001A647B68002283F83C20012300E0002331
:105EF00018460C37BD465DF8047B704780B586B008
:105F000000AF78607B68002B01D1012367E27B68DA
:105F10001B6803F00103002B75D0884B9B6803F0CE
:105F20000C03042B0CD0854B9B6803F00C03082B4F
:105F300012D1824B5B6803F48003B3F5800F0BD161
:105F40007E4B1B6803F40033002B5BD07B685B68DF
:105F5000002B57D1012342E27B685B68B3F5803F99
:105F600006D1764B1B68754A43F4803313601DE0FD
:105F70007B685B68B3F5A02F0CD1704B1B686F4A30
:105F800043F4802313606D4B1B686C4A43F48033E9
:105F900013600BE0694B1B68684A23F4803313607D
:105FA000664B1B68654A23F4802313607B685B683B
:105FB000002B13D0EBF792FE386108E0EBF78EFE72
:105FC00002463B69D31A642B01D9032307E25B4BDA
:105FD0001B6803F40033002BF0D014E0EBF77EFED7
:105FE000386108E0EBF77AFE02463B69D31A642B6E
:105FF00001D90323F3E1514B1B6803F40033002B59
:10600000F0D100E000BF7B681B6803F00203002BA7
:1060100063D04A4B9B6803F00C03002B0BD0474B1B
:106020009B6803F00C03082B1CD1444B5B6803F402
:106030008003002B16D1414B1B6803F00203002B99
:1060400005D07B68DB68012B01D00123C7E13B4B06
:106050001B6823F0F8027B681B69DB003749134398
:106060000B603AE07B68DB68002B20D0344B0122C8
:106070001A60EBF733FE386108E0EBF72FFE0246BB
:106080003B69D31A022B01D90323A8E12B4B1B68D0
:1060900003F00203002BF0D0284B1B6823F0F8021A
:1060A0007B681B69DB00254913430B6015E0244B1B
:1060B00000221A60EBF712FE386108E0EBF70EFEE3
:1060C00002463B69D31A022B01D9032387E11B4BFC
:1060D0001B6803F00203002BF0D17B681B6803F000
:1060E0000803002B36D07B685B69002B16D0154B5C
:1060F00001221A60EBF7F2FD386108E0EBF7EEFDE4
:1061000002463B69D31A022B01D9032367E10B4BEB
:106110005B6F03F00203002BF0D01BE0094B002261
:106120001A60EBF7DBFD38610EE0EBF7D7FD0246B6
:106130003B69D31A022B07D9032350E100380240F0
:1061400000004742800E4742884B5B6F03F002031A
:10615000002BEAD17B681B6803F00403002B00F0DE
:1061600097800023FB75814B1B6C03F08053002B41
:106170000FD10023BB607D4B1B6C7C4A43F08053E6
:1061800013647A4B1B6C03F08053BB60BB68012324
:10619000FB75774B1B6803F48073002B18D1744B8D
:1061A0001B68734A43F480731360EBF797FD386103
:1061B00008E0EBF793FD02463B69D31A022B01D9A5
:1061C00003230CE16A4B1B6803F48073002BF0D0AF
:1061D0007B689B68012B06D1644B1B6F634A43F0BD
:1061E000010313671CE07B689B68052B0CD15F4B98
:1061F0001B6F5E4A43F0040313675C4B1B6F5B4AE3
:1062000043F0010313670BE0584B1B6F574A23F011
:1062100001031367554B1B6F544A23F004031367A4
:106220007B689B68002B15D0EBF758FD38610AE0BE
:10623000EBF754FD02463B69D31A41F28832934290
:1062400001D90323CBE0494B1B6F03F00203002B62
:10625000EED014E0EBF742FD38610AE0EBF73EFDCB
:1062600002463B69D31A41F28832934201D9032393
:10627000B5E03E4B1B6F03F00203002BEED1FB7D1C
:10628000012B05D1394B1B6C384A23F08053136422
:106290007B689B69002B00F0A180344B9B6803F066
:1062A0000C03082B5CD07B689B69022B41D1314BDE
:1062B00000221A60EBF712FD386108E0EBF70EFDE3
:1062C00002463B69D31A022B01D9032387E0274BEF
:1062D0001B6803F00073002BF0D17B68DA697B68E0
:1062E0001B6A1A437B685B6A9B011A437B689B6A43
:1062F0005B08013B1B041A437B68DB6A1B061B49D6
:1063000013434B601B4B01221A60EBF7E7FC38612B
:1063100008E0EBF7E3FC02463B69D31A022B01D9F4
:1063200003235CE0114B1B6803F00073002BF0D0DB
:1063300054E0104B00221A60EBF7D0FC386108E003
:10634000EBF7CCFC02463B69D31A022B01D903239D
:1063500045E0064B1B6803F00073002BF0D13DE0D5
:106360007B689B69012B07D1012338E0003802408C
:1063700000700040600047421B4B5B68FB607B681D
:106380009B69012B28D0FB6803F480027B68DB69E2
:106390009A4221D1FB6803F03F027B681B6A9A4254
:1063A0001AD1FA6847F6C07313407A68526A9201AC
:1063B000934211D1FB6803F440327B689B6A5B080F
:1063C000013B1B049A4207D1FB6803F070627B68B3
:1063D000DB6A1B069A4201D0012300E00023184625
:1063E0001837BD4680BD00BF0038024080B584B07C
:1063F00000AF786039607B68002B01D10123CCE0CD
:10640000684B1B6803F007033A689A420CD9654B46
:106410003A68D2B21A70634B1B6803F007033A68FC
:106420009A4201D00123B8E07B681B6803F00203A5
:10643000002B20D07B681B6803F00403002B05D0E1
:10644000594B9B68584A43F4E05393607B681B6840
:1064500003F00803002B05D0534B9B68524A43F4CA
:1064600060439360504B9B6823F0F0027B689B680D
:106470004D4913438B607B681B6803F00103002BBD
:1064800044D07B685B68012B07D1474B1B6803F442
:106490000033002B19D101237FE07B685B68022B5E
:1064A00003D07B685B68032B07D13F4B1B6803F06D
:1064B0000073002B09D101236FE03B4B1B6803F0F5
:1064C0000203002B01D1012367E0374B9B6823F0C7
:1064D00003027B685B68344913438B60EBF7FEFB78
:1064E000F8600AE0EBF7FAFB0246FB68D31A41F2C8
:1064F0008832934201D903234FE02B4B9B6803F072
:106500000C027B685B689B009A42EBD1254B1B68B1
:1065100003F007033A689A420CD2224B3A68D2B28F
:106520001A70204B1B6803F007033A689A4201D0A7
:10653000012332E07B681B6803F00403002B08D0C2
:10654000194B9B6823F4E0527B68DB6816491343C0
:106550008B607B681B6803F00803002B09D0124B8B
:106560009B6823F460427B681B69DB000E49134380
:106570008B6000F021F802460B4B9B681B0903F06F
:106580000F030A49CB5C22FA03F3094A1360094B53
:106590001B681846ECF778FA002318461037BD46FA
:1065A00080BD00BF003C02400038024028BA02080B
:1065B00038020020A40200202DE9B04F90B000AFB7
:1065C00000237B630023FB6300233B630023BB6347
:1065D000594B9B6803F00C03082B0DD0082B00F2DD
:1065E000A180002B02D0042B03D09BE0534BBB6354
:1065F0009BE0534BBB6398E04F4B5B6803F03F035A
:106600007B634D4B5B6803F48003002B28D04A4B1F
:106610005B689B0900223B627A623B6AC3F3080015
:106620000021474B03FB01F2002300FB03F313445B
:10663000434AA0FB0212FA620A46BA62FA6A13449B
:10664000FB627B6B0022BB61FA61D7E90623D7E9C5
:106650000A01EAF779FB02460B461346FB6353E057
:10666000354B5B689B0900223B617A613B69C3F350
:10667000080A4FF0000B52465B464FF000004FF007
:106680000001590141EAD261500102460B46B2EBCA
:106690000A0863EB0B094FF000024FF000034FEACA
:1066A000891343EA98634FEA8812B2EB080463EB5C
:1066B00009054FF000024FF00003EB0043EA54736A
:1066C000E20014461D4614EB0A033B6045EB0B0346
:1066D0007B604FF000024FF00003D7E900452946E8
:1066E0008B02214643EA915321468A0210461946FD
:1066F0007B6B0022BB60FA60D7E90223EAF724FB38
:1067000002460B461346FB630B4B5B681B0C03F006
:10671000030301335B003B63FA6B3B6BB2FBF3F3A8
:10672000BB6302E0054BBB6300BFBB6B1846403741
:10673000BD46BDE8B08F00BF003802400024F40021
:1067400040787D0180B400AF034B1B681846BD46FE
:106750005DF8047B704700BF3802002080B500AFB1
:10676000FFF7F0FF0246054B9B689B0A03F0070307
:106770000349CB5C22FA03F3184680BD003802407F
:1067800038BA020880B500AFFFF7DCFF0246054BC0
:106790009B685B0B03F007030349CB5C22FA03F30E
:1067A000184680BD0038024038BA020880B483B071
:1067B00000AF786039607B680F221A60124B9B68CB
:1067C00003F003027B685A600F4B9B6803F0F002F2
:1067D0007B689A600C4B9B6803F4E0527B68DA603C
:1067E000094B9B68DB0803F4E0527B681A61074B96
:1067F0001B6803F007023B681A6000BF0C37BD46F8
:106800005DF8047B704700BF00380240003C024046
:1068100080B586B000AF786000237B6100233B61C8
:106820007B681B6803F00103002B05D17B681B68A4
:1068300003F00403002B35D0624B00221A60EBF703
:106840004DFA786108E0EBF749FA02467B69D31A02
:10685000022B01D90323B0E05B4B1B6803F00063FC
:10686000002BF0D17B685B689A017B689B681B07F3
:1068700055491343C1F88430524B01221A60EBF79B
:106880002DFA786108E0EBF729FA02467B69D31A02
:10689000022B01D9032390E04B4B1B6803F00063EC
:1068A000002BF0D07B681B6803F00203002B00F084
:1068B00083800023FB60444B1B6C434A43F08053AE
:1068C0001364414B1B6C03F08053FB60FB683F4B30
:1068D0001B683E4A43F480731360EBF7FFF978615D
:1068E00008E0EBF7FBF902467B69D31A022B01D9CA
:1068F000032362E0354B1B6803F48073002BF0D058
:10690000314B1B6F03F440733B613B69002B2FD06D
:106910007B68DB6803F440733A699A4228D02A4BBB
:106920001B6F23F440733B61294B01221A60284BF3
:1069300000221A60244A3B691367234B1B6F03F044
:106940000103012B14D1EBF7C9F978610AE0EBF7E9
:10695000C5F902467B69D31A41F28832934201D9C4
:1069600003232AE0184B1B6F03F00203002BEED029
:106970007B68DB6803F44073B3F5407F0DD1124BA5
:106980009B6823F4F8127B68DB6823F0704323F4E0
:1069900040730D4913438B6005E00B4B9B680A4A1B
:1069A00023F4F8139360084B1A6F7B68DB68C3F31A
:1069B0000B03054913430B67002318461837BD46E0
:1069C00080BD00BF680047420038024000700040B0
:1069D000400E474280B584B000AF78600123FB735E
:1069E0007B68002B01D1012373E07B685B7FDBB206
:1069F000002B05D17B6800221A777868EBF7BAFC88
:106A00007B6802225A777B681B68DB6803F01003FF
:106A1000102B55D07B681B68CA225A627B681B68A2
:106A200053225A62786800F0D3FB0346FB73FB7B6A
:106A3000002B2CD17B681B689B687A68126823F452
:106A4000E00323F0400393607B681B6899687B68D0
:106A50005A687B681B691A437B685B691A437B68C9
:106A60001B680A439A607B681B687A68D2681A615F
:106A70007B681B6819697B689B681A047B681B68C4
:106A80000A431A61786800F0DAFB0346FB73FB7B6C
:106A9000002B10D17B681B681A6C7B681B6822F482
:106AA00080221A647B681B68196C7B689A697B6812
:106AB0001B680A431A647B681B68FF225A6201E064
:106AC0000023FB73FB7B002B02D17B6801225A77EA
:106AD000FB7B18461037BD4680BD90B587B000AF30
:106AE000F860B9607A6000237B61FB681B7F012B33
:106AF00001D1022387E0FB6801221A77FB6802229A
:106B00005A777B68002B26D1FB681B689B6803F0D3
:106B10004003002B02D1BB680022DA70BB681B78EF
:106B2000184600F0B1FB03461C04BB685B781846AE
:106B300000F0AAFB03461B021C43BB689B78184667
:106B400000F0A2FB034644EA0302BB68DB789B0526
:106B500013437B6118E0FB681B689B6803F04003EC
:106B6000002B02D1BB680022DA70BB681B781A04C4
:106B7000BB685B781B021343BA6892781A43BB6800
:106B8000DB789B0513437B61FB681B68CA225A6252
:106B9000FB681B6853225A62F86800F019FB034631
:106BA000FB74FB7C002B20D1FB681A687B6903F027
:106BB0007F3323F0FE431360FB681B689A68FB6811
:106BC0001B6822F480229A60FB681B689968BB6886
:106BD000DA68BB681B691A43FB681B680A439A6042
:106BE000F86800F02CFB0346FB74FB7C002B02D101
:106BF000FB6801225A77FB681B68FF225A62FB6818
:106C000000221A77FB7C18461C37BD4690BD80B524
:106C100086B000AFF860B9607A6000237B61FB68E2
:106C20001B689A6ABB685A60FB681B681B69C3F3E0
:106C30000E02BB689A60FB681B681B6803F07F3319
:106C400023F0FE437B617B691B0CDBB203F03F0347
:106C5000DAB2BB681A707B691B0ADBB203F07F03F0
:106C6000DAB2BB685A707B69DBB203F07F03DAB239
:106C7000BB689A707B699B0DDBB203F00103DAB24B
:106C8000BB68DA707B68002B1AD1BB681B7818468A
:106C900000F018FB03461A46BB681A70BB685B78A5
:106CA000184600F00FFB03461A46BB685A70BB68D3
:106CB0009B78184600F006FB03461A46BB689A709C
:106CC000002318461837BD4680BD90B587B000AF89
:106CD000F860B9607A6000237B61FB681B7F012B41
:106CE00001D1022371E0FB6801221A77FB680222BE
:106CF0005A777B68002B0ED1BB685B7803F01003DA
:106D0000002B08D0BB685B7823F01003DBB20A339A
:106D1000DAB2BB685A707B68002B1CD1BB68DB7889
:106D2000184600F0B1FA03461C04BB685B781846AD
:106D300000F0AAFA03461B021C43BB689B78184666
:106D400000F0A2FA034644EA0302BB681B785B0327
:106D500013437B610EE0BB68DB781A04BB685B7889
:106D60001B021343BA6892781A43BB681B785B0313
:106D700013437B61FB681B68CA225A62FB681B686D
:106D800053225A62F86800F023FA0346FB74FB7C36
:106D9000002B0CD1FB681A687B6923F07F4323F03A
:106DA000C0035360F86800F04AFA0346FB74FB7CAA
:106DB000002B02D1FB6801225A77FB681B68FF2277
:106DC0005A62FB6800221A77FB7C18461C37BD46C6
:106DD00090BD80B586B000AFF860B9607A600023DE
:106DE0007B61FB681B685B6823F07F4323F0C00373
:106DF0007B617B691B0CDAB2BB68DA707B691B0AAA
:106E0000DBB203F01F03DAB2BB685A707B69DBB2F6
:106E100003F03F03DAB2BB689A707B695B0BDBB2AD
:106E200003F00703DAB2BB681A707B68002B1AD133
:106E3000BB68DB78184600F045FA03461A46BB6883
:106E4000DA70BB685B78184600F03CFA03461A46D5
:106E5000BB685A70BB689B78184600F033FA03464B
:106E60001A46BB689A70002318461837BD4680BD85
:106E700090B589B000AFF860B9607A609B4B1B6831
:106E80009B4AA2FB0323DB0A4FF47A7202FB03F353
:106E90007B610023FB610023BB61FB681B7F012B2F
:106EA00001D102231EE1FB6801221A77FB6802224E
:106EB0005A777B68002B37D1FB681B689B6803F00F
:106EC0004003002B02D1BB680022DA70BB681B783C
:106ED000184600F0D9F903461C04BB685B781846D5
:106EE00000F0D2F903461B021C43BB689B7818468E
:106EF00000F0CAF9034644EA0302BB68DB789B054D
:106F000042EA0304BB6893F82030184600F0BCF94D
:106F100003461B0644EA0302BB68DB691A43BB68ED
:106F20005B691343FB6123E0FB681B689B6803F00C
:106F30004003002B02D1BB680022DA70BB681B78CB
:106F40001A04BB685B781B021343BA6892781A4331
:106F5000BB68DB789B051A43BB6893F820301B069F
:106F60001A43BB68DB691A43BB685B691343FB6167
:106F7000BB685A68BB689B691343BB61FB681B68AD
:106F8000CA225A62FB681B6853225A62BB685B6A5A
:106F9000B3F5807F42D1FB681B689A68FB681B6869
:106FA00022F480729A60FB681B68DB68DAB2FB68C7
:106FB0001B6862F4C072DA607B69013B7B617B69AC
:106FC000002B0BD1FB681B68FF225A62FB6803226F
:106FD0005A77FB6800221A77032383E0FB681B685B
:106FE000DB6803F00103002BE6D0FB681B68FA693D
:106FF000DA61FB681B68BA695A64FB681B689A68A7
:10700000FB681B6842F480729A60FB681B689A6890
:10701000FB681B6842F480529A604CE0FB681B6876
:107020009A68FB681B6822F400729A60FB681B6810
:10703000DB68DAB2FB681B6862F42072DA602B4B03
:107040001B682B4AA2FB0323DB0A4FF47A7202FB74
:1070500003F37B617B69013B7B617B69002B0BD177
:10706000FB681B68FF225A62FB6803225A77FB68A1
:1070700000221A77032335E0FB681B68DB6803F006
:107080000203002BE6D0FB681B68FA691A62FB68F2
:107090001B68BA699A64FB681B689A68FB681B687E
:1070A00042F400729A60FB681B689A68FB681B6870
:1070B00042F400529A600F4B1B680E4A43F40033AF
:1070C00013600C4B9B680B4A43F400339360FB68DE
:1070D0001B68FF225A62FB6801225A77FB68002274
:1070E0001A77002318462437BD4690BD3802002089
:1070F000D34D6210003C014080B582B000AF786093
:107100001F4B4FF400325A617B681B689B6803F485
:107110008053002B12D07B681B68DB6803F48073FC
:10712000002B0BD07B681B68DB68DAB27B681B68BE
:1071300062F4C072DA607868EAF7A2FF7B681B68C5
:107140009B6803F40053002B12D07B681B68DB683C
:1071500003F40073002B0BD07B681B68DB68DAB28A
:107160007B681B6862F42072DA60786800F0C8F807
:107170007B6801225A7700BF0837BD4680BD00BF3B
:10718000003C014080B584B000AF78600023FB6014
:107190007B681B680D4ADA60EAF7A0FDF86009E039
:1071A000EAF79CFD0246FB68D31AB3F57A7F01D952
:1071B000032307E07B681B68DB6803F02003002BD8
:1071C000EED0002318461037BD4680BD5F7F01001A
:1071D00080B584B000AF78600023BB600023FB73F0
:1071E0007B681B68DB6803F04003002B22D17B68BF
:1071F0001B68DA687B681B6842F08002DA60EAF795
:107200006DFDB8600CE0EAF769FD0246BB68D31A71
:10721000B3F57A7F04D97B6804225A770123FB7384
:107220007B681B68DB6803F04003002B02D1FB7B0B
:10723000012BE8D1FB7B18461037BD4680BD80B5D9
:1072400084B000AF78600023FB737B681B68DA684A
:107250007B681B6822F08002DA607B681B689B6891
:1072600003F02003002B0AD17868FFF78BFF034659
:10727000002B04D07B6804225A770123FB73FB7B2D
:1072800018461037BD4680BD80B485B000AF0346B8
:10729000FB710023FB6005E0FB680133FB60FB79B9
:1072A0000A3BFB71FB79092BF6D8FB68DBB21B01AB
:1072B000DAB2FB791343DBB218461437BD465DF8EA
:1072C000047B704780B485B000AF0346FB71002398
:1072D000FB60FB791B09DBB21A4613469B00134483
:1072E0005B00FB60FB68DAB2FB7903F00F03DBB2F3
:1072F0001344DBB218461437BD465DF8047B704773
:1073000080B483B000AF786000BF0C37BD465DF835
:10731000047B704780B582B000AF78607B68002B3B
:1073200001D1012322E07B6893F83430DBB2002BDB
:1073300005D17B6800221A777868EBF74DF87B68F7
:10734000032283F83420786800F014F80346002BF9
:1073500001D001230AE07B6800229A637B68002247
:107360001A637B68012283F834200023184608370B
:10737000BD4680BDB0B58EB004AF78600023BB6061
:107380000023FB6000233B6100237B610023BB6182
:107390007623FB617B681D686C4607F1140393E854
:1073A000070084E8070007F108030ECB284603F026
:1073B000FDFE034687F8273097F82730002B01D0D1
:1073C00001234FE0294B00221A607B681B68184696
:1073D00003F035FF254B01221A600220EAF798FCE2
:1073E000786801F097F838623B6A002B0BD07B6815
:1073F000012283F834207B689A6B3B6A1A437B68CE
:107400009A6301232EE0786800F0B6FF38623B6A89
:10741000002B0BD07B68012283F834207B689A6BA9
:107420003B6A1A437B689A6301231BE07B681B68F5
:107430004FF40071184603F0A2FF38623B6A002B3C
:107440000FD07B681B680A4A9A637B689A6B3B6A19
:107450001A437B689A637B68012283F834200123F6
:1074600000E0002318462837BD46B0BDA080254265
:10747000FF05400080B582B000AF78607B68002BCC
:1074800001D1012311E07B68032283F8342078685E
:1074900001F0CEF87868EBF7ABF87B6800229A63CE
:1074A0007B68002283F83420002318460837BD4645
:1074B00080BD000080B592B000AFF860B9607A601E
:1074C0003B60EAF70BFC38637B68BB63BB687B639C
:1074D000BB68002B07D1FB689B6B43F00062FB6825
:1074E0009A630123C5E1FB6893F83430DBB2012BCA
:1074F00040F0B881FB6800229A63BA6B3B681A447B
:10750000FB68DB6D9A4207D9FB689B6B43F0007206
:10751000FB689A630123ACE1FB68032283F8342003
:10752000FB681B680022DA62FB685B6C012B02D0EF
:10753000BB6B5B02BB634FF0FF337B613B685B025D
:10754000BB619023FB6102233B6200237B6201232A
:10755000BB62FB681B6807F114021146184603F072
:10756000E2FE3B68012B0AD9FB6802221A63FB6822
:107570001B68B96B184603F046FF786409E0FB68A6
:1075800001221A63FB681B68B96B184603F019FFE8
:1075900078647B6C002B12D0FB681B687E4A9A6370
:1075A000FB689A6B7B6C1A43FB689A63FB68012249
:1075B00083F83420FB6800221A63012359E1BB6978
:1075C000FB6361E0FB681B685B6B03F40043002B0B
:1075D0003CD0FB6B002B39D000233B6433E0FB68CD
:1075E0001B68184603F00DFEF862FB6ADAB27B6B8B
:1075F0001A707B6B01337B63FB6B013BFB63FB6AA4
:107600001B0ADAB27B6B1A707B6B01337B63FB6BFB
:10761000013BFB63FB6A1B0CDAB27B6B1A707B6B62
:1076200001337B63FB6B013BFB63FB6A1B0EDAB22E
:107630007B6B1A707B6B01337B63FB6B013BFB63E2
:107640003B6C01333B643B6C072BC8D9EAF746FB24
:1076500002463B6BD31A3A6D9A4202D93B6D002B1E
:1076600012D1FB681B684C4A9A63FB689B6B43F022
:107670000042FB689A63FB68012283F83420FB68B0
:1076800000221A630323F4E0FB681B685A6B40F284
:107690002A331340002B95D0FB681B685B6B03F407
:1076A0008073002B22D03B68012B1FD9FB685B6CD9
:1076B000032B1BD0FB681B68184603F00BFF786494
:1076C0007B6C002B12D0FB681B68334A9A63FB6803
:1076D0009A6B7B6C1A43FB689A63FB68012283F800
:1076E0003420FB6800221A630123C2E0FB681B6898
:1076F0005B6B03F00803002B06D1FB681B685B6B18
:1077000003F40073002B12D0FB681B68224A9A63B3
:10771000FB689B6B43F00802FB689A63FB680122DD
:1077200083F83420FB6800221A630123A1E0FB6880
:107730001B685B6B03F00203002B12D0FB681B6815
:10774000154A9A63FB689B6B43F00202FB689A63DD
:10775000FB68012283F83420FB6800221A630123AE
:1077600087E0FB681B685B6B03F02003002B64D091
:10777000FB681B68084A9A63FB689B6B43F0200216
:10778000FB689A63FB68012283F83420FB680022BF
:107790001A6301236DE000BFFF054000FB681B6812
:1077A000184603F02EFDF862FB6ADAB27B6B1A70A2
:1077B0007B6B01337B63FB6B013BFB63FB6A1B0A47
:1077C000DAB27B6B1A707B6B01337B63FB6B013B23
:1077D000FB63FB6A1B0CDAB27B6B1A707B6B0133A9
:1077E0007B63FB6B013BFB63FB6A1B0EDAB27B6BBB
:1077F0001A707B6B01337B63FB6B013BFB63EAF726
:107800006DFA02463B6BD31A3A6D9A4202D93B6D30
:10781000002B12D1FB681B68184A9A63FB689B6BAC
:1078200043F00042FB689A63FB68012283F834202E
:10783000FB6800221A6301231BE0FB681B685B6B7B
:1078400003F40013002B02D0FB6B002BA6D1FB68C6
:107850001B6840F23A529A63FB68012283F8342095
:10786000002306E0FB689B6B43F00052FB689A63C1
:10787000012318464837BD4680BD00BFFF054000C4
:1078800080B592B000AFF860B9607A603B60EAF70B
:1078900025FA38637B68BB63BB687B63BB68002BDE
:1078A00007D1FB689B6B43F00062FB689A6301237E
:1078B0006DE1FB6893F83430DBB2012B40F060815E
:1078C000FB6800229A63BA6B3B681A44FB68DB6D65
:1078D0009A4207D9FB689B6B43F00072FB689A637E
:1078E000012354E1FB68032283F83420FB681B6802
:1078F0000022DA62FB685B6C012B02D0BB6B5B027F
:10790000BB634FF0FF33BB613B685B02FB619023BD
:107910003B6200237B620023BB620123FB62FB68A6
:107920001B6807F118021146184603F0FCFC3B687F
:10793000012B0AD9FB6820221A63FB681B68B96B0C
:10794000184603F0A4FD786409E0FB6810221A636E
:10795000FB681B68B96B184603F077FD78647B6C95
:10796000002B12D0FB681B688B4A9A63FB689A6BEA
:107970007B6C1A43FB689A63FB68012283F834200E
:10798000FB6800221A63012301E1FB69FB6365E0E8
:10799000FB681B685B6B03F48043002B40D0FB6BE0
:1079A000002B3DD000233B6437E07B6B1B787B6171
:1079B0007B6B01337B63FB6B013BFB637B6B1B7856
:1079C0001A027B6913437B617B6B01337B63FB6B27
:1079D000013BFB637B6B1B781A047B6913437B6160
:1079E0007B6B01337B63FB6B013BFB637B6B1B7826
:1079F0001A067B6913437B617B6B01337B63FB6BF3
:107A0000013BFB63FB681B6807F114021146184633
:107A100003F004FC3B6C01333B643B6C072BC4D983
:107A2000EAF75CF902463B6BD31A3A6D9A4202D9E7
:107A30003B6D002B12D1FB681B68574A9A63FB68A9
:107A40009A6B7B6C1A43FB689A63FB68012283F88C
:107A50003420FB6800221A63032398E0FB681B684C
:107A60005A6B40F21A331340002B91D0FB681B680D
:107A70005B6B03F48073002B22D03B68012B1FD972
:107A8000FB685B6C032B1BD0FB681B68184603F07C
:107A900021FD78647B6C002B12D0FB681B683E4A8A
:107AA0009A63FB689A6B7B6C1A43FB689A63FB686A
:107AB000012283F83420FB6800221A63012366E068
:107AC000FB681B685B6B03F00803002B06D1FB68A7
:107AD0001B685B6B03F40073002B12D0FB681B6800
:107AE0002D4A9A63FB689B6B43F00802FB689A631C
:107AF000FB68012283F83420FB6800221A6301230B
:107B000045E0FB681B685B6B03F00203002B12D09F
:107B1000FB681B68204A9A63FB689B6B43F0020278
:107B2000FB689A63FB68012283F83420FB6800221B
:107B30001A6301232BE0FB681B685B6B03F01003E7
:107B4000002B12D0FB681B68134A9A63FB689B6B7F
:107B500043F01002FB689A63FB68012283F834202B
:107B6000FB6800221A63012311E0FB681B6840F2E6
:107B70003A529A63FB68012283F83420002306E01E
:107B8000FB689B6B43F00052FB689A630123184625
:107B90004837BD4680BD00BFFF05400080B584B0BA
:107BA00000AF78607B681B6BFB607B681B685B6B5E
:107BB00003F40043002B08D0FB6803F00803002BFC
:107BC00003D0786800F069FD65E17B681B685B6B3A
:107BD00003F48073002B00F08F807B681B684FF4E8
:107BE00080729A637B681B68DB6B7A68126823F487
:107BF000434323F03A03D3637B681B68DA6A7B68EC
:107C00001B6822F00102DA62FB6803F00803002B14
:107C100039D0FB6803F00203002B04D1FB6803F0AA
:107C20002003002B11D07B681B68184603F052FC20
:107C3000B860BB68002B08D07B689A6BBB681A439E
:107C40007B689A63786800F02FF97B681B6840F2C4
:107C50003A529A637B68012283F834207B680022C1
:107C60001A63FB6803F00103002B04D1FB6803F0E7
:107C70000203002B03D0786804F078F80BE17868F1
:107C800004F06AF807E1FB6803F08003002B00F0C2
:107C90000281FB6803F02003002B11D07B681B6876
:107CA000184603F017FCB860BB68002B08D07B684F
:107CB0009A6BBB681A437B689A63786800F0F4F8A3
:107CC000FB6803F00103002B40F0E580FB6803F044
:107CD0000203002B40F0DF807B681B68DA6A7B6858
:107CE0001B6822F00802DA627B68012283F83420E4
:107CF000786804F031F8CEE07B681B685B6B03F4B6
:107D00008043002B08D0FB6803F00803002B03D04E
:107D1000786800F013FDBEE07B681B685A6B40F288
:107D20003A231340002B00F0B6807B681B685B6B26
:107D300003F00203002B05D07B689B6B43F002022B
:107D40007B689A637B681B685B6B03F00803002BFE
:107D500005D07B689B6B43F008027B689A637B6865
:107D60001B685B6B03F02003002B05D07B689B6BCB
:107D700043F020027B689A637B681B685B6B03F0AF
:107D80001003002B05D07B689B6B43F010027B68CF
:107D90009A637B681B685B6B03F40073002B05D050
:107DA0007B689B6B43F008027B689A637B681B6867
:107DB00040F23A729A637B681B68DB6B7A681268E0
:107DC00023F44E7323F00203D3637B681B681846C9
:107DD00003F080FB02467B689B6B1A437B689A63C7
:107DE000FB6803F00803002B0AD07B68012283F8AC
:107DF00034207B6800221A63786800F055F84AE066
:107E0000FB6803F08003002B45D0FB6803F01003F0
:107E1000002B04D1FB6803F02003002B11D07B68FA
:107E2000DB6B1F4A1A657B68DB6B1846FBF770FB40
:107E30000346002B2FD07B68DB6B184600F02EFA30
:107E400029E0FB6803F00103002B04D1FB6803F079
:107E50000203002B11D07B681B6C124A1A657B68E9
:107E60001B6C1846FBF754FB0346002B13D07B68B2
:107E70001B6C184600F049FA0DE07B6800229A63FB
:107E80007B68012283F834207B6800221A637868BB
:107E900003F058FFFFE700BF1037BD4680BD00BFAD
:107EA0009D8201080B83010880B483B000AF786025
:107EB00000BF0C37BD465DF8047B704780B483B0CB
:107EC00000AF786039607B685B6E9B0FDAB23B680D
:107ED0001A707B685B6E9B0EDBB203F00F03DAB2A5
:107EE0003B685A707B685B6E1B0EDBB203F00303CA
:107EF000DAB23B689A707B685B6E1B0CDAB23B6847
:107F0000DA707B685B6E1B0ADAB23B681A717B68B9
:107F10005B6EDAB23B685A717B689B6E1B0D9AB23E
:107F20003B68DA807B689B6E1B0CDBB203F00F03AF
:107F3000DAB23B681A727B689B6EDB0BDBB203F034
:107F40000103DAB23B685A727B689B6E9B0BDBB213
:107F500003F00103DAB23B689A727B689B6E5B0B9D
:107F6000DBB203F00103DAB23B68DA727B689B6E26
:107F70001B0BDBB203F00103DAB23B681A733B68F8
:107F800000225A737B685B6C002B63D17B689B6E0D
:107F90009A0040F6FC7313407A68D26E920F1A432F
:107FA0003B681A617B68DB6EDB0EDBB203F0070314
:107FB000DAB23B681A757B68DB6E1B0EDBB203F02E
:107FC0000703DAB23B685A757B68DB6E5B0DDBB288
:107FD00003F00703DAB23B689A757B68DB6E9B0C93
:107FE000DBB203F00703DAB23B68DA757B68DB6E5D
:107FF000DB0BDBB203F00703DAB23B681A763B68AF
:108000001B695A1C7B685A653B681B7EDBB203F018
:1080100007030233012202FA03F37A68526D03FB6D
:1080200002F27B685A653B681B7ADBB203F00F03F0
:1080300001229A407B689A657B685B6D7A68926DD5
:10804000520A03FB02F27B68DA657B684FF4007228
:108050001A6631E07B685B6C012B1DD17B689B6EDF
:108060001B0403F47C127B68DB6E1B0C1A433B6819
:108070001A613B681B6901339A027B685A657B6809
:108080005A6D7B68DA657B684FF400729A657B688D
:108090009A6D7B681A660FE07B681B68584A9A6382
:1080A0007B689B6B43F080527B689A637B680122FC
:1080B00083F8342001239DE07B68DB6E9B0BDBB2F1
:1080C00003F00103DAB23B685A767B68DB6EDB09AA
:1080D000DBB203F07F03DAB23B689A767B68DB6E33
:1080E000DBB203F07F03DAB23B68DA767B681B6FA2
:1080F000DB0FDAB23B681A777B681B6F5B0FDBB272
:1081000003F00303DAB23B685A777B681B6F9B0E60
:10811000DBB203F00703DAB23B689A777B681B6F28
:108120009B0DDBB203F00F03DAB23B68DA777B68B2
:108130001B6F5B0DDBB203F00103DAB23B6883F81F
:1081400020203B68002283F821207B681B6F1B0CDA
:10815000DBB203F00103DAB23B6883F822207B68CC
:108160001B6FDB0BDBB203F00103DAB23B6883F871
:1081700023207B681B6F9B0BDBB203F00103DAB299
:108180003B6883F824207B681B6F5B0BDBB203F03A
:108190000103DAB23B6883F825207B681B6F1B0B59
:1081A000DBB203F00103DAB23B6883F826207B6878
:1081B0001B6F9B0ADBB203F00303DAB23B6883F860
:1081C00027207B681B6F1B0ADBB203F00303DAB2C4
:1081D0003B6883F828207B681B6F5B08DBB203F0E9
:1081E0007F03DAB23B6883F829203B68012283F8D9
:1081F0002A20002318460C37BD465DF8047B7047E3
:10820000FF05400080B483B000AF786039607B68C0
:108210005A6C3B681A607B689A6C3B685A607B6852
:10822000DA6C3B689A607B681A6D3B68DA607B6841
:108230005A6D3B681A617B689A6D3B685A617B682E
:10824000DA6D3B689A617B681A6E3B68DA610023DD
:1082500018460C37BD465DF8047B704780B586B084
:1082600000AF78600023FB6007F10C0319467868C3
:1082700000F0EBF978617B69002B05D07B689A6B85
:108280007B691A437B689A63FB685B0A03F00F0300
:108290003B613B6918461837BD4680BD80B584B048
:1082A00000AF78607B689B6BFB60FB681B6840F2EB
:1082B0003A529A63F868FFF7D1FFB860FB68012271
:1082C00083F83420FB6800221A63BB68062B02D0B7
:1082D000BB68052B0AD1FB681B68184603F0FAF847
:1082E0000246FB689B6B1A43FB689A63FB689B6BB7
:1082F000002B03D1F86803F025FD02E0F868FFF7D2
:10830000D3FD00BF1037BD4680BD80B584B000AF3F
:1083100078607B689B6BFB60FB681B6840F23A529D
:108320009A63F868FFF79AFFB860FB68012283F848
:108330003420FB6800221A63BB68062B02D0BB689E
:10834000052B0AD1FB681B68184603F0C3F80246E8
:10835000FB689B6B1A43FB689A63FB689B6B002B63
:1083600003D1F86803F0EEFC02E0F868FFF79CFD2B
:1083700000BF1037BD4680BDB0B594B004AF786083
:108380000123FB817B681B68184602F074FF0346DB
:10839000002B02D14FF08063B8E07B685B6C032B4D
:1083A0002FD07B681B68184603F05BF9F863FB6B02
:1083B000002B01D0FB6BA9E07B681B6800211846ED
:1083C00002F09EFF02467B685A677B681B680421A7
:1083D000184602F095FF02467B689A677B681B6827
:1083E0000821184602F08CFF02467B68DA677B683A
:1083F0001B680C21184602F083FF02467B68C3F815
:1084000080207B685B6C032B0DD07B681B6807F1B9
:108410000E021146184603F061F9F863FB6B002B5E
:1084200001D0FB6B72E07B685B6C032B36D0FB8961
:108430001A467B681A657B681A687B681B6D1B048B
:108440001946104603F02BF9F863FB6B002B01D0A3
:10845000FB6B5BE07B681B680021184602F050FF55
:1084600002467B685A667B681B680421184602F046
:1084700047FF02467B689A667B681B68082118469E
:1084800002F03EFF02467B68DA667B681B680C21BF
:10849000184602F035FF02467B681A677B681B6846
:1084A0000421184602F02CFF03461A0D7B68DA649B
:1084B00007F1100319467868FFF700FD0346002B0B
:1084C00002D04FF0805321E07B6819687B681B6DF8
:1084D0001B0400221C46154622462B46084603F084
:1084E0001BF8F863FB6B002B01D0FB6B0EE07B6885
:1084F0001D687B686C4603F1100207CA84E8070018
:1085000004330ECB284602F051FE002318464037B4
:10851000BD46B0BD80B586B000AF78600023BB60BB
:1085200000237B6100233B617B681B68184603F0D6
:1085300016F8F860FB68002B01D0FB6872E07B68DE
:108540001B68184603F029F8F860FB68002B0DD073
:108550007B6800229A647B681B68184602F0FFFF64
:10856000F860FB68002B04D0FB685BE07B680122AD
:108570009A647B689B6C012B37D17B681B68002158
:10858000184603F029F8F860FB68002B2DD04FF057
:10859000805347E07B681B680021184603F01CF8F5
:1085A000F860FB68002B01D0FB683BE07B681B6830
:1085B0001E49184603F032F8F860FB68002B02D021
:1085C0004FF080532EE07B681B680021184602F0B4
:1085D00097FE78617B69DB0F012B01D1012300E05D
:1085E00000233B61BB680133BB60BB684FF6FE7282
:1085F000934202D83B69002BCCD0BB684FF6FE7289
:10860000934202D94FF080730CE07B6903F0804302
:10861000002B03D07B6801225A6402E07B680022B1
:108620005A64002318461837BD4680BD000010C1AB
:1086300080B582B000AF78607B681B68184602F096
:108640000CFE00BF0837BD4680BD80B584B000AFCA
:10865000786039603B68002B02D14FF0006318E06E
:108660007B681A687B681B6D1B041946104603F073
:1086700056F8F860FB68002B01D0FB6809E07B68C6
:108680001B680021184602F03BFE02463B681A6058
:10869000002318461037BD4680BD80B586B000AFB8
:1086A00078607B689B6AFB607B68DB6A3B613B6947
:1086B000002B3FD000237B6133E07B681B681846AA
:1086C00002F09FFDB860BB68DAB2FB681A70FB6805
:1086D0000133FB603B69013B3B61BB681B0ADAB2BB
:1086E000FB681A70FB680133FB603B69013B3B612F
:1086F000BB681B0CDAB2FB681A70FB680133FB60C5
:108700003B69013B3B61BB681B0EDAB2FB681A7028
:10871000FB680133FB603B69013B3B617B690133D3
:108720007B617B69072BC8D97B68FA689A627B6892
:108730003A69DA6200BF1837BD4680BD80B586B0A1
:1087400000AF78607B681B6AFB607B685B6A3B619B
:108750003B69002B43D000237B6137E0FB681B782B
:10876000BB60FB680133FB603B69013B3B61FB681D
:108770001B781A02BB681343BB60FB680133FB60C4
:108780003B69013B3B61FB681B781A04BB681343E0
:10879000BB60FB680133FB603B69013B3B61FB68ED
:1087A0001B781A06BB681343BB60FB680133FB6090
:1087B0003B69013B3B617B681B6807F1080211467E
:1087C000184602F02BFD7B6901337B617B69072B27
:1087D000C4D97B68FA681A627B683A695A6200BF3A
:1087E0001837BD4680BD80B582B000AF78607B6829
:1087F000002B01D101237BE07B685B6A002B08D151
:108800007B685B68B3F5827F09D07B680022DA6100
:1088100005E07B6800221A617B6800225A617B6850
:1088200000229A627B6893F85130DBB2002B06D1AC
:108830007B68002283F850207868E9F70BFF7B689B
:10884000022283F851207B681B681A687B681B68CA
:1088500022F040021A607B685B6803F482727B68D6
:108860009B6803F404431A437B68DB6803F40063EA
:108870001A437B681B6903F002031A437B685B6938
:1088800003F001031A437B689B6903F400731A43E6
:108890007B68DB6903F038031A437B681B6A03F0CB
:1088A000800342EA03017B689B6A03F400527B6801
:1088B0001B680A431A607B689B691B0C03F0040168
:1088C0007B685B6A03F010027B681B680A435A608E
:1088D0007B681B68DA697B681B6822F40062DA61D6
:1088E0007B6800225A657B68012283F851200023AF
:1088F00018460837BD4680BD80B588B000AFF86027
:10890000B9603B601346FB80E9F7E8F9F861FB8842
:108910007B83FB6893F85130DBB2012B01D002233B
:108920002AE1BB68002B02D0FB88002B01D1012378
:1089300022E1FB6893F85030012B01D102231BE1A7
:10894000FB68012283F85020FB68032283F8512042
:10895000FB6800225A65FB68BA681A63FB68FA88EC
:108960009A86FB68FA88DA86FB6800229A63FB68BD
:1089700000229A87FB680022DA87FB6800225A648B
:10898000FB6800221A64FB689B68B3F5004F0FD1A7
:10899000FB681B681A68FB681B6822F040021A60BB
:1089A000FB681B681A68FB681B6842F480421A6007
:1089B000FB681B681B6803F04003402B07D0FB6873
:1089C0001B681A68FB681B6842F040021A60FB686B
:1089D000DB68B3F5006F52D1FB685B68002B02D0F7
:1089E0007B8B012B45D1FB681B6B1A88FB681B68CE
:1089F000DA60FB681B6B9A1CFB681A63FB68DB8EF2
:108A00009BB2013B9AB2FB68DA8632E0FB681B68D6
:108A10009B6803F00203022B12D1FB681B6B1A88C0
:108A2000FB681B68DA60FB681B6B9A1CFB681A63A7
:108A3000FB68DB8E9BB2013B9AB2FB68DA8618E0DA
:108A4000E9F74CF90246FB69D31A3A689A4203D80F
:108A50003B68B3F1FF3F02D13B68002B09D1FB68B3
:108A6000012283F85120FB68002283F85020032361
:108A700082E0FB68DB8E9BB2002BC7D153E0FB6822
:108A80005B68002B02D07B8B012B47D1FB681A6BF4
:108A9000FB681B680C3312781A70FB681B6B5A1C3E
:108AA000FB681A63FB68DB8E9BB2013B9AB2FB68E2
:108AB000DA8633E0FB681B689B6803F00203022B35
:108AC00013D1FB681A6BFB681B680C3312781A70A1
:108AD000FB681B6B5A1CFB681A63FB68DB8E9BB23E
:108AE000013B9AB2FB68DA8618E0E9F7F7F802462C
:108AF000FB69D31A3A689A4203D83B68B3F1FF3F47
:108B000002D13B68002B09D1FB68012283F8512078
:108B1000FB68002283F8502003232DE0FB68DB8EE6
:108B20009BB2002BC6D1FA693968F86800F0D2FE12
:108B30000346002B02D0FB6820225A65FB689B6825
:108B4000002B0AD100237B61FB681B68DB687B611B
:108B5000FB681B689B687B617B69FB68012283F86B
:108B60005120FB68002283F85020FB685B6D002BCE
:108B700001D0012300E0002318462037BD4680BD08
:108B800080B588B002AFF860B9603B601346FB80E7
:108B9000FB6893F85130DBB2012B01D0022304E1D2
:108BA000FB685B68B3F5827F12D1FB689B68002B82
:108BB0000ED1FB68042283F85120FA883B680093A9
:108BC0001346BA68B968F86800F0F3F80346ECE0B9
:108BD000E9F784F87861BB68002B02D0FB88002B92
:108BE00001D10123E1E0FB6893F85030012B01D162
:108BF0000223DAE0FB68012283F85020FB6804229C
:108C000083F85120FB6800225A65FB68BA689A63B2
:108C1000FB68FA889A87FB68FA88DA87FB68002283
:108C20001A63FB6800229A86FB680022DA86FB68DA
:108C300000221A64FB6800225A64FB689B68B3F543
:108C4000004F0FD1FB681B681A68FB681B6822F095
:108C500040021A60FB681B681A68FB681B6822F4F4
:108C600080421A60FB681B681B6803F04003402BBE
:108C700007D0FB681B681A68FB681B6842F040025B
:108C80001A60FB68DB68002B70D135E0FB681B685D
:108C90009B6803F00103012B15D1FB681B6803F1EE
:108CA0000C02FB689B6B1278D2B21A70FB689B6B4C
:108CB0005A1CFB689A63FB68DB8F9BB2013B9AB23C
:108CC000FB68DA8718E0E9F709F802467B69D31AEE
:108CD0003A689A4203D83B68B3F1FF3F02D13B6840
:108CE000002B09D1FB68012283F85120FB68002288
:108CF00083F85020032358E0FB68DB8F9BB2002BE6
:108D0000C4D138E0FB681B689B6803F00103012BAA
:108D100013D1FB681B68DA68FB689B6B92B21A8000
:108D2000FB689B6B9A1CFB689A63FB68DB8F9BB2AA
:108D3000013B9AB2FB68DA8718E0E8F7CFFF0246FA
:108D40007B69D31A3A689A4203D83B68B3F1FF3F74
:108D500002D13B68002B09D1FB68012283F8512026
:108D6000FB68002283F8502003231EE0FB68DB8FA2
:108D70009BB2002BC6D17A693968F86800F044FDCF
:108D80000346002B02D0FB6820225A65FB680122B3
:108D900083F85120FB68002283F85020FB685B6D4C
:108DA000002B01D0012300E0002318461837BD46F0
:108DB00080BD80B58AB000AFF860B9607A607B8012
:108DC00001237B62E8F78AFF3862FB6893F8513031
:108DD000FB77FB685B68BB617B88FB82FB7F012BB9
:108DE0000CD0BB69B3F5827F06D1FB689B68002B72
:108DF00002D1FB7F042B01D002237FE1BB68002B53
:108E000005D07B68002B02D07B88002B01D1012389
:108E100074E1FB6893F85030012B01D102236DE11E
:108E2000FB68012283F85020FB6893F85130DBB2D5
:108E3000042B03D0FB68052283F85120FB68002235
:108E40005A65FB687A689A63FB687A88DA87FB68F8
:108E50007A889A87FB68BA681A63FB687A88DA8628
:108E6000FB687A889A86FB6800221A64FB680022F5
:108E70005A64FB681B681B6803F04003402B07D053
:108E8000FB681B681A68FB681B6842F040021A60A6
:108E9000FB68DB68B3F5006F7ED1FB685B68002B75
:108EA00002D0FB8A012B6CD1FB681B6B1A88FB6814
:108EB0001B68DA60FB681B6B9A1CFB681A63FB6813
:108EC000DB8E9BB2013B9AB2FB68DA8659E0FB6805
:108ED0001B689B6803F00203022B1BD1FB68DB8E2F
:108EE0009BB2002B16D07B6A012B13D1FB681B6B46
:108EF0001A88FB681B68DA60FB681B6B9A1CFB68AE
:108F00001A63FB68DB8E9BB2013B9AB2FB68DA8680
:108F100000237B62FB681B689B6803F00103012B45
:108F200019D1FB68DB8F9BB2002B14D0FB681B6848
:108F3000DA68FB689B6B92B21A80FB689B6B9A1C89
:108F4000FB689A63FB68DB8F9BB2013B9AB2FB68BC
:108F5000DA8701237B62E8F7C1FE02463B6AD31A37
:108F60003A6B9A420DD83B6BB3F1FF3F09D0FB68D7
:108F7000012283F85120FB68002283F8502003234C
:108F8000BCE0FB68DB8E9BB2002BA0D1FB68DB8FC3
:108F90009BB2002B9BD182E0FB685B68002B02D068
:108FA000FB8A012B71D1FB681A6BFB681B680C33C1
:108FB00012781A70FB681B6B5A1CFB681A63FB68FB
:108FC000DB8E9BB2013B9AB2FB68DA865DE0FB6800
:108FD0001B689B6803F00203022B1CD1FB68DB8E2D
:108FE0009BB2002B17D07B6A012B14D1FB681A6B44
:108FF000FB681B680C3312781A70FB681B6B5A1CD9
:10900000FB681A63FB68DB8E9BB2013B9AB2FB687C
:10901000DA8600237B62FB681B689B6803F0010310
:10902000012B19D1FB68DB8F9BB2002B14D0FB689E
:109030001B68DA68FB689B6BD2B21A70FB689B6B8B
:109040005A1CFB689A63FB68DB8F9BB2013B9AB2A8
:10905000FB68DA8701237B62E8F740FE02463B6A41
:10906000D31A3A6B9A4203D83B6BB3F1FF3F02D15C
:109070003B6B002B09D1FB68012283F85120FB6870
:10908000002283F85020032338E0FB68DB8E9BB27C
:10909000002B9CD1FB68DB8F9BB2002B97D13A6AE7
:1090A000396BF86800F016FC0346002B08D0FB680B
:1090B00020225A65FB68002283F8502001231DE01E
:1090C000FB689B68002B0AD100233B61FB681B688F
:1090D000DB683B61FB681B689B683B613B69FB6825
:1090E000012283F85120FB68002283F85020FB689E
:1090F0005B6D002B01D0012300E0002318462837C8
:10910000BD4680BD80B586B000AFF860B9607A60BA
:109110007B80FB6893F85130FB75FB685B683B61B3
:10912000FB7D012B0CD03B69B3F5827F06D1FB6838
:109130009B68002B02D1FB7D042B01D00223CFE0E2
:10914000BB68002B05D07B68002B02D07B88002BEE
:1091500001D10123C4E0FB6893F85030012B01D109
:109160000223BDE0FB68012283F85020FB6893F8DE
:109170005130DBB2042B03D0FB68052283F8512069
:10918000FB6800225A65FB68BA681A63FB687A8834
:109190009A86FB687A88DA86FB687A689A63FB6845
:1091A0007A889A87FB687A88DA87FB6800221A64D3
:1091B000FB6800225A64FB6893F85130DBB2042B41
:1091C00008D1FB68DB6C484A1A64FB68DB6C474AD1
:1091D000DA6307E0FB68DB6C454A1A64FB68DB6C0A
:1091E000444ADA63FB68DB6C434ADA64FB68DB6C95
:1091F00000221A65FB68D86CFB681B680C331946A3
:10920000FB689B6B1A46FB68DB8F9BB2FAF7B8F8DA
:109210000346002B0BD0FB685B6D43F01002FB682C
:109220005A65FB68002283F85020012358E0FB6850
:109230001B685A68FB681B6842F001025A60FB68B1
:109240009B6C00221A64FB689B6C0022DA63FB684B
:109250009B6C0022DA64FB689B6C00221A65FB6839
:10926000986CFB681B6B1946FB681B680C331A462D
:10927000FB68DB8E9BB2FAF783F80346002B0BD01A
:10928000FB685B6D43F01002FB685A65FB680022C7
:1092900083F85020012323E0FB681B681B6803F060
:1092A0004003402B07D0FB681B681A68FB681B68EB
:1092B00042F040021A60FB68002283F85020FB68ED
:1092C0001B685A68FB681B6842F020025A60FB6802
:1092D0001B685A68FB681B6842F002025A60002350
:1092E00018461837BD4680BD5996010821950108DA
:1092F00075960108C99501089196010880B588B056
:1093000000AF78607B681B685B68FB617B681B68EB
:109310009B68BB61BB6903F04003002B0ED1BB69A6
:1093200003F00103002B09D0FB6903F04003002B7D
:1093300004D07B681B6C78689847CEE0BB6903F06B
:109340000203002B09D0FB6903F08003002B04D03B
:109350007B685B6C78689847BFE0BB6903F02003CB
:10936000002B0AD1BB6903F04003002B05D1BB6978
:1093700003F48073002B00F0B080FB6903F020033E
:10938000002B00F0AA80BB6903F04003002B23D020
:109390007B6893F85130DBB2032B11D07B685B6D97
:1093A00043F004027B685A6500237B617B681B687D
:1093B000DB687B617B681B689B687B617B690BE07A
:1093C00000233B617B681B68DB683B617B681B6833
:1093D0009B683B613B6980E0BB6903F02003002B85
:1093E00014D07B685B6D43F001027B685A650023F3
:1093F000FB607B681B689B68FB607B681B681A6866
:109400007B681B6822F040021A60FB68BB6903F4AA
:109410008073002B0CD07B685B6D43F008027B6887
:109420005A650023BB607B681B689B68BB60BB6898
:109430007B685B6D002B4FD07B681B685A687B682C
:109440001B6822F0E0025A607B68012283F85120F9
:10945000FB6903F00203002B04D1FB6903F0010355
:10946000002B34D07B681B685A687B681B6822F02D
:1094700003025A607B68DB6C002B11D07B68DB6CCD
:10948000174A1A657B68DB6C1846FAF741F8034601
:10949000002B05D07B685B6D43F040027B685A650A
:1094A0007B689B6C002B16D07B689B6C0C4A1A6502
:1094B0007B689B6C1846FAF72BF80346002B0AD002
:1094C0007B685B6D43F040027B685A6503E0786817
:1094D000E8F7EEFB00E000BF00BF2037BD4680BDCF
:1094E000D196010880B483B000AF786000BF0C371C
:1094F000BD465DF8047B704780B483B000AF7860F0
:1095000000BF0C37BD465DF8047B704780B483B064
:1095100000AF786000BF0C37BD465DF8047B704734
:1095200080B584B000AF78607B689B6BFB60E8F728
:10953000D5FBB8607B681B681B6803F48073B3F5C8
:10954000807F3BD0FB681B685A68FB681B6822F071
:1095500020025A60FB689B68002B0DD1FB685B689A
:10956000B3F5827F08D1FB681B685A68FB681B68EB
:1095700022F003025A6007E0FB681B685A68FB6828
:109580001B6822F001025A60BA686421F86800F092
:109590003BF90346002B02D0FB6820225A65FB688A
:1095A0000022DA87FB68012283F85120FB685B6D9B
:1095B000002B03D0F868E8F77BFB02E0F868FFF7C0
:1095C00091FF1037BD4680BD80B584B000AF786094
:1095D0007B689B6BFB60E8F781FBB8607B681B686E
:1095E0001B6803F48073B3F5807F2FD0FB681B6882
:1095F0005A68FB681B6822F020025A60BA6864212E
:10960000F86800F067F90346002B05D0FB685B6D36
:1096100043F02002FB685A65FB681B685A68FB68C8
:109620001B6822F003025A60FB680022DA86FB689E
:109630000022DA87FB68012283F85120FB685B6D0A
:10964000002B03D0F868E8F733FB02E0F868E8F78E
:109650000DFC1037BD4680BD80B584B000AF78608A
:109660007B689B6BFB60F868FFF746FF00BF103715
:10967000BD4680BD80B584B000AF78607B689B6BD1
:10968000FB60F868FFF742FF00BF1037BD4680BDA2
:1096900080B584B000AF78607B689B6BFB60FB6833
:1096A0001B685A68FB681B6822F003025A60FB685B
:1096B0005B6D43F01002FB685A65FB68012283F87A
:1096C0005120F868E8F7F4FA00BF1037BD4680BDB6
:1096D00080B584B000AF78607B689B6BFB60FB68F3
:1096E0000022DA87FB680022DA86F868E8F7E0FAF9
:1096F00000BF1037BD4680BD80B588B000AFF860B0
:10970000B9603B601346FB71E8F7E8FA0246BB6AB2
:109710009B1A3A681344FB61E8F7E0FAB861394BE9
:109720001B685B011B0DFA6902FB03F37B6154E0CC
:109730003B68B3F1FF3F50D0E8F7D0FA0246BB696F
:10974000D31AFA699A4202D9FB69002B3DD1FB6812
:109750001B685A68FB681B6822F0E0025A60FB68CD
:109760005B68B3F5827F11D1FB689B68B3F5004F4E
:1097700004D0FB689B68B3F5806F07D1FB681B685A
:109780001A68FB681B6822F040021A60FB689B6A3B
:10979000B3F5005F0FD1FB681B681A68FB681B6894
:1097A00022F400521A60FB681B681A68FB681B6889
:1097B00042F400521A60FB68012283F85120FB68D2
:1097C000002283F85020032317E07B69002B01D18E
:1097D0000023FB617B69013B7B61FB681B689A6826
:1097E000BB681340BA689A420CBF01230023DBB266
:1097F0001A46FB799A429BD1002318462037BD4672
:1098000080BD00BF3802002080B586B002AFF8608E
:10981000B9607A60FB685B68B3F5827F11D1FB6841
:109820009B68B3F5004F04D0FB689B68B3F5806F6D
:1098300007D1FB681B681A68FB681B6822F04002AE
:109840001A60FB685B68B3F5827F2AD1FB689B686E
:10985000B3F5806F12D07B680093BB680022802133
:10986000F868FFF749FF0346002B2DD0FB685B6DBE
:1098700043F02002FB685A65032326E07B680093CF
:10988000BB6800220121F868FFF736FF0346002B72
:109890001AD0FB685B6D43F02002FB685A65032316
:1098A00013E07B680093BB6800220121F868FFF792
:1098B00023FF0346002B07D0FB685B6D43F02002BB
:1098C000FB685A65032300E0002318461037BD46A5
:1098D00080BD000080B588B002AFF860B9607A60E2
:1098E0007B680093BB6801220221F868FFF704FF40
:1098F0000346002B07D0FB685B6D43F02002FB683A
:109900005A65032332E01B4B1B681B4AA2FB03234F
:109910005B0D4FF47A7202FB03F37B61FB685B68BB
:10992000B3F5827F12D17B680093BB68002280214F
:10993000F868FFF7E1FE0346002B16D0FB685B6D6D
:1099400043F02002FB685A6503230FE07B69002B7C
:109950000AD07B69013B7B61FB681B689B6803F055
:109960008003802BF2D000E000BF00231846183798
:10997000BD4680BD38020020819F5E1680B584B050
:1099800000AFF860B9607A60FB68002B01D1012359
:1099900038E0FB6893F84930DBB2002B06D1FB6856
:1099A000002283F84820F868E9F764F8FB681A6831
:1099B000FB6808331946104601F020FBFB68186865
:1099C000FB689B681A46B96801F082FBFB6858681F
:1099D000FB689A68FB681B6B796801F0AFFBFB685A
:1099E0001B68FA68926853F82210FB681B68FA68D3
:1099F000926841F0010143F82210FB68012283F8CC
:109A00004920002318461037BD4680BD80B582B07E
:109A100000AF78607B68002B01D1012341E07B68B7
:109A200093F83D30DBB2002B06D17B68002283F82F
:109A30003C20786800F039F87B68022283F83D20EA
:109A40007B681A687B6804331946104600F0C0F939
:109A50007B68012283F846207B68012283F83E2040
:109A60007B68012283F83F207B68012283F8402035
:109A70007B68012283F841207B68012283F8422021
:109A80007B68012283F843207B68012283F844200D
:109A90007B68012283F845207B68012283F83D2002
:109AA000002318460837BD4680BD80B483B000AFA0
:109AB000786000BF0C37BD465DF8047B704700003E
:109AC00080B485B000AF78607B6893F83D30DBB23E
:109AD000012B01D001234EE07B68022283F83D2058
:109AE0007B681B68DA687B681B6842F00102DA60F9
:109AF0007B681B68234A934222D07B681B68B3F1C2
:109B0000804F1DD07B681B681F4A934218D07B682A
:109B10001B681E4A934213D07B681B681C4A934201
:109B20000ED07B681B681B4A934209D07B681B6878
:109B3000194A934204D07B681B68184A934211D19A
:109B40007B681B689B6803F00703FB60FB68062BC0
:109B500010D07B681B681A687B681B6842F00102A2
:109B60001A6007E07B681B681A687B681B6842F014
:109B700001021A60002318461437BD465DF8047BC5
:109B8000704700BF00000140000400400008004092
:109B9000000C00400004014000400140001800405B
:109BA00080B584B000AF78607B681B68DB68FB60C1
:109BB0007B681B681B69BB60BB6803F00203002B5A
:109BC00020D0FB6803F00203002B1BD07B681B68CE
:109BD0006FF002021A617B6801221A777B681B68AA
:109BE0009B6903F00303002B03D0786800F0D2F8E0
:109BF00005E0786800F0C4F8786800F0D5F87B6874
:109C000000221A77BB6803F00403002B20D0FB6806
:109C100003F00403002B1BD07B681B686FF0040269
:109C20001A617B6802221A777B681B689B6903F4C0
:109C30004073002B03D0786800F0ACF805E078683A
:109C400000F09EF8786800F0AFF87B6800221A7781
:109C5000BB6803F00803002B20D0FB6803F0080367
:109C6000002B1BD07B681B686FF008021A617B68B1
:109C700004221A777B681B68DB6903F00303002B5F
:109C800003D0786800F086F805E0786800F078F88E
:109C9000786800F089F87B6800221A77BB6803F0C7
:109CA0001003002B20D0FB6803F01003002B1BD007
:109CB0007B681B686FF010021A617B6808221A77B4
:109CC0007B681B68DB6903F44073002B03D0786862
:109CD00000F060F805E0786800F052F8786800F06D
:109CE00063F87B6800221A77BB6803F00103002B3E
:109CF0000CD0FB6803F00103002B07D07B681B68C6
:109D00006FF001021A617868E8F720FABB6803F087
:109D10008003002B0CD0FB6803F08003002B07D0DE
:109D20007B681B686FF080021A61786800F006F9A2
:109D3000BB6803F04003002B0CD0FB6803F040032A
:109D4000002B07D07B681B686FF040021A617868AF
:109D500000F034F8BB6803F02003002B0CD0FB6844
:109D600003F02003002B07D07B681B686FF02002F4
:109D70001A61786800F0D8F800BF1037BD4680BD82
:109D800080B483B000AF786000BF0C37BD465DF88B
:109D9000047B704780B483B000AF786000BF0C379D
:109DA000BD465DF8047B704780B483B000AF786037
:109DB00000BF0C37BD465DF8047B704780B483B0AC
:109DC00000AF786000BF0C37BD465DF8047B70477C
:109DD00080B485B000AF786039607B681B68FB6039
:109DE0007B68464A934213D07B68B3F1804F0FD013
:109DF0007B68434A93420BD07B68424A934207D028
:109E00007B68414A934203D07B68404A934208D121
:109E1000FB6823F07003FB603B685B68FA681343E0
:109E2000FB607B68354A93422BD07B68B3F1804F4F
:109E300027D07B68324A934223D07B68314A9342D1
:109E40001FD07B68304A93421BD07B682F4A9342D5
:109E500017D07B682E4A934213D07B682D4A9342D9
:109E60000FD07B682C4A93420BD07B682B4A9342DD
:109E700007D07B682A4A934203D07B68294A9342E1
:109E800008D1FB6823F44073FB603B68DB68FA6829
:109E90001343FB60FB6823F080023B685B6913435C
:109EA000FB607B68FA681A603B689A687B68DA62D4
:109EB0003B681A687B689A627B68104A934203D0B9
:109EC0007B68124A934203D13B681A697B681A6324
:109ED0007B6801225A617B681B6903F00103012B37
:109EE00005D17B681B6923F001027B681A6100BF02
:109EF0001437BD465DF8047B704700BF0000014089
:109F00000004004000080040000C00400004014034
:109F1000004001400044014000480140001800405A
:109F2000001C00400020004080B483B000AF786087
:109F300000BF0C37BD465DF8047B704780B483B02A
:109F400000AF786000BF0C37BD465DF8047B7047FA
:109F500080B582B000AF78607B68002B01D101230F
:109F600042E07B6893F84130DBB2002B06D17B687E
:109F7000002283F840207868E8F740FC7B682422C0
:109F800083F841207B681B68DA687B681B6822F4D1
:109F90000052DA60786800F0BDFD7B681B681A69C2
:109FA0007B681B6822F490421A617B681B685A69BF
:109FB0007B681B6822F02A025A617B681B68DA689A
:109FC0007B681B6842F40052DA607B6800225A64A6
:109FD0007B68202283F841207B68202283F842207E
:109FE0007B6800225A63002318460837BD4680BDAF
:109FF00080B58AB002AFF860B9603B601346FB8061
:10A0000000237B61FB6893F84130DBB2202B75D1D4
:10A01000BB68002B02D0FB88002B01D101236EE02E
:10A02000FB6800225A64FB68212283F84120E7F78D
:10A0300055FE7861FB68FA889A84FB68FA88DA84AE
:10A04000FB689B68B3F5805F08D1FB681B69002B38
:10A0500004D10023FB61BB68BB6103E0BB68FB610B
:10A060000023BB612EE03B6800937B6900228021C6
:10A07000F86800F01FFB0346002B05D0FB68202288
:10A0800083F8412003233AE0FB69002B0BD1BB6925
:10A090001B881A46FB681B68C2F308025A60BB693A
:10A0A0000233BB6107E0FB691A78FB681B685A60E2
:10A0B000FB690133FB61FB68DB8C9BB2013B9AB20D
:10A0C000FB68DA84FB68DB8C9BB2002BCBD13B684E
:10A0D00000937B6900224021F86800F0EBFA034608
:10A0E000002B05D0FB68202283F84120032306E0E3
:10A0F000FB68202283F84120002300E00223184659
:10A100002037BD4680BD80B584B000AFF860B9602F
:10A110001346FB80FB6893F84230DBB2202B12D150
:10A12000BB68002B02D0FB88002B01D101230BE080
:10A13000FB6800221A63FB881A46B968F86800F0C9
:10A1400012FB034600E0022318461037BD4680BDCF
:10A1500080B5BAB000AF78607B681B681B68C7F831
:10A16000E4307B681B68DB68C7F8E0307B681B68FD
:10A170005B69C7F8DC300023C7F8D8300023C7F884
:10A18000D430D7F8E43003F00F03C7F8D830D7F84D
:10A19000D830002B0FD1D7F8E43003F02003002B88
:10A1A00009D0D7F8E03003F02003002B03D0786803
:10A1B00000F0F2FB5BE2D7F8D830002B00F0DE8035
:10A1C000D7F8DC3003F00103002B06D1D7F8E030DC
:10A1D00003F49073002B00F0D180D7F8E43003F043
:10A1E0000103002B0BD0D7F8E03003F48073002B71
:10A1F00005D07B685B6C43F001027B685A64D7F83A
:10A20000E43003F00403002B0BD0D7F8DC3003F06C
:10A210000103002B05D07B685B6C43F002027B6876
:10A220005A64D7F8E43003F00203002B0BD0D7F8C0
:10A23000DC3003F00103002B05D07B685B6C43F03E
:10A2400004027B685A64D7F8E43003F00803002B5B
:10A2500011D0D7F8E03003F02003002B05D1D7F858
:10A26000DC3003F00103002B05D07B685B6C43F00E
:10A2700008027B685A647B685B6C002B00F0F281FB
:10A28000D7F8E43003F02003002B08D0D7F8E030F3
:10A2900003F02003002B02D0786800F07DFB7B6880
:10A2A0001B685B6903F04003402B0CBF01230023B4
:10A2B000DBB2C7F8D4307B685B6C03F00803002B7B
:10A2C00003D1D7F8D430002B4FD0786800F085FA4E
:10A2D0007B681B685B6903F04003402B41D17B68BE
:10A2E0001B681433C7F89C30D7F89C3053E8003F04
:10A2F000C7F89830D7F8983023F04003C7F8D0302B
:10A300007B681B681433D7F8D020C7F8A820C7F89B
:10A31000A430D7F8A410D7F8A82041E80023C7F844
:10A32000A030D7F8A030002BD9D17B68DB6B002B95
:10A3300013D07B68DB6B7E4A1A657B68DB6B184643
:10A34000F9F7E6F80346002B16D07B68DB6B1B6D34
:10A350007A68D26B104698470EE0786800F094F95E
:10A360000AE0786800F090F906E0786800F08CF96F
:10A370007B6800225A6475E100BF73E17B681B6B48
:10A38000012B40F04F81D7F8E43003F01003002B8D
:10A3900000F04881D7F8E03003F01003002B00F004
:10A3A00041810023BB607B681B681B68BB607B68C6
:10A3B0001B685B68BB60BB687B681B685B6903F0FC
:10A3C0004003402B40F0B6807B68DB6B1B685B680A
:10A3D000A7F8BE30B7F8BE30002B00F045817B688F
:10A3E0009B8DB7F8BE209A4280F03E817B68B7F81B
:10A3F000BE20DA857B68DB6BDB69B3F5807F00F01C
:10A4000088807B681B680C33C7F88830D7F88830A1
:10A4100053E8003FC7F88430D7F8843023F48073C2
:10A42000C7F8B8307B681B680C33D7F8B820C7F87A
:10A430009420C7F89030D7F89010D7F8942041E8CE
:10A440000023C7F88C30D7F88C30002BD9D17B682B
:10A450001B6814337B677B6F53E8003F3B673B6FA0
:10A4600023F00103C7F8B4307B681B681433D7F8B6
:10A47000B420C7F88020FB67F96FD7F8802041E847
:10A480000023BB67BB6F002BE1D17B681B681433D3
:10A490003B663B6E53E8003FFB65FB6D23F04003DA
:10A4A000C7F8B0307B681B681433D7F8B020FA6661
:10A4B000BB66B96EFA6E41E800237B667B6E002BAB
:10A4C000E3D17B68202283F842207B6800221A6354
:10A4D0007B681B680C33FB64FB6C53E8003FBB6478
:10A4E000BB6C23F01003C7F8AC307B681B680C33DF
:10A4F000D7F8AC20BA657B65796DBA6D41E8002369
:10A500003B653B6D002BE3D17B68DB6B1846F8F7AE
:10A510008FFF7B6802225A637B689A8D7B68DB8D94
:10A520009BB2D31A9BB21946786800F0B7F89BE04B
:10A53000A1A801087B689A8D7B68DB8D9BB2D31A3A
:10A54000A7F8CE307B68DB8D9BB2002B00F08E80AD
:10A55000B7F8CE30002B00F089807B681B680C3385
:10A56000BB63BB6B53E8003F7B637B6B23F490734F
:10A57000C7F8C8307B681B680C33D7F8C8207A64EA
:10A580003B64396C7A6C41E80023FB63FB6B002B66
:10A59000E3D17B681B6814337B627B6A53E8003F1E
:10A5A0003B623B6A23F00103C7F8C4307B681B6839
:10A5B0001433D7F8C4203A63FB62F96A3A6B41E876
:10A5C0000023BB62BB6A002BE3D17B68202283F8A7
:10A5D00042207B6800221A637B681B680C333B6156
:10A5E0003B6953E8003FFB60FB6823F01003C7F8AA
:10A5F000C0307B681B680C33D7F8C020FA61BB61A0
:10A60000B969FA6941E800237B617B69002BE3D1DA
:10A610007B6802225A63B7F8CE301946786800F09A
:10A620003DF823E0D7F8E43003F08003002B09D095
:10A63000D7F8E03003F08003002B03D0786800F0F7
:10A6400043F914E0D7F8E43003F04003002B0ED0B8
:10A65000D7F8E03003F04003002B08D0786800F012
:10A6600083F904E000BF02E000BF00E000BFE8376C
:10A67000BD4680BD80B483B000AF786000BF0C37AA
:10A68000BD465DF8047B704780B483B000AF78604E
:10A6900000BF0C37BD465DF8047B704780B483B0C3
:10A6A00000AF78600B467B8000BF0C37BD465DF87D
:10A6B000047B704780B586B000AFF860B9603B603E
:10A6C0001346FB713BE03B6AB3F1FF3F37D0E7F73E
:10A6D00005FB02463B68D31A3A6A9A4202D33B6AA8
:10A6E000002B01D103233AE0FB681B68DB6803F011
:10A6F0000403002B23D0BB68802B20D0BB68402BE9
:10A700001DD0FB681B681B6803F00803082B16D1DB
:10A7100000237B61FB681B681B687B61FB681B680F
:10A720005B687B617B69F86800F057F8FB6808227A
:10A730005A64FB68002283F8402001230FE0FB6885
:10A740001B681A68BB681340BA689A420CBF0123A1
:10A750000023DBB21A46FB799A42B4D00023184694
:10A760001837BD4680BD80B485B000AFF860B960D1
:10A770001346FB80FB68BA689A62FB68FA889A8580
:10A78000FB68FA88DA85FB6800225A64FB6822229B
:10A7900083F84220FB681B69002B07D0FB681B680D
:10A7A000DA68FB681B6842F48072DA60FB681B6839
:10A7B0005A69FB681B6842F001025A61FB681B681A
:10A7C000DA68FB681B6842F02002DA600023184652
:10A7D0001437BD465DF8047B704780B495B000AF78
:10A7E00078607B681B680C337B637B6B53E8003FAE
:10A7F0003B633B6B23F49073FB647B681B680C33F7
:10A80000FA6C3A64FB63F96B3A6C41E80023BB6372
:10A81000BB6B002BE5D17B681B6814333B623B6A42
:10A8200053E8003FFB61FB6923F00103BB647B68D5
:10A830001B681433BA6CFA62BB62B96AFA6A41E8FF
:10A8400000237B627B6A002BE5D17B681B6B012BAD
:10A8500019D17B681B680C33FB60FB6853E8003F31
:10A86000BB60BB6823F010037B647B681B680C3300
:10A870007A6CBA617B617969BA6941E800233B610E
:10A880003B69002BE5D17B68202283F842207B685E
:10A8900000221A6300BF5437BD465DF8047B704741
:10A8A00080B584B000AF78607B689B6BFB60FB6811
:10A8B0000022DA85FB680022DA84F868FFF7E4FEFC
:10A8C00000BF1037BD4680BD80B485B000AF786052
:10A8D0007B6893F84130DBB2212B3ED17B689B68CB
:10A8E000B3F5805F14D17B681B69002B10D17B68A6
:10A8F0001B6AFB60FB681B881A467B681B68C2F3F7
:10A9000008025A607B681B6A9A1C7B681A6208E01E
:10A910007B681B6A591C7A6811621A787B681B680D
:10A920005A607B68DB8C9BB2013B9BB27A6819460C
:10A93000D184002B0FD17B681B68DA687B681B68A9
:10A9400022F08002DA607B681B68DA687B681B682B
:10A9500042F04002DA60002300E002231846143778
:10A96000BD465DF8047B704780B582B000AF78606B
:10A970007B681B68DA687B681B6822F04002DA603B
:10A980007B68202283F841207868FFF773FE00235C
:10A9900018460837BD4680BD80B58CB000AF7860E2
:10A9A0007B6893F84230DBB2222B40F0AE807B68AC
:10A9B0009B68B3F5805F17D17B681B69002B13D1AF
:10A9C0000023FB627B689B6ABB627B681B685B68D9
:10A9D0009BB2C3F308039AB2BB6A1A807B689B6A76
:10A9E0009A1C7B689A6226E07B689B6AFB62002364
:10A9F000BB627B689B68B3F5805F07D07B689B6810
:10AA0000002B0AD17B681B69002B06D17B681B6871
:10AA10005B68DAB2FB6A1A7008E07B681B685B68E7
:10AA2000DBB203F07F03DAB2FB6A1A707B689B6AC1
:10AA30005A1C7B689A627B68DB8D9BB2013B9BB2A0
:10AA40007A681946D185002B5DD17B681B68DA686E
:10AA50007B681B6822F02002DA607B681B68DA687A
:10AA60007B681B6822F48072DA607B681B685A6915
:10AA70007B681B6822F001025A617B68202283F800
:10AA800042207B6800225A637B681B6B012B35D107
:10AA90007B6800221A637B681B680C337B617B69CF
:10AAA00053E8003F3B613B6923F010037B627B6806
:10AAB0001B680C337A6A3A62FB61F9693A6A41E8C9
:10AAC0000023BB61BB69002BE5D17B681B681B6859
:10AAD00003F01003102B0AD10023FB607B681B6876
:10AAE0001B68FB607B681B685B68FB60FB687B68BE
:10AAF0009B8D19467868FFF7D1FD02E07868E7F78B
:10AB0000DDF9002302E0002300E00223184630377D
:10AB1000BD4680BD2DE9B04FC0B000AFC7F8F4000E
:10AB2000D7F8F4301B681B6923F44050D7F8F43091
:10AB3000D968D7F8F4301A6840EA01031361D7F8EE
:10AB4000F4309A68D7F8F4301B691A43D7F8F43018
:10AB50005B691A43D7F8F430DB691343C7F8F83060
:10AB6000D7F8F4301B68DB6823F4164121F00C01A0
:10AB7000D7F8F4301A68D7F8F8300B43D360D7F819
:10AB8000F4301B685B6923F44070D7F8F43099699E
:10AB9000D7F8F4301A6840EA01035361D7F8F4306B
:10ABA0001A688F4B9A4205D0D7F8F4301A688D4B4B
:10ABB0009A4204D1FBF7E6FDC7F8FC0003E0FBF77F
:10ABC000CDFDC7F8FC00D7F8F430DB69B3F5004FD2
:10ABD00040F00C81D7F8FC300022C7F8E830C7F805
:10ABE000EC20D7E93A4522462B469118B9655B41DE
:10ABF000FB65D7E91623214612EB0108294643EBF2
:10AC000001094FF000024FF000034FEAC90343EA85
:10AC100058734FEAC80290469946234618EB03033F
:10AC2000C7F8E0302B4649EB0303C7F8E430D7F808
:10AC3000F4305B680022C7F8D830C7F8DC20D7E9C9
:10AC400036120B46DB183B65134642EB03037B656C
:10AC5000D7E91423D7E93801E6F776F802460B4620
:10AC6000614BA3FB02235B091C01D7F8FC300022D7
:10AC7000C7F8D030C7F8D420D7E9348942464B46CC
:10AC80009118B9645B41FB64D7E91223414612EB8A
:10AC9000010A494643EB010B4FF000024FF000035D
:10ACA0004FEACB0343EA5A734FEACA0292469B46E5
:10ACB00043461AEB0303C7F8C8304B464BEB03037C
:10ACC000C7F8CC30D7F8F4305B680022C7F8C03042
:10ACD000C7F8C420D7E930120B46DB183B64134693
:10ACE00042EB03037B64D7E91023D7E93201E6F78F
:10ACF0002BF802460B4611463B4BA3FB01235B0995
:10AD0000642202FB03F3CB1ADB0003F13202364B61
:10AD1000A3FB02235B095B0003F4F8731C44D7F820
:10AD2000FC300022C7F8B830C7F8BC20D7E92E891C
:10AD300042464B469118B9635B41FB63D7E90E234A
:10AD400041465118396349464B417B634FF000023D
:10AD50004FF00003D7E90CAB5946CB00514643EA0C
:10AD600051735146CA0010461946034642469B1885
:10AD7000C7F8B0304B460A4642EB0303C7F8B4307D
:10AD8000D7F8F4305B680022C7F8A830C7F8AC20C9
:10AD9000D7E92A120B46DB18BB62134642EB0303CA
:10ADA000FB62D7E90A23D7E92C01E5F7CDFF02467C
:10ADB0000B460D4BA3FB02135B09642101FB03F35C
:10ADC000D31ADB003233084AA2FB03235B0903F0EA
:10ADD0000702D7F8F4301B6822449A6006E100BFEE
:10ADE00000100140001401401F85EB51D7F8FC30E2
:10ADF0000022C7F8A030C7F8A420D7E92889424626
:10AE00004B46911839625B417B62D7E90823414682
:10AE10005418494643EB01054FF000024FF0000380
:10AE2000EB0043EA5473E20014461D464346E31820
:10AE3000C7F898304B4645EB0303C7F89C30D7F86A
:10AE4000F4305B680022C7F89030C7F894204FF0C8
:10AE500000024FF00003D7E9244529468B00214624
:10AE600043EA917321468A00D7E92601E5F76CFF92
:10AE700002460B46604BA3FB02235B091C01D7F87B
:10AE8000FC300022C7F88830C7F88C20D7E9228927
:10AE900042464B469118B9615B41FB61D7E90623F5
:10AEA00041465118396149464B417B614FF00002E0
:10AEB0004FF00003D7E904AB5946CB00514643EAB3
:10AEC00051735146CA0010461946034642469B1824
:10AED000C7F880304B460A4642EB0303C7F884307C
:10AEE000D7F8F4305B680022BB67FA674FF00002C6
:10AEF0004FF00003D7E91E8949468B00414643EADB
:10AF0000917341468A00D7E92001E5F71DFF02460B
:10AF10000B461146384BA3FB01235B09642202FB5D
:10AF200003F3CB1A1B013233334AA2FB03235B0921
:10AF300003F0F0031C44D7F8FC3000223B677A672B
:10AF4000D7E91C8942464B469118B9605B41FB60CA
:10AF5000D7E9022341465118396049464B417B608D
:10AF60004FF000024FF00003D7E900AB5946CB0089
:10AF7000514643EA51735146CA00104619460346EA
:10AF800042469B18BB664B460A4642EB0303FB66F0
:10AF9000D7F8F4305B6800223B667A664FF0000217
:10AFA0004FF00003D7E9188949468B00414643EA30
:10AFB000917341468A00D7E91A01E5F7C5FE0246BA
:10AFC0000B460D4BA3FB02135B09642101FB03F34A
:10AFD000D31A1B013233084AA2FB03235B0903F097
:10AFE0000F02D7F8F4301B6822449A6000BF07F5BF
:10AFF0008077BD46BDE8B08F1F85EB5180B487B028
:10B0000000AF786039603B681A687B6853F822307B
:10B010003A68126823F001017B6843F822103B680C
:10B020009B68082B02D140237B6101E000237B61F8
:10B030003B685A687B691A433B689B681A433B68C4
:10B04000DB681A433B681B691A433B685B691A4318
:10B050003B68DB691A433B681B6A1A433B685B6ABF
:10B060001A433B689B6A1A433B68DB6A1A433B6896
:10B070001B6B13433B613B689B693A6913433B611C
:10B080003B68DB6B3A6913433B61104BFB60FB6829
:10B0900043F48063FB60FB6843F4E023FB603B68A0
:10B0A0001A687B6853F82220FB68DB4302EA03013D
:10B0B0003B681A683B6919437B6843F822100023F8
:10B0C00018461C37BD465DF8047B70477FFB0800BF
:10B0D00080B485B000AFF860B9607A607B685A1CB4
:10B0E000FB6853F8223003F04041BB681A68BB6824
:10B0F0005B681B011A43BB689B681B021A43BB6851
:10B10000DB681B041A43BB681B69013B1B051A4320
:10B11000BB685B69023B1B061A43BB689B69134310
:10B120007A6801321943FB6843F82210002318465D
:10B130001437BD465DF8047B7047000080B485B0CD
:10B1400000AFF860B9607A603B603B68B3F5804F50
:10B150001DD1FB687A6853F82220134B1340BA685C
:10B160001168BA68526812011143BA6892681202F3
:10B170001143BA6892691143BA68D26812040A434B
:10B1800043EA0201FB687A6843F8221005E0FB6895
:10B190007A686FF0704143F8221000231846143784
:10B1A000BD465DF8047B70470000F0CF84B080B4EA
:10B1B00085B000AF786007F11C0080E80E00002326
:10B1C000FB60FA693B6A1A437B6A1A43BB6A1A43FB
:10B1D000FB6A1A433B6B1343FA681343FB607B68BB
:10B1E0005B6823F4FD4323F07F03FA681A437B680E
:10B1F0005A60002318461437BD465DF8047B04B03E
:10B20000704780B483B000AF78607B68D3F880303B
:10B2100018460C37BD465DF8047B704780B483B098
:10B2200000AF786039603B681A687B68C3F880209B
:10B23000002318460C37BD465DF8047B704780B488
:10B2400083B000AF78607B6803221A600023184641
:10B250000C37BD465DF8047B704780B483B000AF07
:10B2600078607B6800221A60002318460C37BD46C0
:10B270005DF8047B704780B483B000AF78607B6872
:10B280001B6803F0030318460C37BD465DF8047BCA
:10B29000704780B485B000AF786039600023FB60F0
:10B2A0003B681A687B689A603B685A683B689B6891
:10B2B0001A433B68DB681A433B681B691343FA680F
:10B2C0001343FB607B68DB6823F47F6323F00F0389
:10B2D000FA681A437B68DA60002318461437BD46C3
:10B2E0005DF8047B704780B483B000AF78607B6802
:10B2F0001B69DBB218460C37BD465DF8047B70470E
:10B3000080B485B000AF786039607B6814331A462A
:10B310003B681344FB60FB681B6818461437BD4646
:10B320005DF8047B704780B485B000AF7860396009
:10B330000023FB603B681A687B685A623B685A6866
:10B340007B689A623B689A683B68DB681A433B6893
:10B350001B691A433B685B691343FA681343FB603C
:10B360007B68DB6A23F0F702FB681A437B68DA62CA
:10B37000002318461437BD465DF8047B704780B53E
:10B3800088B000AF786039603B68BB601023FB6019
:10B3900040233B6100237B614FF48063BB6107F175
:10B3A000080319467868FFF774FF41F288321021CC
:10B3B000786800F0D7F9F861FB6918462037BD4678
:10B3C00080BD80B588B000AF786039603B68BB60F5
:10B3D0001123FB6040233B6100237B614FF48063BA
:10B3E000BB6107F1080319467868FFF752FF41F285
:10B3F00088321121786800F0B5F9F861FB691846C8
:10B400002037BD4680BD80B588B000AF7860396018
:10B410003B68BB601223FB6040233B6100237B61E0
:10B420004FF48063BB6107F1080319467868FFF7A2
:10B4300030FF41F288321221786800F093F9F86108
:10B44000FB6918462037BD4680BD80B588B000AF87
:10B45000786039603B68BB601823FB6040233B6128
:10B4600000237B614FF48063BB6107F10803194639
:10B470007868FFF70EFF41F288321821786800F0F3
:10B4800071F9F861FB6918462037BD4680BD80B56B
:10B4900088B000AF786039603B68BB601923FB60FF
:10B4A00040233B6100237B614FF48063BB6107F164
:10B4B000080319467868FFF7ECFE41F2883219213B
:10B4C000786800F04FF9F861FB6918462037BD46EF
:10B4D00080BD000080B588B000AF78600023BB60FD
:10B4E0000C23FB6040233B6100237B614FF48063AE
:10B4F000BB6107F1080319467868FFF7CAFE054AE1
:10B500000C21786800F02EF9F861FB6918462037A5
:10B51000BD4680BD00E1F50580B58AB000AFF8609A
:10B52000C7E900233B683B6107237B614023BB6184
:10B530000023FB614FF480633B6207F1100319465F
:10B54000F868FFF7A6FE41F288320721F86800F09C
:10B5500009F978627B6A18462837BD4680BD80B5F8
:10B5600088B000AF78600023BB600023FB6000233D
:10B570003B6100237B614FF48063BB6107F10803EB
:10B5800019467868FFF785FE786800F023FBF861BC
:10B59000FB6918462037BD4680BD80B588B000AF36
:10B5A00078604FF4D573BB600823FB6040233B6198
:10B5B00000237B614FF48063BB6107F108031946E8
:10B5C0007868FFF766FE786800F0B6FAF861FB6904
:10B5D00018462037BD4680BD80B588B000AF786082
:10B5E00039603B68BB603723FB6040233B6100232D
:10B5F0007B614FF48063BB6107F1080319467868EB
:10B60000FFF747FE41F288323721786800F0AAF848
:10B61000F861FB6918462037BD4680BD80B588B00B
:10B6200000AF786039603B6843F0004343F4801317
:10B63000BB602923FB6040233B6100237B614FF407
:10B640008063BB6107F1080319467868FFF721FEA4
:10B65000786800F0BDF9F861FB6918462037BD46EF
:10B6600080BD80B588B000AF78600023BB60022346
:10B67000FB60C0233B6100237B614FF48063BB61AF
:10B6800007F1080319467868FFF703FE786800F0B1
:10B6900057F9F861FB6918462037BD4680BD80B573
:10B6A00088B000AF786039603B68BB600923FB60FD
:10B6B000C0233B6100237B614FF48063BB6107F1D2
:10B6C000080319467868FFF7E4FD786800F038F958
:10B6D000F861FB6918462037BD4680BD80B588B04B
:10B6E00000AF786039600023BB600323FB60402318
:10B6F0003B6100237B614FF48063BB6107F108036A
:10B7000019467868FFF7C5FD3A680321786800F0AC
:10B710009DF9F861FB6918462037BD4680BD80B5AC
:10B7200088B000AF786039603B68BB600D23FB6078
:10B7300040233B6100237B614FF48063BB6107F1D1
:10B74000080319467868FFF7A4FD41F288320D21FD
:10B75000786800F007F8F861FB6918462037BD46A5
:10B7600080BD000080B588B000AFF8600B467A60FD
:10B77000FB72704B1B68704AA2FB03235A0A7B685A
:10B7800002FB03F3FB61FB695A1EFA61002B02D135
:10B790004FF00043C9E0FB685B6BBB61BB6903F022
:10B7A0004503002BEFD0BB6903F40063002BEAD103
:10B7B000FB685B6B03F00403002B04D0FB680422DE
:10B7C0009A630423B1E0FB685B6B03F00103002B79
:10B7D00004D0FB6801229A630123A6E0FB68C5221E
:10B7E0009A63F868FFF77FFD03461A46FB7A934297
:10B7F00001D0012399E00021F868FFF781FD78610D
:10B800007A694E4B1340002B01D100238DE07B69F8
:10B81000002B02DA4FF0007387E07B6903F080436E
:10B82000002B01D0402380E07B6903F00053002B04
:10B8300001D0802379E07B6903F08053002B02D094
:10B840004FF4807371E07B6903F00063002B02D03A
:10B850004FF4007369E07B6903F08063002B02D032
:10B860004FF4806361E07B6903F08073002B02D0AA
:10B870004FF4006359E07B6903F40003002B02D00E
:10B880004FF4805351E07B6903F48003002B02D016
:10B890004FF4005349E07B6903F40013002B02D0FE
:10B8A0004FF4804341E07B6903F48013002B02D006
:10B8B0004FF4004339E07B6903F48023002B02D06E
:10B8C0004FF4003331E07B6903F40033002B02D0E6
:10B8D0004FF4802329E07B6903F48033002B02D0EE
:10B8E0004FF4002321E07B6903F40043002B02D0D6
:10B8F0004FF4801319E07B6903F48043002B02D0DE
:10B900004FF4001311E07B6903F40053002B02D0C5
:10B910004FF4800309E07B6903F00803002B02D099
:10B920004FF4000301E04FF4803318462037BD4642
:10B9300080BD00BF38020020D34D621008E0FFFD3B
:10B9400080B485B000AF78601F4B1B681F4AA2FB14
:10B9500003235B0A41F2883202FB03F3FB60FB68BE
:10B960005A1EFA60002B02D14FF0004326E07B689C
:10B970005B6BBB60BB6803F04503002BEFD0BB687B
:10B9800003F40063002BEAD17B685B6B03F00403D4
:10B99000002B04D07B6804229A6304230EE07B68AA
:10B9A0005B6B03F00103002B04D07B6801229A63D8
:10B9B000012303E07B68C5229A63002318461437ED
:10B9C000BD465DF8047B704738020020D34D6210FD
:10B9D00080B485B000AF78601A4B1B681A4AA2FB8E
:10B9E00003235B0A41F2883202FB03F3FB60FB682E
:10B9F0005A1EFA60002B02D14FF000431BE07B6817
:10BA00005B6BBB60BB6803F04503002BEFD0BB68EA
:10BA100003F40063002BEAD17B685B6B03F0040343
:10BA2000002B04D07B6804229A63042303E07B6824
:10BA3000C5229A63002318461437BD465DF8047B7F
:10BA4000704700BF38020020D34D621080B588B027
:10BA500000AFF8600B467A60FB72354B1B68354AC5
:10BA6000A2FB03235B0A41F2883202FB03F3FB6172
:10BA7000FB695A1EFA61002B02D14FF0004352E0DD
:10BA8000FB685B6BBB61BB6903F04503002BEFD028
:10BA9000BB6903F40063002BEAD1FB685B6B03F026
:10BAA0000403002B04D0FB6804229A6304233AE0C9
:10BAB000FB685B6B03F00103002B04D0FB680122E1
:10BAC0009A6301232FE0F868FFF70DFC03461A463E
:10BAD000FB7A934201D0012325E0FB68C5229A63DB
:10BAE0000021F868FFF70CFC78617B6903F4604380
:10BAF000002B06D17B691B0C9AB27B681A8000234D
:10BB000011E07B6903F48043002B02D04FF4005313
:10BB100009E07B6903F40043002B02D04FF480530B
:10BB200001E04FF4803318462037BD4680BD00BF8A
:10BB300038020020D34D621080B485B000AF786029
:10BB4000224B1B68224AA2FB03235B0A41F2883284
:10BB500002FB03F3FB60FB685A1EFA60002B02D164
:10BB60004FF000432CE07B685B6BBB60BB6803F06D
:10BB70004503002BEFD0BB6803F40063002BEAD130
:10BB80007B685B6B03F00403002B04D07B6804220A
:10BB90009A63042314E07B685B6B03F00103002BC2
:10BBA00004D07B6801229A63012309E07B685B6B08
:10BBB00003F04003002B02D07B6840229A630023ED
:10BBC00018461437BD465DF8047B704738020020E4
:10BBD000D34D621080B485B000AF7860114B1B6804
:10BBE000114AA2FB03235B0A41F2883202FB03F3F2
:10BBF000FB60FB685A1EFA60002B02D14FF0004335
:10BC000009E07B685B6B03F08003002BF1D07B685D
:10BC1000C5229A63002318461437BD465DF8047B9D
:10BC2000704700BF38020020D34D621080B500AFCE
:10BC30000449054808F0D8F803461A46034B1A7021
:10BC400000BF80BD302A0020D8C702082C2A00205F
:10BC500080B400AF00231846BD465DF8047B7047F2
:10BC600080B582B000AF0023FB7100F090F803466E
:10BC7000012B01D0012305E00448FBF74BFB0346F1
:10BC8000FB71FB7918460837BD4680BD30060020A1
:10BC900080B588B002AFF860B9607A603B6000237D
:10BCA000FB753B6800937B68BA68F9680648FBF748
:10BCB00001FC0346002B01D00123FB75FB7D1846D8
:10BCC0001837BD4680BD00BF3006002080B588B063
:10BCD00002AFF860B9607A603B600023FB753B6897
:10BCE00000937B68BA68F9680648FBF7C9FD03460C
:10BCF000002B01D00123FB75FB7D18461837BD468C
:10BD000080BD00BF3006002080B500AF0548FCF7BD
:10BD1000A5FA0346042B14BF01230023DBB2184607
:10BD200080BD00BF3006002080B582B000AF7860D3
:10BD300079680348FCF766FA00BF0837BD4680BD46
:10BD40003006002080B582B000AF786000F018F8AF
:10BD500000BF0837BD4680BD80B582B000AF7860B7
:10BD6000E6F744F800BF0837BD4680BD80B582B015
:10BD700000AF7860E6F75AF800BF0837BD4680BDCF
:10BD800080B400AF00BFBD465DF8047B704780B54E
:10BD900082B000AF0123FB7100F00CF80346002BCA
:10BDA00001D10023FB71FB79DBB218460837BD4691
:10BDB00080BD000080B582B000AF0123FB714FF45D
:10BDC00080710648F8F7A0FB0346002B01D0002342
:10BDD000FB71FB7918460837BD4680BD001802404C
:10BDE00080B582B000AF0346FB710B4B01221A7085
:10BDF000FFF78AFF0346002B07D1074B1B78DBB206
:10BE000023F00103DAB2044B1A70034B1B78DBB248
:10BE100018460837BD4680BDA902002080B582B013
:10BE200000AF0346FB710B4B01221A70FFF718FF9E
:10BE30000346002B07D1FB791846FFF7D1FF0346D5
:10BE40001A46044B1A70034B1B78DBB218460837AE
:10BE5000BD4680BDA902002080B582B000AF034678
:10BE6000FB71FB791846FFF7BBFF034618460837FE
:10BE7000BD4680BD80B586B000AFB9607A603B60DA
:10BE80000346FB730123FB754FF0FF333A68796873
:10BE9000B868FFF7FDFE0346002B07D100BFFFF790
:10BEA00033FF0346002BFAD10023FB75FB7D1846B8
:10BEB0001837BD4680BD80B586B000AFB9607A60E6
:10BEC0003B600346FB730123FB754FF0FF333A6879
:10BED0007968B868FFF7FAFE0346002B07D100BF68
:10BEE000FFF712FF0346002BFAD10023FB75FB7D01
:10BEF00018461837BD4680BD80B58CB000AF0346EC
:10BF00003A60FB710B46BB71012387F82F30254B3C
:10BF10001B78DBB203F00103002B01D003233CE0CC
:10BF2000BB79032B34D801A252F823F03DBF01089E
:10BF300045BF01085DBF010877BF0108002387F8EE
:10BF40002F3028E007F10C031846FFF7EDFE7A6A60
:10BF50003B681A60002387F82F301CE007F10C03C0
:10BF60001846FFF7E1FEBB6A9AB23B681A800023CD
:10BF700087F82F300FE007F10C031846FFF7D4FEC7
:10BF8000BB6A5A0A3B681A60002387F82F3002E028
:10BF9000042387F82F3097F82F3018463037BD46E6
:10BFA00080BD00BFA902002080B582B000AF1C2078
:10BFB00003F04EFE78607B68002B0AD07B6800227D
:10BFC0001A607B680433184600F088F97B68002209
:10BFD0001A767B6818460837BD4680BD80B590B09C
:10BFE00000AFF860B9607A603B60FB687B63002358
:10BFF000BB6300233B63FB68002B0BD14FF0500366
:10C0000083F31188BFF36F8FBFF34F8F3B6200BF85
:10C0100000BFFDE7BB68B3F1807F0BD34FF0500347
:10C0200083F31188BFF36F8FBFF34F8FFB6100BFA6
:10C0300000BFFDE7BB68002B0BD14FF0500383F32B
:10C040001188BFF36F8FBFF34F8FBB6100BF00BF7D
:10C05000FDE702F091FA0346002B02D1BB6C002BE6
:10C0600001D1012300E00023002B0BD14FF050033E
:10C0700083F31188BFF36F8FBFF34F8F7B6100BFD6
:10C0800000BFFDE701F066FC7B6B1B68FB623A6852
:10C09000B968F86A00F000F9B862BB6A002B0ED0EC
:10C0A000FB6AFB630023BB647B68002B28D07B6B9F
:10C0B0001A68BB68DB431A407B6B1A6020E0BB6CDC
:10C0C000002B04D1FB6AFB6301233B6318E07B6810
:10C0D000002B03D0BB6B43F08073BB633B68002B2A
:10C0E00003D0BB6B43F08063BB637B6B181DBA68E6
:10C0F000BB6B1343BA6C194601F002FF0023FB63CC
:10C1000001F036FC7862BB6C002B31D07B6A002BCF
:10C1100007D11A4B4FF080521A60BFF34F8FBFF315
:10C120006F8F02F04BFCF863FB6B03F00073002B86
:10C130001AD103F067FC7B6B1B68FB633A68B96834
:10C14000F86B00F0A9F80346002B09D07B68002BA0
:10C1500006D07B6B1A68BB68DB431A407B6B1A60A6
:10C1600001233B6303F080FCFB6B23F07F43FB6305
:10C17000FB6B18464037BD4680BD00BF04ED00E0B4
:10C1800080B58EB000AF7860396000233B637B6878
:10C19000BB620023FB627B68002B0BD14FF0500386
:10C1A00083F31188BFF36F8FBFF34F8F3B6100BFE5
:10C1B00000BFFDE73B68B3F1807F0BD34FF0500326
:10C1C00083F31188BFF36F8FBFF34F8FFB6000BF06
:10C1D00000BFFDE7BB6A04337B627B6A08333B62C6
:10C1E00001F0B8FB7B6ADB687B63BB6A1A683B685B
:10C1F0001A43BB6A1A603CE07B6B5B68FB617B6B3C
:10C200001B68BB610023FB62BB6903F07F437B615A
:10C21000BB6923F07F43BB617B6903F08063002B24
:10C2200008D1BB6A1A68BB691340002B0BD00123ED
:10C23000FB6208E0BB6A1A68BB691340BA699A429C
:10C2400001D10123FB62FB6A002B10D07B6903F054
:10C250008073002B03D03A6BBB6913433B63BB6A0B
:10C260001B6843F000731946786B01F0C1FFFB694E
:10C270007B637A6B3B6A9A42BED1BB6A1A683B6B9E
:10C28000DB431A40BB6A1A6001F072FBBB6A1B6891
:10C2900018463837BD4680BD80B487B000AFF8601F
:10C2A000B9607A6000237B617B68002B07D1FA6854
:10C2B000BB681340002B0AD001237B6107E0FA68BA
:10C2C000BB681340BA689A4201D101237B617B6944
:10C2D00018461C37BD465DF8047B704780B483B0B8
:10C2E00000AF78607B6803F108027B685A607B6866
:10C2F0004FF0FF329A607B6803F108027B68DA60D6
:10C300007B6803F108027B681A617B6800221A606F
:10C3100000BF0C37BD465DF8047B704780B483B026
:10C3200000AF78607B6800221A6100BF0C37BD4601
:10C330005DF8047B704780B485B000AF78603960E9
:10C340003B681B68BB60BB68B3F1FF3F03D17B68F0
:10C350001B69FB600CE07B680833FB6002E0FB6854
:10C360005B68FB60FB685B681B68BA689A42F6D240
:10C37000FB685A683B685A603B685B683A689A6039
:10C380003B68FA689A60FB683A685A603B687A686A
:10C390001A617B681B685A1C7B681A6000BF1437DF
:10C3A000BD465DF8047B704780B485B000AF78600F
:10C3B0007B681B69FB607B685B687A6892689A603F
:10C3C0007B689B687A6852685A60FB685B687A6829
:10C3D0009A4203D17B689A68FB685A607B680022A6
:10C3E0001A61FB681B685A1EFB681A60FB681B68B1
:10C3F00018461437BD465DF8047B704780B586B09B
:10C4000000AF7860396001237B617B683B613B69E9
:10C41000002B0BD14FF0500383F31188BFF36F8FC4
:10C42000BFF34F8FFB6000BF00BFFDE73B69002BF0
:10C430005DD03B69DB6B002B59D03B691A6C3B69C3
:10C44000DB6B0021A3FB0223002B00D001210B4654
:10C45000002B4CD103F0D6FA3B691A683B69DB6BC1
:10C460003969096C01FB03F31A443B699A603B6923
:10C4700000229A633B691A683B695A603B691A68F3
:10C480003B69DB6B013B3969096C01FB03F31A441F
:10C490003B69DA603B69FF2283F844203B69FF2255
:10C4A00083F845203B68002B14D13B691B69002BA6
:10C4B0001AD03B691033184601F0C0FD0346002B2B
:10C4C00012D0164B4FF080521A60BFF34F8FBFF35C
:10C4D0006F8F09E03B6910331846FFF7FFFE3B6999
:10C4E00024331846FFF7FAFE03F0BEFA01E00023FA
:10C4F0007B617B69002B0BD14FF0500383F31188D4
:10C50000BFF36F8FBFF34F8FBB6000BF00BFFDE76E
:10C510007B6918461837BD4680BD00BF04ED00E0BA
:10C5200080B58CB002AFF860B9607A603B600023E0
:10C530007B623B68002B0BD14FF0500383F31188D3
:10C54000BFF36F8FBFF34F8F3B6200BF00BFFDE7AC
:10C55000FB68002B31D03B68002B2ED07B68002B72
:10C5600002D0BB68002B28D07B68002B02D1BB68AF
:10C57000002B22D148237B617B69482B0BD04FF0E5
:10C58000500383F31188BFF36F8FBFF34F8FFB61AD
:10C5900000BF00BFFDE77B693B687B627B6A0122CD
:10C5A00083F8462097F830207B6A009313467A6818
:10C5B000B968F86800F068F80EE07B6A002B0BD1D0
:10C5C0004FF0500383F31188BFF36F8FBFF34F8F8A
:10C5D000BB6100BF00BFFDE77B6A18462837BD4638
:10C5E00080BD80B58AB002AFF860B9601346FB71B8
:10C5F0000023FB61FB68002B32D00021BA68FB6886
:10C60000A3FB0223002B00D001210B46002B27D1D6
:10C61000FB68BA6802FB03F313F1490F20D8FB68EB
:10C62000BA6802FB03F3BB61BB694833184603F0E9
:10C630000FFBF861FB69002B21D0FB697B617B69F3
:10C6400048337B61FB69002283F84620FA79FB6955
:10C65000009313467A69B968F86800F015F80EE09F
:10C66000FB69002B0BD14FF0500383F31188BFF30C
:10C670006F8FBFF34F8F3B6100BF00BFFDE7FB69CA
:10C6800018462037BD4680BD80B584B000AFF86045
:10C69000B9607A60FB70BB68002B03D1BB69BA69D3
:10C6A0001A6002E0BB697A681A60BB69FA68DA63EB
:10C6B000BB69BA681A640121B869FFF79FFE00BF21
:10C6C0001037BD4680BD80B582B000AF78607B6812
:10C6D000002B0ED07B6800229A607B6800221A60D3
:10C6E0007B680022DA60002300220021786800F0D5
:10C6F0001DF800BF0837BD4680BD80B586B000AFCD
:10C700000346FB7101237B6100233B61FB791A46E1
:10C7100039697869FFF765FFF860F868FFF7D3FFBC
:10C72000FB6818461837BD4680BD000080B58EB046
:10C7300000AFF860B9607A603B6000237B63FB6800
:10C740003B633B6B002B0BD14FF0500383F31188FD
:10C75000BFF36F8FBFF34F8FBB6200BF00BFFDE71A
:10C76000BB68002B03D13B6B1B6C002B01D1012359
:10C7700000E00023002B0BD14FF0500383F311880E
:10C78000BFF36F8FBFF34F8F7B6200BF00BFFDE72A
:10C790003B68022B03D13B6BDB6B012B01D10123E7
:10C7A00000E00023002B0BD14FF0500383F31188DE
:10C7B000BFF36F8FBFF34F8F3B6200BF00BFFDE73A
:10C7C00001F0DAFE0346002B02D17B68002B01D179
:10C7D000012300E00023002B0BD14FF0500383F323
:10C7E0001188BFF36F8FBFF34F8FFB6100BF00BF96
:10C7F000FDE703F007F93B6B9A6B3B6BDB6B9A42EF
:10C8000002D33B68022B29D13A68B968386B00F033
:10C8100006FCF8623B6B5B6A002B10D03B6B243349
:10C82000184601F00BFC0346002B13D03F4B4FF092
:10C8300080521A60BFF34F8FBFF36F8F0AE0FB6A1D
:10C84000002B07D0394B4FF080521A60BFF34F8F47
:10C85000BFF36F8F03F008F9012363E07B68002BBF
:10C8600003D103F001F900235CE07B6B002B06D1C0
:10C8700007F11403184601F07FFD01237B6303F0E9
:10C88000F3F801F067F803F0BDF83B6B93F8443020
:10C890005BB2B3F1FF3F03D13B6B002283F844202E
:10C8A0003B6B93F845305BB2B3F1FF3F03D13B6B79
:10C8B000002283F8452003F0D7F83A1D07F114034E
:10C8C0001146184601F06EFD0346002B24D1386B4B
:10C8D00000F09DFC0346002B18D03B6B10337A68A8
:10C8E0001146184601F0E6FA386B00F028FC01F01A
:10C8F0003FF80346002B7FF47CAF0C4B4FF0805287
:10C900001A60BFF34F8FBFF36F8F72E7386B00F081
:10C9100016FC01F02DF86CE7386B00F010FC01F00C
:10C9200027F8002318463837BD4680BD04ED00E0E7
:10C9300080B592B000AFF860B9607A603B60FB6888
:10C940003B643B6C002B0BD14FF0500383F31188F9
:10C95000BFF36F8FBFF34F8FFB6200BF00BFFDE7D8
:10C96000BB68002B03D13B6C1B6C002B01D1012356
:10C9700000E00023002B0BD14FF0500383F311880C
:10C98000BFF36F8FBFF34F8FBB6200BF00BFFDE7E8
:10C990003B68022B03D13B6CDB6B012B01D10123E4
:10C9A00000E00023002B0BD14FF0500383F31188DC
:10C9B000BFF36F8FBFF34F8F7B6200BF00BFFDE7F8
:10C9C00003F004F9EFF311824FF0500383F3118861
:10C9D000BFF36F8FBFF34F8F3A62FB613B6AFB631C
:10C9E0003B6C9A6B3B6CDB6B9A4202D33B68022B2D
:10C9F00047D13B6C93F8453087F83B303B6C9B6BE1
:10CA00007B633A68B968386C00F009FB97F93B30F2
:10CA1000B3F1FF3F12D13B6C5B6A002B2ED03B6C15
:10CA20002433184601F00AFB0346002B26D07B680E
:10CA3000002B23D07B6801221A601FE001F0B0F8C0
:10CA4000386397F93B303A6B9A4217D997F93B30E4
:10CA50007F2B0BD14FF0500383F31188BFF36F8FFF
:10CA6000BFF34F8FBB6100BF00BFFDE797F83B30BE
:10CA70000133DBB25AB23B6C83F8452001237B645F
:10CA800001E000237B64FB6B7B617B6983F311888E
:10CA900000BF7B6C18464837BD4680BD80B590B05E
:10CAA00000AF786039607B68BB63BB6B002B0BD138
:10CAB0004FF0500383F31188BFF36F8FBFF34F8F95
:10CAC0007B6200BF00BFFDE7BB6B1B6C002B0BD074
:10CAD0004FF0500383F31188BFF36F8FBFF34F8F75
:10CAE0003B6200BF00BFFDE7BB6B1B68002B03D19F
:10CAF000BB6B9B68002B01D1012300E00023002BBE
:10CB00000BD14FF0500383F31188BFF36F8FBFF346
:10CB10004F8FFB6100BF00BFFDE703F057F8EFF355
:10CB200011824FF0500383F31188BFF36F8FBFF36F
:10CB30004F8FBA617B61BB697B63BB6B9B6B3B6354
:10CB4000BB6BDB6B3A6B9A4243D2BB6B93F84530BD
:10CB500087F82F303B6B5A1CBB6B9A6397F92F30C9
:10CB6000B3F1FF3F12D1BB6B5B6A002B2ED0BB6BC6
:10CB70002433184601F062FA0346002B26D03B68A6
:10CB8000002B23D03B6801221A601FE001F008F857
:10CB9000B86297F92F30BA6A9A4217D997F92F30AD
:10CBA0007F2B0BD14FF0500383F31188BFF36F8FAE
:10CBB000BFF34F8F3B6100BF00BFFDE797F82F30F9
:10CBC0000133DBB25AB2BB6B83F845200123FB6310
:10CBD00001E00023FB637B6BFB60FB6883F3118840
:10CBE00000BFFB6B18464037BD4680BD80B58CB09A
:10CBF00000AFF860B9607A600023FB62FB68BB623B
:10CC0000BB6A002B0BD14FF0500383F31188BFF3A5
:10CC10006F8FBFF34F8F3B6200BF00BFFDE7BB6864
:10CC2000002B03D1BB6A1B6C002B01D1012300E058
:10CC30000023002B0BD14FF0500383F31188BFF377
:10CC40006F8FBFF34F8FFB6100BF00BFFDE701F0A7
:10CC500093FC0346002B02D17B68002B01D10123FA
:10CC600000E00023002B0BD14FF0500383F3118819
:10CC7000BFF36F8FBFF34F8FBB6100BF00BFFDE7F6
:10CC800002F0C0FEBB6A9B6B7B627B6A002B1FD0ED
:10CC9000B968B86A00F02DFA7B6A5A1EBB6A9A63BB
:10CCA000BB6A1B69002B0FD0BB6A1033184601F01A
:10CCB000C5F90346002B07D03C4B4FF080521A6059
:10CCC000BFF34F8FBFF36F8F02F0CEFE012369E0F9
:10CCD0007B68002B03D102F0C7FE002362E0FB6AF1
:10CCE000002B06D107F11003184601F045FB012384
:10CCF000FB6202F0B9FE00F02DFE02F083FEBB6A7B
:10CD000093F844305BB2B3F1FF3F03D1BB6A00221A
:10CD100083F84420BB6A93F845305BB2B3F1FF3F20
:10CD200003D1BB6A002283F8452002F09DFE3A1D24
:10CD300007F110031146184601F034FB0346002B9F
:10CD400023D1B86A00F04DFA0346002B17D0BB6A16
:10CD500024337A681146184601F0ACF8B86A00F03E
:10CD6000EEF900F005FE0346002B89D10F4B4FF082
:10CD700080521A60BFF34F8FBFF36F8F80E7B86A9E
:10CD800000F0DDF900F0F4FD7AE7B86A00F0D7F9B9
:10CD900000F0EEFDB86A00F024FA0346002B3FF4E1
:10CDA0006FAF002318463037BD4680BD04ED00E06C
:10CDB00080B58CB000AF786039600023FB627B687F
:10CDC0007B620023BB627B6A002B0BD14FF05003C8
:10CDD00083F31188BFF36F8FBFF34F8FBB6100BF29
:10CDE00000BFFDE77B6A1B6C002B0BD04FF050039C
:10CDF00083F31188BFF36F8FBFF34F8F7B6100BF49
:10CE000000BFFDE701F0B8FB0346002B02D13B68F1
:10CE1000002B01D1012300E00023002B0BD14FF0A8
:10CE2000500383F31188BFF36F8FBFF34F8F3B61C4
:10CE300000BF00BFFDE702F0E5FD7B6A9B6B3B6234
:10CE40003B6A002B24D03B6A5A1E7B6A9A637B6A3A
:10CE50001B68002B04D101F0C9FD02467B6A9A6071
:10CE60007B6A1B69002B0FD07B6A1033184601F0D8
:10CE7000E5F80346002B07D04C4B4FF080521A6068
:10CE8000BFF34F8FBFF36F8F02F0EEFD012389E0F8
:10CE90003B68002B03D102F0E7FD002382E0FB6A30
:10CEA000002B06D107F10803184601F065FA0123AB
:10CEB000FB6202F0D9FD00F04DFD02F0A3FD7B6A9C
:10CEC00093F844305BB2B3F1FF3F03D17B6A002299
:10CED00083F844207B6A93F845305BB2B3F1FF3F9F
:10CEE00003D17B6A002283F8452002F0BDFD3A465B
:10CEF00007F108031146184601F054FA0346002BC7
:10CF000032D1786A00F06DF90346002B26D07B6A97
:10CF10001B68002B09D102F075FD7B6A9B681846DF
:10CF200001F048FBB86202F09FFD7B6A24333A6847
:10CF30001146184600F0BEFF786A00F000F900F0D4
:10CF400017FD0346002B7FF476AF184B4FF080524D
:10CF50001A60BFF34F8FBFF36F8F6CE7786A00F0F2
:10CF6000EEF800F005FD66E7786A00F0E8F800F0FA
:10CF7000FFFC786A00F035F90346002B3FF45BAF05
:10CF8000BB6A002B0DD002F03DFD786A00F02FF84F
:10CF9000F8617B6A9B68F969184601F053FC02F05E
:10CFA00063FD002318463037BD4680BD04ED00E028
:10CFB00080B584B000AF78607B68002B0BD14FF058
:10CFC000500383F31188BFF36F8FBFF34F8FBB60A4
:10CFD00000BF00BFFDE702F015FD7B689B6BFB60A7
:10CFE00002F042FDFB6818461037BD4680BD80B494
:10CFF00085B000AF78607B685B6A002B06D07B68E9
:10D000001B6B1B68C3F10703FB6001E00023FB609F
:10D01000FB6818461437BD465DF8047B704780B541
:10D0200086B000AFF860B9607A6000237B61FB686E
:10D030009B6B3B61FB681B6C002B0DD1FB681B6875
:10D04000002B4DD1FB689B68184601F053FB7861BB
:10D05000FB6800229A6043E07B68002B19D1FB68D3
:10D060005868FB681B6C1A46B9680BF0B2FFFB6886
:10D070005A68FB681B6C1A44FB685A60FB685A6864
:10D08000FB689B689A422BD3FB681A68FB685A605E
:10D0900026E0FB68D868FB681B6C1A46B9680BF081
:10D0A00098FFFB68DA68FB681B6C5B421A44FB68FC
:10D0B000DA60FB68DA68FB681B689A4207D2FB6893
:10D0C0009A68FB681B6C5B421A44FB68DA607B68F9
:10D0D000022B05D13B69002B02D03B69013B3B6130
:10D0E0003B695A1CFB689A637B6918461837BD4632
:10D0F00080BD80B582B000AF786039607B681B6C02
:10D10000002B18D07B68DA687B681B6C1A447B683C
:10D11000DA607B68DA687B689B689A4203D37B6835
:10D120001A687B68DA607B68D9687B681B6C1A4672
:10D1300038680BF04EFF00BF0837BD4680BD80B594
:10D1400084B000AF786002F05DFC7B6893F84530F6
:10D15000FB7311E07B685B6A002B12D07B68243381
:10D16000184600F06BFF0346002B01D001F082F956
:10D17000FB7B013BDBB2FB7397F90F30002BE9DC43
:10D1800000E000BF7B68FF2283F8452002F06CFCC2
:10D1900002F038FC7B6893F84430BB7311E07B6885
:10D1A0001B69002B12D07B681033184600F046FF35
:10D1B0000346002B01D001F05DF9BB7B013BDBB2E4
:10D1C000BB7397F90E30002BE9DC00E000BF7B68F1
:10D1D000FF2283F8442002F047FC00BF1037BD4611
:10D1E00080BD80B584B000AF786002F00BFC7B6836
:10D1F0009B6B002B02D10123FB6001E00023FB604D
:10D2000002F032FCFB6818461037BD4680BD80B581
:10D2100084B000AF786002F0F5FB7B689A6B7B68A6
:10D22000DB6B9A4202D10123FB6001E00023FB602B
:10D2300002F01AFCFB6818461037BD4680BD00009E
:10D2400080B487B000AF7860396000233B617B68B1
:10D25000002B0BD14FF0500383F31188BFF36F8F76
:10D26000BFF34F8FFB6000BF00BFFDE73B68002BA3
:10D2700024D000237B611EE0184A7B69DB00134445
:10D280005B687A689A4205D17B69DB00134A1344D4
:10D290003B6113E03B69002B0AD1104A7B6952F8CD
:10D2A0003330002B04D17B69DB000C4A13443B6113
:10D2B0007B6901337B617B69072BDDD93B69002BDF
:10D2C00005D03B693A681A603B697A685A6000BFCA
:10D2D0001C37BD465DF8047B704700BF342A002030
:10D2E00080B586B000AFF860B9607A60FB687B619A
:10D2F00002F088FB7B6993F844305BB2B3F1FF3FE7
:10D3000003D17B69002283F844207B6993F8453080
:10D310005BB2B3F1FF3F03D17B69002283F8452064
:10D3200002F0A2FB7B699B6B002B06D17B69243347
:10D330007A68B968184600F03BFE7869FFF7FFFE8F
:10D3400000BF1837BD4680BD80B58EB004AFF86011
:10D35000B9607A603B607B6B002B0BD14FF05003C0
:10D3600083F31188BFF36F8FBFF34F8F3B6200BF12
:10D3700000BFFDE7BB6B002B0BD14FF0500383F3D5
:10D380001188BFF36F8FBFF34F8FFB6100BF00BFEA
:10D39000FDE7A0237B617B69A02B0BD04FF05003EE
:10D3A00083F31188BFF36F8FBFF34F8FBB6100BF53
:10D3B00000BFFDE77B69BB6B002B1FD07B6B002B95
:10D3C0001CD0BB6B7B62A0220021786A0AF031FF7F
:10D3D0007B6A7A6B1A637B6A022283F89D200023A2
:10D3E00003937B6A0293FB6B01933B6B00933B6857
:10D3F0007A68B968F86800F08FF801E000237B6272
:10D400007B6A18462837BD4680BD80B58AB004AF18
:10D41000F860B9607A603B6000233B6107F110035C
:10D420000393BB6A02937B6A01933B6A00933B6858
:10D430007A68B968F868FFF787FF78617B69002B25
:10D4400002D0786900F006F93B6918461837BD46E6
:10D4500080BD80B58AB004AFF860B9607A603B6087
:10D460007B689B00184602F0F3FB38613B69002B98
:10D4700013D0A02002F0ECFB78617B69002B08D070
:10D48000A022002178690AF0D4FE7B693A691A6308
:10D4900005E0386902F014FD01E000237B617B693F
:10D4A000002B11D07B69002283F89D200023039379
:10D4B0007B6902937B6A01933B6A00933B687A68BD
:10D4C000B968F86800F028F87B6918461837BD4637
:10D4D00080BD80B588B002AFF860B9607A603B600B
:10D4E0007B6A01933B6A00933B687A68B968F86885
:10D4F000FFF7AFFF38613B69002B05D0386900F0BA
:10D50000A9F801237B6102E04FF0FF337B617B6967
:10D5100018461837BD4680BD80B588B000AFF860AA
:10D52000B9607A603B603B6B1A6B7B6803F18043A8
:10D53000013B9B001344BB61BB6923F00703BB6144
:10D54000BB6903F00703002B0BD04FF0500383F3AC
:10D550001188BFF36F8FBFF34F8F7B6100BF00BF98
:10D56000FDE7BB68002B1ED00023FB6112E0BA6808
:10D57000FB69134419783A6BFB69134434330A4648
:10D580001A70BA68FB6913441B78002B06D0FB693C
:10D590000133FB61FB690F2BE9D900E000BF3B6B56
:10D5A000002283F84320BB6A062B0BD94FF05003AF
:10D5B00083F31188BFF36F8FBFF34F8F3B6100BFC1
:10D5C00000BFFDE7BB6A062B01D90623BB623B6B9C
:10D5D000BA6ADA623B6BBA6A5A643B6B0433184628
:10D5E000FEF79CFE3B6B18331846FEF797FE3B6B2D
:10D5F0003A6B1A61BB6AC3F107023B6B9A613B6BE2
:10D600003A6B5A623B6B4C334C22002118460AF0AD
:10D6100010FE3B6B0C4A1A653B6B0C4A5A653B6B20
:10D620000B4A9A653A68F968B86902F069F80246E7
:10D630003B6B1A60FB6A002B02D0FB6A3A6B1A60E4
:10D6400000BF2037BD4680BD006501206865012010
:10D65000D065012080B584B000AF786002F0D2F9C7
:10D660003F4B1B6801333E4A13603E4B1B68002B47
:10D6700009D13C4A7B681360394B1B68012B10D1E0
:10D6800000F01CFF0DE0384B1B68002B09D1354B17
:10D690001B68DA6A7B68DB6A9A4202D8314A7B6887
:10D6A0001360324B1B680133304A13607B68DB6ABE
:10D6B00001229A402E4B1B6813432D4A13607B684E
:10D6C000DA6A2C4913469B0013449B000B44043335
:10D6D0001B68FB607B68FA689A60FB689A687B68E5
:10D6E000DA60FB689B687A6804325A607B681A1DAE
:10D6F000FB689A607B68DA6A13469B0013449B00C0
:10D700001C4A1A447B685A617B68DA6A19491346D5
:10D710009B0013449B000B441B687A68D26A591C17
:10D72000144813469B0013449B000344196002F005
:10D730009BF90D4B1B68002B0ED00A4B1B68DA6A55
:10D740007B68DB6A9A4207D20B4B4FF080521A601B
:10D75000BFF34F8FBFF36F8F00BF1037BD4680BD43
:10D760005C2B0020742A0020682B0020782B0020DE
:10D77000642B0020782A002004ED00E080B584B0FE
:10D7800000AF78600023FB607B68002B18D000F0AE
:10D79000E1F8134B1B68012B0BD04FF0500383F3C0
:10D7A0001188BFF36F8FBFF34F8FBB6000BF00BF07
:10D7B000FDE70021786801F06FFC00F0D9F8F8600F
:10D7C000FB68002B07D1074B4FF080521A60BFF364
:10D7D0004F8FBFF36F8F00BF1037BD4680BD00BFB6
:10D7E000842B002004ED00E080B590B004AF01234D
:10D7F000FB6200233B6200237B6213E02B4A7B6ABF
:10D800001344197807F110027B6A13440A461A7010
:10D8100007F110027B6A13441B78002B06D07B6A49
:10D8200001337B627B6A0F2BE8DD00E000BF002341
:10D83000BB6231E01E4B3B620023FB600023BB60F8
:10D840003A1D07F1080107F10C031846E4F74AFCFA
:10D850007868BB68FA6807F110010292019300230F
:10D86000009300230246386AFFF7CFFD02461149B4
:10D87000BB6A41F823200F4ABB6A52F82330002BC1
:10D8800002D00123FB6201E00023FB62FB6A002B54
:10D8900006D0BB6A0133BB62BB6A002BCADD00E065
:10D8A00000BFFB6A18463037BD4680BDBCB90208D0
:10D8B0008DE40108802B002080B584B000AFFFF715
:10D8C00093FFF860FB68012B02D101F067FCF86060
:10D8D000FB68012B1BD14FF0500383F31188BFF37A
:10D8E0006F8FBFF34F8FBB6000BF144B1B684C336F
:10D8F000134A1360134B4FF0FF321A60124B012290
:10D900001A60124B00221A6001F08CFF0FE0FB68D6
:10D91000B3F1FF3F0BD14FF0500383F31188BFF3F6
:10D920006F8FBFF34F8F7B6000BF00BFFDE7084BD9
:10D930001B6800BF1037BD4680BD00BF742A0020A1
:10D94000480400207C2B0020682B0020602B002046
:10D95000AC02002080B400AF044B1B680133034AC3
:10D96000136000BFBD465DF8047B7047842B002028
:10D9700080B588B000AF0023FB610023BB6102F0DB
:10D9800041F800233B61754B1B68002B0BD14FF016
:10D99000500383F31188BFF36F8FBFF34F8F3B604A
:10D9A00000BF00BFFDE76D4B1B68013B6B4A136076
:10D9B0006A4B1B68002B40F0CA80694B1B68002B28
:10D9C00000F0C5808EE0674BDB68DB68FB61FB69BC
:10D9D0009B6AFB60FB69DB69FA69126A9A60FB6902
:10D9E0001B6AFA69D2695A60FB685A68FB69183386
:10D9F0009A4203D1FB691A6AFB685A60FB690022EC
:10DA00009A62FB681B685A1EFB681A60FB695B69B7
:10DA1000BB60FB699B68FA69D2689A60FB69DB6846
:10DA2000FA6992685A60BB685A68FB6904339A4283
:10DA300003D1FB69DA68BB685A60FB6900225A614E
:10DA4000BB681B685A1EBB681A60FB69DB6A01224F
:10DA50009A40454B1B681343434A1360FB69DA6ADB
:10DA6000424913469B0013449B000B4404331B683C
:10DA70007B60FB697A689A607B689A68FB69DA6008
:10DA80007B689B68FA6904325A60FB691A1D7B68DF
:10DA90009A60FB69DA6A13469B0013449B00334A81
:10DAA0001A44FB695A61FB69DA6A304913469B00E4
:10DAB00013449B000B441B68FA69D26A591C2B481B
:10DAC00013469B0013449B0003441960FB69DA6A08
:10DAD000274B1B68DB6A9A4204D9264A3B6901211D
:10DAE00042F823101F4B1B68002B7FF46CAFFB69BF
:10DAF000002B01D000F024FD1F4B1B687B617B696C
:10DB0000002B12D000F058F80346002B04D0194A1D
:10DB10003B69012142F823107B69013B7B617B69F2
:10DB2000002BEFD1144B00221A60124A3B6952F8C5
:10DB30002330002B0BD00123BB610D4B1B680F4B17
:10DB40004FF080521A60BFF34F8FBFF36F8F01F019
:10DB50008BFFBB6918462037BD4680BD842B002053
:10DB60005C2B0020342B0020642B0020782A00201E
:10DB7000742A0020702B00206C2B002004ED00E0A4
:10DB800080B483B000AF054B1B687B607B68184690
:10DB90000C37BD465DF8047B704700BF602B00204A
:10DBA00080B400AF034B1B681846BD465DF8047B8C
:10DBB000704700BF5C2B002080B58AB000AF002307
:10DBC0007B627F4B1B68002B40F0EF807D4B1B6816
:10DBD00001333B627B4A3B6A13603B6A002B21D1D5
:10DBE000794B1B681B68002B0BD04FF0500383F35D
:10DBF0001188BFF36F8FBFF34F8F7B6000BF00BFF3
:10DC0000FDE7714B1B68FB61704B1B686E4A13602C
:10DC10006E4AFB6913606E4B1B6801336C4A1360DC
:10DC200000F08EFC6B4B1B683A6A9A42C0F0A880E9
:10DC3000654B1B681B68002B04D1664B4FF0FF320D
:10DC40001A609DE0604B1B68DB68DB68BB61BB69E9
:10DC50005B687B613A6A7B699A4203D25D4A7B6961
:10DC600013608DE0BB695B693B61BB699B68BA6906
:10DC7000D2689A60BB69DB68BA6992685A603B698E
:10DC80005A68BB6904339A4203D1BB69DA683B69BD
:10DC90005A60BB6900225A613B691B685A1E3B6986
:10DCA0001A60BB699B6A002B1ED0BB699B6AFB6034
:10DCB000BB69DB69BA69126A9A60BB691B6ABA6997
:10DCC000D2695A60FB685A68BB6918339A4203D11B
:10DCD000BB691A6AFB685A60BB6900229A62FB68DA
:10DCE0001B685A1EFB681A60BB69DB6A01229A40F6
:10DCF000394B1B681343384A1360BB69DA6A3749EA
:10DD000013469B0013449B000B4404331B68BB6009
:10DD1000BB69BA689A60BB689A68BB69DA60BB681D
:10DD20009B68BA6904325A60BB691A1DBB689A6065
:10DD3000BB69DA6A13469B0013449B00274A1A44C6
:10DD4000BB695A61BB69DA6A244913469B001344D4
:10DD50009B000B441B68BA69D26A591C1F481346C2
:10DD60009B0013449B0003441960BB69DA6A1C4B97
:10DD70001B68DB6A9A427FF65BAF01237B6257E741
:10DD8000174B1B68DA6A154913469B0013449B0026
:10DD90000B441B68012B01D901237B62114B1B68CB
:10DDA000002B07D001237B6204E00F4B1B6801337B
:10DDB0000D4A13607B6A18462837BD4680BD00BFF8
:10DDC000842B0020602B00202C2B0020302B0020E7
:10DDD000742B00207C2B0020642B0020782A00204C
:10DDE000742A0020702B00206C2B002080B487B098
:10DDF00000AF2A4B1B68002B03D0294B01221A606D
:10DE000046E0274B00221A60264B1B68FB60FB682C
:10DE1000B3FA83F3FB72FB7AC3F11F037B612249E0
:10DE20007A6913469B0013449B000B441B68002B2C
:10DE30000BD14FF0500383F31188BFF36F8FBFF303
:10DE40004F8F7B6000BF00BFFDE77A6913469B00E0
:10DE500013449B00144A13443B613B695B685A6856
:10DE60003B695A603B695A683B6908339A4203D15F
:10DE70003B69DA683B695A603B695B68DB680B4A5F
:10DE800013600A4B1B68094B1B684C33084A13602C
:10DE900000BF1C37BD465DF8047B7047842B002013
:10DEA000702B0020642B0020782A0020742A002088
:10DEB0004804002080B584B000AF786039607B688A
:10DEC000002B0BD14FF0500383F31188BFF36F8FFA
:10DED000BFF34F8FFB6000BF00BFFDE7074B1B6820
:10DEE000183319467868FEF726FA0121386801F0E0
:10DEF000D3F800BF1037BD4680BD00BF742A002094
:10DF000080B588B000AFF860B9607A60FB68002B1C
:10DF10000BD14FF0500383F31188BFF36F8FBFF322
:10DF20004F8FBB6100BF00BFFDE71F4B1B68002B7D
:10DF30000BD14FF0500383F31188BFF36F8FBFF302
:10DF40004F8F7B6100BF00BFFDE7184B1B68BA68AD
:10DF500042F000429A61FB685B68FB61134B1B68EF
:10DF6000FA69DA61114B1B68FA6992681A620F4B01
:10DF70001A68FB699B6818325A600C4B1B6803F1E6
:10DF80001802FB699A60094B1B68FA689A62FB6881
:10DF90001B685A1CFB681A600121786801F07CF844
:10DFA00000BF2037BD4680BD842B0020742A00208E
:10DFB00080B586B000AFF860B9607A60FB68002B6E
:10DFC0000BD14FF0500383F31188BFF36F8FBFF372
:10DFD0004F8F3B6100BF00BFFDE7FB685B687B6163
:10DFE000154B1B687A69DA61134B1B687A69926872
:10DFF0001A62114B1A687B699B6818325A600E4B83
:10E000001B6803F118027B699A600B4B1B68FA6866
:10E010009A62FB681B685A1CFB681A607B68002BBD
:10E0200002D04FF0FF33BB607968B86801F034F874
:10E0300000BF1837BD4680BD742A002080B48BB065
:10E0400000AF78607B68DB68DB683B623B6A002B73
:10E050000BD14FF0500383F31188BFF36F8FBFF3E1
:10E060004F8FFB6000BF00BFFDE73B6A9B6AFB610F
:10E070003B6ADB693A6A126A9A603B6A1B6A3A6ACF
:10E08000D2695A60FB695A683B6A18339A4203D1D5
:10E090003B6A1A6AFB695A603B6A00229A62FB6912
:10E0A0001B685A1EFB691A604B4B1B68002B60D122
:10E0B0003B6A5B697B613B6A9B683A6AD2689A609B
:10E0C0003B6ADB683A6A92685A607B695A683B6AC5
:10E0D00004339A4203D13B6ADA687B695A603B6A2F
:10E0E00000225A617B691B685A1E7B691A603B6A71
:10E0F000DB6A01229A40394B1B681343374A13608D
:10E100003B6ADA6A364913469B0013449B000B4472
:10E1100004331B683B613B6A3A699A603B699A68C1
:10E120003B6ADA603B699B683A6A04325A603B6A30
:10E130001A1D3B699A603B6ADA6A13469B001344D6
:10E140009B00274A1A443B6A5A613B6ADA6A2449AF
:10E1500013469B0013449B000B441B683A6AD26A27
:10E16000591C1F4813469B0013449B00034419602D
:10E170001BE01C4B5B68BB613B6ABA69DA61BB6937
:10E180009A683B6A1A62BB699B683A6A18325A609D
:10E190003B6A03F11802BB699A603B6A114A9A62B2
:10E1A000104B1B6801330F4A13603B6ADA6A0E4B4F
:10E1B0001B68DB6A9A4205D901237B620B4B012263
:10E1C0001A6001E000237B627B6A18462C37BD464B
:10E1D0005DF8047B704700BF842B0020642B002077
:10E1E000782A0020342B0020742A0020702B002075
:10E1F00080B489B000AF786039605A4B1B68002B3F
:10E200000BD14FF0500383F31188BFF36F8FBFF32F
:10E210004F8FFB6000BF00BFFDE73B6843F000424B
:10E220007B681A607B68DB68FB61FB69002B0BD1A4
:10E230004FF0500383F31188BFF36F8FBFF34F8FFD
:10E24000BB6000BF00BFFDE77B681B69BB617B68EB
:10E250005B687A6892689A607B689B687A685268A3
:10E260005A60BB695B687A689A4203D17B689A6896
:10E27000BB695A607B6800221A61BB691B685A1E21
:10E28000BB691A60FB695B697B61FB699B68FA6922
:10E29000D2689A60FB69DB68FA6992685A607B69A8
:10E2A0005A68FB6904339A4203D1FB69DA687B69D7
:10E2B0005A60FB6900225A617B691B685A1E7B69A0
:10E2C0001A60FB69DB6A01229A40274B1B681343E3
:10E2D000254A1360FB69DA6A244913469B001344FC
:10E2E0009B000B4404331B683B61FB693A699A60ED
:10E2F0003B699A68FB69DA603B699B68FA6904329A
:10E300005A60FB691A1D3B699A60FB69DA6A134619
:10E310009B0013449B00154A1A44FB695A61FB6930
:10E32000DA6A124913469B0013449B000B441B6896
:10E33000FA69D26A591C0D4813469B0013449B008E
:10E3400003441960FB69DA6A094B1B68DB6A9A426D
:10E3500002D9084B01221A6000BF2437BD465DF880
:10E36000047B7047842B0020642B0020782A002037
:10E37000742A0020702B002080B483B000AF786036
:10E38000064B1A687B681A60054B1A687B685A60EE
:10E3900000BF0C37BD465DF8047B7047742B00202E
:10E3A000602B002080B588B000AF786039607B6852
:10E3B000002B0BD14FF0500383F31188BFF36F8F05
:10E3C000BFF34F8F3B6100BF00BFFDE73B68002BF1
:10E3D0000BD14FF0500383F31188BFF36F8FBFF35E
:10E3E0004F8FFB6000BF00BFFDE701F00BFB1F4B31
:10E3F0001B68BB617B685B68BA69D31A7B613B6849
:10E400001B68B3F1FF3F02D10023FB6126E07B686C
:10E410001A68174B1B689A420AD07B685B68BA6916
:10E420009A4205D30123FB613B6800221A6015E084
:10E430003B681B687A699A420BD23B681A687B6911
:10E44000D21A3B681A607868FFF796FF0023FB61D9
:10E4500004E03B6800221A600123FB6101F004FB29
:10E46000FB6918462037BD4680BD00BF602B0020E9
:10E47000742B002080B400AF034B01221A6000BF50
:10E48000BD465DF8047B7047702B002080B582B0DC
:10E4900000AF786000F04CF8064B1B68012BF9D9EF
:10E4A000054B4FF080521A60BFF34F8FBFF36F8F51
:10E4B000F0E700BF782A002004ED00E080B582B0CC
:10E4C00000AF00237B600CE07A6813469B00134486
:10E4D0009B00104A13441846FDF700FF7B68013388
:10E4E0007B607B68062BEFD90B48FDF7F7FE0B48E6
:10E4F000FDF7F4FE0A48FDF7F1FE0A48FDF7EEFECF
:10E50000094B054A1A60094B044A1A6000BF0837D4
:10E51000BD4680BD782A0020042B0020182B002047
:10E52000342B0020482B00202C2B0020302B0020E7
:10E5300080B400AF00BFBD465DF8047B70470000AB
:10E5400080B400AF0A4B1B681B68002B04D1094B39
:10E550004FF0FF321A6005E0054B1B68DB681B6853
:10E56000044A136000BFBD465DF8047B704700BFDE
:10E570002C2B00207C2B002080B483B000AF0B4BF1
:10E580001B68002B02D101237B6008E0084B1B684D
:10E59000002B02D102237B6001E000237B607B68BB
:10E5A00018460C37BD465DF8047B7047682B002089
:10E5B000842B002080B586B000AF78607B683B611B
:10E5C00000237B617B68002B00F089803B69DA6A5D
:10E5D000454B1B68DB6A9A4278D23B699B69002BEA
:10E5E00006DB414B1B68DB6AC3F107023B699A619A
:10E5F0003B6959693B69DA6A13469B0013449B00E7
:10E600003A4A1344994259D13B6904331846FDF7FD
:10E61000CBFE0346002B0AD13B69DB6A012202FADA
:10E6200003F3DA43324B1B681340314A13602E4B1D
:10E630001B68DA6A3B69DA623B69DB6A01229A404D
:10E640002B4B1B6813432A4A13603B69DA6A27493C
:10E6500013469B0013449B000B4404331B68FB6070
:10E660003B69FA689A60FB689A683B69DA60FB6804
:10E670009B683A6904325A603B691A1DFB689A60CC
:10E680003B69DA6A13469B0013449B00174A1A44FD
:10E690003B695A613B69DA6A144913469B0013448B
:10E6A0009B000B441B683A69D26A591C0F481346F9
:10E6B0009B0013449B000344196004E00A4B1B6851
:10E6C000DA6A3B69DA6201237B6108E03B695A6CD4
:10E6D000054B1B68DB6A9A4201D201237B617B698F
:10E6E00018461837BD4680BD742A0020782A0020BD
:10E6F000642B002080B588B000AF78607B68BB6178
:10E700000023FB617B68002B00F090804A4B1B6864
:10E71000BA699A420BD04FF0500383F31188BFF3CC
:10E720006F8FBFF34F8F3B6100BF00BFFDE7BB6939
:10E730009B6C002B0BD14FF0500383F31188BFF378
:10E740006F8FBFF34F8FFB6000BF00BFFDE7BB695A
:10E750009B6C5A1EBB699A64BB69DA6ABB695B6CC5
:10E760009A4263D0BB699B6C002B5FD1BB690433B9
:10E770001846FDF719FE0346002B0AD1BB69DB6A78
:10E78000012202FA03F3DA432C4B1B6813402B4A95
:10E790001360BB695A6CBB69DA62BB69DB6AC3F19F
:10E7A0000702BB699A61BB69DB6A01229A40234B6D
:10E7B0001B681343214A1360BB69DA6A2049134678
:10E7C0009B0013449B000B4404331B687B61BB69B3
:10E7D0007A699A607B699A68BB69DA607B699B6831
:10E7E000BA6904325A60BB691A1D7B699A60BB69B9
:10E7F000DA6A13469B0013449B00114A1A44BB6912
:10E800005A61BB69DA6A0E4913469B0013449B00A8
:10E810000B441B68BA69D26A591C094813469B000D
:10E8200013449B00034419600123FB61FB691846F4
:10E830002037BD4680BD00BF742A0020642B002015
:10E84000782A002080B58AB000AF786039607B6894
:10E850003B620123FB617B68002B00F0A5803B6AD3
:10E860009B6C002B0BD14FF0500383F31188BFF347
:10E870006F8FBFF34F8F3B6100BF00BFFDE73B6A67
:10E880005B6C3A689A4202D93B687B6202E03B6A61
:10E890005B6C7B623B6ADB6A7A6A9A4200F0848036
:10E8A0003B6A9B6CFA699A427ED1414B1B683A6A7B
:10E8B0009A420BD14FF0500383F31188BFF36F8F4F
:10E8C000BFF34F8FFB6000BF00BFFDE73B6ADB6A11
:10E8D000BB613B6A7A6ADA623B6A9B69002B04DBA4
:10E8E0007B6AC3F107023B6A9A613B6A5969BA695C
:10E8F00013469B0013449B002E4A1344994253D164
:10E900003B6A04331846FDF74FFD0346002B0AD13E
:10E910003B6ADB6A012202FA03F3DA43264B1B68E7
:10E920001340254A13603B6ADB6A01229A40224B5E
:10E930001B681343204A13603B6ADA6A1D49134679
:10E940009B0013449B000B4404331B687B613B6AB0
:10E950007A699A607B699A683B6ADA607B699B682E
:10E960003A6A04325A603B6A1A1D7B699A603B6AB4
:10E97000DA6A13469B0013449B000E4A1A443B6A12
:10E980005A613B6ADA6A0B4913469B0013449B00A9
:10E990000B441B683A6AD26A591C064813469B000E
:10E9A00013449B000344196000BF2837BD4680BD57
:10E9B000742A0020782A0020642B002080B483B0C1
:10E9C00000AF094B1B689B697B60074B1B68DA6AC9
:10E9D000054B1B68C2F107029A617B6818460C3729
:10E9E000BD465DF8047B7047742A002080B483B074
:10E9F00000AF094B1B687B607B68002B04D07B68F1
:10EA00009B6C5A1C7B689A647B6818460C37BD4621
:10EA10005DF8047B704700BF742A002080B588B081
:10EA200000AFF860B9607A600023FB61FB68002BDF
:10EA30000BD04FF0500383F31188BFF36F8FBFF3F8
:10EA40004F8F3B6100BF00BFFDE7FEF783FF00F083
:10EA5000D9FF2D4B1B68FA68263253F82230002B61
:10EA60000BD1294B1A68FB6813449C3301221A709E
:10EA70007B68002B01D00123FB6100F0F5FFFB69EF
:10EA8000012B03D10121786800F006FBFEF770FF2F
:10EA9000B861FB69012B0AD1BB69002B07D11B4B65
:10EAA0004FF080521A60BFF34F8FBFF36F8F00F0AB
:10EAB000A9FF154B1B68FA68263253F822307B6198
:10EAC0007B69002B12D0BB68002B07D00E4B1B6854
:10EAD000FA682632002143F8221007E00A4B1B682F
:10EAE0007A69511EFA68263243F82210064B1A68DA
:10EAF000FB6813449C3300221A7000F0B5FF7B6959
:10EB000018462037BD4680BD742A002004ED00E081
:10EB100080B588B000AFF860B9607A603B600023D0
:10EB2000BB61FB68002B0BD04FF0500383F31188BF
:10EB3000BFF36F8FBFF34F8F3B6100BF00BFFDE797
:10EB4000FEF708FF00F05EFF384B1A68FB681344BD
:10EB50009C331B78DBB2022B18D0344B1B68FA684D
:10EB6000263253F82210BA68D2431140FA6826328E
:10EB700043F822102D4B1A68FB6813449C33012282
:10EB80001A70BB6A002B01D00123BB6100F06CFF3F
:10EB9000BB69012B03D10121B86A00F07DFAFEF7B1
:10EBA000E7FE7861BB69012B0AD17B69002B07D195
:10EBB0001F4B4FF080521A60BFF34F8FBFF36F8F20
:10EBC00000F020FF3B68002B07D0184B1B68FA6849
:10EBD000263253F822203B681A60144B1A68FB68EF
:10EBE00013449C331B78DBB2022B02D00023FB6161
:10EBF0000EE00E4B1B68FA68263253F822107A6832
:10EC0000D2431140FA68263243F822100123FB61F7
:10EC1000064B1A68FB6813449C3300221A7000F0FC
:10EC200023FFFB6918462037BD4680BD742A0020AB
:10EC300004ED00E080B58EB000AFF860B9607A6096
:10EC4000FB7001237B63BB68002B0BD04FF050039C
:10EC500083F31188BFF36F8FBFF34F8F3B6200BF09
:10EC600000BFFDE7FB68002B0BD14FF0500383F38F
:10EC70001188BFF36F8FBFF34F8FFB6100BF00BFE1
:10EC8000FDE7FB683B6300F0BDFE3B6C002B06D04C
:10EC90003B6BBA68263253F822203B6C1A603A6B01
:10ECA000BB6813449C331B7887F82F303A6BBB68E2
:10ECB00013449C3302221A70FB78042B3BD801A228
:10ECC00052F823F057ED0108D9EC0108F5EC0108E2
:10ECD0000DED01081BED01083B6BBA68263253F8B5
:10ECE00022207B6842EA03013B6BBA68263243F874
:10ECF000221033E03B6BBA68263253F82230591C9D
:10ED00003B6BBA68263243F8221027E03B6BBA68A7
:10ED10002632796843F8221020E097F82F30022B32
:10ED200006D03B6BBA682632796843F8221015E0AA
:10ED300000237B6312E04E4B1B68002B0DD04FF07D
:10ED4000500383F31188BFF36F8FBFF34F8FBB6105
:10ED500000BF00BFFDE700BF00E000BF97F82F3005
:10ED6000012B7ED13B6B5B69BB623B6B9B683A6B53
:10ED7000D2689A603B6BDB683A6B92685A60BB6AF8
:10ED80005A683B6B04339A4203D13B6BDA68BB6A27
:10ED90005A603B6B00225A61BB6A1B685A1EBB6AF1
:10EDA0001A603B6BDB6A01229A40324B1B681343AB
:10EDB000304A13603B6BDA6A2F4913469B001344B9
:10EDC0009B000B4404331B687B623B6B7A6A9A603E
:10EDD0007B6A9A683B6BDA607B6A9B683A6B0432A9
:10EDE0005A603B6B1A1D7B6A9A603B6BDA6A13466A
:10EDF0009B0013449B00204A1A443B6B5A613B6BB7
:10EE0000DA6A1D4913469B0013449B000B441B68A0
:10EE10003A6BD26A591C184813469B0013449B0056
:10EE2000034419603B6B9B6A002B0BD04FF05003DF
:10EE300083F31188BFF36F8FBFF34F8F7B6100BFE8
:10EE400000BFFDE70D4B1B68DA6A3B6BDB6A9A4239
:10EE500007D20B4B4FF080521A60BFF34F8FBFF3B6
:10EE60006F8F00F001FE7B6B18463837BD4680BDC2
:10EE7000602B0020642B0020782A0020742A0020B8
:10EE800004ED00E080B590B000AFF860B9607A6042
:10EE9000FB68002B0BD14FF0500383F31188BFF3B5
:10EEA0006F8FBFF34F8F7B6200BF00BFFDE7BB6872
:10EEB000002B0BD04FF0500383F31188BFF36F8FFB
:10EEC000BFF34F8F3B6200BF00BFFDE700F07EFE47
:10EED000FB68FB63EFF311824FF0500383F311885B
:10EEE000BFF36F8FBFF34F8FFA61BB61FB69BB63E9
:10EEF000FA6BBB6813449C331B7887F83730FA6B86
:10EF0000BB6813449C3302221A70FB6BBA6826322A
:10EF100053F82230591CFB6BBA68263243F8221092
:10EF200097F83730012B40F0A180FB6B9B6A002BD8
:10EF30000BD04FF0500383F31188BFF36F8FBFF3F3
:10EF40004F8F7B6100BF00BFFDE74D4B1B68002B5F
:10EF500060D1FB6B5B69FB62FB6B9B68FA6BD268F1
:10EF60009A60FB6BDB68FA6B92685A60FB6A5A68BE
:10EF7000FB6B04339A4203D1FB6BDA68FB6A5A607D
:10EF8000FB6B00225A61FB6A1B685A1EFB6A1A60FF
:10EF9000FB6BDB6A01229A403A4B1B681343394AE8
:10EFA0001360FB6BDA6A384913469B0013449B00DD
:10EFB0000B4404331B68BB62FB6BBA6A9A60BB6A82
:10EFC0009A68FB6BDA60BB6A9B68FA6B04325A6022
:10EFD000FB6B1A1DBB6A9A60FB6BDA6A13469B00D7
:10EFE00013449B00284A1A44FB6B5A61FB6BDA6A94
:10EFF000254913469B0013449B000B441B68FA6B86
:10F00000D26A591C204813469B0013449B000344BA
:10F0100019601BE01D4B5B683B63FB6B3A6BDA616D
:10F020003B6B9A68FB6B1A623B6B9B68FA6B1832FE
:10F030005A60FB6B03F118023B6B9A60FB6B134A3F
:10F040009A62124B1B680133104A1360FB6BDA6A39
:10F050000F4B1B68DB6A9A4208D97B68002B02D0F1
:10F060007B6801221A600B4B01221A60BB6B3B616B
:10F070003B6983F3118800BF00BF4037BD4680BDA8
:10F08000842B0020642B0020782A0020342B0020C1
:10F09000742A0020702B002080B588B000AF786003
:10F0A0003960374B1B68FB61364B1B68BB61364BC5
:10F0B0001B687B61354B1B6804331846FDF774F9F8
:10F0C0000346002B0BD1314B1B68DB6A012202FA8D
:10F0D00003F3DA432E4B1B6813402D4A13607B6801
:10F0E000B3F1FF3F24D13B68002B21D0294B5B6853
:10F0F0003B61264B1B683A699A60244B1B683A694E
:10F100009268DA60214B1A683B699B6804325A6046
:10F110001E4B1B681A1D3B699A601C4B1B681D4ADD
:10F120005A611C4B1B6801331A4A136000BF22E06E
:10F13000FA697B681344FB60144B1B68FA685A60D9
:10F14000FA68FB699A4207D2104B1B6804331946D0
:10F150007869FDF7F0F80EE00C4B1B680433194694
:10F16000B869FDF7E8F80C4B1B68FA689A4202D2BE
:10F17000094AFB68136000BF2037BD4680BD00BF51
:10F18000602B00202C2B0020302B0020742A002024
:10F19000642B0020482B00207C2B002080B58AB0F7
:10F1A00004AF00237B6100F06BFA1D4B1B68002B42
:10F1B00021D00023FB600023BB603A1D07F108014A
:10F1C00007F10C031846E2F7A7FF7968BB68FA68F5
:10F1D000029201930623009300230A461149124824
:10F1E000FEF713F90346114A1360104B1B68002BFE
:10F1F00001D001237B617B69002B0BD14FF05003C1
:10F2000083F31188BFF36F8FBFF34F8F3B6100BF54
:10F2100000BFFDE77B6918461837BD4680BD00BFBB
:10F22000B82B0020C4B90208D5F20108BC2B00207D
:10F2300080B584B000AFF860B9607A6008E0FB6820
:10F240009B69BA681344BB60FB681B6AF8689847FF
:10F25000FB689A69BB68D118BB687A68F86800F0E7
:10F26000DFF80346002BEAD100BF00BF1037BD46D0
:10F2700080BD000080B584B000AF78603960144B69
:10F280001B68DB68DB68FB60FB6804331846FDF72E
:10F290008BF8FB6893F8243003F00403002B05D0AF
:10F2A0003A687968F868FFF7C3FF08E0FB6893F8ED
:10F2B000243023F00103DAB2FB6883F82420FB68D2
:10F2C0001B6AF868984700BF1037BD4680BD00BF75
:10F2D000B02B002080B584B000AF786007F1080340
:10F2E000184600F059F8F860BB681946F86800F055
:10F2F00005F800F0D7F800BFF0E7000080B584B053
:10F3000000AF78603960FEF725FB07F10803184667
:10F3100000F066F8F860BB68002B30D13B68002B2A
:10F320000AD17A68FB689A4206D8FEF721FBF96891
:10F330007868FFF79FFF24E03B68002B08D0134B51
:10F340001B681B68002B01D1012300E000233B60F8
:10F350000F4B18687A68FB68D31A3A681946FDF7AC
:10F36000BFFFFEF705FB0346002B0AD1094B4FF008
:10F3700080521A60BFF34F8FBFF36F8F01E0FEF72B
:10F38000F7FA00BF1037BD4680BD00BFB42B002088
:10F39000B82B002004ED00E080B485B000AF7860A9
:10F3A0000E4B1B681B68002B01D1012200E00022DC
:10F3B0007B681A607B681B68002B05D1074B1B68B4
:10F3C000DB681B68FB6001E00023FB60FB681846FC
:10F3D0001437BD465DF8047B704700BFB02B00209A
:10F3E00080B584B000AF7860FEF7CAFBF8600B4BC5
:10F3F0001B68FA689A4205D200F01CF97B6801226A
:10F400001A6002E07B6800221A60044AFB681360FD
:10F41000FB6818461037BD4680BD00BFC02B0020DA
:10F4200080B586B000AFF860B9607A603B600023B9
:10F430007B61FB68BA685A60FB68FA681A61BA684F
:10F440007B689A4212D87A683B68D21AFB689B693B
:10F450009A4202D301237B611BE0104B1A68FB68C0
:10F46000043319461046FCF766FF12E07A683B68E1
:10F470009A4206D2BA683B689A4202D301237B6162
:10F4800007E0074B1A68FB68043319461046FCF77F
:10F4900052FF7B6918461837BD4680BDB42B00204B
:10F4A000B02B002080B588B000AF07F10803002220
:10F4B0001A605A609A60A9E0BB68002BC0F2A6806F
:10F4C0003B69FB61FB695B69002B04D0FB6904337A
:10F4D0001846FCF769FF3B1D1846FFF781FFB8612E
:10F4E000BB68013B082B00F28E8001A252F823F08A
:10F4F00015F5010815F501087DF5010891F50108DC
:10F50000DDF5010815F5010815F501087DF501087F
:10F5100091F50108FB6993F8243043F00103DAB256
:10F52000FB6983F82420FA68FB699B69D118FB68A2
:10F53000BA69F869FFF774FF0346002B65D0FB69D1
:10F5400093F8243003F00403002B09D0FA68FB6918
:10F550009B691344BA691946F869FFF769FE08E028
:10F56000FB6993F8243023F00103DAB2FB6983F8D6
:10F570002420FB691B6AF869984746E0FB6993F809
:10F58000243023F00103DAB2FB6983F824203DE044
:10F59000FB6993F8243043F00103DAB2FB6983F886
:10F5A0002420FA68FB699A61FB699B69002B0BD1E7
:10F5B0004FF0500383F31188BFF36F8FBFF34F8F6A
:10F5C0007B6100BF00BFFDE7FB699A69BB69D11889
:10F5D000BB69BA69F869FFF723FF17E0FB6993F885
:10F5E000243003F00203002B03D1F86900F068FC1B
:10F5F0000CE0FB6993F8243023F00103DAB2FB69D5
:10F6000083F8242002E000BF00E000BF084B1B6825
:10F6100007F1080100221846FDF7E8FA0346002B1F
:10F620007FF44AAF00BF00BF2037BD4680BD00BF9A
:10F63000B82B002080B582B000AF09E00E4B1B68EC
:10F64000DB681B683B604FF0FF313868FFF712FE44
:10F65000094B1B681B68002BF0D1074B1B687B60B4
:10F66000064B1B68044A1360044A7B68136000BFA2
:10F670000837BD4680BD00BFB02B0020B42B002052
:10F6800080B582B002AF00F0BDF9154B1B68002BAE
:10F6900020D11448FCF722FE1348FCF71FFE134B41
:10F6A000104A1A60124B104A1A6000230093114B43
:10F6B000114A0C210520FCF733FF0346084A13606A
:10F6C000074B1B68002B05D0054B1B680B491846E0
:10F6D000FDF7B6FD00F0C8F900BFBD4680BD00BF14
:10F6E000B82B0020882B00209C2B0020B02B002062
:10F6F000B42B0020002C0020C42B0020CCB9020821
:10F7000080B485B000AFF860B9607A60FB68043BF4
:10F71000FB60FB684FF080721A60FB68043BFB6083
:10F72000BB6823F00102FB681A60FB68043BFB60C6
:10F730000C4AFB681A60FB68143BFB607A68FB6844
:10F740001A60FB68043BFB60FB686FF002021A6002
:10F75000FB68203BFB60FB6818461437BD465DF82C
:10F76000047B704769F7010880B485B000AF0023BF
:10F770007B60134B1B68B3F1FF3F0BD04FF050037E
:10F7800083F31188BFF36F8FBFF34F8FFB6000BF10
:10F7900000BFFDE74FF0500383F31188BFF36F8F75
:10F7A000BFF34F8FBB6000BF00BF7B68002BFCD056
:10F7B00000BF00BF1437BD465DF8047B704700BF33
:10F7C000B002002000000000000000000000000067
:10F7D000074B19680868B0E8F04F80F30988BFF359
:10F7E0006F8F4FF0000080F311887047AFF30080F7
:10F7F000742A002000BF00BF08480068006880F33A
:10F8000008884FF0000080F3148862B661B6BFF339
:10F810004F8FBFF36F8F00DF00BF000008ED00E0E7
:10F8200000BF00BF80B58CB000AF694B1B68694A50
:10F8300093420BD14FF0500383F31188BFF36F8FC6
:10F84000BFF34F8F7B6200BF00BFFDE7604B1B68BB
:10F85000614A93420BD14FF0500383F31188BFF3F9
:10F860006F8FBFF34F8F3B6200BF00BFFDE75B4B65
:10F870001B68FB62FB6A2C331B68594A93420BD00E
:10F880004FF0500383F31188BFF36F8FBFF34F8F97
:10F89000FB6100BF00BFFDE7FB6A38331B68514ABC
:10F8A00093420BD04FF0500383F31188BFF36F8F57
:10F8B000BFF34F8FBB6100BF00BFFDE70023BB60FC
:10F8C000494BBB62BB6A1B78DBB2FB73BB6AFF228E
:10F8D0001A70BB6A1B78DBB2FB71FB79DBB203F0F9
:10F8E0005003DAB2414B1A70404B1B78002B0BD1FE
:10F8F0004FF0500383F31188BFF36F8FBFF34F8F27
:10F900007B6100BF00BFFDE7FB79DBB2DB4303F0A7
:10F910005003002B13D04FF0500383F31188BFF333
:10F920006F8FBFF34F8F3B6100BF00BFFDE7BB6828
:10F930000133BB60FB79DBB25B00DBB2FB71FB79AF
:10F94000DBB203F08003802BF1D0BB68082B03D11E
:10F95000274B00221A6004E0BB68C3F10703244A66
:10F960001360234B1B681B02214A1360204B1B684A
:10F9700003F4E0631E4A1360FB7BDAB2BB6A1A70C1
:10F980001C4B1B681B4A43F47F031360194B1B6815
:10F99000184A43F07F431360174B00221A6000F0AF
:10F9A000E5F8164B00221A6000F004F9144B1B68AE
:10F9B000134A43F040431360FFF71EFFFEF716FAA9
:10F9C000FFF7D2FE002318463037BD4680BD00BF8A
:10F9D00000ED00E071C20F4170C20F4108ED00E080
:10F9E000D1F70108C1FA010800E400E0482C00202A
:10F9F0004C2C002020ED00E01CED00E0B0020020C7
:10FA000034EF00E080B483B000AF4FF0500383F3D5
:10FA10001188BFF36F8FBFF34F8F7B6000BF104B18
:10FA20001B6801330E4A13600D4B1B68012B10D16C
:10FA30000C4B1B68DBB2002B0BD04FF0500383F351
:10FA40001188BFF36F8FBFF34F8F3B6000BF00BFC4
:10FA5000FDE700BF0C37BD465DF8047B704700BF73
:10FA6000B002002004ED00E080B483B000AF124B80
:10FA70001B68002B0BD14FF0500383F31188BFF3A9
:10FA80006F8FBFF34F8F7B6000BF00BFFDE70A4B56
:10FA90001B68013B084A1360074B1B68002B05D10C
:10FAA00000233B603B6883F3118800BF00BF0C3725
:10FAB000BD465DF8047B7047B002002000000000E6
:10FAC000EFF30980BFF36F8F154B1A681EF0100F0C
:10FAD00008BF20ED108A20E9F04F10602DE90900E1
:10FAE0004FF0500080F31188BFF34F8FBFF36F8F3B
:10FAF000FEF77CF94FF0000080F3118809BC19680B
:10FB00000868B0E8F04F1EF0100F08BFB0EC108A84
:10FB100080F30988BFF36F8F704700BFAFF3008099
:10FB2000742A002000BF00BF80B582B000AF4FF044
:10FB3000500383F31188BFF36F8FBFF34F8F7B6048
:10FB400000BFFEF739F80346002B03D0064B4FF0F9
:10FB500080521A6000233B603B6883F3118800BF2A
:10FB600000BF0837BD4680BD04ED00E080B400AFA3
:10FB70000B4B00221A600B4B00221A600A4B1B68C9
:10FB80000A4AA2FB03239B09094A013B1360044B69
:10FB900007221A6000BFBD465DF8047B704700BFB6
:10FBA00010E000E018E000E038020020D34D6210C1
:10FBB00014E000E0DFF80C00016841F4700101601E
:10FBC0007047000088ED00E000BF00BF80B485B042
:10FBD00000AFEFF30583FB60FB680F2B15D9184AC4
:10FBE000FB6813441B78FB72164B1B78FA7A9A4217
:10FBF0000BD24FF0500383F31188BFF36F8FBFF325
:10FC00004F8F7B6000BF00BFFDE70F4B1B6803F405
:10FC1000E0620E4B1B689A420BD94FF0500383F3FE
:10FC20001188BFF36F8FBFF34F8F3B6000BF00BFE2
:10FC3000FDE700BF1437BD465DF8047B704700BF89
:10FC4000F0E300E0482C00200CED00E04C2C0020FC
:10FC500080B58EB000AF78600023FB620023BB62EA
:10FC60007B68002B22D00823DB437A689A421BD89A
:10FC700008227B6813447B607B6803F00703002B3A
:10FC800014D07B6803F00703C3F108037B627B6A2F
:10FC9000DB437A689A4204D87A687B6A13447B60B3
:10FCA00004E000237B6001E000237B60FDF752FE4F
:10FCB0007C4B1B68002B01D100F07CF97B68002B8A
:10FCC000C0F2D7807B68002B00F0D380764B1B6896
:10FCD0007A689A4200F2CD80744B3B63734B1B6889
:10FCE0007B637B6B724A934205D37B6B714A934271
:10FCF00001D8012300E00023002B29D14FF050034D
:10FD000083F31188BFF36F8FBFF34F8FFB6100BF89
:10FD100000BFFDE77B6B3B637B6B1B687B637B6B8F
:10FD2000634A934205D37B6B624A934201D8012315
:10FD300000E00023002B0BD14FF0500383F3118818
:10FD4000BFF36F8FBFF34F8FBB6100BF00BFFDE7F5
:10FD50007B6B5B687A689A4203D97B6B1B68002BCC
:10FD6000D8D1504B1B687A6B9A4200F082803B6B73
:10FD70001B6808221344FB62FB6A4D4A934205D379
:10FD8000FB6A4C4A934201D8012300E00023002B78
:10FD90000BD14FF0500383F31188BFF36F8FBFF384
:10FDA0004F8F7B6100BF00BFFDE77B6B1A683B6B29
:10FDB0001A607B6B5B687A689A420BD94FF05003EC
:10FDC00083F31188BFF36F8FBFF34F8F3B6100BF89
:10FDD00000BFFDE77B6B5A687B68D21A08235B0083
:10FDE0009A4224D97A6B7B6813443B623B6A03F0E6
:10FDF0000703002B0BD04FF0500383F31188BFF3A0
:10FE00006F8FBFF34F8FFB6000BF00BFFDE77B6BC1
:10FE10005A687B68D21A3B6A5A607B6B7A685A6070
:10FE20003B6B1A683B6A1A603B6B3A6A1A601E4B5E
:10FE30001A687B6B5B68D31A1B4A13601A4B1A68EB
:10FE40001D4B1B689A4203D2174B1B681A4A13605A
:10FE50007B6B5B68BB627B6B5B6843F000427B6BD8
:10FE60005A607B6B00221A60144B1B680133134AE3
:10FE70001360FDF77DFDFB6A03F00703002B0BD039
:10FE80004FF0500383F31188BFF36F8FBFF34F8F91
:10FE9000BB6000BF00BFFDE7FB6A18463837BD46B0
:10FEA00080BD00BFD8640120DC640120D064012043
:10FEB000502C0020CF640120E0640120E464012084
:10FEC00080B588B000AF78607B68FB617B68002BF1
:10FED00064D008235B42FA691344FB61FB69BB6190
:10FEE000BB69304A934205D3BB692F4A934201D87C
:10FEF000012300E00023002B0BD14FF0500383F3CC
:10FF00001188BFF36F8FBFF34F8F7B6100BF00BFBE
:10FF1000FDE7BB695B68002B0BDB4FF0500383F3FD
:10FF20001188BFF36F8FBFF34F8F3B6100BF00BFDE
:10FF3000FDE7BB691B68002B0BD04FF0500383F328
:10FF40001188BFF36F8FBFF34F8FFB6000BF00BFFF
:10FF5000FDE7BB695B68DB0F03F00103DBB2002B3D
:10FF60001CD0BB691B68002B18D1BB695B6823F0F0
:10FF70000042BB695A60FDF7EDFCBB695A680B4B48
:10FF80001B681344094A1360B86900F06FF8084B06
:10FF90001B680133064A1360FDF7EAFC00BF2037F7
:10FFA000BD4680BD502C0020CF640120DC640120C0
:10FFB000E864012080B485B000AF264BBB60264BBF
:10FFC000FB60FB6803F00703002B0CD0FB680733D2
:10FFD000FB60FB6823F00703FB60BA68FB68D31A79
:10FFE0001D4A1344BB60FB681C4A13601B4B002274
:10FFF0005A60FA68BB6813447B6008227B689B1ACE
:020000040802F0
:100000007B607B6823F007037B607B68144A136086
:10001000134B1B6800225A60114B1B6800221A60A8
:10002000FB683B603B687A68D21A3B685A600C4BAD
:100030001A683B681A603B685B680A4A13603B6851
:100040005B68094A136000BF1437BD465DF8047B46
:10005000704700BF80380100502C0020D064012080
:10006000D8640120E0640120DC64012080B487B002
:1000700000AF7860364B7B6102E07B691B687B6177
:100080007B691B687A689A42F7D87B69304A934249
:1000900018D07B692F4A934205D37B692E4A93423D
:1000A00001D8012300E00023002B0BD14FF05003B7
:1000B00083F31188BFF36F8FBFF34F8FFB6000BFD7
:1000C00000BFFDE77B693B617B695B683A6913446C
:1000D0007A689A4208D17B695A687B685B681A44DF
:1000E0007B695A607B697B607B683B617B685B688E
:1000F0003A691A447B691B689A4218D17B691A686D
:10010000164B1B689A420DD07B685A687B691B6846
:100110005B681A447B685A607B691B681A687B6855
:100120001A6008E00D4B1A687B681A6003E07B696F
:100130001A687B681A607A697B689A4202D07B6988
:100140007A681A6000BF1C37BD465DF8047B7047B3
:10015000D0640120502C0020CF640120D8640120FD
:1001600080B584B000AF0346FB71FB79084A9B0061
:1001700013445B685B68FA7905490A44127A1046B1
:1001800098470346FB73FB7B18461037BD4680BD7E
:10019000F464012080B584B000AF0346FB710023F6
:1001A000FB73FB790E4AD35C002B14D1FB790C4A0C
:1001B0009B0013445B681B68FA7909490A44127A68
:1001C000104698470346FB73FB7B002B03D1FB795A
:1001D000034A0121D154FB7B18461037BD4680BD30
:1001E000F464012090B587B000AFB9607A603B60DD
:1001F0000346FB73FB7B0A4A9B0013445B689C68C5
:10020000FB7B074A1344187A3B687A68B968A047B1
:100210000346FB75FB7D18461C37BD4690BD00BFED
:10022000F464012090B587B000AFB9607A603B609C
:100230000346FB73FB7B0A4A9B0013445B68DC6844
:10024000FB7B074A1344187A3B687A68B968A04771
:100250000346FB75FB7D18461C37BD4690BD00BFAD
:10026000F464012080B584B000AF03463A60FB71AE
:100270000B46BB71FB79094A9B0013445B681B6901
:10028000FA7906490A44107AB9793A6898470346D8
:10029000FB73FB7B18461037BD4680BDF46401201C
:1002A00080B485B000AF78607B6801331B78FB8138
:1002B000FB891B021AB27B681B781BB213431BB26B
:1002C000FB81FB8918461437BD465DF8047B7047F7
:1002D00080B485B000AF78607B6803331B78FB6027
:1002E000FB681B027A68023212781343FB60FB68DA
:1002F0001B027A68013212781343FB60FB681B0211
:100300007A6812781343FB60FB6818461437BD46C1
:100310005DF8047B704780B483B000AF78600B4613
:100320007B807B685A1C7A607A88D2B21A707B888C
:100330001B0A7B807B685A1C7A607A88D2B21A705A
:1003400000BF0C37BD465DF8047B704780B483B0B6
:1003500000AF786039607B685A1C7A603A68D2B224
:100360001A703B681B0A3B607B685A1C7A603A68CB
:10037000D2B21A703B681B0A3B607B685A1C7A60D9
:100380003A68D2B21A703B681B0A3B607B685A1C01
:100390007A603A68D2B21A7000BF0C37BD465DF879
:1003A000047B704780B487B000AFF860B9607A60B2
:1003B000FB687B61BB683B617B68002B0DD03A69B1
:1003C000531C3B617B69591C796112781A707B68F8
:1003D000013B7B607B68002BF1D100BF1C37BD4621
:1003E0005DF8047B704780B487B000AFF860B960F7
:1003F0007A60FB687B617B695A1C7A61BA68D2B209
:100400001A707B68013B7B607B68002BF3D100BFD7
:1004100000BF1C37BD465DF8047B704780B489B0CF
:1004200000AFF860B9607A60FB68FB61BB68BB61D4
:1004300000237B61FB695A1CFA611B781946BB6972
:100440005A1CBA611B78CB1A7B617B68013B7B60CD
:100450007B68002B02D07B69002BEBD07B691846B0
:100460002437BD465DF8047B704780B483B000AF8D
:100470007860396002E07B6801337B607B681B78C1
:10048000002B05D07B681B781A463B689342F2D15B
:100490007B681B7818460C37BD465DF8047B7047B7
:1004A00080B586B000AF78600023FB737B68DB7893
:1004B000002B34D07B681B6B7B617B6858787B6832
:1004C00003F1340101237A69FFF7ACFE0346002BE8
:1004D00002D00123FB7322E07B680022DA707B6884
:1004E0005B6A7A69D21A7B68DB699A4217D27B68A9
:1004F0009B783B6110E07B68DB697A6913447B6120
:100500007B6858787B6803F1340101237A69FFF72F
:1005100089FE3B69013B3B613B69012BEBD8FB7BCF
:1005200018461837BD4680BD80B584B000AF7860EE
:1005300039600023FB737B681B6B3A689A421BD0BF
:100540007868FFF7ADFF0346FB73FB7B002B13D1ED
:100550007B6858787B6803F1340101233A68FFF720
:1005600041FE0346002B04D04FF0FF333B600123D4
:10057000FB737B683A681A63FB7B18461037BD46ED
:1005800080BD000080B584B000AF78607868FFF768
:1005900087FF0346FB73FB7B002B58D17B681B78DE
:1005A000032B48D17B681B79012B44D17B68343302
:1005B0004FF4007200211846FFF715FF7B683433B3
:1005C00003F5FF734AF655211846FFF7A4FE7B6832
:1005D000343321491846FFF7B9FE7B68343303F5FD
:1005E000F2731E491846FFF7B1FE7B68343303F5FA
:1005F000F4727B685B6919461046FFF7A7FE7B68BB
:10060000343303F5F6727B681B6919461046FFF711
:100610009DFE7B681B6A5A1C7B681A637B6858784E
:100620007B6803F134017B681A6B0123FFF7FAFD45
:100630007B6800221A717B685B78002200211846D3
:10064000FFF710FE0346002B01D00123FB73FB7B59
:1006500018461037BD4680BD5252614172724161E9
:1006600080B483B000AF786039603B68023B3B6088
:100670007B689B69023B3A689A4201D3002308E0F9
:100680007B685B891A463B6803FB02F27B68DB6A86
:10069000134418460C37BD465DF8047B704780B59F
:1006A00086B000AF786039607B681B683B613B684F
:1006B000012B04D93B699B693A689A4202D3012312
:1006C0007B618EE04FF0FF337B613B691B78032B2E
:1006D00061D0032B7BDC012B02D0022B41D076E0D2
:1006E0003B68FB60FB685B08FA681344FB603B698E
:1006F0005A6AFB685B0A134419463869FFF714FF0E
:100700000346002B66D1FB685A1CFA60C3F308034A
:100710003A69134493F83430BB603B695A6AFB680A
:100720005B0A134419463869FFF7FEFE0346002BA7
:1007300052D1FB68C3F308033A69134493F8343089
:100740001B02BA681343BB603B6803F00103002B34
:1007500002D0BB681B0902E0BB68C3F30B037B61DB
:100760003FE03B695A6A3B681B0A134419463869E3
:10077000FFF7DAFE0346002B30D13B6903F1340268
:100780003B685B0003F4FF7313441846FFF788FDD2
:1007900003467B6125E03B695A6A3B68DB091344E9
:1007A00019463869FFF7C0FE0346002B18D13B6994
:1007B00003F134023B689B0003F4FE7313441846B4
:1007C000FFF786FD034623F070437B6109E00123B8
:1007D0007B6106E000BF04E000BF02E000BF00E074
:1007E00000BF7B6918461837BD4680BD90B589B0FB
:1007F00000AFF860B9607A600223FB77BB68012B19
:1008000040F2D980FB689B69BA689A4280F0D38035
:10081000FB681B78032B00F09680032B00F3CB8042
:10082000012B02D0022B6ED0C5E0BB68BB61BB6957
:100830005B08BA691344BB61FB685A6ABB695B0A0F
:1008400013441946F868FFF76FFE0346FB77FB7FFA
:10085000002B40F0A980FB6803F13402BB69591CEE
:10086000B961C3F3080313447B61BB6803F0010360
:10087000002B0DD07B691B785BB203F00F035AB2DB
:100880007B68DBB21B015BB213435BB2DBB201E0FE
:100890007B68DBB27A691370FB680122DA70FB684F
:1008A0005A6ABB695B0A13441946F868FFF73CFEB5
:1008B0000346FB77FB7F002B78D1FB6803F1340202
:1008C000BB69C3F3080313447B61BB6803F00103F6
:1008D000002B03D07B681B09DBB20EE07B691B7821
:1008E0005BB223F00F035AB27B681B0A5BB203F0C2
:1008F0000F035BB213435BB2DBB27A691370FB6820
:100900000122DA7057E0FB685A6ABB681B0A13447D
:100910001946F868FFF708FE0346FB77FB7F002BBC
:1009200046D1FB6803F13402BB685B0003F4FF733C
:1009300013447A6892B211461846FFF7ECFCFB6844
:100940000122DA7037E0FB685A6ABB68DB0913449E
:100950001946F868FFF7E8FD0346FB77FB7F002B9D
:1009600028D17B6823F07044FB6803F13402BB6834
:100970009B0003F4FE7313441846FFF7A9FC0346DB
:1009800003F0704323437B60FB6803F13402BB68D0
:100990009B0003F4FE73134479681846FFF7D6FCF6
:1009A000FB680122DA7006E000BF04E000BF02E04D
:1009B00000BF00E000BFFB7F18462437BD4690BD56
:1009C00080B588B000AFF860B9607A600023FB772B
:1009D000FB681B68BB61BB68012B04D9BB699B69C1
:1009E000BA689A4201D302234BE07B68002B0CD0FB
:1009F0004FF0FF327968B869FFF7F8FE0346FB77DE
:100A0000FB7F002B01D0FB7F3BE0B968F868FFF764
:100A100046FE78617B69002B31D07B69012B01D1C7
:100A200002232EE07B69B3F1FF3F01D1012328E0CF
:100A30000022B968B869FFF7D9FE0346FB77FB7F50
:100A4000002B01D0FB7F1CE0BB695A69BB699B6925
:100A5000023B9A420BD2BB695B695A1CBB695A6163
:100A6000BB691B7943F00103DAB2BB691A717B6978
:100A7000BB60BB699B69BA689A42C6D300E000BFFD
:100A8000002318462037BD4680BD80B588B000AF32
:100A9000786039607B681B683B613B68002B0DD137
:100AA0003B691B69BB61BB69002B04D03B699B6937
:100AB000BA699A421BD30123BB6118E03968786890
:100AC000FFF7EDFDF860FB68012B01D8012370E012
:100AD000FB68B3F1FF3F01D1FB686AE03B699B69AA
:100AE000FA689A4201D2FB6863E03B68BB61BB696C
:100AF000FB61FB690133FB613B699B69FA699A42BF
:100B000007D30223FB61FA69BB699A4201D900232A
:100B10004FE0F9697868FFF7C2FDF860FB68002BC9
:100B20000ED0FB68012B03D0FB68B3F1FF3F01D16E
:100B3000FB683EE0FA69BB699A42DAD1002338E0EB
:100B400000BF4FF0FF32F9693869FFF74FFE0346E7
:100B5000FB75FB7D002B09D13B68002B06D0FA69A1
:100B600039683869FFF742FE0346FB75FB7D002BB1
:100B700016D13B69FA691A613B695A693B699B69FD
:100B8000023B9A4204D83B695B695A1E3B695A6131
:100B90003B691B7943F00103DAB23B691A7107E044
:100BA000FB7D012B02D14FF0FF3300E00123FB61FD
:100BB000FB6918462037BD4680BD80B487B000AFC2
:100BC000786039607B681B68FB607B689B6A0433D4
:100BD0003B613B685B0AFA685289B3FBF2F37B61C5
:100BE0003B691A1D3A611B68BB60BB68002B01D1D1
:100BF000002310E07A69BB689A4207D37A69BB6820
:100C0000D31A7B613B6904333B61E9E700BF3B6971
:100C10001A687B69134418461C37BD465DF8047B8F
:100C2000704780B586B000AF786039607B681B681C
:100C30003B613B68B3F5001F04D23B6803F01F0320
:100C4000002B01D0022363E07B683A681A617B685D
:100C50009B687B617B69002B06D13B691B78022B6B
:100C600002D93B699B6A7B617B69002B0CD13B6895
:100C70005B093A691289934201D3022348E03B6938
:100C80009A6A7B689A6129E03B695B895B02FB6039
:100C900019E07B6879691846FFF701FD78617B6987
:100CA000B3F1FF3F01D1012332E07B69012B04D96D
:100CB0003B699B697A699A4201D3022328E03A682A
:100CC000FB68D31A3B603A68FB689A42E1D27969C3
:100CD0003869FFF7C5FC02467B689A617B687A69D0
:100CE0005A617B689B69002B01D1022310E07B686D
:100CF0009A693B685B0A1A447B689A613B6903F115
:100D000034023B68C3F308031A447B68DA610023AA
:100D100018461837BD4680BD80B586B000AF7860F4
:100D200039607B681B68FB607B681B692033BB6094
:100D30007B689B69002B03D0BB68B3F5001F01D310
:100D40000423AAE0BB68C3F30803002B40F098809B
:100D50007B689B695A1C7B689A617B685B69002B86
:100D60000BD1BB685B09FA6812899342C0F0888096
:100D70007B6800229A6104238FE0BB685B0AFA68F3
:100D80005289013A1340002B7AD17A687B685B69FB
:100D900019461046FFF783FC78617B69012B01D867
:100DA00002237AE07B69B3F1FF3F01D1012374E0B4
:100DB000FB689B697A699A4258D33B68002B04D13F
:100DC0007B6800229A61042367E07A687B685B692C
:100DD00019461046FFF759FE78617B69002B01D157
:100DE00007235AE07B69012B01D1022355E07B697F
:100DF000B3F1FF3F01D101234FE0F868FFF750FB4B
:100E00000346002B01D0012347E0FB6834334FF445
:100E1000007200211846FFF7E6FA00233B6179696A
:100E2000F868FFF71DFC0246FB681A6312E0FB68D6
:100E30000122DA70F868FFF733FB0346002B01D07C
:100E400001232AE03B6901333B61FB681B6B5A1CA1
:100E5000FB681A63FB685B891A463B699342E6D3D9
:100E6000FB681A6B3B69D21AFB681A637B687A6964
:100E70005A617969F868FFF7F3FB02467B689A616B
:100E80007B68BA681A61FB6803F13402BB68C3F37C
:100E900008031A447B68DA61002318461837BD46F8
:100EA00080BD80B586B000AF786039607B681B6814
:100EB000FB6000217868FFF7B4FE0346FB75FB7DFD
:100EC000002B2BD100233B617B689B691946F86896
:100ED000FFF72AFB0346FB75FB7D002B1DD17B68CA
:100EE000DB691B78E52B04D07B68DB691B78002B62
:100EF00007D13B6901333B613A693B689A4202D1B1
:100F00000CE000233B6101217868FFF705FF0346F1
:100F1000FB75FB7D002BD7D000E000BFFB7D042BD1
:100F200001D10723FB75FB7D18461837BD4680BDF0
:100F300080B584B000AF786039603B681A331846DA
:100F4000FFF7AEF90346FB607B681B78032B09D1E2
:100F50003B6814331846FFF7A3F903461B04FA68ED
:100F60001343FB60FB6818461037BD4680BD80B553
:100F700084B000AFF860B9607A60BB681A337A68F1
:100F800092B211461846FFF7C6F9FB681B78032B8F
:100F900009D1BB6803F114027B681B0C9BB2194694
:100FA0001046FFF7B8F900BF1037BD4680BD0000FE
:100FB00090B587B000AF786039603B681A33184647
:100FC000FFF76EF90346002B01D0002359E03B6880
:100FD0001B7803F03F035A1E13465B0013449B002B
:100FE00013447B610123FB8100233B6133E0274AEB
:100FF0003B6913441B781A463B6813441846FFF7B5
:101000004FF90346BB81FB89002B1AD07B69FE2B6D
:1010100012D8BB89184602F033FF03461C467B6991
:101020005A1C7A615B007A6813441B88184602F0E8
:1010300027FF03469C4201D0002322E0BB89FB81AD
:1010400006E0BB894FF6FF72934201D0002318E0FF
:101050003B6901333B613B690C2BC8D93B681B786A
:1010600003F04003002B0BD0FB89002B08D07B69D9
:101070005B007A6813441B88002B01D0002300E03A
:10108000012318461C37BD4690BD00BF6CC802083E
:1010900080B586B000AF786039603B681A33184677
:1010A000FFF7FEF80346002B01D000234DE03B681C
:1010B0001B7823F040035A1E13465B0013449B0029
:1010C00013447B610123FB8100233B6128E0214A1B
:1010D0003B6913441B781A463B6813441846FFF7D4
:1010E000DFF80346BB81FB89002B0FD07B69FE2B09
:1010F00001D9002329E0BB89FB817B695A1C7A61F5
:101100005B007A681344FA891A8006E0BB894FF6BF
:10111000FF72934201D0002317E03B6901333B612A
:101120003B690C2BD3D93B681B7803F04003002BA1
:101130000AD07B69FE2B01D9002306E07B695B00A6
:101140007A68134400221A80012318461837BD46D6
:1011500080BD00BF6CC8020880B588B000AFF860E1
:10116000B96011461A460B46FB711346BB71BB684A
:101170000D33BA791A70BB680B330F221A70BB6833
:101180000C3300221A70BB681A3300211846FFF78F
:10119000C2F8FB795A1E13465B0013449B001344AC
:1011A000FB610023FB820023BB61FB8A4FF6FF72C9
:1011B000934207D0FB695A1CFA615B00FA6813443A
:1011C0001B88FB82174ABB6913441B781A46BB680D
:1011D0001344FA8A11461846FFF79DF8FB8A002B44
:1011E00002D14FF6FF73FB82BB690133BB61BB6960
:1011F0000C2BDAD9FB8A4FF6FF72934206D0FB69BB
:101200005B00FA6813441B88002B03D1FB7943F081
:101210004003FB71BB68FA791A7000BF2037BD46E6
:1012200080BD00BF6CC8020880B58CB000AFF8600C
:10123000B9607A603B600B22B968F868FFF7B2F8D2
:101240003B68052B2BD93B68FB6122E07B689A1C2D
:101250007A601B887B840023BB6217E0FB695A001D
:101260007B8C03F001031344FB617B8C5B087B8464
:10127000FB6903F48033002B05D0FB6983F48833CA
:1012800083F02103FB61BB6A0133BB62BB6A0F2B96
:10129000E4D97B681B88002BD8D1FB693B6007230E
:1012A000BB623B68DBB203F00F03DBB2303387F87D
:1012B0002F3097F82F30392B04D997F82F30073378
:1012C00087F82F30BB6A5A1EBA6230333B4497F816
:1012D0002F2003F81C2C3B681B093B603B68002B4C
:1012E000DFD107F11402BB6A13447E221A70002377
:1012F0007B6202E07B6A01337B627A6ABB6A9A4254
:1013000005D2FA687B6A13441B78202BF2D1BB6AA2
:10131000072B07D8BB6A5A1CBA6230333B4413F818
:101320001C1C00E020217B6A5A1C7A62FA68134474
:101330000A461A707B6A072BE9D900BF00BF303715
:10134000BD4680BD80B485B000AF78600023FB73DC
:101350000B23BB60FB7BDAB25208DB011343DAB22A
:101360007B68591C79601B781344FB73BB68013B95
:10137000BB60BB68002BEDD1FB7B18461437BD4624
:101380005DF8047B704780B586B000AF7860396047
:101390000423FB757B681B683B61FF237B75FF2380
:1013A0003B7581E07B689B6919463869FFF7BCF89B
:1013B0000346FB75FB7D002B7CD17B68DB691B78CA
:1013C000BB75BB7D002B02D10423FB7577E07B68E6
:1013D000DB690B331B7803F03F03FB737B68FA7BFD
:1013E0009A71BB7DE52B0ED0BB7D2E2B0BD0FB7BEA
:1013F00023F02003082B0CBF01230023DBB21A4685
:101400003B68934202D0FF237B7544E0FB7B0F2BAC
:101410002FD1BB7D03F04003002B0DD07B68DB692F
:101420005B7B3B75BB7D23F04003BB75BB7D7B7550
:101430007B681A697B68DA62BA7D7B7D9A4215D136
:101440007B68DB690D331B783A7D9A420ED13B698C
:10145000DA687B68DB6919461046FFF719FE034618
:10146000002B03D07B7D013BDBB200E0FF237B75CB
:1014700011E07B7D002B09D17B68DB691846FFF703
:1014800061FF03461A463B7D934215D07B684FF0BF
:10149000FF32DA6210E000217868FFF73DFC034676
:1014A000FB75FB7D002B09D17B689B69002B7FF4CA
:1014B00079AF04E000BF02E000BF00E000BFFB7DA9
:1014C000002B02D07B6800229A61FB7D18461837FA
:1014D000BD4680BD80B586B000AF78607B681B6874
:1014E0003B6100217868FFF79CFB0346FB75FB7DA1
:1014F000002B01D0FB7DA9E0FF233B753B7D7B7575
:101500007B684FF0FF32DA627B689B691946386965
:10151000FFF70AF80346FB75FB7D002B40F0908037
:101520007B68DB691B78BB75BB7D002B02D1042374
:10153000FB758AE07B68DB690B331B7803F03F03A4
:10154000FB737B68FA7B9A71BB7DE52B07D0FB7B35
:1015500003F00803002B09D0FB7B0F2B06D0FF23E1
:101560007B757B684FF0FF32DA625EE0FB7B0F2B0E
:1015700036D17B6893F82B3003F04003002B54D115
:10158000BB7D03F04003002B0DD07B68DB695B7BE8
:101590003B75BB7D23F04003BB75BB7D7B757B68D2
:1015A0001A697B68DA62BA7D7B7D9A4215D17B68C5
:1015B000DB690D331B783A7D9A420ED13B69DA68BC
:1015C0007B68DB6919461046FFF7F2FC0346002BE7
:1015D00003D07B7D013BDBB200E0FF237B7524E081
:1015E0007B7D002B09D17B68DB691846FFF7AAFEDB
:1015F00003461A463B7D934224D07B6893F82B30F8
:1016000003F00103002B0AD17B68D8697B68203383
:101610000B221946FEF702FF0346002B14D0FF23CE
:101620007B757B684FF0FF32DA6200217868FFF744
:1016300073FB0346FB75FB7D002B3FF465AF04E0B5
:1016400000BF02E000BF00E000BFFB7D1846183776
:10165000BD4680BD80B58CB000AF78607B681B68EC
:10166000FB617B6893F82B3003F0A003002B01D0C3
:101670000623E0E000237B6202E07B6A01337B62A9
:10168000FB69DA687B6A5B0013441B88002BF4D18A
:101690007B6803F1200107F10C030C221846FEF7CA
:1016A00081FEFB7D03F00103002B32D07B684022DA
:1016B00083F82B200123BB6216E07B6803F1200036
:1016C000FB69DA6807F10C01BB6AFFF7ADFD7868CA
:1016D000FFF700FF034687F82F3097F82F30002BD5
:1016E00006D1BB6A0133BB62BB6A632BE5D900E05C
:1016F00000BFBB6A642B01D107239CE097F82F3011
:10170000042B02D097F82F3095E0FA7D7B6883F8A0
:101710002B20FB7D03F00203002B07D07B6A0C33E8
:10172000474AA2FB03239B08013300E001233B62ED
:10173000396A7868FFF7B5FB034687F82F3097F8CA
:101740002F30002B48D13B6A013B3B623B6A002BA8
:1017500042D07B681A693B6A5B01D31A19467868E4
:10176000FFF75FFA034687F82F3097F82F30002BEA
:1017700032D17B6820331846FFF7E4FD0346FB7641
:101780007B689B691946F869FEF7CEFE034687F829
:101790002F3097F82F30002B1DD1FB69D8687B685C
:1017A000D9693B6ADAB2FB7EFFF7D6FCFB690122FE
:1017B000DA7000217868FFF7AFFA034687F82F3018
:1017C00097F82F30002B07D13B6A013B3B623B6A05
:1017D000002BD5D100E000BF97F82F30002B28D187
:1017E0007B689B691946F869FEF79EFE034687F8F9
:1017F0002F3097F82F30002B1BD17B68DB6920221C
:1018000000211846FEF7EFFD7B68D8697B6820331E
:101810000B221946FEF7C6FD7B6893F82B207B68E8
:10182000DB690C3302F01802D2B21A70FB69012294
:10183000DA7097F82F3018463037BD4680BD00BFAC
:101840004FECC44E80B586B000AF78607B681B68F3
:101850003B617B681B69FB607B68DB6AB3F1FF3F20
:1018600007D07B68DB6A19467868FFF7DAF9034628
:1018700000E00023FB75FB7D002B28D17B689B6972
:1018800019463869FEF750FE0346FB75FB7D002BB9
:1018900015D17B68DB69E5221A703B690122DA7099
:1018A0007B681B69FA689A420BD900217868FFF7B8
:1018B00033FA0346FB75FB7D002BDFD002E000BF4F
:1018C00000E000BFFB7D042B01D10223FB75FB7DF3
:1018D00018461837BD4680BD80B58AB000AF786025
:1018E00039603B681B683B617B681B68DB68FB6099
:1018F00000237B617B69BB61BB695A1CBA613A6991
:1019000013441B78BB84BB8C1F2B40D9BB8C2F2B63
:1019100006D0BB8C5C2B10D102E0BB690133BB61EC
:101920003A69BB6913441B782F2BF6D03A69BB691F
:1019300013441B785C2BF0D02AE07B69FE2B01D985
:1019400006237DE1BB8CDBB2BB84BB8C0121184636
:1019500002F05AFA0346BB84BB8C002B01D106234C
:101960006EE1BB8C7F2B09D8BB8C19468D48FEF7E6
:101970007CFD0346002B01D0062361E17B695A1CE4
:101980007A615B00FA681344BA8C1A80B4E700BF2E
:101990003A69BB691A443B681A60BB8C1F2B01D89B
:1019A000042300E0002387F8273011E07B6903F16E
:1019B0000043013B5B00FA6813441B88BB84BB8C6B
:1019C000202B02D0BB8C2E2B06D17B69013B7B6187
:1019D0007B69002BEAD100E000BF7B695B00FA68FD
:1019E000134400221A807B69002B01D1062327E1D2
:1019F0007B6820330B2220211846FEF7F4FC0023DD
:101A0000BB6102E0BB690133BB61BB695B00FA6883
:101A100013441B88202BF5D0BB695B00FA68134484
:101A20001B882E2BEED0BB69002B09D097F82730EE
:101A300043F0030387F8273002E07B69013B7B61B9
:101A40007B69002B09D07B6903F10043013B5B00FC
:101A5000FA6813441B882E2BEFD1002387F8263019
:101A600000233B620823FB61BB695A1CBA615B001F
:101A7000FA6813441B88BB84BB8C002B00F0908059
:101A8000BB8C202B06D0BB8C2E2B0AD1BA697B696C
:101A90009A4206D097F8273043F0030387F827309F
:101AA0007DE03A6AFB699A4203D2BA697B699A423D
:101AB00023D1FB690B2B06D197F8273043F00303A2
:101AC00087F8273075E0BA697B699A4205D097F8A4
:101AD000273043F0030387F82730BA697B699A42BD
:101AE00066D87B69BB6108233B620B23FB6197F8D7
:101AF00026309B0087F8263051E0BB8C7F2B14D911
:101B0000BB8C0021184602F07FF90346BB84BB8CD6
:101B1000002B04D0BB8C803B234AD35CBB8497F85A
:101B2000273043F0020387F82730BB8C002B07D007
:101B3000BB8C19461D48FEF798FC0346002B08D0C5
:101B40005F23BB8497F8273043F0030387F82730DF
:101B50001BE0BB8C402B09D9BB8C5A2B06D897F8BD
:101B6000263043F0020387F826300EE0BB8C602B52
:101B70000BD9BB8C7A2B08D897F8263043F0010399
:101B800087F82630BB8C203BBB843B6A5A1C3A62E8
:101B9000BA8CD1B27A6813440A4683F8202063E7EE
:101BA00000BF06E0D4B90208ECC70208E0B9020899
:101BB00000BF7B6893F82030E52B03D17B680522BA
:101BC00083F82020FB69082B04D197F826309B006E
:101BD00087F8263097F8263003F00C030C2B05D03D
:101BE00097F8263003F00303032B05D197F827302D
:101BF00043F0020387F8273097F8273003F00203F9
:101C0000002B17D197F8263003F00303012B05D1E1
:101C100097F8273043F0100387F8273097F82630DD
:101C200003F00C03042B05D197F8273043F0080389
:101C300087F827307B6897F8272083F82B2000232C
:101C400018462837BD4680BD80B586B000AF7860A5
:101C500039607B683B613B691B68FB6002E03B6865
:101C600001333B603B681B782F2BF8D03B681B7817
:101C70005C2BF4D03B6900229A603B681B781F2BD9
:101C80000AD87B68802283F82B2000217868FEF731
:101C9000C8FF0346FB7543E03B4619467868FFF7EB
:101CA0001BFE0346FB75FB7D002B34D17868FFF7E4
:101CB00011FC0346FB757B6893F82B30FB72FB7DB0
:101CC000002B0AD0FB7D042B27D1FB7A03F0040301
:101CD000002B22D10523FB751FE0FB7A03F00403E0
:101CE000002B1CD13B699B7903F01003002B02D120
:101CF0000523FB7514E0FB6803F134027B681B6964
:101D0000C3F3080313441946F868FFF711F90246B4
:101D10003B699A60C0E700BF02E000BF00E000BF7F
:101D2000FB7D18461837BD4680BD80B487B000AF34
:101D300078604FF0FF333B617B681B68002B31D02C
:101D40007B681B687B6102E07B6901337B617B6997
:101D50001B781F2B03D97B691B783A2BF4D17B6945
:101D60001B783A2B1CD17B681B68FB60FB685A1CF4
:101D7000FA601B78303BBB60BB68092B0ED8FA6851
:101D80007B699A420AD1BB68002B07D1BB683B61D3
:101D90007B6901337B617B687A691A603B6902E089
:101DA00000233B613B6918461C37BD465DF8047B48
:101DB0007047000080B582B000AF786039607B6802
:101DC0000022DA707B684FF0FF321A633968786856
:101DD000FEF7AAFB0346002B01D0042338E07B6802
:101DE000343303F5FF731846FEF75AFA03461A46D2
:101DF0004AF655239A4201D0032329E07B6893F8E1
:101E00003430E92B09D07B6893F83430EB2B1ED1AA
:101E10007B6893F83630902B19D17B683433363396
:101E20001846FEF755FA034623F07F430A4A9342C9
:101E300001D100230CE07B68343352331846FEF79F
:101E400047FA0346054A934201D1002300E00223EA
:101E500018460837BD4680BD4641540046415433BC
:101E600080B596B000AFF860B9601346FB71BB68EF
:101E700000221A60F868FFF758FFF863FB6B002B2D
:101E800001DA0B232AE2A14AFB6B52F82330BB6331
:101E9000BB6B002B01D10C2320E2BB68BA6B1A602C
:101EA000FB7923F00103FB71BB6B1B78002B1AD06D
:101EB000BB6B5B781846FEF753F9034687F837305B
:101EC00097F8373003F00103002B0CD1FB79002B7E
:101ED00007D097F8373003F00403002B01D00A2312
:101EE000FCE10023FAE1BB6B00221A70FB6BDAB253
:101EF000BB6B5A70BB6B5B781846FEF74BF9034619
:101F000087F8373097F8373003F00103002B01D002
:101F10000323E3E1FB79002B07D097F8373003F078
:101F20000403002B01D00A23D8E100233B65396D5F
:101F3000B86BFFF73FFF034687F8573097F85730E5
:101F4000022B49D100233B641EE0BB6B03F134023A
:101F50003B6C1B0103F5DF7313443B633B6B0433A2
:101F60001B78002B06D03B6B08331846FEF7B0F900
:101F7000024600E000223B6C9B0058333B4443F890
:101F8000442C3B6C01333B643B6C032BDDD90023B9
:101F90003B643B6C002B02D03B6C013B3B643B6CD5
:101FA0009B0058333B4453F8443C3B653B6D002B4E
:101FB00005D0396DB86BFFF7FDFE034600E0032343
:101FC00087F8573097F85730012B05D93B6C013310
:101FD0003B643B6C032BE2D997F85730042B01D1BB
:101FE00001237BE197F85730012B01D90D2375E1CF
:101FF000BB6B34330B331846FEF752F90346B3F587
:10200000007F01D00D2369E1BB6B343316331846D2
:10201000FEF746F90346FB64FB6C002B06D1BB6B55
:10202000343324331846FEF753F9F864BB6BFA6C6B
:10203000DA61BB6B93F84420BB6B9A70BB6B9B78E7
:10204000012B05D0BB6B9B78022B01D00D2345E102
:10205000BB6B9B781A46FB6C02FB03F3FB64BB6B08
:1020600093F841301A46BB6B5A81BB6B5B89002BDE
:1020700008D0BB6B5B891A46BB6B5B89013B134085
:10208000002B01D00D2329E1BB6B343311331846EB
:10209000FEF706F903461A46BB6B1A81BB6B1B8918
:1020A00003F00F039BB2002B01D00D2316E1BB6B95
:1020B000343313331846FEF7F3F80346BB64BB6CA6
:1020C000002B06D1BB6B343320331846FEF700F9E2
:1020D000B864BB6B34330E331846FEF7E1F80346A1
:1020E000FB85FB8D002B01D10D23F7E0FA8DFB6CF6
:1020F0001344BA6B1289120992B21344BB62BA6CD0
:10210000BB6A9A4204D20D23E8E000BFEC640120D0
:10211000BA6CBB6AD31ABA6B5289B3FBF2F37B6217
:102120007B6A002B01D10D23D8E0032387F85730B9
:102130007B6A4FF6F572934202D8022387F8573034
:102140007B6A40F6F572934202D8012387F8573034
:102150007B6A9A1CBB6B9A61BB6B3A6D1A62FA8DF3
:102160003B6D1A44BB6B5A623A6DBB6A1A44BB6B37
:10217000DA6297F85730032B1ED1BB6B34332A3306
:102180001846FEF78DF80346002B01D00D23A5E07D
:10219000BB6B1B89002B01D00D239FE0BB6B34333D
:1021A0002C331846FEF794F80246BB6B9A62BB6B61
:1021B0009B699B007B641FE0BB6B1B89002B01D1DB
:1021C0000D238BE0BB6B5A6AFB6C1A44BB6B9A62A3
:1021D00097F85730022B03D1BB6B9B695B000AE079
:1021E000BB6B9A6913465B0013445A08BB6B9B692F
:1021F00003F0010313447B64BB6BDA697B6C03F26D
:10220000FF135B0A9A4201D20D2367E0BB6B4FF0CC
:10221000FF325A61BB6B5A69BB6B1A61BB6B802280
:102220001A7197F85730032B49D1BB6B34333033D5
:102230001846FEF735F80346012B40D13B6D0133BC
:102240001946B86BFEF770F90346002B37D1BB6B0C
:1022500000221A71BB6B343303F5FF731846FEF787
:102260001FF803461A464AF655239A4227D1BB6BFC
:1022700034331846FEF72CF803461A4A93421ED10F
:10228000BB6B343303F5F2731846FEF721F80346AF
:10229000154A934213D1BB6B343303F5F4731846DC
:1022A000FEF716F80246BB6B5A61BB6B343303F57D
:1022B000F6731846FEF70CF80246BB6B1A61BB6B4F
:1022C00097F857201A70094B1B8801339AB2074BB5
:1022D0001A80064B1A88BB6BDA80002318465837E1
:1022E000BD4680BD5252614172724161F06401206D
:1022F00080B584B000AF786039600923FB737B68D8
:10230000002B1CD07B681B68002B18D07B681B68D7
:102310001B78002B13D07B689A887B681B68DB884E
:102320009A420CD17B681B685B781846FDF718FF52
:10233000034603F00103002B01D10023FB73FB7B59
:10234000002B02D17B681B6800E000233A68136011
:10235000FB7B18461037BD4680BD000080B588B0B5
:1023600000AFF860B9601346FB71BB683B6107F1D1
:1023700010031846FFF7D9FCF861FB69002B01DA5E
:102380000B2328E0164AFB6952F82330BB61BB6976
:10239000002B02D0BB6900221A70FB68002B02D010
:1023A000FB6800221A70FA680D49FB6941F8232086
:1023B000FB68002B02D0FB79012B01D000230AE03F
:1023C00007F10C0107F1080300221846FFF748FD4A
:1023D0000346FB75FB7D18462037BD4680BD00BF18
:1023E000EC64012080B5ADF5187D00AF07F51873DA
:1023F000A3F51573186007F51873A3F51673196024
:1024000007F51873A3F259231A7007F51873A3F58B
:1024100015731B68002B01D1092352E207F51873CD
:10242000A3F2592307F51872A2F25922127802F08A
:102430003F021A7007F51873A3F259231A7807F5AB
:10244000047107F108031846FFF70AFD034687F8F1
:102450005F3297F85F32002B40F02682D7F81032B7
:10246000C7F81432D7F8103207F11002DA6007F516
:102470001873A3F516731A6807F505731146184605
:10248000FFF7E2FB034687F85F3297F85F32002BD5
:1024900007D197F83F325BB2002B02DA062387F8A8
:1024A0005F3207F51873A3F259231B7803F01C035E
:1024B000002B00F0A08097F85F32002B18D097F81F
:1024C0005F32042B07D107F505731846FFF7C2F8F2
:1024D000034687F85F3207F51873A3F2592307F50F
:1024E0001872A2F25922127842F008021A7015E00E
:1024F00097F81A3203F01103002B03D0072387F853
:102500005F320BE007F51873A3F259231B7803F031
:102510000403002B02D0082387F85F3297F85F325C
:10252000002B40F0888007F51873A3F259231B781D
:1025300003F00803002B7ED0F9F78AFBC7F850029E
:10254000D7F830320E33D7F850121846FDF7FEFE9A
:10255000D7F830321633D7F850121846FDF7F6FE8A
:10256000D7F830320B3320221A70D7F81032D7F850
:10257000302211461846FEF7DBFCC7F84C02D7F8AC
:102580001032D7F8301200221846FEF7F0FCD7F8C8
:1025900030321C3300211846FDF7D8FED7F8103230
:1025A0000122DA70D7F84C32002B44D0D7F8103221
:1025B0001B6BC7F8503207F505730022D7F84C1291
:1025C0001846FEF7FDF9034687F85F3297F85F3249
:1025D000002B30D1D7F81032D7F850121846FDF73B
:1025E000A3FF034687F85F32D7F81032D7F84C22A2
:1025F000013A1A611FE097F85F32002B1BD197F860
:102600001A3203F01003002B03D0042387F85F3243
:1026100011E007F51873A3F259231B7803F00203A6
:10262000002B08D097F81A3203F00103002B02D0D8
:10263000072387F85F3297F85F32002B25D107F523
:102640001873A3F259231B7803F00803002B0BD057
:1026500007F51873A3F2592307F51872A2F259224D
:10266000127842F040021A70D7F810321A6B07F550
:102670001873A3F515731B681A62D7F8302207F593
:102680001873A3F515731B685A6297F85F32002B15
:1026900040F00A81D7F81032D7F830221146184698
:1026A000FEF746FC024607F51873A3F515731B6881
:1026B0009A60D7F830321C331846FDF709FE0246FF
:1026C00007F51873A3F515731B68DA6007F518731F
:1026D000A3F515731B6800229A62D7F8102207F53C
:1026E0001873A3F515731B681A60D7F81032DA88CF
:1026F00007F51873A3F515731B689A8007F518730F
:10270000A3F515731B6807F51872A2F25922127807
:102710001A7407F51873A3F515731B6800225A7411
:1027200007F51873A3F515731B680022DA6107F526
:102730001873A3F515731B6800225A6107F5187307
:10274000A3F515731B682C334FF400720021184653
:10275000FDF749FE07F51873A3F259231B7803F020
:102760002003002B00F0A08007F51873A3F5157364
:102770001B68DB68002B00F0978007F51873A3F542
:1027800015731B68DA6807F51873A3F515731B68D2
:102790005A61D7F810325B895B02C7F8483207F5F7
:1027A0001873A3F515731B689B68C7F8583207F5B3
:1027B0001873A3F515731B68DB68C7F8543221E062
:1027C00007F51873A3F515731B68D7F85812184648
:1027D000FDF765FFC7F85802D7F85832012B02D829
:1027E000022387F85F32D7F85832B3F1FF3F02D1A6
:1027F000012387F85F32D7F85422D7F84832D31A2A
:10280000C7F8543297F85F32002B05D1D7F854221D
:10281000D7F848329A42D3D807F51873A3F5157341
:102820001B68D7F858229A6197F85F32002B3BD18A
:10283000D7F85432C3F30803002B35D0D7F8103241
:10284000D7F858121846FDF70BFFC7F84402D7F81F
:102850004432002B03D1022387F85F3224E0D7F8FB
:1028600054325A0AD7F844321A4407F51873A3F5BC
:1028700015731B68DA61D7F81032587807F51873AA
:10288000A3F515731B6803F12C0107F51873A3F565
:1028900015731B68DA690123FDF7A4FC0346002BBE
:1028A00002D0012387F85F3297F85F32002B06D001
:1028B00007F51873A3F515731B6800221A6097F8C3
:1028C0005F32184607F51877BD4680BD80B58EB0DB
:1028D00000AFF860B9607A603B60BB687B623B68C0
:1028E00000221A60FB6807F1140211461846FFF730
:1028F000FFFC034687F8373097F83730002B07D1B5
:10290000FB685B7C87F8373097F83730002B02D0B4
:1029100097F8373015E1FB681B7C03F00103002BAF
:1029200001D107230DE1FB68DA68FB685B69D31A04
:102930003B627A683B6A9A4240F2FE803B6A7B6067
:10294000FAE0FB685B69C3F30803002B40F0C68024
:10295000FB685B695B0A7A695289013A1340FB6143
:10296000FB69002B2FD1FB685B69002B03D1FB684F
:102970009B683B6313E0FB689B6A002B07D0FB68F6
:102980005B691946F868FEF718F9386307E0FA68DA
:10299000FB689B6919461046FDF781FE38633B6B67
:1029A000012B04D8FB6802225A740223C9E03B6B56
:1029B000B3F1FF3F04D1FB6801225A740123C0E048
:1029C000FB683A6B9A617A69FB689B691946104605
:1029D000FDF746FEB861BB69002B04D1FB680222FB
:1029E0005A740223ADE0BA69FB691344BB617B688A
:1029F0005B0ABB62BB6A002B39D0FA69BB6A13441D
:102A00007A695289934205D97B695B891A46FB69C9
:102A1000D31ABB627B695878BB6ABA69796AFDF7D9
:102A2000E1FB0346002B04D0FB6801225A7401230A
:102A300087E0FB681B7C5BB2002B14DAFB68DA6969
:102A4000BB69D31ABA6A9A420DD9FB68DA69BB69C5
:102A5000D31A5B027A6AD018FB682C334FF40072E9
:102A60001946FDF79FFCBB6A5B02FB6250E0FB6806
:102A7000DB69BA699A422ED0FB681B7C5BB2002BE3
:102A800018DA7B695878FB6803F12C01FB68DA6976
:102A90000123FDF7C7FB0346002B04D0FB6801228E
:102AA0005A7401234DE0FB681B7C03F07F03DAB20C
:102AB000FB681A747B695878FB6803F12C010123C9
:102AC000BA69FDF78FFB0346002B04D0FB68012297
:102AD0005A74012335E0FB68BA69DA61FB685B6907
:102AE000C3F30803C3F50073FB62FA6A7B689A427A
:102AF00001D97B68FB62FB6803F12C02FB685B6910
:102B0000C3F308031344FA6A1946786AFDF74AFCCE
:102B10007A6AFB6A13447B62FB685A69FB6A1A444F
:102B2000FB685A613B681A68FB6A1A443B681A6082
:102B30007A68FB6AD31A7B607B68002B7FF401AF55
:102B4000002318463837BD4680BD80B58CB000AF35
:102B5000F860B9607A603B60BB68FB613B6800224B
:102B60001A60FB6807F1100211461846FFF7C0FB18
:102B7000034687F82F3097F82F30002B07D1FB68DA
:102B80005B7C87F82F3097F82F30002B02D097F816
:102B90002F304BE1FB681B7C03F00203002B01D1BB
:102BA000072343E1FB685A697B681A44FB685B6949
:102BB0009A4280F02D81FB685B69DB437B6027E1F3
:102BC000FB685B69C3F30803002B40F0E380FB68FC
:102BD0005B695B0A3A695289013A1340BB61BB6980
:102BE000002B43D1FB685B69002B0CD1FB689B6811
:102BF000BB62BB6A002B1AD1FB6800211846FDF7A7
:102C000044FFB86213E0FB689B6A002B07D0FB68A7
:102C10005B691946F868FDF7D0FFB86207E0FA680B
:102C2000FB689B6919461046FDF72FFFB862BB6A27
:102C3000002B00F0F280BB6A012B04D1FB6802225A
:102C40005A740223F2E0BB6AB3F1FF3F04D1FB6880
:102C500001225A740123E9E0FB68BA6A9A61FB68B1
:102C60009B68002B02D1FB68BA6A9A60FB681B7CE8
:102C70005BB2002B18DA3B695878FB6803F12C0132
:102C8000FB68DA690123FDF7CDFA0346002B04D077
:102C9000FB6801225A740123C8E0FB681B7C03F027
:102CA0007F03DAB2FB681A743A69FB689B691946BC
:102CB0001046FDF7D5FC78617B69002B04D1FB68D9
:102CC00002225A740223B1E07A69BB6913447B6122
:102CD0007B685B0A3B623B6A002B3CD0BA693B6A6B
:102CE00013443A695289934205D93B695B891A4674
:102CF000BB69D31A3B623B6958783B6A7A69F969C8
:102D0000FDF790FA0346002B04D0FB6801225A74A9
:102D100001238BE0FB68DA697B69D31A3A6A9A422D
:102D200015D9FB6803F12C00FB68DA697B69D31ABB
:102D30005B02FA6913444FF400721946FDF732FB47
:102D4000FB681B7C03F07F03DAB2FB681A743B6AF2
:102D50005B027B623FE0FB68DB697A699A4216D0CE
:102D6000FB685A69FB68DB689A4210D23B69587865
:102D7000FB6803F12C0101237A69FDF733FA03465E
:102D8000002B04D0FB6801225A7401234EE0FB683B
:102D90007A69DA61FB685B69C3F30803C3F5007302
:102DA0007B627A6A7B689A4201D97B687B62FB68A6
:102DB00003F12C02FB685B69C3F3080313447A6ACE
:102DC000F9691846FDF7EEFAFB681B7C63F07F0398
:102DD000DAB2FB681A74FA697B6A1344FB61FB6818
:102DE0005A697B6A1A44FB685A61FB68DA68FB68B7
:102DF0005B699A4238BF1A46FB68DA603B681A681A
:102E00007B6A1A443B681A607A687B6AD31A7B60D3
:102E10007B68002B7FF4D4AE00E000BFFB681B7C16
:102E200043F04003DAB2FB681A74002318463037C7
:102E3000BD4680BD80B586B000AF78607B6807F185
:102E4000080211461846FFF753FA0346FB75FB7D4F
:102E5000002B68D17B681B7C03F04003002B62D001
:102E60007B681B7C5BB2002B15DABB6858787B68EB
:102E700003F12C017B68DA690123FDF7D3F90346DE
:102E8000002B01D001234FE07B681B7C03F07F0304
:102E9000DAB27B681A74F8F7DBFE3861BA687B68CF
:102EA0001B6A19461046FDF73FFB0346FB75FB7D89
:102EB000002B38D17B685B6AFB60FB680B331A78A8
:102EC000FB680B3342F02002D2B21A707B6818689C
:102ED0007B689B681A46F968FEF749F8FB6803F1BE
:102EE0001C027B68DB6819461046FDF72FFAFB6869
:102EF000163339691846FDF729FAFB6812330021A9
:102F00001846FDF708FABB680122DA70BB6818465C
:102F1000FDF738FB0346FB757B681B7C23F0400301
:102F2000DAB27B681A74FB7D18461837BD4680BD3F
:102F300080B584B000AF78607868FFF77BFF034608
:102F4000FB73FB7B002B0ED17B6807F10802114657
:102F50001846FFF7CDF90346FB73FB7B002B02D12C
:102F60007B6800221A60FB7B18461037BD4680BD87
:102F700080B590B000AF786039607B6807F10802D7
:102F800011461846FFF7B4F9034687F83F3097F823
:102F90003F30002B03D17B685B7C87F83F3097F88C
:102FA0003F30002B02D097F83F30E6E17B689B6A08
:102FB000002B00F0D1803B68B3F1FF3F5AD17B6812
:102FC0009B6A7B627B6A1A1D7A621B687B610223A3
:102FD000BB627B689B683B633B6B002B3AD03B6BCF
:102FE0003B610023FB62BB6A0233BB623B6BFB604D
:102FF000FB6A0133FB627B68396B1846FDF74FFBB8
:1030000038633B6B012B04D87B6802225A7402237D
:10301000B3E13B6BB3F1FF3F04D17B6801225A74EB
:103020000123AAE1FB6801333A6B9A42DED0BA6A07
:103030007B699A4209D87B6A1A1D7A62FA6A1A6019
:103040007B6A1A1D7A623A691A60BB689B693A6B9F
:103050009A42C4D37B689B6ABA6A1A60BA6A7B696F
:103060009A4203D87B6A00221A6084E1112387F810
:103070003F3080E17B68DB683A689A4202D97B681E
:10308000DB683B607B683A685A613B68002B00F064
:1030900072813B68013B19467868FDF78EFD024658
:1030A0007B689A61BA687B689B6919461046FDF790
:1030B000D7FAB861BB69002B04D17B6802225A742D
:1030C00002235AE13B68013B5B0ABA685289013A24
:1030D0001340BA691344BB617B685B69C3F308039F
:1030E000002B00F048817B68DB69BA699A4200F0E6
:1030F00042817B681B7C5BB2002B18DABB68587876
:103100007B6803F12C017B68DA690123FDF78AF8FB
:103110000346002B04D07B6801225A7401232CE162
:103120007B681B7C03F07F03DAB27B681A74BB6890
:1031300058787B6803F12C010123BA69FDF752F836
:103140000346002B04D07B6801225A74012314E14A
:103150007B68BA69DA610EE17B68DB683A689A429B
:1031600008D97B681B7C03F00203002B02D17B682B
:10317000DB683B607B685B693B6200237B637B6849
:103180007A6B5A613B68002B00F0A780BB685B89B3
:103190005B02FB613B6A002B1BD03B685A1EFB693C
:1031A000B2FBF3F23B6A591EFB69B1FBF3F39A429F
:1031B0000FD33B6A5A1EFB695B421A407B685A6117
:1031C0007B685B693A68D31A3B607B689B69BB6329
:1031D00022E07B689B68BB63BB6B002B19D17B68CB
:1031E00000211846FDF751FCB863BB6B012B04D1DD
:1031F0007B6802225A740223BFE0BB6BB3F1FF3F2E
:1032000004D17B6801225A740123B6E07B68BA6B53
:103210009A607B68BA6B9A61BB6B002B5DD03AE019
:103220003A68FB69D31A3B607B685A69FB691A44A8
:103230007B685A617B681B7C03F00203002B0BD078
:103240007B68B96B1846FDF720FCB863BB6B002B9D
:1032500008D100233B6022E07B68B96B1846FDF77C
:103260001EFAB863BB6BB3F1FF3F04D17B68012248
:103270005A74012381E0BB6B012B04D9BB689B69A5
:10328000BA6B9A4204D37B6802225A74022374E018
:103290007B68BA6B9A613A68FB699A42C0D87B68CE
:1032A0005A693B681A447B685A613B68C3F3080358
:1032B000002B12D0BB68B96B1846FDF7D1F97863C3
:1032C0007B6B002B04D17B6802225A74022354E0EA
:1032D0003B685B0A7A6B13447B637B685A697B6843
:1032E000DB689A420AD97B685A697B68DA607B6836
:1032F0001B7C43F04003DAB27B681A747B685B691D
:10330000C3F30803002B36D07B68DB697A6B9A42E3
:1033100031D07B681B7C5BB2002B18DABB68587815
:103320007B6803F12C017B68DA690123FCF77AFFE3
:103330000346002B04D07B6801225A7401231CE051
:103340007B681B7C03F07F03DAB27B681A74BB686E
:1033500058787B6803F12C0101237A6BFCF742FF5C
:103360000346002B04D07B6801225A74012304E039
:103370007B687A6BDA6197F83F3018464037BD4674
:1033800080BD80B5ADF51E7D00AF07F51E73A3F5BA
:103390001D7318600023C7F8703207F503713B1DD9
:1033A00002221846FEF75CFD034687F87732D7F80D
:1033B0000C32C7F8403297F87732002B40F09480F7
:1033C000D7F80C3207F10C02DA6007F51E73A3F58B
:1033D0001D731A6807F5107311461846FEF734FC82
:1033E000034687F8773297F87732002B7CD197F82D
:1033F0006B325BB2002B03DA062387F8773208E0E2
:1034000097F8463203F00103002B02D0072387F818
:10341000773297F87732002B3BD1D7F80C32D7F8B8
:103420005C2211461846FDF783FDC7F8700297F835
:10343000463203F01003002B2BD0D7F80C32C7F81C
:103440001032D7F87032C7F8183207F5047300212C
:103450001846FDF7E6FB034687F8773297F8773290
:10346000002B16D107F5047300211846FDF78BFFDA
:10347000034687F8773297F87732002B02D107237B
:1034800087F8773297F87732042B02D1002387F838
:10349000773297F87732002B26D107F5107318464C
:1034A000FEF7D0F9034687F8773297F87732002B8A
:1034B0000ED1D7F87032002B0AD007F51073002216
:1034C000D7F870121846FDF77BFA034687F8773273
:1034D00097F87732002B07D1D7F80C321846FDF752
:1034E00051F8034687F8773297F87732184607F590
:1034F0001E77BD4680BD000090B59DB000AFF8605E
:103500007A603B600B46FB7201237B644FF40073CF
:103510003B6407F10C031846FEF707FCF863FB6BEE
:10352000002B02DA0B2300F00DBC944AFB6B52F81F
:103530002330002B05D0914AFB6B52F82330002238
:103540001A70FB6B87F83B30002387F83A3097F806
:103550003B301846FCF71EFE034687F8393097F8D3
:10356000393003F00103002B01D00323EAE397F87D
:10357000393003F00403002B01D00A23E2E307F102
:10358000140297F83B3003211846FCF76BFE034604
:10359000002B0CD17B69002B09D07B69B3F5004F60
:1035A00005D87B695A1E7B691340002B01D001238B
:1035B0007B614FF40073FB867B68002B03D0FB8E8E
:1035C0007A689A4209D37B68B3F1807F05D87B681B
:1035D0005A1E7B681340002B01D01323B2E3FB8EED
:1035E0007A68B2FBF3F37B603B683B63FB8ED7F8F2
:1035F0008020B2FBF3F3FB62FA8EFB6A02FB03F35B
:10360000BB62BB6A002B01D10E239BE307F11002C2
:1036100097F83B3001211846FCF724FE0346002BA7
:1036200001D001238EE3FB7A03F00803002B01D0C5
:10363000002300E03F237B623B697A6A9A4201D90A
:103640000E237FE33A697B6AD31A3B613B697F2B88
:1036500001D80E2376E37B68802B01D9132371E315
:10366000FB7A03F00203002B0DD0FB7A03F0070373
:10367000022B04D0FB7A03F00103002B03D10323B8
:1036800087F84F3009E0FB7A03F00103002B01D1EA
:10369000132357E3022387F84F307B683B6597F885
:1036A0004F30032B3CD13B6D002B1BD13B695B0C96
:1036B000FB650023BB6401233B6505E0BB6C013364
:1036C000BB643B6D5B003B652D4ABB6C32F813302D
:1036D000002B07D02A4ABB6C32F813301A46FB6D18
:1036E0009342EBD23A693B6DB2FBF3F33B623B6A28
:1036F00002339A00FB8E13445A1EFB8EB2FBF3F387
:10370000BB6620237B650023FB663B6A4FF6F572A0
:10371000934203D93B6A1B4A934252D90E2311E3C9
:103720003B6D002B1BD13B691B0BFB650023BB646E
:1037300001233B6505E0BB6C0133BB643B6D5B0063
:103740003B65114ABB6C32F81330002B07D00E4A90
:10375000BB6C32F813301A46FB6D9342EBD23A69D8
:103760003B6DB2FBF3F33B623B6A40F6F57293426A
:103770000CD93B6A02335B00FB6512E0EC6401206C
:103780007CC80208F5FFFF0F8CC80208012387F8E8
:103790004F303A6A13465B00134401335B0803332E
:1037A000FB65FA8EFB6D13445A1EFB8EB2FBF3F3DE
:1037B000BB6601237B653B6C5A01FB8EB2FBF3F3C6
:1037C000FB667A6A7B6D1344BB65BB6E7A6C03FB48
:1037D00002F2BB6D1344FA6E1344FB617A69FB6914
:1037E00013445A1E7B695B421A40FB69D31AFB657E
:1037F00097F84F30032B08D17A6DFB6D13447B652E
:10380000BA6DFB6D1344BB6506E0FA6D7B6CB2FBD1
:10381000F3F3BA6E1344BB663B6D1A01FB691A449D
:103820007B6AD21A3B699A4201D90E238AE23A692D
:103830007B6DD21ABB6E796C01FB03F3D21AFB6E5F
:10384000D21A3B6DB2FBF3F33B6297F84F30032B78
:103850000FD13B6A4FF6F57293420AD87B68002B72
:1038600005D13B6D5B087B607B68002B44D10E2348
:1038700068E297F84F30022B33D13B6A4FF6F5726E
:1038800093421ED97B68002B07D13B6D5B00402B18
:1038900003D83B6D5B007B6033E0FB7A03F00203EF
:1038A000002B03D0032387F84F302AE07B68002BDE
:1038B00005D13B6D5B007B607B68802B1ED90E239E
:1038C00040E23B6A40F6F57293420AD87B68002BCF
:1038D00005D13B6D5B007B607B68802B10D90E238C
:1038E00030E297F84F30012B0CD13B6A40F6F5726D
:1038F000934207D90E2325E200BFCEE600BFCCE6F7
:1039000000BFCAE600BFFB8E1A460021386BFCF7E9
:103910006AFD0B22B249386BFCF744FD3B6B0B335D
:10392000FA8E11461846FCF7F6FC3B6B0D333A6DE8
:10393000D2B21A703B6B0E337A6D92B211461846B2
:10394000FCF7E9FC3B6B10337A6CD2B21A703B6B1C
:1039500003F1110297F84F30032B02D03B6C9BB25E
:1039600000E0002319461046FCF7D5FC3B69B3F58F
:10397000803F08D23B6B13333A6992B21146184626
:10398000FCF7C9FC06E03B6B20333A691146184648
:10399000FCF7DCFC3B6B1533F8221A703B6B1833D9
:1039A0003F211846FCF7B7FC3B6B1A33FF21184642
:1039B000FCF7B1FC3B6B1C33796A1846FCF7C6FC7C
:1039C00097F84F30032B31D13B6B03F14304F8F7E9
:1039D0003FF9034619462046FCF7B8FC3B6B2433FD
:1039E000B96E1846FCF7B2FC3B6B2C33022118462B
:1039F000FCF7ACFC3B6B303301211846FCF78BFC29
:103A00003B6B323306211846FCF785FC3B6B403399
:103A100080221A703B6B423329221A703B6B47336A
:103A2000132270491846FCF7BDFC20E03B6B03F104
:103A30002704F8F70DF9034619462046FCF786FCE3
:103A40003B6B1633BA6E92B211461846FCF763FC14
:103A50003B6B243380221A703B6B263329221A7069
:103A60003B6B2B33132260491846FCF79BFC3B6BE6
:103A700003F5FF734AF655211846FCF74CFC97F8FE
:103A80003B0001237A6A396BFCF7CCFB0346002B21
:103A900001D0012356E197F84F30032B40D17B6AC8
:103AA0009A1D97F83B000123396BFCF7BBFBFB8E9B
:103AB0001A460021386BFCF796FC4C49386BFCF732
:103AC00045FC3B6B03F5F27349491846FCF73EFC95
:103AD0003B6B03F5F4723B6A013B19461046FCF759
:103AE00035FC3B6B03F5F67302211846FCF72EFC00
:103AF0003B6B03F5FF734AF655211846FCF70BFCA8
:103B00007B6ADA1D97F83B000123396BFCF78AFBCF
:103B10007B6A5A1C97F83B000123396BFCF782FB48
:103B2000BA6A0021386BFCF75EFCBB6D7B66002334
:103B3000BB644BE097F84F30032B13D16FF00701B4
:103B4000386BFCF703FC3B6B04334FF0FF31184636
:103B5000FCF7FCFB3B6B08336FF070411846FCF739
:103B6000F5FB0BE097F84F30012B01D1214B01E021
:103B70006FF007031946386BFCF7E8FBBB6E3B663A
:103B80003A6EFB6A934228BF1346FB6597F83B00E9
:103B9000FB6D7A6E396BFCF745FB0346002B01D0B9
:103BA0000123CFE0FB8E1A460021386BFCF71BFC8B
:103BB0007A6EFB6D13447B663A6EFB6DD31A3B66DF
:103BC0003B6E002BDCD1BB6C0133BB64BA6C7B6CED
:103BD0009A42AFD397F84F30032B0DD13B6D0CE0D9
:103BE000E8B90208F4B9020808BA02085252614161
:103BF00072724161F8FFFF00FB6E3B663A6EFB6A32
:103C0000934228BF1346FB6597F83B00FB6D7A6E25
:103C1000396BFCF707FB0346002B01D0012391E031
:103C20007A6EFB6D13447B663A6EFB6DD31A3B666E
:103C30003B6E002BE2D197F84F30032B03D10C23BE
:103C400087F84E3010E03B69B3F5803F03D306237D
:103C500087F84E3008E097F84F30022B01D104234B
:103C600000E0012387F84E30FB7A03F00803002BB5
:103C70005BD1FB8E1A460021386BFCF7B4FB3B6B23
:103C800003F5FF734AF655211846FCF744FB3B6BDE
:103C900003F5DF73BB61BB6900221A70BB69013396
:103CA00001221A70BB69023301221A70BB69033307
:103CB00000221A70BB69043397F84E201A703A69D3
:103CC0007B6A1A44214BA3FB0213D21A52081344F5
:103CD0005B0BFB65BB690533FE221A70FB6D9B080D
:103CE000DAB2BB69063342F03F02D2B21A70BB6946
:103CF0000733FA6DD2B21A70BB690833796A184675
:103D0000FCF724FBBB690C333A6911461846FCF7F3
:103D10001DFB97F83B0001230022396BFCF782FA68
:103D20000346002B01D001230CE097F83B30002222
:103D300000211846FCF796FA0346002B01D0012318
:103D400000E0002318467437BD4690BD5B5615054C
:103D500080B487B000AFF860B9601346FB710123EF
:103D6000FB750023BB751F4B5B7ADBB2002B31D197
:103D70001C4B5B7ADBB21A461A4B00219954194B43
:103D80005B7ADBB2174A9B001344FA685A60154B02
:103D90005B7ADBB21A46134B1344FA791A72114B51
:103DA0005B7ADBB25A1CD1B20E4A5172BB75BB7D35
:103DB0003033DAB2BB681A70BB6801333A221A702A
:103DC000BB6802332F221A70BB68033300221A70BB
:103DD0000023FB75FB7D18461C37BD465DF8047B50
:103DE000704700BFF464012080B582B000AF7860F6
:103DF0003960002239687868FFF7AAFF0346184641
:103E00000837BD4680BD000080B485B000AF0346D2
:103E10003960FB80FB887F2B02D8FB88FB8125E083
:103E20003B68002B0BD0FB88FF2B05D8FB88803B21
:103E3000124A32F8133000E00023FB8116E0002321
:103E4000FB8109E0FB890D4A32F81330FA889A4267
:103E500006D0FB890133FB81FB897F2BF2D900E07F
:103E600000BFFB8980339BB2DBB2FB81FB89184624
:103E70001437BD465DF8047B704700BF9CC802083C
:103E800080B487B000AF0346FB80FB88B3F5805F4A
:103E900001D23E4B00E03E4B7B617B699A1C7A610C
:103EA0001B887B827B8A002B68D0FA887B8A9A42A7
:103EB00064D37B699A1C7A611B883B823B8A1B0A0C
:103EC000FB813B8ADBB23B82FA88798A3B8A0B44CE
:103ED0009A4249DAFB89082B4FD801A252F823F005
:103EE000053F0208173F02082D3F0208353F020830
:103EF0003D3F0208453F02084D3F0208553F02087A
:103F00005D3F0208FA887B8AD31A5B007A69134402
:103F10001B88FB8027E0FA887B8AD31A9BB203F0C8
:103F200001039BB2FA88D31AFB801CE0FB88103B8C
:103F3000FB8018E0FB88203BFB8014E0FB88303BD3
:103F4000FB8010E0FB881A3BFB800CE0FB88083309
:103F5000FB8008E0FB88503BFB8004E0FB88A3F576
:103F6000E353FB8000BF08E0FB89002B95D13B8A1F
:103F70005B007A6913447B618FE700BFFB881846BA
:103F80001C37BD465DF8047B704700BF9CC9020822
:103F900090CB0208F8B52DED028B57EC106B55EC69
:103FA000114B00F057FD22462B4630463946B0EE05
:103FB000408AF0EE608ADCF7C9FD90B90022002348
:103FC00020462946DCF790FD58B104F0CBFF2123B1
:103FD00003600022002310461946DCF747FC41EC41
:103FE000180BB0EE480AF0EE680ABDEC028BF8BD83
:103FF000F8B52DED028BB0EE408AF0EE608A55ECFC
:10400000114B00F031FE22462B462046294657EC44
:10401000106BDCF79BFD00283BD151EC180B002204
:104020000023DCF761FDB8B10022002320462946B9
:10403000DCF75AFD002846D145EC104B00F01AFA87
:1040400038B30022002320462946DCF757FD00B391
:1040500004F088FF22231BE047EC106B00F00AFA03
:10406000E0B9B0EE480AF0EE680A00F003FAA8B131
:1040700045EC104B00F0FEF980B132463B4630462D
:104080003946DCF763FD0028E2D004F06BFF212302
:104090000360BDEC028B47EC106BF8BD00220023DF
:1040A00030463946DCF720FD0028F2D0B0EE480A51
:1040B000F0EE680A00F0DEF90028EAD045EC104B7B
:1040C00000F0D8F9C3E7014F0026E2E70000F03F17
:1040D00038B52DED028B55EC104B00F0DDF9224682
:1040E0002B4620462946B0EE408AF0EE608ADCF787
:1040F0002DFD90B90022002320462946DCF7FEFC66
:1041000058B104F02FFF2123036000220023104642
:104110001946DCF7ABFB41EC180BB0EE480AF0EEA9
:10412000680ABDEC028B38BD1FB553EC102B264836
:1041300023F00041814206D89FED211B05B05DF8B8
:1041400004EB00F005BB2148814208D9104619460E
:10415000DCF7AAF841EC100B05B05DF804FB6846EB
:1041600001F0C6FA00F0030001280BD0022815D098
:10417000D8B99DED021B9DED000B00F0E9FA51EC62
:10418000100BE7E79DED021B9DED000B00F0A8FB77
:1041900053EC102B104603F10041DBE79DED021BB1
:1041A0009DED000B00F0D4FAF2E79DED021B9DEDB2
:1041B000000B012000F094FBE1E700BFAFF30080AB
:1041C0000000000000000000FB21E93FFFFFEF7F3F
:1041D0001FB553EC102B264823F00041814207D82D
:1041E0009FED211B002005B05DF804EB00F078BBCB
:1041F0002048814208D910461946DCF755F841ECB1
:10420000100B05B05DF804FB684601F071FA00F090
:10421000030001280CD0022811D0E8B99DED021B43
:104220009DED000B012000F05BFB51EC100BE6E76D
:104230009DED021B9DED000B00F08AFAF5E79DED68
:10424000021B9DED000B012000F04AFB53EC102BEC
:10425000104603F10041D2E79DED021B9DED000BDE
:1042600000F076FAF2E700BF000000000000000056
:10427000FB21E93FFFFFEF7F08B52DED028BB0EE8C
:10428000408A01F0D9FCB4EE488AF1EE10FAF0EE63
:10429000408A15D6B0EE480A00F09EF8F7EE007A94
:1042A000B4EEE70AF1EE10FA0ADD04F05BFEBDECB5
:1042B000028B21230360BDE80840044800F0E6B803
:1042C000B0EE680ABDEC028B08BD00BFCDD4020879
:1042D00001F098BD08B52DED028BF0EE408AB0EEEE
:1042E000608A01F02FFEF4EE488AF1EE10FA0CD647
:1042F000DFED078AB4EE688AF1EE10FA05D104F01A
:1043000031FE88EEA80A21230360BDEC028B08BDB4
:104310000000000008B52DED028BB0EE408A00F0E1
:1043200095F9B4EE488AF1EE10FA0CD6DFED078A63
:10433000B4EEE88AF1EE10FA05D504F013FE88EE2B
:10434000A80A21230360BDEC028B08BD0000000019
:1043500010EE103A07B51E4A23F00043934206D8E8
:10436000DFED1C0A03B05DF804EB01F0C5BBB3F14F
:10437000FF4F04D330EE400A03B05DF804FB6846FB
:1043800001F062FE00F00300012809D0022810D0DD
:10439000B0B9DDED010A9DED000A01F0ADFBEBE7E0
:1043A000DDED010A9DED000A01F0FEFBB1EE400AD1
:1043B000E2E7DDED010A9DED000A01F09DFBF5E766
:1043C000DDED010A9DED000A012001F0EDFBD3E7D0
:1043D000D80F493F0000000010EE103A23F00043D0
:1043E00000EE103A7047000010EE103A07B51F4A71
:1043F00023F00043934207D8DFED1D0A002003B0ED
:104400005DF804EB01F0D0BBB3F1FF4F04D330EE05
:10441000400A03B05DF804FB684601F015FE00F0A9
:10442000030001280AD002280FD0C0B9DDED010A2F
:104430009DED000A012001F0B7FBEAE7DDED010A7E
:104440009DED000A01F058FBE3E7DDED010A9DED6B
:10445000000A012001F0A8FBB1EE400AD9E7DDED2A
:10446000010A9DED000A01F047FBF5E7D80F493F2F
:104470000000000082B08DED000B019840F000407C
:1044800000F58010C00F02B0704700009FED010AD8
:10449000704700BF0000C07F2DE9F84F684A55EC17
:1044A000104BAA432B46214610D1224620462946CE
:1044B000DCF7B2F802460B4620462946DBF7F6FE4B
:1044C00004460D4645EC104BBDE8F88F002D0EDC80
:1044D00025F000422243F5D09DB1224620462946D0
:1044E000DBF7E2FE02460B46DCF7C0F9E8E72A15E7
:1044F00015D1002009E0CB0A153A4905002BFAD066
:10450000F7E72A46FAE75B000130DC02FBD5441EE0
:10451000121BC0F1200421FA04F423438140C3F3A9
:104520001303A2F2FF3543F48013D2075CBF5B0094
:1045300003EBD1734FEA430358BF4900002603EB56
:10454000D1736D104900162032464FF4001417192C
:104550009F42DEBF3A19DB1B3619CF0F013807EB3C
:1045600043034FEA41014FEA5404F0D104462027A7
:104570004FF0004C9A4200EB0C0E02DB13D18E453B
:1045800011D8BEF1000F0EEB0C0042DA002840DB20
:1045900002F101089B1A8E4588BF03F1FF33A1EB9E
:1045A0000E01644442464FEAD17E013F0EEB4303C5
:1045B0004FEA41014FEA5C0CDCD119431BD0DFF814
:1045C00084A0DFF884B0DAE90001DBE90023DBF73F
:1045D0006BFEDAE9008902460B4640464946DCF7A5
:1045E00097FA40B1B4F1FF3FDAE90001DBE90023BB
:1045F00011D101363C4672106308F10702F17F5277
:1046000002F5001248BF43F0004302EB0551184683
:1046100056E79046BEE7DBF749FEDAE90089024635
:104620000B4640464946DCF769FA20B1A01C08BF9A
:1046300001360234DFE7631C23F00104DBE700BF2F
:104640000000F07FC0020020B8020020B1EEC00AD6
:10465000704700000000000051EC100BC1F30A533A
:104660002DE9F041A3F2FF36132E0C460546804695
:1046700034DC002E17DA32A3D3E90023DBF716FE71
:1046800000220023DCF758FA50B1002C55DA24F050
:1046900000442C430025AC422B4C08BF4FF0004493
:1046A0002146284623E0294F374101EA0703034307
:1046B0001DD023A3D3E90023DBF7F8FD002200235C
:1046C000DCF73AFA0028EBD0002CBEBF4FF4801381
:1046D0003341E41824EA07040025E1E7332E0ADD1C
:1046E000B6F5806F03D102460B46DBF7DFFD41ECE8
:1046F000100BBDE8F081A3F213434FF0FF37DF400A
:104700000742F4D00EA3D3E90023DBF7CFFD00224C
:104710000023DCF711FA0028C2D0002C0ADA142E8C
:1047200001D1013406E0C6F134060123B3401D4433
:104730004545F6D325EA0705B2E700252C46AFE745
:104740009C7500883CE4377E0000F0BFFFFF0F003F
:104750002DE9F74F57EC106B27F00048B8F1795F5F
:104760008DED001B06D230463946DCF705FA0028ED
:1047700000F0888032463B4630463946DBF74CFF36
:10478000514B002204460D46DBF746FF40A3D3E918
:10479000002382468B4620462946DBF73DFF3EA399
:1047A000D3E90023DBF782FD22462B46DBF734FFFB
:1047B0003BA3D3E90023DBF777FD22462B46DBF74B
:1047C0002BFF39A3D3E90023DBF770FD22462B46EC
:1047D000DBF722FF36A3D3E90023DBF765FD224692
:1047E0002B46DBF719FF34A3D3E90023DBF75EFD8B
:1047F00022462B46DBF710FF22462B46DBF70CFF49
:10480000DDE9002304460D4630463946DBF704FF58
:104810000B46024629462046DBF746FD2B4B9845C2
:1048200006460F4610D802460B4650465946DBF75F
:104830003BFD0B46264902460020DBF735FD41ECE7
:10484000100B03B0BDE8F08F224B214998458CBF77
:10485000214DA8F50015002422462B460020DBF749
:1048600023FD2246804689462B4650465946DBF7B3
:104870001BFD32463B46DBF717FD02460B46404622
:104880004946DAE79FED0E0BDBE700BFAFF3008090
:10489000D43888BEE9FAA8BDC4B1B4BD9EEE213EAD
:1048A000AD529C804F7E923E9015CB19A001FA3EEE
:1048B0007751C1166CC1563F4C5555555555A53FBE
:1048C000000000000000F03F0000E03F3233D33F23
:1048D0000000F03F0000E93F0000D23F0000000070
:1048E0002DE9F04F55EC104B25F0004385B0B3F1A6
:1048F000795F8DED021B804605D220462946DCF704
:104900003BF9002852D022462B4620462946DBF7A9
:1049100083FE82468B4602460B4620462946DBF73D
:104920007BFE42A3D3E90023CDE90001504659465E
:10493000DBF772FE3FA3D3E90023DBF7B5FC524659
:104940005B46DBF769FE3DA3D3E90023DBF7AEFC52
:1049500052465B46DBF760FE3AA3D3E90023DBF760
:10496000A3FC52465B46DBF757FE38A3D3E900238E
:10497000DBF79CFC06460F46B8F1000F1BD1024640
:104980000B4650465946DBF747FE25A3D3E90023E3
:10499000DBF78AFCDDE90023DBF73EFE02460B462F
:1049A00020462946DBF782FC04460D4645EC104BB9
:1049B00005B0BDE8F08FDDE902011B4B0022DBF7FB
:1049C0002BFE3246804689463B46DDE90001DBF797
:1049D00023FE02460B4640464946DBF765FC52463D
:1049E0005B46DBF719FEDDE90223DBF75DFC0CA378
:1049F000D3E9002306460F46DDE90001DBF70CFE94
:104A000002460B4630463946DBF750FC02460B4661
:104A100020462946DBF748FCC6E700BFAFF300801D
:104A2000495555555555C53F0000E03F7CD5CF5AF7
:104A30003AD9E53DEB9C2B8AE6E55A3E7DFEB1571F
:104A4000E31DC73ED561C119A0012A3FA6F8101188
:104A50001111813F53EC112B23F0004C2DE9F0474D
:104A600052EA0C0451EC100B1E46174696460CD029
:104A7000774C21F00048A045894606D85442754D30
:104A800014434CEAD474AC4209D9DBF7C5FD0246A5
:104A90000B46DBF7EBFE41EC100BBDE8F087E04581
:104AA0008246044601F0004509DCF4DB8242F2D87C
:104AB00005D1694B03EB1573D3E90001EBE7654AB8
:104AC00019EA020F48D1B8F1000F3DD163495346AE
:104AD000002B36DC16424FD1BCF1000F44D15F4AA7
:104AE0003B46002B3DDC5E4881424ADBC9F31303A1
:104AF00043F480135A48824257DBC6F3130646F448
:104B00008016891A981BA4EB0E07002962D1744500
:104B100038BF00F1FF300028A4BF3C46034653EAEB
:104B20000401C6D0B3F5801F69DB4D498A426CDBB6
:104B3000A3F580132B4302F2FF3243EA02512046D1
:104B4000A9E701395B00C3E745494FEAC823002BB9
:104B5000C0DD01395B00FAE74FEA2851A1F2FF31CD
:104B6000B8E7013A5B00BCE73D4A4FEACC23002B93
:104B7000B9DD013A5B00FAE74FEA2C52A2F2FF32AC
:104B8000B1E7401A1F280ADC01F21E4308FA00F8B8
:104B90002AFA03F343EA08030AFA00F4AAE7314BBE
:104BA0005B1A0AFA03F30024A4E7801A1F280ADC20
:104BB00002F21E460CFA00FC27FA06F646EA0C063C
:104BC00007FA00FE9DE7274EB61A07FA06F64FF0E1
:104BD000000E96E7744538BF00F1FF30002805DA73
:104BE000E00F00EB4303640001398BE750EA070351
:104BF0003FF45FAFFB0F03EB40037C00F4E7E10FF2
:104C000001EB43036400013A8CE7891A14290ADC9A
:104C100002F21E4203FA02F2CC4022430B4143EA65
:104C20000501104637E71F2907DC02F21E42CC407F
:104C300003FA02F222432B46F1E7C2F17F4202F56A
:104C40007F0202F57B42E23243FA02F2F3E700BF51
:104C5000FFFFEF7F0000F07F50CC0208EDFBFFFF6D
:104C600002FCFFFFE2FBFFFF2DE9F04F91B08DED5D
:104C7000001BDDE9001929F0004A5AEA010057EC4F
:104C8000106B13D1B31987F4002252419842984B0C
:104C9000934180F0EA84DDE9002330463946DBF7B2
:104CA00005FB41EC100B11B0BDE8F08F914A27F0E5
:104CB000004890453D46334606D801D1002EEAD142
:104CC000924501D80ED169B105F1404505F5801531
:104CD0001D43E0D1DDE90032DB1882F400225241AD
:104CE0009D42D4E7002DC3463ADA834A92454DD817
:104CF000A2F15472924540F2C7844FEA2A52A2F2BE
:104D0000FF32142A0FDDC2F1340221FA02F404FA50
:104D100002F28A4240F0B88404F00104C4F10204B3
:104D2000002958D10EE0002954D1C2F114024AFAE8
:104D300002F404FA02F2524540F0A38404F00104A4
:104D4000C4F102046D4A92452ED1B9F1000F80F2F0
:104D500094846A4932463B460020DBF787FDA0E792
:104D60000024C1BB634A9245ECD108F1404202F5F0
:104D700080121A4300F07984614B984508D9B9F143
:104D8000000FC0F27684DDE900018AE70224E8E73B
:104D9000B9F1000F4FF000004FF0000181DADDE9BA
:104DA000000303F100417CE7B9F1804F06D13246A0
:104DB0003B4630463946DBF72FFC72E7514A9145B6
:104DC00009D1002D07DB47EC106B11B0BDE8F04FA7
:104DD000FFF762BB002447EC106B029300F084FEE7
:104DE000029B51EC100B53BB444B25F040429A42BE
:104DF00002D0B8F1000F22D1B9F1000F05DA024656
:104E00000B4600203D49DBF731FD002DBFF649AFD1
:104E100008F1404808F5801858EA040808D102460D
:104E20000B4610461946DBF73FFA02460B4694E75D
:104E3000012C7FF436AF01F10043194631E7EB0F47
:104E4000013B53EA040202D132463B46E9E7013C0A
:104E50001C4316D09FED227BBAF1844F8DED027B6F
:104E600040F21281284B9A45254B16D998450BD80C
:104E7000B9F1000F0BDA002011B0BDE8F04F01F0DE
:104E80009BBB9FED197BE7E7B9F1000FF3DC002036
:104E900011B0BDE8F04F01F087BB98450CD2DDE9B9
:104EA000020100220023DBF729FE003818BF012091
:104EB000B9F1000FECDADFE7104B98454FF0000234
:104EC00024D9DDE902010023DBF718FE003818BF02
:104ED0000120B9F1000FCFDCDAE700BFAFF30080AB
:104EE000000000000000F03F000000000000F0BFE4
:104EF0000000F0FF0000F07FFFFF3F430000F03FA5
:104F0000FFFFEF3F0000E03F0000F0435A4BDBF7AC
:104F1000CBF951A3D3E9002304460D46DBF77CFB14
:104F20004FA3D3E9002306460F4620462946DBF768
:104F300073FB524B82468B46002220462946DBF704
:104F40006BFB02460B4648A1D1E90001DBF7ACF947
:104F500022462B46DBF760FB02460B460020484901
:104F6000DBF7A2F92246804689462B462046294691
:104F7000DBF752FB02460B4640464946DBF74CFB4B
:104F80003BA3D3E90023DBF747FB02460B46504621
:104F90005946DBF789F902460B468046894630467A
:104FA0003946DBF783F9002432463B4620460D465E
:104FB000DBF77AF902460B4640464946DBF774F9BF
:104FC000DDE90023CDE9042300230493DDE904ABEC
:104FD00006460F4652465B46DDE90001DBF764F901
:104FE00022462B46DBF718FBDDE900238046894685
:104FF00030463946DBF710FB02460B464046494631
:10500000DBF754F952465B4606460F4620462946D2
:10501000DBF702FB0B46024680468946304639469E
:10502000DBF744F9174B994204460D468A468B46F6
:1050300040F3EF8201F13F4303F5E003034300F047
:10504000E881DDE9020100220023DBF757FD00388B
:1050500018BF012010E700BF000000604715F73FB0
:1050600044DF5DF80BAE543E555555555555D53F6B
:10507000FE822B654715F73F0000F03F0000D03F50
:105080000000E03FFFFF8F40D54B2B4000222BB9A3
:10509000D44BDBF7C1FA6FF034028B464FEA2B5347
:1050A000A3F2FF3313440A93CF4BCBF3130B4BF014
:1050B0007F559B4545F4401508DDCC4B9B4540F39F
:1050C000A5810A9B01330A93A5F580154FF0000ACC
:1050D0004FEACA030B93C64B03EBCA0393ED007B65
:1050E000294653EC172B8DED067BCDE90801DBF744
:1050F000DBF8DDE9082306460F46DDE90601DBF7AC
:10510000D5F802460B460020BA49DBF7AFFBCDE9E4
:105110000C0102460B4630463946DBF77DFACDE9F5
:105120000401DDE904BC6D1045F000554FF0000BA3
:1051300005F500256146002205EB8A435846E14605
:10514000CDE90EBC14461D46DBF766FA02460B4657
:1051500030463946DBF7A8F8DDE9062306460F4658
:1051600020462946DBF7A0F802460B46DDE9080198
:10517000DBF79AF85A464B46DBF74EFA02460B46E7
:1051800030463946DBF790F8DDE90C23DBF744FACB
:10519000DDE90423CDE9060110461946DBF73CFAA8
:1051A0007DA3D3E9002304460D46DBF735FA7CA343
:1051B000D3E90023DBF77AF822462B46DBF72CFAFB
:1051C00079A3D3E90023DBF771F822462B46DBF7FE
:1051D00023FA77A3D3E90023DBF768F822462B46AE
:1051E000DBF71AFA74A3D3E90023DBF75FF8224652
:1051F0002B46DBF711FA72A3D3E90023DBF756F84D
:10520000224606460F462B4620462946DBF704FA7F
:1052100002460B4630463946DBF7FEF95A4604464D
:105220000D464B46DDE90401DBF740F8DDE90623D6
:10523000DBF7F2F922462B46DBF738F85A46CDE980
:1052400008014B4658464946DBF7E6F96A4B00220F
:1052500006460F46DBF72AF8DDE90823DBF726F8D8
:10526000D846DDE90EBC0D465A460B464046494637
:10527000CDE90CBCDBF7D0F95C46804689465E4B35
:10528000002220462946DBF70FF832463B46DBF783
:105290000BF802460B46DDE90801DBF705F8DDE90E
:1052A0000423DBF7B9F9224606460F462B46DDE913
:1052B0000601DBF7B1F902460B4630463946DAF70C
:1052C000F5FF06460F4602460B4640464946DAF7CA
:1052D000EDFFDDE90CBC3CA3D3E900235846CDE942
:1052E00008BC0D46DBF798F95C46CDE9040142465F
:1052F0004B4620462946DAF7D7FF02460B46304692
:105300003946DAF7D1FF32A3D3E90023DBF784F97A
:1053100031A3D3E9002306460F4620462946DBF792
:105320007BF902460B4630463946DAF7BFFF0B9A47
:10533000324B1344D3E90023DAF7B8FFCDE9060175
:105340000A98DBF7FFF80B9A2D4B1344D3E9008939
:105350000646DDE906230F46DDE90401DAF7A6FF7C
:1053600042464B46DAF7A2FF32463B46DAF79EFF4B
:10537000DDE908BC32463B4658460D46DAF794FF55
:1053800042464B46DAF790FFDDE90423DAF78CFF5B
:105390005C46024636E000BFEF4E454A287ECA3FD3
:1053A00065DBC9934A86CD3F01411DA96074D13F99
:1053B0004D268F515555D53FFFAB6FDBB66DDB3FAB
:1053C000033333333333E33F000000E009C7EE3FDC
:1053D000FD033ADC09C7EE3FF5015B14E02F3EBE4A
:1053E0000000F07F000040438E98030079B60B0068
:1053F00080CC02080000F03F0000084060CC0208AA
:1054000070CC02080B46DDE90601D7E54FF0010A32
:105410005EE6B4A3D3E9002330463946DAF746FF07
:105420004246CDE900014B4620462946DAF73CFFCB
:1054300002460B46DDE90001DBF77EFB00287FF426
:1054400000AE4FEA2A5A4FF48013AAF2FE3A43FA0A
:105450000AFADA44CAF30A519D48A1F2FF31084121
:1054600000EA0A03CAF3130AC1F114014AF4801ACC
:105470004AFA01FABBF1000F404649464FF00002DC
:10548000B8BFCAF1000ADAF70FFF804689463246F4
:105490003B4640464946DAF709FF00247CA3D3E99E
:1054A000002320460D46DBF7B7F84246CDE9000160
:1054B0004B4620462946DAF7F7FE02460B463046B1
:1054C0003946DAF7F1FE74A3D3E90023DBF7A4F839
:1054D00073A3D3E900238046894620462946DBF79B
:1054E0009BF802460B4640464946DAF7DFFE044683
:1054F0000D4602460B46DDE90001DAF7D7FEDDE98D
:10550000002380468946DAF7CFFE02460B46204646
:105510002946DAF7C9FE424606460F464B46404644
:105520004946DBF779F860A3D3E9002304460D462A
:10553000DBF772F85EA3D3E90023DAF7B5FE224663
:105540002B46DBF769F85CA3D3E90023DAF7AEFE5C
:1055500022462B46DBF760F859A3D3E90023DAF79C
:10556000A3FE22462B46DBF757F857A3D3E90023C7
:10557000DAF79CFE22462B46DBF74EF802460B4636
:1055800040464946DAF790FE04460D4602460B4671
:1055900040464946DBF740F80022CDE900014FF0D4
:1055A000804320462946DAF77FFE02460B46DDE9B6
:1055B0000001DBF75BF9324604460D463B464046A8
:1055C0004946DBF729F832463B46DAF76FFE0246DA
:1055D0000B4620462946DAF767FE42464B46DAF785
:1055E00063FE0B4602463B490020DAF75DFE41ECC4
:1055F000100B10EE903A03EB0A53B3F5801F30DA2C
:10560000504600F025FF51EC100BDDE90223FFF7B7
:10561000D2BB314C21F00043A3421AD92F4B0B448B
:10562000034309D0DDE9020100220023DBF766FA1B
:10563000003818BF01202BE442464B46DAF734FE0F
:1056400032463B46DBF76EFA0028EBD1DFF89CA030
:10565000F7E69A46224B9A453FF6F3AEDDF810A0E6
:1056600015E751EC100B1946CFE71A490020FFF758
:1056700018BB00200021FFF714BB30463946FFF766
:1056800010BB0C46FFF75EBB0024FFF749BB00BF11
:1056900000000000432EE63FEF39FAFE422EE63FBF
:1056A000396CA80C615C20BED0A4BE726937663E1E
:1056B000F16BD2C541BDBB3E2CDE25AF6A56113F12
:1056C00093BDBE166CC1663F3E5555555555C53FF9
:1056D0000000F0FF0000F03FFFCB904000346F3F30
:1056E0000000E03FFE822B654715973C00CC9040C0
:1056F0002DE9F04F57EC106BC54B8DB027F00048EB
:1057000098450446049707D80022002380ED000B3B
:10571000C0E90223002528E0BE4B984578D8049BB9
:10572000BD4D002B3046ACA3D3E90023394638DD0C
:10573000DAF7BAFDA84506460F461AD0A8A3D3E962
:105740000023DAF7B1FD02460B4680468946304613
:105750003946DAF7A9FDA2A3D3E90023DAF7A4FDBD
:10576000C4E90089C4E90201012528460DB0BDE85D
:10577000F08F9DA3D3E90023DAF796FD9CA3D3E92C
:10578000002306460F46DAF78FFD02460B46804699
:10579000894630463946DAF787FD95A3D3E90023D9
:1057A000DCE7DAF783FDA84506460F4618D08CA340
:1057B000D3E90023DAF77AFD02460B468046894694
:1057C00030463946DAF770FD85A3D3E90023DAF7CE
:1057D0006DFD4FF0FF35C4E90089C4E90201C4E75B
:1057E00081A3D3E90023DAF761FD81A3D3E9002384
:1057F00006460F46DAF75AFD02460B4680468946B2
:1058000030463946DAF750FD79A3D3E90023DEE7C5
:10581000824B984500F2D18000F066F957EC106B8E
:1058200075A3D3E9002330463946DAF7F5FE7C4B01
:105830000022DAF73BFDDBF79FF90546DAF782FE37
:1058400002460B46CDE9022363A3D3E90023DAF72E
:10585000E3FE02460B4630463946DAF725FD60A3E3
:10586000D3E9002382468B46DDE90201DAF7D4FE54
:105870001F2D06460F460CDC6A4B6A1E53F8223079
:10588000434506D032463B4650465946DAF70CFDB2
:105890000EE03B46324650465946DAF705FD4FEAE0
:1058A00028530593C1F30A53C3EB1853102B02DCA2
:1058B000C4E9000139E04CA3D3E90023DDE902018A
:1058C000DAF7AAFE06460F4602460B4650465946F0
:1058D000DAF7EAFC02460B468046894650465946AE
:1058E000DAF7E2FC32463B46DAF7DEFC40A3D3E9C6
:1058F000002306460F46DDE90201DAF78DFE324647
:105900003B46DAF7D1FC02460B4606460F464046B8
:105910004946DAF7C9FC059AC1F30A53D31A312B69
:1059200020DCC4E90001C246CB46D4E900895046D8
:1059300042464B465946DAF7B7FC3B463246DAF761
:10594000B3FC049B002BC4E90201BFF60EAF09F1C2
:105950000043636001F10043C4F80080A060E3608D
:105960006D4202E726A3D3E90023DDE90201DAF75D
:1059700053FE06460F4602460B4640464946DAF7B6
:1059800093FC02460B4682468B4640464946DAF770
:105990008BFC32463B46DAF787FC1BA3D3E9002396
:1059A00006460F46DDE90201DAF736FE32463B468F
:1059B000DAF77AFC06460F4664E71B4B984535D963
:1059C00032463B4630463946DAF76EFCC4E90201FE
:1059D000C4E900019EE600BF00004054FB21F93FEE
:1059E0003163621A61B4D03D0000601A61B4D03DE9
:1059F0007370032E8A19A33B83C8C96D305FE43FDF
:105A00000000002E8A19A33BC14920259A837B39C7
:105A1000FB21E93F7BD90240FB21F93FFB213941C2
:105A20000000E03F90CC0208FFFFEF7F4FEA2855CF
:105A3000A5F21645A8EB055130460F46DBF79CF85A
:105A4000DAF780FD02460B4630463946CDE906239B
:105A5000DAF72AFC224B0022DAF7DEFD0F46064673
:105A6000DBF78AF8DAF76EFD02460B463046394618
:105A7000CDE90823DAF718FC194B0022DAF7CCFD40
:105A8000CDE90A010DF130094FF003080026002787
:105A900079E9020132463B46C24608F1FF38DBF79E
:105AA00023F80028F4D10F4B0193022300932A46D8
:105AB0005346214606A800F087FD049B002B0546AF
:105AC000BFF653AED4E9002101F10043C4E900233D
:105AD000D4E9022101F10043C4E9022340E700BFF9
:105AE0000000704110CD020851EC100B024621F06D
:105AF000004343EC102B704710EE103A23F00043A4
:105B0000B3F1485FF0EE406AB7EE000A04D2FDEE52
:105B1000E67A17EE902A42B326EEA67ADFED1A7ADD
:105B20009FED1A6A1A4AA7EE276A9342DFED197AA7
:105B3000E6EE077A9FED186AA7EE876ADFED177A1F
:105B4000E6EE077A9FED166AA7EE876A60EEE60A30
:105B500026EE076AF6EE007AE7EE060A67EE277A87
:105B600004D877EEE07A30EE670A70470D4A934228
:105B70009ABF03F17F4307EE103AB5EE027A30EE9A
:105B8000470A77EEC77AECE74ED747ADF6740F3188
:105B90009999993E7CF293B4010DD037610BB6BA56
:105BA000ABAA2A3D0000483F10EE103A23F0004314
:105BB000B3F1485F04D2FDEEC07A17EE903A5BB3C2
:105BC00020EE007ADFED157A9FED156AA7EE276AC1
:105BD000DFED147AE6EE077A9FED136AA7EE876A87
:105BE000DFED127A60EE076AE6EE077A30B99FEDD4
:105BF000106AA7EE276AA6EE260A704767EEE67AD5
:105C0000B6EE006AE0EE867AD7EE870ADFED097A13
:105C1000E6EEA70A30EE600A704700BFD3C92E2F08
:105C2000342FD7B21BEF3836010D50B98988083CA4
:105C3000ABAA2ABEABAA2A3E38B510EE105A25F000
:105C40000044B4F17E5F2DED048B0CD1DFED5D7A65
:105C50009FED5D7A60EE277AE0EE077AB0EE670A94
:105C6000BDEC048B38BD04D970EE407A87EEA70AEC
:105C7000F6E7B4F17C5FF7EE008A0BD2B4F1485F2F
:105C800052D2DFED527A70EE277AF4EEE87AF1EE36
:105C900010FAE5DCFEF7A0FB38EEC08AF6EE007ADB
:105CA00028EE278A9FED4A7ADFED4A7A9FED4A9ADD
:105CB000A8EE277ADFED497AE7EE087A9FED487A79
:105CC000A7EE887ADFED477AE7EE087A9FED467A0D
:105CD000A7EE889ADFED457AE8EE077A9FED447AE1
:105CE000A7EE887ADFED437AE7EE087AB0EE480A4D
:105CF000E7EE888AFEF7AAFC3F4B29EE089A9C4201
:105D000089EE286AF0EE006A3DD9A0EE060ADFEDC2
:105D10003B7AE0EE267A9FED2C0A30EE670A002DE2
:105D2000D8BFB1EE400A9BE760EE007ADFED296A4A
:105D30009FED277A9FED2C6AA7EEA67ADFED276A02
:105D4000E7EE276A9FED267AA6EEA77ADFED256AB1
:105D5000E7EE276A9FED207AA6EEA77ADFED236AA9
:105D6000E7EE866A9FED226AA6EEA76ADFED216A5A
:105D7000E6EE276A27EE277AE6EEA78AC7EE287AAC
:105D8000A0EE270A6CE710EE103A23F47F6323F0AD
:105D90000F0307EE103AA7EE478A70EE005A30EE76
:105DA000070ADFED087A88EE005A9FED150AE5EE46
:105DB000667AD5EE867AB0EE406AA7EE666A77EE2E
:105DC000C67AAAE72EBD3BB3DB0FC93FCAF24971C1
:105DD000047F4F3A08EF1138ABAA2A3E461124BD82
:105DE000A80A4E3E90B0A6BE2EC69D3D613330BF80
:105DF0002D57014039D119C09999793F2EBD3B33B8
:105E0000DB0F493F10EE902A22F00041B1F1FF4F25
:105E100010B5F0EE407A06D810EE100A20F00043DC
:105E2000B3F1FF4F04D977EEA07AB0EE670A10BD48
:105E3000B2F17E5F03D1BDE8104000F035BA94178F
:105E400004F0020444EAD07443B9022C5ED09FED02
:105E5000347A032C08BFF0EE477AE6E741B9DFED6C
:105E6000317A9FED317A0028B8BFF0EE477ADCE74F
:105E7000B1F1FF4F10D1B3F1FF4F04F1FF3407D15F
:105E8000022C46D8294B03EB8403D3ED007ACCE7F0
:105E9000022C41D8264BF6E7B3F1FF4FDFD05B1A57
:105EA000B3F1F45F4FEAE3511ADA002A01DA3C3128
:105EB00019DB87EEA00AFEF78FFA00F0F5F9F0EE95
:105EC000407A012C12D0022C17D0002CADD09FEDBF
:105ED000197A77EE877A9FED187A77EEC77AA4E77A
:105EE000DFED107AEDE7DFED157AEAE717EE903A8D
:105EF00003F1004307EE903A97E79FED0E7A77EEB5
:105F0000877A9FED0D7A77EE677A8EE7DFED0A7A72
:105F10008BE7DFED0B7A88E7DFED087A85E700BFD6
:105F2000DB0F49C0DB0FC93FDB0FC9BF24CE02081E
:105F300018CE02082EBDBB33DB0F49400000000025
:105F4000DB0F493FF0B510EE905A25F00040431E9C
:105F5000B3F1FF4F06D210EE103A23F00046B6F12F
:105F6000FF4F04D360EE200A80EEA00AF0BD864207
:105F7000FCDB03F0004405D1324B03EB547393ED8B
:105F8000000AF3E713F0FF4F40D132026FF07D01BA
:105F9000002A38DC15F0FF4F3ED107026FF07D027A
:105FA000002F36DA11F17E0FB9BF6FF07D035B1A57
:105FB000C3F3160343F40003B8BF06FA03F312F168
:105FC0007E0FB5BF6FF07D05C5F31605AD1A45F41C
:105FD0000000B8BFA840891A1D1A01BB13EA2503A7
:105FE00038BF2B46002BC7D0B3F5000F1FDB12F1D3
:105FF0007E0F1FDBA3F500037F32234343EAC25326
:1060000000EE103AB2E701395200C1E7F1157F39CD
:10601000C0E7013A7F00C3E7C2157F3AC2E7002D0F
:1060200002DA5B000139D7E7A6D06B00FAE75B0024
:10603000013AD9E7C2F1FF2202F57F028232134111
:106040002343DDE730CE0208F0B510EE106A884B2E
:1060500026F000459D4287B0044605D8002380ED18
:10606000000A4360002022E0824B9D423AD826F08D
:106070000043002E9FED807A804A23F00F0318DD45
:10608000934270EE477A09BF9FED7D7ADFED7D6A1E
:10609000DFED7D6A77EEC77A37EEE67A77EEC77A7C
:1060A00080ED007A77EEE67AC0ED017A012007B044
:1060B000F0BD934270EE077A09BF9FED717ADFED74
:1060C000716ADFED716A77EE877A37EEA67A77EE3E
:1060D000C77A80ED007A77EEA67AC0ED017A4FF0AC
:1060E000FF30E4E7694B9D4273D8FEF775F99FEDE9
:1060F000687AF6EE007AE0EE077AFDEEE77AB8EE1F
:10610000E77A17EE900ADFED5C7AA7EE670A1F28A0
:10611000DFED5C7A67EE277AB1EE476A70EE676A68
:1061200016EE901A09DC5B4A471E26F0004352F82F
:10613000272023F0FF03934207D1C1F3C752C2EBDC
:10614000D552082A4FEAE55314DC216094ED007A19
:1061500030EE470A002E30EE670A84ED010AA6DA17
:10616000B1EE477AB1EE400A84ED007A84ED010A7F
:1061700040429CE7DFED425AF0EE406AE6EE256AC7
:1061800070EE667AE6EE257ADFED3F5AD7EE257A95
:1061900076EEE75A15EE902AC2F3C7515B1A192B17
:1061A00004DCC4ED005AB0EE660ACFE7DFED3A5AE0
:1061B000B0EE660AA6EE250A76EEC07ADFED376A03
:1061C000E6EE257AD7EE267A30EE677A84ED007A0D
:1061D000BCE7B5F1FF4F06D370EE407AC0ED017A0F
:1061E000C0ED007A3EE7EA15863AA5EBC25307EE0A
:1061F000903ABDEEE77ADFED2A6AB8EEC77A77EE1D
:10620000C77A8DED037A67EEA67ABDEEE77AB8EE2F
:10621000C77A77EEC77A8DED047A67EEA67AF5EE47
:10622000407AF1EE10FACDED057A1ED1B5EE407A46
:10623000F1EE10FA0CBF012302231A490191022149
:10624000009103A8214600F017FD002EBFF62FAFE6
:10625000D4ED007AF1EE677AC4ED007AD4ED017ADC
:10626000F1EE677AC4ED017A82E70323E5E700BF28
:10627000D80F493FE3CB1640800FC93FD00FC93F2D
:10628000004435374344353708A3852E800F4943F2
:1062900084F9223F38CE020800A3852E32318D24A6
:1062A00000008043B8CE020838B510EE105A25F031
:1062B0000044B4F1A14FF0EE407A10D3B4F1FF4F97
:1062C00004D970EE007AB0EE670A38BDDFED4D7A82
:1062D0009FED4D7A002DC8BFF0EE477AF3E74B4BA8
:1062E0009C4210D8B4F1445F0AD29FED497A30EE57
:1062F000077AF7EE006AB4EEE67AF1EE10FAE2DC25
:106300004FF0FF3313E0FEF767F8424B9C424FD843
:10631000A3F5D0039C4241D8F0EE007ABFEE007A9C
:10632000A0EE277A002330EE270AC7EE007A5A1C27
:1063300027EEA76A9FED387ADFED385A9FED385A7D
:1063400066EE066AE6EE875A9FED367AA5EEA67AE5
:10635000DFED355AE7EE265A9FED347AA5EEA67AA0
:10636000DFED335AE7EE265A9FED327AA6EE875AD2
:106370009FED317AA5EE267A9FED305AA7EE265A88
:106380009FED2F7AA5EE267A27EE267AA5EE867A5D
:1063900027EE877A21D177EEC77A94E7F7EE007A75
:1063A00030EE677A30EE270A0123C7EE007ABEE7A7
:1063B000244B9C420BD8F7EE087AB7EE007AA0EE99
:1063C000277A022370EE676AC6EE877AAFE7BFEEE0
:1063D000007AC7EE007A0323A9E71B4A1B4902EBA8
:1063E000830201EB8303D3ED006A37EE667A002D5A
:1063F00037EE677AD2ED007A77EEC77AB8BFF1EE62
:10640000677A60E7DB0FC9BFDB0FC93FFFFFDF3EE5
:10641000CAF24971FFFF973FD769853C59DA4B3D76
:106420006BF16EBD356B883D6E2EBA3D2549123E2F
:10643000ABAAAA3E21A215BD95879DBD388EE3BDAE
:10644000CDCC4CBEFFFF1B40E0D10208D0D10208EA
:1064500070B555EC104BC5F30A5106462B4691B961
:1064600025F0004323433DD0354B204629460022EA
:10647000DAF7D2F8334B9E4204460D460FDA28A3D2
:10648000D3E900231EE040F2FF7291420BD1224675
:1064900020462946D9F70AFF04460D4622E00B465E
:1064A000C1F30A5136394CF2503296420DDD002DBF
:1064B0001DA1D1E9000102DA1DA1D1E900011AA351
:1064C000D3E90023DAF7A8F8E6E7721840F2FE7184
:1064D0008A42ECDC002A08DD23F0FF4323F4E003CA
:1064E00043EA025545EC104B70BD12F1350F08DA46
:1064F000002D0BA1D1E90001C1DA0FA1D1E9000102
:10650000BDE723F0FF43363223F4E00343EA0255AC
:1065100020460D4B29460022D4E700BFAFF3008090
:1065200059F3F8C21F6EA5019C7500883CE4377EC4
:106530009C7500883CE437FE59F3F8C21F6EA581B4
:1065400000005043B03CFFFF0000903C10B52DED23
:10655000028BB0EE408AF0EE608A044602F002FD43
:10656000B0EE480AF0EE680ABDEC028B046010BD84
:10657000034607B551EC100B83B1024601F100430D
:10658000CDE90023DDE90023DAF746F841EC100BF2
:10659000222003B05DF804EBFFF7D8BF02460B469C
:1065A000EEE70000000000009FED010BFFF7E0BFE9
:1065B00000000000000000109FED010BFFF7D8BFA6
:1065C00000000000000000702DE9F04F2DED028B5F
:1065D000ADF5197D12F1140F06930491BE4BA499E9
:1065E000089053F821300093069B03F1FF33A8BFB6
:1065F000D41E0593B2BF0024182394FBF3F46FF06C
:10660000170304FB033303EB020B009B059A9FED7A
:10661000AE8B03EB0208A59BA71A20AE03EB8709FC
:106620000025454513DD069B20AA02EBC3050DF5A9
:10663000E07A4FF00008009B984531DC9FEDA27B8B
:10664000DDF820908DED027B2F4600261BE0EF4207
:1066500007D459F82500D9F775FFE6E8020101359E
:10666000DFE751EC180BF8E7D7E90023F9E802015E
:10667000D9F7D2FF02460B46DDE90201D9F716FE33
:10668000CDE902010136059B9E42A7F10807EBDD2B
:106690009DED027B08F10108AAEC027B0835CAE7F0
:1066A000009BDDF800800CAA02EB83030A93A59BF4
:1066B00003EB840309934FEAC8030B9398AB03EBF6
:1066C000C80313ED287B8DED027B0CAC70AB03EBA4
:1066D000C805A146C246BAF1000FA5F1080577DC4E
:1066E00058469DED020BFFF7B3FE57EC106B0022EE
:1066F0004FF07F5330463946D9F78EFF41EC100BEF
:10670000FDF7AAFF754B51EC100B0022D9F784FF5F
:1067100002460B4630463946D9F7C6FD0F460646B7
:10672000DAF72AFA0290D9F70DFF02460B463046F7
:106730003946D9F7B9FDBBF1000F06460F466CDDAF
:1067400008F1FF310CAB029D53F82130CBF118005A
:1067500043FA00F2154482409B1A0CAA029542F8B3
:106760002130CBF1170243FA02F9B9F1000F64DDD1
:10677000029B00220133029315466FF07F41904542
:1067800000F3B880BBF1000F07DDBBF1010F00F093
:10679000BF80BBF1020F00F0C680B9F1020F4CD1EF
:1067A00032463B464E490020D9F77EFD06460F464D
:1067B000002D42D058469FED460BFFF749FE30466C
:1067C000394653EC102BD9F76FFD06460F4634E0DF
:1067D000444B0022DDE90201D9F71EFFDAF7CCF9BC
:1067E000D9F7B0FE404B002206460F46D9F714FFFA
:1067F00002460B46DDE90201D9F756FDDAF7BCF98E
:10680000D5E9002349F8040B39463046D9F74EFD47
:106810000AF1FF3ACDE902015DE707D108F1FF3344
:106820000CAA52F823304FEAE3599EE72F4B00227F
:10683000DAF778F9002843D1814600220023304658
:106840003946DAF751F9002800F0BF8008F1FF332C
:10685000002200998B426EDA002A00F0898008F14C
:10686000FF380CABABF1180B53F82830002BF6D0E7
:1068700058469FED170BFFF7EBFD08F10103DA0017
:10688000059255EC104B70AADFF858B002EBC30725
:1068900046464FF0000A002E80F2CF804446002C7E
:1068A000C0F2FD80124B1F4670AB03EBC40306938E
:1068B0004FF0000A4FF0000B0026A8EB0405E2E0C1
:1068C0004FF0020954E700BF000000000000000084
:1068D000000000000000F03F30D20208000020401D
:1068E0000000F03F0000703E000070410000E03FFB
:1068F000F0D1020854F8043B45B923B1C3F18073C9
:1069000044F8043C012301321D4638E7CB1AF7E76F
:1069100008F1FF320CAB53F82230C3F316030CA975
:1069200041F8223039E708F1FF320CAB53F822303E
:10693000C3F31503F3E70CA951F82310013B0A43F5
:1069400087E7013453F8042D002AFAD00B9B03F596
:1069500018730DEB0305069B20AA434408F10107B9
:10696000983D02EBC3064444BC4204DAA046A2E6CA
:106970000A9B0124E6E7099B53F82700D9F7E2FDBB
:106980009FEDB17BE6E802018DED027BDDF8209002
:10699000B2464FF00008059B984505DD9DED027B52
:1069A0000137A5EC027BDFE77AE90223F9E802016F
:1069B000D9F732FE02460B46DDE90201D9F776FC33
:1069C00008F10108CDE90201E5E7CBF1000047EC51
:1069D000106BFFF73DFD55EC104B9D4B0022204600
:1069E0002946DAF79FF800B39A4B00222046294641
:1069F000D9F712FEDAF7C0F80646D9F7A3FD944B93
:106A00000022D9F709FE0B46024629462046D9F74F
:106A10004BFCDAF7B1F80CAB0BF1180B43F828007C
:106A200008F1010843F8286022E720462946DAF7F2
:106A3000A3F80CAB43F828001AE70CAB53F8260078
:106A4000D9F780FD22462B46D9F7E6FD524667E985
:106A500002015B4620462946D9F7DEFD013E044689
:106A60000D4618E70699F1E802230691F7E80201BE
:106A7000D9F7D2FD02460B4650465946D9F716FCC7
:106A8000013682468B46009B9E4201DCB542E9DA24
:106A900048AB03EBC505C5E900AB013CFFE6A49B91
:106AA000022B0BDC002B39DC5DD0029B03F00700CE
:106AB0000DF5197DBDEC028BBDE8F08FA49B032B77
:106AC000F3D1059B03F518730DEB0304A4F5A4742F
:106AD0002546C246BAF1000FA5F108056BDC454614
:106AE000012DA4F1080400F38780059C48AB1C44E9
:106AF00000200021B8F1010F00F39C80DDE9487807
:106B0000DDE94A56B9F1000F40F0A680049BC3E9C5
:106B10000078C3E90256C3E90401C6E7059D48AB06
:106B20001D44444600200021002C35DAB9F1000F45
:106B300038D0024601F10043049CC4E90023024618
:106B40000B46DDE94801D9F7AFFB4AAD0124A0456A
:106B50002BDAB9F1000F02D001F100431946049B72
:106B6000C3E90201A1E7059C48AB1C4400200021B9
:106B7000B8F1000F09DAB9F1000F02D001F10043BA
:106B80001946049BC3E900018FE774E90223D9F792
:106B90008DFB08F1FF38EBE775E90223D9F786FB97
:106BA000013CC1E702460B46C6E7F5E80223D9F7E8
:106BB0007DFB0134CBE795ED007B8DED007B95ED02
:106BC000027BDDE9000153EC172B8DED067BD9F735
:106BD0006DFB02460B4606460F46DDE90001D9F77C
:106BE00063FBDDE90623D9F761FB0AF1FF3AC5E94A
:106BF0000201C5E900676DE794ED007BD4E902ABC3
:106C000051EC170B52465B468DED007BD9F74EFBDE
:106C100002460B4606460F46DDE90001D9F744FB64
:106C200052465B46D9F742FB013DC4E90201C4E983
:106C3000006755E774E90223D9F738FB08F1FF38FC
:106C400058E700BFAFF30080000000000000000024
:106C5000000070410000703E049B049A1F6008F120
:106C600000445C609D6006F10043D36001F1004385
:106C70001061536119E700BF2DE9F04F2DED048B32
:106C8000D9B090460190B94A669818F1040F52F8AD
:106C900020A00F4603F1FF3B27DBB8F1030248BFFA
:106CA00008F10402D210551C67999FEDB47AE800F0
:106CB000A2EB0B060290A8EBC5050AEB0B0C1CAC73
:106CC00001EB860E0020604511DD1CA901EB83005D
:106CD0000DF588794FF0000CD44527DCDDF804E091
:106CE000DFEDA67A0646002416E00022DBE7C64266
:106CF0005DBF5EF8201007EE901AF8EEE77AF0EE2E
:106D0000477AE4EC017A0130DDE7FEEC016A96EDAA
:106D1000007AE6EE877A01345C45A6F10406F4DDDC
:106D2000E9EC017A0CF1010C0430D5E708A901EB7C
:106D30008A0104916799DFED908A9FED8E9A01EBAD
:106D4000820203925446A200059258AA02EB8402E2
:106D500012ED140A44A908AA01EB840094462646C1
:106D6000002EA0F104004CDC2846CDE9062300F0FB
:106D7000F5F9B0EE408AB4EE000A28EE000A00F001
:106D800053FAF2EE007AA0EE678A002DDDE90623C1
:106D9000FDEEC87A17EE909AF8EEE77A38EE678A39
:106DA00041DD04F1FF3C08A9C5F1080E51F82C6043
:106DB00046FA0EF0814400FA0EF0361AC5F10700CB
:106DC00041F82C600641002E3CDD4FF0000E09F129
:106DD00001097046744568DC002D03DD012D74D077
:106DE000022D7DD0022E2DD1B7EE000A30EE488A5A
:106DF00040B32846069300F0B1F9069B38EE408A6E
:106E000020E060EE287A013EFDEEE77AF8EEE77AC0
:106E1000A7EEC90ABDEEC00AACEC010A90ED000A6B
:106E200037EE800A9CE705D1601E08A951F8206062
:106E3000F611C8E7F6EE007AB4EEE78AF1EE10FA42
:106E400031DA0026B5EE408AF1EE10FA40F0988073
:106E5000601E002250454BDA002A65D0013C08AB89
:106E6000083D53F82430002BF8D02846B7EE000A2E
:106E700000F074F9631C44AA9FED3F7A990002EB7D
:106E800083022346002B80F2A9802346002BC0F208
:106E9000C78044AA02EB8305DFF8D4C0DFED377A60
:106EA0000020E21AB1E002268FE752F8041B48B92D
:106EB00021B1C1F5807142F8041C01210EF1010ECF
:106EC000084687E7C1F1FF01F5E704F1FF3C08AA96
:106ED00052F82C2002F07F0208A941F82C2081E70B
:106EE00004F1FF3C08AA52F82C2002F03F02F3E71D
:106EF00008A951F8201001380A43ABE7013250F8D5
:106F0000046D002EFAD0059901F5B0710DEB01006A
:106F1000E6181CA904F1010C4C3801EB860622444A
:106F2000624504DA14460EE704980122E7E7039964
:106F3000DDF804E051F82C10059107EE901AF8EEF8
:106F4000E77A0024E6EC017ADFED0C7AB1465C4585
:106F500004DDE0EC017A0CF1010CE1E7FEEC016AE2
:106F600039ED017A0134E6EE877AF0E76CD2020857
:106F700040D20208000080430000803B0000000077
:106F8000029BB0EE480AA3EB080000F0E7F81FED03
:106F9000077AB4EEC70AF1EE10FA19DB5FED0A7A50
:106FA00060EE277A08AAFDEEE77A0835F8EEE77A70
:106FB000A7EEC70AFDEEE77ABDEEC00A10EE103A62
:106FC00042F8243017EE903A013442F824304CE76E
:106FD000BDEEC00A08AA10EE103AF6E708A850F86D
:106FE0002300019007EE900AF8EEE77A013B67EE86
:106FF000807A20EE070A62ED017A43E7FCEC016A31
:10700000B5EC017AE6EE877A0130504501DC824228
:10701000F4DA58A800EB820242ED287A013B35E70A
:10702000669B022B09DC002B2BDC44D009F0070007
:1070300059B0BDEC048BBDE8F08F669B032BF5D1F6
:1070400030AA0B1F13441A4620460028A2F104025E
:1070500052DC2246012AA3F104035DDC30AB5FED74
:10706000397A0B44012C67DCDDED306A9DED317A15
:10707000002E67D1C7ED006A87ED017AC7ED027A6D
:10708000D4E730AB1FED437A0B442246002A24DAC2
:107090004EB3F1EE477AC7ED007ADDED307A77EE48
:1070A000C77A31AA01239C4220DA0EB1F1EE677A49
:1070B000C7ED017ABAE730AB5FED507A0B44002C94
:1070C00005DA0EB1F1EE677AC7ED007AAEE733ED7F
:1070D000017A013C77EE877AF1E773ED017A013AA4
:1070E00037EE277AD2E7F0EE477AD4E7B2EC017AAE
:1070F000013377EE877AD6E7D2ED007AD2ED016AD6
:1071000037EEA67A013877EEC77A82ED007A77EE0D
:10711000A67AC2ED017A98E7D3ED007AD3ED016A41
:1071200037EEA67A013A77EEC77A83ED007A77EEEA
:10713000A67AC3ED017A8DE733ED017A013C77EE53
:10714000877A8FE7F1EE666AB1EE477AC7ED006A9B
:1071500087ED017AF1EE677A90E700BF10EE103A02
:1071600033F000422BD0B2F1FF4F02D330EE000AD1
:10717000704713F0FF4F23D1244BDFED257A98425F
:1071800020EE270A17DB10EE103AC3F3C752193A64
:107190004CF25031884215DDDFED1E7ADFED1E6ABC
:1071A00010EE103AB0EE677A002BB8BFF0EE667AB8
:1071B00027EE870A7047DFED197A27EE800A7047BD
:1071C000D20DE5E71044FE28E6DC002806DD23F0BA
:1071D000FF4343EAC05300EE103A704710F1160F18
:1071E00009DADFED0E7ADFED0E6A10EE103AB0EE3E
:1071F000677A002BD9E7193023F0FF4343EAC053E5
:107200009FED080A07EE903AD7E700BFB03CFFFFBA
:107210000000004CCAF24971CAF249F16042A20D65
:107220006042A28D0000003310EE103AC3F3C75243
:107230007F3A162A23F000412BDC002A12DADFED18
:10724000197A30EE270AB5EEC00AF1EE10FA06DD23
:10725000002B24DA0029144B08BF4FF0004300EE46
:10726000103A7047114911410B42FAD0DFED0D7A07
:1072700030EE270AB5EEC00AF1EE10FAEFDD002B72
:10728000BEBF4FF4000040FA02F29B1823EA01034C
:10729000E5E7B1F1FF4FE4D330EE000A7047002379
:1072A000DDE700BFCAF24971000080BFFFFF7F0029
:1072B000002100F005BE70B504460D4645EC104BAC
:1072C000164602F0CFFE51EC100B7EB1C5F30A5307
:1072D000C3F16B03002B09DD1B0503F17F5500246F
:1072E00005F5401522462B46D9F796F941EC100BCF
:1072F00070BD0000000000002DE9F04F9FB00C466B
:10730000179200221A9205904FF0000A4FF0000BDE
:107310000A46199211782B294AD038D80D2932D82B
:10732000082932D800293BD000220B92199D2A78D7
:10733000302A40F0B3806A7802F0DF02582A6ED11A
:1073400002930B9B01931AAB00938E4A05981BABDB
:1073500019A901F02DFF10F00F06044605D0062EE6
:1073600028D10135002319950B93179B002B40F072
:107370008E850B9BCBB152460BF1004343EC102B97
:107380001FB0BDE8F08F2029CED10132C1E72D29F1
:10739000CAD101210B91511C19915278002AC5D1F3
:1073A000179B1994002B40F0708552465B46E5E729
:1073B0000021EFE71A9A3AB135211CA802F04CFFE0
:1073C0001A99059802F01AFB013E1B9A042E06D862
:1073D000DFE806F014031D201400DDE91CABE10515
:1073E00048BF4BF0004B2BF000431B0D1B05002B3F
:1073F000BBD101F0B7FD22230360B6E7DDE91CA392
:1074000002F2334223F4801343EA025BE7E7DFF83A
:107410007CB1E4E76FF0004B4FF0FF3ADFE7199BD8
:107420005A1C19925B78302BF9D0002B9DD0012388
:107430000993199B0C93002308930A931F460A2271
:1074400019980578A5F13003D9B2092928D94E49F0
:10745000012200F014FF002832D000202A46814685
:107460003D460346652A01D0452A14D11DB9099A23
:10747000024395D00025199C621C199262782B2A30
:1074800077D02D2A7BD04FF0000CA2F130010929D2
:1074900040F2828019944FF00008A2E00023C7E771
:1074A000082FD5BF0A99089902FB013302FB01336B
:1074B00000F10100D4BF0A93089301371990BFE788
:1074C000199B5A1C19925A787FB381463D46A2F106
:1074D0003003092B12D90123C4E7199B5A1C1992B6
:1074E0005A780130302AF8D0A2F13103082B00F28B
:1074F000D384199B0C93814600200546303A00F155
:1075000001032AD0994400EB050C2B460A21634560
:107510000DD1691C01442844082816DC0A980A2366
:1075200003FB00230A93002318E03846DAE7082B10
:1075300003F1010303DC0A9E4E430A96E7E7102B92
:10754000DEBF089E4E430896E1E70F28EBDC089863
:107550000A2303FB00230893E5E72946199A501CE8
:107560001990527818460D46B1E74FF000090123F3
:107570007DE74FF0000CA21C1992A27885E74FF02E
:10758000010CF8E79CD2020878D202080000F07FD4
:10759000199A511C19915278302AF9D0A2F131016F
:1075A00008293FF678AF303A0E92199A0F924FF0B1
:1075B0000A08199A561C19965278A2F1300EBEF19B
:1075C000090F39D90F99761A082E44F61F6803DC83
:1075D0000E998845A8BF8846BCF1000F01D0C8F1BC
:1075E0000008002D4ED1099908437FF4BEAE002B50
:1075F0007FF4D6AE692A28D025DC492A25D04E2A28
:107600007FF4CEAE9B4919A801F0F4FF00283FF4A7
:10761000C7AE199B1B78282B2ED197491CAA19A8F5
:1076200001F0FCFF052827D11D9BDDF870A043F079
:10763000FF4B4BF4E00B98E60E9908FB0121A1F1FA
:1076400030020E92B5E76E2ADAE78C4919A801F0EC
:10765000D1FF00283FF4A4AE199B8949013B19A82A
:10766000199301F0C7FF10B9199B01331993DFF883
:1076700020B24FF0000A78E6824801F0B9FC5BECDA
:1076800010AB72E6A8EB09030A980993002F08BF14
:107690002F46102D2C46A8BF1024D8F743FF092DE4
:1076A00082468B4613DC099B002B3FF45EAE099BA0
:1076B00078DD162B5FDC744901EBC301D1E90001D1
:1076C00052465B46D8F7A8FF82468B464DE66E4B86
:1076D00003EBC40353E91223D8F79EFF82460898B0
:1076E0008B46D8F71FFF02460B4650465946D8F73F
:1076F000DDFD0F2D82468B46D5DD099B2C1B1C44DE
:10770000002C40F3968014F00F030AD05E4901EB81
:10771000C30152465B46D1E90001D8F77DFF82469E
:107720008B4634F00F0473D0B4F59A7F48DD002403
:10773000A0460A94A146059ADFF854B122231360AB
:107740004FF0000A0A9B002B3FF40FAE1A990598E0
:1077500002F054F90598494602F050F9059841465F
:1077600002F04CF90A99059802F048F9059821466B
:1077700002F044F9F9E5099AC5F125039342BCDB0F
:10778000414CC5F10F0504EBC50152465B46D1E9FA
:107790000001D8F741FF099B5D1B04EBC504D4E948
:1077A00000238FE71633A8DB374BA9EB080803EB60
:1077B000C808D8E9002350465946D9F757F883E757
:1077C000324B089300232411504659461E46012C83
:1077D00021DC0BB182468B462C49ABF1547B01EB8B
:1077E000C60152465B46D1E90001D8F715FF284B88
:1077F0000A460B4027498B42824698D8A1F5801152
:107800008B4286BFDFF890B04FF0FF3A02F1547B15
:10781000002308937AE0E20705D5089BD3E900230B
:10782000D8F7FAFE0123089A08320136641008924C
:10783000CDE7EDD0644214F00F020AD0124B03EBF7
:10784000C20350465946D3E90023D9F70FF88246C0
:107850008B462411DCD01F2C20DD0024A0460A9486
:10786000A146059A22234FF0000A4FF0000B136047
:1078700068E700BF83D2020888D202087AD20208E1
:107880007DD20208CDD40208E8D50208C0D502088E
:107890000000F07F0000A07CFFFFEF7F14F01003DA
:1078A00018BF6A23A94E0893504659460023E207A1
:1078B00004D5D6E90023D8F7AFFE0123641006F102
:1078C0000806F4D10BB182468B46089BB3B1CBF3CB
:1078D0000A52C2F16B03002B59460FDD1F2B55DDF9
:1078E000342BDEBF4FF0FF33C2F14B0293404FF019
:1078F000000ACCBF4FF05C7B03EA010B002200239F
:1079000050465946D9F7F0F80028A6D10A9B0093B3
:107910000C9905982B463A4602F0D8F80A900028B0
:107920003FF405AF099A002AA9EB0803A8BF00237A
:107930001293002422EAE2731693A0460A9B05984C
:10794000596802F01BF8814600283FF4F4AE0A9B08
:107950001A69023203F10C0192000C3001F039FB7C
:107960004BEC10AB05981CAA1BA9CDE90CAB02F09F
:10797000E9FB1A9000283FF4DEAE0598012102F0E1
:107980003BF9804648B94FF00008D4E64FF0FF328B
:1079900002FA03F303EA0A0AB0E71B9D1C9A002DC2
:1079A000ABBF129B169B169E129FACBFEF185E1BBF
:1079B000089BED1A1544664B013D9D42C2F136020B
:1079C00050DA5B1B1F2BA2EB03024FF001013DDCE1
:1079D00001FA03F3139300231093BD18089BAF42E1
:1079E00016441E443B46A8BF2B46B342A8BF3346AD
:1079F000002BC2BFED1AF61AFF1A129B002B16DDE0
:107A0000414605981A4602F0B7F980460028BAD0D8
:107A100001461A9A059802F005F90E9000283FF4E5
:107A20008AAE1A99059801F0E9FF0E9B1A93002D72
:107A30001DDC099B002B23DD4946169A059802F0B0
:107A40009BF98146E0B94FF0000974E6C5F17F4526
:107A500005F57F0505F57B45E23501FA05F3109341
:107A60001391BAE70023109301231393B5E71A99F2
:107A700005982A4602F0DAF91A900028D9D15AE678
:107A8000002E07DD49460598324602F0CFF98146BF
:107A90000028D8D0002F08DD414605983A4602F06C
:107AA000C5F9804600283FF446AE1A9905984A4623
:107AB00002F044FA044600283FF43DAEC3680F9339
:107AC0000023C360414602F01DFA002846DA0F9BEE
:107AD00053EA0A036CD1CBF31303002B68D12BF0CC
:107AE00000431B0D1B05B3F1D66F61D9636913B950
:107AF0002369012B5CDD21460122059802F096F9ED
:107B00004146044602F0FEF9002851DD2BF0004307
:107B1000089A1B0D1B05002A6BD0B3F1D66F68D8ED
:107B2000B3F15C7F7FF69DAE0A4B5046594600226A
:107B3000D8F772FD084B0B4082468B46002B7FF432
:107B400005AE059A2223136000E600BFB0D20208FA
:107B500002FCFFFF000050390000F07FCDF838B084
:107B600065D10F9ACBF313035AB39F4A93422BD19B
:107B7000089B514603B39D4B5A461340B3F1D46F53
:107B80004FF0FF321BD81B0DC3F16B0302FA03F356
:107B9000994219D1964B0E9A9A4202D101313FF483
:107BA000CAAD924B0E9A1A4002F5801B4FF0000AA4
:107BB000089B002BB8D1C9E54FF0FF33E8E7134627
:107BC000E6E753EA0A03A1D0109BDBB10E9A1342F9
:107BD000EED00F9B089A50465946BBB1FFF76BFB9E
:107BE000DDE90C0153EC102BD8F760FB82468B4685
:107BF000DEE7A3F580136FEA135B6FEA0B5B4FF0D0
:107C0000FF3AD5E7139B13EA0A0FE1E7FFF753FBAF
:107C1000DDE90C0153EC102BD8F746FB00220023C2
:107C200082468B46D8F760FF0028C1D019E641464E
:107C3000204602F0DFFA57EC106B00224FF0804331
:107C400030463946D8F764FF00286FD00F9B002BD1
:107C50007AD1BAF1000F58D10E9BC3F31303002B56
:107C60005AD1644B002230463946D8F747FF0028E6
:107C700059D130463946604B0022D8F7CDFC064634
:107C80000F4607F1004306960793DDE90623574D9B
:107C9000CDE910230E9B1D40584B9D4240F0B28011
:107CA0000E9BA3F1547B4BEC10AB02F0DBF9DDE94A
:107CB000062351EC100BD8F7AFFC52465B46D8F7C1
:107CC000F5FA0B4649494E4A19409142824642D93B
:107CD0000D9A474B9A4203D10C9B01333FF42BADD5
:107CE000DFF80CB14FF0FF3A1A99059801F086FEC3
:107CF0000598494601F082FE0598414601F07EFE56
:107D00000598214601F07AFE18E6BAF1010F03D179
:107D10000E9B002B3FF4A5AD9FED2B7B354F8DEDDA
:107D2000067B0026B1E7344F0026AAE7324B3046E7
:107D300039460022D8F770FC0F9B06460F46002BF1
:107D40009FD0CDE90667A0E79FED217B8DED067BF7
:107D500057EC176B99E703F1547B089BCDF838B0CB
:107D6000002BC1D12BF000431B0D1B059D42BBD145
:107D700030463946D9F700F8D8F720FC02460B46C2
:107D800030463946D8F790FA0B460246CDE90C2327
:107D9000CBF313060F9B46EA0A061E436FD00EA3D1
:107DA000D3E90023D8F7AAFE00287FF4CFAC0CA3B8
:107DB000D3E90023DDE90C01D8F7BEFE002893D0FB
:107DC000C4E400BFAFF30080000000000000F0BF7B
:107DD000000000000000F03F9535A094FFFFDF3F5A
:107DE00035E5AF350000E03FFFFF0F000000F07FFA
:107DF000FFFFEF7F0000F03F0000E03F0000E07F6A
:107E0000FFFF9F7C089B23B3B5F1D46F21D828A333
:107E1000D3E9002330463946D8F77AFEA0B1394677
:107E20003046D8F7D1FE012838BF0120D8F77AFBB9
:107E30000F9B06460F46FBB901F1004314901593C2
:107E4000DDE91423CDE91023119B03F1D6635B1BFD
:107E500011939DED0C0BDDE910AB02F003F95046D8
:107E600053EC102B5946D8F7D7FBDDE90C23D8F794
:107E70001DFA82468B4670E7CDE91467E0E70EA352
:107E8000D3E90023D8F73AFE98E700230B93179A1B
:107E9000199B1360FFF76DBA652A3FF466AB452A5C
:107EA0003FF463AB0123FFF79EBB00BFAFF300803D
:107EB0000000C0FFFFFFDF419535A094FFFFCF3FDB
:107EC0000A4601460248034B0068FFF715BA00BF97
:107ED00048040020DC020020242B2DE9F0478646D0
:107EE000904601D8012B06D101F03CF8162303601F
:107EF0000020BDE8F08734480D462A4615F8014BAE
:107F0000065D16F00806F8D12D2C2DD12C7801260F
:107F1000951C33F0100209D1302C2AD12A7802F0B6
:107F2000DF02582A25D16C781023023506F1004C67
:107F30000CF1FF3C0022BCFBF3F9104603FB19CA0D
:107F4000A4F13007092F1BD83C46A34227DD571C5C
:107F500007D0814520D301D1A2451DDB00FB0340A2
:107F6000012215F8014BEBE72B2C04BF2C78951C54
:107F7000CFE7002BDAD1302C0CBF08230A23D5E73A
:107F8000A4F14107192F01D8373CDEE7A4F16107BE
:107F9000192F04D8573CD8E74FF0FF32E1E7531CC4
:107FA00008D12223CEF800306046B8F1000FA0D0EF
:107FB000691E06E006B14042B8F1000F99D0002AD0
:107FC000F6D1C8F8001094E7D9D20208FFF784BFB1
:107FD00013460A46014602480068FFF77DBF00BF0E
:107FE00048040020002310B50446C0E90033C0E96E
:107FF0000433836081814366C2818361194608220C
:108000005C3000F016F90D4B63620D4BA3620D4B13
:10801000E3620D4B23630D4B24629C4206D003F1B7
:108020006802944202D0D0339C4205D104F158003A
:10803000BDE8104000F0C0BF10BD00BFA98102081C
:10804000CF810208078202082B8202080065012006
:10805000024A0349034800F069B800BFC802002083
:10806000C1AA02084C04002041680C4B994210B58B
:10807000044601D002F024FDA168094B994202D0C8
:10808000204602F01DFDE168064B994204D02046CF
:10809000BDE8104002F014BD10BD00BF0065012016
:1080A00068650120D065012010B50B4B0B4C0C4AC4
:1080B0001A60204600220421FFF794FF04F16800B3
:1080C00001220921FFF78EFF04F1D0000222BDE852
:1080D00010401221FFF786BF38660120006501209D
:1080E00051800208014800F069BF00BF67660120A7
:1080F000014800F065BF00BF6766012010B5044667
:10810000FFF7F0FF236A1BB1BDE81040FFF7F0BF97
:10811000044B2362044B1B68002BF5D1FFF7C4FF0F
:10812000F2E700BF69800208386601202DE9F843B4
:108130000746884614460026D4E90195B9F101099D
:1081400005D52468002CF7D13046BDE8F883AB890B
:10815000012B07D9B5F90E30013303D02946384633
:10816000C04706436835E9E70EB400B59CB01DABC7
:10817000029006906FF00041094807910491094967
:1081800053F8042B05910068019302A902F08AF9C3
:10819000029B00221A701CB05DF804EB03B070471C
:1081A000480400200802FFFF10B50C46B1F90E107C
:1081B00000F0B4FE0028ABBF636DA3891B1823F445
:1081C0008053ACBF6365A38110BD002070472DE9CB
:1081D000F0411F468B89DB0505460C46164605D542
:1081E000B1F90E100223002200F086FEA389B4F933
:1081F0000E1023F48053A38132463B462846BDE847
:10820000F04100F09DBE10B50C46B1F90E1000F023
:1082100073FE431CA38915BF606523F4805343F4A8
:108220008053A38118BFA38110BDB1F90E1000F0D7
:1082300053BE02440346934200D1704703F8011B2A
:10824000F9E7C9B20346184613F8012B12B18A4266
:10825000F9D17047002918BF0020704770B5034658
:108260001E4613F8014B44B14A1E01E0A54204D05A
:1082700012F8015F002DF9D1F2E7301A70BD10B588
:108280006AB10139841810F8012B11F8013F9A42A4
:1082900003D1A04201D0002AF5D1D01A10BD10465A
:1082A000FCE710B50139034632B111F8014F03F86C
:1082B000014B013A002CF7D11A440021934200D11E
:1082C00010BD03F8011BF9E72DE9F0414D4A0C46BA
:1082D0000023D0E90001D8F7E7FC002ABCBF02F573
:1082E000A83202F5C0724FF4616100F52F20B2FB95
:1082F000F1F301FB13224FF03C01ACBF00F66C2000
:1083000000F66B20A360B2FBF1F301FB1322636064
:108310002260C31C072293FBF2F2C2EBC2029B1A3B
:1083200048BF07330028A361B8BFA0F50E33364914
:10833000AEBF90FBF1F1A3F52C7393FBF1F1334B3E
:1083400003FB010048F6AC63B0FBF3F3034440F2D7
:10835000B45CB0FBFCF29B1A40F26D172C4AB0FBE8
:10836000F2F264269B1AB3FBF7F2B3FBFCF3B2FB09
:10837000F6F5EB1A034407FB1233992003EB83074E
:10838000023703F1010EB7FBF0FC00FB0CF00230EA
:108390004FF00508B0FBF8F0AEEB000040F2F95EDC
:1083A00077458CBF6FF00907022767444FF4C87CFC
:1083B0000CFB0121012F98BF0131B3F5997F0CD33C
:1083C000A3F59973E361A1F26C710023E060C4E945
:1083D000047123622046BDE8F08112F0030F02D140
:1083E00006FB15255DB94FF4C875B2FBF5F605FB24
:1083F0001622B2FA82F252093B331344E2E7012219
:10840000FAE700BF80510100B13A02004FC5FDFFFD
:10841000B03A0200F7B501683B29044611D93C2265
:10842000684600F00BFE019A63680099002A0B442D
:108430006360BBBF3C3203F1FF3322602260B8BFF0
:10844000636061683B2911D93C22684600F0F6FD63
:10845000019AA3680099002A0B44A360BBBF3C3279
:1084600003F1FF3362606260B8BFA360A16817299F
:1084700011D91822684600F0E1FD019AE3680099DD
:10848000002A0B44E360BBBF183203F1FF33A26044
:10849000A260B8BFE36021690B2911D90C2268469C
:1084A00000F0CCFD019A63690099002A0B446361D6
:1084B000BBBF0C3203F1FF3322612261B8BF63619D
:1084C00063699A071CD1642193FBF1F201FB12321C
:1084D000C2B903F26C734FF4C87293FBF2F102FB62
:1084E0001133002B14BF1C231D23E268002A0BDC70
:1084F000314D0B206421E668002E30DD03B0F0BD65
:108500001C23F2E71D23F0E72B4DD4E90312012AC7
:1085100014BF55F8220018468142EFDD0132091AD6
:108520000C2AE1602261F0D1636900215A1C2161AB
:10853000910762613CD1642192FBF1F001FB1022B2
:10854000002A37D103F26D734FF4C87293FBF2F136
:1085500002FB1133002B14BF1C231D23D5E7226916
:10856000013A2261013216D163695A1E9707C4E9A4
:10857000040219D192FBF1F701FB1722B2B903F201
:108580006B734FF4C87293FBF2F702FB1733002BA7
:1085900014BF1C231D232269012A14BF55F8222071
:1085A0001A463244E260A6E71C23F4E71D23F2E7F3
:1085B0001C23AAE71D23A8E70CD402082DE9F04FDD
:1085C00085B0074602F0FAFA81463846FFF722FFE7
:1085D000D7E900433C2202FB0344BB687D694FF4AA
:1085E000616202FB0344D7E90363C14A52F82320C6
:1085F000013E012B164411DDA9070FD1642295FB22
:10860000F2F302FB135343B905F26C734FF4C872D3
:1086100093FBF2F102FB113303B9013605F51C534C
:10862000103344F620629342FE6100F26781462DCA
:1086300040F38E80462340F26D1C64214FF4C870D5
:108640009A077FD193FBF1F201FB1232002A7CD111
:1086500003F26C7292FBF0FE00FB1E22002A14BF94
:1086600062464FF4B77201339D421644E8D1A14BE4
:108670004FEAE478C6FB034800F0FAF900F004FA88
:108680009D4B1B68002B00F04081D7F820A0786933
:108690005346012BA8BF01230193D9F8043000F2FF
:1086A0006C70834240F09680D9E90821D9F85000D7
:1086B000D9F84CC0131A0393D9F848300293029AA0
:1086C000D9F8283061EBE07BB2EB030E6CEBE37181
:1086D000744578EB010280F28580D9F80020002AE9
:1086E00000F08D80039A944278EB0B02C0F20A816D
:1086F000744578EB0101B4BF4FF0010B4FF0000B54
:10870000BAF1000F80F28780BBF1010F40F0FF80CB
:10871000D9F850301C1948EBE3784FF0010B00F00A
:10872000ADF90436072396FBF3F3C3EBC303F61A44
:1087300000F1DB80C7F820B0BE612046414605B09D
:10874000BDE8F08F40F26D128DE74FF4B7728AE703
:108750008DD0452340F26D1C64214FF4C87012E0A7
:1087600062BB93FBF1F201FB123252BB03F26C725B
:1087700092FBF0FE00FB1E22002A14BF62464FF45B
:10878000B772B61A013B9D4203F00302E8DBDAB987
:10879000642295FBF2F302FB1353C3B905F26C7329
:1087A0004FF4C87293FBF2F102FB1133002B40F23D
:1087B0006D1308BF4FF4B773F61A58E740F26D1205
:1087C000DFE74FF4B772DCE740F26D13F4E74FF4E4
:1087D000B773F1E700F0A2F800287FF465AFDDF889
:1087E00004B091E7029A121A02924FEAE0726CEB1F
:1087F000020C029A944278EB0C0CF0DB6DE7039AC2
:10880000944278EB0B02FFF673AFBAF1000FFFF65C
:108810007FAF4FF0010B019A82EA0B02012A7FF42D
:1088200073AFBBF1000F35D01B1A3A68D7F80CA014
:108830001A441C193A60384648EBE378FFF7EAFD22
:10884000FA68B2EB0A023FF45FAF012A24DC931C02
:10885000D8BF0122FB69D31827D56B1E98071ED1FC
:10886000642193FBF1F001FB1033DBB94FF4C873C3
:1088700005F26B7595FBF3F103FB1155002D40F2EA
:108880006D1318BF4FF4B673FB6116443CE74FF00D
:10889000000BC0E7C31AC8E74FF0FF32DAE74FF426
:1088A000B673F1E740F26D13EEE7A90717D1642024
:1088B00095FBF0F100FB1151A1B94FF4C87105F21D
:1088C0006C7595FBF1F001FB1055002D40F26D1118
:1088D00008BF4FF4B7718B42A8BF5B1AD4E740F2D0
:1088E0006D11F8E74FF4B771F5E7073622E700BFDF
:1088F000DCD30208805101005C6601204FF0FF3498
:10890000A0461AE7BAF1000FC1DA4FF0000BD9F810
:1089100028301C1948EBE37801E700BF2DE9F04748
:10892000044602F04BF940F2B1739C4240F3998047
:108930006FF4F667E519A4F2B27340F26D12AD1050
:1089400002FB03556FF4C86C6FF06302A4F26D7301
:10895000454F93FBF2F31D444FF4C87204EB0C0334
:108960004460B3FBF2F301461D4400F1500C0B7A56
:108970004A694A2B33D1A60705EB020306D14FF013
:10898000640E94FBFEF60EFB164636B94FF4C87E15
:1089900094FBFEF60EFB1646FEB93B2AD4BF00221E
:1089A00001221344013B8A69D617C3FB07268B6A51
:1089B000D21846EBE373C1E9082328318C45D6D1A0
:1089C000D0E90843D0E912128C429341B4BF01238D
:1089D000002303600120BDE8F0870022E1E7442B7B
:1089E00001D1AB18DFE7A30705D1642694FBF6F3AA
:1089F00006FB13437BBB4FF4C87394FBF3F603FBF6
:108A00001646B6FA86F67609DFF860E0D1F80C90E3
:108A10004FF0300A2B464FF000080AFB06E608F13B
:108A20000108C14556F828E017DC03F104080726C1
:108A300098FBF6F6C6EBC606A8EB0606921B0E6977
:108A400006F1FF3648BF0732C6EBC6063244724510
:108A500005DA1344A7E70126D6E77344DFE7073AB0
:108A6000F5E70020B7E700BF80510100E0D602081B
:108A7000014800F0A2BA00BF64660120014800F07E
:108A80009EBA00BF64660120014B186800F002B86E
:108A9000480400202DE9F04F8DB0074602F08EF813
:108AA000BC49BD4D0446384600F090FE064610BB5A
:108AB000BA4BBB4A1860BB4BA0621860BA4B20652A
:108AC000C3E900224A2100220023C4E90300C4E9CB
:108AD0000500C4E90D00C4E90F00C4E90823C4E996
:108AE00012232868217284F8301000F07FFE2E6077
:108AF0000DB0BDE8F08F2968002940F08E8028680D
:108B000000F074FE3046D7F76DFB411C384600F08C
:108B100097FE2860002840F08680A24ADFF888820D
:108B2000DFF878A200231360A04ACAF800300020C2
:108B30000021C8E90022C4E90333C4E90533C4E9CC
:108B40000801C4E90D33C4E90F33C4E912014A2214
:108B50002272A36284F83020236533783A2B08BF51
:108B6000013633783C2B62D1751C914A91490AAB8E
:108B7000284601F0DFFF0028BADD0A9BDA1E072A2B
:108B8000B6D8EB5C3E2BB3D102360A9BF518F35CEA
:108B90002D2B5AD101354FF0FF390023ADF81E308F
:108BA000ADF8203008AF0AABCDE9013703930DF1E2
:108BB0001E03009380490AAB07AA284601F0BAFFBA
:108BC000002895DDBDF81E30BDF820603C2202FB78
:108BD0000366BDF81C304FF4616202FB03660A9B1A
:108BE00009FB06F605EB0309EB5C3C2B40F0EE803D
:108BF00009F10105714A6F490AAB284601F09AFF55
:108C0000002828DC99F801303E2B24D1684BA6625D
:108C1000C8E90033CAF800606AE7D7F7D9FA002834
:108C20007FF46DAF64E7314600F0CBF975E7604A39
:108C300063490AAB304601F07DFF00287FF758AF4B
:108C40000A9B033B072BA0D952E72B2B08BF01350A
:108C50004FF00109A1E70A9BDA1E072A3FF648AF49
:108C6000EB5C3E2B7FF444AF09F102090A9B09EB50
:108C7000030519F803302D2B40F0B78001354FF074
:108C8000FF390023ADF81C30ADF81E30ADF82030B0
:108C90000A930AABCDE9027301930DF11E03009311
:108CA00045490AAB07AA284601F044FF002800F313
:108CB000A280A6F5616304930A9B27461D444FF0EA
:108CC000000B2B782C2B08BF013595F80090B9F1DB
:108CD0004D0F40F0A3800AAB0DF12602CDE9013221
:108CE00009AA0092374903930DF12202284601F0A8
:108CF00021FF03287FF4FCAEBDF822104B1E0B2B86
:108D00003FF6F6AEBDF82420531E042B3FF6F0AE1E
:108D1000BDF82630062B3FF6EBAEC7E9031287F805
:108D200008907B610A9B05EB030900254FF00203C5
:108D3000ADF81C30ADF81E50ADF820500A9599F8EA
:108D400000302F2B40F096800AAB08AACDE9013203
:108D50000DF11E0200921C49039307AA484601F038
:108D6000E9FEA84200F386804A2100220023C4E9DC
:108D70000355C4E90555C4E90823C4E90D55C4E900
:108D80000F55C4E912232172A56284F830102565BD
:108D9000AEE600BF3CD402083C66012058660120C4
:108DA0003FD402085C660120D4020020CDD4020822
:108DB0004C66012043D4020878D4020840660120A2
:108DC00056D4020864D4020877D402083E4A3F49C8
:108DD0000AAB484601F0AEFE00287FF717AF0A9BAA
:108DE000033B072B7FF642AF82E62B2B08BF0135F2
:108DF0004FF0010945E7BDF81E20BDF820303C21A9
:108E000001FB0233BDF81C204FF4616101FB02330A
:108E100009FB03F34FE74FF0010B52E7B9F14A0F9B
:108E200006BF01354B4644230A220BA92846059369
:108E300001F0C6FADDF82C90059BADF82600A94597
:108E400014D14D23BBF1000F07D12372032102235C
:108E5000C4E90313C4F814B067E784F830300B2278
:108E60000123C4E90D230023E3635EE780B23B7274
:108E700078615AE7BDF81E20BDF820303C2101FB87
:108E80000233BDF81C204FF4616101FB0233BB616A
:108E90000A9D28374D44BBF1000FBCD0049B2365CD
:108EA0000B4BC8F800306068074BA662C8F8043066
:108EB000FFF734FDA26A236DCAF800209B1A054A09
:108EC00018BF0123136013E64066012056D4020840
:108ED0004C6601205C66012038B5064D002304462F
:108EE00008462B60D9F738FF431C02D12B6803B129
:108EF000236038BD6066012038B5074D044608463A
:108F0000114600222A601A46D9F74DFF431C02D1B0
:108F10002B6803B1236038BD6066012038B5074D6A
:108F200004460846114600222A601A46D9F7DBFE9D
:108F3000431C02D12B6803B1236038BD6066012059
:108F400038B5074D04460846114600222A601A46E5
:108F5000D9F7E6FE431C02D12B6803B1236038BD6C
:108F600060660120014B1868704700BF480400206C
:108F700070B50D4D0D4C641BA4100026A64209D1FE
:108F80000B4D0C4C02F0B8FC641BA4100026A6424A
:108F900005D170BD55F8043B98470136EEE755F80A
:108FA000043B98470136F2E768D7020868D7020801
:108FB00068D702086CD7020870477047704770473F
:108FC0007047034611F8012B03F8012B002AF9D151
:108FD00070470A44914200F1FF3300D1704710B549
:108FE00011F8014B03F8014F9142F9D110BD000077
:108FF0009FED010B704700BF000000000000F87FEC
:109000001FB514461A46094B1B680546D86854B963
:10901000074B1C46CDE9013400912B46054901F070
:1090200077FD01F0DFFD044BF4E700BF48040020AA
:10903000CDD402089FD4020892D4020810B591FB47
:10904000F2F402FB14110460416010BD38B505460E
:10905000002941D051F8043C0C1F002BB8BFE41884
:1090600000F080FC1D4A136833B963601460284621
:10907000BDE8384000F07CBCA34208D92068211824
:109080008B4201BF19685B6809182160EDE71A4639
:109090005B680BB1A342FAD911685018A0420BD1FA
:1090A00020680144501883421160E0D118685B6861
:1090B000536008441060DAE702D90C232B60D6E72E
:1090C000206821188B4204BF19685B68636004BF85
:1090D000091821605460CAE738BD00BF6C660120E2
:1090E0000369B3EB611F2DE9F0434FEA611200F110
:1090F000140445DD11F01F0104EB830604EB820527
:109100000CD100F110072946B14234D39B1A9B00C1
:10911000EA1E964238BF0023234415E054F822701B
:10912000C1F12008CF4005F1040EA1467645F44672
:1091300015D89A1A9200043A0135AE4238BF00227F
:10914000A318A75007B104331A1BA3424FEAA20287
:1091500008BF0023026108BF4361BDE8F083DCF86B
:1091600000C00CFA08FC4CEA070749F8047B5EF8DB
:10917000047BCF40DAE751F804CB47F804CFC3E7CC
:109180002346E1E7A0F13003092B02D82038C0B212
:109190007047A0F16103052B01D84738F7E7A0F12C
:1091A0004103052B01D82738F1E700207047000064
:1091B0002DE9F04F85B08A4602930B6801909046E6
:1091C0009C1CA14614F8010B3028FAD0A9EB03032C
:1091D000A3F1020BFFF7D6FF0546002868D1A0498E
:1091E00001224846FFF74BF80746002867D199F857
:1091F00001002646FFF7C6FF002862D023461878F4
:109200003028994603F10103F9D0FFF7BBFFB0FA0C
:1092100080F56D094FF0010B4A4616460132307851
:10922000FFF7B0FF0028F8D18D4901223046FFF743
:1092300026F800283FD144B9741C22461646013254
:109240003078FFF79FFF0028F8D1A41BA7003378E0
:1092500003F0DF03502B3ED173782B2B33D02D2B13
:1092600034D0711C00240878FFF78CFF431EDBB25A
:10927000182B30D8A0F1100211F8010FFFF782FF70
:1092800000F1FF3C5FFA8CFCBCF1180F4FF00A03B1
:109290001ED904B152421744CAF80010EDB1BBF117
:1092A000000F0CBF06250025284605B0BDE8F08F4D
:1092B00000252C46B0E7002CC7D12746C7E74E460D
:1092C0002F460125C3E70024B11CCCE70124FBE7AE
:1092D00003FB0200CEE73146DEE7A6EB0903013BC4
:1092E0002946072B0ADC019800F048FB044640B9E8
:1092F0005C4B0246E4215C48FFF782FE01315B10C3
:10930000EFE700F1140A002355469B46B14537D3D9
:1093100045F804BBA5EB0A05AD102561584600F0E1
:109320001FFC6D01D8F800602D1AB54254DDAD1B4D
:109330002946204600F0B3FF814678B16B1E5911D3
:1093400003F01F025AF821104FF0010909FA02F246
:109350000A4203D04B4536DC4FF00209294620462D
:10936000FFF7BEFE2F44D8F80830BB4242DA01981E
:10937000214600F043FB0E9A00231360A32593E7D8
:1093800016F8012D2E2A12D0202B04D145F804BB4B
:109390004FF0000B5B4630780393FFF7F3FE039B1F
:1093A00000F00F0098404BEA000B0433AEE7B145E4
:1093B000EAD82B49039301223046FEF760FF039B56
:1093C0000028E1D1A2E7A91E204600F068FF00288E
:1093D000C2D04FF00309C1E709DA751B2146019895
:1093E0002A4600F023FD7F1B044600F1140A4FF0CB
:1093F0000009B8E7D8F80450BD426FDDED1BAE425E
:1094000034DCD8F80C30022B22D0032B24D0012BD3
:1094100015D1AE4213D1012E0BD1029AD8F80430E7
:10942000136001232361CAF800300E9B62251C6083
:109430003AE7711E204600F032FF0028EDD1019876
:10944000214600F0DBFA0E9A0023136050252BE72B
:109450000F9B002BF3D1E0E70F9B002BDDD1EEE754
:1094600078D20208CED40208DFD402086F1EB9F108
:10947000000F30D127B13946204600F010FF814659
:109480007A1101235AF8222007F01F07BB4013422C
:109490002946204618BF49F00209FFF721FED8F8F7
:1094A0000470761B0225B9F1000F47D0D8F80C30B4
:1094B000022B15D0032B17D0012B09D119F0020F65
:1094C00006D0DAF8003049EA030919F0010F0ED18D
:1094D00045F0100532E04FF00109D1E70125E2E740
:1094E0000F9BC3F101030F930F9B002BF0D0D4F817
:1094F00010B004F114034FEA8B0A03EB8B014FF019
:10950000000C184653F8042BB2F1FF3F1BD0013278
:109510000260022D04F114033CD1D8F80020013A76
:10952000B24209D17111012253F8213006F01F0611
:1095300002FA06F61E423AD145F020050E9B1C6049
:10954000029B1F60B0E6994243F804CCD9D8A368C7
:109550009B4517DB61680198013100F00FFA8146E5
:1095600018B91A4B02468421C5E62269023204F179
:109570000C0192000C30FFF72CFD2146019800F001
:109580003DFA4C4623695A1C04EB830322610122F5
:109590005A61BEE722695A450BDD01212046FFF7DB
:1095A0009FFDD8F808300137BB42FFF6E0AE012539
:1095B000C2E716F01F06FAD05344C6F1200653F84E
:1095C000040C00F0CDFAB042E7DBF0E7CED402089D
:1095D000C2F10802920070B5C2F120064368046827
:1095E00003FA06F52C43D340046040F8043F884258
:1095F000F4D370BD30B50368013311F8014B14B9D1
:109600000360012030BD13F8012BA2F14105192D93
:1096100098BF2032A242F0D00020F3E72DE9F04FAE
:109620000B6801685E1102EB860613F01F0387B01A
:1096300018BF04360025371F82469046019346F82E
:10964000045CB9463C460295AB464A784B1C0393F2
:1096500042B3104605910492FFF794FD002851D1C2
:10966000049A0599202A18D8029B9B4513DD4C4586
:1096700006D2072D04DC2A4649462046FFF7A8FFFC
:10968000444552D90023A4F1040944F8043CCDF820
:1096900008B04C461D460399D7E7292A57D1023115
:1096A000CAF80010BBF1000F51D04C4506D2072D6F
:1096B00004DC2A4649462046FFF78AFF444536D94E
:1096C000A8F10402234653F8041B42F8041F9F42EA
:1096D000F9D23B1B23F0030304330134033EB442AD
:1096E00088BF04234344002243F8042B9F42FBD24B
:1096F0003B681BB9474528D101233B60052007B0D3
:10970000BDE8F08F0135082D0BF1010B06DD444556
:10971000C1D9002344F8043C0125043C226800F030
:109720000F0040EA02102060B5E70825B3E7019B6F
:10973000002BDDD0C3F120034FF0FF32DA4056F8A2
:10974000043C134046F8043CD2E7043FD0E7042031
:10975000D5E700002DE9F84FDFF86CA006468946F2
:10976000174601F05BFADAF8004034B14B469846F0
:1097700013F8012B3AB13D2AF9D1304601F054FAE1
:109780000020BDE8F88FA8EB0908A34654F8040BA5
:109790000028F2D042464946FEF771FD0028F4D178
:1097A00054F8043C03EB080513F808303D2BECD1CA
:1097B000DAF80030ABEB03039B1030463B6001F05E
:1097C00033FA681CDDE700BF3402002007B501AAA8
:1097D000FFF7C0FF03B05DF804FB0000024B014639
:1097E000186800F02DB800BF48040020024B014665
:1097F0001868FFF72BBC00BF4804002070B50F4E5F
:109800000C463168054611B901F0DCF9306021469B
:10981000284601F0D7F9431C03D14FF0FF3420460E
:1098200070BDC41C24F00304A042F8D0211A2846BD
:1098300001F0C8F90130F2D1EFE700BF68660120FE
:109840002DE9F843CD1C25F0030508350C2D38BF54
:109850000C25002D064601DBA94204D90C233360F8
:109860000020BDE8F883DFF8D48000F07BF8D8F85A
:1098700000301C4644BB29463046FFF7BFFF431C5F
:10988000044658D1D8F800402746002F43D1002C79
:109890004BD023683946304604EB030901F092F9B6
:1098A000814542D121686D1A29463046FFF7A6FF4F
:1098B00001303AD023682B442360D8F800305A682E
:1098C00062BBC8F800700FE02268521B20D40B2A3C
:1098D00017D96119A342256018BF5960636808BF92
:1098E000C8F8001062514B60304600F041F804F1B6
:1098F0000B00231D20F00700C21A1CBF1B1AA35027
:10990000AFE76268A3420CBFC8F800205A60EBE7DB
:1099100023466468AEE73C467F68B6E71A465B6854
:10992000A342FBD100235360DEE70C2333603046B3
:1099300000F01EF894E70560D6E700BF6C660120D2
:1099400082B001B901A942B14BB113780B60127812
:10995000101E18BF012002B070471046FBE76FF0E1
:109960000100F8E70148FFF729BB00BF6666012048
:109970000148FFF725BB00BF6666012070B5C669C8
:1099800004460D4676B91020FFF728FF0246E06135
:1099900020B9184B18486B21FFF732FBC0E901666C
:1099A0000660C660E669F36883B1E369DB6853F873
:1099B0002500B8B9012101FA05F6721D9200204672
:1099C00001F017F960B1C0E901560EE0212204212F
:1099D000204601F00EF9E369F060DB68002BE4D16A
:1099E000002070BD026843F825200023C0E903333E
:1099F000F7E700BF3FD5020856D5020870B5C66923
:109A000005460C4676B91020FFF7E8FE0246E861ED
:109A100020B9094B09488F21FFF7F2FAC0E9016626
:109A20000660C6603CB1EB696268DB6853F82210DF
:109A3000216043F8224070BD3FD5020856D5020888
:109A40002DE9F0410D6907460C461E4601F1140C44
:109A50000020DCF8003099B202FB01611E0C0B0CF7
:109A600002FB063389B2013001EB034185424CF819
:109A7000041B4FEA1346ECDC0EB3A368AB4219DCBF
:109A8000616838460131FFF779FF804628B9024600
:109A90000C4B0D48BA21FFF7B3FA2269023204F1E8
:109AA0000C0192000C30FFF794FA21463846FFF77C
:109AB000A5FF444604EB850301355E612561204620
:109AC000BDE8F081CED4020856D502082DE9F8434E
:109AD0000C4615461F4609220833064693FBF2F34F
:109AE000002101229A4209DB3046FFF747FF40B9C7
:109AF0000246194B1948D321FFF782FA520001316F
:109B0000F0E7089B4361092D4FF00103036116DD67
:109B100004F10909C8462C4418F8013B0146303BC2
:109B20000A223046FFF78CFFA045F5D1A5F10804C5
:109B30004C442D1B6319BB4204DBBDE8F8830A3497
:109B40000925F6E714F8013B0146303B0A2230466E
:109B5000FFF776FFEEE700BFCED4020856D5020825
:109B6000B0F5803F034636BF030400201020B3F158
:109B7000807F3CBF1B020830B3F1805F3CBF1B01FC
:109B80000430B3F1804F3CBF9B000230002B05DB5B
:109B900013F0804F00F1010008BF202070470368D8
:109BA000024613F007000BD0D90721D4980749BF0C
:109BB0005B089B08012013605CBF136002207047A4
:109BC00099B209B91B0C1020D9B209B908301B0A87
:109BD000190704BF1B090430990704BF9B08023012
:109BE000D90703D45B0800F1010003D0136070476C
:109BF000002070472020704710B50C460121FFF768
:109C0000BDFE024628B9054B054840F24511FFF755
:109C1000F7F901234461036110BD00BFCED40208EF
:109C200056D502082DE9F04F14460A6923699A4275
:109C3000A8BF23460F46A4BF0C461F46D4F810A069
:109C4000D7F81090A36861680AEB0906B34285B0A3
:109C5000B8BF0131FFF792FE30B90246444B454888
:109C60004FF4B171FFF7CCF900F1140505EB86084C
:109C70002B460022434521D307F1140104F11402BD
:109C800002EB8A0201EB89030293131B153B23F0BD
:109C90000303043304F11507BA4238BF04230193C8
:109CA000029B03918B420CD8002E03DD58F8043D33
:109CB000002B5BD0066105B0BDE8F08F43F8042BA4
:109CC000D8E7B1F800A0BAF1000F24D004F1140EC7
:109CD000A9464FF0000C5EF8047BD9F800301FFA5B
:109CE00087FB9BB20AFB0B334FEA174BD9F8007086
:109CF00063444FEA174C0AFB0BC707EB13479BB2B1
:109D000043EA0743724549F8043B4FEA174CE2D84F
:109D1000019B45F803C0039BB3F802900431B9F1ED
:109D2000000F21D02B6804F1140CAE464FF0000A4E
:109D3000BCF800B0BEF8027009FB0B7757449BB229
:109D400043EA07434EF8043B5CF8043B4FEA134AEE
:109D5000BEF8003009FB0A3303EB174362454FEAB4
:109D6000134AE5D8019FEB51043599E7013E9BE783
:109D7000CED4020856D502082DE9F843154612F054
:109D8000030207460E4607D0254C013A002354F83B
:109D90002220FFF755FE0646AD103DD0FC697CB988
:109DA0001020FFF71BFD0246F86128B91D4B1E4825
:109DB00040F2B311FFF724F9C0E901440460C46024
:109DC000D7F81C80D8F808404CB940F271213846C9
:109DD000FFF712FF0023C8F80800044603604FF0A5
:109DE0000009EB070AD5314622463846FFF71AFF2D
:109DF000314680463846FFF701FE46466D100BD0CF
:109E0000206838B9224621463846FFF70BFF20600C
:109E1000C0F800900446E4E73046BDE8F88300BF90
:109E2000B0D502083FD5020856D502082DE9F04703
:109E30000C464968236903EB6218A36807469146FC
:109E40004FEA621A08F10106B3420BDB3846FFF70E
:109E500095FD054648B90246284B29484FF4EF7155
:109E6000FFF7CEF801315B00EEE7002300F11401AB
:109E700000F110021846534533DB20692AEAEA7ADA
:109E800004F1140319F01F0901EB8A0103EB800CA4
:109E90002BD0C9F1200E8A460022186800FA09F07A
:109EA00010434AF8040B53F8042B9C4522FA0EF297
:109EB000F3D8ACEB0403153B23F00303043304F1A4
:109EC0001500844538BF0423CA500AB108F10206C0
:109ED000013E38462E612146FFF790FD2846BDE839
:109EE000F08742F8040F0133C5E7043953F8042B17
:109EF00041F8042F9C45F9D8EAE700BFCED4020808
:109F000056D502080A6903460069801A30B50ED199
:109F10001433143103EB820401EB820154F8045D25
:109F200051F8042D954203D005D24FF0FF3030BDDB
:109F3000A342F3D3FBE70120F9E700002DE9F74F37
:109F400089460646114648461446FFF7DBFF051EC4
:109F500012D129463046FFF711FD024628B93F4B82
:109F600040F237213E48FFF74BF80123C0E90435A2
:109F7000104603B0BDE8F08FBCBF4B46A14630464B
:109F8000D9F80410BABF1C4601250025FFF7F6FCDE
:109F9000024618B9314B40F24521E3E7D9F8107079
:109FA0002669C56009F1100309F1140504F1140EC6
:109FB00000F1140B05EB87080EEB86060193D946DA
:109FC0004FF0000C019B5EF8040B53F804AF0193B3
:109FD0001FFA8AF3194683B2CB1A000C6344C0EB14
:109FE0001A4000EB23409BB243EA0043764549F810
:109FF000043B4FEA204CE5D8331B153B23F0030309
:10A0000015340433A64238BF04231D445B441E4666
:10A010002C4644450ED308F10301491B21F00301EE
:10A02000033DA84538BF00210B4453F8041D91B1EE
:10A0300017619DE754F8041BE646080C1CFA81FCE6
:10A04000714400EB2C4089B241EA004146F8041B00
:10A050004FEA204CDDE7013FE7E700BFCED402081E
:10A0600056D5020882B08DED000B019A0F4B1340BC
:10A07000A3F15073002B08DC5B42B3F1A07F4FEAE1
:10A08000235204DA4FF400231341002208E0A2F126
:10A0900014031E2BDABF4FF00042DA4001220023E6
:10A0A0001946104641EC100B02B070470000F07FDB
:10A0B0002DE9F041066900F1140808EB8606371F08
:10A0C00056F8042C1046FFF74BFDC0F120030A2878
:10A0D0000B601B4915DCC0F10B0C22FA0CF3B845E0
:10A0E00043EA010534BF56F8083C0023153002FA54
:10A0F00000F023FA0CF303431C4645EC104BBDE87B
:10A10000F081B8453ABF56F8083CA6F1080700238D
:10A110000B3812D0C0F1200123FA01F4824022430F
:10A12000474542F07F558CBF57F8042C00228340EE
:10A13000CA4045F440151343DEE742EA0105DBE778
:10A140000000F03F2DE9F7430F46012159EC108B39
:10A150001646FFF713FC044630B90246234B244849
:10A1600040F20F31FEF74CFFC9F30A55C9F3130350
:10A170000DB143F480130193B8F1000323D0684676
:10A180000093FFF70CFDDDE90012D0B1C0F1200310
:10A1900002FA03F30B43C24063610192019BA36186
:10A1A000002B0CBF012202222261A5B1A5F233458A
:10A1B00005443D60C0F135003060204603B0BDE885
:10A1C000F0836161EAE701A8FFF7E9FC019B6361A5
:10A1D00020300122E8E704EB8203A0F2324038602D
:10A1E0001869FFF7BDFCC0EB4210E5E7CED40208CA
:10A1F00056D502082DE9F04F85B0CDE9001002A92F
:10A20000FFF756FF009803A955EC104BFFF750FFDE
:10A21000019B1969009B1B69C91ADDE902329B1A6F
:10A220005BEC10AB03EB4113002BCEBF2A46C3EB14
:10A2300003335A462F46D946CCBF02EB035702EBF5
:10A2400003594B46524620463946D6F70FFB41ECA0
:10A25000100B05B0BDE8F08F013970B549111469D4
:10A26000013102F1140300EB810103EB8404051FAB
:10A27000A3420CD3A31A113B23F003031132A242D1
:10A2800088BF002318440023884205D370BD53F8CB
:10A29000046B45F8046FEBE740F8043BF4E700F18A
:10A2A000140200694B11984210B511DB0ADD11F060
:10A2B0001F0107D052F8234024FA01F000FA01F1FF
:10A2C0008C420BD102EB8303934203D8002010BDD4
:10A2D0000346F7E753F8041D0029F5D00120F6E7FF
:10A2E0002DE9F043344E86460D46284615F8014BBD
:10A2F000375D17F00807F8D12D2C2FD12C780127C6
:10A30000851C33F0100009D1302C2CD1287800F0B6
:10A31000DF00582827D16C78102302354FF0FF3822
:10A320000026B8FBF3F803FB08F96FEA0909304689
:10A33000A4F1300CBCF1090F1CD86446A3422ADDFD
:10A34000B6F1FF3F07D0804522D301D1A1451FDBE5
:10A3500000FB0340012615F8014BE9E72B2C04BF55
:10A360002C78851CCDE7002BD8D1302C0CBF0823CE
:10A370000A23D3E7A4F1410CBCF1190F01D8373CF3
:10A38000DCE7A4F1610CBCF1190F04D8573CD5E708
:10A390004FF0FF36DFE7731C06D12223CEF80030E2
:10A3A000304632B9BDE8F08307B14042002AF9D007
:10A3B00006B1691E1160F5E7D9D20208FFF790BF18
:10A3C00013460A46014602480068FFF789BF00BFEE
:10A3D000480400200346084641B1FF2A04D98A22D6
:10A3E0001A604FF0FF3070470A70012070472DE966
:10A3F000F0478E681F46BE420B6882460C46904668
:10A400002DD8B1F90C2012F4906F26D06569096936
:10A4100005EB4505A3EB010905EBD5757B1C4B440A
:10A420006D109D4238BF1D46530527D52946FFF7BD
:10A4300007FA064660B321694A46FEF7CAFDA389BA
:10A4400023F4906343F08003A381266165614E4449
:10A45000A5EB09052660A5603E46BE4200D93E46F2
:10A4600020683246414600F08FFBA3689B1BA36027
:10A470002368334423600020BDE8F0872A4600F0BB
:10A48000D9FB06460028E0D121695046FEF7DEFDE3
:10A490000C23CAF80030A38943F04003A3814FF096
:10A4A000FF30E9E72DE9F04F98468B891B069DB0F8
:10A4B00007460D46144610D50B6973B94021FFF7C6
:10A4C000BFF92860286130B90C233B604FF0FF30A2
:10A4D0001DB0BDE8F08F40236B610023099320235A
:10A4E0008DF82930CDF80C803023DFF89C818DF871
:10A4F0002A304FF0010923469A4613F8012B0AB17E
:10A50000252AF9D1BAEB040B0BD05B46224629462B
:10A510003846FFF76CFF013000F0A780099A5A44D3
:10A5200009929AF80030002B00F09F8000234FF032
:10A53000FF32CDE905230AF1010A049307938DF850
:10A5400053301A935446052214F8011B4E48D5F790
:10A5500057FE049AD8B9D00644BF20238DF8533053
:10A56000110744BF2B238DF853309AF800302A2B63
:10A5700015D0079A544600204FF00A0C214611F8D6
:10A58000013B303B092B4BD9B0B1079214E0A0EB53
:10A59000080309FA03F313430493A246D2E7039B8B
:10A5A000191D1B680391002BBBBF5B4242F00202E6
:10A5B00007930793B8BF049223782E2B0AD16378B0
:10A5C0002A2B32D1039B1A1D1B68039243EAE373C3
:10A5D00002340593DFF8C0A0217803225046D5F756
:10A5E0000FFE38B1049BA0EB0A00402282401343C7
:10A5F0000134049314F8011B24488DF82810062216
:10A60000D5F7FEFD002836D0214B1BBB039B07333B
:10A6100023F0070308330393099B334409936AE744
:10A620000CFB02320C460120A8E7002301340593FD
:10A6300019464FF00A0C204610F8012B303A092A2F
:10A6400003D9002BC6D00591C4E70CFB01210446B9
:10A650000123F0E703AB00932A460E4B04A93846CA
:10A66000AFF30080421C0646D6D1AB895B063FF5AE
:10A670002DAF09982CE703AB00932A46054B04A99C
:10A68000384600F079F8EDE7B0D60208BAD60208ED
:10A6900000000000EFA30208B6D602082DE9F0473B
:10A6A000164698468A680B69DDF820909342B8BF39
:10A6B0001346336091F8432007460C460AB1013334
:10A6C00033602368990642BF3368023333602568DC
:10A6D00015F0060506D104F1190AE36832689B1AE1
:10A6E000AB4226DC94F843302268003B18BF0123BC
:10A6F00092062BD404F1430241463846C847013044
:10A700001ED02368226903F00603042B02BFE5680C
:10A710003368ED1AA3680CBF25EAE575002593425E
:10A72000C4BF9B1AED1800261A34B5421AD1002076
:10A7300008E00123524641463846C847013003D15C
:10A740004FF0FF30BDE8F0870135C6E7E1185A1C2D
:10A75000302081F84300224494F8451082F84310D9
:10A760000233C7E70123224641463846C847013035
:10A77000E6D00136D9E700002DE9FF470F7E0C9E99
:10A78000782F914680460C469A4601F1430207D83D
:10A79000622F0AD8002F00F0D280582F00F0B98025
:10A7A00004F1420684F842703AE0A7F16303152BE6
:10A7B000F6D801A151F823F011A8020825A8020833
:10A7C000A1A70208A1A70208A1A70208A1A7020841
:10A7D00025A80208A1A70208A1A70208A1A70208AC
:10A7E000A1A7020825A902084FA80208DFA80208AD
:10A7F000A1A70208A1A7020847A90208A1A7020869
:10A800004FA80208A1A70208A1A70208E7A802080A
:10A8100033681A1D1B68326004F1420684F8423026
:10A8200001239DE033682068191D3160060601D5BB
:10A830001D6803E04506FBD5B3F90050002D03DA8F
:10A840002D236D4284F8433059480A2311E02168D2
:10A850003368080653F8045B02D4490648BFADB21A
:10A860006F2F5348336014BF0A230823002184F854
:10A8700043106668A660002EA2BF216821F0040183
:10A8800021600DB9002E4BD01646B5FBF3F103FB4A
:10A890001157C75D06F8017D2F46BB420D46F4D91E
:10A8A000082B0BD12368DF0708D52369616899421B
:10A8B000DEBF302306F8013C06F1FF36921B226111
:10A8C000CDF800A04B4603AA21464046FFF7E6FE1E
:10A8D00001304AD14FF0FF3004B0BDE8F087236863
:10A8E00043F0200323603348782784F845702368B9
:10A8F00031681F0651F8045B02D45F0648BFADB251
:10A900003160D90744BF43F0200323601DB11023F9
:10A91000ACE72748E9E7236823F020032360F6E744
:10A920001646BDE7336825686169181D30602E063C
:10A930001B6801D5196002E06806FBD51980002369
:10A9400023611646BCE733681A1D32601E686268D0
:10A9500000213046D5F754FC08B1801B6060636865
:10A960002361002384F84330AAE72369324649462D
:10A970004046D0470130ADD023689B0713D4E06830
:10A98000039B9842B8BF1846A6E7012332464946C2
:10A990004046D04701309DD00135E36803995B1AEA
:10A9A000AB42F2DCEBE7002504F11906F5E700BF46
:10A9B000C1D60208D2D60208B1F90C202DE9F04127
:10A9C000160705460C4654D44B68002B02DC0B6C72
:10A9D000002B48DDE66A002E45D0002312F4805299
:10A9E0002F68216A2B6030D0626DA389590705D585
:10A9F0006368D21A636B0BB1236CD21A0023E66A28
:10AA0000216A2846B047431CA38906D129681D291D
:10AA10002BD82A4A0A41D60727D400226260D904DB
:10AA20002269226004D5421C01D12B6803B96065FC
:10AA3000616B2F60B9B104F14403994202D02846FA
:10AA4000FEF704FB002363630DE001232846B047B3
:10AA50000246501CC9D12B68002BC6D01D2B01D03B
:10AA6000162B1ED12F60002022E043F040031BB2C2
:10AA70001BE00F69002FF6D093070E6808BF4B69E3
:10AA80000F6018BF0023A6EB07088B60B8F1000F1A
:10AA9000E9DD216AA66A43463A462846B0470028BF
:10AAA00008DCB4F90C3043F04003A3814FF0FF30D1
:10AAB000BDE8F0810744A8EB0008E7E7FEFFBFDF31
:10AAC00038B50B6905460C4613B90025284638BD34
:10AAD00018B1036A0BB9FDF711FBB4F90C30002B68
:10AAE000F3D0626ED00704D4990502D4A06DFEF7AE
:10AAF00065FA28462146FFF75FFF636EDA070546D1
:10AB0000E4D4A3899B05E1D4A06DFEF759FADDE7F3
:10AB10000EB403B5014603AB054853F8042B006897
:10AB2000019300F0ABFA02B05DF804EB03B070479C
:10AB3000480400200EB430B59CB01FAC4FF4017235
:10AB400054F8045BADF8142002900690D5F74AFB48
:10AB50000B4B039007900B930A48019400230F932B
:10AB600014934FF6FF73ADF816302A46234602A918
:10AB7000006800F0E5F81CB0BDE8304003B0704755
:10AB8000CB81020848040020884210B501EB020482
:10AB900002D98442234607D8431EA14208D011F8A7
:10ABA000012B03F8012FF8E7024401468A4200D145
:10ABB00010BD13F8014D02F8014DF7E7004870474A
:10ABC0009804002038B5064D0023044608462B6043
:10ABD000D8F7F6F8431C02D12B6803B1236038BDC7
:10ABE0006066012008B5062000F0DEFD0120D8F7E0
:10ABF0006FF870B5A1FB02543CB92946FEF720FE60
:10AC0000064628B90026304670BD0C220260F9E7DE
:10AC10002A462146FDF70DFBF5E700000148FEF747
:10AC2000CDB900BF656601200148FEF7C9B900BF74
:10AC3000656601202DE9F041804615460C4621B994
:10AC4000BDE8F0411146FEF7FBBD2AB9FEF7FEF95B
:10AC500000242046BDE8F08100F0C2FD8542064692
:10AC600002D8B5EB500FF4D829464046FEF7E8FD70
:10AC700007460028ECD0B5422A46214628BF324676
:10AC8000FEF7A7F921464046FEF7E0F93C46E0E72B
:10AC900038B54B1C144603D14FF0FF35284638BD5C
:10ACA000938923F0200393815368526BCDB28AB10C
:10ACB000A26B9A4208DD23685A1E226003F8015CE9
:10ACC000636801336360E9E7214600F076FC002801
:10ACD000F1D0E1E72169226841B1914206D212F830
:10ACE000011CA94202D1013A2260EAE7C4E90F231C
:10ACF00004F1440363630323A363234603F8465F1D
:10AD000023600123DEE710B50C46496B69B104F1FD
:10AD10004403994201D0FEF799F9236C6360002047
:10AD2000606313B1E36B236010BD236923600023CC
:10AD30006360A38943F02003A3814FF0FF30F3E762
:10AD40002DE9F0470C46ADF5227D0021CDE94411F7
:10AD5000A549A0910DF10408A449A54FCDF818818B
:10AD60000646A19100931378002B00F05881F95CFE
:10AD700011F0080102F1010519D06368002B0FDD05
:10AD800023681A78BA5C120701D42A46EBE7459A81
:10AD90000132459262680133013A62602360ECE758
:10ADA000A19B2146304698470028E9D0EDE7252BA6
:10ADB00012D099466368002B40F393802268137881
:10ADC0004B4540F02C816368013B6360459B013239
:10ADD000013322604593D8E74191439153782A2B60
:10ADE00002BF1023951C41930A22A94619F8011BA2
:10ADF000A1F13003092B1ED9DFF8F8A10322504638
:10AE0000D5F7FEF938B1419AA0EB0A00012383403F
:10AE1000134341934D4615F8013B782B06D8572B29
:10AE200010D8252BC5D057D8002B65D003234793C6
:10AE30000A23429378E0439B02FB0311303943918C
:10AE40004D46D2E7A3F15802202AEFD801A151F8CC
:10AE500022F000BF07AF02082DAE02082DAE020897
:10AE600061AF02082DAE02082DAE02082DAE020819
:10AE70002DAE02082DAE02082DAE02082DAE02083E
:10AE800077AF02085DAF0208DFAE0208DFAE02084E
:10AE9000DFAE02082DAE020819AF02082DAE02087F
:10AEA0002DAE02082DAE02082DAE020887AF0208B3
:10AEB00021AF0208FFAE02082DAE02082DAE020837
:10AEC00083AF02082DAE02085DAF02082DAE020866
:10AED0002DAE020807AF0208453B022BA6D805237A
:10AEE00021E0A19B21463046984700283FF466AFF9
:10AEF0004498002840F08B804FF0FF308BE0419A5F
:10AF000042F020024192419A42F400724192102292
:10AF10006E2B429202D905E000234293032302E004
:10AF200008234293042347936368002B39DD419B38
:10AF3000590604D423681A78BA5C120738D4479BA0
:10AF4000022B47DC6B46224641A9304600F0AEF9A1
:10AF5000012864D002287FF418AFC9E70A22D7E796
:10AF60002946404600F0F0FA419B43F040034193EC
:10AF700005460123D7E7419B43F04003419300235B
:10AF8000D1E70223CFE74198C3063FF5FEAE009B11
:10AF9000459A191D00911B68C0074CBF1A801A60A2
:10AFA000F3E6A19B2146304698470028BFD09FE793
:10AFB000459A013245926268013A002A626002DDD8
:10AFC00001332360B6E7A19B21463046984700280D
:10AFD000B0D08DE7042B0FDC6B46224641A93046EA
:10AFE00000F0BEF9B4E700BF91AC020807AD02085B
:10AFF000D9D20208B6D602080A4B002B3FF4C5AEE0
:10B000006B46224641A93046AFF30080A0E7A389F2
:10B010005B063FF571AF0DF5227DBDE8F0874498E2
:10B02000F9E700BF000000009368013B002B10B45B
:10B03000936008DA9469A34201DB0A2903D15DF821
:10B04000044B00F0F4BA1368581C106019700846DD
:10B050005DF8044B7047F8B506460F461446D51800
:10B06000AC4201D1002007E014F8011B3A463046FB
:10B07000FFF7DAFF431CF3D1F8BD00002DE9F04FD4
:10B080000D469DB014469846064618B1036A0BB9A2
:10B09000FDF734F86B6ED90705D4AB899A0502D455
:10B0A000A86DFDF78BFFAB891B0701D52B699BB9F9
:10B0B0002946304600F0FAFA70B16B6EDC0704D511
:10B0C0004FF0FF301DB0BDE8F08FAB899805F7D485
:10B0D000A86DFDF775FFF3E70023099320238DF892
:10B0E0002930CDF80C803023DFF8AC818DF82A3080
:10B0F0004FF0010923469A4613F8012B0AB1252A7D
:10B10000F9D1BAEB040B0BD05B46224629463046F8
:10B11000FFF7A1FF013000F0A780099A5A44099275
:10B120009AF80030002B00F09F8000234FF0FF3290
:10B13000CDE905230AF1010A049307938DF85330F2
:10B140001A935446052214F8011B5348D5F758F8B2
:10B15000049AD8B9D10644BF20238DF85330130781
:10B1600044BF2B238DF853309AF800302A2B15D08A
:10B17000079A544600204FF00A0C214611F8013B73
:10B18000303B092B4BD9B0B1079214E0A0EB080378
:10B1900009FA03F313430493A246D2E7039B191D54
:10B1A0001B680391002BBBBF5B4242F00202079376
:10B1B0000793B8BF049223782E2B0AD163782A2BE9
:10B1C00032D1039B1A1D1B68039243EAE3730234D6
:10B1D0000593DFF8D4A0217803225046D5F710F864
:10B1E00038B1049BA0EB0A00402282401343013493
:10B1F000049314F8011B29488DF828100622D4F76F
:10B20000FFFF00283FD0264B1BBB039B073323F0D7
:10B21000070308330393099B3B4409936AE70CFB3C
:10B2200002320C460120A8E7002301340593194699
:10B230004FF00A0C204610F8012B303A092A03D9A6
:10B24000002BC6D00591C4E70CFB01210446012365
:10B25000F0E703AB00932A46124B04A93046AFF344
:10B2600000800746781CD6D16B6ED90705D4AB8910
:10B270009A0502D4A86DFDF7A3FEAB895B063FF5E6
:10B280001FAF09981EE703AB00932A46054B04A99C
:10B290003046FFF771FAE4E7B0D60208BAD60208E2
:10B2A0000000000057B00208B6D602082DE9F843A6
:10B2B00015468A6880460C4632B98A69002A14BF4E
:10B2C0004FF0FF3201228A602268DFF89090D106A9
:10B2D0005FBF1A68111D196016680027A06988B140
:10B2E000012807D12B681A7863699B5C53B9002F3A
:10B2F00031D022E0022820D12B681B7819F80330C6
:10B300001B071AD42368DA065EBF2B681B7806F881
:10B31000013B2A686B6801322A60A268013B013A4E
:10B320006B600137A26042B1002BD7DCD4F88031CA
:10B330002946404698470028D0D0236813F01003D0
:10B3400005D1E2680132E260A26902B1337023697B
:10B350003B4423610020BDE8F88300BFD9D2020836
:10B360002DE9F04F9846744B0C468246164693E8FA
:10B37000070087B003AB83E80700704BA169704AF0
:10B38000032908BF1A46A36801925A1EB2F5AE7F80
:10B3900088BF6FF4AE75274682BF03EB050940F204
:10B3A0005D13A36057F81C3B43F4506398BF4FF004
:10B3B000000923603D464FF0000B316803AB09786C
:10B3C00053F82B000222D4F71BFF28B3BBF1010F67
:10B3D00059D162682AB92268082142F4007261607A
:10B3E0002260226822F4A0622260A268511EA1603D
:10B3F00092B13268511C3160127805F8012B7268E5
:10B40000013A002A726007DCD4F8802131465046A8
:10B410009047002840F085800BF1010BBBF1030F32
:10B42000CBD163680BB90A236360636845496069DF
:10B43000C91A00F089F84FF0000BA3682268002BAE
:10B440003DD03168606991F800C010F80C00002808
:10B4500035D0BCF1300F24D1100522D50BF1010BF2
:10B46000B9F1000F03D0013309F1FF39A36073680C
:10B47000013B002B73601BDD336801333360A3682D
:10B48000013BA360D9E7BBF1020FAED1226802F401
:10B49000C061B1F5007FBFD11021616042F48072BC
:10B4A000A2E722F4106222600B7805F8013BDEE788
:10B4B000D4F880313146504698470028DFD02368C1
:10B4C000D9050DD5BD4209D915F8011CD4F87C3138
:10B4D00032465046984705F1FF394D46BD4228D0C7
:10B4E000226812F0100213D12A706368019E394657
:10B4F0005046B047D8F8003021681A1DC8F800201F
:10B5000011F0200F1B680FD01860E3680133E3606F
:10B510002369ED1B5D442B442361002007B0BDE887
:10B52000F08F4FF0000BCAE7CA074CBF18801860B5
:10B53000EBE70120F2E700BF1CBA0208CD7F02084A
:10B54000BDA3020854D7020870B50B7804465E2BE1
:10B550000BBF4B784A1C8A1C002108BF012101380F
:10B5600004F1FF0500F8011FA842FBD10BB9501EE2
:10B5700070BD81F00101E1541046024612F8015BF2
:10B580002D2D05D05D2D16D0002DF1D02B46F2E7E4
:10B5900046785D2EFAD0B342F8DC02301A4601320A
:10B5A0009642A154FBDCF21A013A5D1CB342A8BFDB
:10B5B0000022AB18E1E71046DAE72DE9F0410C462E
:10B5C000496B04F1440399421DD14FF48061FEF7A9
:10B5D00037F918B94FF0FF30BDE8F0814FF48063C0
:10B5E000A36394F84630606380F8FF3394F84530E5
:10B5F00080F8FE3394F8443080F8FD3300F2FD30DB
:10B6000020600020E8E7A66B77003A46FFF712FBC0
:10B6100005460028DED000EB0608014632464046CB
:10B62000FDF7D7FCC4E90D57C4F80080E9E7F8B589
:10B630000E461446054618B1036A0BB9FCF75EFDC9
:10B64000A369A360A3891A0701D5236943B92146D9
:10B65000284600F02BF818B14FF0FF373846F8BDF8
:10B6600023682269981A6369F6B28342374605DC7B
:10B6700021462846FFF724FA0028EDD1A368013BB4
:10B68000A36023685A1C22601E706269431C9A42A0
:10B6900004D0A389DB07E1D50A2EDFD12146284655
:10B6A000FFF70EFA0028D9D0D6E7000038B5294BAD
:10B6B000054618680C4618B1036A0BB9FCF71EFD65
:10B6C000B4F90C30190722D4DA0607D409222A600B
:10B6D00043F04003A3814FF0FF3033E0580712D509
:10B6E000616B41B104F14403994202D02846FDF751
:10B6F000ADFC00236363A38923F02403A38100230B
:10B70000636023692360A38943F00803A38123694D
:10B710004BB9A38903F42073B3F5007F03D021460E
:10B72000284600F08BF8B4F90C3013F001020AD06F
:10B730000022A26062695242A261226942B913F0FA
:10B740008000C5D138BD990758BF6269A260F4E78F
:10B750000020F7E7480400201F2938B505460C46AD
:10B7600004D9162303604FF0FF3038BDC26B12B10D
:10B7700052F821304BB9284600F030F822460146F5
:10B780002846BDE8384000F017B8012B0AD0591CF4
:10B7900003D1162303600120E7E7002142F82410BB
:10B7A000204698470020E0E7024B01461868FFF763
:10B7B000D3BF00BF4804002038B5074D002304461E
:10B7C000084611462B60D7F773FA431C02D12B6849
:10B7D00003B1236038BD00BF60660120D7F760BAAF
:10B7E00051F8043C181F002BBCBF0B58C018704701
:10B7F00070B50C46B1F90E10002996B015461E46DC
:10B800000DDAA38913F0800F4FF0000114BF40231D
:10B810004FF48063002031602B6016B070BD6A4623
:10B8200000F048F80028ECDB019901F47041A1F523
:10B830000053594259414FF48063EBE78B89F7B5C8
:10B840009D0706460C4607D504F147032360236194
:10B850000123636103B0F0BD01AB6A46FFF7C8FF87
:10B86000009F054639463046FDF7EAFF48B9B4F96E
:10B870000C309A05EED423F0030343F00203A381B6
:10B88000E2E7A389206043F08003A381019BC4E920
:10B8900004075BB1B4F90E10304600F01DF828B172
:10B8A000A38923F0030343F00103A381A3891D436C
:10B8B000A581CFE738B5074D002304460846114659
:10B8C0002B60D7F755FA431C02D12B6803B12360D4
:10B8D00038BD00BF6066012038B5064D0023044620
:10B8E00008462B60D7F754FA431C02D12B6803B1EA
:10B8F000236038BD60660120F8B500BFF8BC08BC05
:10B900009E467047F8B500BFF8BC08BC9E4670471D
:10B9100054524941440000004B616C6D616E517599
:10B9200065737400446961676E6F7369730000002A
:10B93000556E5061636B0000436F6E74726F6C00E4
:10B940004D61737465725478000000004D656D6F31
:10B9500072790000536176654D656D0053656E64C4
:10B960004D656D0053756E0047505300414443537D
:10B9700000000000446961676E6F7369735F4D6515
:10B980006D6F72790000000024474E524D43000055
:10B99000244750524D43000024474E474741000082
:10B9A0002447504747410000000000002E000000DF
:10B9B000252E2A7325642E62696E000049444C4589
:10B9C00000000000546D722053766300546D725174
:10B9D00000000000222A3A3C3E3F7C7F000000002D
:10B9E0002B2C3B3D5B5D0000EBFE904D53444F53D1
:10B9F000352E30004E4F204E414D45202020204610
:10BA000041543332202020004E4F204E414D4520DE
:10BA100020202046415420202020200056D7020814
:10BA200059D702085CD7020800000000000000009F
:10BA300001020304060708090000000001020304D4
:10BA400000002110422063308440A550C660E7709A
:10BA5000088129914AA16BB18CC1ADD1CEE1EFF142
:10BA60003112100273325222B5529442F772D662EA
:10BA7000399318837BB35AA3BDD39CC3FFF3DEE392
:10BA80006224433420040114E664C774A44485543A
:10BA90006AA54BB528850995EEE5CFF5ACC58DD5E2
:10BAA0005336722611163006D776F6669556B4468A
:10BAB0005BB77AA719973887DFF7FEE79DD7BCC732
:10BAC000C448E5588668A7784008611802282338DA
:10BAD000CCC9EDD98EE9AFF9488969990AA92BB982
:10BAE000F55AD44AB77A966A711A500A333A122A2A
:10BAF000FDDBDCCBBFFB9EEB799B588B3BBB1AABD2
:10BB0000A66C877CE44CC55C222C033C600C411C79
:10BB1000AEED8FFDECCDCDDD2AAD0BBD688D499D21
:10BB2000977EB66ED55EF44E133E322E511E700EC9
:10BB30009FFFBEEFDDDFFCCF1BBF3AAF599F788F71
:10BB40008891A981CAB1EBA10CD12DC14EF16FE151
:10BB50008010A100C230E320045025404670676089
:10BB6000B9839893FBA3DAB33DC31CD37FE35EF3A1
:10BB7000B1029012F322D2323542145277625672D9
:10BB8000EAB5CBA5A89589856EF54FE52CD50DC5F1
:10BB9000E234C324A0148104667447642454054429
:10BBA000DBA7FAB79987B8975FE77EF71DC73CD741
:10BBB000D326F2369106B016576676761546345679
:10BBC0004CD96DC90EF92FE9C899E9898AB9ABA991
:10BBD0004458654806782768C018E1088238A328C9
:10BBE0007DCB5CDB3FEB1EFBF98BD89BBBAB9ABBE1
:10BBF000754A545A376A167AF10AD01AB32A923A19
:10BC00002EFD0FED6CDD4DCDAABD8BADE89DC98D30
:10BC1000267C076C645C454CA23C832CE01CC10C68
:10BC20001FEF3EFF5DCF7CDF9BAFBABFD98FF89F80
:10BC3000176E367E554E745E932EB23ED10EF01EB8
:10BC40000020FD44000000009A4FE5C69AC91FC5B8
:10BC50000020AA4400C05F44333369C3CDCC804286
:10BC600000009F429A99B941333393406666A6BF5C
:10BC70009A993940000000C09A59B0C430FAD444AF
:10BC8000105E75C4F8D27C43C87FBE42BFC15E411E
:10BC90007CD368C16666E63F2BD5943FFCEB5CBF66
:10BCA0008B113DBE2483B9BC530EEE43EA92204370
:10BCB0002DDA84409A261241B4CF294039BE67BE9E
:10BCC000CB7CB2BEE644433DD1102A3B4819DDBCD3
:10BCD0005863333B2A41BF414D30B3C081D4B0BF1C
:10BCE0009B532ABF20D95C3E6DB2A03BD1CEB5B9E3
:10BCF0005CC3263BF645173B015A6A3AAD87AE3D19
:10BD000000AFAABEDDE22FBD62EF0D3CC917E1BB5B
:10BD10001AA900BAD4C306B9E3F25CB80141A9B8C4
:10BD2000D2367E3C91935A3B8B8D6F39207B423AC1
:10BD3000FF28A1B95F5F08B708B25EB5105A563642
:10BD4000368680BB909750B90515D5385DF3F3362C
:10BD500086F6B6B5024D04B58FC49834CFA28E389E
:10BD60006949AEB7E4587C36B3EA933424C114B2BF
:10BD700008C6BE327E639534251F2FB5DA3CC1322A
:10BD800045B23B32AE30F4AF12D074B471153CB250
:10BD9000A43AB0B08A2555AFB1FE72B193082EAE69
:10BDA0006EE451AD2B2DF12EB22749AD5FE0B0AB63
:10BDB0000000000000000000000000000000000083
:10BDC0000000000000000000000000000000000073
:10BDD0000000000000000000000000000000000063
:10BDE00000000000330B8E45EA25E2C4D6DAB8C164
:10BDF000BE33B042418E3B41987C80C015DC13C1FC
:10BE00007777973F169B6CC05CD3E33E0000000041
:10BE10008DBA16BE924C6BC3F849F54161AF1FC194
:10BE200020EA2B414664143FA39BBDBED08280BE56
:10BE30000C86463E00000000BE3C003D3C49D13B24
:10BE400086B0E7C1F9238740BFAF9CBF4CAE8F3EA1
:10BE5000255A6EBB41FEE43C36C86B3CA21D483BF4
:10BE6000F64517BA014B433A224D29C057BECE3D85
:10BE7000F39480BD2A35523C323C49BBF9D429BAEF
:10BE80004690323A984C93370146B6B80751A13DD7
:10BE9000F0E51F3BE74431BAFE25123A4BE3FFB809
:10BEA000124501B9452F8B3600000080C5EE993B45
:10BEB0002ED7EBB9EF199F3686F6B6373EA222355C
:10BEC000024D84B48FC49834F7D238B79AC8D7B625
:10BED00050D88CB461154FB5B521DFB36D9E98B1C4
:10BEE00073D6A1353CD380331FF9CBB3C10991B2CE
:10BEF000AE30743100C73D3442C77A313A887FB1E1
:10BF00008A25552E3DBF0DB2A6C9C3AFC52E83AE3F
:10BF10003059D5AE5193772BFE24CA2A0000000079
:10BF2000000040419A9939C16666A6BFCDCCCCBF0E
:10BF30009A99193FCDCC4CBE00000080CDCCCCBD31
:10BF400000000080CDCCCC3D0000000000000000CF
:10BF500033331B41652440C06A79DBBF544A42BF7A
:10BF6000B413B93E9CC3B2BD73D09ABC8988083D56
:10BF7000FE3C74BC000000000000008000000000D7
:10BF80003ACD13C03B84533D2EF9E4BE00000000BF
:10BF9000C262FE3C588A28BB000000007E49D03AAD
:10BFA000D110AA3A0000000000000080307B52BF90
:10BFB000C676E43D85D3C33BE51EE23B255AEE3A07
:10BFC0006DB2A03A1C5B083A176905390000000001
:10BFD000000000807EEF49BDBF3DA93BEBB377BABF
:10BFE00085F865B811C604B83B0777B80000008033
:10BFF0000000000000000080FF262F3AE9D38C38B3
:10C00000595099B8E3F25C37000000005F5F88B6D2
:10C0100008B25EB500000080BDEB7338E08970B7F0
:10C020007FD4B5355DF373350000000000000000DB
:10C03000BFB04B33C29280360000008015CB3BB3BB
:10C0400026C79DB2000000800000008037CA8433FC
:10C050003CD3003250C42BB1A68188B00000000050
:10C060003DEAF2B000000080B6FB0CAF000000001B
:10C07000000000809308AEAD6EE4D1AC916A94AC40
:10C0800000000080FE244AAA00000000000000001A
:10C0900000000000000000000000000000000000A0
:10C0A0000000000000000000000000000000000090
:10C0B0000000000000000000000000000000ACC113
:10C0C000B3E17FC1EC05D13F7719B2BEA53204BE02
:10C0D000B512863DAC38E83D898808BDBF2D37BD17
:10C0E000000000000000008000000080CE8C5FC0D7
:10C0F0002DA31EBD13779C3ECCD9DB3DE51E62BD52
:10C10000EEAC523C4530233C1F379C3B0000008086
:10C11000D2808D3A000000006E465DBE048D023D67
:10C12000048D823B43BF16BB84AE3EBBBD8E80BA3E
:10C130001C5B08BA176985B900000080013C9CB8F7
:10C140009FDCFDBCFDC6823BEBB3773A00000000EC
:10C1500011C604393B077738BA9F5737984C1337C5
:10C160000150D0360DE2B83A904C24396FA4BFB8D4
:10C17000BE1FB8B72E789D367FD4B5B500000080BD
:10C1800000000080BDEB7338686734375F5F88B6A6
:10C190003EA2A2B43EA22234000000800000008033
:10C1A000C29280B5532FC73415CBBBB3000000003B
:10C1B00024C114320000008037CA84333CD30033DA
:10C1C00050C42BB100000080000000003DEAF230B6
:10C1D00002EA5E30000000000000008000000080E5
:10C1E00000000000000000800000000000000000CF
:10C1F000FE244AAA46696C65412E62696E00000001
:10C2000000000046696C65422E62696E0000000005
:10C21000000046696C65432E62696E0000000000F4
:10C220000046696C65442E62696E000000000000E3
:10C2300046696C65452E62696E000000000000468C
:10C24000696C65462E62696E000000000000466958
:10C250006C65472E62696E00000000000046696C44
:10C2600065482E62696E00000000000046696C653A
:10C27000492E62696E00000000000046696C654A44
:10C280002E62696E00000000000046696C654B2E4E
:10C2900062696E00000000000046696C654C2E6209
:10C2A000696E00000000000046696C654D2E6269F1
:10C2B0006E00000000000046696C654E2E62696EDB
:10C2C00000000000000046696C654F2E62696E0038
:10C2D000000000000046696C65502E62696E000027
:10C2E0000000000046696C65512E62696E00000016
:10C2F00000000046696C65522E62696E0000000005
:10C30000000046696C65532E62696E0000000000F3
:10C310000046696C65542E62696E000000000000E2
:10C3200046696C65552E62696E000000000000468B
:10C33000696C65562E62696E000000000000466957
:10C340006C65572E62696E00000000000046696C43
:10C3500065582E62696E00000000000046696C6539
:10C36000592E62696E00000000000046696C655A33
:10C370002E62696E00000000000046696C65414154
:10C380002E62696E000000000046696C6541422E15
:10C3900062696E000000000046696C6541432E62D0
:10C3A000696E000000000046696C6541442E6269B8
:10C3B0006E000000000046696C6541452E62696EA2
:10C3C000000000000046696C6541462E62696E00FF
:10C3D0000000000046696C6541472E62696E0000EE
:10C3E00000000046696C6541482E62696E000000DD
:10C3F000000046696C6541492E62696E00000000CC
:10C400000046696C65414A2E62696E0000000000BA
:10C4100046696C65414B2E62696E00000000004663
:10C42000696C65414C2E62696E000000000046692F
:10C430006C65414D2E62696E000000000046696C1B
:10C4400065414E2E62696E000000000046696C6511
:10C45000414F2E62696E000000000046696C654124
:10C46000502E62696E000000000046696C65415103
:10C470002E62696E000000000046696C6541522E14
:10C4800062696E000000000046696C6541532E62CF
:10C49000696E000000000046696C6541542E6269B7
:10C4A0006E000000000046696C6541552E62696EA1
:10C4B000000000000046696C6541562E62696E00FE
:10C4C0000000000046696C6541572E62696E0000ED
:10C4D00000000046696C6541582E62696E000000DC
:10C4E000000046696C6541592E62696E00000000CB
:10C4F0000046696C65415A2E62696E0000000000BA
:10C5000046696C6542412E62696E0000000000467B
:10C51000696C6542422E62696E0000000000466947
:10C520006C6542432E62696E000000000046696C33
:10C530006542442E62696E000000000046696C6529
:10C5400042452E62696E000000000046696C65423B
:10C55000462E62696E000000000046696C65424725
:10C560002E62696E000000000046696C6542482E2C
:10C5700062696E000000000046696C6542492E62E7
:10C58000696E000000000046696C65424A2E6269CF
:10C590006E000000000046696C65424B2E62696EB9
:10C5A000000000000046696C65424C2E62696E0016
:10C5B0000000000046696C65424D2E62696E000005
:10C5C00000000046696C65424E2E62696E000000F4
:10C5D000000046696C65424F2E62696E00000000E3
:10C5E0000046696C6542502E62696E0000000000D2
:10C5F00046696C6542512E62696E0000000000467B
:10C60000696C6542522E62696E0000000000466946
:10C610006C6542532E62696E000000000046696C32
:10C620006542542E62696E000000000046696C6528
:10C6300042552E62696E000000000046696C65423A
:10C64000562E62696E000000000046696C65425714
:10C650002E62696E000000000046696C6542582E2B
:10C6600062696E000000000046696C6542592E62E6
:10C67000696E000000000046696C65425A2E6269CE
:10C680006E000000000046696C6543412E62696ED1
:10C69000000000000046696C6543422E62696E002E
:10C6A0000000000046696C6543432E62696E00001D
:10C6B00000000046696C6543442E62696E0000000C
:10C6C000000046696C6543452E62696E00000000FB
:10C6D0000046696C6543462E62696E0000000000EA
:10C6E00046696C6543472E62696E00000000004693
:10C6F000696C6543482E62696E000000000046695F
:10C700006C6543492E62696E000000000046696C4A
:10C7100065434A2E62696E000000000046696C6540
:10C72000434B2E62696E000000000046696C654351
:10C730004C2E62696E000000000046696C65434D36
:10C740002E62696E000000000046696C65434E2E43
:10C7500062696E000000000046696C65434F2E62FE
:10C76000696E000000000046696C6543502E6269E6
:10C770006E000000000046696C6543512E62696ED0
:10C78000000000000046696C6543522E62696E002D
:10C790000000000046696C6543532E62696E00001C
:10C7A00000000046696C6543542E62696E0000000B
:10C7B000000046696C6543552E62696E00000000FA
:10C7C0000046696C6543562E62696E0000000000E9
:10C7D00000061016000610161DBE010859BE0108FD
:10C7E00075BE0108B7BE0108F9BE010843554541B1
:10C7F0004141414345454549494941414592924F4F
:10C800004F4F5555594F554F9C4F9E9F41494F553E
:10C81000A5A5A6A7A8A9AAABACADAEAFB0B1B2B35F
:10C82000B4414141B8B9BABBBCBDBEBFC0C1C2C3AF
:10C83000C4C54141C8C9CACBCCCDCECFD1D1454565
:10C840004549494949D9DADBDCDD49DF4FE14F4F42
:10C850004F4FE6E8E85555555959EEEFF0F1F2F330
:10C86000F4F5F6F7F8F9FAFBFCFDFEFF0103050706
:10C87000090E10121416181C1E0000000100020000
:10C880000400080010002000000000000100040067
:10C89000100040000001000200000000C700FC0082
:10C8A000E900E200E400E000E500E700EA00EB0058
:10C8B000E800EF00EE00EC00C400C500C900E6008F
:10C8C000C600F400F600F200FB00F900FF00D600FD
:10C8D000DC00F800A300D800D7009201E100ED00D1
:10C8E000F300FA00F100D100AA00BA00BF00AE00C8
:10C8F000AC00BD00BC00A100AB00BB00912592259F
:10C90000932502252425C100C200C000A90063258B
:10C91000512557255D25A200A50010251425342595
:10C920002C251C2500253C25E300C3005A25542551
:10C9300069256625602550256C25A400F000D000EF
:10C94000CA00CB00C8003101CD00CE00CF001825B1
:10C950000C2588258425A600CC008025D300DF0087
:10C96000D400D200F500D500B500FE00DE00DA00EC
:10C97000DB00D900FD00DD00AF00B400AD00B10068
:10C980001720BE00B600A700F700B800B000A8004E
:10C99000B700B900B300B200A025A00061001A03DF
:10C9A000E0001703F8000703FF0001007801000111
:10C9B000300132010601390110014A012E017901CD
:10C9C000060180014D004302810182018201840140
:10C9D000840186018701870189018A018B018B010E
:10C9E0008D018E018F0190019101910193019401BC
:10C9F000F60196019701980198013D029B019C0167
:10CA00009D0120029F01A001A001A201A201A40199
:10CA1000A401A601A701A701A901AA01AB01AC01CC
:10CA2000AC01AE01AF01AF01B101B201B301B3017D
:10CA3000B501B501B701B801B801BA01BB01BC012C
:10CA4000BC01BE01F701C001C101C201C301C401A3
:10CA5000C501C401C701C801C701CA01CB01CA0190
:10CA6000CD011001DD0101008E01DE011201F30193
:10CA70000300F101F401F401F8012801220212017E
:10CA80003A020900652C3B023B023D02662C3F0244
:10CA900040024102410246020A0153024000810164
:10CAA0008601550289018A0158028F015A029001BC
:10CAB0005C025D025E025F02930161026202940108
:10CAC0006402650266026702970196016A02622C9F
:10CAD0006C026D026E029C01700271029D01730274
:10CAE00074029F0176027702780279027A027B0251
:10CAF0007C02642C7E027F02A60181028202A901CF
:10CB00008402850286028702AE014402B101B201AD
:10CB100045028D028E028F0290029102B7017B03C3
:10CB20000300FD03FE03FF03AC0304008603880338
:10CB300089038A03B1031103C2030200A303A30301
:10CB4000C4030803CC0303008C038E038F03D803B4
:10CB50001801F2030A00F903F303F403F503F603E3
:10CB6000F703F703F903FA03FA0330042003500430
:10CB70001007600422018A043601C1040E01CF04AB
:10CB80000100C004D0044401610526040000000037
:10CB90007D1D0100632C001E9601A01E5A01001F7E
:10CBA0000806101F0606201F0806301F0806401F33
:10CBB0000606511F0700591F521F5B1F541F5D1FA0
:10CBC000561F5F1F601F0806701F0E00BA1FBB1F95
:10CBD000C81FC91FCA1FCB1FDA1FDB1FF81FF91F91
:10CBE000EA1FEB1FFA1FFB1F801F0806901F080695
:10CBF000A01F0806B01F0400B81FB91FB21FBC1F3A
:10CC0000CC1F0100C31FD01F0206E01F0206E51F54
:10CC10000100EC1FF21F0100FC1F4E210100322118
:10CC200070211002842101008321D0241A05302CA8
:10CC30002F04602C0201672C0601752C0201802C48
:10CC40006401002D260841FF1A03000000000000C7
:10CC50000000000000000000000000000000008054
:10CC6000000000000000000006D0CF43EBFD4C3E6A
:10CC700000000000000000000000004003B8E23F98
:10CC8000000000000000F03F000000000000F83F3E
:10CC9000FB21F93FFB2109407CD91240FB211940BF
:10CCA0007A6A1F407CD92240BBFD2540FB212940E8
:10CCB0003A462C407A6A2F405C4731407CD932405A
:10CCC0009C6B3440BBFD3540DB8F3740FB21394046
:10CCD0001BB43A403A463C405AD83D407A6A3F40FD
:10CCE0004C7E40405C4741406C1042407CD9424001
:10CCF0008CA243409C6B4440AC344540BBFD454056
:10CD0000CBC64640DB8F4740EB584840FB214940AB
:10CD100083F9A200444E6E00FC291500D15727006C
:10CD2000DD34F50062DBC0003C9995004190430082
:10CD30006351FE00BBDEAB00B761C5003A6E240054
:10CD4000D24D42004906E00009EA2E001C92D100B3
:10CD5000EB1DFE0029B11C00E83EA700F53582005E
:10CD600044BB2E009CE98400B4267000417E5F0025
:10CD7000D6913900538339009CF439008B5F8400CD
:10CD800028F9BD00F81F3B00DEFF97000F98050053
:10CD9000112FEF000A5A8B006D1F6D00CF7E3600F9
:10CDA00009CB2700464FB7009E663F002DEA5F0083
:10CDB000BA277500E5EBC7003D7BF100F7390700A6
:10CDC00092528A00FB6BEA001FB15F00085D8D0084
:10CDD000300356007BFC4600F0AB6B0020BCCF005C
:10CDE00036F49A00E3A91D005E619100081BE6007D
:10CDF00085996500A0145F008D40680080D8FF0011
:10CE000027734D0006063100CA561500C9A87300E5
:10CE10007BE260006B8CC00000000080DB0F4940AB
:10CE2000DB0F49C0DB0F49BFE4CB1640E4CB16C093
:10CE30000000000000000080000FC93F000F4940C3
:10CE400000CB9640000FC9400053FB4000CB164179
:10CE500000ED2F41000F49410031624100537B41F9
:10CE6000003A8A4100CB9641005CA34100EDAF41FE
:10CE7000007EBC41000FC94100A0D5410031E24114
:10CE800000C2EE410053FB4100F20342003A0A4265
:10CE90000083104200CB164200141D42005C234266
:10CEA00000A5294200ED2F4200363642007E3C426A
:10CEB00000C74242000F4942A2000000F9000000F2
:10CEC000830000006E0000004E00000044000000DF
:10CED0001500000029000000FC00000027000000F1
:10CEE00057000000D1000000F500000034000000F1
:10CEF000DD000000C0000000DB0000006200000058
:10CF000095000000990000003C0000004300000074
:10CF10009000000041000000FE00000051000000F1
:10CF200063000000AB000000DE000000BB0000005A
:10CF3000C500000061000000B700000024000000F0
:10CF40006E0000003A000000420000004D000000AA
:10CF5000D2000000E00000000600000049000000D0
:10CF60002E000000EA00000009000000D1000000CF
:10CF7000920000001C000000FE0000001D000000E8
:10CF8000EB0000001C000000B100000029000000C0
:10CF9000A70000003E000000E80000008200000042
:10CFA00035000000F50000002E000000BB0000006E
:10CFB0004400000084000000E90000009C00000024
:10CFC0007000000026000000B40000005F000000B8
:10CFD0007E000000410000003900000091000000C8
:10CFE000D60000003900000083000000530000005C
:10CFF00039000000F40000009C00000084000000E4
:10D000005F0000008B000000BD000000F900000080
:10D01000280000003B0000001F000000F800000096
:10D0200097000000FF000000DE0000000500000087
:10D03000980000000F000000EF0000002F0000002B
:10D04000110000008B0000005A0000000A000000E0
:10D050006D0000001F0000006D00000036000000A1
:10D060007E000000CF00000027000000CB00000081
:10D0700009000000B70000004F000000460000005B
:10D080003F000000660000009E0000005F000000FE
:10D09000EA0000002D0000007500000027000000DD
:10D0A000BA000000C7000000EB000000E50000002F
:10D0B000F10000007B0000003D00000007000000C0
:10D0C00039000000F70000008A0000005200000054
:10D0D00092000000EA0000006B000000FB0000006E
:10D0E0005F000000B10000001F0000008D00000084
:10D0F0005D00000008000000560000000300000072
:10D100003000000046000000FC0000007B00000032
:10D110006B000000AB000000F0000000CF0000003A
:10D12000BC000000200000009A000000F400000095
:10D13000360000001D000000A9000000E300000010
:10D1400091000000610000005E000000E6000000A9
:10D150001B000000080000006500000099000000AE
:10D16000850000005F00000014000000A000000027
:10D1700068000000400000008D000000FF0000007B
:10D18000D8000000800000004D0000007300000087
:10D19000270000003100000006000000060000002B
:10D1A0001500000056000000CA00000073000000D7
:10D1B000A8000000C900000060000000E2000000BC
:10D1C0007B000000C00000008C0000006B0000002D
:10D1D0006937AC3168212233B40F14336821A2338C
:10D1E0003863ED3EDA0F493F5E987B3FDA0FC93F67
:10D1F00000000040FB21F93F000000002D44743E78
:10D20000000000809846F83C0000006051CC783B5C
:10D2100000000080831BF0390000004020257A3890
:10D22000000000802282E336000000001DF3693513
:10D2300002000000030000000400000006000000DF
:10D240000000C93F0000F0390000DA370000A233C7
:10D250000000842E0000502B0000C2270000D022C6
:10D260000000C41F0000C61B00004417040000009B
:10D2700007000000090000002E006E6600696E695C
:10D28000747900616E00000034000000CEFBFFFFE7
:10D29000CB0300000100000000000000350000008A
:10D2A000CEFBFFFFCB0300000100000000000000E8
:10D2B000BC89D897B2D29C3C33A7A8D523F649396C
:10D2C0003DA7F444FD0FA5329D978CCF08BA5B258E
:10D2D000436FAC6428066811002020202020202005
:10D2E0002020282828282820202020202020202016
:10D2F0002020202020202020208810101010101026
:10D300001010101010101010100404040404040471
:10D31000040404101010101010104141414141410B
:10D3200001010101010101010101010101010101ED
:10D3300001010101101010101010424242424242FD
:10D3400002020202020202020202020202020202BD
:10D350000202020210101010200000000000000065
:10D3600000000000000000000000000000000000BD
:10D3700000000000000000000000000000000000AD
:10D38000000000000000000000000000000000009D
:10D39000000000000000000000000000000000008D
:10D3A000000000000000000000000000000000007D
:10D3B000000000000000000000000000000000006D
:10D3C000000000000000000000000000000000005D
:10D3D000000000000000000000000000000000004D
:10D3E0001F0000003B0000005A0000007800000011
:10D3F00097000000B5000000D4000000F30000001A
:10D4000011010000300100004E0100001F0000006B
:10D410001C0000001F0000001E0000001F00000094
:10D420001E0000001F0000001F0000001E00000082
:10D430001F0000001E0000001F000000545A00479B
:10D440004D54002531315B2D2B302D39412D5A6142
:10D450002D7A5D256E002531315B412D5A612D7A83
:10D460005D256E004D256875256E2E256875256E27
:10D470002E256875256E002F256875256E3A25685E
:10D4800075256E3A256875256E004300504F534947
:10D4900058002C2066756E6374696F6E3A200061C7
:10D4A0007373657274696F6E202225732220666122
:10D4B000696C65643A2066696C6520222573222CAC
:10D4C000206C696E65202564257325730A0042610E
:10D4D0006C6C6F6320737563636565646564002FAE
:10D4E0006275696C642F676E752D746F6F6C732D28
:10D4F000666F722D73746D33325F31322E332E723C
:10D50000656C312E32303234303932362D3137318C
:10D51000352F7372632F6E65776C69622F6E657736
:10D520006C69622F6C6962632F7374646C69622F1B
:10D530006764746F612D6765746865782E63005247
:10D5400045454E54206D616C6C6F63207375636349
:10D550006565646564002F6275696C642F676E751C
:10D560002D746F6F6C732D666F722D73746D333203
:10D570005F31322E332E72656C312E3230323430C0
:10D580003932362D313731352F7372632F6E65770F
:10D590006C69622F6E65776C69622F6C6962632FAC
:10D5A0007374646C69622F6D707265632E63000022
:10D5B00005000000190000007D00000000000000D0
:10D5C0000080E03779C34143176E05B5B5B893467F
:10D5D000F5F93FE9034F384D321D30F94877825A4B
:10D5E0003CBF737FDD4F1575000000000000F03F69
:10D5F000000000000000244000000000000059402E
:10D600000000000000408F40000000000088C34080
:10D6100000000000006AF8400000000080842E41F5
:10D6200000000000D01263410000000084D7974141
:10D630000000000065CDCD41000000205FA0024247
:10D64000000000E876483742000000A2941A6D42BC
:10D65000000040E59C30A2420000901EC4BCD642AF
:10D6600000003426F56B0C430080E03779C341435A
:10D6700000A0D8855734764300C84E676DC1AB43D0
:10D68000003D9160E458E143408CB5781DAF1544EE
:10D6900050EFE2D6E41A4B4492D54D06CFF08044C9
:10D6A000F64AE1C7022DB544B49DD9794378EA44DE
:10D6B000232D302B2000686C4C006566674546477B
:10D6C00000303132333435363738394142434445FE
:10D6D000460030313233343536373839616263646D
:10D6E000656600001F0000001C0000001F00000015
:10D6F0001E0000001F0000001E0000001F000000B0
:10D700001F0000001E0000001F0000001E0000009F
:10D710001F0000001F0000001D0000001F0000008F
:10D720001E0000001F0000001E0000001F0000007F
:10D730001F0000001E0000001F0000001E0000006F
:10D740001F000000412D46612D66383930313233DB
:10D75000343536375D002B2D00303000785800000E
:08D76000702AFD7F01000000AA
:04D76800B5010008FF
:04D76C00910100081F
:10D7700000000000000000000000000000000000A9
:10D780000000000000000000000000000000000099
:10D790000000000000000000000000000000000089
:10D7A0000000000000000000000000000000000079
:10D7B0000000000000000000000000000000000069
:10D7C0000000000000000000000000000000000059
:10D7D0000000000000000000000000000000000049
:10D7E0000000000000000000000000000000000039
:10D7F0000000000000000000000000000000000029
:10D800000000000000000000000000000000000018
:10D810000000000000000000000000000000000008
:10D8200000000000000000000000000000000000F8
:10D8300000000000000000000000000000000000E8
:10D8400000000000000000000000000000000000D8
:10D8500000000000000000000000000000000000C8
:10D8600000000000000000000000000000000000B8
:10D8700000000000000000000000000000000000A8
:10D880000000000000000000000000000000000098
:10D890000000000000000000000000000000000088
:10D8A0000000000000000000000000000000000078
:10D8B0000000000000000000000000000000000068
:10D8C0000000000000000000000000000000000058
:10D8D0000000000000000000000000000000000048
:10D8E0000000000000000000000000000000000038
:10D8F0000000000000000000000000000000000028
:10D900000000000000000000000000000000000017
:10D910000000000000000000000000000000000007
:10D9200000000000000000000000000000000000F7
:10D9300000000000000000000000000000000000E7
:10D9400000000000000000000000000000000000D7
:10D9500000000000000000000000000000000000C7
:10D9600000000000000000000000000000000000B7
:10D9700000000000000000000000000000000000A7
:10D980000000000000000000000000000000000097
:10D990000000000000000000000000000000000087
:10D9A00000000000901500200024F400000000009A
:10D9B00000000000000000000000803F0000803FE9
:10D9C0000000803F00000000000000000000000098
:10D9D000C0150020010000004EB03A6C8E814595C4
:10D9E000C5E26EE40101050101010101010101002F
:10D9F0000010000005000000050055010100E803CB
:10DA0000201C0000000000002D00000000000000AD
:10DA100098F98E3C10000000010100000600000093
:10DA2000AAAAAAAA0000000059F3F8C21F6EA50115
:10DA3000000000000000F03F0000000003000000B4
:10DA4000006501203FD402083FD4020843000000D3
:10DA500000000000000000000000000000000000C6
:10DA60000000000000000000000000004300000073
:10DA700000000000000000000000000000000000A6
:10DA80000000000000000000000000004300000053
:10DA90000000000000000000000000000000000086
:10DAA0000000000000000000000000004300000033
:10DAB0000000000000000000000000000000000066
:10DAC0000000000000000000000000004300000013
:10DAD0000000000000000000000000000000000046
:10DAE00000000000000000000000000043000000F3
:10DAF0000000000000000000000000000000000026
:10DB000000000000000000000000000043000000D2
:10DB10000000000000000000000000000000000005
:10DB2000000000000000000000000000D5A3020873
:10DB30004199020800000000D8D2020878D20208F9
:10DB4000CDD40208CDD40208CDD40208CDD4020829
:10DB5000CDD40208CDD40208CDD40208CDD4020819
:10DB6000CDD40208FFFFFFFFFFFFFFFFFFFFFFFF16
:10DB7000FFFF00000100415343494900000000003D
:10DB80000000000000000000000000000000000095
:10DB9000000000000000415343494900000000001C
:10DBA0000000000000000000000000000000000075
:10DBB00000000000000000004C04002000000000F5
:10DBC0000065012068650120D0650120000000008B
:10DBD0000000000000000000000000000000000045
:10DBE0000000000000000000000000000000000035
:10DBF0000000000000000000000000000000000025
:10DC00000000000000000000010000000000000013
:10DC10004A000000000000000000000000000000BA
:10DC200000000000000000000000000000000000F4
:10DC300000000000000000004A000000000000009A
:10DC400000000000000000000000000000000000D4
:10DC500000000000000000000000000000000000C4
:10DC600000000000000000000000000000000000B4
:10DC700000000000000000000000000000000000A4
:10DC80000000000000000000000000000000000094
:10DC90000000000000000000000000000000000084
:10DCA0000000000000000000000000000000000074
:10DCB0000000000000000000000000000000000064
:10DCC0000000000000000000000000000000000054
:10DCD0000000000000000000000000000000000044
:10DCE0000000000000000000000000000000000034
:10DCF0000000000000000000000000000000000024
:10DD00000000000000000000000000000000000013
:10DD10000000000000000000000000000000000003
:10DD200000000000000000000000000000000000F3
:10DD300000000000000000000000000000000000E3
:10DD400000000000000000000000000000000000D3
:10DD500000000000000000000000000000000000C3
:10DD600000000000000000000000000000000000B3
:10DD700000000000000000000000000000000000A3
:10DD80000000000000000000000000000000000093
:10DD90000000000000000000000000000000000083
:10DDA0000000000000000000000000000000000073
:10DDB0000000000000000000000000000000000063
:10DDC0000000000000000000000000000000000053
:10DDD0000000000000000000000000000000000043
:10DDE0000000000000000000000000000000000033
:10DDF0000000000000000000000000000000000023
:10DE00000000000000000000000000000000000012
:10DE10000000000000000000000000000000000002
:10DE200000000000000000000000000000000000F2
:10DE300000000000000000000000000000000000E2
:10DE400000000000000000000000000000000000D2
:10DE500000000000000000000000000000000000C2
:10DE600000000000000000000000000000000000B2
:10DE700000000000000000000000000000000000A2
:10DE80000000000000000000000000000000000092
:10DE90000000000000000000000000000000000082
:10DEA0000000000000000000000000000000000072
:10DEB0000000000000000000000000000000000062
:10DEC0000000000000000000000000000000000052
:10DED0000000000000000000000000000000000042
:10DEE0000000000000000000000000000000000032
:10DEF0000000000000000000000000000000000022
:10DF00000000000000000000000000000000000011
:10DF10000000000000000000000000000000000001
:10DF200000000000000000000000000000000000F1
:10DF300000000000000000000000000000000000E1
:10DF400000000000000000000000000000000000D1
:10DF500000000000000000000000000000000000C1
:10DF600000000000000000000000000000000000B1
:10DF700000000000000000000000000000000000A1
:10DF80000000000000000000000000000000000091
:10DF90000000000000000000000000000000000081
:10DFA0000000000000000000000000000000000071
:10DFB0000000000000000000000000000000000061
:10DFC0000000000000000000000000000000000051
:10DFD0000000000000000000000000000000000041
:10DFE0000000000000000000000000000000000031
:10DFF0000000000000000000000000000000000021
:10E000000000000000000000000000000000000010
:10E010000000000000000000000000000000000000
:10E0200000000000000000000000000000000000F0
:10E0300000000000000000000000000000000000E0
:10E0400000000000000000000000000000000000D0
:10E0500000000000000000000000000000000000C0
:10E0600000000000000000000000000000000000B0
:10E0700000000000000000000000000000000000A0
:10E080000000000000000000000000000000000090
:10E090000000000000000000000000000000000080
:10E0A0000000000000000000000000000000000070
:10E0B0000000000000000000000000000000000060
:10E0C0000000000000000000000000000000000050
:10E0D0000000000000000000000000000000000040
:10E0E0000000000000000000000000000000000030
:10E0F0000000000000000000000000000000000020
:10E10000000000000000000000000000000000000F
:10E1100000000000000000000000000000000000FF
:10E1200000000000000000000000000000000000EF
:10E1300000000000000000000000000000000000DF
:10E1400000000000000000000000000000000000CF
:10E1500000000000000000000000000000000000BF
:10E1600000000000000000000000000000000000AF
:10E17000000000000000000000000000000000009F
:10E18000000000000000000000000000000000008F
:10E19000000000000000000000000000000000007F
:10E1A000000000000000000000000000000000006F
:10E1B000000000000000000000000000000000005F
:10E1C000000000000000000000000000000000004F
:10E1D000000000000000000000000000000000003F
:10E1E000000000000000000000000000000000002F
:10E1F000000000000000000000000000000000001F
:10E20000000000000000000000000000000000000E
:10E2100000000000000000000000000000000000FE
:10E2200000000000000000000000000000000000EE
:10E2300000000000000000000000000000000000DE
:10E2400000000000000000000000000000000000CE
:10E2500000000000000000000000000000000000BE
:10E2600000000000000000000000000000000000AE
:10E27000000000000000000000000000000000009E
:10E28000000000000000000000000000000000008E
:10E29000000000000000000000000000000000007E
:10E2A000000000000000000000000000000000006E
:10E2B000000000000000000000000000000000005E
:10E2C000000000000000000000000000000000004E
:10E2D000000000000000000000000000000000003E
:10E2E000000000000000000000000000000000002E
:10E2F000000000000000000000000000000000001E
:10E30000000000000000000000000000000000000D
:10E3100000000000000000000000000000000000FD
:10E3200000000000000000000000000000000000ED
:10E3300000000000000000000000000000000000DD
:10E3400000000000000000000000000000000000CD
:10E3500000000000000000000000000000000000BD
:10E3600000000000000000000000000000000000AD
:10E37000000000000000000000000000000000009D
:10E38000000000000000000000000000000000008D
:10E39000000000000000000000000000000000007D
:10E3A000000000000000000000000000000000006D
:10E3B000000000000000000000000000000000005D
:10E3C000000000000000000000000000000000004D
:10E3D000000000000000000000000000000000003D
:10E3E000000000000000000000000000000000002D
:10E3F000000000000000000000000000000000001D
:10E40000000000000000000000000000000000000C
:10E4100000000000000000000000000000000000FC
:10E4200000000000000000000000000000000000EC
:10E4300000000000000000000000000000000000DC
:10E4400000000000000000000000000000000000CC
:10E4500000000000000000000000000000000000BC
:10E4600000000000000000000000000000000000AC
:10E47000000000000000000000000000000000009C
:10E48000000000000000000000000000000000008C
:10E49000000000000000000000000000000000007C
:10E4A000000000000000000000000000000000006C
:10E4B000000000000000000000000000000000005C
:10E4C000000000000000000000000000000000004C
:10E4D000000000000000000000000000000000003C
:10E4E000000000000000000000000000000000002C
:10E4F000000000000000000000000000000000001C
:10E50000000000000000000000000000000000000B
:10E5100000000000000000000000000000000000FB
:10E5200000000000000000000000000000000000EB
:10E5300000000000000000000000000000000000DB
:10E5400000000000000000000000000000000000CB
:10E5500000000000000000000000000000000000BB
:10E5600000000000000000000000000000000000AB
:10E57000000000000000000000000000000000009B
:10E58000000000000000000000000000000000008B
:10E59000000000000000000000000000000000007B
:10E5A000000000000000000000000000000000006B
:10E5B000000000000000000000000000000000005B
:10E5C000000000000000000000000000000000004B
:10E5D000000000000000000000000000000000003B
:10E5E000000000000000000000000000000000002B
:10E5F000000000000000000000000000000000001B
:10E60000000000000000000000000000000000000A
:10E6100000000000000000000000000000000000FA
:10E6200000000000000000000000000000000000EA
:10E6300000000000000000000000000000000000DA
:10E6400000000000000000000000000000000000CA
:10E6500000000000000000000000000000000000BA
:10E6600000000000000000000000000000000000AA
:10E67000000000000000000000000000000000009A
:10E68000000000000000000000000000000000008A
:10E69000000000000000000000000000000000007A
:10E6A000000000000000000000000000000000006A
:10E6B000000000000000000000000000000000005A
:10E6C000000000000000000000000000000000004A
:10E6D000000000000000000000000000000000003A
:10E6E000000000000000000000000000000000002A
:10E6F000000000000000000000000000000000001A
:10E700000000000000000000000000000000000009
:10E7100000000000000000000000000000000000F9
:10E7200000000000000000000000000000000000E9
:10E7300000000000000000000000000000000000D9
:10E7400000000000000000000000000000000000C9
:10E7500000000000000000000000000000000000B9
:10E7600000000000000000000000000000000000A9
:10E770000000000000000000000000000000000099
:10E780000000000000000000000000000000000089
:10E790000000000000000000000000000000000079
:10E7A0000000000000000000000000000000000069
:10E7B0000000000000000000000000000000000059
:10E7C0000000000000000000000000000000000049
:10E7D0000000000000000000000000000000000039
:10E7E0000000000000000000000000000000000029
:10E7F0000000000000000000000000000000000019
:10E800000000000000000000000000000000000008
:10E8100000000000000000000000000000000000F8
:10E8200000000000000000000000000000000000E8
:10E8300000000000000000000000000000000000D8
:10E8400000000000000000000000000000000000C8
:10E8500000000000000000000000000000000000B8
:10E8600000000000000000000000000000000000A8
:10E870000000000000000000000000000000000098
:10E880000000000000000000000000000000000088
:10E890000000000000000000000000000000000078
:10E8A0000000000000000000000000000000000068
:10E8B0000000000000000000000000000000000058
:10E8C0000000000000000000000000000000000048
:10E8D0000000000000000000000000000000000038
:10E8E0000000000000000000000000000000000028
:10E8F0000000000000000000000000000000000018
:10E900000000000000000000000000000000000007
:10E9100000000000000000000000000000000000F7
:10E9200000000000000000000000000000000000E7
:10E9300000000000000000000000000000000000D7
:10E9400000000000000000000000000000000000C7
:10E9500000000000000000000000000000000000B7
:10E9600000000000000000000000000000000000A7
:10E970000000000000000000000000000000000097
:10E980000000000000000000000000000000000087
:10E990000000000000000000000000000000000077
:10E9A0000000000000000000000000000000000067
:10E9B0000000000000000000000000000000000057
:10E9C0000000000000000000000000000000000047
:10E9D0000000000000000000000000000000000037
:10E9E0000000000000000000000000000000000027
:10E9F0000000000000000000000000000000000017
:10EA00000000000000000000000000000000000006
:10EA100000000000000000000000000000000000F6
:10EA200000000000000000000000000000000000E6
:10EA300000000000000000000000000000000000D6
:10EA400000000000000000000000000000000000C6
:10EA500000000000000000000000000000000000B6
:10EA600000000000000000000000000000000000A6
:10EA70000000000000000000000000000000000096
:10EA80000000000000000000000000000000000086
:10EA90000000000000000000000000000000000076
:10EAA0000000000000000000000000000000000066
:10EAB0000000000000000000000000000000000056
:10EAC0000000000000000000000000000000000046
:10EAD0000000000000000000000000000000000036
:10EAE0000000000000000000000000000000000026
:10EAF0000000000000000000000000000000000016
:10EB00000000000000000000000000000000000005
:10EB100000000000000000000000000000000000F5
:10EB200000000000000000000000000000000000E5
:10EB300000000000000000000000000000000000D5
:10EB400000000000000000000000000000000000C5
:10EB500000000000000000000000000000000000B5
:10EB600000000000000000000000000000000000A5
:10EB70000000000000000000000000000000000095
:10EB80000000000000000000000000000000000085
:10EB90000000000000000000000000000000000075
:10EBA0000000000000000000000000000000000065
:10EBB0000000000000000000000000000000000055
:10EBC0000000000000000000000000000000000045
:10EBD0000000000000000000000000000000000035
:10EBE0000000000000000000000000000000000025
:10EBF0000000000000000000000000000000000015
:10EC00000000000000000000000000000000000004
:10EC100000000000000000000000000000000000F4
:10EC200000000000000000000000000000000000E4
:10EC300000000000000000000000000000000000D4
:10EC400000000000000000000000000000000000C4
:10EC500000000000000000000000000000000000B4
:10EC600000000000000000000000000000000000A4
:10EC70000000000000000000000000000000000094
:10EC80000000000000000000000000000000000084
:10EC90000000000000000000000000000000000074
:10ECA0000000000000000000000000000000000064
:10ECB0000000000000000000000000000000000054
:10ECC0000000000000000000000000000000000044
:10ECD0000000000000000000000000000000000034
:10ECE0000000000000000000000000000000000024
:10ECF0000000000000000000000000000000000014
:10ED00000000000000000000000000000000000003
:10ED100000000000000000000000000000000000F3
:10ED200000000000000000000000000000000000E3
:10ED300000000000000000000000000000000000D3
:10ED400000000000000000000000000000000000C3
:10ED500000000000000000000000000000000000B3
:10ED600000000000000000000000000000000000A3
:10ED70000000000000000000000000000000000093
:10ED80000000000000000000000000000000000083
:10ED90000000000000000000000000000000000073
:10EDA0000000000000000000000000000000000063
:10EDB0000000000000000000000000000000000053
:10EDC0000000000000000000000000000000000043
:10EDD0000000000000000000000000000000000033
:10EDE0000000000000000000000000000000000023
:10EDF0000000000000000000000000000000000013
:10EE00000000000000000000000000000000000002
:10EE100000000000000000000000000000000000F2
:10EE200000000000000000000000000000000000E2
:10EE300000000000000000000000000000000000D2
:10EE400000000000000000000000000000000000C2
:10EE500000000000000000000000000000000000B2
:10EE600000000000000000000000000000000000A2
:10EE70000000000000000000000000000000000092
:10EE80000000000000000000000000000000000082
:10EE90000000000000000000000000000000000072
:10EEA0000000000000000000000000000000000062
:10EEB0000000000000000000000000000000000052
:10EEC0000000000000000000000000000000000042
:10EED0000000000000000000000000000000000032
:10EEE0000000000000000000000000000000000022
:10EEF0000000000000000000000000000000000012
:10EF00000000000000000000000000000000000001
:10EF100000000000000000000000000000000000F1
:10EF200000000000000000000000000000000000E1
:10EF300000000000000000000000000000000000D1
:10EF400000000000000000000000000000000000C1
:10EF500000000000000000000000000000000000B1
:10EF600000000000000000000000000000000000A1
:10EF70000000000000000000000000000000000091
:10EF80000000000000000000000000000000000081
:10EF90000000000000000000000000000000000071
:10EFA0000000000000000000000000000000000061
:10EFB0000000000000000000000000000000000051
:10EFC0000000000000000000000000000000000041
:10EFD0000000000000000000000000000000000031
:10EFE0000000000000000000000000000000000021
:10EFF0000000000000000000000000000000000011
:10F000000000000000000000000000000000000000
:10F0100000000000000000000000000000000000F0
:10F0200000000000000000000000000000000000E0
:10F0300000000000000000000000000000000000D0
:10F0400000000000000000000000000000000000C0
:10F0500000000000000000000000000000000000B0
:10F0600000000000000000000000000000000000A0
:10F070000000000000000000000000000000000090
:10F080000000000000000000000000000000000080
:10F090000000000000000000000000000000000070
:10F0A0000000000000000000000000000000000060
:10F0B0000000000000000000000000000000000050
:10F0C0000000000000000000000000000000000040
:10F0D0000000000000000000000000000000000030
:10F0E0000000000000000000000000000000000020
:10F0F0000000000000000000000000000000000010
:10F1000000000000000000000000000000000000FF
:10F1100000000000000000000000000000000000EF
:10F1200000000000000000000000000000000000DF
:10F1300000000000000000000000000000000000CF
:10F1400000000000000000000000000000000000BF
:10F1500000000000000000000000000000000000AF
:10F16000000000000000000000000000000000009F
:10F17000000000000000000000000000000000008F
:10F18000000000000000000000000000000000007F
:10F19000000000000000000000000000000000006F
:10F1A000000000000000000000000000000000005F
:10F1B000000000000000000000000000000000004F
:10F1C000000000000000000000000000000000003F
:10F1D000000000000000000000000000000000002F
:10F1E000000000000000000000000000000000001F
:10F1F000000000000000000000000000000000000F
:10F2000000000000000000000000000000000000FE
:10F2100000000000000000000000000000000000EE
:10F2200000000000000000000000000000000000DE
:10F2300000000000000000000000000000000000CE
:10F2400000000000000000000000000000000000BE
:10F2500000000000000000000000000000000000AE
:10F26000000000000000000000000000000000009E
:10F27000000000000000000000000000000000008E
:10F28000000000000000000000000000000000007E
:10F29000000000000000000000000000000000006E
:10F2A000000000000000000000000000000000005E
:10F2B000000000000000000000000000000000004E
:10F2C000000000000000000000000000000000003E
:10F2D000000000000000000000000000000000002E
:10F2E000000000000000000000000000000000001E
:10F2F000000000000000000000000000000000000E
:10F3000000000000000000000000000000000000FD
:10F3100000000000000000000000000000000000ED
:10F3200000000000000000000000000000000000DD
:10F3300000000000000000000000000000000000CD
:10F3400000000000000000000000000000000000BD
:10F3500000000000000000000000000000000000AD
:10F36000000000000000000000000000000000009D
:10F37000000000000000000000000000000000008D
:10F38000000000000000000000000000000000007D
:10F39000000000000000000000000000000000006D
:10F3A000000000000000000000000000000000005D
:10F3B000000000000000000000000000000000004D
:10F3C000000000000000000000000000000000003D
:10F3D000000000000000000000000000000000002D
:10F3E000000000000000000000000000000000001D
:10F3F000000000000000000000000000000000000D
:10F4000000000000000000000000000000000000FC
:10F4100000000000000000000000000000000000EC
:10F4200000000000000000000000000000000000DC
:10F4300000000000000000000000000000000000CC
:10F4400000000000000000000000000000000000BC
:10F4500000000000000000000000000000000000AC
:10F46000000000000000000000000000000000009C
:10F47000000000000000000000000000000000008C
:10F48000000000000000000000000000000000007C
:10F49000000000000000000000000000000000006C
:10F4A000000000000000000000000000000000005C
:10F4B000000000000000000000000000000000004C
:10F4C000000000000000000000000000000000003C
:10F4D000000000000000000000000000000000002C
:10F4E000000000000000000000000000000000001C
:10F4F000000000000000000000000000000000000C
:10F5000000000000000000000000000000000000FB
:10F5100000000000000000000000000000000000EB
:10F5200000000000000000000000000000000000DB
:10F5300000000000000000000000000000000000CB
:10F5400000000000000000000000000000000000BB
:10F5500000000000000000000000000000000000AB
:10F56000000000000000000000000000000000009B
:10F57000000000000000000000000000000000008B
:10F58000000000000000000000000000000000007B
:10F59000000000000000000000000000000000006B
:10F5A000000000000000000000000000000000005B
:10F5B000000000000000000000000000000000004B
:10F5C000000000000000000000000000000000003B
:10F5D000000000000000000000000000000000002B
:10F5E000000000000000000000000000000000001B
:10F5F000000000000000000000000000000000000B
:10F6000000000000000000000000000000000000FA
:10F6100000000000000000000000000000000000EA
:10F6200000000000000000000000000000000000DA
:10F6300000000000000000000000000000000000CA
:10F6400000000000000000000000000000000000BA
:10F6500000000000000000000000000000000000AA
:10F66000000000000000000000000000000000009A
:10F67000000000000000000000000000000000008A
:10F68000000000000000000000000000000000007A
:10F69000000000000000000000000000000000006A
:10F6A000000000000000000000000000000000005A
:10F6B000000000000000000000000000000000004A
:10F6C000000000000000000000000000000000003A
:10F6D000000000000000000000000000000000002A
:10F6E000000000000000000000000000000000001A
:10F6F000000000000000000000000000000000000A
:10F7000000000000000000000000000000000000F9
:10F7100000000000000000000000000000000000E9
:10F7200000000000000000000000000000000000D9
:10F7300000000000000000000000000000000000C9
:10F7400000000000000000000000000000000000B9
:10F7500000000000000000000000000000000000A9
:10F760000000000000000000000000000000000099
:10F770000000000000000000000000000000000089
:10F780000000000000000000000000000000000079
:10F790000000000000000000000000000000000069
:10F7A0000000000000000000000000000000000059
:10F7B0000000000000000000000000000000000049
:10F7C0000000000000000000000000000000000039
:10F7D0000000000000000000000000000000000029
:10F7E0000000000000000000000000000000000019
:10F7F0000000000000000000000000000000000009
:10F8000000000000000000000000000000000000F8
:10F8100000000000000000000000000000000000E8
:10F8200000000000000000000000000000000000D8
:10F8300000000000000000000000000000000000C8
:10F8400000000000000000000000000000000000B8
:10F8500000000000000000000000000000000000A8
:10F860000000000000000000000000000000000098
:10F870000000000000000000000000000000000088
:10F880000000000000000000000000000000000078
:10F890000000000000000000000000000000000068
:10F8A0000000000000000000000000000000000058
:10F8B0000000000000000000000000000000000048
:10F8C0000000000000000000000000000000000038
:10F8D0000000000000000000000000000000000028
:10F8E0000000000000000000000000000000000018
:10F8F0000000000000000000000000000000000008
:10F9000000000000000000000000000000000000F7
:10F9100000000000000000000000000000000000E7
:10F9200000000000000000000000000000000000D7
:10F9300000000000000000000000000000000000C7
:10F9400000000000000000000000000000000000B7
:10F9500000000000000000000000000000000000A7
:10F960000000000000000000000000000000000097
:10F970000000000000000000000000000000000087
:10F980000000000000000000000000000000000077
:10F990000000000000000000000000000000000067
:10F9A0000000000000000000000000000000000057
:10F9B0000000000000000000000000000000000047
:10F9C0000000000000000000000000000000000037
:10F9D0000000000000000000000000000000000027
:10F9E0000000000000000000000000000000000017
:10F9F0000000000000000000000000000000000007
:10FA000000000000000000000000000000000000F6
:10FA100000000000000000000000000000000000E6
:10FA200000000000000000000000000000000000D6
:10FA300000000000000000000000000000000000C6
:10FA400000000000000000000000000000000000B6
:10FA500000000000000000000000000000000000A6
:10FA60000000000000000000000000000000000096
:10FA70000000000000000000000000000000000086
:10FA80000000000000000000000000000000000076
:10FA90000000000000000000000000000000000066
:10FAA0000000000000000000000000000000000056
:10FAB0000000000000000000000000000000000046
:10FAC0000000000000000000000000000000000036
:10FAD0000000000000000000000000000000000026
:10FAE0000000000000000000000000000000000016
:10FAF0000000000000000000000000000000000006
:10FB000000000000000000000000000000000000F5
:10FB100000000000000000000000000000000000E5
:10FB200000000000000000000000000000000000D5
:10FB300000000000000000000000000000000000C5
:10FB400000000000000000000000000000000000B5
:10FB500000000000000000000000000000000000A5
:10FB60000000000000000000000000000000000095
:10FB70000000000000000000000000000000000085
:10FB80000000000000000000000000000000000075
:10FB90000000000000000000000000000000000065
:10FBA0000000000000000000000000000000000055
:10FBB0000000000000000000000000000000000045
:10FBC0000000000000000000000000000000000035
:10FBD0000000000000000000000000000000000025
:10FBE0000000000000000000000000000000000015
:10FBF0000000000000000000000000000000000005
:10FC000000000000000000000000000000000000F4
:10FC100000000000000000000000000000000000E4
:10FC200000000000000000000000000000000000D4
:10FC300000000000000000000000000000000000C4
:10FC400000000000000000000000000000000000B4
:10FC500000000000000000000000000000000000A4
:10FC60000000000000000000000000000000000094
:10FC70000000000000000000000000000000000084
:10FC80000000000000000000000000000000000074
:10FC90000000000000000000000000000000000064
:10FCA0000000000000000000000000000000000054
:10FCB0000000000000000000000000000000000044
:10FCC0000000000000000000000000000000000034
:10FCD0000000000000000000000000000000000024
:10FCE0000000000000000000000000000000000014
:10FCF0000000000000000000000000000000000004
:10FD000000000000000000000000000000000000F3
:10FD100000000000000000000000000000000000E3
:10FD200000000000000000000000000000000000D3
:10FD300000000000000000000000000000000000C3
:10FD400000000000000000000000000000000000B3
:10FD500000000000000000000000000000000000A3
:10FD60000000000000000000000000000000000093
:10FD70000000000000000000000000000000000083
:10FD80000000000000000000000000000000000073
:10FD90000000000000000000000000000000000063
:10FDA0000000000000000000000000000000000053
:10FDB0000000000000000000000000000000000043
:10FDC0000000000000000000000000000000000033
:10FDD0000000000000000000000000000000000023
:10FDE0000000000000000000000000000000000013
:10FDF0000000000000000000000000000000000003
:10FE000000000000000000000000000000000000F2
:10FE100000000000000000000000000000000000E2
:10FE200000000000000000000000000000000000D2
:10FE300000000000000000000000000000000000C2
:10FE400000000000000000000000000000000000B2
:10FE500000000000000000000000000000000000A2
:10FE60000000000000000000000000000000000092
:10FE70000000000000000000000000000000000082
:10FE80000000000000000000000000000000000072
:10FE90000000000000000000000000000000000062
:10FEA0000000000000000000000000000000000052
:10FEB0000000000000000000000000000000000042
:10FEC0000000000000000000000000000000000032
:10FED0000000000000000000000000000000000022
:10FEE0000000000000000000000000000000000012
:10FEF0000000000000000000000000000000000002
:10FF000000000000000000000000000000000000F1
:10FF100000000000000000000000000000000000E1
:10FF200000000000000000000000000000000000D1
:10FF300000000000000000000000000000000000C1
:10FF400000000000000000000000000000000000B1
:10FF500000000000000000000000000000000000A1
:10FF60000000000000000000000000000000000091
:10FF70000000000000000000000000000000000081
:10FF80000000000000000000000000000000000071
:10FF90000000000000000000000000000000000061
:10FFA0000000000000000000000000000000000051
:10FFB0000000000000000000000000000000000041
:10FFC0000000000000000000000000000000000031
:10FFD0000000000000000000000000000000000021
:10FFE0000000000000000000000000000000000011
:10FFF0000000000000000000000000000000000001
:020000040803EF
:1000000000000000000000000000000000000000F0
:1000100000000000000000000000000000000000E0
:1000200000000000000000000000000000000000D0
:1000300000000000000000000000000000000000C0
:1000400000000000000000000000000000000000B0
:1000500000000000000000000000000000000000A0
:100060000000000000000000000000000000000090
:100070000000000000000000000000000000000080
:100080000000000000000000000000000000000070
:100090000000000000000000000000000000000060
:1000A0000000000000000000000000000000000050
:1000B0000000000000000000000000000000000040
:1000C0000000000000000000000000000000000030
:1000D0000000000000000000000000000000000020
:1000E0000000000000000000000000000000000010
:1000F0000000000000000000000000000000000000
:1001000000000000000000000000000000000000EF
:1001100000000000000000000000000000000000DF
:1001200000000000000000000000000000000000CF
:1001300000000000000000000000000000000000BF
:1001400000000000000000000000000000000000AF
:10015000000000000000000000000000000000009F
:10016000000000000000000000000000000000008F
:10017000000000000000000000000000000000007F
:10018000000000000000000000000000000000006F
:10019000000000000000000000000000000000005F
:1001A000000000000000000000000000000000004F
:1001B000000000000000000000000000000000003F
:1001C000000000000000000000000000000000002F
:1001D000000000000000000000000000000000001F
:1001E000000000000000000000000000000000000F
:1001F00000000000000000000000000000000000FF
:1002000000000000000000000000000000000000EE
:1002100000000000000000000000000000000000DE
:1002200000000000000000000000000000000000CE
:1002300000000000000000000000000000000000BE
:1002400000000000000000000000000000000000AE
:10025000000000000000000000000000000000009E
:10026000000000000000000000000000000000008E
:10027000000000000000000000000000000000007E
:10028000000000000000000000000000000000006E
:10029000000000000000000000000000000000005E
:1002A000000000000000000000000000000000004E
:1002B000000000000000000000000000000000003E
:1002C000000000000000000000000000000000002E
:1002D000000000000000000000000000000000001E
:1002E000000000000000000000000000000000000E
:1002F00000000000000000000000000000000000FE
:1003000000000000000000000000000000000000ED
:1003100000000000000000000000000000000000DD
:1003200000000000000000000000000000000000CD
:1003300000000000000000000000000000000000BD
:1003400000000000000000000000000000000000AD
:10035000000000000000000000000000000000009D
:10036000000000000000000000000000000000008D
:10037000000000000000000000000000000000007D
:10038000000000000000000000000000000000006D
:10039000000000000000000000000000000000005D
:1003A000000000000000000000000000000000004D
:1003B000000000000000000000000000000000003D
:1003C000000000000000000000000000000000002D
:1003D000000000000000000000000000000000001D
:1003E000000000000000000000000000000000000D
:1003F00000000000000000000000000000000000FD
:1004000000000000000000000000000000000000EC
:1004100000000000000000000000000000000000DC
:1004200000000000000000000000000000000000CC
:1004300000000000000000000000000000000000BC
:1004400000000000000000000000000000000000AC
:10045000000000000000000000000000000000009C
:10046000000000000000000000000000000000008C
:10047000000000000000000000000000000000007C
:10048000000000000000000000000000000000006C
:10049000000000000000000000000000000000005C
:1004A000000000000000000000000000000000004C
:1004B000000000000000000000000000000000003C
:1004C000000000000000000000000000000000002C
:1004D000000000000000000000000000000000001C
:1004E000000000000000000000000000000000000C
:1004F00000000000000000000000000000000000FC
:1005000000000000000000000000000000000000EB
:1005100000000000000000000000000000000000DB
:1005200000000000000000000000000000000000CB
:1005300000000000000000000000000000000000BB
:1005400000000000000000000000000000000000AB
:10055000000000000000000000000000000000009B
:10056000000000000000000000000000000000008B
:10057000000000000000000000000000000000007B
:10058000000000000000000000000000000000006B
:10059000000000000000000000000000000000005B
:1005A000000000000000000000000000000000004B
:1005B000000000000000000000000000000000003B
:1005C000000000000000000000000000000000002B
:1005D000000000000000000000000000000000001B
:1005E000000000000000000000000000000000000B
:1005F00000000000000000000000000000000000FB
:1006000000000000000000000000000000000000EA
:1006100000000000000000000000000000000000DA
:1006200000000000000000000000000000000000CA
:1006300000000000000000000000000000000000BA
:1006400000000000000000000000000000000000AA
:10065000000000000000000000000000000000009A
:10066000000000000000000000000000000000008A
:10067000000000000000000000000000000000007A
:10068000000000000000000000000000000000006A
:10069000000000000000000000000000000000005A
:1006A000000000000000000000000000000000004A
:1006B000000000000000000000000000000000003A
:1006C000000000000000000000000000000000002A
:1006D000000000000000000000000000000000001A
:1006E000000000000000000000000000000000000A
:1006F00000000000000000000000000000000000FA
:1007000000000000000000000000000000000000E9
:1007100000000000000000000000000000000000D9
:1007200000000000000000000000000000000000C9
:1007300000000000000000000000000000000000B9
:1007400000000000000000000000000000000000A9
:100750000000000000000000000000000000000099
:100760000000000000000000000000000000000089
:100770000000000000000000000000000000000079
:100780000000000000000000000000000000000069
:100790000000000000000000000000000000000059
:1007A0000000000000000000000000000000000049
:1007B0000000000000000000000000000000000039
:1007C0000000000000000000000000000000000029
:1007D0000000000000000000000000000000000019
:1007E0000000000000000000000000000000000009
:1007F00000000000000000000000000000000000F9
:1008000000000000000000000000000000000000E8
:1008100000000000000000000000000000000000D8
:1008200000000000000000000000000000000000C8
:1008300000000000000000000000000000000000B8
:1008400000000000000000000000000000000000A8
:100850000000000000000000000000000000000098
:100860000000000000000000000000000000000088
:100870000000000000000000000000000000000078
:100880000000000000000000000000000000000068
:100890000000000000000000000000000000000058
:1008A0000000000000000000000000000000000048
:1008B0000000000000000000000000000000000038
:1008C0000000000000000000000000000000000028
:1008D0000000000000000000000000000000000018
:1008E0000000000000000000000000000000000008
:1008F00000000000000000000000000000000000F8
:1009000000000000000000000000000000000000E7
:1009100000000000000000000000000000000000D7
:1009200000000000000000000000000000000000C7
:1009300000000000000000000000000000000000B7
:1009400000000000000000000000000000000000A7
:100950000000000000000000000000000000000097
:100960000000000000000000000000000000000087
:100970000000000000000000000000000000000077
:100980000000000000000000000000000000000067
:100990000000000000000000000000000000000057
:1009A0000000000000000000000000000000000047
:1009B0000000000000000000000000000000000037
:1009C0000000000000000000000000000000000027
:1009D0000000000000000000000000000000000017
:1009E0000000000000000000000000000000000007
:1009F00000000000000000000000000000000000F7
:100A000000000000000000000000000000000000E6
:100A100000000000000000000000000000000000D6
:100A200000000000000000000000000000000000C6
:100A300000000000000000000000000000000000B6
:100A400000000000000000000000000000000000A6
:100A50000000000000000000000000000000000096
:100A60000000000000000000000000000000000086
:100A70000000000000000000000000000000000076
:100A80000000000000000000000000000000000066
:100A90000000000000000000000000000000000056
:100AA0000000000000000000000000000000000046
:100AB0000000000000000000000000000000000036
:100AC0000000000000000000000000000000000026
:100AD0000000000000000000000000000000000016
:100AE0000000000000000000000000000000000006
:100AF00000000000000000000000000000000000F6
:100B000000000000000000000000000000000000E5
:100B100000000000000000000000000000000000D5
:100B200000000000000000000000000000000000C5
:100B300000000000000000000000000000000000B5
:100B400000000000000000000000000000000000A5
:100B50000000000000000000000000000000000095
:100B60000000000000000000000000000000000085
:100B70000000000000000000000000000000000075
:100B80000000000000000000000000000000000065
:100B90000000000000000000000000000000000055
:100BA0000000000000000000000000000000000045
:100BB0000000000000000000000000000000000035
:100BC0000000000000000000000000000000000025
:100BD0000000000000000000000000000000000015
:100BE0000000000000000000000000000000000005
:100BF00000000000000000000000000000000000F5
:100C000000000000000000000000000000000000E4
:100C100000000000000000000000000000000000D4
:100C200000000000000000000000000000000000C4
:100C300000000000000000000000000000000000B4
:100C400000000000000000000000000000000000A4
:100C50000000000000000000000000000000000094
:100C60000000000000000000000000000000000084
:100C70000000000000000000000000000000000074
:100C80000000000000000000000000000000000064
:100C90000000000000000000000000000000000054
:100CA0000000000000000000000000000000000044
:100CB0000000000000000000000000000000000034
:100CC0000000000000000000000000000000000024
:100CD0000000000000000000000000000000000014
:100CE0000000000000000000000000000000000004
:100CF00000000000000000000000000000000000F4
:100D000000000000000000000000000000000000E3
:100D100000000000000000000000000000000000D3
:100D200000000000000000000000000000000000C3
:100D300000000000000000000000000000000000B3
:100D400000000000000000000000000000000000A3
:100D50000000000000000000000000000000000093
:100D60000000000000000000000000000000000083
:100D70000000000000000000000000000000000073
:100D80000000000000000000000000000000000063
:100D90000000000000000000000000000000000053
:100DA0000000000000000000000000000000000043
:100DB0000000000000000000000000000000000033
:100DC0000000000000000000000000000000000023
:100DD0000000000000000000000000000000000013
:100DE0000000000000000000000000000000000003
:100DF00000000000000000000000000000000000F3
:100E000000000000000000000000000000000000E2
:100E100000000000000000000000000000000000D2
:100E200000000000000000000000000000000000C2
:100E300000000000000000000000000000000000B2
:100E400000000000000000000000000000000000A2
:100E50000000000000000000000000000000000092
:100E60000000000000000000000000000000000082
:100E70000000000000000000000000000000000072
:100E80000000000000000000000000000000000062
:100E90000000000000000000000000000000000052
:100EA0000000000000000000000000000000000042
:100EB0000000000000000000000000000000000032
:100EC0000000000000000000000000000000000022
:100ED0000000000000000000000000000000000012
:100EE0000000000000000000000000000000000002
:100EF00000000000000000000000000000000000F2
:100F000000000000000000000000000000000000E1
:100F100000000000000000000000000000000000D1
:100F200000000000000000000000000000000000C1
:100F300000000000000000000000000000000000B1
:100F400000000000000000000000000000000000A1
:100F50000000000000000000000000000000000091
:100F60000000000000000000000000000000000081
:100F70000000000000000000000000000000000071
:100F80000000000000000000000000000000000061
:100F90000000000000000000000000000000000051
:100FA0000000000000000000000000000000000041
:100FB0000000000000000000000000000000000031
:100FC0000000000000000000000000000000000021
:100FD0000000000000000000000000000000000011
:100FE0000000000000000000000000000000000001
:100FF00000000000000000000000000000000000F1
:1010000000000000000000000000000000000000E0
:1010100000000000000000000000000000000000D0
:1010200000000000000000000000000000000000C0
:1010300000000000000000000000000000000000B0
:1010400000000000000000000000000000000000A0
:101050000000000000000000000000000000000090
:101060000000000000000000000000000000000080
:101070000000000000000000000000000000000070
:101080000000000000000000000000000000000060
:101090000000000000000000000000000000000050
:1010A0000000000000000000000000000000000040
:1010B0000000000000000000000000000000000030
:1010C0000000000000000000000000000000000020
:1010D0000000000000000000000000000000000010
:1010E0000000000000000000000000000000000000
:1010F00000000000000000000000000000000000F0
:1011000000000000000000000000000000000000DF
:1011100000000000000000000000000000000000CF
:1011200000000000000000000000000000000000BF
:1011300000000000000000000000000000000000AF
:10114000000000000000000000000000000000009F
:10115000000000000000000000000000000000008F
:10116000000000000000000000000000000000007F
:10117000000000000000000000000000000000006F
:10118000000000000000000000000000000000005F
:10119000000000000000000000000000000000004F
:1011A000000000000000000000000000000000003F
:1011B000000000000000000000000000000000002F
:1011C000000000000000000000000000000000001F
:1011D000000000000000000000000000000000000F
:1011E00000000000000000000000000000000000FF
:1011F00000000000000000000000000000000000EF
:1012000000000000000000000000000000000000DE
:1012100000000000000000000000000000000000CE
:1012200000000000000000000000000000000000BE
:1012300000000000000000000000000000000000AE
:10124000000000000000000000000000000000009E
:10125000000000000000000000000000000000008E
:10126000000000000000000000000000000000007E
:10127000000000000000000000000000000000006E
:10128000000000000000000000000000000000005E
:10129000000000000000000000000000000000004E
:1012A000000000000000000000000000000000003E
:1012B000000000000000000000000000000000002E
:1012C000000000000000000000000000000000001E
:1012D000000000000000000000000000000000000E
:1012E00000000000000000000000000000000000FE
:1012F00000000000000000000000000000000000EE
:1013000000000000000000000000000000000000DD
:1013100000000000000000000000000000000000CD
:1013200000000000000000000000000000000000BD
:1013300000000000000000000000000000000000AD
:10134000000000000000000000000000000000009D
:10135000000000000000000000000000000000008D
:10136000000000000000000000000000000000007D
:10137000000000000000000000000000000000006D
:10138000000000000000000000000000000000005D
:10139000000000000000000000000000000000004D
:1013A000000000000000000000000000000000003D
:1013B000000000000000000000000000000000002D
:1013C000000000000000000000000000000000001D
:1013D000000000000000000000000000000000000D
:1013E00000000000000000000000000000000000FD
:1013F00000000000000000000000000000000000ED
:1014000000000000000000000000000000000000DC
:1014100000000000000000000000000000000000CC
:1014200000000000000000000000000000000000BC
:1014300000000000000000000000000000000000AC
:10144000000000000000000000000000000000009C
:10145000000000000000000000000000000000008C
:10146000000000000000000000000000000000007C
:10147000000000000000000000000000000000006C
:10148000000000000000000000000000000000005C
:10149000000000000000000000000000000000004C
:1014A000000000000000000000000000000000003C
:1014B000000000000000000000000000000000002C
:1014C000000000000000000000000000000000001C
:1014D000000000000000000000000000000000000C
:1014E00000000000000000000000000000000000FC
:1014F00000000000000000000000000000000000EC
:1015000000000000000000000000000000000000DB
:1015100000000000000000000000000000000000CB
:1015200000000000000000000000000000000000BB
:1015300000000000000000000000000000000000AB
:10154000000000000000000000000000000000009B
:10155000000000000000000000000000000000008B
:10156000000000000000000000000000000000007B
:10157000000000000000000000000000000000006B
:10158000000000000000000000000000000000005B
:10159000000000000000000000000000000000004B
:1015A000000000000000000000000000000000003B
:1015B000000000000000000000000000000000002B
:1015C000000000000000000000000000000000001B
:1015D000000000000000000000000000000000000B
:1015E00000000000000000000000000000000000FB
:1015F00000000000000000000000000000000000EB
:1016000000000000000000000000000000000000DA
:1016100000000000000000000000000000000000CA
:1016200000000000000000000000000000000000BA
:1016300000000000000000000000000000000000AA
:10164000000000000000000000000000000000009A
:10165000000000000000000000000000000000008A
:10166000000000000000000000000000000000007A
:10167000000000000000000000000000000000006A
:10168000000000000000000000000000000000005A
:10169000000000000000000000000000000000004A
:1016A000000000000000000000000000000000003A
:1016B000000000000000000000000000000000002A
:1016C000000000000000000000000000000000001A
:1016D000000000000000000000000000000000000A
:1016E00000000000000000000000000000000000FA
:1016F00000000000000000000000000000000000EA
:1017000000000000000000000000000000000000D9
:1017100000000000000000000000000000000000C9
:1017200000000000000000000000000000000000B9
:1017300000000000000000000000000000000000A9
:101740000000000000000000000000000000000099
:101750000000000000000000000000000000000089
:101760000000000000000000000000000000000079
:101770000000000000000000000000000000000069
:101780000000000000000000000000000000000059
:101790000000000000000000000000000000000049
:1017A0000000000000000000000000000000000039
:1017B0000000000000000000000000000000000029
:1017C0000000000000000000000000000000000019
:1017D0000000000000000000000000000000000009
:1017E00000000000000000000000000000000000F9
:1017F00000000000000000000000000000000000E9
:1018000000000000000000000000000000000000D8
:1018100000000000000000000000000000000000C8
:1018200000000000000000000000000000000000B8
:1018300000000000000000000000000000000000A8
:101840000000000000000000000000000000000098
:101850000000000000000000000000000000000088
:101860000000000000000000000000000000000078
:101870000000000000000000000000000000000068
:101880000000000000000000000000000000000058
:101890000000000000000000000000000000000048
:1018A0000000000000000000000000000000000038
:1018B0000000000000000000000000000000000028
:1018C0000000000000000000000000000000000018
:1018D0000000000000000000000000000000000008
:1018E00000000000000000000000000000000000F8
:1018F00000000000000000000000000000000000E8
:1019000000000000000000000000000000000000D7
:1019100000000000000000000000000000000000C7
:1019200000000000000000000000000000000000B7
:1019300000000000000000000000000000000000A7
:101940000000000000000000000000000000000097
:101950000000000000000000000000000000000087
:101960000000000000000000000000000000000077
:101970000000000000000000000000000000000067
:101980000000000000000000000000000000000057
:101990000000000000000000000000000000000047
:1019A0000000000000000000000000000000000037
:1019B0000000000000000000000000000000000027
:1019C0000000000000000000000000000000000017
:1019D0000000000000000000000000000000000007
:1019E00000000000000000000000000000000000F7
:1019F00000000000000000000000000000000000E7
:101A000000000000000000000000000000000000D6
:101A100000000000000000000000000000000000C6
:101A200000000000000000000000000000000000B6
:101A300000000000000000000000000000000000A6
:101A40000000000000000000000000000000000096
:101A50000000000000000000000000000000000086
:101A60000000000000000000000000000000000076
:101A70000000000000000000000000000000000066
:101A80000000000000000000000000000000000056
:101A90000000000000000000000000000000000046
:101AA0000000000000000000000000000000000036
:101AB0000000000000000000000000000000000026
:101AC0000000000000000000000000000000000016
:101AD0000000000000000000000000000000000006
:101AE00000000000000000000000000000000000F6
:101AF00000000000000000000000000000000000E6
:101B000000000000000000000000000000000000D5
:101B100000000000000000000000000000000000C5
:101B200000000000000000000000000000000000B5
:101B300000000000000000000000000000000000A5
:101B40000000000000000000000000000000000095
:101B50000000000000000000000000000000000085
:101B60000000000000000000000000000000000075
:101B70000000000000000000000000000000000065
:101B80000000000000000000000000000000000055
:101B90000000000000000000000000000000000045
:101BA0000000000000000000000000000000000035
:101BB0000000000000000000000000000000000025
:101BC0000000000000000000000000000000000015
:101BD0000000000000000000000000000000000005
:101BE00000000000000000000000000000000000F5
:101BF00000000000000000000000000000000000E5
:101C000000000000000000000000000000000000D4
:101C100000000000000000000000000000000000C4
:101C200000000000000000000000000000000000B4
:101C300000000000000000000000000000000000A4
:101C40000000000000000000000000000000000094
:101C50000000000000000000000000000000000084
:101C60000000000000000000000000000000000074
:101C70000000000000000000000000000000000064
:101C80000000000000000000000000000000000054
:101C90000000000000000000000000000000000044
:101CA0000000000000000000000000000000000034
:101CB0000000000000000000000000000000000024
:101CC0000000000000000000000000000000000014
:101CD0000000000000000000000000000000000004
:101CE00000000000000000000000000000000000F4
:101CF00000000000000000000000000000000000E4
:101D000000000000000000000000000000000000D3
:101D100000000000000000000000000000000000C3
:101D200000000000000000000000000000000000B3
:101D300000000000000000000000000000000000A3
:101D40000000000000000000000000000000000093
:101D50000000000000000000000000000000000083
:101D60000000000000000000000000000000000073
:101D70000000000000000000000000000000000063
:101D80000000000000000000000000000000000053
:101D90000000000000000000000000000000000043
:101DA0000000000000000000000000000000000033
:101DB0000000000000000000000000000000000023
:101DC0000000000000000000000000000000000013
:101DD0000000000000000000000000000000000003
:101DE00000000000000000000000000000000000F3
:101DF00000000000000000000000000000000000E3
:101E000000000000000000000000000000000000D2
:101E100000000000000000000000000000000000C2
:101E200000000000000000000000000000000000B2
:101E300000000000000000000000000000000000A2
:101E40000000000000000000000000000000000092
:101E50000000000000000000000000000000000082
:101E60000000000000000000000000000000000072
:101E70000000000000000000000000000000000062
:101E80000000000000000000000000000000000052
:101E90000000000000000000000000000000000042
:101EA0000000000000000000000000000000000032
:101EB0000000000000000000000000000000000022
:101EC0000000000000000000000000000000000012
:101ED0000000000000000000000000000000000002
:101EE00000000000000000000000000000000000F2
:101EF00000000000000000000000000000000000E2
:101F000000000000000000000000000000000000D1
:101F100000000000000000000000000000000000C1
:101F200000000000000000000000000000000000B1
:101F300000000000000000000000000000000000A1
:101F40000000000000000000000000000000000091
:101F50000000000000000000000000000000000081
:101F60000000000000000000000000000000000071
:101F70000000000000000000000000000000000061
:101F80000000000000000000000000000000000051
:101F90000000000000000000000000000000000041
:101FA0000000000000000000000000000000000031
:101FB0000000000000000000000000000000000021
:101FC0000000000000000000000000000000000011
:101FD0000000000000000000000000000000000001
:101FE00000000000000000000000000000000000F1
:101FF00000000000000000000000000000000000E1
:1020000000000000000000000000000000000000D0
:1020100000000000000000000000000000000000C0
:1020200000000000000000000000000000000000B0
:1020300000000000000000000000000000000000A0
:102040000000000000000000000000000000000090
:102050000000000000000000000000000000000080
:102060000000000000000000000000000000000070
:102070000000000000000000000000000000000060
:102080000000000000000000000000000000000050
:102090000000000000000000000000000000000040
:1020A0000000000000000000000000000000000030
:1020B0000000000000000000000000000000000020
:1020C0000000000000000000000000000000000010
:1020D0000000000000000000000000000000000000
:1020E00000000000000000000000000000000000F0
:1020F00000000000000000000000000000000000E0
:1021000000000000000000000000000000000000CF
:1021100000000000000000000000000000000000BF
:1021200000000000000000000000000000000000AF
:10213000000000000000000000000000000000009F
:10214000000000000000000000000000000000008F
:10215000000000000000000000000000000000007F
:10216000000000000000000000000000000000006F
:10217000000000000000000000000000000000005F
:10218000000000000000000000000000000000004F
:10219000000000000000000000000000000000003F
:1021A000000000000000000000000000000000002F
:1021B000000000000000000000000000000000001F
:1021C000000000000000000000000000000000000F
:1021D00000000000000000000000000000000000FF
:1021E00000000000000000000000000000000000EF
:1021F00000000000000000000000000000000000DF
:1022000000000000000000000000000000000000CE
:1022100000000000000000000000000000000000BE
:1022200000000000000000000000000000000000AE
:10223000000000000000000000000000000000009E
:10224000000000000000000000000000000000008E
:10225000000000000000000000000000000000007E
:10226000000000000000000000000000000000006E
:10227000000000000000000000000000000000005E
:10228000000000000000000000000000000000004E
:10229000000000000000000000000000000000003E
:1022A000000000000000000000000000000000002E
:1022B000000000000000000000000000000000001E
:1022C000000000000000000000000000000000000E
:1022D00000000000000000000000000000000000FE
:1022E00000000000000000000000000000000000EE
:1022F00000000000000000000000000000000000DE
:1023000000000000000000000000000000000000CD
:1023100000000000000000000000000000000000BD
:1023200000000000000000000000000000000000AD
:10233000000000000000000000000000000000009D
:10234000000000000000000000000000000000008D
:10235000000000000000000000000000000000007D
:10236000000000000000000000000000000000006D
:10237000000000000000000000000000000000005D
:10238000000000000000000000000000000000004D
:10239000000000000000000000000000000000003D
:1023A000000000000000000000000000000000002D
:1023B000000000000000000000000000000000001D
:1023C000000000000000000000000000000000000D
:1023D00000000000000000000000000000000000FD
:1023E00000000000000000000000000000000000ED
:1023F00000000000000000000000000000000000DD
:1024000000000000000000000000000000000000CC
:1024100000000000000000000000000000000000BC
:1024200000000000000000000000000000000000AC
:10243000000000000000000000000000000000009C
:10244000000000000000000000000000000000008C
:10245000000000000000000000000000000000007C
:10246000000000000000000000000000000000006C
:10247000000000000000000000000000000000005C
:10248000000000000000000000000000000000004C
:10249000000000000000000000000000000000003C
:1024A000000000000000000000000000000000002C
:1024B000000000000000000000000000000000001C
:1024C000000000000000000000000000000000000C
:1024D00000000000000000000000000000000000FC
:1024E00000000000000000000000000000000000EC
:1024F00000000000000000000000000000000000DC
:1025000000000000000000000000000000000000CB
:1025100000000000000000000000000000000000BB
:1025200000000000000000000000000000000000AB
:10253000000000000000000000000000000000009B
:10254000000000000000000000000000000000008B
:10255000000000000000000000000000000000007B
:10256000000000000000000000000000000000006B
:10257000000000000000000000000000000000005B
:10258000000000000000000000000000000000004B
:10259000000000000000000000000000000000003B
:1025A000000000000000000000000000000000002B
:1025B000000000000000000000000000000000001B
:1025C000000000000000000000000000000000000B
:1025D00000000000000000000000000000000000FB
:1025E00000000000000000000000000000000000EB
:1025F00000000000000000000000000000000000DB
:1026000000000000000000000000000000000000CA
:1026100000000000000000000000000000000000BA
:1026200000000000000000000000000000000000AA
:10263000000000000000000000000000000000009A
:10264000000000000000000000000000000000008A
:10265000000000000000000000000000000000007A
:10266000000000000000000000000000000000006A
:10267000000000000000000000000000000000005A
:10268000000000000000000000000000000000004A
:10269000000000000000000000000000000000003A
:1026A000000000000000000000000000000000002A
:1026B000000000000000000000000000000000001A
:1026C000000000000000000000000000000000000A
:1026D00000000000000000000000000000000000FA
:1026E00000000000000000000000000000000000EA
:1026F00000000000000000000000000000000000DA
:1027000000000000000000000000000000000000C9
:1027100000000000000000000000000000000000B9
:1027200000000000000000000000000000000000A9
:102730000000000000000000000000000000000099
:102740000000000000000000000000000000000089
:102750000000000000000000000000000000000079
:102760000000000000000000000000000000000069
:102770000000000000000000000000000000000059
:102780000000000000000000000000000000000049
:102790000000000000000000000000000000000039
:1027A0000000000000000000000000000000000029
:1027B0000000000000000000000000000000000019
:1027C0000000000000000000000000000000000009
:1027D00000000000000000000000000000000000F9
:1027E00000000000000000000000000000000000E9
:1027F00000000000000000000000000000000000D9
:1028000000000000000000000000000000000000C8
:1028100000000000000000000000000000000000B8
:1028200000000000000000000000000000000000A8
:102830000000000000000000000000000000000098
:102840000000000000000000000000000000000088
:102850000000000000000000000000000000000078
:102860000000000000000000000000000000000068
:102870000000000000000000000000000000000058
:102880000000000000000000000000000000000048
:102890000000000000000000000000000000000038
:1028A0000000000000000000000000000000000028
:1028B0000000000000000000000000000000000018
:1028C0000000000000000000000000000000000008
:1028D00000000000000000000000000000000000F8
:1028E00000000000000000000000000000000000E8
:1028F00000000000000000000000000000000000D8
:1029000000000000000000000000000000000000C7
:1029100000000000000000000000000000000000B7
:1029200000000000000000000000000000000000A7
:102930000000000000000000000000000000000097
:102940000000000000000000000000000000000087
:102950000000000000000000000000000000000077
:102960000000000000000000000000000000000067
:102970000000000000000000000000000000000057
:102980000000000000000000000000000000000047
:102990000000000000000000000000000000000037
:1029A0000000000000000000000000000000000027
:1029B0000000000000000000000000000000000017
:1029C0000000000000000000000000000000000007
:1029D00000000000000000000000000000000000F7
:1029E00000000000000000000000000000000000E7
:1029F00000000000000000000000000000000000D7
:102A000000000000000000000000000000000000C6
:102A100000000000000000000000000000000000B6
:102A200000000000000000000000000000000000A6
:102A30000000000000000000000000000000000096
:102A40000000000000000000000000000000000086
:102A50000000000000000000000000000000000076
:102A60000000000000000000000000000000000066
:102A70000000000000000000000000000000000056
:102A80000000000000000000000000000000000046
:102A90000000000000000000000000000000000036
:102AA0000000000000000000000000000000000026
:102AB0000000000000000000000000000000000016
:102AC0000000000000000000000000000000000006
:102AD00000000000000000000000000000000000F6
:102AE00000000000000000000000000000000000E6
:102AF00000000000000000000000000000000000D6
:102B000000000000000000000000000000000000C5
:102B100000000000000000000000000000000000B5
:102B200000000000000000000000000000000000A5
:102B30000000000000000000000000000000000095
:102B40000000000000000000000000000000000085
:102B50000000000000000000000000000000000075
:102B60000000000000000000000000000000000065
:102B70000000000000000000000000000000000055
:102B80000000000000000000000000000000000045
:102B90000000000000000000000000000000000035
:102BA0000000000000000000000000000000000025
:102BB0000000000000000000000000000000000015
:102BC0000000000000000000000000000000000005
:102BD00000000000000000000000000000000000F5
:102BE00000000000000000000000000000000000E5
:102BF00000000000000000000000000000000000D5
:102C000000000000000000000000000000000000C4
:102C100000000000000000000000000000000000B4
:102C200000000000000000000000000000000000A4
:102C30000000000000000000000000000000000094
:102C40000000000000000000000000000000000084
:102C50000000000000000000000000000000000074
:102C60000000000000000000000000000000000064
:102C70000000000000000000000000000000000054
:102C80000000000000000000000000000000000044
:102C90000000000000000000000000000000000034
:102CA0000000000000000000000000000000000024
:102CB0000000000000000000000000000000000014
:102CC0000000000000000000000000000000000004
:102CD00000000000000000000000000000000000F4
:102CE00000000000000000000000000000000000E4
:102CF00000000000000000000000000000000000D4
:102D000000000000000000000000000000000000C3
:102D100000000000000000000000000000000000B3
:102D200000000000000000000000000000000000A3
:102D30000000000000000000000000000000000093
:102D40000000000000000000000000000000000083
:102D50000000000000000000000000000000000073
:102D60000000000000000000000000000000000063
:102D70000000000000000000000000000000000053
:102D80000000000000000000000000000000000043
:102D90000000000000000000000000000000000033
:102DA0000000000000000000000000000000000023
:102DB0000000000000000000000000000000000013
:102DC0000000000000000000000000000000000003
:102DD00000000000000000000000000000000000F3
:102DE00000000000000000000000000000000000E3
:102DF00000000000000000000000000000000000D3
:102E000000000000000000000000000000000000C2
:102E100000000000000000000000000000000000B2
:102E200000000000000000000000000000000000A2
:102E30000000000000000000000000000000000092
:102E40000000000000000000000000000000000082
:102E50000000000000000000000000000000000072
:102E60000000000000000000000000000000000062
:102E70000000000000000000000000000000000052
:102E80000000000000000000000000000000000042
:102E90000000000000000000000000000000000032
:102EA0000000000000000000000000000000000022
:102EB0000000000000000000000000000000000012
:102EC0000000000000000000000000000000000002
:102ED00000000000000000000000000000000000F2
:102EE00000000000000000000000000000000000E2
:102EF00000000000000000000000000000000000D2
:102F000000000000000000000000000000000000C1
:102F100000000000000000000000000000000000B1
:102F200000000000000000000000000000000000A1
:102F30000000000000000000000000000000000091
:102F40000000000000000000000000000000000081
:102F50000000000000000000000000000000000071
:102F60000000000000000000000000000000000061
:102F70000000000000000000000000000000000051
:102F80000000000000000000000000000000000041
:102F90000000000000000000000000000000000031
:102FA0000000000000000000000000000000000021
:102FB0000000000000000000000000000000000011
:102FC0000000000000000000000000000000000001
:102FD00000000000000000000000000000000000F1
:102FE00000000000000000000000000000000000E1
:102FF00000000000000000000000000000000000D1
:1030000000000000000000000000000000000000C0
:1030100000000000000000000000000000000000B0
:1030200000000000000000000000000000000000A0
:103030000000000000000000000000000000000090
:103040000000000000000000000000000000000080
:103050000000000000000000000000000000000070
:103060000000000000000000000000000000000060
:103070000000000000000000000000000000000050
:103080000000000000000000000000000000000040
:103090000000000000000000000000000000000030
:1030A0000000000000000000000000000000000020
:1030B0000000000000000000000000000000000010
:1030C0000000000000000000000000000000000000
:1030D00000000000000000000000000000000000F0
:1030E00000000000000000000000000000000000E0
:1030F00000000000000000000000000000000000D0
:1031000000000000000000000000000000000000BF
:1031100000000000000000000000000000000000AF
:10312000000000000000000000000000000000009F
:10313000000000000000000000000000000000008F
:10314000000000000000000000000000000000007F
:10315000000000000000000000000000000000006F
:10316000000000000000000000000000000000005F
:10317000000000000000000000000000000000004F
:10318000000000000000000000000000000000003F
:10319000000000000000000000000000000000002F
:1031A000000000000000000000000000000000001F
:1031B000000000000000000000000000000000000F
:1031C00000000000000000000000000000000000FF
:1031D00000000000000000000000000000000000EF
:1031E00000000000000000000000000000000000DF
:1031F00000000000000000000000000000000000CF
:1032000000000000000000000000000000000000BE
:1032100000000000000000000000000000000000AE
:10322000000000000000000000000000000000009E
:10323000000000000000000000000000000000008E
:10324000000000000000000000000000000000007E
:10325000000000000000000000000000000000006E
:10326000000000000000000000000000000000005E
:10327000000000000000000000000000000000004E
:10328000000000000000000000000000000000003E
:10329000000000000000000000000000000000002E
:1032A000000000000000000000000000000000001E
:1032B000000000000000000000000000000000000E
:1032C00000000000000000000000000000000000FE
:1032D00000000000000000000000000000000000EE
:1032E00000000000000000000000000000000000DE
:1032F00000000000000000000000000000000000CE
:1033000000000000000000000000000000000000BD
:1033100000000000000000000000000000000000AD
:10332000000000000000000000000000000000009D
:10333000000000000000000000000000000000008D
:10334000000000000000000000000000000000007D
:10335000000000000000000000000000000000006D
:10336000000000000000000000000000000000005D
:10337000000000000000000000000000000000004D
:10338000000000000000000000000000000000003D
:10339000000000000000000000000000000000002D
:1033A000000000000000000000000000000000001D
:1033B000000000000000000000000000000000000D
:1033C00000000000000000000000000000000000FD
:1033D00000000000000000000000000000000000ED
:1033E00000000000000000000000000000000000DD
:1033F00000000000000000000000000000000000CD
:1034000000000000000000000000000000000000BC
:1034100000000000000000000000000000000000AC
:10342000000000000000000000000000000000009C
:10343000000000000000000000000000000000008C
:10344000000000000000000000000000000000007C
:10345000000000000000000000000000000000006C
:10346000000000000000000000000000000000005C
:10347000000000000000000000000000000000004C
:10348000000000000000000000000000000000003C
:10349000000000000000000000000000000000002C
:1034A000000000000000000000000000000000001C
:1034B000000000000000000000000000000000000C
:1034C00000000000000000000000000000000000FC
:1034D00000000000000000000000000000000000EC
:1034E00000000000000000000000000000000000DC
:1034F00000000000000000000000000000000000CC
:1035000000000000000000000000000000000000BB
:1035100000000000000000000000000000000000AB
:10352000000000000000000000000000000000009B
:10353000000000000000000000000000000000008B
:10354000000000000000000000000000000000007B
:10355000000000000000000000000000000000006B
:10356000000000000000000000000000000000005B
:10357000000000000000000000000000000000004B
:10358000000000000000000000000000000000003B
:10359000000000000000000000000000000000002B
:1035A000000000000000000000000000000000001B
:1035B000000000000000000000000000000000000B
:1035C00000000000000000000000000000000000FB
:1035D00000000000000000000000000000000000EB
:1035E00000000000000000000000000000000000DB
:1035F00000000000000000000000000000000000CB
:1036000000000000000000000000000000000000BA
:1036100000000000000000000000000000000000AA
:10362000000000000000000000000000000000009A
:10363000000000000000000000000000000000008A
:10364000000000000000000000000000000000007A
:10365000000000000000000000000000000000006A
:10366000000000000000000000000000000000005A
:10367000000000000000000000000000000000004A
:10368000000000000000000000000000000000003A
:10369000000000000000000000000000000000002A
:1036A000000000000000000000000000000000001A
:1036B000000000000000000000000000000000000A
:1036C00000000000000000000000000000000000FA
:1036D00000000000000000000000000000000000EA
:1036E00000000000000000000000000000000000DA
:1036F00000000000000000000000000000000000CA
:1037000000000000000000000000000000000000B9
:1037100000000000000000000000000000000000A9
:103720000000000000000000000000000000000099
:103730000000000000000000000000000000000089
:103740000000000000000000000000000000000079
:103750000000000000000000000000000000000069
:103760000000000000000000000000000000000059
:103770000000000000000000000000000000000049
:103780000000000000000000000000000000000039
:103790000000000000000000000000000000000029
:1037A0000000000000000000000000000000000019
:1037B0000000000000000000000000000000000009
:1037C00000000000000000000000000000000000F9
:1037D00000000000000000000000000000000000E9
:1037E00000000000000000000000000000000000D9
:1037F00000000000000000000000000000000000C9
:1038000000000000000000000000000000000000B8
:1038100000000000000000000000000000000000A8
:103820000000000000000000000000000000000098
:103830000000000000000000000000000000000088
:103840000000000000000000000000000000000078
:103850000000000000000000000000000000000068
:103860000000000000000000000000000000000058
:103870000000000000000000000000000000000048
:103880000000000000000000000000000000000038
:103890000000000000000000000000000000000028
:1038A0000000000000000000000000000000000018
:1038B0000000000000000000000000000000000008
:1038C00000000000000000000000000000000000F8
:1038D00000000000000000000000000000000000E8
:1038E00000000000000000000000000000000000D8
:1038F00000000000000000000000000000000000C8
:1039000000000000000000000000000000000000B7
:1039100000000000000000000000000000000000A7
:103920000000000000000000000000000000000097
:103930000000000000000000000000000000000087
:103940000000000000000000000000000000000077
:103950000000000000000000000000000000000067
:103960000000000000000000000000000000000057
:103970000000000000000000000000000000000047
:103980000000000000000000000000000000000037
:103990000000000000000000000000000000000027
:1039A0000000000000000000000000000000000017
:1039B0000000000000000000000000000000000007
:1039C00000000000000000000000000000000000F7
:1039D00000000000000000000000000000000000E7
:1039E00000000000000000000000000000000000D7
:1039F00000000000000000000000000000000000C7
:103A000000000000000000000000000000000000B6
:103A100000000000000000000000000000000000A6
:103A20000000000000000000000000000000000096
:103A30000000000000000000000000000000000086
:103A40000000000000000000000000000000000076
:103A50000000000000000000000000000000000066
:103A60000000000000000000000000000000000056
:103A70000000000000000000000000000000000046
:103A80000000000000000000000000000000000036
:103A90000000000000000000000000000000000026
:103AA0000000000000000000000000000000000016
:103AB0000000000000000000000000000000000006
:103AC00000000000000000000000000000000000F6
:103AD00000000000000000000000000000000000E6
:103AE00000000000000000000000000000000000D6
:103AF00000000000000000000000000000000000C6
:103B000000000000000000000000000000000000B5
:103B100000000000000000000000000000000000A5
:103B20000000000000000000000000000000000095
:103B30000000000000000000000000000000000085
:103B40000000000000000000000000000000000075
:103B50000000000000000000000000000000000065
:103B60000000000000000000000000000000000055
:103B70000000000000000000000000000000000045
:103B80000000000000000000000000000000000035
:103B90000000000000000000000000000000000025
:103BA0000000000000000000000000000000000015
:103BB0000000000000000000000000000000000005
:103BC00000000000000000000000000000000000F5
:103BD00000000000000000000000000000000000E5
:103BE00000000000000000000000000000000000D5
:103BF00000000000000000000000000000000000C5
:103C000000000000000000000000000000000000B4
:103C100000000000000000000000000000000000A4
:103C20000000000000000000000000000000000094
:103C30000000000000000000000000000000000084
:103C40000000000000000000000000000000000074
:103C50000000000000000000000000000000000064
:103C60000000000000000000000000000000000054
:103C70000000000000000000000000000000000044
:103C80000000000000000000000000000000000034
:103C90000000000000000000000000000000000024
:103CA0000000000000000000000000000000000014
:103CB0000000000000000000000000000000000004
:0400000508002E5170
:00000001FF
