:020000040800F2
:1000000000000220412E0008712B0008792B000807
:10001000812B0008892B0008912B000800000000AC
:1000200000000000000000000000000081EF010857
:10003000992B00080000000071F20108D9F20108B4
:10004000912E0008912E0008912E0008912E000894
:10005000912E0008912E0008912E0008912E000884
:10006000A72B0008912E0008912E0008B52B000840
:10007000912E0008912E0008912E0008912E000864
:10008000C92B0008912E0008912E0008912E00081F
:10009000912E0008912E0008912E0008912E000844
:1000A000912E0008912E0008912E0008912E000834
:1000B000912E0008912E0008912E0008912E000824
:1000C000912E0008912E0008912E0008912E000814
:1000D000912E0008912E0008912E0008DD2B0008BB
:1000E000912E0008F12B0008912E0008912E000897
:1000F000912E0008912E0008912E0008912E0008E4
:10010000912E0008052C0008912E0008192C0008DB
:100110002D2C0008912E0008912E0008412C00087B
:10012000912E0008912E0008912E0008552C0008F1
:10013000912E0008912E0008912E0008912E0008A3
:10014000912E0008912E0008912E0008912E000893
:10015000912E0008692C0008912E00087D2C0008C3
:10016000912E0008912E0008912E0008912E000873
:10017000912E0008912E0008912E0008000000002A
:08018000912E0008912E0008E9
:1001900010B5054C237833B9044B13B10448AFF3C1
:1001A00000800123237010BDD8040020000000004F
:1001B00098B0020808B5034B1BB103490348AFF3DD
:1001C000008008BD00000000DC04002098B0020898
:1001D00010F8012B11F8013B012A28BF9A42F7D0F1
:1001E000D01A7047034613F8012B002AFBD1181AC6
:1001F000013870470000000000000000000000000F
:1002000001F0FF01102A2BDB10F0070F08D010F8C7
:10021000013B013A8B422DD010F0070F42B3F6D1CB
:10022000F0B441EA012141EA014122F007047FF0E4
:1002300000070023F0E80256083C85EA010586EA3B
:10024000010685FA47F5A3FA87F586FA47F6A5FA77
:1002500087F68EB9EED1F0BC01F0FF0102F0070283
:1002600032B110F8013B013A83EA010313B1F8D12E
:100270000020704701387047002D06BF354603380F
:10028000073815F0010F07D1013015F4807F02BF48
:10029000013015F4C03F0130F0BC0138704700BF99
:1002A00081F0004102E000BF83F0004330B54FEA27
:1002B00041044FEA430594EA050F08BF90EA020F94
:1002C0001FBF54EA000C55EA020C7FEA645C7FEA27
:1002D000655C00F0E2804FEA5454D4EB5555B8BF4A
:1002E0006D420CDD2C4480EA020281EA030382EABB
:1002F000000083EA010180EA020281EA0303362D4D
:1003000088BF30BD11F0004F4FEA01314FF4801C1F
:100310004CEA113102D0404261EB410113F0004F31
:100320004FEA03334CEA133302D0524263EB4303E8
:1003300094EA050F00F0A780A4F10104D5F1200E86
:100340000DDB02FA0EFC22FA05F2801841F10001E1
:1003500003FA0EF2801843FA05F359410EE0A5F1B5
:1003600020050EF1200E012A03FA0EFC28BF4CF0E6
:10037000020C43FA05F3C01851EBE37101F000459C
:1003800007D54FF0000EDCF1000C7EEB00006EEBA9
:100390000101B1F5801F1BD3B1F5001F0CD3490833
:1003A0005FEA30004FEA3C0C04F101044FEA44528A
:1003B00012F5800F80F09A80BCF1004F08BF5FEA11
:1003C000500C50F1000041EB045141EA050130BDF1
:1003D0005FEA4C0C404141EB0101013C28BFB1F503
:1003E000801FE9D291F0000F04BF01460020B1FA4E
:1003F00081F308BF2033A3F10B03B3F120020CDA21
:100400000C3208DD02F1140CC2F10C0201FA0CF0FE
:1004100021FA02F10CE002F11402D8BFC2F1200C63
:1004200001FA02F120FA0CFCDCBF41EA0C01904019
:10043000E41AA2BF01EB0451294330BD6FEA040462
:100440001F3C1CDA0C340EDC04F11404C4F120024D
:1004500020FA04F001FA02F340EA030021FA04F35F
:1004600045EA030130BDC4F10C04C4F1200220FAB6
:1004700002F001FA04F340EA0300294630BD21FAF4
:1004800004F0294630BD94F0000F83F4801306BFBA
:1004900081F480110134013D4EE77FEA645C18BFAE
:1004A0007FEA655C29D094EA050F08BF90EA020F45
:1004B00005D054EA000C04BF1946104630BD91EA3D
:1004C000030F1EBF0021002030BD5FEA545C05D140
:1004D0004000494128BF41F0004130BD14F580047F
:1004E0003CBF01F5801130BD01F0004545F0FE41F3
:1004F00041F470014FF0000030BD7FEA645C1ABF28
:10050000194610467FEA655C1CBF0B46024650EA5E
:10051000013406BF52EA033591EA030F41F400218A
:1005200030BD00BF90F0000F04BF0021704730B510
:100530004FF4806404F132044FF000054FF00001E5
:1005400050E700BF90F0000F04BF0021704730B5A6
:100550004FF4806404F1320410F0004548BF40427B
:100560004FF000013EE700BF42004FEAE2014FEAD0
:1005700031014FEA02701FBF12F07F4393F07F4FAB
:1005800081F06051704732F07F4208BF704793F0AE
:100590007F4F04BF41F40021704730B54FF46074C1
:1005A00001F0004521F000411CE700BF50EA0102C4
:1005B00008BF704730B54FF000050AE050EA01026D
:1005C00008BF704730B511F0004502D5404261EBDD
:1005D00041014FF4806404F132045FEA915C3FF41E
:1005E000D8AE4FF003025FEADC0C18BF03325FEABB
:1005F000DC0C18BF033202EBDC02C2F1200300FA6C
:1006000003FC20FA02F001FA03FE40EA0E0021FA90
:1006100002F11444BDE600BF70B54FF0FF0C4CF47E
:10062000E06C1CEA11541DBF1CEA135594EA0C0F30
:1006300095EA0C0F00F0DEF82C4481EA030621EA6B
:100640004C5123EA4C5350EA013518BF52EA0335A6
:1006500041F4801143F4801338D0A0FB02CE4FF058
:100660000005E1FB02E506F00042E0FB03E54FF088
:100670000006E1FB03569CF0000F18BF4EF0010E80
:10068000A4F1FF04B6F5007F64F5407404D25FEA7C
:100690004E0E6D4146EB060642EAC62141EA55512F
:1006A0004FEAC52040EA5E504FEACE2EB4F1FD0C71
:1006B00088BFBCF5E06F1ED8BEF1004F08BF5FEAEF
:1006C000500E50F1000041EB045170BD06F00046A1
:1006D00046EA010140EA020081EA0301B4EB5C044E
:1006E000C2BFD4EB0C0541EA045170BD41F4801146
:1006F0004FF0000E013C00F3AB8014F1360FDEBF6B
:10070000002001F0004170BDC4F10004203C35DA46
:100710000C341BDC04F11404C4F1200500FA05F3C9
:1007200020FA04F001FA05F240EA020001F000426A
:1007300021F0004110EBD37021FA04F642EB0601E0
:100740005EEA430E08BF20EAD37070BDC4F10C040A
:10075000C4F1200500FA04F320FA05F001FA04F2CE
:1007600040EA020001F0004110EBD37041F10001BA
:100770005EEA430E08BF20EAD37070BDC4F12005C5
:1007800000FA05F24EEA020E20FA04F301FA05F22D
:1007900043EA020321FA04F001F0004121FA04F2D5
:1007A00020EA020000EBD3705EEA430E08BF20EAA5
:1007B000D37070BD94F0000F0FD101F000464000DF
:1007C00041EB010111F4801F08BF013CF7D041EA61
:1007D000060195F0000F18BF704703F00046520065
:1007E00043EB030313F4801F08BF013DF7D043EA36
:1007F0000603704794EA0C0F0CEA135518BF95EAEC
:100800000C0F0CD050EA410618BF52EA4306D1D172
:1008100081EA030101F000414FF0000070BD50EA91
:10082000410606BF1046194652EA430619D094EA1B
:100830000C0F02D150EA013613D195EA0C0F05D105
:1008400052EA03361CBF104619460AD181EA030159
:1008500001F0004141F0FE4141F470014FF0000011
:1008600070BD41F0FE4141F4780170BD70B54FF0AC
:10087000FF0C4CF4E06C1CEA11541DBF1CEA13552C
:1008800094EA0C0F95EA0C0F00F0A7F8A4EB05040E
:1008900081EA030E52EA03354FEA013100F0888005
:1008A0004FEA03334FF0805545EA131343EA1263CE
:1008B0004FEA022245EA111545EA10654FEA002683
:1008C0000EF000419D4208BF964244F1FD0404F53C
:1008D000407402D25B084FEA3202B61A65EB030598
:1008E0005B084FEA32024FF480104FF4002CB6EB55
:1008F000020E75EB030E22BFB61A754640EA0C00D5
:100900005B084FEA3202B6EB020E75EB030E22BF14
:10091000B61A754640EA5C005B084FEA3202B6EB55
:10092000020E75EB030E22BFB61A754640EA9C0014
:100930005B084FEA3202B6EB020E75EB030E22BFE4
:10094000B61A754640EADC0055EA060E18D04FEAA2
:10095000051545EA16754FEA06164FEAC30343EA42
:1009600052734FEAC2025FEA1C1CC0D111F4801F0F
:100970000BD141EA00014FF000004FF0004CB6E708
:1009800011F4801F04BF01430020B4F1FD0C88BFA7
:10099000BCF5E06F3FF6AFAEB5EB030C04BFB6EBB2
:1009A000020C5FEA500C50F1000041EB045170BDA5
:1009B0000EF0004E4EEA113114EB5C04C2BFD4EBD2
:1009C0000C0541EA045170BD41F480114FF0000E56
:1009D000013C90E645EA060E8DE60CEA135594EAD2
:1009E0000C0F08BF95EA0C0F3FF43BAF94EA0C0FD5
:1009F0000AD150EA01347FF434AF95EA0C0F7FF44A
:100A000025AF104619462CE795EA0C0F06D152EA9D
:100A100003353FF4FDAE1046194622E750EA410681
:100A200018BF52EA43067FF4C5AE50EA41047FF492
:100A30000DAF52EA43057FF4EBAE12E74FF0FF3CF7
:100A400006E000BF4FF0010C02E000BF4FF0010CC8
:100A50004DF804CD4FEA410C7FEA6C5C4FEA430C41
:100A600018BF7FEA6C5C1BD001B050EA410C0CBF90
:100A700052EA430C91EA030F02BF90EA020F0020F2
:100A8000704710F1000F91EA030F58BF994208BF59
:100A900090422CBFD8176FEAE37040F00100704716
:100AA0004FEA410C7FEA6C5C02D150EA013C07D16D
:100AB0004FEA430C7FEA6C5CD6D152EA033CD3D0B8
:100AC0005DF8040B704700BF8446104662468C46B2
:100AD0001946634600E000BF01B5FFF7B7FF0028E5
:100AE00048BF10F1000F01BD4DF808EDFFF7F4FF0E
:100AF0000CBF012000205DF808FB00BF4DF808ED99
:100B0000FFF7EAFF34BF012000205DF808FB00BFBB
:100B10004DF808EDFFF7E0FF94BF012000205DF8DD
:100B200008FB00BF4DF808EDFFF7CEFF94BF012092
:100B300000205DF808FB00BF4DF808EDFFF7C4FF8B
:100B400034BF012000205DF808FB00BF4FEA410CD4
:100B50007FEA6C5C02D150EA013C0AD14FEA430CB7
:100B60007FEA6C5C02D152EA033C02D14FF00000F4
:100B700070474FF0010070474FEA410212F5001232
:100B800015D211D56FF47873B3EB625212D94FEAD4
:100B9000C12343F0004343EA505311F0004F23FABE
:100BA00002F018BF404270474FF00000704750EA13
:100BB000013005D111F0004008BF6FF000407047D0
:100BC0004FF00000704700BF4A0011D212F500122A
:100BD00011D20DD56FF47873B3EB62520ED44FEA95
:100BE000C12343F0004343EA505323FA02F0704715
:100BF0004FF00000704750EA013002D14FF0FF3053
:100C000070474FF0000070474FEA4102B2F1E043F5
:100C100024BFB3F5001CDCF1FE5C0DD901F0004CE3
:100C20004FEAC0024CEA5070B2F1004F40EB830033
:100C300008BF20F00100704711F0804F21D113F15F
:100C40003872BCBF01F00040704741F480114FEA98
:100C50005252C2F11802C2F1200C10FA0CF320FA21
:100C600002F018BF40F001004FEAC1234FEAD3233E
:100C700003FA0CFC40EA0C0023FA02F34FEA4303A8
:100C8000CCE77FEA625307D150EA01331EBF4FF031
:100C9000FE4040F44000704701F0004040F0FE404C
:100CA00040F40000704700BF7BB972B90029BEBF95
:100CB00000204FF0004106E008BF00281CBF6FF085
:100CC00000414FF0FF3000F009BAADF1080C6DE9BA
:100CD00004CE002909DB002B1ADB00F083F8DDF8D5
:100CE00004E0DDE9022304B07047404261EB4101BA
:100CF000002B1BDB00F076F8DDF804E0DDE90223D1
:100D000004B0404261EB4101524263EB4303704740
:100D1000524263EB430300F065F8DDF804E0DDE9DF
:100D2000022304B0404261EB41017047524263EB41
:100D3000430300F057F8DDF804E0DDE9022304B0D6
:100D4000524263EB4303704753B94AB9002908BFC5
:100D500000281CBF4FF0FF314FF0FF3000F0BEB94C
:100D6000ADF1080C6DE904CE00F03CF8DDF804E0CC
:100D7000DDE9022304B0704738B5002200230446A1
:100D80000D46FFF7BBFE28B920462946BDE838408E
:100D900000F00AB8204605F1004100F005F8404295
:100DA00061EB410138BD00BFD0B50C4B00220646B7
:100DB0000F46FFF731FCFFF707FF0446FFF7B2FBD2
:100DC000074B0022FFF728FC02460B463046394607
:100DD000FFF76AFAFFF7F8FE2146D0BD0000F03DAC
:100DE0000000F0412DE9F047089D8E4604468846F4
:100DF000002B4AD18A42174662D9B2FA82F64EB126
:100E0000C6F1200301FA06F820FA03F3B74043EADB
:100E10000808B4404FEA174E1FFA87FCB8FBFEF1F2
:100E2000230C0EFB118843EA084301FB0CF29A42A3
:100E300009D9FB1801F1FF3080F0EA809A4240F2B4
:100E4000E78002393B449A1AA3B2B2FBFEF00EFBD4
:100E5000102243EA024300FB0CFC9C4509D9FB1815
:100E600000F1FF3280F0D6809C4540F2D3803B44B5
:100E7000023840EA0140A3EB0C0300211DB1F3400E
:100E80000022C5E90032BDE8F0878B4205D90DB1DB
:100E9000C5E9000100210846F5E7B3FA83F100290E
:100EA00046D1734502D3824200F20581841A6EEB6B
:100EB000030201209046002DE5D0C5E90048E2E795
:100EC000002A00F09080B2FA82F6002E40F0A48052
:100ED0008A1A030C4FEA174E80B2BCB20121B2FB52
:100EE000FEFC0EFB1C2243EA024304FB0CF29A4276
:100EF00007D9FB180CF1FF3802D29A4200F2E080C9
:100F0000C4469B1AB3FBFEF20EFB123340EA0343C6
:100F100002FB04F49C4207D9FB1802F1FF3002D215
:100F20009C4200F2CA8002461B1B42EA0C40A5E725
:100F3000C1F120068B4022FA06F71F430EFA01F496
:100F400020FA06F32EFA06FE4FEA1749234300FA69
:100F500001F81FFA87FCBEFBF9F01C0C09FB10EE30
:100F600044EA0E4400FB0CFEA64502FA01F209D940
:100F70003C1900F1FF3A80F09C80A64540F2998030
:100F800002383C44A4EB0E041FFA83FEB4FBF9F3D1
:100F900009FB13444EEA044403FB0CFCA44508D9A6
:100FA0003C1903F1FF3E80F08280A4457FD9023BCB
:100FB0003C4443EA0040A4EB0C04A0FB02EC644573
:100FC0007346E14662D35FD05DB1B8EB030264EBD8
:100FD000090404FA06F622FA01F31E43CC40C5E9DF
:100FE000006400214FE7B1FBF2FC010C41EA0E4125
:100FF00080B240EA01423B4638463C46B846BE46CF
:101000002026B1FBF7F1A2EB080241EA0C4166E7AA
:10101000014618E710462CE7C6F120022EFA02F32B
:10102000B740B14020FA02F24FEA174E0A43B3FB31
:10103000FEF8BCB20EFB1833110C41EA034108FB69
:1010400004F9B04089454FEA104380B23ED979187F
:1010500008F1FF3C01D289451FD8A1EB0901B1FB82
:10106000FEF909FB04F80EFB191192B242EA0142A3
:10107000424529D2BA1809F1FF31C4D24245C2D241
:10108000A9F102013A44BEE7F0459DD2BEEB02034E
:101090006CEB070C0138E14696E7A7EB09094944D8
:1010A000A8F1020CB1FBFEF909FB04F8DBE773467B
:1010B0007FE7504666E70846FDE63B44023A33E7E1
:1010C000ACF1020C3B441CE749469CE7A1EB09014B
:1010D000C446B1FBFEF909FB04F8C4E7704700BF42
:1010E00080B584B004AF11F075FA00F0A5F900F0F6
:1010F0005FFC00F017FC00F03FFD00F01BFA00F071
:1011000047FA00F073FA00F035FB00F055FB00F0F1
:1011100089FB00F0DDFB1AF065F900F095FA00F0AC
:10112000ABFB00F0F3F902F009FD0346012219467A
:10113000844818F0C4FB02F0F7FC0346012219466C
:10114000814818F0BCFB41F2883000F0F1FD08F056
:10115000F9F87E4B93F82F30012B18D1CE227C4921
:101160007A4802F0EAFD7A4B5B78F02B0FD1784B8E
:101170009B78052B0BD1774808F0F0FE744B1B7A57
:10118000012B0CBF01230023DAB2734B1A70724B90
:101190001B7883F00103DBB2002B03D00021002079
:1011A00002F064FC00F06EFF06F0C6FD6B4B1B788E
:1011B00042F6D07219466A4826F0FDFB64220021EF
:1011C000684826F0F8FB64220021674826F0F3FB0C
:1011D000664B0293664B01930323009300234FF465
:1011E0004072644964481BF0ECFC0346634A136098
:1011F000634B0293634B01930323009300234FF44B
:101200004072614961481BF0DCFC0346604A136090
:10121000604B0293604B01930323009300234FF430
:1012200040725E495E481BF0CCFC03465D4A136089
:101230005D4B02935D4B01930323009300234FF416
:10124000A0625B495B481BF0BCFC03465A4A136032
:101250005A4B02935A4B01930323009300234FF4FC
:101260004072584958481BF0ACFC0346574A13607B
:10127000574B0293574B01930323009300234FF4E2
:101280004072554955481BF09CFC0346544A136074
:10129000544B01930123009300234FF4A062524961
:1012A00052481BF0F2FC524B01930223009300239F
:1012B00040F6B8424F4950481BF0E7FC4F4B0193B2
:1012C0000223009300234FF410624D494D481BF058
:1012D000DCFC4D4B01930223009300234FF400727A
:1012E0004A494B481BF0D1FC4A4B0193022300931F
:1012F00000234FF44072484948481BF0C6FC484B55
:1013000001930223009300234FF40072454946489D
:101310001BF0BBFC454B01930123009300234FF4CA
:10132000A062434943481BF0B0FC04F0BBFF274BCD
:101330001B68184608F052F808F0B2FC1BF098FE43
:1013400000BFFDE7BC0800207408002098160020AC
:10135000081600200B160020750200208A020020CB
:10136000007D006484170020E8170020A010001002
:10137000A0040010B0B0020891A90008802200204B
:10138000401D001040110010B8B00208C9890008C3
:10139000001A0020E0290010E01D0010C4B002086F
:1013A000A1560008D8160020803E0010802A0010A8
:1013B000D0B00208D9E30008182A0020204B001002
:1013C000203F0010D8B0020839D60008B022002013
:1013D000C0570010C04B0010E0B002083D9200085A
:1013E0004C1C0020DC1C0020ECB002083D970008DB
:1013F000D01C0020F4B0020889950008D41C0020FD
:10140000FCB00208FD9300084422002004B1020849
:10141000B9A200084822002008B1020879A40008F7
:10142000402200200CB10208A9A00008D81C00200E
:1014300014B102088D58000880B594B000AF07F1D0
:10144000200330220021184626F0B5FA07F10C03DC
:1014500000221A605A609A60DA601A610023BB6049
:10146000284B1B6C274A43F080531364254B1B6C9D
:1014700003F08053BB60BB6800237B60224B1B687A
:10148000214A43F4804313601F4B1B6803F48043DD
:101490007B607B680A233B620123FB6210233B6372
:1014A00001237B630223BB630023FB6308233B64AC
:1014B00054237B640223BB640423FB6407F12003F1
:1014C000184614F0EBF80346002B01D000F048FE5C
:1014D0000F23FB6002233B6180237B610023BB6100
:1014E0000023FB6107F10C030121184614F04EFBA9
:1014F0000346002B01D000F033FE00BF5037BD463D
:1015000080BD00BF003802400070004080B500AFD1
:10151000064B074A1A60054811F0A6F90346002B4E
:1015200001D000F01DFE00BF80BD00BFF40400200C
:101530000030024080B500AF124B134A1A60114BC5
:10154000124A5A600F4B00229A600E4B0022DA605A
:101550000C4B4FF480421A610A4B00225A61094B2E
:1015600000229A61074B0022DA61064B00221A62C0
:10157000044812F0EFFB0346002B01D000F0F0FD11
:1015800000BF80BDFC04002000540040A086010084
:1015900080B500AF124B134A1A60114B124A5A60C1
:1015A0000F4B00229A600E4B0022DA600C4B4FF476
:1015B00080421A610A4B00225A61094B00229A614B
:1015C000074B0022DA61064B00221A62044812F02F
:1015D000C1FB0346002B01D000F0C2FD00BF80BD5F
:1015E0005005002000580040A086010080B500AFE3
:1015F000124B134A1A60114B124A5A600F4B0022C9
:101600009A600E4B0022DA600C4B4FF480421A6154
:101610000A4B00225A61094B00229A61074B0022B3
:10162000DA61064B00221A62044812F093FB03466B
:10163000002B01D000F094FD00BF80BDA405002068
:10164000005C0040A086010080B590B000AF07F1BB
:101650002C0300221A605A609A60DA601A61002333
:10166000BB623B4628220021184626F0A4F93F4BD6
:101670003F4A1A603D4B00225A603C4B7F229A60E1
:101680003A4BFF22DA60394B00221A61374B0022B5
:101690005A61364B00229A61344814F06BFD0346C0
:1016A000002B01D000F05CFD002387F82C300023D4
:1016B00087F82D30002387F82E300023BB630023EA
:1016C000FB6307F12C0301221946284814F0D5FDCD
:1016D0000346002B01D000F043FD022387F8283099
:1016E000042387F82930282387F82A30252387F810
:1016F0002B3007F12803012219461C4814F0B5FECF
:101700000346002B01D000F02BFD00233B7001238A
:101710007B700023BB7000237B600023FB600023F1
:101720003B614FF000437B610023BB610023FB6101
:10173000012387F820304FF480737B623B460122FF
:1017400019460A4814F064FF0346002B01D000F04C
:1017500007FD00220521292011F04EF8292011F063
:1017600067F800BF4037BD4680BD00BFF8050020C8
:101770000028004080B400AF0D4B0E4A1A600C4B9D
:1017800000225A600A4B00229A60094B0022DA605C
:10179000074B00221A61064B4FF480425A61044BFA
:1017A00004229A6100BFBD465DF8047B704700BF0C
:1017B00018060020002C014080B500AF174B184AD6
:1017C0001A60164B4FF482725A60144B00229A60D2
:1017D000124B0022DA60114B00221A610F4B0022DB
:1017E0005A610E4B4FF400729A610C4B1022DA6171
:1017F0000A4B00221A62094B00225A62074B002250
:101800009A62064B0A22DA62044816F0BCFB0346D1
:10181000002B01D000F0A4FC00BF80BD5C070020BD
:10182000003C004080B500AF114B124A1A60104BCB
:101830004FF416525A600E4B00229A600C4B002255
:10184000DA600B4B00221A61094B0C225A61084BDB
:1018500000229A61064B0022DA61054817F054FF16
:101860000346002B01D000F07BFC00BF80BD00BF11
:1018700074080020004C004080B500AF124B134AA2
:101880001A60114B4FF4E1325A600F4B4FF4805203
:101890009A600D4B0022DA600B4B4FF480621A61A4
:1018A000094B0C225A61084B00229A61064B002218
:1018B000DA61054817F028FF0346002B01D000F03D
:1018C0004FFC00BF80BD00BFBC08002000480040A6
:1018D00080B500AF114B124A1A60104B4FF4E13241
:1018E0005A600E4B00229A600C4B0022DA600B4BC0
:1018F00000221A61094B0C225A61084B00229A619E
:10190000064B0022DA61054817F0FEFE0346002B65
:1019100001D000F025FC00BF80BD00BF04090020FD
:101920000014014080B582B000AF00237B601F4BE4
:101930001B6B1E4A43F4800313631C4B1B6B03F4A5
:1019400080037B607B6800233B60184B1B6B174A4E
:1019500043F400131363154B1B6B03F400133B603C
:101960003B68002205210B2010F046FF0B2010F0F1
:101970005FFF00220521102010F03EFF102010F024
:1019800057FF002205213B2010F036FF3B2010F0CE
:101990004FFF00220521452010F02EFF452010F0BA
:1019A00047FF00BF0837BD4680BD00BF003802407A
:1019B00080B58EB000AF07F1240300221A605A6090
:1019C0009A60DA601A6100233B62664B1B6B654AC2
:1019D00043F004031363634B1B6B03F004033B628C
:1019E0003B6A0023FB615F4B1B6B5E4A43F02003A5
:1019F00013635C4B1B6B03F02003FB61FB6900234B
:101A0000BB61584B1B6B574A43F080031363554B24
:101A10001B6B03F08003BB61BB6900237B61514BEF
:101A20001B6B504A43F0010313634E4B1B6B03F0D7
:101A300001037B617B6900233B614A4B1B6B494A75
:101A400043F002031363474B1B6B03F002033B613C
:101A50003B690023FB60434B1B6B424A43F040034E
:101A60001363404B1B6B03F04003FB60FB680023D8
:101A7000BB603C4B1B6B3B4A43F010031363394B79
:101A80001B6B03F01003BB60BB6800237B60354B0E
:101A90001B6B344A43F008031363324B1B6B03F098
:101AA00008037B607B68002242F230212E4812F04E
:101AB00013F900224FF440412C4812F00DF942F284
:101AC00030237B620123BB620023FB6200233B6364
:101AD00007F124031946244811F04EFE04237B62CB
:101AE0004FF48813BB620023FB6207F124031946FD
:101AF0001F4811F041FE4FF400737B624FF48813CE
:101B0000BB620023FB6207F124031946174811F05A
:101B100033FE4FF480737B620023BB620023FB62C1
:101B200007F124031946134811F026FE4FF44043F1
:101B30007B620123BB620023FB6200233B6307F14E
:101B400024031946094811F017FE0022002108203D
:101B500010F052FE082010F06BFE00BF3837BD4673
:101B600080BD00BF0038024000080240001C024057
:101B7000000402400018024080B588B000AF3B1D51
:101B800000221A605A609A60DA601A615A619A619A
:101B90004C4B4FF020421A604A4B4B4A5A60494B1B
:101BA00000229A60474B0022DA60464B00221A61FD
:101BB000444B10225A61434B00229A61414B002250
:101BC000DA61404B00221A623E4B00225A623D4BC2
:101BD0004FF480529A623B4B0022DA62394B00226A
:101BE0001A63384B00225A63364B00229A63354BF6
:101BF00000225A640F237B600F23BB60FF23FB602E
:101C00000F233B6110237B611123BB610023FB6128
:101C10003B1D002219462B4817F08CFA0346002B77
:101C200001D000F09DFA294B4FF020421A60274B5B
:101C3000254A5A60254B02229A60244B0022DA6022
:101C4000224B00221A61214B10225A611F4B0022A5
:101C50009A611E4B0022DA611C4B00221A621B4B58
:101C600000225A62194B4FF480529A62174B00229D
:101C7000DA62164B00221A63144B00225A63134B8C
:101C800000229A63114B00225A640F237B600F23BA
:101C9000BB60FF23FB600F233B6110237B6111239B
:101CA000BB610023FB613B1D00221946074817F06A
:101CB00041FA0346002B01D000F052FA00BF203752
:101CC000BD4680BD4C090020040100A09C090020F5
:101CD00080B485B000AF78607B681B68064A934289
:101CE00003D17B685B6DFB6000BF00BF1437BD464E
:101CF0005DF8047B704700BF003C004080B582B0B7
:101D000000AF1CF015F80346012B09D0EFF3058353
:101D10007B607B68002B03D11BF00EFB034601E0C8
:101D2000024B1B6818460837BD4680BD282A002094
:101D30002DE9B04F86B000AF78601BF0F9FF034685
:101D4000012B42D0EFF30583FB60FB68002B3CD1F5
:101D50007B6800229846914642464B464FF0000071
:101D60004FF00001590141EAD261500102460B4691
:101D7000B2EB080463EB09054FF000024FF00003DB
:101D8000AB0043EA9473A20014461D4614EB080A04
:101D900045EB090B4FF000024FF000034FEACB0375
:101DA00043EA5A734FEACA0292469B465046594646
:101DB0004FF47A724FF00003FEF7C6FF02460B465F
:101DC000134618461BF0B6F818E0FFF797FF386186
:101DD0007B687B617B69B3F1FF3F05D00A4B1B78C1
:101DE0001A467B6913447B6100BFFFF787FF0246F9
:101DF0003B69D31A7A699A42F7D800BF00BF1837F7
:101E0000BD46BDE8B08F00BFA802002080B582B0FB
:101E100000AF00237B600B4B1B683A1D1146184630
:101E20001AF018FA7B68002B07D0074B4FF080524E
:101E30001A60BFF34F8FBFF36F8F00BF0837BD46E7
:101E400080BD00BF0422002004ED00E080B582B018
:101E500000AF00237B600B4B1B683A1D11461846F0
:101E60001AF0F8F97B68002B07D0074B4FF080522F
:101E70001A60BFF34F8FBFF36F8F00BF0837BD46A7
:101E800080BD00BF0022002004ED00E080B584B0DA
:101E900000AF78600023FB607B681B680C4A9342AC
:101EA00012D10C4B1B6807F10C02114618461AF0B0
:101EB000D1F9FB68002B07D0074B4FF080521A6016
:101EC000BFF34F8FBFF36F8F00BF1037BD4680BD8C
:101ED000003C00400822002004ED00E080B584B002
:101EE00000AF78600023BB607B681B68544A934254
:101EF0002BD101F023FE03461B78FB73514B1B686B
:101F0000002B14D04F4B186807F1080207F10F019E
:101F100000231AF0E9F8BB68002B0DD04A4B4FF0B4
:101F200080521A60BFF34F8FBFF36F8F04E0FB7BCB
:101F30001946464801F00CFE01F000FE034601225E
:101F40001946434817F0BBFC5AE07B681B68414ABE
:101F500093422BD101F0E8FD03461B78FB733E4B07
:101F60001B68002B14D03C4B186807F1080207F1DE
:101F70000F0100231AF0B8F8BB68002B0DD0324BCC
:101F80004FF080521A60BFF34F8FBFF36F8F04E0A2
:101F9000FB7B19462D4801F0DBFD01F0C5FD034632
:101FA000012219462D4817F08AFC29E07B681B683E
:101FB0002B4A934224D105F0DFFE03461B78FB73C6
:101FC000254B1B68002B13D0264B186807F108021D
:101FD00007F10F0100231AF087F8BB68002B07D028
:101FE000194B4FF080521A60BFF34F8FBFF36F8FC2
:101FF00005F0C2FE0346012219461B4817F05FFC9C
:102000001BF096FE0346012B16D0184B1B68002BC5
:1020100012D0164B1B6807F10802002118461CF06D
:102020000DFBBB68002B07D0074B4FF080521A60A6
:10203000BFF34F8FBFF36F8F00BF1037BD4680BD1A
:1020400000480040501C002004ED00E098160020DD
:10205000BC080020004C0040541C002074080020E4
:1020600000140140581C002004090020182A0020F8
:1020700080B483B000AF786000BF0C37BD465DF818
:10208000047B704780B400AF114B1B68104A23F4E7
:10209000405313600E4B1B680D4A43F4805313608A
:1020A0000B4B5B680A4A23F040035360084B9B6864
:1020B000074A23F440539360054BDB68044A23F43A
:1020C0004053D36000BFBD465DF8047B704700BF3E
:1020D0000008024080B485B000AFF860B9607A6053
:1020E000FB68074A1A60BB68064A1A607B684FF4AF
:1020F00080721A6000BF1437BD465DF8047B7047DC
:10210000EC0900208C0A002080B485B000AFF86094
:10211000B9607A60FB68074A1A60BB68064A1A60B1
:102120007B684FF4C0721A6000BF1437BD465DF87B
:10213000047B70478C0E00202C0F002080B582B0ED
:1021400000AF78607B681B68044A934201D110F0AD
:1021500063FA00BF0837BD4680BD00BF00140040D1
:1021600080B400AF72B600BF00BFFDE780B483B09B
:1021700000AF00237B60104B5B6C0F4A43F480433D
:1021800053640D4B5B6C03F480437B607B680023DE
:102190003B60094B1B6C084A43F080531364064BA9
:1021A0001B6C03F080533B603B6800BF0C37BD469F
:1021B0005DF8047B704700BF0038024080B485B0F2
:1021C00000AF78607B681B680B4A93420DD10023F7
:1021D000FB600A4B1B6B094A43F480531363074BA4
:1021E0001B6B03F48053FB60FB6800BF1437BD46D4
:1021F0005DF8047B704700BF0030024000380240A9
:1022000080B58EB000AF786007F1240300221A6019
:102210005A609A60DA601A617B681B684B4A934285
:102220002CD100233B624A4B1B6B494A43F002030B
:102230001363474B1B6B03F002033B623B6AC023F3
:102240007B621223BB620023FB6203233B630423F4
:102250007B6307F1240319463E4811F08DFA0023F1
:10226000FB613B4B1B6C3A4A43F400131364384B3D
:102270001B6C03F40013FB61FB6963E07B681B6864
:10228000354A93422CD10023BB61314B1B6B304A42
:1022900043F0800313632E4B1B6B03F08003BB6181
:1022A000BB6930237B621223BB620023FB620323E2
:1022B0003B6304237B6307F124031946274811F08D
:1022C0005BFA00237B61224B1B6C214A43F48003A1
:1022D00013641F4B1B6C03F480037B617B6931E04B
:1022E0007B681B681E4A93422CD100233B61184B2C
:1022F0001B6B174A43F080031363154B1B6B03F0F2
:1023000080033B613B694FF4C0737B621223BB6265
:102310000023FB6203233B6304237B6307F1240355
:1023200019460E4811F028FA0023FB60084B1B6C7D
:10233000074A43F400031364054B1B6C03F40003CA
:10234000FB60FB6800BF3837BD4680BD00540040CD
:10235000003802400004024000580040001C0240C7
:10236000005C004080B586B000AF786007F10803DC
:1023700000221A605A609A60DA607B681B68104A13
:10238000934219D10223BB604FF400737B6107F1C4
:102390000803184613F00CFE0346002B01D0FFF78C
:1023A000DFFE084B01221A6000220521292010F0CF
:1023B00023FA292010F03CFA00BF1837BD4680BD33
:1023C000002800403C0E474280B58AB000AF7860DC
:1023D00007F1140300221A605A609A60DA601A61E9
:1023E0007B681B68764A934240F0E68000233B619D
:1023F000744B5B6C734A43F400635364714B5B6CC6
:1024000003F400633B613B690023FB606D4B1B6B76
:102410006C4A43F0040313636A4B1B6B03F0040321
:10242000FB60FB680023BB60664B1B6B654A43F097
:1024300008031363634B1B6B03F00803BB60BB68AB
:102440004FF480737B610223BB610123FB61032393
:102450003B620C237B6207F1140319465A4811F0C2
:102460008BF94FF480537B610223BB610023FB6136
:1024700003233B620C237B6207F114031946524885
:1024800011F07AF904237B610223BB610123FB6114
:1024900003233B620C237B6207F1140319464B486C
:1024A00011F06AF94A4B4B4A1A60494B4FF00062EF
:1024B0005A60474B00229A60454B0022DA60444B39
:1024C0004FF480621A61424B4FF480525A61404B84
:1024D0004FF480429A613E4B2022DA613C4B00224D
:1024E0001A623B4B04225A62394B03229A62384BE0
:1024F0000022DA62364B00221A63354810F004FAE3
:102500000346002B01D0FFF72BFE7B68304A1A648C
:102510002F4A7B689363304B304A1A602E4B4FF042
:1025200000625A602C4B40229A602B4B0022DA60EA
:10253000294B4FF480621A61274B4FF480525A6145
:10254000254B4FF480429A61234B2022DA61224BC3
:1025500000221A62204B04225A621F4B03229A6205
:102560001D4B0022DA621C4B00221A631A4810F03D
:10257000CBF90346002B01D0FFF7F2FD7B68164A2A
:10258000DA63154A7B68936300220521312010F03D
:1025900033F9312010F04CF9002205213B2010F0D6
:1025A0002BF93B2010F044F900220521452010F0C2
:1025B00023F9452010F03CF900BF2837BD4680BD07
:1025C000002C01400038024000080240000C02408C
:1025D0009C06002058640240FC060020A0640240D3
:1025E00080B582B000AF78607B681B68114A934267
:1025F0001BD1114B5B6C104A23F4006353644FF4FE
:1026000088510E4811F054FA04210D4811F050FA87
:102610007B681B6C184610F025FA7B68DB6B18464C
:1026200010F020FA312010F011F900BF0837BD4634
:1026300080BD00BF002C014000380240000802406D
:10264000000C024080B58AB000AF786007F1140337
:1026500000221A605A609A60DA601A617B681B680F
:102660005A4A934240F0AD8000233B61584B1B6CAB
:10267000574A43F400431364554B1B6C03F4004367
:102680003B613B690023FB60514B1B6B504A43F09D
:10269000040313634E4B1B6B03F00403FB60FB68E6
:1026A0000023BB604A4B1B6B494A43F00203136390
:1026B000474B1B6B03F00203BB60BB684FF44063E6
:1026C0007B610223BB610023FB6103233B62062382
:1026D0007B6207F1140319463E4811F04DF82023A0
:1026E0007B610223BB610023FB6103233B62062362
:1026F0007B6207F114031946374811F03DF8374B58
:10270000374A1A60354B00225A60344B00229A60D7
:10271000324B0022DA60314B4FF480621A612F4B4A
:1027200000225A612D4B00229A612C4B0022DA6163
:102730002A4B00221A62294B00225A62274810F0C5
:10274000E3F80346002B01D0FFF70AFD7B68234A1C
:10275000DA64224A7B689363224B234A1A60214B36
:1027600000225A601F4B40229A601E4B0022DA6002
:102770001C4B4FF480621A611A4B00225A61194BAC
:1027800000229A61174B0022DA61164B00221A626E
:10279000144B00225A62134810F0B6F80346002B7F
:1027A00001D0FFF7DDFC7B680E4A9A640D4A7B6816
:1027B000936300220521332010F01EF8332010F01F
:1027C00037F800BF2837BD4680BD00BF003C004041
:1027D000003802400008024000040240B407002014
:1027E00010600240140800208860024080B58EB05E
:1027F00000AF786007F1240300221A605A609A60E3
:10280000DA601A617B681B68574A934234D100230F
:102810003B62564B1B6C554A43F400231364534BE5
:102820001B6C03F400233B623B6A0023FB614F4BAC
:102830001B6B4E4A43F0010313634C4B1B6B03F0BD
:102840000103FB61FB6903237B620223BB6200235C
:10285000FB6203233B6308237B6307F124031946D0
:10286000434810F089FF0022052134200FF0C4FFF7
:1028700034200FF0DDFF73E07B681B683D4A934214
:1028800035D10023BB61394B1B6C384A43F480239C
:102890001364364B1B6C03F48023BB61BB690023BC
:1028A0007B61324B1B6B314A43F0020313632F4BA6
:1028B0001B6B03F002037B617B694FF440637B6217
:1028C0000223BB620023FB6203233B6307237B637A
:1028D00007F124031946284810F04EFF0022052175
:1028E00027200FF089FF27200FF0A2FF38E07B6838
:1028F0001B68224A934233D100233B611B4B5B6C24
:102900001A4A43F020035364184B5B6C03F0200316
:102910003B613B690023FB60144B1B6B134A43F084
:1029200004031363114B1B6B03F00403FB60FB6890
:10293000C0237B620223BB620023FB6203233B6351
:1029400008237B6307F1240319460D4810F014FF98
:102950000022052147200FF04FFF47200FF068FFAE
:1029600000BF3837BD4680BD004C004000380240F3
:1029700000000240004800400004024000140140F2
:102980000008024080B586B000AF3B1D00221A60EF
:102990005A609A60DA601A612C4B1B68002B51D187
:1029A0002A4B01221A6000233B60294B9B6B284A6B
:1029B00043F001039363264B9B6B03F001033B60E1
:1029C0003B684FF23F037B600223BB600023FB6048
:1029D00003233B610C237B613B1D19461D4810F00E
:1029E000CBFE40F23F237B600223BB600023FB60F1
:1029F00003233B610C237B613B1D1946164810F0F5
:102A0000BBFE4FF683737B600223BB600023FB6039
:102A100003233B610C237B613B1D19460F4810F0DB
:102A2000ABFE4DF6B3737B600223BB600023FB60FB
:102A300003233B610C237B613B1D1946084810F0C2
:102A40009BFE00E000BF1837BD4680BD2C1500205E
:102A500000380240001402400018024000100240FA
:102A6000000C024080B582B000AF7860FFF78AFFAB
:102A700000BF0837BD4680BD80B58EB000AF78601E
:102A80000023FB620023BB620023FB60334B1B6C03
:102A9000324A43F020031364304B1B6C03F02003D5
:102AA000FB60FB6807F1100207F11403114618469A
:102AB00013F04CFA3B6AFB62FB6A002B03D113F064
:102AC0001DFA786304E013F019FA03465B007B6398
:102AD0007B6B234AA2FB03239B0C013BBB62214B74
:102AE000214A1A601F4B40F2E732DA601D4ABB6A86
:102AF00053601C4B00221A611A4B00229A60194B3A
:102B000000229A61174816F05DFB034687F83330C0
:102B100097F83330002B1BD1124816F0ADFB03465B
:102B200087F8333097F83330002B11D137200FF06E
:102B30007FFE7B680F2B08D80022796837200FF0C2
:102B40005BFE0A4A7B68136002E0012387F833309A
:102B500097F8333018463837BD4680BD00380240FC
:102B600083DE1B433015002000140040A402002027
:102B700080B400AF00BFFDE780B400AF00BFFDE749
:102B800080B400AF00BFFDE780B400AF00BFFDE739
:102B900080B400AF00BFFDE780B400AF00BFBD460A
:102BA0005DF8047B704780B500AF042011F0AEF8EB
:102BB00000BF80BD80B500AF024810F09BF800BF99
:102BC00080BD00BFB407002080B500AF024810F000
:102BD00091F800BF80BD00BF1408002080B500AF91
:102BE000024816F091FE00BF80BD00BFBC08002067
:102BF00080B500AF024813F04FFE00BF80BD00BF9C
:102C0000F805002080B500AF024814F097FB00BF24
:102C100080BD00BF1806002080B500AF024815F047
:102C20003DFF00BF80BD00BF5C07002080B500AF46
:102C3000024816F069FE00BF80BD00BF7408002086
:102C400080B500AF024816F087FB00BF80BD00BF13
:102C50003015002080B500AF024810F04BF800BFDF
:102C600080BD00BF9C06002080B500AF024810F078
:102C700041F800BF80BD00BFFC06002080B500AF5A
:102C8000024816F041FE00BF80BD00BF04090020CD
:102C900080B400AF01231846BD465DF8047B704741
:102CA00080B582B000AF7860396025F02FFD034613
:102CB00016221A604FF0FF3318460837BD4680BD14
:102CC00080B582B000AF78604FF0FF317868FFF7D1
:102CD000E7FF00BFFDE780B586B000AFF860B960E0
:102CE0007A6000237B610AE0AFF300800146BB6895
:102CF0005A1CBA60CAB21A707B6901337B617A6967
:102D00007B689A42F0DB7B6818461837BD4680BD69
:102D100080B586B000AFF860B9607A6000237B614F
:102D200009E0BB685A1CBA601B781846AFF30080F4
:102D30007B6901337B617A697B689A42F1DB7B684E
:102D400018461837BD4680BD80B483B000AF7860A8
:102D50004FF0FF3318460C37BD465DF8047B7047D3
:102D600080B483B000AF786039603B684FF40052A4
:102D70005A60002318460C37BD465DF8047B704747
:102D800080B483B000AF7860012318460C37BD468D
:102D90005DF8047B704780B485B000AFF860B9601F
:102DA0007A60002318461437BD465DF8047B7047EF
:102DB00080B586B000AF7860144A154BD31A7B619A
:102DC0007B693B61134B1B68002B02D1114B124AEC
:102DD0001A60104B1A687B6813443A699A4207D20A
:102DE00025F094FC03460C221A604FF0FF3309E0F3
:102DF000084B1B68FB60074B1A687B681344054A45
:102E00001360FB6818461837BD4680BD00000220DD
:102E1000000400007C1500200000006080B400AFBA
:102E2000064BD3F88830054A43F47003C2F8883063
:102E300000BFBD465DF8047B704700BF00ED00E0B9
:102E4000DFF834D0FFF7EAFF0C480D490D4A0023A4
:102E500002E0D458C4500433C4188C42F9D30A4A4F
:102E60000A4C002301E013600432A242FBD325F098
:102E700053FCFEF735F970470000022000000020E7
:102E8000D804002018CF0208D80400209066012042
:102E9000FEE780B588B004AF78602323BB7364235A
:102EA00002930123019307F10E03009301232122D2
:102EB000D221786811F0C2FB0346FB73FB7B002B29
:102EC00001D0FB7B6EE000237B736423029301231C
:102ED000019307F10D03009301232222D221786888
:102EE00011F0ACFB0346FB73FB7B002B01D0FB7B9B
:102EF00058E000233B73642302930123019307F1FD
:102F00000C03009301232322D221786811F096FB51
:102F10000346FB73FB7B002B01D0FB7B42E00023CD
:102F2000FB72642302930123019307F10B030093C7
:102F300001232522D221786811F080FB0346FB7320
:102F4000FB7B002B01D0FB7B2CE01323BB726423A3
:102F500002930123019307F10A0300930123242222
:102F6000D221786811F06AFB0346FB73FB7B002BD0
:102F700001D0FB7B16E00F237B72642302930123B5
:102F8000019307F10903009301232022D2217868DD
:102F900011F054FB0346FB73FB7B002B01D0FB7B42
:102FA00000E0002318461037BD4680BD80B588B0CC
:102FB00004AF78603960364B1B684FF0FF3118461C
:102FC00019F0D2FA642302930623019307F1080350
:102FD00000930123A822D221786811F029FC03462E
:102FE000002B01D001234FE0294B18680023002259
:102FF000002118F077FF7B7A1BB21B021AB23B7AD2
:103000001BB213431AB23B685A84FB7A1BB21B02F1
:103010001AB2BB7A1BB213431AB23B689A847B7B09
:103020001BB21B021AB23B7B1BB213431AB23B68A2
:10303000DA843B68B3F9223007EE903AF8EEE77A8B
:103040009FED147A67EE877A3B68C3ED037A3B689D
:10305000B3F9243007EE903AF8EEE77A9FED0D7A57
:1030600067EE877A3B68C3ED047A3B68B3F9263094
:1030700007EE903AF8EEE77A9FED067A67EE877AE8
:103080003B68C3ED057A002318461037BD4680BD66
:1030900010220020295C0F3C80B588B004AF786016
:1030A0004FF40873FB81642302930223019307F119
:1030B0000E030093012301229021786811F0BEFADB
:1030C00000BF1037BD4680BD80B588B004AF7860C2
:1030D0003960214B1B684FF0FF31184619F044FA54
:1030E000642302930223019307F10C03009301234D
:1030F00000229021786811F09BFB174B1868002381
:103100000022002118F0EEFE3B7B1BB21B021AB21C
:103110007B7B1BB213431BB29AB23B681A853B6898
:103120001B8D1846FDF70EFA09A3D3E90023FDF71E
:1031300073FA02460B4610461946FDF765FD024636
:103140003B689A6100BF1037BD4680BDAFF3008079
:10315000DE718A8EE4F27F3F1022002080B582B0BB
:1031600000AF78607868FFF794FE7868FFF794FF07
:1031700000BF0837BD4680BD80B582B000AF786023
:10318000396039687868FFF711FF39687868FFF7A8
:103190009BFF322019F0CEFE3968786800F022F9E2
:1031A00000BF0837BD4680BD80B586B002AF7860ED
:1031B00048F20703BB8107F10C026423009302234A
:1031C0006021786810F00AFF3220FEF7B1FD20235D
:1031D0007B7307F10C02642300930223602178685B
:1031E00010F0FCFE0120FEF7A3FD00BF1037BD4626
:1031F00080BD80B586B002AF786048F20703BB811E
:1032000007F10C026423009302236021786810F018
:10321000E5FE3220FEF78CFD40237B7307F10C02A4
:103220006423009302236021786810F0D7FE012008
:10323000FEF77EFD00BF1037BD4680BD80B58CB067
:1032400002AFF860B9607A603B60002387F82730EE
:103250000723FB77FB7F3B7501237B755F4B1B6867
:103260004FF0FF31184619F07FF907F1140264237B
:10327000009302236021F86810F0B0FE574B1868E5
:1032800000230022002118F02DFE0A2019F052FE22
:103290000623FB77514B1B684FF0FF31184619F09E
:1032A00063F907F11F026423009301236021F8688A
:1032B00010F094FE07F11E026423009301236021A5
:1032C000F86810F089FF454B1868002300220021A0
:1032D00018F008FE97F82730013387F82730BB7FB6
:1032E00003F00103002B03D197F82730042BCFD92B
:1032F000BB7F03F00103002B0CD13B684FF00002B1
:103300001A603B681A687B681A607B681A68BB6839
:103310001A6060E00023FB77304B1B684FF0FF31F1
:10332000184619F021F907F11F02642300930123C5
:103330006021F86810F052FE07F118026423009330
:1033400006236021F86810F047FF244B186800231B
:103350000022002118F0C6FD7B7E1BB21B021AB2B0
:103360003B7E1BB213431BB2BB84FB7E1BB21B0212
:103370001AB2BB7E1BB213431BB27B847B7F1BB292
:103380001B021AB23B7F1BB213431BB23B84BB8CA4
:1033900007EE903AB8EE677ADFED116AC7EE267A4B
:1033A000BB68C3ED007A7B8C07EE903AB8EE677A83
:1033B000DFED0B6AC7EE267A7B68C3ED007A3B8CA3
:1033C00007EE903AB8EE677ADFED056AC7EE267A27
:1033D0003B68C3ED007A2837BD4680BD102200202F
:1033E0000000004580B588B000AF7860396078682B
:1033F000FFF7DAFE07F1140307F1180207F11C01C9
:103400007868FFF71BFF7868FFF7F3FE07F1080302
:1034100007F10C0207F110017868FFF70FFF97ED35
:10342000077AD7ED047A37EE677AF0EE006AC7EED6
:10343000267A9FED3E7A67EE877A3B68C3ED007A85
:1034400097ED067AD7ED037A37EE677AF0EE006AE9
:10345000C7EE267A9FED357A67EE877A3B68C3ED33
:10346000017A97ED057AD7ED027A37EE677AF0EEBA
:10347000006AC7EE267A9FED2D7A67EE877A3B6861
:10348000C3ED027A386800F0D5F83968786800F042
:1034900051F83B68D3ED007AF0EEE77A17EE900A28
:1034A000FDF762F84FF00002214BFDF7DFF902460D
:1034B0000B4610461946FDF787FB03469AB23B6858
:1034C0009A833B68D3ED017AF0EEE77A17EE900A23
:1034D000FDF74AF84FF00002154BFDF7C7F9024619
:1034E0000B4610461946FDF76FFB03469AB23B6840
:1034F000DA833B68D3ED027AF0EEE77A17EE900AB2
:10350000FDF732F84FF00002094BFDF7AFF9024624
:103510000B4610461946FDF757FB03469AB23B6827
:103520001A8400BF2037BD4680BD00BF0050C3478E
:103530000000244080B485B000AF786039603B68FB
:10354000D3ED007AF5EEC07AF1EE10FAACBF0123AC
:103550000023FB733B68D3ED017AF5EEC07AF1EE00
:1035600010FAACBF01230023BB733B68D3ED027A92
:10357000F5EEC07AF1EE10FAACBF012300237B73A5
:1035800097F90F309B005AB297F90E305B005BB28F
:1035900013435AB297F90D3013435BB2DAB23B686A
:1035A00083F82A2000BF1437BD465DF8047B7047BE
:1035B00080B582B000AF78601C4B1B68002B31D007
:1035C0001A4B1B684FF0FF31184618F0CDFF7B688F
:1035D0001B68174A13607B685B68154A53607B68F9
:1035E0009B68134A93607B68DB68114AD3607B68F1
:1035F0001B690F4A13617B685B690D4A53617B68E5
:103600009B690B4A93617B68DB69094AD3617B68DC
:103610001B6A074A1362054B186800230022002129
:1036200018F060FC00BF0837BD4680BD2022002096
:103630003C02002080B52DED028B8AB000AF78608F
:103640007B681B68BB617B685B687B617B689B6890
:103650003B615A4B1B68002B00F09A80574B1B684C
:103660004FF0FF31184618F07FFF554BD3ED007A2D
:1036700097ED067A77EE676A514B93ED037AC6EEC3
:10368000877AC7ED097A4E4BD3ED017A97ED057A2B
:1036900037EE677A4A4BD3ED047A87EE278A484B98
:1036A000D3ED067AB0EE670A20F072FAB0EE407AF7
:1036B000D7ED097A67EE277A38EE678A404BD3ED6B
:1036C000067AB0EE670A20F017FAB0EE407AC8EE3C
:1036D000077AC7ED087A3A4BD3ED087AB0EE670A5D
:1036E00020F00AFAB0EE408A354BD3ED077AB0EEFF
:1036F000670A20F001FAF0EE407A28EE277AF7EE1A
:10370000006AC6EE877AC7ED037A2D4BD3ED027AB5
:1037100097ED047A37EE677A294BD3ED057A87EE79
:10372000278A274BD3ED077AB0EE670A20F030FAEC
:10373000B0EE407AD7ED097A67EE277A38EE678ADD
:103740001F4BD3ED087AB0EE670A20F021FAB0EEF5
:10375000407AD7ED087A67EE278A194BD3ED077ABE
:10376000B0EE670A20F0C8F9F0EE407A68EEA77A6A
:1037700078EE677A97ED037A67EE277AC7ED077AD6
:103780000E4B186800230022002118F0ABFB05E067
:10379000BB697B627B693B623B69FB617B687A6AE0
:1037A0001A607B683A6A5A607B68FA699A6000BF5F
:1037B0002837BD46BDEC028B80BD00BF2022002013
:1037C0003C02002080B582B000AF0346FB71124B73
:1037D0001B684FF0FF31184618F0C6FEFB79012B2D
:1037E00006D10E4B0E4A1A600E4B01221A7008E0E9
:1037F000FB79022B05D1094B0B4A1A60094B0222B7
:103800001A70054B186800230022002118F06AFB8B
:1038100000BF0837BD4680BD28220020600200207E
:103820008015002064020020AC15002080B485B013
:1038300000AF786041F60F53FB817B6802331B7841
:1038400002333B7301237B7317E0FB891B0A9BB296
:103850007A7B79680A44127853407B817B890C4AD1
:1038600032F813301AB2B7F90E301B021BB25340B4
:103870001BB2FB817B7B01337B737A7B3B7B9A4260
:10388000E3D9FB8918461437BD465DF8047B7047C1
:10389000E0B1020880B485B000AF786039607B6821
:1038A000FB603B68BB600D4B00221A700AE0FB68AE
:1038B0001A780A4B1B785340DAB2084B1A70FB682F
:1038C0000133FB60FA68BB689A42F0D3034B1B7864
:1038D00018461437BD465DF8047B7047D8150020A4
:1038E00080B485B000AF78600023FB7302E0FB7BFF
:1038F0000133FB73FB7B7A6813441B78002BF6D1F2
:10390000FB7B18461437BD465DF8047B704780B5D5
:1039100086B000AFB9607B600346FB731346BB7390
:103920000023BB827B68CD221A707B680133FA7B4F
:103930001A70BB7B272B01D92723BB737B6802330B
:10394000BA7B1A700023FB750CE0FB7DBA681A4441
:10395000FB7D033319467B680B4412781A70FB7D9C
:103960000133FB75FA7DBB7B9A42EED37868FFF793
:103970005DFF0346BB82BB8A1B0A9AB2BB7B033343
:1039800019467B680B44D2B21A70BB7B04331A46CB
:103990007B681344BA8AD2B21A70BB7B05331A46CD
:1039A0007B6813440A221A70BB7B06331A467B6875
:1039B000134400221A7000BF1837BD4680BD80B482
:1039C00083B000AF03463960FB713B68CD221A70AB
:1039D0003B680133FA791A703B68023300221A708F
:1039E0003B680333FA791A703B680433FA791A702A
:1039F0003B6805330A221A703B68063300221A70AE
:103A000000BF0C37BD465DF8047B704780B582B0BF
:103A100000AF78600AF093FD7B6802331B780633B1
:103A20009AB24FF0FF337968034815F0BDFE00BF2E
:103A30000837BD4680BD00BFBC08002080B582B0FD
:103A400000AF78600AF074FD7B6802331B780633A0
:103A50009AB24FF0FF337968034815F0A5FE00BF16
:103A60000837BD4680BD00BF7408002080B58EB009
:103A700000AF03463960FB713868FFF731FF03463A
:103A80001A4607F10803F8793968FFF740FFBB7A57
:103A900006339AB207F108014FF0FF33034815F0DF
:103AA00083FE00BF3837BD4680BD00BF74080020CC
:103AB00080B582B000AF78600B46FB70FB78AB2B13
:103AC00008D17B6802331B78272B03D87868FFF76F
:103AD000B5FF0AE0FB78CE2B07D17B6802331B7859
:103AE000272B02D87868FFF791FF00BF0837BD4643
:103AF00080BD80B58EB000AF03460A46FB71134609
:103B0000BB7107F10802FB7911461846FFF757FF12
:103B1000BA7907F1080311461846FFF7C9FF00BF3D
:103B20003837BD4680BD000080B400AF024B184658
:103B3000BD465DF8047B70479516002080B400AF49
:103B4000024B1846BD465DF8047B70479416002072
:103B500080B483B000AF78600B46FB707B6893F84D
:103B60002D30062B00F2908001A252F823F000BF06
:103B70008D3B0008BB3B0008CB3B0008033C000822
:103B80003B3C00084D3C00085F3C0008FB78AB2B39
:103B900002D0FB78CE2B0BD17B68002283F82F203C
:103BA0007B68FA781A707B68012283F82D2075E013
:103BB0007B68002283F82D2070E07B68FA785A70C9
:103BC0007B68022283F82D2068E07B68FA789A707F
:103BD0007B68002283F82E20FB78002B04D17B68C1
:103BE000042283F82D2059E0FB78272B04D87B682A
:103BF000032283F82D2051E07B68022283F82F20D6
:103C00004CE07B6893F82E301A467B681344FA78B0
:103C1000DA707B6893F82E300133DAB27B6883F870
:103C20002E207B6893F82E207B689B789A4234D3B1
:103C30007B68042283F82D202FE07B68FA7883F8D4
:103C40002A207B68052283F82D2027E07B68FA78FC
:103C500083F82B207B68062283F82D201EE0FB785A
:103C60000A2B08D17B68012283F82F207B68FA7821
:103C700083F82C2012E07B68022283F82F207B68D7
:103C8000002283F82D2009E07B68022283F82F2090
:103C90007B68002283F82D2000E000BF00BF0C37B6
:103CA000BD465DF8047B704780B483B000AF786098
:103CB0000B46FB707B685B78FA789A4211D17B687F
:103CC0009B78002B0DD17B6893F82A30FA789A42C2
:103CD00007D17B6893F82B30FA789A4201D10123FF
:103CE00000E0002318460C37BD465DF8047B7047A2
:103CF00080B584B000AF78600023FB810023BB81D6
:103D00007868FFF793FD0346BB817B6893F82A3000
:103D10001BB21B021AB27B6893F82B301BB2134301
:103D20001BB2FB81FA89BB899A4201D1012300E0D1
:103D3000002318461037BD4680BD80B586B000AF61
:103D4000F860B9601346FB71FF21F868FFF7ACFF1C
:103D50000346012B0DD1FB681A78BB681A70BB684B
:103D6000FF225A70BB6800229A70BB680022DA708A
:103D70004CE0AA21F868FFF797FF0346012B0DD10D
:103D8000FB681A78BB681A70BB68AA225A70BB68B5
:103D900000229A70BB680022DA7037E0F868FFF7FB
:103DA000A7FF0346002B28D0FB681B78FA799A42BC
:103DB00023D1FB681A78BB681A70FB685A78BB6815
:103DC0005A70FB689A78BB689A7000237B610DE09B
:103DD000FA687B69134403331978BA687B69134422
:103DE00003330A461A707B6901337B61FB689B7859
:103DF0001A467B699342EBDB08E0BB68FA791A70DC
:103E0000BB6800225A70BB6800229A70FB680022CF
:103E100083F82F20FB68002283F82D20FB68002206
:103E20001A7000BF1837BD4680BD80B584B000AFA2
:103E300078603960FF217868FFF736FF0346012B71
:103E40000DD17B681A783B681A703B68FF225A7064
:103E50003B6800229A703B680022DA7048E0AA2191
:103E60007868FFF721FF0346012B0DD17B681A7894
:103E70003B681A703B68AA225A703B6800229A700D
:103E80003B680022DA7033E07868FFF731FF0346C1
:103E9000002B23D07B681A783B681A707B685A78AD
:103EA0003B685A707B689A783B689A700023FB6085
:103EB0000DE07A68FB681344033319783A68FB68AD
:103EC000134403330A461A70FB680133FB607B68B6
:103ED0009B781A46FB689342EBDB09E07B681A7813
:103EE0003B681A703B6800225A703B6800229A7047
:103EF0007B68002283F82F207B68002283F82D2026
:103F00007B6800221A7000BF1037BD4680BD0000DC
:103F100080B582B000AF7860114805F0F3FF03462A
:103F2000104A13600F4B1B681B0EDAB27B681A70C5
:103F30000C4B1B681A0C7B680133D2B21A70094B08
:103F40001B681A0A7B680233D2B21A70054B1A68D2
:103F50007B680333D2B21A7000BF0837BD4680BDFC
:103F60002C220020D416002080B584B000AF7860E9
:103F70008D4805F0C7FF03468C4A13608B4B1B68C6
:103F80001B0EDAB27B681A70884B1B681A0C7B68B0
:103F90000133D2B21A70854B1B681A0A7B68023350
:103FA000D2B21A70814B1A687B680333D2B21A708E
:103FB0007F4B9B8B1B0A9AB27B680433D2B21A7078
:103FC0007B4B9A8B7B680533D2B21A70784BDB8BB4
:103FD0001B0A9AB27B680633D2B21A70744BDA8B22
:103FE0007B680733D2B21A70714B1B8C1B0A9AB2D2
:103FF0007B680833D2B21A706D4B1A8C7B68093318
:10400000D2B21A706A4BB3F922301B121AB27B6813
:104010000A33D2B21A70664BB3F922207B680B3395
:10402000D2B21A70624BB3F924301B121AB27B68F9
:104030000C33D2B21A705E4BB3F924207B680D3377
:10404000D2B21A705A4BB3F926301B121AB27B68DF
:104050000E33D2B21A70564BB3F926207B680F3359
:10406000D2B21A70524B1B8D1B0A9AB27B68103366
:10407000D2B21A704E4B1A8D7B681133D2B21A70BD
:104080004B4B93F82A305BB21B015AB2494B93F861
:104090002A305BB203F00F035BB213435AB27B6862
:1040A0001233D2B21A70434B9B8B1B0A9AB27B68B5
:1040B0001333D2B21A703F4B9A8B7B681433D2B24F
:1040C0001A703C4BDB8B1B0A9AB27B681533D2B259
:1040D0001A70384BDA8B7B681633D2B21A70354BB4
:1040E0001B8C1B0A9AB27B681733D2B21A70314B01
:1040F0001A8C7B681833D2B21A702E4BB3F9223067
:104100001B121AB27B681933D2B21A70294BB3F959
:1041100022207B681A33D2B21A70264BB3F92430AE
:104120001B121AB27B681B33D2B21A70214BB3F93F
:1041300024207B681C33D2B21A701E4BB3F9263090
:104140001B121AB27B681D33D2B21A70194BB3F925
:1041500026207B681E33D2B21A70164B1B8D1B0AA9
:104160009AB27B681F33D2B21A70124B1A8D7B68D9
:104170002033D2B21A700023FB600CE0FB682133BD
:104180001A467B6813440C49FA680A4412781A707C
:10419000FB680133FB60FB68042BEFDD00BF00BF51
:1041A0001037BD4680BD00BF2C220020D416002051
:1041B00080150020AC150020C816002080B483B004
:1041C00000AF78607B684C221A707B68013349220B
:1041D0001A707B68023345221A707B6803335322BE
:1041E0001A707B68043345221A707B6805333222CB
:1041F0001A707B68063330221A707B6807333222CC
:104200001A707B68083336221A707B6809334122A2
:104210001A707B680A334C221A707B680B33522267
:104220001A707B680C334D221A707B680D33412263
:104230001A707B680E3353221A707B680F33452245
:104240001A707B68103343221A707B681133362250
:104250001A707B68123337221A707B6813334A2234
:104260001A707B68143343221A707B6815334A2214
:104270001A707B68163341221A707B6817335022FC
:104280001A707B6818337B221A707B6819334122BD
:104290001A707B681A335A221A707B681B33EC221F
:1042A0001A707B681C3324221A707B681D334C22E1
:1042B0001A707B681E3333221A707B681F334A22C0
:1042C0001A707B68203345221A707B6821334122A3
:1042D0001A707B68223341221A707B68233348228C
:1042E0001A707B68243342221A707B682533482277
:1042F0001A707B68263343221A7000BF0C37BD4604
:104300005DF8047B7047000080B582B000AF786034
:104310003E4805F0F7FD03463D4A13603C4B1B68E1
:104320001B0EDAB27B681A70394B1B681A0C7B685B
:104330000133D2B21A70364B1B681A0A7B680233FB
:10434000D2B21A70324B1A687B680333D2B21A7039
:104350007B6804332F4A12781A702F4B1B881B0A74
:104360009AB27B680533D2B21A702B4B1A887B68DD
:104370000633D2B21A70284B5B881B0A9AB27B684C
:104380000733D2B21A70244B5A887B680833D2B2F2
:104390001A70214B9B881B0A9AB27B680933D2B2F0
:1043A0001A701D4B9A887B680A33D2B21A701A4B66
:1043B000DB881B0A9AB27B680B33D2B21A70164B99
:1043C000DA887B680C33D2B21A70134B1B891B0A34
:1043D0009AB27B680D33D2B21A700F4B1A897B6880
:1043E0000E33D2B21A700C4B5B891B0A9AB27B68EF
:1043F0000F33D2B21A70084B5A897B681033D2B28D
:104400001A7000BF0837BD4680BD00BF2C220020B7
:10441000D4160020CD1600206C22002080B582B07A
:1044200000AF7860684805F06DFD0346674A136089
:10443000664B1B681B0EDAB27B681A70634B1B68F5
:104440001A0C7B680133D2B21A70604B1B681A0ACF
:104450007B680233D2B21A705C4B1A687B680333F4
:10446000D2B21A707B680433594A12781A70594BC9
:104470009B691A0E7B680533D2B21A70554B9B6943
:104480001A0C7B680633D2B21A70524B9B691A0A17
:104490007B680733D2B21A704E4B9A697B68083337
:1044A000D2B21A704B4BDB691A0E7B680933D2B259
:1044B0001A70484BDB691A0C7B680A33D2B21A7047
:1044C000444BDB691A0A7B680B33D2B21A70414B3A
:1044D000DA697B680C33D2B21A703E4BD3E90A0119
:1044E0004FF000024FF000030A0E002379680D31EF
:1044F000D3B20B70374BD3E90A014FF000024FF0F3
:1045000000030A0C002379680E31D3B20B70314BD3
:10451000D3E90A014FF000024FF000030A0A00231A
:1045200079680F31D3B20B702A4BD3E90A014FF0EF
:1045300000024FF000030A00002379681031D3B263
:104540000B70244BD3E90A014FF000024FF0000337
:10455000020E42EA01220B0E79681131D3B20B70C0
:104560001C4BD3E90A014FF000024FF00003020C8C
:1045700042EA01420B0C79681231D3B20B70154B31
:10458000D3E90A014FF000024FF00003020A42EAA9
:1045900001620B0A79681331D3B20B700D4BD3E96A
:1045A0000A2379681431D3B20B707B681533094A3A
:1045B00092F835201A707B681633054A12781A7003
:1045C00000BF0837BD4680BD2C220020D416002035
:1045D000CD160020C819002090B583B000AF7860D8
:1045E000674805F08FFC0346664A1360654B1B68FD
:1045F0001B0EDAB27B681A70624B1B681A0C7B6860
:104600000133D2B21A705F4B1B681A0A7B680233FF
:10461000D2B21A705B4B1A687B680333D2B21A703D
:104620007B680433584A12781A707B680533574AFE
:1046300012781A707B689C1D01F01CFD03462370E4
:104640007B68073300221A70514B1A887B68083345
:10465000D2B21A707B6809334C4A12781A707B68A0
:1046600003F10A0401F046FD034623707B680B3317
:1046700000221A70464B1A887B680C33D2B21A702B
:104680007B680D33414A12781A707B6803F10E047F
:1046900001F010FD034623707B680F3300221A706F
:1046A0003B4B1A887B681033D2B21A707B68113387
:1046B000364A12781A707B6803F1120401F03AFD51
:1046C000034623707B68133300221A70304B1A881C
:1046D0007B681433D2B21A707B6815332B4A127878
:1046E0001A707B6803F1160401F060FD0346237025
:1046F0007B68173300221A70254B1A887B681833A1
:10470000D2B21A707B681933204A12781A707B680B
:1047100003F11A0401F072FD034623707B681B331A
:1047200000221A701A4B1A887B681C33D2B21A7096
:104730007B681D33144A12781A707B681E33124A44
:1047400012781A707B681F330F4A12781A707B68D0
:1047500020330D4A12781A707B6821330A4A127886
:104760001A707B682233084A12781A707B682333E8
:10477000054A12781A7000BF0C37BD4690BD00BFC5
:104780002C220020D4160020CD160020CE160020AA
:10479000D016002080B582B000AF7860AC4805F03C
:1047A000B1FB0346AB4A1360AA4B1B681B0EDAB27F
:1047B0007B681A70A74B1B681A0C7B680133D2B256
:1047C0001A70A44B1B681A0A7B680233D2B21A70A3
:1047D000A04B1A687B680333D2B21A709E4B5B6899
:1047E0001A0E7B680433D2B21A709B4B5B681A0CAA
:1047F0007B680533D2B21A70974B5B681A0A7B68E4
:104800000633D2B21A70944B5A687B680733D2B21F
:104810001A70914B1B691A0E7B680833D2B21A705A
:104820008D4B1B691A0C7B680933D2B21A708A4B04
:104830001B691A0A7B680A33D2B21A70864B1A694E
:104840007B680B33D2B21A70834B9B681A0E7B685D
:104850000C33D2B21A70804B9B681A0C7B680D33F4
:10486000D2B21A707C4B9B681A0A7B680E33D2B2A4
:104870001A70794B9A687B680F33D2B21A70764BF4
:104880009B691A0E7B681033D2B21A70724B9B6907
:104890001A0C7B681233D2B21A706F4B9B691A0ADA
:1048A0007B681333D2B21A706B4B9A697B681433EE
:1048B000D2B21A707B681533684A12781A70684B46
:1048C0001B881B0A9AB27B681633D2B21A70644BEB
:1048D0001A887B681733D2B21A707B681833614A22
:1048E00012781A70604B1B881B0A9AB27B681933C6
:1048F000D2B21A705C4B1A887B681A33D2B21A7023
:104900005A4BD3E908014FF000024FF000030A00B0
:10491000002379681B31D3B20B70544BD3E90801E3
:104920004FF000024FF00003020E42EA01220B0E8C
:1049300079681C31D3B20B704C4BD3E908014FF0AE
:1049400000024FF00003020C42EA01420B0C7968AE
:104950001D31D3B20B70454BD3E908014FF0000273
:104960004FF00003020A42EA01620B0A79681E3125
:10497000D3B20B703D4BD3E9082379681F31D3B212
:104980000B703B4BD3E906014FF000024FF00003E0
:104990000A00002379682031D3B20B70344BD3E97D
:1049A00006014FF000024FF00003020E42EA01221E
:1049B0000B0E79682131D3B20B702D4BD3E9060170
:1049C0004FF000024FF00003020C42EA01420B0CD0
:1049D00079682231D3B20B70254BD3E906014FF031
:1049E00000024FF00003020A42EA01620B0A7968F2
:1049F0002331D3B20B701E4BD3E9062379682431DF
:104A0000D3B20B707B682533134A12781A70194B96
:104A10001B785AB2184B1B785BB25B005BB2134336
:104A20005AB2164B1B785BB29B005BB213435AB26F
:104A3000094B1B7F5BB2DB005BB213435AB2104BD6
:104A40001B785BB21B015BB213435AB21AE000BF82
:104A50002C220020D4160020B0180020102A00209C
:104A6000142A0020112A0020122A0020C822002027
:104A700030250020F1210020F021002050190020D5
:104A80006D1C00200A4B1B785BB25B015BB21343C9
:104A90005AB2084B1B785BB29B015BB213435AB20C
:104AA0007B682633D2B21A7000BF0837BD4680BD7E
:104AB0008B0200208C02002080B582B000AF7860AD
:104AC0007D4805F01FFA03467C4A13607B4B1B6848
:104AD0001B0EDAB27B681A70784B1B681A0C7B6865
:104AE0000133D2B21A70754B1B681A0A7B68023305
:104AF000D2B21A70714B1A687B680333D2B21A7043
:104B00006F4B1B681A0E7B680433D2B21A706C4B61
:104B10001B681A0C7B680533D2B21A70684B1B688D
:104B20001A0A7B680633D2B21A70654B1A687B6822
:104B30000733D2B21A70624B5B681A0E7B68083377
:104B4000D2B21A705E4B5B681A0C7B680933D2B222
:104B50001A705B4B5B681A0A7B680A33D2B21A7010
:104B6000574B5A687B680B33D2B21A70554B1B688F
:104B70001A0E7B680C33D2B21A70524B1B681A0C97
:104B80007B680D33D2B21A704E4B1B681A0A7B68D1
:104B90000E33D2B21A704B4B1A687B680F33D2B205
:104BA0001A70484B5B681A0E7B681033D2B21A70C9
:104BB000444B5B681A0C7B681133D2B21A70414BBC
:104BC0005B681A0A7B681233D2B21A703D4B5A687E
:104BD0007B681333D2B21A703B4B1B681A0E7B688A
:104BE0001433D2B21A70384B1B681A0C7B68153319
:104BF000D2B21A70344B1B681A0A7B681633D2B2D1
:104C00001A70314B1A687B681733D2B21A702E4B68
:104C10005B681A0E7B681833D2B21A702A4B5B6835
:104C20001A0C7B681933D2B21A70274B5B681A0AC8
:104C30007B681A33D2B21A70234B5A687B681B33D5
:104C4000D2B21A70214B1B681A0E7B681C33D2B289
:104C50001A701E4B1B681A0C7B681D33D2B21A7077
:104C60001A4B1B681A0A7B681E33D2B21A70174B94
:104C70001A687B681F33D2B21A70144B5B681A0E25
:104C80007B682033D2B21A70104B5B681A0C7B68B9
:104C90002133D2B21A700D4B5B681A0A7B6822333B
:104CA000D2B21A70094B5A687B682333D2B21A7099
:104CB00000BF0837BD4680BD2C220020D41600203E
:104CC00000170020F0160020F8160020081700201A
:104CD00080B58AB000AF7860B34B1B684FF0FF31EE
:104CE000184617F041FCB14B1B687B62AE4B18684D
:104CF00000230022002117F0F5F8AD4B1B681B0EB6
:104D0000DAB27B681A70AA4B1B681A0C7B680133F5
:104D1000D2B21A70A64B1B681A0A7B680233D2B251
:104D20001A70A34B1A687B680333D2B21A707B6A7D
:104D3000D3ED007A9FED9F7A67EE877AFDEEE77AF2
:104D400017EE903A7B847B6AD3ED017A9FED997AD6
:104D500067EE877AFDEEE77A17EE903A3B847B6A3E
:104D6000D3ED027A9FED937A67EE877AFDEEE77ACC
:104D700017EE903AFB83B7F922301B121AB27B6808
:104D80000433D2B21A707B6805337A8CD2B21A70AF
:104D9000B7F920301B121AB27B680633D2B21A70F0
:104DA0007B6807333A8CD2B21A70B7F91E301B12E7
:104DB0001AB27B680833D2B21A707B680933FA8B57
:104DC000D2B21A707C4B1B881B0A9AB27B680A33DA
:104DD000D2B21A70784B1A887B680B33D2B21A7031
:104DE000754B5B881B0A9AB27B680C33D2B21A707F
:104DF000714B5A887B680D33D2B21A706E4B9B8808
:104E00001B0A9AB27B680E33D2B21A706A4B9A8828
:104E10007B680F33D2B21A70674BDB881B0A9AB2D9
:104E20007B681033D2B21A70634BDA887B68113317
:104E3000D2B21A70604B1B891B0A9AB27B6812337C
:104E4000D2B21A705C4B1A897B681333D2B21A70D3
:104E5000594B5B891B0A9AB27B681433D2B21A7021
:104E6000554B5A897B681533D2B21A70534BD3ED28
:104E7000007A9FED537A67EE877AFDEEE77A17EEB8
:104E8000903ABB614D4BD3ED017A9FED4D7A67EEC1
:104E9000877AFDEEE77A17EE903A7B61BB691A0ECE
:104EA0007B681633D2B21A70BB691A147B68173349
:104EB000D2B21A70BB691A127B681833D2B21A7058
:104EC0007B681933BA69D2B21A707B691A0E7B6893
:104ED0001A33D2B21A707B691A147B681B33D2B2B0
:104EE0001A707B691A127B681C33D2B21A707B6805
:104EF0001D337A69D2B21A70304B93ED027ADFED2E
:104F0000316AC7EE267AFCEEE77AC7ED007A3B7885
:104F1000FB747B681E33FA7C1A702B4BD3ED047A3A
:104F20009FED2A7A67EE877AFDEEE77A17EE903AE0
:104F30003B82254BD3ED057A9FED247A67EE877A85
:104F4000FDEEE77A17EE903AFB811F4BD3ED067A20
:104F50009FED1E7A67EE877AFDEEE77A17EE903ABC
:104F6000BB81194BD3ED077A9FED187A67EE877AEC
:104F7000FDEEE77A17EE903A7B81B7F910301B12FD
:104F80001AB27B681F33D2B21A707B6820333A8A18
:104F9000D2B21A70B7F90E301B121AB27B682133E5
:104FA000D2B21A707B6813E0282200206002002031
:104FB000D416002000007A446C220020C81900207A
:104FC0000024744900401C46842200200060EA4608
:104FD0002233FA89D2B21A70B7F90C301B121AB206
:104FE0007B682333D2B21A707B682433BA89D2B279
:104FF0001A70B7F90A301B121AB27B682533D2B285
:105000001A707B6826337A89D2B21A7000BF2837AB
:10501000BD4680BD80B588B000AF7860AE4B1B68E0
:105020004FF0FF31184617F09FFAAC4B1B68FB613D
:10503000A94B186800230022002116F053FFA84B4B
:105040001B681B0EDAB27B681A70A54B1B681A0C22
:105050007B680133D2B21A70A14B1B681A0A7B68B5
:105060000233D2B21A709E4B1A687B680333D2B2F5
:105070001A70FB69B3F922301B121AB27B68043331
:10508000D2B21A70FB69B3F922207B680533D2B221
:105090001A70FB69B3F924301B121AB27B6806330D
:1050A000D2B21A70FB69B3F924207B680733D2B2FD
:1050B0001A70FB69B3F926301B121AB27B680833E9
:1050C000D2B21A70FB69B3F926207B680933D2B2D9
:1050D0001A70FB69D3ED007A9FED827A67EE877ACA
:1050E000FDEEE77A17EE903A7B83FB69D3ED017A08
:1050F0009FED7C7A67EE877AFDEEE77A17EE903ABD
:105100003B83FB69D3ED027A9FED767A67EE877A6F
:10511000FDEEE77A17EE903AFB82B7F91A301B12D0
:105120001AB27B680A33D2B21A707B680B337A8B5F
:10513000D2B21A70B7F918301B121AB27B680C334E
:10514000D2B21A707B680D333A8BD2B21A70B7F9AB
:1051500016301B121AB27B680E33D2B21A707B68FB
:105160000F33FA8AD2B21A705F4B1B881B0A9AB2AD
:105170007B681033D2B21A705B4B1A887B6811338C
:10518000D2B21A70584B5B881B0A9AB27B681233F2
:10519000D2B21A70544B5A887B681333D2B21A7049
:1051A000514B9B881B0A9AB27B681433D2B21A7097
:1051B0004D4B9A887B681533D2B21A704A4BDB8804
:1051C0001B0A9AB27B681633D2B21A70464BDA8841
:1051D0007B681733D2B21A70434B1B891B0A9AB2F1
:1051E0007B681833D2B21A703F4B1A897B68193327
:1051F000D2B21A703D4BD3ED007A9FED3D7A67EE47
:10520000877AFDEEE77A17EE903A3B61374BD3EDA4
:10521000017A9FED377A67EE877AFDEEE77A17EE2F
:10522000903AFB603B691A0E7B681A33D2B21A704F
:105230003B691A147B681B33D2B21A703B691A128D
:105240007B681C33D2B21A707B681D333A69D2B2C4
:105250001A70FB681A0E7B681E33D2B21A70FB6894
:105260001A147B681F33D2B21A70FB681A127B685B
:105270002033D2B21A707B682133FA68D2B21A7026
:105280001A4B93ED027ADFED1B6AC7EE267A7B6834
:105290002233FCEEE77AC7ED007A3A78D2B21A7080
:1052A000FB691B8D1B0A9AB27B682333D2B21A703A
:1052B000FB691A8D7B682433D2B21A707B68253360
:1052C0000D4A12781A707B6826330B4A12781A70CE
:1052D00000BF2037BD4611E02822002060020020D8
:1052E000D416002000007A446C220020C819002047
:1052F0000024744900401C46CD16002080BD00BF2C
:1053000080B58CB000AF7860B34B1B684FF0FF31B5
:10531000184617F029F9B14B1B683B62AE4B186871
:1053200000230022002116F0DDFDAD4B1B681B0E93
:10533000DAB27B681A70AA4B1B681A0C7B680133BF
:10534000D2B21A70A64B1B681A0A7B680233D2B21B
:105350001A70A34B1A687B680333D2B21A703B6A87
:10536000D3ED007A9FED9F7A67EE877AFDEEE77ABC
:1053700017EE903AFB833B6AD3ED017A9FED997A61
:1053800067EE877AFDEEE77A17EE903ABB833B6AC9
:10539000D3ED027A9FED937A67EE877AFDEEE77A96
:1053A00017EE903A7B83B7F91E301B121AB27B6856
:1053B0000433D2B21A707B680533FA8BD2B21A70FA
:1053C000B7F91C301B121AB27B680633D2B21A70BE
:1053D0007B680733BA8BD2B21A70B7F91A301B1236
:1053E0001AB27B680833D2B21A707B6809337A8BA1
:1053F000D2B21A707C4B9B891B0A9AB27B680A3323
:10540000D2B21A70784B9A897B680B33D2B21A7079
:10541000754BDB891B0A9AB27B680C33D2B21A70C7
:10542000714BDA897B680D33D2B21A706E4B1B8ACE
:105430001B0A9AB27B680E33D2B21A706A4B1A8A70
:105440007B680F33D2B21A703B6AB3F922301B1259
:105450001AB27B681033D2B21A703B6AB3F92220B9
:105460007B681133D2B21A703B6AB3F924301B1235
:105470001AB27B681233D2B21A703B6AB3F9242095
:105480007B681333D2B21A703B6AB3F926301B1211
:105490001AB27B681433D2B21A703B6AB3F9262071
:1054A0007B681533D2B21A70504BD3ED007A9FED62
:1054B000507A67EE877AFDEEE77A17EE903A7B61D5
:1054C0004A4BD3ED017A9FED4A7A67EE877AFDEE7B
:1054D000E77A17EE903A3B617B691A0E7B681633C8
:1054E000D2B21A707B691A147B681733D2B21A7061
:1054F0007B691A127B681833D2B21A707B68193331
:105500007A69D2B21A703B691A0E7B681A33D2B22A
:105510001A703B691A147B681B33D2B21A703B694C
:105520001A127B681C33D2B21A707B681D333A6939
:10553000D2B21A702D4B93ED027ADFED2E6AC7EED0
:10554000267AFCEEE77AC7ED007A3B78FB737B683E
:105550001E33FA7B1A70284B1B785BB21B015AB2C0
:10556000264B1B881B0A9BB25BB203F00F035BB296
:1055700013435AB27B681F33D2B21A701F4B1A887A
:105580007B682033D2B21A701D4BD3F8A030FB6277
:105590001B4BD3F8A430BB62194BD3F8A8307B6205
:1055A000174BD3ED277AF5EEC07AF1EE10FA2BD532
:1055B000D7ED0B7AF1EE677AC7ED0B7AD7ED0A7A61
:1055C000F1EE677AC7ED0A7AD7ED097AF1EE677ADC
:1055D000C7ED097A18E000BF2822002060020020F1
:1055E000D416002000007A446C220020C819002044
:1055F0000024744900401C463A1C00203C1C00203A
:10560000041A00200060EA46D7ED0B7A1FED037AFA
:1056100067EE877AFDEEE77A17EE903ABB81D7ED19
:105620000A7A1FED087A67EE877AFDEEE77A17EEC1
:10563000903A7B81D7ED097A1FED0E7A67EE877A73
:10564000FDEEE77A17EE903A3B81B7F90C301B126A
:105650001AB27B682133D2B21A707B682233BA89BE
:10566000D2B21A70B7F90A301B121AB27B68233310
:10567000D2B21A707B6824337A89D2B21A70B7F921
:1056800008301B121AB27B682533D2B21A707B68BD
:1056900026333A89D2B21A7000BF3037BD4680BD7A
:1056A0002DE9B04F9CB002AF7860012387F86330DA
:1056B0006F4B7B6600F0EAFB6E4804F09DFC02F045
:1056C00003F907F13C031846FEF786FF07F13C0398
:1056D000184600F0CDFD0346002B0DD007F13C032A
:1056E0001846FEF715FC07F10C0307F13C010422F4
:1056F0000120FEF70CF907E007F10C0307F13C016C
:1057000027220220FEF703F95B4B1B7883F001038D
:10571000DBB2002B04D007F10C031846FEF78EF91C
:105720007B6E00229846914642464B464FF0000061
:105730004FF00001590141EAD261500102460B4687
:10574000B2EB080463EB09054FF000024FF00003D1
:10575000AB0043EA9473A20014461D4614EB080AFA
:1057600045EB090B4FF000024FF000034FEACB036B
:1057700043EA5A734FEACA0292469B46504659463C
:105780004FF47A724FF00003FBF7DEFA02460B4645
:1057900007F1080300924FF0FF320021002018F0BB
:1057A00093FD0346012B2AD1BB6803F00103002BB4
:1057B00002D0324B01221A70BB6803F00203002BA7
:1057C00002D02E4B00221A70BB6803F00403002B9A
:1057D00015D02B4B1B684FF0FF31184616F0C4FE56
:1057E000284B1B781A464EF6602302FB03F37B66B8
:1057F000234B186800230022002116F073FB97F852
:105800006330012B8CD100F041FB1A4804F0F4FB0B
:1058100002F05AF807F13C031846FEF7DDFE07F1E7
:105820003C03184600F024FD0346002B0DD007F181
:105830003C031846FEF76CFB07F10C0307F13C0133
:1058400004220120FEF763F807E007F10C0307F1DB
:105850003C0127220220FEF75AF80B4B186807F18B
:105860000C0100234FF0FF3216F03CFB58E700BF5D
:10587000C0270900F80500207502002074020020EE
:105880001C22002076020020601C00202DE9B04F71
:105890009CB002AF78606E4B7B667B6E00229846B0
:1058A000914642464B464FF000004FF0000159012F
:1058B00041EAD261500102460B46B2EB080463EBA9
:1058C00009054FF000024FF00003AB0043EA947368
:1058D000A20014461D4614EB080A45EB090B4FF0D5
:1058E00000024FF000034FEACB0343EA5A734FEA3A
:1058F000CA0292469B46504659464FF47A724FF080
:105900000003FBF721FA02460B4613460093514B66
:105910004FF0FF320021002018F0D6FC0346012B87
:105920002DD14C4B1B6803F00103002B02D04A4BD6
:1059300001221A70474B1B6803F00203002B02D0B0
:10594000454B00221A70434B1B6803F00403002BE5
:1059500015D0424B1B684FF0FF31184616F004FE7D
:105960003F4B1B781A464EF6602302FB03F37B661F
:105970003A4B186800230022002116F0B3FA364B88
:105980001B78002B89D017F0D7FC0346354A1360EB
:105990003549364800F084F800F044F9344B1B7860
:1059A000002B41D0334807F011FF3349314800F054
:1059B00077F800F051F9314B03F5FA430C331A46EE
:1059C0002F4B1846114642F6D0731A4622F0D5FEE8
:1059D0002C492B4800F064F800F0F8F92A4B00221B
:1059E0001A60294B1B68FF222249184602F09CF8D6
:1059F0002649204800F054F800F04AF907F13C032A
:105A00001846FFF759F807F10C0307F13C0127226C
:105A10000D20FDF77CFF1E4B186807F10C010023D9
:105A20004FF0FF3216F05EFA17F086FC0346194A73
:105A30001360184B1A680B4B1B68D31A164A136075
:105A4000144B1A68074B1B68D31A144A136024E7D7
:105A5000C0270900E4160020740200201C22002048
:105A600076020020002A002000170020007D00643C
:105A7000F0210020D0AC00640817002000000C08C2
:105A8000A0DC0064F0160020F0180020F8160020BA
:105A9000601C0020042A0020082A00200C2A002074
:105AA000F0B587B000AF786039600023FB60002359
:105AB000BB60544B00221A70524B00225A70514B5B
:105AC00000229A704F4B0022DA704F4B00221A606E
:105AD0004E4B1B689A684D4B1B6842F001029A605E
:105AE00040F6F432796849480CF0DAFE0346464A3B
:105AF0001360474B1A68444B1B689A427ED00023C0
:105B00007B6178E07A6913461B029B1A1B01FB60DC
:105B1000FB687A6813443F4A104619464FF47F6386
:105B20001A4622F02AFE394B1B689A68374B1B68CD
:105B300042F001029A60344B00221A604FF47F72E7
:105B4000344932480CF0ACFE03462F4A1360324B06
:105B50001A682D4B1B689A424AD000233B6144E0EF
:105B60003A6913465B0013441B011A46FB68134451
:105B7000BB60BB687A681344284A1C46164604F189
:105B8000300C35462346186859689A68DB680FC59B
:105B9000103410366445F4D11C4B1B689A681B4BBB
:105BA0001B6842F001029A60174B00221A600C2217
:105BB0001A4916480CF074FE0346134A1360184B3A
:105BC0001A68114B1B689A420CD00E4A7B69134429
:105BD00001221A700B4B0122DA703A6830210F480B
:105BE00000F014F93B6901333B613B69542BB7DD8D
:105BF0007B6901337B617B69022B83DD00BF1C372E
:105C0000BD46F0BDE0160020DC160020F4040020A4
:105C100068020020700C01646C020020601C0164AA
:105C20007002002080B500AF084BDB78002B0AD053
:105C3000074B1B7842F6D0721946064821F0BBFE8E
:105C4000024B0022DA7000BF80BD00BFE0160020CA
:105C50008A020020007D006480B500AF094BDB782C
:105C6000002B0DD0084B1B784FF4FF7219460748E4
:105C700021F0A1FE054807F011FD024B0022DA7069
:105C800000BF80BDE01600208A020020901C016445
:105C900080B500AF464B1B78002B3DD0444B5B7862
:105CA000002B39D0424B9B78002B35D0414B1B68E1
:105CB00010221946404800F0FBFF3E4B1A683F4B4C
:105CC0001B6813443B4A13603A4B1B681022194669
:105CD000394800F0EDFF374B1A68384B1B68134406
:105CE000344A1360334B1B6810221946324800F0C7
:105CF000DFFF334B1B7842F6D0721946314821F052
:105D00005AFE314B1B68FF222E49184601F012FE45
:105D10000A2017F00FF949E0254B1B78002B10D013
:105D2000294B00221A60234B1B6810221946224877
:105D300000F0BEFF244B1B6855222249184601F093
:105D4000F9FD1B4B5B78002B15D01F4B4FF4805295
:105D50001A601A4B1B68174A1360164B1B681022F7
:105D60001946154800F0A4FF174B1B68552215492A
:105D7000184601F0DFFD0E4B9B78002B16D0124B1E
:105D80004FF400521A600D4B1B685B00094A136008
:105D9000084B1B6810221946074800F089FF0A4B80
:105DA0001B6855220749184601F0C4FD00BF80BD9D
:105DB000E0160020801700205C07002080020020F1
:105DC0008A020020D0AC0064F418002080B500AF37
:105DD0000B4BDB78002B10D00A4B1B7842F6D072AD
:105DE0001946094821F0E7FD19F0E4F900F06CFAD2
:105DF00019F012FA024B0022DA7000BF80BD00BF1A
:105E0000E01600208A020020A0DC006480B487B085
:105E100000AFF860B9607A601B4B1B78BB7400233D
:105E20007B6126E0FA687B6913441B787B747A7C7B
:105E3000BB7C9A421AD07B681B685A1C7B681A602C
:105E40007A7CBB7C5340FB740DE0FB7C013BDBB2F6
:105E50005AB297F9133013405BB2FB747B685B68EE
:105E60005A1C7B685A60FB7C002BEED17B690133A6
:105E70007B617A69BB689A42D4D300BF00BF1C37EC
:105E8000BD465DF8047B70478A02002080B586B06D
:105E900004AF6C4B1B684FF0FF31184616F064FBE3
:105EA00064230293022301933B1D009301230F22DD
:105EB000902165480EF0BCFC03461A46634B1A70ED
:105EC000624B1B78002B0FD13B791B027A7913436D
:105ED00040F21712934203D15D4B00221A7006E084
:105EE0005B4B01221A7002E05A4B01221A706423A4
:105EF000029301230193FB1C009301230F22D32162
:105F000051480EF095FC03461A46504B1A704F4B01
:105F10001B78002B09D1FB78D32B03D14E4B0022E9
:105F20001A7002E04C4B01221A7064230293012381
:105F30000193BB1C009301232022602142480EF0F4
:105F400077FC03461A46414B1A70404B1B78002BD6
:105F500009D1BB78062B03D1404B00221A7002E016
:105F60003E4B01221A7064230293022301933B1DCE
:105F7000009301230F22902139480EF059FC03466B
:105F80001A46324B1A70314B1B78002B0FD13B79DC
:105F90001B027A79134340F21712934203D1314B1B
:105FA00000221A7006E02F4B01221A7002E02E4BDD
:105FB00001221A706423029301230193FB1C0093B6
:105FC00001230F22D32126480EF032FC03461A4645
:105FD0001E4B1A701D4B1B78002B09D1FB78D32B5D
:105FE00003D1224B00221A7002E0204B01221A70CA
:105FF0006423029301230193BB1C009301232022FD
:10600000602117480EF014FC03461A460F4B1A7015
:106010000E4B1B78002B09D1BB78062B03D1144BF8
:1060200000221A7002E0124B01221A70054B186808
:1060300000230022002115F055FF00BF0837BD46A0
:1060400080BD00BF10220020FC040020101700209B
:1060500077020020E8160020790200207B02002051
:106060005005002078020020E91600207A02002066
:106070007C02002080B400AF0C4B1B78002B03D1B6
:106080000B4B1B78002B0BD0094B1B785BB25B00D2
:106090005AB2064B1B785BB213435BB2DBB200E033
:1060A00000231846BD465DF8047B70477B02002044
:1060B0007C02002080B400AF0C4B1B78002B03D176
:1060C0000B4B1B78002B0BD0094B1B785BB25B0092
:1060D0005AB2064B1B785BB213435BB2DBB200E0F3
:1060E00000231846BD465DF8047B70477702002008
:1060F0007802002080B400AF0C4B1B78002B03D13A
:106100000B4B1B78002B0BD0094B1B785BB25B0051
:106110005AB2064B1B785BB213435BB2DBB200E0B2
:1061200000231846BD465DF8047B704779020020C5
:106130007A02002080B400AF1A4B1B78002B0BD1E1
:10614000184B5B78002B07D1164B9B78002B03D1A3
:10615000144BDB78002B1CD0134B01221A70114B0F
:10616000DB785BB2DB005AB20E4B9B785BB29B00D4
:106170005BB213435AB20B4B5B785BB25B005BB212
:1061800013435AB2074B1B785BB213435BB2DBB2CB
:1061900003E0054B00221A7000231846BD465DF847
:1061A000047B7047141900207D02002080B400AFEA
:1061B0000F4B1B78002B03D10E4B1B78002B0ED0FE
:1061C0000D4B01221A700B4B1B785BB25B005AB26D
:1061D000074B1B785BB213435BB2DBB203E0064BA9
:1061E00000221A7000231846BD465DF8047B7047F4
:1061F000EA160020EB1600207E02002080B400AFDB
:10620000174B1B78002B0BD1164B1B78002B07D19B
:10621000154B1B78002B03D1144B1B78002B19D086
:106220000F4B1B785BB2DB005AB20E4B1B785BB294
:106230009B005BB213435AB20B4B1B785BB25B0003
:106240005BB213435AB2094B1B785BB213435BB288
:10625000DBB200E000231846BD465DF8047B7047C2
:10626000EC160020C0220020ED160020EE160020C3
:1062700080B485B000AF78600023FB7307E0FB7B40
:106280007A6813441B78002B01D0012303E0FB7BC9
:10629000262BF4D9002318461437BD465DF8047B3D
:1062A0007047000080B500AF15F05AFA0346044A63
:1062B000136015F055FA0346024A136000BF80BD13
:1062C00014170020181700202DE9B04F8CB000AF34
:1062D0000CF0CEFF484BF322DA600023BB600A23A8
:1062E0003B6101237B610223BB613A1D07F1080377
:1062F000114618460DF01EF90346002B74D13F4B92
:106300003B624FF4FA53FB610023FB6216E0FB6A29
:106310009B003B4A9918FB6A9B003A6A13441B682E
:1063200000229A46934652465B4602200CF04CFFF0
:106330000346002B07D1FB6A0133FB62FA6AFB6953
:106340009A42E4D300E000BF2E4B3B6240F6F433A8
:10635000FB610023BB6219E0BB6A9A00284B03F57E
:10636000FA430C33D118BB6A9B003A6A13441B688A
:1063700000229846914642464B4602200CF024FFEC
:106380000346002B07D1BB6A0133BB62BA6AFB69C3
:106390009A42E1D300E000BF1B4B3B6240F277130F
:1063A000FB6100237B6219E07B6A9A00144B03F5C2
:1063B0002C43E833D1187B6A9B003A6A13441B686C
:1063C00000221C46154622462B4602200CF0FCFEFD
:1063D0000346002B07D17B6A01337B627A6AFB6933
:1063E0009A42E1D300E000BF0CF064FF00BF3037F9
:1063F000BD46BDE8B08F00BF003C02400000006415
:1064000000000C08A0DC0064901E016480B500AFA1
:106410000B4A0C4B104619464FF4FA431A4622F029
:10642000ACF9084B03F52C43E8331A46064B1846E3
:10643000114640F2DC531A4622F09FF900BF80BD9E
:106440000000006400000C08901E016480B586B056
:1064500002AF78600B467B800523BB8100233B8124
:106460007B88184600F0F2F807F1080207F10C01EA
:106470004FF0FF3300930223786812F06AF87B88AC
:10648000184600F0F5F87B7A03F00203002B0CBFEE
:1064900001230023DBB218461037BD4680BD80B50E
:1064A00000AF00F0C7F8102000F0E2F8202000F064
:1064B000DFF8402000F0DCF84FF4007000F0D8F86E
:1064C00000BF80BD80B500AF4FF4FA4200214848BC
:1064D00021F071FA464B0F225A70464B00221A8067
:1064E000454B00221A80454B00221A80444B002263
:1064F0001A80444B00221A81434B00221A70434BEE
:1065000000221A70424B00221A70424B00221A706D
:10651000414B00221A70414B00221A7000F08AF899
:10652000102000F0A5F8202000F0A2F8402000F094
:106530009FF84FF4007000F09BF8394B00221A705E
:10654000374B00225A70364B00225A60344B0022DF
:106550009A60334B0022DA60314B00221A61304BD3
:1065600000229A822E4B00229A612D4B00221A772C
:106570002B494FF000024FF00003C1E9082310211E
:10658000284800F0F1F84FF47A7016F0D3FC20217F
:10659000244800F0E9F84FF47A7016F0CBFC402163
:1065A000204800F0E1F84FF47A7016F0C3FC4FF485
:1065B00000711C4800F0D8F84FF47A7016F0BAFC5D
:1065C000194B1B7842F6D0721946184821F0F3F99E
:1065D000174B00221A60164B1B68FF2213491846FE
:1065E00001F0A8F90A2016F0A5FC00BF80BD00BF8D
:1065F00000000064F8180020FA180020FC180020A1
:10660000FE18002000190020081900200919002098
:106610000A1900200B1900200C1900200D19002068
:10662000B01800205C0700208A020020D0AC006473
:10663000F418002080B500AF01224FF40051024849
:106640000DF04AFB00BF80BD0008024080B582B05B
:1066500000AF0346FB80FB880022194603480DF07B
:106660003BFB00BF0837BD4680BD00BF00080240AD
:1066700080B582B000AF0346FB80FB88012219463B
:1066800003480DF029FB00BF0837BD4680BD00BFA1
:106690000008024080B584B000AF78600B467B8074
:1066A0009F23FB737B881846FFF7D0FF07F10F018C
:1066B0000A230122786811F0EFFC7B88102B06D1A9
:1066C0000A2303221549786811F02AFE1DE07B8811
:1066D000202B06D10A2303221149786811F020FEED
:1066E00013E07B88402B06D10A2303220D497868EA
:1066F00011F016FE09E07B88B3F5007F05D10A236F
:1067000003220949786811F00BFE7B881846FFF7D1
:10671000AFFF00BF1037BD4680BD00BFE0180020AE
:10672000E4180020E8180020EC18002080B586B09E
:1067300002AF78600B467B800623FB737B8818468C
:10674000FFF784FF07F10E0207F10F010A23009300
:106750000123786811F0FDFE7B881846FFF788FF5B
:1067600000BF1037BD4680BD80B586B002AF7860EF
:106770000B467B800023BB607B681B68DB68BB60CB
:106780007B681B689B68BB60BB687B881946786820
:10679000FFF7CCFF7B8819467868FFF757FE034662
:1067A000002B05D07B881846FFF762FF01234CE0E1
:1067B000C723BB737B881846FFF748FF07F10E011C
:1067C0000A2300930123234A786811F0C2FE03468E
:1067D000FB737B881846FFF74BFFFB7B002B2CD10C
:1067E0004FF47A7016F0A6FB7B881846FFF72EFF51
:1067F0000A2300930223184A1849786811F0A9FE69
:106800000346FB737B881846FFF732FFFB7B002BA8
:1068100015D1114B5A78124B1A70114B1B7803F09B
:106820000103002B02D0052016F084FB0C4B1B78D3
:1068300003F00103002BD7D102E000BF00E000BF4E
:106840007B881846FFF714FFFB7B18461037BD46C0
:1068500080BD00BF1C1700205419002084020020B6
:106860004C17002090B58FB002AFF860B9607A6025
:106870003B60024B1B7887F82F307CE1B01800207A
:10688000BB68DBB2BB62BB6AC3F580737B627A6AAA
:106890003B68934228BF13463B620023BB61FB6801
:1068A0001B68DB68BB61FB681B689B68BB61BB69DD
:1068B000B7F840301946F868FFF738FFB7F84030AE
:1068C0001946F868FFF7C2FD0346002B40F05981D6
:1068D000AD4B02221A70BB681B0CDAB2AA4B5A707D
:1068E000BB681B0ADAB2A84B9A70BB68DAB2A64B37
:1068F000DA703A6A7968A54821F03FFFA44B1B780B
:10690000022B0BD9A24B00221A70A24B1B78013329
:10691000DAB2A04B1A70BB683033BB609D4B1B785A
:106920001D2B36D99C4B1B7818469C4B1B8819464F
:106930009B4A4FF47A6300FB03F30B445B00134460
:106940005B785AB2974B1B88194601238B405BB288
:1069500013435AB2904B1B781C46904B1B88184629
:10696000D1B28F4A4FF47A6304FB03F303445B0014
:1069700013440A465A708B4B1B8803F57F63BB6038
:10698000844B00221A70884B1B780133DAB2864B95
:106990001A70854B1B78042B42D97F4B1B78184605
:1069A0007E4B1B8819467E4A4FF47A6300FB03F343
:1069B0000B4412F81330784A12781446774A12883A
:1069C000104643F00103D9B2754A4FF47A6304FBD1
:1069D00003F3034402F813106F4B1B78734A32F829
:1069E0001320013291B2714A22F813106B4B1B88AD
:1069F00001339AB2694B1A80684B1B881A461346BA
:106A00001B029B1ADB01BB60614B00221A70614BB9
:106A100000221A70644B00221A70624B00221A8006
:106A20005D4B1B781A46614B33F81230B3F5FA6FA1
:106A300018D9594B1B780133DAB2574B1A7000231F
:106A4000BB60554B1B78184600F0CCF90346A7F8FD
:106A500040304F4B00221A704E4B00221A70524B9E
:106A600000221A70524B1B680021184615F07CFD5D
:106A700000BFFB681B689B6803F08003802BF8D085
:106A8000B7F840301846FFF7E1FD3B6A9BB204338C
:106A90009BB2484A3C49F86811F004FF0346FB7773
:106AA000FB7F002B40F08880414B1B684FF0FF318B
:106AB000184615F059FD00BFFB681B689B6803F082
:106AC0008003802BF8D0B7F840301846FFF7D0FD90
:106AD0000523BB8200233B82B7F840301846FFF7FE
:106AE000B5FD07F1100207F114010A2300930223F8
:106AF000F86811F02EFD0346FB77B7F840301846D2
:106B0000FFF7B6FDFB7F002B58D17B7C03F0010320
:106B1000002B02D0012016F00DFA7B7C03F001035C
:106B2000002BD9D1BA683B6A1344BB607A683B6AD0
:106B300013447B603A683B6AD31A3B60B7F8403035
:106B4000184600F0A5FD0346002B14BF01230023C7
:106B5000BB77BB7F002B05D00D4B1B780133DAB21E
:106B60000B4B1A70B7F84030184600F091FD034601
:106B7000002B7FF4C3AE3B68002B7FF481AE002373
:106B800023E000BF1BE000BF84170020881700200F
:106B90000819002009190020B0180020F81800205A
:106BA00000000064FC1800200A19002000190020D1
:106BB000082200204C18002000BF00E000BFB7F8FA
:106BC00040301846FFF754FD012318463437BD46C0
:106BD00090BD00BF80B586B000AFF860B9607A6044
:106BE0007B802F4B1B680021184615F0BDFC00234D
:106BF0003B61FB681B68DB683B61FB681B689B684B
:106C00003B613B697B8804331A460021254820F00C
:106C1000D2FE244B03221A70BB681B0CDAB2214B44
:106C20005A70BB681B0ADAB21E4B9A70BB68DAB2A4
:106C30001C4BDA703B8C1846FFF708FD7B88043349
:106C40009BB2194A1749F86811F02CFE0346FB75F0
:106C5000FB7D002B1AD1124B1B684FF0FF311846F9
:106C600015F082FC00BFFB681B689B6803F0800383
:106C7000802BF8D03B8C1846FFF7FAFC7B881A462D
:106C80000A49786821F079FD002305E000BF3B8CBC
:106C90001846FFF7EDFC012318461837BD4680BDA6
:106CA0000822002084170020E8170020EC1700209D
:106CB00080B588B002AFF860B9601346FB8000234E
:106CC000FB7503237B75424B20221A70BB681B0C9B
:106CD000DAB23F4B5A70BB681B0ADAB23C4B9A706F
:106CE000BB68DAB23A4BDA7000233B61FB681B6881
:106CF000DB683B61FB681B689B683B613B69FB8809
:106D00001946F868FFF712FDFB881946F868FFF787
:106D10009DFB0346002B05D0FB881846FFF7A8FC17
:106D2000012351E0FB881846FFF790FC0A230093EB
:106D30000423284A2649F86811F00BFC0346BB756A
:106D4000FB881846FFF794FCBB7D002B32D16420F2
:106D500016F0F0F8FB881846FFF778FC0A2300933A
:106D600002231D4A1D49F86811F0F3FB0346BB7569
:106D7000FB881846FFF77CFCBB7D002B1CD1164B13
:106D80005A78174B1A70164B1B7803F00103002B2F
:106D900002D0052016F0CEF8FB7D0133FB75104BB9
:106DA0001B7803F00103002B08D0FA7D7B7D9A420B
:106DB000D0D303E000BF02E000BF00E000BFFB88CB
:106DC0001846FFF755FCBB7D18461837BD4680BDF9
:106DD000581900201C1700205C1900208802002090
:106DE0004C17002080B483B000AF0346FB71FB79E1
:106DF000032B14D801A252F823F000BF0D6E000837
:106E0000116E0008156E0008196E0008102307E0C7
:106E1000202305E0402303E04FF4007300E010233B
:106E200018460C37BD465DF8047B7047F0B587B057
:106E300002AF7860884B1B684FF0FF31184615F0A1
:106E400093FB864B1B781846FFF7CCFF0346BB81AC
:106E5000824B1B781846824B1B881946814A4FF497
:106E60007A6300FB03F30B4412F81330002B13D0AA
:106E70007B4B1B8801339AB2794B1A80784B1B8865
:106E80001A4613461B029B1ADB011A46734B5A60C3
:106E9000754B00221A7002E0734B01221A706F4B7F
:106EA0001B7818466E4B1B8819466E4A4FF47A635E
:106EB00000FB03F30B445B0013445B781A466B4BF7
:106EC0001B8842FA03F303F00103002B14BF0123D4
:106ED0000023DAB2664B1A70654B1B78002B0FD07B
:106EE000624B1B8801339AB2604B1A805B4B5B6824
:106EF00003F57F63594A53605E4B00221A7002E02B
:106F00005C4B01221A70554B5B685B4A934208D96F
:106F1000524B00225A60514B1B780133DAB24F4B6F
:106F20001A70514B1B7883F00103DBB2002B8FD119
:106F3000504B1B7883F00103DBB2002B88D14F4B01
:106F40001B7883F00103DBB2002B34D0434B1B7F53
:106F5000002B30D0414B5968BB8900933023484AFD
:106F60004848FFF737FE0A2015F0E4FF444B1B7832
:106F7000CD2B15D10023FB73384B5B683033374A78
:106F80005360364BDB680133344AD360334B1B69A3
:106F90000133324A136100F061FE00F091FE01E01E
:106FA0000123FB73FB7B83F00103DBB2002BD1D108
:106FB000324B01221A703022FF21334820F0FBFCB3
:106FC000314A7B681C46164604F1300C3546234690
:106FD000186859689A68DB680FC510341036644524
:106FE000F4D11E4B5968BB8900933023264A2548AB
:106FF000FFF738FC0346002B08D0174B1868002316
:107000000022002114F06EFF012320E0134B012227
:107010001A77124B5B683033104A53600F4BDB68B2
:1070200001330E4AD3600D4B1B6901330B4A1361C8
:1070300000F014FE00F044FE074B18680023002205
:10704000002114F04FFF0D4B01221A700023184647
:107050001437BD46F0BD00BFF8210020B018002055
:10706000F8180020000000640C190020FC18002013
:107070001B1900200D190020ABAA2A001A190020A4
:10708000201900205C07002050170020F0B587B0C1
:1070900002AF78605F4B1B684FF0FF31184615F068
:1070A00063FA5D4B5B781846FFF79CFE0346FB8155
:1070B000594B5A78584B1B789A421ED1564B9A68B6
:1070C000554B5B689A4200D017E0534B00229A6000
:1070D000514B00225A60504B00229A604E4B0022C6
:1070E0005A604D4B00221A774A4B18680023002241
:1070F000002114F0F7FE0123B7E1474B5B781846F7
:10710000464B1B881946464A4FF47A6300FB03F34B
:107110000B4412F81330002B13D0404B1B88013363
:107120009AB23E4B1A803D4B1B881A4613461B02EF
:107130009B1ADB011A46384B9A603A4B00221A70B0
:1071400002E0384B01221A70334B5B781846334B00
:107150001B881946324A4FF47A6300FB03F30B4451
:107160005B0013445B781A462F4B1B8842FA03F3EB
:1071700003F00103002B14BF01230023DAB22B4BD1
:107180001A702A4B1B78002B0FD0274B1B8801331A
:107190009AB2254B1A80204B9B6803F57F631E4AE9
:1071A0009360234B00221A7002E0214B01221A70D7
:1071B000194B9B681F4A934208D9174B00229A60CB
:1071C000154B5B780133DAB2134B5A70154B1B78B1
:1071D00083F00103DBB2002B8FD1154B1B7883F0BA
:1071E0000103DBB2002B88D10B4B9968FB8900931C
:1071F0003023114A1148FFF7EDFC0346002B1FD046
:10720000044B186800230022002114F06BFE0123B8
:107210002BE100BFF8210020B0180020FA18002050
:10722000000000640C190020FE1800201B1900202B
:107230000D190020ABAA2A00501700205C0700207F
:107240002D228C49786821F098FAFB89184600F0C5
:10725000C5F90346042B05DD874B1B780133DAB2F1
:10726000854B1A70844B1B78282B29D9FB89013B4D
:10727000824A12881046824A4FF47A6101FB03F376
:1072800003445B0013445B785AB27E4B1B8819465B
:1072900001238B405BB2134359B2FB89013B774A10
:1072A00012881646C8B2764A4FF47A6101FB03F39E
:1072B00033445B00134402465A706F4B00221A702D
:1072C000FB89184600F08AF90346DAB26E4B1B7848
:1072D0001344DAB26C4B1A70FB89184600F032F98D
:1072E0006A4B9B683033694A9360684B9B8A0133D1
:1072F0009AB2664B9A82654B9B690133634A9361EC
:10730000624B9B8A542B37D9604B00229A825F4B89
:107310009B6803F6FF7323F47F6323F00F035B4A3C
:1073200093605A4B9A685A4B1B68D31A00221C462A
:107330001546564BC3E90845544BD3E9082311467B
:10734000FB891A465348FFF7B3FCFB89184600F047
:107350005BF94C4B1B8801339AB24A4B1A80494B5C
:107360001B88082B08D1474B00221A80434B1B88EF
:1073700001339AB2414B1A80444B9B69464A93426F
:1073800028D9424B00229A61404B00229A823F4BFF
:107390005B780133DAB23D4B5A703C494FF0000242
:1073A0004FF00003C1E90823364B00221A80334B0B
:1073B00000221A80354B5B78032B08D9334B00220F
:1073C0005A70304B00221A802C4B00221A802F4B0F
:1073D00000229A602D4B5A782C4B1B789A4236D15A
:1073E0002A4B9A68294B5B689A4230D1274B00227E
:1073F0009A60264B00225A60244B00229A60234B4D
:1074000000225A60214B00221A77204B00221A7763
:10741000224B00221A80224B00221A80174B002296
:107420001A80184B00221A80184B0022DA60174B82
:1074300000221A61154B00221A70144B00225A7058
:10744000124B00229A82114B00229A6102E00F4BEC
:1074500001221A77134B00221A70134B186800236D
:107460000022002114F03EFD002318461437BD46CB
:10747000F0BD00BF501700200B190020FA180020A3
:1074800000000064FE180020DC180020B018002066
:10749000800200205C070020AAAA2A00F818002019
:1074A000FC18002050190020F821002080B584B07D
:1074B00000AF0346FB808123FB73FB881846FFF770
:1074C000C5F807F10F010A230122094810F0E4FD75
:1074D0000A2301220749064810F022FFFB881846BC
:1074E000FFF7C6F8034B1B7818461037BD4680BD22
:1074F0005C070020D918002080B584B000AF034697
:10750000FB80B323FB73FB881846FFF79FF807F156
:107510000F010A230122094810F0BEFD0A230122AF
:107520000749064810F0FCFEFB881846FFF7A0F854
:10753000034B1B7818461037BD4680BD5C07002002
:10754000DA18002080B584B000AF0346FB80B62374
:10755000FB73FB881846FFF779F807F10F010A2340
:107560000122054810F098FDFB881846FFF780F8C7
:1075700000BF1037BD4680BD5C07002080B584B0D9
:1075800000AF0346FB80FB881846FFF78FFF0346DA
:10759000DBB203F00803FB73FB7B082B01D1012353
:1075A00000E0002318461037BD4680BD80B584B08A
:1075B00000AF0346FB80FB881846FFF777FF0346C2
:1075C000DBB203F00403FB73FB7B042B01D101232B
:1075D00000E0002318461037BD4680BD80B584B05A
:1075E00000AF0346FB80FB881846FFF785FF034684
:1075F000DBB203F03C03FB73FB7B9B08FB73FB7B61
:1076000018461037BD4680BD80B584B000AF034634
:10761000FB8000233B73FB881846FFF7DFFF034620
:107620003B73FB881846FFF7A9FF0346FB723B7BC1
:10763000062B02D10123FB7301E00023FB73FB7ACD
:10764000002B02D00123BB7301E00023BB730F4B5F
:107650001B78142B02D101237B7301E000237B7381
:10766000FB7B002B05D1BB7B002B02D17B7B002B4E
:1076700001D0012300E00023BB72BB7A03F00103B9
:10768000BB72BB7A18461037BD4680BDD8180020A3
:1076900080B584B000AF0346FB80FB881846FFF737
:1076A00085FF0346BB73BB7B002B05D00C4B1B78BF
:1076B0000133DAB20A4B1A70094B1B78032B08D13D
:1076C0000123FB73074B1B780133DAB2054B1A70A9
:1076D00001E00023FB73FB7B18461037BD4680BDDD
:1076E000DB180020D818002080B500AF00224FF42E
:1076F000005102480CF0F0FA00BF80BD00080240C3
:1077000080B584B000AF0346FB800523FB73FB8884
:107710001846FEF79BFF07F10F010A238022074856
:1077200010F0BAFCFB881846FEF7A2FFFFF7DCFF5B
:10773000FEF780FF00BF1037BD4680BD5C0700200C
:1077400080B584B000AF0346FB71FB791846FFF7A4
:1077500049FB0346BB81BB8919465348FEF79AFF94
:10776000BB89102B1AD1514B1B789D2B07D14F4B46
:107770005B78602B03D14D4B9B781B2B0AD04C4B75
:1077800001221A70FB7B0133FB73BB891846FFF79C
:10779000B7FF5DE0464B00221A7059E0BB89202BF1
:1077A0001AD1444B1B789D2B07D1424B5B78602B41
:1077B00003D1404B9B781B2B0AD03D4B01221A7002
:1077C000FB7B0133FB73BB891846FFF799FF3FE052
:1077D000374B00221A703BE0BB89402B1AD1364B45
:1077E0001B789D2B07D1344B5B78602B03D1324B38
:1077F0009B781B2B0AD02E4B01221A70FB7B013386
:10780000FB73BB891846FFF77BFF21E0284B002262
:107810001A701DE0BB89B3F5007F19D1274B1B7887
:107820009D2B07D1254B5B78602B03D1234B9B7895
:107830001B2B0AD01E4B01221A70FB7B0133FB73FA
:10784000BB891846FFF75CFF02E0194B00221A7053
:10785000FB7B012B04D8164B1B78002B7FF47BAFEE
:10786000BB89013B164A32F81330B3F5FA6F03D3E4
:10787000144B01221A7002E0124B00221A700C4BBA
:107880001B78002B03D10F4B1B78002B01D0012359
:1078900000E00023FB72FB7A03F00103FB72FB7A2A
:1078A00018461037BD4680BD5C070020E018002058
:1078B00018190020E4180020E8180020EC18002017
:1078C000001900201919002080B582B000AF174BB5
:1078D00000221A6000237B6019E07B68DBB2184647
:1078E000FFF72EFF03461946114A7B6813440A46E8
:1078F0001A700F4A7B6813441B78002B04D00B4B83
:107900001B680133094A13607B6801337B607B6825
:10791000032BE2DD054B1B68042B01D1012300E0A2
:10792000002318460837BD4680BD00BF101900204F
:107930001419002080B58EB002AFF860B96013460C
:10794000FB71724B1B684FF0FF31184614F00CFEB0
:1079500005233B830023BB826D4AFB681360002331
:1079600087F82F30AFE03023BB62A3E0684B1B6881
:10797000DBB27B627B6AC3F580733B623A6ABB6AA7
:10798000934228BF1346FB6100233B61614B1B6898
:10799000DB683B615F4B1B689B683B613B69102167
:1079A0005C48FEF7C3FE10215A48FEF74FFD034620
:1079B000002B40F09780584B02221A70544B1B68E2
:1079C0001B0CDAB2544B5A70514B1B681B0ADAB2CB
:1079D000514B9A704E4B1B68DAB24F4BDA70BB6A50
:1079E000C3F13003BA681344FA6919464B4820F0D2
:1079F000C4FE4B4B1B680021184614F0B5FD00BFB8
:107A0000444B1B689B6803F08003802BF8D0102048
:107A1000FEF71CFEFB699BB204339BB2414A3E4910
:107A20003C4810F03FFF0346FB76FB7E002B5BD10A
:107A30003B4B1B684FF0FF31184614F095FD00BF1B
:107A4000344B1B689B6803F08003802BF8D0102018
:107A5000FEF70EFE1020FEF7F9FD07F1140207F104
:107A600018010A23009302232A4810F072FD0346EE
:107A7000FB761020FEF7FCFDFB7E002B36D17B7DD4
:107A800003F00103002B02D0012015F053FA7B7D97
:107A900003F00103002BDDD11D4B1A68FB69134471
:107AA0001B4A1360BA6AFB69D31ABB62BA68FB69E6
:107AB0001344BB60BB6A002B7FF458AF97F82F309C
:107AC000013387F82F3097F82F20FB799A42FFF483
:107AD0004AAF0E4B186800230022002114F002FA6E
:107AE00000230FE000BF02E000BF00E000BF074B33
:107AF000186800230022002114F0F4F91020FEF78A
:107B0000B7FD012318463037BD4680BDF82100205F
:107B10001C1900205C070020841700208817002013
:107B2000082200204C18002080B588B000AFF86013
:107B3000B9601346FB71434B1B684FF0FF31184689
:107B400014F012FD3023BB610023FB775CE03E4B59
:107B50001B680021184614F007FD00233B613B4BD6
:107B60001B68DB683B61394B1B689B683B613B6969
:107B7000BB6904331A46002135481FF01CFF344B03
:107B800003221A70FB681B0CDAB2314B5A70FB6887
:107B90001B0ADAB22E4B9A70FB68DAB22C4BDA7001
:107BA0001020FEF753FDBB699BB204339BB2294AF8
:107BB0002749264810F076FE0346FB75FB7D002B17
:107BC0002FD1214B1B684FF0FF31184614F0CCFC2D
:107BD00000BF1E4B1B689B6803F08003802BF8D00E
:107BE0001020FEF745FDBA691B49B86820F0C5FDB5
:107BF000FB683033FB60BB683033BB600A2015F094
:107C000099F9FB7F0133FB77FA7FFB799A429ED388
:107C10000C4B186800230022002114F063F90023A4
:107C20000BE000BF1020FEF723FD064B1868002371
:107C30000022002114F056F9012318462037BD46D2
:107C400080BD00BFF8210020082200205C07002032
:107C500084170020E8170020EC17002080B400AF44
:107C6000144BDB68542B1FD9134B1B8801339AB27A
:107C7000114B1A80104B1B88082B08D10E4B002289
:107C80001A800E4B1B8801339AB20C4B1A80094B99
:107C90000022DA60074B5B6803F6FF7323F47F630F
:107CA00023F00F03034A536000BFBD465DF8047B19
:107CB000704700BFB0180020FC180020F818002002
:107CC00080B500AF164B1B69164A934224D9164B58
:107CD00000221A80154B00221A80114B00221A61D3
:107CE0000F4B0022DA600E4B1B780133DAB20C4BDB
:107CF0001A700B4B1B78032B0BD90D4B01221A70FA
:107D00000C4B186800230022002114F0EBF801232B
:107D100003E0034B00225A600023184680BD00BFD9
:107D2000B0180020AAAA2A00FC180020F818002089
:107D300050190020F821002080B500AF0A4802F059
:107D400021F80A4B00221A703822002108481FF03F
:107D500032FE00F011F8034601221946054811F0E1
:107D6000AEFD00BF80BD00BF60190020C519002016
:107D7000C81900200409002080B400AF024B184647
:107D8000BD465DF8047B70475E19002080B582B067
:107D900000AF0346FB71FB791946064802F003F871
:107DA0000346012B02D1044B01221A7000BF083791
:107DB000BD4680BD60190020C519002080B400AF09
:107DC000074B1B78DBB2002B04D0054B00221A7046
:107DD000044B00E000231846BD465DF8047B704765
:107DE000C51900206019002080B487B000AF87ED6E
:107DF000010A0346FB7097ED017ADFED1E6AC7EEBC
:107E0000267AFDEEE77A17EE903A3B613B696422F1
:107E100002FB03F307EE903AF8EEE77A97ED017A6A
:107E200077EE677AC7ED037A3B6907EE903AB8EED2
:107E3000E77AD7ED036A9FED106AC6EE867A77EE91
:107E4000277AC7ED057AFB78532B02D0FB78572BA6
:107E500005D1D7ED057AF1EE677AC7ED057A7B6932
:107E600007EE903AB0EE670A1C37BD465DF8047B1A
:107E7000704700BF0000C8420000704280B487B065
:107E800000AFF8607A601A460B46FB721346BB726D
:107E90000023FB750023BB8200237B820BE0BB8A9F
:107EA000FA6813441B782C2B02D1FB7D0133FB7540
:107EB000BB8A0133BB82BB8AFA6813441B78002B50
:107EC00012D0FA7DFB7A9A42E9D30DE0BB8AFA68B8
:107ED0001A447B8A79680B4412781A70BB8A013382
:107EE000BB827B8A01337B82BB8AFA6813441B788E
:107EF000002B10D0BB8AFA6813441B782C2B0AD0B5
:107F0000BB8AFA6813441B782A2B04D07A8ABB7A7E
:107F1000013B9A42DADB7B8A7A68134400221A70AA
:107F200000BF1C37BD465DF8047B704780B483B04A
:107F300000AF78607B681B78303BDBB21A4692005A
:107F400013445B00DAB27B6801331B781344DBB265
:107F5000303BDBB218460C37BD465DF8047B7047FA
:107F60002DE9B04FF6B000AFC7F86C010622ED491D
:107F7000D7F86C011FF045FD0346002B09D00622FF
:107F8000E949D7F86C011FF03CFD0346002B40F097
:107F9000578207F5C27202230221D7F86C01FFF75E
:107FA0006DFF97F88431412B40F04182DF4A012375
:107FB00082F8353007F5E0720F230121D7F86C0104
:107FC000FFF75CFF07F5B8720F230921D7F86C01A2
:107FD000FFF754FF07F5E0731846FFF7A7FF0346C6
:107FE00087F8D43107F5E07302331846FFF79EFF98
:107FF000034687F8D33107F5E07304331846FFF7DB
:1080000095FF034687F8D23107F5B8731846FFF796
:108010008DFF034687F8D13107F5B8730233184650
:10802000FFF784FF034687F8D03107F5B8730433B0
:108030001846FFF77BFF034687F8CF31BB4A97F816
:10804000CF3182F83030B94A97F8D03182F83130E8
:10805000B64A97F8D13182F83230B44A97F8D43121
:1080600082F83330B14A97F8D33182F83430AF4ACE
:1080700097F8D23182F8353097F8CF310022C7F81F
:108080004031C7F84421AA4BD7E950894A4603FB3F
:1080900002F20223414601FB03F31A44A44B41467A
:1080A000A1FB0313C7F864310B46C7F86031D7F85A
:1080B0006431D318C7F8643197F8D0310022C7F87B
:1080C0003831C7F83C219B4BD7E94E894A4603FB20
:1080D00002F20023414601FB03F31A44954B41464B
:1080E000A1FB0313C7F85C310B46C7F85831D7F82A
:1080F0005C31D318C7F85C31D7E958894346D7E9D2
:10810000560102469B18C7F830310B464A4642EBEF
:108110000303C7F8343197F8D4310022C7F8283167
:10812000C7F82C21D7E94A8942464B464FF0000058
:108130004FF00001990041EA9271900002460B460F
:1081400041465418494643EB01054FF000024FF0F9
:108150000003EB0043EA5473E20014461D46434615
:10816000B4EB030A404649460B4665EB030B4FF060
:1081700000024FF000034FEA0B1343EA1A734FEA71
:108180000A1292469B4603461AEB03033B670B46D3
:108190004BEB03037B674FF000024FF00003D7E97E
:1081A0001C4529460B01214643EA117321460A0169
:1081B00014461D4697F8D1310022C7F82031C7F880
:1081C0002421D7E9488942464B464FF000004FF042
:1081D0000001590141EAD261500102460B46414675
:1081E000511AB966494663EB0103FB664FF0000282
:1081F0004FF00003D7E91AAB59464B02514643EA08
:10820000D15351464A0210461946034642469B182E
:108210003B660B464A4642EB03037B664FF0000287
:108220004FF00003D7E918AB59468B01514643EA9A
:10823000916351468A015146511AB965594663EB1B
:108240000103FB65D7E91601034642469B18C7F8B0
:1082500018314B460A4642EB0303C7F81C31D7E9F5
:1082600046120B46E318C7F81031134645EB0303DB
:10827000C7F81431D7E94C452346D7E944010246F3
:108280009B18C7F808310B462A4642EB0303C7F890
:108290000C3197F8D3310022C7F80031C7F8042118
:1082A000D7E9404522462B46911839655B417B65ED
:1082B000D7E9142321465118B96429464B41FB6480
:1082C0004FF000024FF00003D7E9128949464B01F5
:1082D000414643EAD16341464A014146891839641F
:1082E000494643EB01017964D7E910010346224670
:1082F0009B18C7F8F8302B460A4642EB0303C7F831
:10830000FC30D7E942452346D7E93E0102469B1897
:10831000C7F8F0300B462A4642EB0303C7F8F430A7
:108320000AE000BF28B1020830B10208C8190020D5
:1083300000E40B5400E1F50597F8D2310022C7F8AC
:10834000E830C7F8EC20D7E93C452346D7E93A01A5
:1083500002469B18C7F8E0300B462A4642EB03035F
:10836000C7F8E430344BD7E93812C3E90A1207F5ED
:10837000D8720F230321D7F86C01FFF77FFD07F5B3
:10838000CE7202230421D7F86C01FFF777FD97F82E
:10839000B031002B1AD007F5D87318461EF04AFBEF
:1083A00053EC102B10461946F8F72EFC024697F8AE
:1083B0009C31184600EE102AFFF716FDF0EE407AC9
:1083C0001D4BC3ED007A1C4A1B4B9A6107F5C67220
:1083D0000F230521D7F86C01FFF750FD07F5C47294
:1083E00002230621D7F86C01FFF748FD97F88C317E
:1083F000002B00F0A98207F5C67318461EF01AFB81
:1084000053EC102B10461946F8F7FEFB024697F87E
:108410008831184600EE102AFFF7E6FCF0EE407AAD
:10842000054BC3ED017A054A034BDA618CE2024B3E
:10843000002283F8352087E2C8190020CC190020DB
:108440000622E349D7F86C011FF0DBFA0346002B44
:1084500009D00622DF49D7F86C011FF0D2FA034693
:10846000002B40F0748207F5C07202230621D7F872
:108470006C01FFF703FD97F88031302B00F05F822D
:1084800097F88031002B00F05A82D34A012382F8FA
:10849000353007F5E0720F230121D7F86C01FFF7A3
:1084A000EDFC07F5E0731846FFF740FD034687F83B
:1084B000D73107F5E07302331846FFF737FD03465F
:1084C00087F8D63107F5E07304331846FFF72EFD21
:1084D000034687F8D531C14B1B78BF4A82F830304C
:1084E000BE4B5B78BC4A82F83130BC4B9B78BA4AB1
:1084F00082F83230B84A97F8D73182F83330B64A2A
:1085000097F8D63182F83430B34A97F8D53182F8EB
:108510003530B24B1B78DBB20022C7F8D830C7F831
:10852000DC20AF4BD7E936452A4603FB02F2022393
:10853000214601FB03F31A44A94B2146A1FB031377
:10854000C7F854310B46C7F85031D7F85431D31817
:10855000C7F85431A14B5B78DBB20022C7F8D030AA
:10856000C7F8D4209F4BD7E934452A4603FB02F2D3
:108570000023214601FB03F31A449A4B2146A1FB39
:108580000313C7F84C310B46C7F84831D7F84C31C4
:10859000D318C7F84C31D7E954452346D7E95201DF
:1085A00002469B18C7F8C8300B462A4642EB030325
:1085B000C7F8CC3097F8D7310022C7F8C030C7F8D9
:1085C000C420D7E9304522462B464FF000004FF03B
:1085D0000001990041EA9271900002460B46214643
:1085E00012EB0108294643EB01094FF000024FF05E
:1085F00000034FEAC90343EA58734FEAC8029046A2
:1086000099462346B8EB0303BB632B4669EB030390
:10861000FB634FF000024FF00003D7E90E89494693
:108620000B01414643EA117341460A0110461946BF
:10863000034622469B183B632B460A4642EB030344
:108640007B634FF000024FF00003D7E90C45294649
:108650000B01214643EA117321460A0114461D46C7
:108660005E4B9B78DBB20022C7F8B830C7F8BC205D
:10867000D7E92E8942464B464FF000004FF00001EB
:10868000590141EAD261500102460B464146511A56
:10869000B962494663EB0103FB624FF000024FF001
:1086A0000003D7E90AAB59464B02514643EAD1537E
:1086B00051464A0210461946034642469B183B6201
:1086C0000B464A4642EB03037B624FF000024FF039
:1086D0000003D7E908AB59468B01514643EA916341
:1086E00051468A015146511AB961594663EB01035B
:1086F000FB61D7E90601034642469B18C7F8B03034
:108700004B460A4642EB0303C7F8B430D7E92C12B4
:108710000B46E318C7F8A830134645EB0303C7F828
:10872000AC30D7E932452346D7E92A0102469B18E7
:10873000C7F8A0300B462A4642EB0303C7F8A43023
:1087400097F8D6310022C7F89830C7F89C20D7E9AF
:10875000264522462B46911839615B417B61D7E95A
:10876000042321465118B96029464B41FB604FF064
:1087700000024FF00003D7E9028949464B01414608
:1087800043EAD16341464A01414689183960494666
:1087900043EB01017960D7E90001034622469B18AB
:1087A000C7F890302B460A4642EB0303C7F89430D3
:1087B000D7E928452346D7E9240102469B18C7F884
:1087C00088300B462A4642EB0303C7F88C300BE097
:1087D00038B1020840B10208C81900202C2200203C
:1087E00000E40B5400E1F50597F8D5310022C7F8F5
:1087F0008030C7F88420D7E922452346D7E92001F5
:1088000002469B18BB670B462A4642EB0303FB67F5
:10881000524BD7E91E12C3E90A12514BD3E9002388
:108820004E49C1E90A2307F5D8720F230221D7F870
:108830006C01FFF723FB07F5CE7202230321D7F863
:108840006C01FFF71BFB07F5D0720F230921D7F846
:108850006C01FFF713FB97F8B031002B1AD007F526
:10886000D87318461EF0E6F853EC102B1046194644
:10887000F8F7CAF9024697F89C31184600EE102A1C
:10888000FFF7B2FAF0EE407A344BC3ED007A334A88
:10889000324B9A6107F5D0720F230921D7F86C018A
:1088A000FFF7ECFA97F8A031002B11D007F5D07341
:1088B00018461EF0BFF853EC102B10461946F8F777
:1088C000A3F90346254A9360264A244B1A6206E020
:1088D000224B4FF000029A60204B00221A6207F5EB
:1088E000C6720F230421D7F86C01FFF7C7FA07F50A
:1088F000C47202230521D7F86C01FFF7BFFA97F87D
:108900008C31002B22D007F5C67318461EF092F862
:1089100053EC102B10461946F8F776F9024697F8F3
:108920008831184600EE102AFFF75EFAF0EE407A22
:108930000A4BC3ED017A0C4A084BDA6106E0074B9B
:10894000002283F8352002E000BF00E000BF00BF36
:1089500007F5EC77BD46BDE8B08F00BFC819002011
:10896000D8190020D0190020CC19002080B582B081
:1089700000AFFFF723FA78607B68002B1AD0786885
:1089800001F04AFA0346002B14D006220C497868FD
:108990001FF037F80346002B07D0062209497868F4
:1089A0001FF02FF80346002B04D17868FFF7D8FAA0
:1089B000012300E0002318460837BD4680BD00BFF4
:1089C00038B1020840B102082DE9B04FA6B002AF9D
:1089D000F861002387F88F300723C7F88830002319
:1089E000A7F88C300023A7F8863000F0F7F814F0D1
:1089F000A3FC034600223B617A61D7E904234FF0D0
:108A000000004FF00001590141EAD26150010246D5
:108A10000B463969B2EB0108796963EB01094FF044
:108A200000024FF000034FEA890343EA98734FEACC
:108A3000880290469946D7E904120B4618EB0303C7
:108A40003B60134649EB03037B604FF000024FF09D
:108A50000003D7E900894946CB00414643EA5173F8
:108A60004146CA00104619464FF47A724FF000038F
:108A7000F8F76AF902460B461346A7F88C30544BB8
:108A800018686423009301230122D7F8881012F09C
:108A900081FEC7F8800007F17C03642200924FF04A
:108AA000FF320021002015F00FFC0346012B0FD1EF
:108AB000FB6F03F00103002B02D0012387F88F30F6
:108AC000FB6F03F00203002B02D0002387F88F30E6
:108AD000D7F88020D7F888301340D7F888209A42FA
:108AE000CDD197F88F30002BC9D014F025FC034668
:108AF00000229A46934652465B464FF000004FF0E4
:108B00000001590141EAD261500102460B46B2EB25
:108B10000A0463EB0B054FF000024FF00003AB00BB
:108B200043EA9473A20014461D4614EB0A03BB608B
:108B300045EB0B03FB604FF000024FF00003D7E959
:108B400002894946CB00414643EA51734146CA0077
:108B5000C7E90223104619464FF47A724FF000031A
:108B6000F8F7F2F802460B461346A7F88630B7F836
:108B70008C20B7F886301146184600F0FBF807F154
:108B800024031846FCF7BCFB124B1B684FF0FF3167
:108B9000184613F0E9FC07F14C0307F124012722E2
:108BA0000B20FAF7B4FE0B4B1868002300220021BB
:108BB00013F098F9084B186807F14C0100234FF0A7
:108BC000FF3213F08FF9B7F88630A7F88C3056E7EC
:108BD0001817002014220020601C0020B0B59AB0A5
:108BE00002AF4FF07E537B634FF00003BB634FF047
:108BF0000003FB634FF00003BB624FF07E53FB6248
:108C00004FF000033B6307F1440300221946534829
:108C10000DF0CDFB07F14003002219464F480DF03F
:108C2000A8FC97F8433003F5FA6097F841301946ED
:108C300097F842301C4697F844301D4697F8453067
:108C400097F84620019200932B46224608F0ACFD8F
:108C500087ED170A07F13403184697ED170A02F05B
:108C600065FE3F4BD3ED007A3D4B93ED017A3C4BD3
:108C7000D3ED026A07F128031846F0EE661AB0EE4B
:108C8000471AF0EE670A97ED170A02F06DFE354BB2
:108C90001B684FF0FF31184613F066FC324B1B681F
:108CA000BB65304B186800230022002113F01AF92D
:108CB0002E4B1B8807EE903AB8EE677A2B4B5B88F9
:108CC00007EE903AF8EE677A77EE677AC7ED077AA3
:108CD000264B9B8807EE903AB8EE677A234BDB88E9
:108CE00007EE903AF8EE677A77EE677AC7ED087A82
:108CF0001E4B1B8907EE903AB8EE677A1B4B5B89D7
:108D000007EE903AF8EE677A77EE677AC7ED097A60
:108D1000BB6D1B683B61BB6D5B687B61BB6D9B681A
:108D2000BB61BB6DDB687B60BB6D1B69BB60BB6DF2
:108D30005B69FB6007F1280007F11C0207F13401B1
:108D40003B1D019307F1100300930346084805F00B
:108D500073FD00BF6037BD46B0BD00BFF805002001
:108D6000C819002028220020600200206C22002068
:108D7000041A0020B0B59CB002AF03460A46FB803F
:108D80001346BB804FF000037B664FF07E53BB63FE
:108D90004FF00003FB634FF000033B644FF0000310
:108DA000FB624FF07E533B634FF000037B6307F1A0
:108DB00048030022194668480DF0F9FA07F1440308
:108DC0000022194664480DF0D4FB97F8473003F5AC
:108DD000FA6097F84530194697F846301C4697F8E0
:108DE00048301D4697F8493097F84A200192009381
:108DF0002B46224608F0D8FC87ED180A07F1380305
:108E0000184697ED180A02F091FD544BD3ED007A05
:108E1000524B93ED017A514BD3ED026A07F12C03CB
:108E20001846F0EE661AB0EE471AF0EE670A97EDB4
:108E3000180A02F099FD4A4B1B684FF0FF311846A3
:108E400013F092FB474B1B68FB65454B18680023EA
:108E50000022002113F046F8434B1B8807EE903A9E
:108E6000B8EE677A404B5B8807EE903AF8EE677A87
:108E700077EE677AC7ED087A3B4B9B8807EE903A0E
:108E8000B8EE677A384BDB8807EE903AF8EE677AEF
:108E900077EE677AC7ED097A334B1B8907EE903A74
:108EA000B8EE677A304B5B8907EE903AF8EE677A56
:108EB00077EE677AC7ED0A7AFB6D1B687B61FB6D05
:108EC0005B68BB61FB6D9B68FB61FB6DDB68BB6036
:108ED000FB6D1B69FB60FB6D5B693B61234B1B6892
:108EE0004FF0FF31184613F03FFB214B04221A606C
:108EF000FA88BB88D31A9AB21E4B1A801D4B1B8866
:108F000007EE903AB8EE677ADFED1B6AC7EE267A75
:108F1000C7ED197A07F12C0007F1200207F138019B
:108F200007F10803019307F11403009397ED190A61
:108F300003460F4805F004FC03461A460F4B1A700F
:108F40000A4B186800230022002112F0CBFF00BF5B
:108F50006837BD46B0BD00BFF8050020C819002025
:108F600028220020600200206C2200202422002001
:108F7000041A0020381C002000007A443A1C00200B
:108F800080B584B000AF786039607B681B78042BB3
:108F900000F2A68001A252F823F000BFB18F0008B2
:108FA0000D9000082F900008B9900008CD9000089F
:108FB0007B68986B7B6804330022194613F0F2F942
:108FC0000346012B06D17B6800225A707B68012280
:108FD0001A7089E07B689B781A46474B9B5C002B94
:108FE00000F082807B680433002200210820FAF719
:108FF0008EFC7B689B781A463F4B002199547B6816
:1090000000225A707B6801221A706DE07B681A1D7D
:109010007B68DB7819461046FAF74AFD14F08CF9A4
:1090200002467B685A637B6802221A705FE07B68A5
:109030009B785B00012202FA03F31A463B68134057
:10904000002B03D07B6803221A704FE07B689B786B
:109050005B000133012202FA03F31A463B68134016
:10906000002B0FD07B685B780133DAB27B685A70D3
:109070007B685B78022B01D8012200E004227B6828
:109080001A7033E014F058F9F8607B685B6BFA688B
:10909000D31AB3F5FA6F29D97B685B780133DAB25A
:1090A0007B685A707B685B78022B01D8012200E054
:1090B00004227B681A7019E07B6800221A707B68B2
:1090C0009B781A460D4B0021995410E07B680022D2
:1090D0001A707B689B781A46084B0021995406E069
:1090E0007B6804221A7002E000BF00E000BF00BFEE
:1090F0001037BD4680BD00BF441C0020481C002026
:1091000080B584B002AF00233B603B463222009220
:109110004FF0FF320021002015F0D6F878607B6810
:10912000002B01D1002300E03B6818460837BD46FC
:1091300080BD000080B586B000AFF860B96013460E
:10914000FB710023FB756AE0FB7D04335B000122A9
:1091500002FA03F31A46FB681340002B09D0FB7D8B
:109160009B00BA6813441B68DB781946AA20FAF7FB
:10917000C0FCFB7D04335B000133012202FA03F3E0
:109180001A46FB681340002B09D0FB7D9B00BA6890
:1091900013441B68DB781946FF20FAF7AAFCFB7D15
:1091A00008335B00012202FA03F31A46FB681340FE
:1091B000002B03D0FB7D1E4A0121D154FB7D0833D7
:1091C0005B000133012202FA03F31A46FB681340E5
:1091D000002B03D0FB7D164A0021D154FB7D0C33BC
:1091E0005B00012202FA03F31A46FB681340002BCE
:1091F00003D0FB7D0F4A0121D154FB7D0E335B0070
:10920000012202FA03F31A46FB681340002B03D035
:10921000FB7D094A0121D154FB7D0133FB75FA7DA9
:10922000FB799A4290D300BF00BF1837BD4680BD7E
:10923000401C0020481C0020441C002080B5A4B025
:1092400000AF786007F14C033C22002118461EF065
:10925000B2FB012387F84E30CE2387F84F30344BD2
:109260001B68C7F8843007F110033C220021184620
:109270001EF0A1FBAB23FB742E4B1B68BB6407F1F4
:109280001003BB6007F14C03FB602B4B01225A70AB
:10929000294B00221A70294B00225A70274B0022BA
:1092A0001A70274B00225A70254B00221A70FFF7C4
:1092B00027FFC7F88800D7F88830002B07D007F1C0
:1092C000080302221946D7F88800FFF733FF00236E
:1092D00087F88F3026E097F88F30174AD35C002B41
:1092E0000FD197F88F30154AD35C002B09D197F82E
:1092F0008F309B0090333B4453F8883C1B78002B05
:109300000BD097F88F309B0090333B4453F8883C48
:10931000D7F888101846FFF733FE97F88F300133DF
:1093200087F88F3097F88F30012BD4D9BFE700BF73
:10933000641C0020681C0020401C0020481C0020E9
:10934000441C002080B500AF00220121642012F0EF
:1093500024FD03461A4A136000220121642012F002
:109360001CFD0346174A1360002201214FF4FA70D6
:1093700012F013FD0346144A136000222A210A202A
:1093800012F00BFD0346114A136000222D216420C8
:1093900012F003FD03460E4A136000222D216420C3
:1093A00012F0FBFC03460B4A136000222D216420BF
:1093B00012F0F3FC0346084A136000BF80BD00BFF3
:1093C000501C0020541C0020581C00205C1C002055
:1093D000601C0020641C0020681C002080B483B046
:1093E00000AF7860044A7B68136000BF0C37BD464D
:1093F0005DF8047B704700BFF421002080B586B083
:1094000002AF786007F10C03002200924FF0FF32A8
:109410000021002014F058FF0346012B0FD1FB68F8
:1094200003F00803002B02D0484B00221A70FB689F
:1094300003F00403002B02D0444B01221A70434B6B
:109440001B7883F00103DBB2002B76D0FEF73CFAE9
:1094500003461A463E4B1A703D4B1B7883F00103BE
:10946000DBB2002B13D03B4B1B7F002B0FD03A4BB2
:109470001B78002B0BD03948FDF708FE384B1868D5
:1094800000234FF0FF32354912F02CFD58E0354BE8
:109490001B7883F00103DBB2002B21D0324B1A780A
:1094A000324B1B789A420FD1314B1A88314B1B88B3
:1094B0009A4209D1304BD3E90601304BD3E9082356
:1094C000994208BF90420BD0244804F0F1FB244B92
:1094D000186800234FF0FF32204912F003FD2FE0FF
:1094E000214B1A78214B1B789A4216D1204B1A88AF
:1094F000204B1B889A4210D11F4BD3E906011F4B0A
:10950000D3E90823994208BF904206D1114B1B7F33
:1095100083F00103DBB2002B08D1FEF7D5F9034637
:10952000002B0DD00F4B1B78002B09D0144B0022C1
:109530001A70144B01221A7002E0124B00221A70AA
:109540004FF4FA6013F0F6FC5CE700BF8B020020DA
:10955000CD1C0020B01800208C020020A01C002090
:10956000681C0020C0220020102A0020112A0020A0
:10957000122A0020142A002030250020C8220020B2
:109580006C1C00206D1C002080B586B002AF786096
:109590000023FB7300F008F9034683F00103DBB2FC
:1095A000002B0BD0FCF732FF00F01EF9FCF777FF21
:1095B00004F066FA554B01221A7014E0FCF782FFA2
:1095C00004F072F9524B1B7842F6D072194651489A
:1095D0001EF0F1F915F0EEFDFCF776FE15F01CFE1D
:1095E0004A4B01221A704FF47A7013F0A3FC07F172
:1095F0000803642200924FF0FF320021002014F093
:1096000063FE0346012B1DD1BB6803F04003002B12
:1096100001D00123FB73BB6803F08003002B01D052
:109620000023FB73BB6803F48073002B02D03A4B1A
:1096300001221A70BB6803F40073002B02D0364B72
:1096400000221A70FB7B002B11D0344B1B680A22BE
:109650003349184612F0A6FE0346012B07D1314BC1
:10966000186800234FF0FF322D4912F03BFC2D4BC0
:109670001B680A222A49184612F094FE0346012B61
:10968000B5D1FEF721F903461A46274B1A70274B2E
:109690001B78002B0BD0214B186800234FF0FF32B2
:1096A0001F4912F01FFC0A2013F044FC9FE71E4BD9
:1096B0001B7883F00103DBB2002B14D01C4B1B780A
:1096C00083F00103DBB2002B0DD0134B1B78002B72
:1096D00009D01348FDF7AAFB164B01221A70134B51
:1096E00000221A7010E0144B1B7883F00103DBB2E8
:1096F000002B3FF47CAF0A4804F046FA0D4B0222DF
:109700001A700A4B00221A7071E700BFF021002086
:109710008A020020A0DC00648C020020681C00206B
:10972000701C0020601C0020CD1C00206D1C00203F
:10973000501900206C1C0020C022002080B586B08B
:1097400002AF786007F10C034EF6602200924FF0F2
:10975000FF320021002014F0B7FD0346012B0FD18A
:10976000FB6803F01003002B02D00D4B01221A708E
:10977000FB6803F02003002B02D0094B00221A7073
:10978000084B1B78002BDDD000F016F915F012FD08
:10979000FCF79AFD00F0FAF915F03EFDD2E700BFA4
:1097A000F1210020F021002080B483B000AF0D4BE8
:1097B0007B607B681B78002B09D07B685B78002B73
:1097C00005D07B689B78002B01D0012300E00023AB
:1097D00003F00103DBB218460C37BD465DF8047B8D
:1097E000704700BF00000E0880B500AF624B634AAF
:1097F000104619464FF4A2631A461EF0BEFF14220B
:109800005F4960481EF00FF95C4B1B6A5D4A53616B
:109810005A4BD3E90A235B49C1E90623574BD3E9E5
:109820000C235849C1E90823544BD3E90E23554969
:10983000C1E90A23514B93F84020524B83F8302062
:10984000504B4E4A343302F144014FF40B72184628
:109850001EF093FF14224C494C481EF0E4F8474B8D
:10986000D3F88432494A5361444BD3E9A223474990
:10987000C1E90623414BD3E9A4234449C1E90823A4
:109880003E4BD3E9A6234149C1E90A233B4B93F858
:10989000A0223E4B83F830203C4B384A343302F54B
:1098A00029714FF40B7218461EF067FF334B93F883
:1098B0000825374B1A70314B93F80925354B1A7030
:1098C0002E4BB3F80A25344B1A802C4BB3F80C25D9
:1098D000324B1A80294B93F8D024314B1A70274B06
:1098E00093F8D1242E4B5A70244BD3F8D4342C4AFD
:1098F0005360224BD3F8D834294A93601F4BD3F8D6
:10990000DC34274AD3601D4BD3F8E034244A13617A
:109910001A4BB3F8E424224B9A82184BD3F8E8345C
:109920001F4A9361154B93F8EC241D4B1A77134B88
:1099300003F59E63D3E900231949C1E908230F4BBE
:10994000B3F8F824174B1A800C4BB3F8FA24164BD3
:109950001A800A4BB3F8FC24144B1A80074BB3F857
:10996000FE24134B1A80134A044B03F5A06303CB68
:109970001060516000BF80BD00000E08E01C002098
:10998000EC1C0020C8220020501F002030250020A1
:10999000102A0020112A0020122A0020142A002058
:1099A000B0180020F8180020FA180020FC18002039
:1099B000FE1800200019002080B500AF634B1A7814
:1099C000634B1A70614B1A78614B5A705F4B1A786F
:1099D0005F4B9A705F4960481EF0C7FE5D4B5B6944
:1099E0005B4A13625B4BD3E906235949C1E90A2359
:1099F000584BD3E908235649C1E90C23554BD3E909
:109A00000A235349C1E90E23524B93F83020504B9F
:109A100083F840204E4B4F4A443302F134014FF457
:109A20000B7218461EF0A9FE4C494D481EF09DFED3
:109A30004A4B5B69464AC2F88432484BD3E9062355
:109A40004349C1E9A223454BD3E908234049C1E971
:109A5000A423424BD3E90A233D49C1E9A6233F4B46
:109A600093F830203A4B83F8A022394B3B4A03F558
:109A7000297302F134014FF40B7218461EF07DFE7B
:109A8000384B1A78324B83F80825374B1A78304B0D
:109A900083F80925354B1A882D4BA3F80A25344B3A
:109AA0001A882B4BA3F80C25324B1A78284B83F8D5
:109AB000D024304B5A78264B83F8D1242D4B5B6849
:109AC000234AC2F8D4342B4B9B68214AC2F8D834BD
:109AD000284BDB681E4AC2F8DC34264B1B691C4A43
:109AE000C2F8E034234B9A8A194BA3F8E424214BA3
:109AF0009B69174AC2F8E8341E4B1A7F144B83F84F
:109B0000EC241C4BD3E90823114901F59E61C1E9FE
:109B10000023194B1A880E4BA3F8F824174B1A8808
:109B20000B4BA3F8FA24164B1A88094BA3F8FC2414
:109B3000144B1A88064BA3F8FE24054B124A03F572
:109B4000A0631068516803C300BF80BDF1210020ED
:109B5000E01C0020C8220020EC1C00203025002042
:109B6000501F0020102A0020112A0020122A002055
:109B7000142A0020B0180020F8180020FA1800203D
:109B8000FC180020FE1800200019002080B485B0C9
:109B900000AF4FF4A2737B603C4B3B603C4BFB60DF
:109BA00000BF3C4BDB6803F48033002BF9D1394B09
:109BB0001B69002B05DA374B374A5A60354B374A59
:109BC0005A60344B1B69334A23F440731361314BA1
:109BD0001B69304A43F4007313612E4B1B692D4AF5
:109BE00043F0020313612B4B1B692A4A23F0F8034D
:109BF0001361284B1B69274A43F058031361254B17
:109C00001B69244A43F48033136100BF214BDB6896
:109C100003F48033002BF9D11E4B1B691D4A23F03E
:109C2000020313611B4B1B691A4A43F001031361C2
:109C30000023BB6013E0BB689B003A681A44FB68D2
:109C400012681A6000BF134BDB6803F48033002BEB
:109C5000F9D1FB680433FB60BB680133BB60BA68B1
:109C60007B689A42E7D30B4B1B690A4A23F0010336
:109C70001361084B1B69074A43F00043136100BF9F
:109C80001437BD465DF8047B704700BFE01C002020
:109C900000000E08003C024023016745AB89EFCD70
:109CA00080B500AF012012F004F90346284A136082
:109CB000012012F0FEF80346264A1360012012F03C
:109CC000F8F80346244A1360012012F0F2F8034624
:109CD000224A1360012012F0ECF80346204A136078
:109CE00003220021012012F058F803461D4A136098
:109CF00003220021012012F050F803461A4A136093
:109D000003220021012012F048F80346174A13608D
:109D1000012012F0CEF80346154A1360012012F01C
:109D2000C8F80346134A1360012012F0C2F8034634
:109D3000114A1360012012F0BCF803460F4A136069
:109D4000012012F0B6F803460D4A136000BF80BD33
:109D5000F8210020FC2100200C22002010220020ED
:109D600014220020082200200022002004220020CB
:109D7000182200201C220020242200202022002063
:109D80002822002080B483B000AF78607B68002276
:109D900083F864207B6800221A7000BF0C37BD4630
:109DA0005DF8047B704780B483B000AF78600B46E9
:109DB000FB70FB780D2B01D1002327E0FB780A2BE9
:109DC0000CD17B6893F864301A467B680021995463
:109DD0007B68002283F86420012317E07B6893F8F6
:109DE0006430622B0DD87B6893F864305A1CD1B272
:109DF0007A6882F8641019467B68FA785A5400230E
:109E000004E07B68002283F86420022318460C37A4
:109E1000BD465DF8047B704780B588B000AF7860C0
:109E2000242178681DF0CFFD78612A2178681DF023
:109E3000CAFD38617B69002B06D03B69002B03D03B
:109E40003A697B699A4201D2002321E00023FB7723
:109E50007B690133BB6107E0BB691A78FB7F534024
:109E6000FB77BB690133BB61BA693B699A42F3D3A3
:109E70003B6901331022002118461DF069FC03469E
:109E8000FB73FA7FFB7B9A420CBF01230023DBB2FA
:109E900018462037BD4680BD80B58EB000AF7860D3
:109EA0007968096800200A460346C7E90C2307F1D0
:109EB0000C0207F13003114618461DF0C7FD3B6A3E
:109EC000DBB2643BDAB20E4B1A70FB69DBB20133D2
:109ED000DAB20B4B5A70BB69DAB2094B9A707B69E4
:109EE000DAB2074BDA703B69DAB2054B1A71FB68DC
:109EF000DAB2034B5A7100BF3837BD4680BD00BF90
:109F00003422002080B58EB000AF78607B681B786B
:109F100064333B627B6801331B78013BFB617B68E8
:109F200002331B78BB617B6803331B787B617B68E2
:109F300004331B783B617B6805331B78FB6000238F
:109F4000FB6207F10C0318461DF0FAFEC7E90C018D
:109F50003B6B18463837BD4680BD000080B588B0E1
:109F600000AF786007F10C0300221A605A609A6013
:109F7000DA601A610023BB607B681B781A067B6875
:109F800001331B781B041A437B6802331B781B02C6
:109F900013437A68033212781343144A1360134848
:109FA000FFF77AFF124BDB783B73114B1B797B7306
:109FB0000F4B5B79BB7307F10C03002219460D4868
:109FC0000CF05BF90A4B1B78FB72094B5B787B72D8
:109FD000074B9B78BB7207F108030022194605481E
:109FE0000CF043FA00BF2037BD4680BD3C22002064
:109FF00034220020F805002080B588B000AF7860DA
:10A00000274B1B684FF0FF31184612F0ADFA03469C
:10A01000012B41D17B68002B3DD007F10C030022BE
:10A02000194678680CF0C3F90346002B07D01C4B87
:10A03000186800230022002111F054FF2CE007F1E2
:10A0400008030022194678680CF093FA0346002BA7
:10A0500007D0134B186800230022002111F042FFA3
:10A060001AE0FA7A0F4B1A707A7A0E4B5A70BA7A53
:10A070000C4B9A703A7B0B4BDA707A7B094B1A7156
:10A08000BA7B084B5A71064B186800230022002146
:10A0900011F028FF00E000BF2037BD4680BD00BFA3
:10A0A0000C2200202C2200202DE9B04F96B002AFE8
:10A0B00078604FF47A73A7F84E304FF4E153FB8782
:10A0C000002387F847306F48F9F748F86E48F9F7EA
:10A0D00045F807F10C034FF0FF32009200220021F7
:10A0E000002014F0F1F80346012B2ED1FB6803F099
:10A0F0000403002B02D0012387F84730FB6803F0EC
:10A100000803002B02D0002387F847305F4B1B6801
:10A110004FF0FF31184612F027FA5D4B1B88A7F865
:10A120004E305C4B1B88FB87584B1868002300227D
:10A13000002111F0D7FEFB8F4FF47A7203FB02F27D
:10A14000B7F84E30B2FBF3F3BB6400233B6473E01B
:10A15000B7F84E3000229846914642464B464FF0A3
:10A1600000004FF00001590141EAD261500102465E
:10A170000B46B2EB080463EB09054FF000024FF009
:10A180000003AB0043EA9473A20014461D4614EB8F
:10A19000080A45EB090B4FF000024FF000034FEAAD
:10A1A000CB0343EA5A734FEACA0292469B46504693
:10A1B00059464FF47A724FF00003F6F7C5FD024698
:10A1C0000B4607F10C0300924FF0FF3200210020F4
:10A1D00014F07AF8FB6803F00203002B31D197F8F2
:10A1E000473083F00103DBB2002B1AD007F11003D4
:10A1F000184600F045FA284B186807F110010023B3
:10A200004FF0FF3211F06EFE244B1B6801211846FF
:10A2100011F092FB224B1B680121184611F08CFBB8
:10A2200007E020491748F8F7A7FF1F491648F8F735
:10A23000A3FF3B6C01333B643A6CBB6C9A4287D3FF
:10A2400000E000BF002387F84730184B1868002350
:10A25000009303230122002114F0C8F8144B18685E
:10A260000023009303230222002114F0BFF8114BB6
:10A2700018680023009303230222002114F0B6F88B
:10A2800027E700BFFC040020500500201822002012
:10A290008E02002090020020601C00201417002075
:10A2A0001817002080150020AC150020D81C0020B5
:10A2B00080220020001A00202DE9B04F94B002AF98
:10A2C0007860002387F847304FF47A73A7F844305A
:10A2D0004FF4E1537B8700F0C5FA07F108034FF014
:10A2E000FF32009200220021002013F0EDFF034610
:10A2F000012B2ED1BB6803F00403002B02D00123F5
:10A3000087F84730BB6803F00803002B02D0002316
:10A3100087F84730524B1B684FF0FF31184612F058
:10A3200023F9504B1B88A7F844304F4B1B887B8781
:10A330004B4B186800230022002111F0D3FD7B8FC6
:10A340004FF47A7203FB02F2B7F84430B2FBF3F336
:10A350003B640023FB6379E0B7F844300022984661
:10A36000914642464B464FF000004FF00001590124
:10A3700041EAD261500102460B46B2EB080463EB9E
:10A3800009054FF000024FF00003AB0043EA94735D
:10A39000A20014461D4614EB080A45EB090B4FF0CA
:10A3A00000024FF000034FEACB0343EA5A734FEA2F
:10A3B000CA0292469B46504659464FF47A724FF075
:10A3C0000003F6F7C1FC02460B4607F108030092B2
:10A3D0004FF0FF320021002013F076FFBB6803F03E
:10A3E0000203002B37D197F8473083F00103DBB22B
:10A3F000002B1AD007F10C03184600F07BF91B4B19
:10A40000186807F10C0100234FF0FF3211F06AFDCC
:10A41000174B1B680421184611F08EFA154B1B6868
:10A420000421184611F088FA0DE007F10C031846D4
:10A4300000F08CF90D4B186807F10C0100234FF068
:10A44000FF3211F04FFDFB6B0133FB63FA6B3B6C8A
:10A450009A4281D300E000BF002387F847303CE7F1
:10A46000182200208E02002090020020601C002094
:10A4700014170020181700202DE9B04F96B002AF36
:10A4800078604FF47A73A7F84E304FF4E153FB87AE
:10A49000002387F8473007F10C034FF0FF3200929A
:10A4A00000220021002013F00FFF0346012B2ED1C4
:10A4B000FB6803F00403002B02D0012387F8473028
:10A4C000FB6803F00803002B02D0002387F8473015
:10A4D000434B1B684FF0FF31184612F045F8414BD3
:10A4E0001B88A7F84E30404B1B88FB873C4B1868F5
:10A4F00000230022002111F0F5FCFB8F4FF47A724B
:10A5000003FB02F2B7F84E30B2FBF3F3BB64002357
:10A510003B645BE0B7F84E300022984691464246D5
:10A520004B464FF000004FF00001590141EAD26163
:10A53000500102460B46B2EB080463EB09054FF0ED
:10A5400000024FF00003AB0043EA9473A2001446EC
:10A550001D4614EB080A45EB090B4FF000024FF0C3
:10A5600000034FEACB0343EA5A734FEACA0292460A
:10A570009B46504659464FF47A724FF00003F6F767
:10A58000E3FB02460B4607F10C0300924FF0FF324B
:10A590000021002013F098FEFB6803F00203002B5B
:10A5A00019D197F8473083F00103DBB2002B08D0B4
:10A5B0000E48FFF721FD07F11003184600F018F8C8
:10A5C00001E0FEF7D3F93B6C01333B643A6CBB6CA2
:10A5D0009A429FD300E000BF002387F847305AE734
:10A5E000182200208E02002090020020F805002092
:10A5F00080B58CB000AF78601C48FFF7FDFCFEF71B
:10A60000B5F90346002B2DD007F108031846F9F7DA
:10A6100005FF174B1B684FF0FF31184611F0A4FFE0
:10A6200007F108017B681A220520F9F770F9104B31
:10A63000186800230022002111F054FC0D4B18680B
:10A6400000234FF0FF32796811F04CFC0A4B1B6875
:10A650000221184611F070F9084B1B6802211846B8
:10A6600011F06AF900BF3037BD4680BDF805002003
:10A6700014220020601C002014170020181700204E
:10A6800080B58CB000AF78601448FFF7B5FC144972
:10A690001448F8F771FD14491448F8F76DFD07F1F7
:10A6A00008031846F9F760FC114B1B684FF0FF31A7
:10A6B000184611F059FF07F108017B682722032093
:10A6C000F9F725F90A4B186800230022002111F040
:10A6D00009FC00BF3037BD4680BD00BFF805002033
:10A6E00080150020FC040020AC150020500500203F
:10A6F0001422002080B58CB000AF78601148FFF7BD
:10A700007BFC00F0DFF807F108031846F9F7FCFDC1
:10A710000D4B1B684FF0FF31184611F025FF07F174
:10A7200008017B6813220420F9F7F1F8064B18683A
:10A7300000230022002111F0D5FB00BF3037BD46B9
:10A7400080BD00BFF80500201422002080B58CB029
:10A7500000AF786000F0B6F81048FFF74DFC07F145
:10A7600008031846FAF756FC0D4B1B684FF0FF31F3
:10A77000184611F0F9FE07F108017B6827220E2028
:10A78000F9F7C5F8064B186800230022002111F0E4
:10A79000A9FB00BF3037BD4680BD00BFF8050020D3
:10A7A0001422002080B586B002AF03460A46FB7132
:10A7B0001346BB7108233B73FB797B73BB79BB7377
:10A7C00007F10C026423009303232E21034809F0B0
:10A7D00005FC00BF1037BD4680BD00BFA4050020AA
:10A7E00080B586B002AF03460A46FB711346BB71C3
:10A7F00018233B73FB797B73BB79BB7307F10C02A6
:10A800006423009303232E21034809F0E7FB00BFD4
:10A810001037BD4680BD00BFA405002080B586B0BE
:10A8200002AF03463960FB711346BB7110233B73C3
:10A83000FB797B7307F10C026423009302232E2122
:10A84000074809F0CBFBBB799BB2642200923A68BF
:10A850002E21034809F0C0FC00BF1037BD4680BD63
:10A86000A405002080B500AF3F211220FFF79AFF1A
:10A8700001211020FFF7B4FF10211020FFF7B0FFD7
:10A88000012203491020FFF7C9FF00BF80BD00BFB0
:10A890005C22002080B584B002AF78600B46FB706C
:10A8A000FB789BB25B009BB2642200927A682E21F7
:10A8B000034809F091FC00BF0837BD4680BD00BFCA
:10A8C000A405002080B500AF06212F48FFF7E2FF66
:10A8D0002D4B1B781BB21B011AB22B4B5B781B094B
:10A8E000DBB21BB213431BB29AB2284B1A80264B21
:10A8F0009B781BB21B011AB2234BDB781B09DBB21E
:10A900001BB213431BB29AB2204B5A801E4B1B79C9
:10A910001BB21B011AB21C4B5B791B09DBB21BB2C9
:10A9200013431BB29AB2194B9A80174B9B791BB2F7
:10A930001B011AB2144BDB791B09DBB21BB21343A8
:10A940001BB29AB2114BDA800F4B1B7A1BB21B0160
:10A950001AB20D4B5B7A1B09DBB21BB213431BB25D
:10A960009AB20A4B1A81084B9B7A1BB21B011AB28E
:10A97000054BDB7A1B09DBB21BB213431BB29AB245
:10A98000024B5A8100BF80BD4C2200206C22002067
:10A9900090B5B1B002AF7860002387F8B7304C486B
:10A9A00001F0AAFA4FF07E537B644FF00003BB64C2
:10A9B0004FF00003FB644FF00003BB634FF07E5386
:10A9C000FB634FF000033B644FF00003FB624FF06A
:10A9D00000033B634FF000037B634FF000033B62D7
:10A9E0004FF000037B624FF00003BB620723C7F800
:10A9F000B030384B18684FF47A730093012301226A
:10AA0000D7F8B01010F0C6FEC7F8AC0007F1A803E5
:10AA1000642200924FF0FF320021002013F054FC1A
:10AA20000346012B11D1D7F8A83003F00103002B06
:10AA300002D0012387F8B730D7F8A83003F002031B
:10AA4000002B02D0002387F8B730D7F8AC20D7F816
:10AA5000B0301340D7F8B0209A42CAD197F8B73037
:10AA6000002BC6D007F1200407F12C0207F13801B2
:10AA700007F1440007F10803019307F10C03009369
:10AA8000234600F02DF807F150031846FAF720F995
:10AA9000114B1B684FF0FF31184611F065FD07F1AF
:10AAA000780307F1500127220620F8F730FF0A4B00
:10AAB000186800230022002111F014FA074B1868CF
:10AAC00007F1780100234FF0FF3211F00BFA90E705
:10AAD000842200201417002014220020601C002073
:10AAE000B0B588B002AFF860B9607A603B60314BB6
:10AAF0001B684FF0FF31184611F036FD2E4B1B68D6
:10AB00007B612C4B186800230022002111F0EAF928
:10AB100079682A4800F05AF83968786900F0E8F84E
:10AB20000022B96A26480BF042FC0022F96A244848
:10AB30000BF01FFDFB6ADB7803F5FA60FB6A5B78BC
:10AB40001946FB6A9B781C46BB6A1B781D46BB6A8C
:10AB50005B781A46BB6A9B78019300922B4622468B
:10AB600006F022FE87ED040AF86897ED040A00F06B
:10AB7000DDFE144BD3ED007A124B93ED017A114BAD
:10AB8000D3ED026AB868F0EE661AB0EE471AF0EE3E
:10AB9000670A97ED040A00F0E7FE3B6800937B68C4
:10ABA000BA68F968084801F0CFF900BF1837BD4608
:10ABB000B0BD00BF28220020600200206C220020CF
:10ABC000F8050020C81900208422002080B586B036
:10ABD00000AF786039607B681B8807EE903AB8EE6A
:10ABE000677A7B685B8807EE903AF8EE677A77EED3
:10ABF000677AC7ED057A7B689B8807EE903AB8EED6
:10AC0000677A7B68DB8807EE903AF8EE677A77EE32
:10AC1000677AC7ED047A7B681B8907EE903AB8EE35
:10AC2000677A7B685B8907EE903AF8EE677A77EE91
:10AC3000677AC7ED037AD7ED057A27EEA77AD7EDC5
:10AC4000047A67EEA77A37EE277AD7ED037A67EEB4
:10AC5000A77A77EE277A17EE900AF5F785FC024679
:10AC60000B4643EC102B18F007FE53EC102B10464C
:10AC70001946F5F7C9FF0346BB60D7ED027A9FED91
:10AC80001B7AF4EEC77AF1EE10FA1DDDD7ED056AF6
:10AC900097ED027AC6EE877A3B68C3ED007A3B688F
:10ACA0000433D7ED046A97ED027AC6EE877AC3EDD6
:10ACB000007A3B680833D7ED036A97ED027AC6EE57
:10ACC000877AC3ED007A0DE03B684FF000021A600E
:10ACD0003B6804334FF000021A603B6808334FF0C2
:10ACE00000021A6000BF1837BD4680BDCDCCCC3DF8
:10ACF00080B586B000AF786039607B681B687B6187
:10AD00007B685B683B617B689B68FB60D7ED057A7D
:10AD100027EEA77AD7ED047A67EEA77A37EE277A7F
:10AD2000D7ED037A67EEA77A77EE277A17EE900AC7
:10AD3000F5F71AFC02460B4643EC102B18F09CFD6D
:10AD400053EC102B10461946F5F75EFF0346BB6027
:10AD5000D7ED027A9FED1B7AF4EEC77AF1EE10FA86
:10AD60001DDDD7ED056A97ED027AC6EE877A3B685E
:10AD7000C3ED007A3B680433D7ED046A97ED027A9D
:10AD8000C6EE877AC3ED007A3B680833D7ED036AD5
:10AD900097ED027AC6EE877AC3ED007A0DE03B6844
:10ADA0004FF000021A603B6804334FF000021A6053
:10ADB0003B6808334FF000021A6000BF1837BD46E9
:10ADC00080BD00BFBD37863580B582B000AF87ED4E
:10ADD000010A97ED010A18F023FEF0EE407AB0EE7A
:10ADE000670A0837BD4680BD80B582B000AF87EDE9
:10ADF000010AC7ED000AD7ED000A97ED010A18F025
:10AE00003BFEF0EE407AB0EE670A0837BD4680BDE3
:10AE100080B582B000AF87ED010A97ED010A18F006
:10AE20006BFEF0EE407AB0EE670A0837BD4680BD93
:10AE300080B582B000AF87ED010AC7ED000AD7EDFB
:10AE4000000A97ED010A18F019FEF0EE407AB0EE14
:10AE5000670A0837BD4680BD80B582B000AF87ED78
:10AE6000010A97ED010A18F093FEF0EE407AB0EE79
:10AE7000670A0837BD4680BD80B582B000AF87ED58
:10AE8000010A97ED010A18F019FEF0EE407AB0EED3
:10AE9000670A0837BD4680BD80B487B000AFF86050
:10AEA000B9607A6087ED000A7B68C3F119037A689C
:10AEB00002FB03F3DA0F13445B101A46BB6813441A
:10AEC0007B61FA687B699B001344043393ED007A3D
:10AED000FB68D3ED007AD7ED006A76EEE76AFA6890
:10AEE0007B69B6339B0013440433D3ED007A66EEDE
:10AEF000A77A77EE277AB0EE670A1C37BD465DF871
:10AF0000047B704780B487B000AFF860B9607A60A6
:10AF100087ED000A7B68C3F119037A6802FB03F32B
:10AF2000DA0F13445B101A46BB6813447B61FA685E
:10AF30007B695C339B00134493ED007AFB68D3ED8F
:10AF4000007AD7ED006A76EEE76AFA687B6903F566
:10AF500089739B001344D3ED007A66EEA77A77EEEF
:10AF6000277AB0EE670A1C37BD465DF8047B704750
:10AF700080B598B000AF7861F0EE406AB0EE607ACC
:10AF8000F0EE417AC7ED011A87ED002AC7ED026A9B
:10AF900087ED037AC7ED047AD7ED027A9FED6D7ADB
:10AFA00067EE877AC7ED177AD7ED037A9FED697A56
:10AFB00067EE877AC7ED167AD7ED047A9FED657A4A
:10AFC00067EE877AC7ED157AD7ED017A9FED627A41
:10AFD00067EE877AC7ED147AD7ED007A9FED5E7A37
:10AFE00067EE877AC7ED137A97ED140A18F0D0FD53
:10AFF00087ED120A97ED140A18F07EFD87ED110A0D
:10B0000097ED130A18F0C4FD87ED100A97ED130AA7
:10B0100018F072FD87ED0F0A97ED0F7AD7ED177ACA
:10B0200027EE277AD7ED106AD7ED167A66EEA77A63
:10B0300077EE277AC7ED0E7AD7ED127AB1EE677AFE
:10B04000D7ED0E7A27EE277AD7ED116AD7ED157A6C
:10B0500066EEA77A77EE277AC7ED0D7AD7ED107AEC
:10B06000B1EE677AD7ED177A27EE277AD7ED0F6A18
:10B07000D7ED167A66EEA77A77EE277AC7ED0C7AC7
:10B08000D7ED117AB1EE677AD7ED0E7A27EE277AEF
:10B09000D7ED127AF1EE676AD7ED157A66EEA77AE8
:10B0A00077EE277AC7ED0B7AD7ED0D7A27EEA77AE0
:10B0B000D7ED0C7A67EEA77A77EE277AB0EE670ABB
:10B0C00018F0FCFC87ED0A0AD7ED0A7A27EEA77A7A
:10B0D000D7ED0B7A67EEA77A77EE277AB0EE670A9C
:10B0E00018F0ECFC87ED090AD7ED0A0A97ED0B0A78
:10B0F00018F0C2FCF0EE407A9FED187A67EE877A7E
:10B10000C7ED087AD7ED0D0A97ED0C0A18F0B4FCDC
:10B11000F0EE407A9FED117A67EE877AC7ED077AF5
:10B120007B697A6B1A607B693A6B5A607B69FA6A51
:10B130009A607B69BA6ADA607B697A6A1A617B69AC
:10B140003A6A5A617B69FA699A6178696037BD46E3
:10B1500080BD00BF286B6E4E35FA8E3CE12E6542F5
:10B1600080B598B000AF87ED070AC7ED060A87EDF6
:10B17000051AD7ED077A9FED427A67EE877AC7ED19
:10B18000177AD7ED067A9FED3E7A67EE877AC7ED9C
:10B19000167A3C4B7B653C4B3B653C4BFB6497ED27
:10B1A000170A18F0F5FC87ED120A97ED170A18F048
:10B1B000A3FC87ED110A97ED160A18F0E9FC87ED5C
:10B1C000100A97ED160A18F097FC87ED0F0AD7EDD5
:10B1D000127A67EEA77A9FED2E7A67EE877AB7EE3E
:10B1E000007A77EE677AB0EE670A18F067FCB0EE87
:10B1F000407ADFED286AC6EE877AC7ED0E7AD7ED82
:10B200000E7A9FED257A27EE877AD7ED057A77EECD
:10B21000277A97ED127A67EE277AC7ED0D7A97EDC8
:10B220000E7AD7ED057A77EE277A97ED117A67EEE9
:10B23000277AC7ED0C7A97ED0C7AD7ED0F7A67EE87
:10B24000277AC7ED097A97ED0C7AD7ED107A67EE79
:10B25000277AC7ED0A7A7B6BFB62796ABA6AFB6A66
:10B2600006EE901A07EE102A07EE903AB0EE660A44
:10B27000F0EE470AB0EE671A6037BD4680BD00BFEA
:10B2800035FA8E3C32A5C24A885CDB3B47497E3F9B
:10B29000885CDB3B32A5C24A47497E3F80B52DED35
:10B2A000028BA2B000AF87ED090AF0EE606AB0EE43
:10B2B000417AF0EE617A7861C7ED066A87ED077A28
:10B2C000C7ED087ABB69BB65FB697B653B6A3B657B
:10B2D0004FF00003C7F884304FF00003C7F8803008
:10B2E0004FF00003FB67D7ED167A27EEA77AD7ED6C
:10B2F000157A67EEA77A37EE277AD7ED147A67EEDC
:10B30000A77A77EE277AC7ED137ADFED476A97EDD4
:10B31000137AC6EE877AC7ED127A97ED167AD7EDD3
:10B32000127A67EE277AC7ED117A97ED157AD7ED85
:10B33000127A67EE277AC7ED107A97ED147AD7ED77
:10B34000127A67EE277AC7ED0F7AD7ED127A9FED62
:10B35000367A67EE877AC7ED0E7A97ED130A18F002
:10B36000ADFBB0EE407ADFED306AC6EE877AC7ED0E
:10B370001C7A4FF00003FB664FF00003BB664FF0F2
:10B3800000037B663B6F3B66FB6EFB6500237B67C0
:10B3900010E27B6FBB6706E2BA6F7B6F9A4245D1C2
:10B3A0007B6F002B00F0A5803B6FBB647B6F5B0065
:10B3B000013B07EE903AB8EEE77AD7ED116AD7ED88
:10B3C0001C7A66EEA76A97ED106AD7ED1B7A66EED7
:10B3D000277A76EEE77A67EE277AC7ED1C7A7B6FDD
:10B3E0005B00013B07EE903AB8EEE77AD7ED116AC1
:10B3F000D7ED1B7A66EEA76A97ED106AD7ED127A41
:10B4000066EE277A76EEA77A67EE277AC7ED1B7A83
:10B410004FF00003BB664FF000037B663B6F3B665B
:10B42000FB6EFB6565E000BF006FC24A3B6EBB640C
:10B43000BA6F7B6FD31A07EE903AB8EEE77AF7EE61
:10B44000006AC6EE877AC7ED0D7ABB6F5B00013BE1
:10B4500007EE903AB8EEE77AD7ED0F7A27EE277A23
:10B46000D7ED187A27EE277ABA6F7B6F1344013B2A
:10B4700007EE903AF8EEE76AD7ED0E7A66EEA76A25
:10B48000D7ED1A7A66EEA77A77EE677A97ED0D7A9E
:10B4900067EE277AC7ED187ABB6CBB66FB6DBB64A1
:10B4A000BB6F5B00013B07EE903AB8EEE77AD7ED51
:10B4B0000F7A27EE277AD7ED177A27EE277ABA6F19
:10B4C0007B6F1344013B07EE903AF8EEE76AD7ED45
:10B4D0000E7A66EEA76AD7ED197A66EEA77A77EE4E
:10B4E000677A97ED0D7A67EE277AC7ED177ABB6C0E
:10B4F0007B667B6F0B2B00F385807B6F0133BA6F0C
:10B500009A427FDDBA6F7B6FD31A07EE903AF8EE5E
:10B51000E77AB6EE007A27EE877ABA6F7B6FD31A96
:10B52000013B07EE903AF8EEE77A27EE278ABB6FE9
:10B53000591E7B6F013397ED090A1A467869FFF7A8
:10B54000ABFCB0EE407AD7ED187A67EE278ABB6F76
:10B55000591E7B6F013397ED090A1A467869FFF788
:10B56000D1FCB0EE407AD7ED177A67EE277A78EE05
:10B57000A77A68EE277A97ED217A77EE277AC7EDDA
:10B58000217ABA6F7B6FD31A07EE903AF8EEE77A1A
:10B59000B6EE007A27EE877ABA6F7B6FD31A013B3B
:10B5A00007EE903AF8EEE77A27EE278ABB6F591E2E
:10B5B0007B6F013397ED090A1A467869FFF76CFC37
:10B5C000F0EE407AB1EE677AD7ED177A67EE278A08
:10B5D000BB6F591E7B6F013397ED090A1A467869D4
:10B5E000FFF790FCB0EE407AD7ED187A67EE277A35
:10B5F00078EEA77A68EE277A97ED207A77EE277AA9
:10B60000C7ED207ABB6F012B5EDD7B6F012B5BDD0D
:10B61000BB6F591E7B6F013B97ED090A1A4678698B
:10B62000FFF73AFCF0EE407AB1EE677AD7ED187A80
:10B6300027EE278ABB6F591E7B6F013B97ED090AE6
:10B640001A467869FFF75EFCB0EE407AD7ED177ABC
:10B6500067EE277A78EE677AB6EE007A67EE877A39
:10B6600097ED217A77EE277AC7ED217ABB6F591EC5
:10B670007B6F013B97ED090A1A467869FFF70CFCCE
:10B68000F0EE407AB1EE677AD7ED177A27EE278A87
:10B69000BB6F591E7B6F013B97ED090A1A4678690B
:10B6A000FFF730FCB0EE407AD7ED187A67EE277AD4
:10B6B00078EE277AB6EE007A67EE877A97ED207AF1
:10B6C00077EE277AC7ED207A7B6F012B30D1BB6FE5
:10B6D000012B2DDDBB6F013B97ED090A00221946B6
:10B6E0007869FFF7D9FBF0EE407AB1EE677AD7EDD3
:10B6F000187A67EE277A97ED217A77EE277AC7EDE9
:10B70000217ABB6F013B97ED090A0022194678693F
:10B71000FFF7C2FBF0EE407AB1EE677AD7ED177A09
:10B7200067EE277A97ED207A77EE277AC7ED207AB1
:10B73000BB6F012B34DDBA6F7B6F9A4230DDBA6F7D
:10B740007B6FD31A07EE903AB8EEE78ABB6F013BE6
:10B7500097ED090A7A6F19467869FFF79DFBF0EEBD
:10B76000407AB1EE677AD7ED187A67EE278ABB6F19
:10B77000013B97ED090A7A6F19467869FFF7C2FB1A
:10B78000B0EE407AD7ED177A67EE277A78EEE77A4F
:10B7900068EE277A97ED1F7A77EE277AC7ED1F7A42
:10B7A000BB6F0133BB67BB6F0D2B7FF7F5AD7B6FB5
:10B7B00001337B677B6F0D2B7FF7EBADD7ED217AE4
:10B7C000F1EE677A9FED167A67EE877AC7ED0A7A0F
:10B7D000D7ED207AF1EE677A9FED117A67EE877ADE
:10B7E000C7ED0B7AD7ED1F7AF1EE677A9FED0C7AF1
:10B7F00067EE877AC7ED0C7AB96AFA6A3B6B06EE98
:10B80000901A07EE102A07EE903AB0EE660AF0EEB4
:10B81000470AB0EE671A8837BD46BDEC028B80BD83
:10B820005F70893080B485B000AFF860B9607A602D
:10B83000FB68043393ED007ABB680833D3ED007ADC
:10B8400027EE277AFB680833D3ED006ABB68043320
:10B85000D3ED007A66EEA77A77EE677A7B68C3ED60
:10B86000007AFB68083393ED007ABB68D3ED007A69
:10B8700027EE277AFB68D3ED006ABB680833D3ED67
:10B88000007A66EEA77A7B68043377EE677AC3EDB9
:10B89000007AFB6893ED007ABB680433D3ED007A3D
:10B8A00027EE277AFB680433D3ED006ABB68D3ED3B
:10B8B000007A66EEA77A7B68083377EE677AC3ED85
:10B8C000007A00BF1437BD465DF8047B704780B531
:10B8D00084B000AF78604FF00003FB600023BB60D2
:10B8E00016E0BB689B007A68134493ED007ABB684E
:10B8F0009B007A681344D3ED007A67EE277A97EDC0
:10B90000037A77EE277AC7ED037ABB680133BB6011
:10B91000BB68022BE5DD97ED030AFFF7ADFAF0EE09
:10B92000407AB0EE670A1037BD4680BD80B582B060
:10B9300000AF87ED010A386097ED010A06F04CF878
:10B94000084B1A683B681A603B680433054A526822
:10B950001A603B680833034A92681A6000BF0837D0
:10B96000BD4680BD1C2A002080B52DED028BB6B0EF
:10B9700000AF87ED050AC7ED040A87ED031AC7ED8E
:10B98000021A786097ED021AD7ED030A97ED040AC0
:10B99000FFF7E6FBF0EE406AB0EE607AF0EE417A37
:10B9A000C7ED256A87ED267AC7ED277AD7ED057AA8
:10B9B0009FEDFB7A37EEC77ADFEDFA6AC7EE267A9B
:10B9C0009FEDF97A77EE877AC7ED357AD7ED256A5C
:10B9D00097ED267AD7ED277AF448F0EE660AB0EEB6
:10B9E000471AF0EE671A97ED350AFFF757FCF0EEAD
:10B9F000406AB0EE607AF0EE417AC7ED226A87EDD8
:10BA0000237AC7ED247A07F16C03D7ED226A97ED0C
:10BA1000237AD7ED247A97ED032AD7ED041AB0EEF6
:10BA2000660AF0EE470AB0EE671A1846FFF7A0FA6A
:10BA300097ED040A06F050FD87ED340A97ED030AEE
:10BA400006F04AFD87ED330A07F14803242200215E
:10BA500018461BF0B0FF97ED330AFFF7D9F9F0EE67
:10BA6000407AB1EE678A97ED340AFFF7F5F9F0EE08
:10BA7000407A68EE277AC7ED127A97ED330AFFF71E
:10BA8000EBF9F0EE407AF1EE677AC7ED137A97EDB5
:10BA9000330AFFF7BDF9F0EE407AB1EE678A97ED11
:10BAA000340AFFF7B5F9F0EE407A68EE277AC7ED71
:10BAB000147A97ED330AFFF7CFF9F0EE407AB1EE42
:10BAC000678A97ED340AFFF7C7F9F0EE407A68EE1F
:10BAD000277AC7ED157A97ED330AFFF799F9F0EE5B
:10BAE000407AC7ED167A97ED330AFFF7B5F9F0EE15
:10BAF000407AB1EE678A97ED340AFFF789F9F0EEE4
:10BB0000407A68EE277AC7ED177A97ED340AFFF787
:10BB10007FF9F0EE407AC7ED187A97ED340AFFF717
:10BB20009BF9F0EE407AF1EE677AC7ED1A7A97ED5D
:10BB3000127AD7ED1B7A27EE277AD7ED136AD7ED65
:10BB40001C7A66EEA77A37EE277AD7ED146AD7ED1E
:10BB50001D7A66EEA77A77EE277AC7ED0F7A97ED12
:10BB6000157AD7ED1B7A27EE277AD7ED166AD7ED2F
:10BB70001C7A66EEA77A37EE277AD7ED176AD7EDEB
:10BB80001D7A66EEA77A77EE277AC7ED107A97EDE1
:10BB9000187AD7ED1B7A27EE277AD7ED196AD7EDF9
:10BBA0001C7A66EEA77A37EE277AD7ED1A6AD7EDB8
:10BBB0001D7A66EEA77A77EE277AC7ED117A7B6950
:10BBC000C7F8C830D7ED327A9FED797A77EE877A69
:10BBD000C7ED317AD7ED327A9FED717A77EEC77A79
:10BBE000C7ED307AD7ED307A9FED727A67EE877ABB
:10BBF0009FED717A77EE877AF3EE080AB0EE670A66
:10BC0000FFF716F987ED2F0AD7ED317A9FED647AA9
:10BC100077EEC77A9FED697A67EE877A9FED687A4B
:10BC200077EE677AB0EE670A06F056FCF0EE407ADF
:10BC3000B0EE670AFFF710F9F0EE407A9FED617AF7
:10BC400027EE878AD7ED317A9FED557A77EEC77A5E
:10BC50009FED5D7A67EE877A9FED5C7A77EE877A63
:10BC600077EEA77AB0EE670A06F036FCF0EE407A7F
:10BC7000B0EE670AFFF7F0F8F0EE407A9FED547AE5
:10BC800067EE877A78EE677AC7ED2E7AD7ED317A4C
:10BC90009FED437A77EEC77A9FED4E7A67EE877A0B
:10BCA0009FED4D7A77EE677AB0EE670A06F014FCE6
:10BCB00087ED2D0A97ED2D0AFFF7AAF8B0EE407A2E
:10BCC000D7ED2E7A67EE877AC7ED2C7A97ED2F7A2B
:10BCD000D7ED2C7A77EE277AC7ED2B7A3F4BC7F852
:10BCE000A83097ED2A7AD7ED2B7A67EE277AC7ED41
:10BCF000297A07F118032422002118461BF05BFE65
:10BD00004FF07E53BB6397ED290AFFF781F8F0EE01
:10BD1000407AC7ED067A97ED290AFFF79DF8F0EE15
:10BD2000407AF1EE677AC7ED077A97ED290AFFF7B7
:10BD300093F8F0EE407AC7ED097A97ED290AFFF7FC
:10BD400067F8F0EE407AC7ED0A7A97ED067AD7EDFC
:10BD50000F7A27EE277AD7ED076AD7ED107A66EECD
:10BD6000A77A37EE277AD7ED086AD7ED117A66EE13
:10BD7000A77A77EE277A7B68C3ED007A97ED097A88
:10BD8000D7ED0F7A27EE277AD7ED0A6AD7ED107A2A
:10BD900066EEA77A37EE277AD7ED0B6A22E000BF6E
:10BDA00064A1154A00A0B6430000FA44E0B30208BB
:10BDB000CDE8513A9386C041399495414BE6583DC0
:10BDC0007B14FA42753FA7B98F537C3F293C8C43C3
:10BDD0009C53C93795BFD634B083BB41920A863E87
:10BDE000BD378635D7ED117A66EEA77A7B680433C6
:10BDF00077EE277AC3ED007A97ED0C7AD7ED0F7ABC
:10BE000027EE277AD7ED0D6AD7ED107A66EEA77A7E
:10BE100037EE277AD7ED0E6AD7ED117A66EEA77A5C
:10BE20007B68083377EE277AC3ED007A7B6893ED61
:10BE3000007A7B68D3ED007A27EE277A7B6804339B
:10BE4000D3ED006A7B680433D3ED007A66EEA77AFF
:10BE500037EE277A7B680833D3ED006A7B680833B6
:10BE6000D3ED007A66EEA77A77EE277AB0EE670A0E
:10BE7000FFF702F887ED280AD7ED287A1FED287A18
:10BE8000F4EEC77AF1EE10FA22DD7B68D3ED006A9A
:10BE900097ED287AC6EE877A7B68C3ED007A7B68D7
:10BEA0000433D3ED006A7B68043397ED287AC6EE3D
:10BEB000877AC3ED007A7B680833D3ED006A7B682C
:10BEC000083397ED287AC6EE877AC3ED007A0DE045
:10BED0007B684FF000021A607B6804334FF0000269
:10BEE0001A607B6808334FF000021A6000BFD83731
:10BEF000BD46BDEC028B80BD80B483B000AF7860DE
:10BF00007B684FF07E521A607B684FF000025A60E7
:10BF10007B684FF000029A607B684FF00002DA60A5
:10BF20007B684FF000021A627B684FF000025A6291
:10BF30007B684FF000029A6200BF0C37BD465DF887
:10BF4000047B70470000000090B5C7B000AF07F554
:10BF50008C74A4F58674206007F58C70A0F5887049
:10BF6000016007F58C71A1F58A710A6007F58C7282
:10BF7000A2F58C72136007F58C73A3F588731B68A8
:10BF80001B68C7F8EC3007F58C73A3F588731B6842
:10BF90005B68C7F8F03007F58C73A3F588731B68EE
:10BFA0009B68C7F8F43007F1E00207F58C73A3F53E
:10BFB0008A7107F58C73A3F5887309681868FFF711
:10BFC00031FC07F1E0031846FFF781FC87ED410AD9
:10BFD000D7ED386A97ED417AC6EE877AC7ED357AA4
:10BFE000D7ED396A97ED417AC6EE877AC7ED367A92
:10BFF000D7ED3A6A97ED417AC6EE877AC7ED377A80
:10C0000007F1C80207F1E00107F58C73A3F5887307
:10C010001868FFF707FC07F1E0031846FFF757FC25
:10C0200087ED400AD7ED326A97ED407AC6EE877AFF
:10C03000C7ED2F7AD7ED336A97ED407AC6EE877A4F
:10C04000C7ED307AD7ED346A97ED407AC6EE877A3D
:10C05000C7ED317A07F58C73A3F58C731B681B68E9
:10C06000C7F8B03007F58C73A3F58C731B685B6859
:10C07000C7F8B43007F58C73A3F58C731B689B6805
:10C08000C7F8B83007F1A40207F58C73A3F58C73D9
:10C09000D7F828111868FFF7C5FB07F1A403184665
:10C0A000FFF715FC87ED3F0AD7ED296A97ED3F7A38
:10C0B000C6EE877AC7ED267AD7ED2A6A97ED3F7AE2
:10C0C000C6EE877AC7ED277AD7ED2B6A97ED3F7AD0
:10C0D000C6EE877AC7ED287A07F18C0207F1A40132
:10C0E00007F58C73A3F58C731868FFF79BFB07F1BA
:10C0F000A4031846FFF7EBFB87ED3E0AD7ED236A52
:10C1000097ED3E7AC6EE877AC7ED207AD7ED246A9E
:10C1100097ED3E7AC6EE877AC7ED217AD7ED256A8C
:10C1200097ED3E7AC6EE877AC7ED227AD7F8EC30E3
:10C13000FB65D7F8D4303B66D7F8BC307B66D7F8C0
:10C14000F030BB66D7F8D830FB66D7F8C0303B6715
:10C15000D7F8F4307B67D7F8DC30BB67D7F8C4304A
:10C16000FB67D7F8B030BB63D7F89830FB63D7F8DC
:10C1700080303B64D7F8B4307B64D7F89C30BB6424
:10C18000D7F88430FB64D7F8B8303B65D7F8A030D7
:10C190007B65D7F88830BB650023C7F8143159E0B8
:10C1A0000023C7F810314CE04FF00003C7F80C3102
:10C1B0000023C7F808312AE0D7F8142113465B00A2
:10C1C0001344D7F8082113449B0003F58C733B44B8
:10C1D000E03B93ED007AD7F8102113465B0013443F
:10C1E000D7F8082113449B0003F58C733B44BC3BF8
:10C1F000D3ED007A67EE277A97ED437A77EE277AC8
:10C20000C7ED437AD7F808310133C7F80831D7F8BA
:10C210000831022BD0DD07F58C73A3F58271D7F8B6
:10C22000102113465B001344D7F8142113449B00DC
:10C230000B44D7F80C211A60D7F810310133C7F836
:10C240001031D7F81031022BAEDDD7F8143101339D
:10C25000C7F81431D7F81431022BA1DD07F58C7320
:10C26000A3F58273D3ED007AB7EE007A37EE877AC2
:10C2700007F58C73A3F58273D3ED047A37EE277A32
:10C2800007F58C73A3F58273D3ED087A77EE277ADE
:10C29000F1EE006A87EEA67AB0EE470AFEF7ECFDF3
:10C2A000F0EE407A07F58C73A3F586731B68C3ED37
:10C2B000047A07F58C73A3F58273D3ED007AB7EE99
:10C2C000007A37EE877A07F58C73A3F58273D3ED86
:10C2D000047A37EE677A07F58C73A3F58273D3ED92
:10C2E000087A77EE677AF1EE006A87EEA67AB0EE0A
:10C2F000470AFEF7C1FDF0EE407A07F58C73A3F50F
:10C3000086731B68C3ED057A07F58C73A3F58273FA
:10C31000D3ED007AB7EE007A37EE677A07F58C73C3
:10C32000A3F58273D3ED047A37EE277A07F58C7381
:10C33000A3F58273D3ED087A77EE677AF1EE006A9F
:10C3400087EEA67AB0EE470AFEF796FDF0EE407A49
:10C3500007F58C73A3F586731B68C3ED067A07F5A2
:10C360008C73A3F58273D3ED007AB7EE007A37EEC3
:10C37000677A07F58C73A3F58273D3ED047A37EEF1
:10C38000677A07F58C73A3F58273D3ED087A77EE9D
:10C39000277AF1EE006A87EEA67AB0EE470AFEF73A
:10C3A0006BFDF0EE407A07F58C73A3F586731B687E
:10C3B000C3ED077A07F58C73A3F586731B681A69BA
:10C3C00007F58C73A3F586731B681A6007F58C73E9
:10C3D000A3F586731B685A6907F58C73A3F58673FA
:10C3E0001B685A6007F58C73A3F586731B689A69FE
:10C3F00007F58C73A3F586731B689A6007F58C7339
:10C40000A3F586731B68DA6907F58C73A3F5867349
:10C410001B68DA6007F58C73A3F586731B6893EDD0
:10C42000047A07F58C73A3F586731B68D3ED077A3E
:10C4300027EE277A07F58C73A3F586731B68D3ED77
:10C44000056A07F58C73A3F586731B68D3ED067A2E
:10C4500066EEA77A77EE277A37EEA76A07F58C7330
:10C46000A3F586731B6893ED067A07F58C73A3F525
:10C4700086731B68D3ED067A27EE277A07F58C734F
:10C48000A3F586731B68D3ED076A07F58C73A3F5D4
:10C4900086731B68D3ED077A66EEA77A77EE277A64
:10C4A00077EEA77AB7EE007A77EE677AF0EE670A52
:10C4B000B0EE460AFEF798FC10EE103A1846F4F774
:10C4C00053F85FA3D3E90023F4F7A6F802460B461E
:10C4D00010461946F4F798FB024607F58C73A3F54E
:10C4E00086731B681A6207F58C73A3F586731B6845
:10C4F00093ED047A07F58C73A3F586731B68D3ED6F
:10C50000067A27EE277A07F58C73A3F586731B68E6
:10C51000D3ED076A07F58C73A3F586731B68D3ED1B
:10C52000057A66EEA77A77EE677A77EEA77AB0EEAD
:10C53000670AFEF749FC10EE103A1846F4F714F8B3
:10C540003FA3D3E90023F4F767F802460B461046F1
:10C550001946F4F759FB024607F58C73A3F5867369
:10C560001B685A6207F58C73A3F586731B6893EDFD
:10C57000047A07F58C73A3F586731B68D3ED057AEF
:10C5800027EE277A07F58C73A3F586731B68D3ED26
:10C59000066A07F58C73A3F586731B68D3ED077ADB
:10C5A00066EEA77A77EE277A37EEA76A07F58C73DF
:10C5B000A3F586731B6893ED057A07F58C73A3F5D5
:10C5C00086731B68D3ED057A27EE277A07F58C73FF
:10C5D000A3F586731B68D3ED066A07F58C73A3F584
:10C5E00086731B68D3ED067A66EEA77A77EE277A14
:10C5F00077EEA77AB7EE007A77EE677AF0EE670A01
:10C60000B0EE460AFEF7F0FB10EE103A1846F3F7CC
:10C61000ABFF0BA3D3E90023F3F7FEFF02460B4663
:10C6200010461946F4F7F0FA024607F58C73A3F5A5
:10C6300086731B689A6200BF07F58E77BD4690BD72
:10C64000F8C1631ADCA54C4080B483B000AF7860B9
:10C650007B681B781A067B6801331B781B041A431E
:10C660007B6802331B781B0213437A68033212780B
:10C6700013431A4A13607B6804331B781A067B68DD
:10C6800005331B781B041A437B6806331B781B0297
:10C6900013437A68073212781343114A13607B6898
:10C6A00008331B781A067B6809331B781B041A436E
:10C6B0007B680A331B781B0213437A680B321278AB
:10C6C0001343084A13607B681A7B074B1A7000BF3C
:10C6D0000C37BD465DF8047B704700BF6802002040
:10C6E0006C020020700200208A02002084B080B515
:10C6F00082B000AF07F1100C8CE80F000A23FB7129
:10C70000FB7C002B02D10A23FB7101E0FB7CFB7157
:10C710000B4B1B684FF0FF3118460FF025FF094AFD
:10C72000FB791370064B18680023002200210FF0DC
:10C73000D9FB00BF0837BD46BDE8804004B0704754
:10C740001C2200207602002084B080B582B000AFA9
:10C7500007F1100C8CE80F004FF4E153FB804FF40D
:10C760007A73BB80FB7C002B08D13B7D002B05D16D
:10C770007B7D002B02D1BB7D002B02D0BB7C042B28
:10C7800006D04FF47A73BB804FF4E153FB800BE08B
:10C79000FB7C1B029BB23A7D1343FB807B7D1B021B
:10C7A0009BB2BA7D1343BB800D4B1B684FF0FF312A
:10C7B00018460FF0D9FE0B4ABB8813800A4AFB8843
:10C7C0001380074B18680023002200210FF08AFB1A
:10C7D00000BF0837BD46BDE8804004B0704700BFC9
:10C7E000182200208E0200209002002080B584B024
:10C7F00002AF0346FB71FB79012B0AD10D4B186880
:10C800000023009303234FF48072002111F0EEFD0A
:10C810000CE0FB79022B09D1064B1868002300932A
:10C8200003234FF40072002111F0E0FD00BF083730
:10C83000BD4680BDD01C002084B0B0B5A2B008AF0A
:10C8400007F1780484E80F0097F87830AB2B14BF19
:10C8500001230023DBB287F8673097F87830AB2BE1
:10C8600040F0138597F87930AA3B552B00F2FB84F2
:10C8700001A252F823F000BF47D2000867D2000897
:10C8800067D2000867D2000867D2000867D20008A4
:10C89000D1C9000827CA00087FCA000823CB0008B6
:10C8A00093CD0008D1CB000883CC00082DCD000823
:10C8B000FDCD000867D2000867D2000867D20008E3
:10C8C00067D2000867D2000867D2000867D2000864
:10C8D0005FCE0008E5CE000859CF000815D000084B
:10C8E000ADD00008CBD10008F7D1000833D1000843
:10C8F00067D2000867D2000867D2000867D2000834
:10C9000067D2000867D2000867D2000867D2000823
:10C9100067D2000867D2000867D2000867D2000813
:10C9200067D2000867D2000867D2000867D2000803
:10C9300067D2000867D2000867D2000867D20008F3
:10C9400067D2000867D2000867D2000867D20008E3
:10C9500067D2000867D2000867D2000867D20008D3
:10C9600067D2000867D2000867D2000867D20008C3
:10C9700067D2000867D2000867D2000867D20008B3
:10C9800067D2000867D2000867D2000867D20008A3
:10C9900067D2000867D2000867D2000867D2000893
:10C9A00067D2000867D2000867D2000867D2000883
:10C9B00067D2000867D2000867D2000867D2000873
:10C9C00067D2000867D2000867D2000825D20008A5
:10C9D000CC4B18680023009303230222002111F09E
:10C9E00005FDC94B186897F8673004335B000122D6
:10C9F0009A4097F8673008335B00012101FA03F38E
:10CA000013431A46002300930123002111F0EEFC8A
:10CA1000BE4B18680023009303230822002111F065
:10CA2000E5FC00F0E9BDB74B186800230093012333
:10CA30000122002111F0DAFCB34B186897F8673037
:10CA400004335B0001229A4097F8673008335B009B
:10CA50000133012101FA03F313431A460023009323
:10CA60000123002111F0C2FCA84B18680023009399
:10CA700003230422002111F0B9FC00F0BDBDA24B3C
:10CA8000186897F8673004335B00012202FA03F359
:10CA90001A46002300930123002111F0A7FCF9F7A7
:10CAA000F5F99B48FDF7A8FAFAF70EFF07F13403F2
:10CAB0001846F7F791FD07F134031846F9F7D8FB4C
:10CAC0000346002B0CD007F134031846F7F720FA81
:10CAD0003B1D07F1340104220120F6F718FF06E0A0
:10CAE0003B1D07F1340127220220F6F710FF894B86
:10CAF0001868391D01234FF0FF320FF0F3F9824B14
:10CB0000186897F867300C335B00012202FA03F3D0
:10CB10001A46002300930323002111F067FC00F064
:10CB20006BBD794B186897F8673004335B000122BE
:10CB30009A4097F8673008335B00012101FA03F34C
:10CB40001A4397F867300E335B00012101FA03F3B3
:10CB500013431A46002300930123002111F046FCE1
:10CB6000684B18680023009303230222002111F070
:10CB70003DFC694B18680023009303230222002127
:10CB800011F034FC654B1868002300930323022244
:10CB9000002111F02BFC624B186800230093032343
:10CBA0000222002111F022FC5E4B18680023009342
:10CBB00003230222002111F019FC544B18680023B2
:10CBC000009303230422002111F010FC00F014BD97
:10CBD0004D4B186897F8673004335B00012202FA66
:10CBE00003F31A46002300930123002111F0FEFBFA
:10CBF0004C4B18680023009301230122002111F0FF
:10CC0000F5FB494B18680023009303238022002181
:10CC100011F0ECFB97F87B301846F6F7D3FD97F848
:10CC20007C301846FFF7E2FD97F87D3003F00103F2
:10CC3000002B00F0DC8407F134031846F7F7BEFA46
:10CC40003B1D07F134012722FF20F6F760FE314B30
:10CC50001868391D01234FF0FF320FF043F92A4BBA
:10CC6000186897F867300C335B00012202FA03F36F
:10CC70001A46002300930123002111F0B7FB00F0B6
:10CC8000B6BC214B186897F8673004335B0001226B
:10CC900002FA03F31A46002300930123002111F046
:10CCA000A5FB97F87B3003F00103002B08D01B4B4A
:10CCB00018680023009303230222002111F096FB41
:10CCC00097F87B3003F00203002B08D0144B186850
:10CCD0000023009303230222002111F087FB97F821
:10CCE0007B3003F00403002B00F083840A4B1868A8
:10CCF0000023009303230222002111F077FB00F0B0
:10CD000078BC00BFD81C00204C1C0020D41C002084
:10CD1000F8050020681C002040220020442200204A
:10CD200048220020D8160020D01C0020B04B1868E4
:10CD300097F8673004335B00012202FA03F31A46C6
:10CD4000002300930123002111F050FB97F87B3062
:10CD500003F00103002B0AD0A64B186800230093B0
:10CD600003231022002111F041FB00F044BC97F88E
:10CD70007B3003F00103002B40F03D849D4B18688D
:10CD80000023009303232022002111F02FFB00F049
:10CD900032BC974B186897F8673004335B00012268
:10CDA00002FA03F31A46002300930123002111F035
:10CDB0001DFB07F134031846F7F7ECFC3B1D07F1A8
:10CDC000340127220C20F6F7A2FD8B4B1868391D81
:10CDD00001234FF0FF320FF085F8854B186897F864
:10CDE00067300C335B00012202FA03F31A4600237A
:10CDF00000930123002111F0F9FAFDE37C4B186840
:10CE000097F8673004335B00012202FA03F31A46F5
:10CE1000002300930123002111F0E8FA6C4607F18A
:10CE200088050FCD0FC495E8070003C4228007F1E1
:10CE300078030FCBFFF75AFC704B18680023009360
:10CE400001230422002111F0D1FA6D4B1868002350
:10CE5000009301230422002111F0C8FACCE3644BB3
:10CE6000186897F8673004335B00012202FA03F375
:10CE70001A46002300930123002111F0B7FA6C46F3
:10CE800007F188050FCD0FC495E8070003C4228081
:10CE900007F178030FCBFFF757FC594B18680023B5
:10CEA000009303230222002111F0A0FA554B1868C9
:10CEB0000023009303230522002111F097FA524B1F
:10CEC00018680023009303230522002111F08EFA35
:10CED0004E4B18680023009303230522002111F014
:10CEE00085FA89E3424B186897F8673004335B0092
:10CEF000012202FA03F31A460023009301230021C2
:10CF000011F074FA6C4607F188050FCD0FC495E84F
:10CF1000070003C4228007F178030FCBFFF714FC4E
:10CF2000374B18680023009303230222002111F0DD
:10CF30005DFA344B18680023009303230522002177
:10CF400011F054FA304B1868002300930323052294
:10CF5000002111F04BFA4FE3254B186897F8673022
:10CF600004335B00012202FA03F31A460023009304
:10CF70000123002111F03AFA6C4607F188050FCD24
:10CF80000FC495E8070003C4228007F178030FCB94
:10CF9000FFF7DAFB1A4B18680023009303230222E1
:10CFA000002111F023FA174B186800230093032384
:10CFB0000922002111F01AFA134B1868002300937C
:10CFC00003230922002111F011FA104B18680023E5
:10CFD000009303230922002111F008FA0C4B186872
:10CFE0000023009303230122002111F0FFF903E342
:10CFF0004C1C0020DC1C0020681C0020D8160020DF
:10D00000D81C00204022002044220020482200207A
:10D0100080220020BA4B186897F8673004335B0011
:10D02000012202FA03F31A46002300930123002190
:10D0300011F0DCF96C4607F188050FCD0FC495E8B7
:10D04000070003C4228007F178030FCBFFF77CFBB6
:10D05000AC4B18680023009303230222002111F037
:10D06000C5F9A94B18680023009303230922002166
:10D0700011F0BCF9A54B1868002300930323092283
:10D08000002111F0B3F9A24B186800230093032389
:10D090000922002111F0AAF99E4B18680023009381
:10D0A00003230122002111F0A1F9A5E2944B186895
:10D0B00097F8673004335B00012202FA03F31A4643
:10D0C000002300930123002111F090F96C4607F131
:10D0D00088050FCD0FC495E8070003C4228007F12F
:10D0E00078030FCBFFF730FB864B186800230093C3
:10D0F00003230222002111F079F9834B18680023E1
:10D10000009303230922002111F070F9804B186865
:10D110000023009303230922002111F067F97D4BBE
:10D1200018680023009303230122002111F05EF907
:10D1300062E2734B186897F8673004335B00012292
:10D1400002FA03F31A46002300930123002111F091
:10D150004DF96C4607F188050FCD0FC495E807001F
:10D1600003C4228007F178030FCBFFF7EDFA654B7C
:10D1700018680023009303230222002111F036F9DE
:10D18000614B18680023009303230922002111F04A
:10D190002DF95E4B18680023009303230922002118
:10D1A00011F024F95A4B1868002300930323092235
:10D1B000002111F01BF9584B18680023009303233A
:10D1C0000122002111F012F916E24D4B186897F870
:10D1D000673004335B00012202FA03F31A4600238E
:10D1E00000930123002111F001F907F17B03184698
:10D1F000F6F7DEF900E2424B186897F8673004331F
:10D200005B00012202FA03F31A4600230093012374
:10D21000002111F0EBF807F17B0319463F4801F0BC
:10D220007FFBE9E1364B186897F867305B00013304
:10D23000012202FA03F31A4600230093012300217E
:10D2400011F0D4F8D8E12E4B186897F867305B00DE
:10D25000012202FA03F31A4600230093012300215E
:10D2600011F0C4F8C8E1264B186897F8673004330A
:10D270005B000133012202FA03F31A4600230093F4
:10D280000123002111F0B2F8B6E197F87830CE2BE7
:10D2900040F09C8197F87930AA2B00F07581AA2B79
:10D2A000C0F28281FF2B00F37F81F02BC0F27C81E2
:10D2B000F03B0F2B00F2788101A252F823F000BF5F
:10D2C00021D300085FD3000811D400084FD4000810
:10D2D000A7D40008A9D50008A9D50008A9D5000839
:10D2E000A9D50008A9D50008A9D50008A9D5000826
:10D2F000A9D50008A9D50008A9D5000867D5000858
:10D300004C1C0020D81C0020402200204422002079
:10D310004822002080220020001A0020041A002049
:10D32000B94B186897F8673004335B00012202FAA2
:10D3300003F31A46002300930123002111F056F84D
:10D34000B24B1B7A012B0CBF01230023DAB2B04B86
:10D350001A7007F17B031846FCF700FE4CE197F8C2
:10D360007A30082B42D1A84B186897F867300433FD
:10D370005B00012202FA03F31A4600230093012303
:10D38000002111F033F897F87B301A0697F87C30BB
:10D390001B041A4397F87D301B02134397F87E2035
:10D3A00013433B6697F87F301A0697F880301B04CA
:10D3B0001A4397F881301B02134397F882201343D6
:10D3C000FB65F96D386EF6F765FA0346FB703B1D99
:10D3D000F91C0122E220F6F79AFA8E4B1868391DE3
:10D3E00000234FF0FF320EF07DFD05E1864B1868FB
:10D3F00097F8673004335B000133012202FA03F32C
:10D400001A46002300930123002110F0EFFFF3E000
:10D410007D4B186897F8673004335B00012202FAED
:10D4200003F31A46002300930123002110F0DEFFCE
:10D430003B1D00220021E020F6F769FA754B1868C1
:10D44000391D00234FF0FF320EF04CFDD4E097F869
:10D450007A300D2B15D16C4B186897F86730043370
:10D460005B00012202FA03F31A4600230093012312
:10D47000002110F0BBFF07F17B031846FFF7E4F82B
:10D48000BAE0614B186897F8673004335B000133EA
:10D49000012202FA03F31A4600230093012300211C
:10D4A00010F0A4FFA8E0584B186897F867300433D1
:10D4B0005B0001229A4097F867300E335B00012130
:10D4C00001FA03F313431A460023009303230021B8
:10D4D00010F08CFF504B1868002300930323402268
:10D4E000002110F083FF4D4B1868002300930123A7
:10D4F0000122002110F07AFF494B186800230093A5
:10D5000003230222002110F071FF464B186800230C
:10D51000009303230222002110F068FF424B186899
:10D520000023009303230222002110F05FFF3F4BF2
:10D5300018680023009303230222002110F056FFF5
:10D540003B4B18680023009303230222002110F0B4
:10D550004DFF384B18680023009303230422002159
:10D5600010F044FF48E0284B186897F867305B00DC
:10D570000133012202FA03F31A4600230093012328
:10D58000002110F033FF37E01F4B186897F8673021
:10D590005B00012202FA03F31A46002300930123E1
:10D5A000002110F023FF27E0174B186897F8673029
:10D5B00004335B000133012202FA03F31A4600230D
:10D5C00000930123002110F011FF15E00E4B1868A5
:10D5D00097F8673004335B00012202FA03F31A461E
:10D5E000002300930123002110F000FF04E000BF9E
:10D5F00002E000BF00E000BF00BF6837BD46BDE8E5
:10D60000B04004B0704700BF4C1C0020081600203A
:10D6100075020020641C0020D01C0020DC1C0020AF
:10D62000D81C002040220020442200204822002054
:10D63000D8160020D41C0020B0B596B008AF786092
:10D64000154B1B6818460FF08FF878631CE0124BDF
:10D650001B6807F108014FF0FF3218460EF0A2FEDA
:10D660000346012B0DD16C4607F118050FCD0FC4F1
:10D6700095E8070003C4228007F108030FCBFFF7EA
:10D68000DBF87B6B013B7B637B6B002BDFD14FF4C3
:10D69000FA700FF04FFCD3E75C1C002090B585B00A
:10D6A00000AF78602A4B1B684FF0FF3118460EF030
:10D6B0005BFF0023FB73274B274A02F2CD542068FF
:10D6C0006168A26807C3A289A17B1A800A469A7082
:10D6D00013222049214814F059FA03461A46204BD8
:10D6E0001A701F4B1B781B49184600F04FFD1C4B4E
:10D6F0001B78002B05D00A200FF01CFCFB7B0133AC
:10D70000FB73FB7B032B03D8154B1B78002BDFD15E
:10D71000104B012283F860220023BB6006E0796889
:10D720000C4800F01FF8BB680133BB60BB68172BC7
:10D73000F5DD0A4814F0D0FF054B186800230022DD
:10D7400000210EF0CFFB00BF1437BD4690BD00BFD7
:10D75000FC21002098270020901E0164CC27002087
:10D76000B422002080B584B000AF786039604FF4F7
:10D77000FF73FB607B68012283F83020786800F03B
:10D780008FFC7B6803F134000E4BFA68396814F0A3
:10D79000B0FD03461A460C4B1A700B4B1B78796888
:10D7A000184600F0F3FC084B1B78002B05D1064B04
:10D7B0001B787968184600F0E9FC00BF1037BD46B9
:10D7C00080BD00BFB8220020B422002090B585B0F3
:10D7D00000AF78602E4B1B684FF0FF3118460EF0FB
:10D7E000C3FE2C4B2C4A02F2CD5420686168A2681B
:10D7F00007C3A289A17B1A800A469A700122254993
:10D80000264814F0C3F903461A46254B1A70244BD8
:10D810001B782049184600F0B9FC214B1B78002BDF
:10D820002BD10023FB8111E0FB895B021A467B6848
:10D8300099181C4B4FF40072184814F01BFC034657
:10D840001A46174B1A70FB890133FB81FB89172B92
:10D85000EAD9124814F040FF0E4B00225A630D49DA
:10D860004FF000024FF00003C1E9062309494FF0D1
:10D8700000024FF00003C1E90823054B186800239C
:10D88000002200210EF02EFB00BF1437BD4690BDD4
:10D89000FC21002098270020901E0164CC27002046
:10D8A000B4220020BC22002090B5ADF5037D02AF6C
:10D8B0003B464FF4007200924FF40042022161484F
:10D8C00015F0EEF903461A465F4B1A705F4A604B3B
:10D8D0001046194640F2DC531A461AF04EFF5D4BD3
:10D8E00000221A705C4B01221A805C4B00221A70D5
:10D8F0005B4B01221A805B4B00225A6159494FF061
:10D9000000024FF00003C1E9062356494FF0000220
:10D910004FF00003C1E90823534B00225A615249DA
:10D920004FF000024FF00003C1E906234E494FF0CB
:10D9300000024FF00003C1E908234A4B002283F89C
:10D94000302048494FF000024FF00003C1E90A239C
:10D95000454B002283F8302043494FF000024FF03E
:10D960000003C1E90A2364200FF0E4FA01223549DB
:10D970003E4814F0C7F803461A46334B1A70642029
:10D980000FF0D8FA304B1B783649184600F0FEFBF2
:10D99000344A2E4B14460FCB07C4238002341B0C91
:10D9A000237032222F49324814F0F0F803461A4609
:10D9B000254B1A70244B1B78002B04D1294B0122D4
:10D9C00083F8602203E0274B002283F860221E4B7D
:10D9D0001B782449184600F0D9FB234A1B4B1446F8
:10D9E0000FCB07C4238002341B0C237031221E4945
:10D9F000204814F0CBF803461A46134B1A70124B0A
:10DA00001B78002B04D1184B012283F8602203E01D
:10DA1000154B002283F860220B4B1B7812491846E5
:10DA200000F0B4FB144B1B784FF4FF7219461348F7
:10DA300019F0C1FF1148FFF731FE00BF07F501776C
:10DA4000BD4690BD48B10208B4220020901E01647A
:10DA500094B90208102A0020142A0020112A00205C
:10DA6000122A0020C82200203025002000000020BB
:10DA7000FC220020642500208A020020901C016402
:10DA800080B500AF01223649002014F03BF8642035
:10DA90000FF050FA01223249324814F033F80346AD
:10DAA0001A46314B1A7064200FF044FA2E4B1B7843
:10DAB0002E49184600F06AFB2D4B1B781A46134678
:10DAC0001B019B1A2B4A13440F22194627481AF0B0
:10DAD00054FE32222549284814F058F803461A46C5
:10DAE000214B1A70204B1B78002B04D11F4B0122B5
:10DAF00083F8602203E01D4B002283F860221A4B5A
:10DB00001B781A49184600F041FB1C4B1B781A463B
:10DB100013461B019B1A174A13440F221946184833
:10DB20001AF02BFE31221649164814F02FF803463E
:10DB30001A460D4B1A700C4B1B78002B04D1104B5E
:10DB4000012283F8602203E00D4B002283F860225B
:10DB5000054B1B780A49184600F018FB00BF80BD32
:10DB600048B1020800000020B4220020C822002092
:10DB7000102A0020901E0164FC220020112A00209F
:10DB80003025002064250020B0B584B000AF786057
:10DB9000404B1B684FF0FF3118460EF0E5FC0023A8
:10DBA000FB6079683C4800F03DF93B4BD3E9080144
:10DBB0003A4B1B889BB200221C46154622462B4638
:10DBC000F3F7C2F802460B4613467B817B8947F682
:10DBD0001812934245D9304800F02AFB304B1B788D
:10DBE0000133DAB22E4B1A700A200FF0A3F92C4B36
:10DBF0001B781A4613461B019B1A2A4A13440F220C
:10DC0000194625481AF0B9FD33222349264813F056
:10DC1000BDFF03461A46254B1A70244B1B78002B78
:10DC200004D11D4B012283F8602203E01A4B00222D
:10DC300083F860221D4B1B781749184600F0A6FA9E
:10DC4000174B1B78622B05D1FB680133FB60144B2B
:10DC500000221A70FB68032B03D0144B1B78002B97
:10DC6000BCD10F4B1B78622B08D10D4B00221A70D0
:10DC70000A4B1B8801339AB2084B1A80054B18686F
:10DC80000023002200210EF02DF900BF1037BD4601
:10DC9000B0BD00BFFC210020C8220020142A0020B3
:10DCA000102A0020901E0164FC220020B4220020D3
:10DCB000B0B584B000AF7860514B1B684FF0FF31B6
:10DCC00018460EF051FC00237B810023FB604D4B76
:10DCD000D3E906014C4B1B889BB200221C4615461B
:10DCE00022462B46F3F730F802460B4613467B815B
:10DCF0007B8947F6181293420FD8424BD3E90601AD
:10DD0000424BD3E90823994208BF90425CD1404B73
:10DD10001A78404B1B789A4256D13A4800F088FA5C
:10DD2000C8200FF007F937494FF000024FF0000309
:10DD3000C1E9062333494FF000024FF00003C1E967
:10DD40000823344B1B780133DAB2324B1A700A20A5
:10DD50000FF0F0F82F4B1B781A4613461B019B1A45
:10DD60002D4A13440F22194626481AF006FD312287
:10DD700024492A4813F00AFF03461A46284B1A7012
:10DD8000274B1B78002B04D11E4B012283F8602205
:10DD900003E01C4B002283F86022214B1B781949B9
:10DDA000184600F0F3F91B4B1B78622B05D1FB687A
:10DDB0000133FB60174B00221A70FB68032B03D062
:10DDC000174B1B78002BABD1124B1B78622B08D161
:10DDD000104B00221A700C4B1B8801339AB20A4B6D
:10DDE0001A807968074800F0D1F8054B18680023BD
:10DDF000002200210EF076F800BF1037BD46B0BDFE
:10DE0000FC21002030250020122A0020C8220020FA
:10DE1000102A0020112A0020901E01646425002091
:10DE2000B42200202DE9B04382B000AF78603960A1
:10DE3000324B012283F83020786800F031F97B689A
:10DE400003F134027B681B6C1946104614F064FC25
:10DE500003461A462A4B1A70294B1B7879681846D4
:10DE600000F094F9264B1B78002B41D17B6803F11D
:10DE70003400244BD3E90023234B396814F039FADA
:10DE800003461A461E4B1A701D4B1B7879681846BC
:10DE900000F07CF91A4B1B78002B21D11A4B1B6820
:10DEA0007968184600F092F97B68D3E90A23541C7C
:10DEB00043F100057B68C3E90A457B68D3E90A237F
:10DEC0000B2A73F100030BD37B683433184614F02C
:10DED00085FB79684FF000024FF00003C1E90A2387
:10DEE0007B681B6C0022984691467B68C3E90889D1
:10DEF00000BF0837BD46BDE8B08300BF3025002015
:10DF0000B422002098020020B822002080B582B000
:10DF100000AF78607B689A6C7B681B6C9A420CBF80
:10DF200001230023DAB2174B1A70174B1B7879685C
:10DF3000184600F02BF9134B1B78002B1DD0786886
:10DF400000F076F97B68184614F0EFFD0D4B0022C7
:10DF50001A7064200EF0EEFF7B6834337968332248
:10DF6000184613F013FE03461A46074B1A70064B69
:10DF70001B787968184600F009F900BF0837BD46DC
:10DF800080BD00BFC1220020B42200202DE9B04393
:10DF900082B000AF786039607B6893F83030002B36
:10DFA00025D03B4814F01AFB786800F041F97B68F3
:10DFB000343379680122184613F0E8FD03461A4607
:10DFC000344B1A70334B1B787968184600F0DEF832
:10DFD0007B68012283F860227B68002283F830206E
:10DFE00079684FF000024FF00003C1E90A237B6813
:10DFF0001B6C0022984691467B68C3E908897868C3
:10E0000000F04EF87B6803F134007B68D3E9062307
:10E010001346194614F080FB03461A461D4B1A702E
:10E020001C4B1B787968184600F0B0F8194B1B7828
:10E03000002B28D17B6803F13400174BD3E9002370
:10E04000164B396814F016F803461A46114B1A702D
:10E05000104B1B787968184600F098F80D4B1B7828
:10E06000002B10D17B689B6C00221C4615467B68F8
:10E07000C3E90645094B1B687968184600F0A6F805
:10E080007868FFF743FF00BF0837BD46BDE8B0839F
:10E09000FC220020B422002098020020BC22002094
:10E0A00080B58AB002AF78607B685B69032B51DD75
:10E0B000786800F0BDF87B68184614F036FD2C4BEC
:10E0C0001B781A4613461B019B1A2A4A13442A49F5
:10E0D000184619F085FC0346FB61254B1B781A4650
:10E0E00013461B019B1A234A1A44244B1B6807F151
:10E0F000080000931346FA69214919F0F5FB7B6883
:10E1000007F10802114618461AF02FFB79684FF004
:10E1100000024FF00003C1E9082379684FF00002C4
:10E120004FF00003C1E90623144B1B680133134A67
:10E1300013607B68343379683322184613F026FD68
:10E1400003461A460F4B1A700E4B1B787968184617
:10E1500000F01CF87B685B69062B05DD0A4B012289
:10E160001A70786800F07AF800BF2037BD4680BD8D
:10E17000102A0020901E01644CB10208C422002025
:10E1800050B10208B4220020C022002080B483B025
:10E1900000AF03463960FB71FB79002B08D00A4BB6
:10E1A00001221A703B685B695A1C3B685A6105E0A2
:10E1B000054B00221A703B6800225A6100BF0C37E1
:10E1C000BD465DF8047B7047C322002080B483B055
:10E1D00000AF786039607B682D2B15D03B689A6C56
:10E1E0003B681B6C9A4206D10F4B00221A703B68A9
:10E1F00000225A6111E00C4B01221A703B685B69E6
:10E200005A1C3B685A6108E0074B00221A70074B02
:10E2100000221A603B6800225A6100BF0C37BD46DD
:10E220005DF8047B704700BFC2220020BC220020A2
:10E2300080B582B000AF78607B6893F86032002BC5
:10E2400008D07B683433184614F046FA7B68002205
:10E2500083F8602200BF0837BD4680BD98B500AF87
:10E2600001225049002013F04DFC4F4808F0D2FC29
:10E270004E4B5B6A4D4A43F4006353620A200EF032
:10E2800059FE4A4B5B6A494A23F4006353620A20F1
:10E290000EF050FE444808F00DFC0346002B03D05E
:10E2A000434B01221A707CE064200EF043FE0122F1
:10E2B0003C49404813F026FC03461A463E4B1A7070
:10E2C0003D4B1B78002B52D1394B00221A703B4A30
:10E2D0003B4B14460FCB07C4238002341B0C237026
:10E2E00032223649374813F051FC03461A46324B66
:10E2F0001A70314B1B78002B04D1304B012283F86C
:10E30000602203E02D4B002283F860222A4B1B7809
:10E310002A491846FFF73AFF2B4A294B14460FCBE0
:10E3200007C4238002341B0C23703122264927485E
:10E3300013F02CFC03461A461F4B1A701E4B1B7819
:10E34000002B10D1204B012283F860221A4B1B783E
:10E35000002B10D11C4BD3E90623134619461B484A
:10E3600014F0DAF907E0124B01221A7003E0164BA1
:10E37000002283F86022164B114A02F2CD54206825
:10E380006168A26807C3A289A17B1A800A469A70B5
:10E3900013220F490F4813F0F9FB03461A46064BA8
:10E3A0001A7098BD48B102081806002000380240D3
:10E3B000C022002000000020B4220020C82200203B
:10E3C000901E0164FC2200203025002064250020DE
:10E3D00098270020CC27002080B584B000AF78605B
:10E3E0004B4B002283F82F20494B002283F82D202D
:10E3F000484B002283F82F20464B002283F82D2023
:10E40000454B1B6818460EF0AFF9F86013E0424B1D
:10E410001B684FF0FF32414918460DF0C3FF034619
:10E42000012B08D13D4B1B7819463A48F5F790FB74
:10E43000FB68013BFB60FB68002BE8D1354B93F890
:10E440002F30002B0ED000F07AF8CE22344931481C
:10E45000F5F773FC334B186800234FF0FF32304957
:10E460000DF040FD304B1B6818460EF07DF9F8604A
:10E4700013E02D4B1B684FF0FF32284918460DF072
:10E4800091FF0346012B08D1244B1B7819462048E5
:10E49000F5F75EFBFB68013BFB60FB68002BE8D1F6
:10E4A0001B4B93F82F30002B0DD000F041F81C4986
:10E4B0001748F5F7BAFC1B4B186800234FF0FF32E2
:10E4C00017490DF00FFD194B1B6818460EF04CF95B
:10E4D000F86012E0154B1B684FF0FF320F491846E9
:10E4E0000DF060FF0346012B04D10C4B1B7818463E
:10E4F000F9F74CFCFB68013BFB60FB68002BE9D1A2
:10E500004FF0FF32012100200FF064FE78E700BFDA
:10E510003416002064160020501C0020162A00200B
:10E52000DC1500205C1C0020541C0020581C00201E
:10E5300080B400AF00BFBD465DF8047B704780B477
:10E5400000AF00BFBD465DF8047B704780B582B068
:10E5500000AF78607B680433184601F0E8FF7B6801
:10E560002833184601F0E3FF7B686A4A5A607B68EB
:10E57000694A9A607B68694ADA607B68664A1A6110
:10E580007B68674A5A617B68664A9A617B68634A1E
:10E59000DA617B68634A1A627B68634A5A627B6805
:10E5A0001A1D7B6828331946104602F036FC7B683A
:10E5B000022283F84C207B689033184601F07FFEDE
:10E5C0007B68CC33184601F07AFE7B68D833184656
:10E5D00001F075FE7B689C33184602F07EFC7B6878
:10E5E000BC33184602F079FC7B68AC33184602F065
:10E5F00074FC7B68E433184601F0C2FF7B6803F5C6
:10E60000BA73184601F0BCFF7B6803F50173184626
:10E6100001F0B6FF7B6803F1E4027B68E43319463E
:10E620009FED420A104602F046F87B6803F5BA7285
:10E630007B6803F5BA7319469FED3C0A104602F059
:10E640003AF87B6803F501727B6803F5017319469C
:10E650009FED360A104602F02EF87B6803F58473AE
:10E66000184601F064FF7B6803F59673184601F0C5
:10E670005EFF7B6803F5CC73184601F058FF7B689A
:10E6800003F5A873184601F052FF7B6803F5DE73AB
:10E69000184601F04CFF7B6803F5F073184601F053
:10E6A00046FF7B685033184601F009FE7B687033E3
:10E6B000184601F004FE7B685C33184601F0FFFD4C
:10E6C0007B687C33184601F0FAFD7B684FF07C5282
:10E6D0009A667B684FF07C52C3F888207B68144AA6
:10E6E000DA667B68134AC3F88C207B68124AC3F849
:10E6F00028227B68104AC3F82C227B680F4AC3F893
:10E7000030227B6807221A60002318460837BD466E
:10E7100080BD00BFE7A90E3DAACA30362B73293948
:10E72000554D103D4DC21B38E52B013CCDCCCC3DA9
:10E73000ACC5A736ACC5273717B7D1386F12833AA7
:10E7400080B586B000AF78613961FA60BB6087ED53
:10E75000010A7B6950333969184601F099FD7B69DC
:10E760005C33F968184601F093FD7B697033B96832
:10E77000184601F08DFD7B697C33396A184601F03B
:10E7800087FD7B695033184601F08FFE7B695C334F
:10E79000184601F08AFE7B697033184601F085FE49
:10E7A0007B697C33184601F080FE7B699033796A7F
:10E7B000184601F06DFD7B6903F190021D4BD3ED0E
:10E7C000007A7B6990331946B0EE670A104601F073
:10E7D000B9FD7B691B6803F00103002B07D0786942
:10E7E00001F00BFA0346002B01D001231EE07B69E8
:10E7F0001B6803F00203002B07D0786901F0D0FA00
:10E800000346002B01D0022310E07B691B6803F054
:10E810000403002B09D097ED010A786900F036F95E
:10E820000346002B01D0042300E0002318461837CC
:10E83000BD4680BDA002002080B584B000AFF86066
:10E84000B9607A603B60F868FFF780FEFB68503380
:10E85000B968184601F01CFDFB685C3379681846FE
:10E8600001F016FDFB6870333968184601F010FDA1
:10E87000FB687C33B969184601F00AFDFB68503328
:10E88000184601F012FEFB685C33184601F00DFEDD
:10E89000FB687033184601F008FEFB687C331846AD
:10E8A00001F003FEFB689033F969184601F0F0FCB3
:10E8B000FB6803F19002194BD3ED007AFB689033AB
:10E8C0001946B0EE670A104601F03CFDFB6803F103
:10E8D0009002FB68CC331946104601F011FEF8682F
:10E8E00001F08BF90346002B01D0012312E0FB68F5
:10E8F00003F1BC02FB689C331946104602F039FF55
:10E90000FB6803F1BC02FB68AC331946104602F009
:10E9100030FF002318461037BD4680BDA0020020FE
:10E9200080B582B000AF78603960574B1B68002B10
:10E9300000F0A480544B1B684FF0FF3118460DF0D7
:10E9400013FE3B681B781A467B681A603B680433E9
:10E950001B781A063B6803331B781B041A433B6879
:10E9600002331B781B021A433B6801331B7819469C
:10E970007B6803F50A730A431A603B6808331B7807
:10E980001A063B6807331B781B041A433B6806339F
:10E990001B781B021A433B6805331B7819467B68BA
:10E9A00003F50B730A431A603B680C331B781A0695
:10E9B0003B680B331B781B041A433B680A331B78F4
:10E9C0001B021A433B6809331B7819467B6803F521
:10E9D0000C730A431A603B6810331B781A063B68B5
:10E9E0000F331B781B041A433B680E331B781B0242
:10E9F0001A433B680D331B7819467B686C330A4316
:10EA00001A603B6814331B781A063B6813331B7873
:10EA10001B041A433B6812331B781B021A433B68E2
:10EA200011331B7819467B688C330A431A603B68A4
:10EA300018331B781A063B6817331B781B041A43DC
:10EA40003B6816331B781B021A433B6815331B784F
:10EA500019467B6868330A431A607B68D3ED1A7ADB
:10EA6000B7EE007A77EE677A7B68C3ED227A064BC1
:10EA700018680023002200210DF034FA0023184604
:10EA80000837BD4680BD00BF24220020B0B5ADF5DB
:10EA90006A7D02AF07F56873A3F56773186007F521
:10EAA0006873A3F5687383ED000A07F56873A3F52F
:10EAB00067731A6807F55A73CC3207CA83E80700F0
:10EAC00007F56873A3F567731A6807F55773D832AB
:10EAD00007CA83E8070007F56873A3F567731B6827
:10EAE000181D07F56873A3F567731B68CC3307F52A
:10EAF0006372194601F054FE07F56873A3F5677356
:10EB00001B68CC3307F5607207F56371184601F096
:10EB10006CFCD7EDE07AF1EE677AC7EDE07AD7EDDD
:10EB2000E17AF1EE677AC7EDE17AD7EDE27AF1EEBC
:10EB3000677AC7EDE27A07F56873A3F567731B6818
:10EB4000283307F55D7207F56071184601F028FE5D
:10EB500097EDDA7AD7EDDD6A07F56873A3F5687388
:10EB6000D3ED007A66EEA77A77EE277AC7EDDA7AE8
:10EB700097EDDB7AD7EDDE6A07F56873A3F5687366
:10EB8000D3ED007A66EEA77A77EE277AC7EDDB7AC7
:10EB900097EDDC7AD7EDDF6A07F56873A3F5687344
:10EBA000D3ED007A66EEA77A77EE277AC7EDDC7AA6
:10EBB00007F56873A3F567731B6803F19C0007F5FD
:10EBC0006873A3F567731B68CC3307F55372194656
:10EBD00002F0ABFA07F56873A3F567731B6893ED52
:10EBE000277AD7EDD36A07F56873A3F56873D3ED79
:10EBF000007A66EEA77A77EE677AC7EDCF7A07F5E7
:10EC00006873A3F567731B6893ED287AD7EDD46A10
:10EC100007F56873A3F56873D3ED007A66EEA77AFB
:10EC200077EE677AC7EDD07A07F56873A3F5677357
:10EC30001B6893ED297AD7EDD56A07F56873A3F5BC
:10EC40006873D3ED007A66EEA77A77EE677AC7ED40
:10EC5000D17A07F56873A3F567731B6893ED2A7A79
:10EC6000D7EDD66A07F56873A3F56873D3ED007A1C
:10EC700066EEA77A77EE677AC7EDD27A07F54F731B
:10EC8000184602F044F907F54673184601F078FC7F
:10EC900007F53D7207F563731146184602F082F8D6
:10ECA00007F56873A3F567731B68CC3307F53472F7
:10ECB0001146184602F076F807F56873A3F56773F6
:10ECC0001B68191D07F5EA7207F53473184601F041
:10ECD000D0FD07F5EA7207F5EA7107F53D731846AE
:10ECE00001F0A7FC07F56873A3F567731B68283369
:10ECF00007F52B7207F5EA71184601F0BAFD07F522
:10ED00002B7107F56873A3F5687307F52B7293ED04
:10ED1000000A104601F0CFFC07F52B7207F52B71A6
:10ED200007F54673184601F042FC07F5227107F516
:10ED30006873A3F5687307F5347293ED000A104603
:10ED400001F0B9FC07F5227207F5227107F5467349
:10ED5000184601F06EFC07F56873A3F567731B682E
:10ED600003F1280207F5197107F56873A3F56873B5
:10ED700093ED000A104601F09EFC07F5EA7207F5D4
:10ED800022731146184601F0D0FC07F56873A3F50D
:10ED900067731B6803F1E40107F5107207F52B7325
:10EDA000184601F066FD07F56873A3F567731B68E5
:10EDB00003F5847307F5077207F5EA71184601F049
:10EDC00058FD07F56873A3F567731B6803F5BA71FF
:10EDD00007F5FC7207F52273184601F04AFD07F5A6
:10EDE000EA7207F52B731146184601F09EFC07F5F1
:10EDF000C67207F5EA7107F51073184601F039FD80
:10EE000007F5EA7207F519731146184601F08DFCF3
:10EE100007F5D87207F5EA7107F51973184601F07E
:10EE200028FD07F56873A3F567731B68D3ED8A7A2D
:10EE300007F5D87207F5D8731146B0EE670A184681
:10EE400001F039FC07F5C67207F5D87107F5C673EE
:10EE5000184601F0ACFB07F5B47107F56873A3F52C
:10EE6000687307F5107293ED000A104601F023FC59
:10EE700007F5EA7207F5077107F52B73184601F0DD
:10EE8000F8FC07F5B47207F5EA7107F5B473184694
:10EE900001F08DFB07F56873A3F567731B6803F535
:10EEA000967107F5A27207F52B73184601F0E1FC85
:10EEB00007F56873A3F567731B6803F1E40207F5B0
:10EEC0006873A3F56873D3ED007A67EEA77A07F548
:10EED00090731946B0EE670A104601F0ECFB07F597
:10EEE0006873A3F567731B6803F5A87207F5EA71E9
:10EEF00007F56873A3F5687393ED000A104601F0F7
:10EF0000DAFB07F5907207F5EA7107F5907318467A
:10EF100001F04DFB07F5EA7107F56873A3F5687317
:10EF200007F5077293ED000A104601F0C4FB07F5E0
:10EF3000907207F5EA7107F59073184601F037FBF8
:10EF400007F5EA7207F522731146184601F0EDFB4A
:10EF500007F5D87207F5EA7107F5FC73184601F05A
:10EF600088FC07F5907207F5D87107F5907318467D
:10EF700001F01DFB07F56873A3F567731B6803F5C4
:10EF8000967207F1FC0107F56873A3F5687393EDBA
:10EF9000000A104601F08FFB07F56873A3F567734D
:10EFA0001B6803F5CC7107F5EA7207F52273184662
:10EFB00001F05FFC07F1FC0207F5EA7107F1FC03C1
:10EFC000184601F0F4FA07F56873A3F5327207F5F5
:10EFD0006873A3F567731B68154603F501740FCCBE
:10EFE0000FC50FCC0FC523682B6007F56873A3F519
:10EFF0006873D3ED007A27EEA77A07F56873A3F557
:10F0000067731B68D3ED8B7A67EE277A07F5687311
:10F01000A3F5E673C3ED007A07F56873A3F5E6730D
:10F020004FF000025A6007F56873A3F5E6734FF0DE
:10F0300000029A6007F56873A3F5E6734FF00002CB
:10F04000DA6007F56873A3F56873D3ED007A27EEED
:10F05000A77A07F56873A3F567731B68D3ED8B7AFE
:10F0600067EE277A07F56873A3F5E673C3ED047AB4
:10F0700007F56873A3F5E6734FF000025A6107F5D0
:10F080006873A3F5E6734FF000029A6107F56873A1
:10F09000A3F5E6734FF00002DA6107F56873A3F594
:10F0A0006873D3ED007A27EEA77A07F56873A3F5A6
:10F0B00067731B68D3ED8B7A67EE277A07F5687361
:10F0C000A3F5E673C3ED087A07F1D80207F5EA71F4
:10F0D00007F1D803184601F06AFA07F56873A3F53B
:10F0E00067731B6807F56872A2F5057203F1E40403
:10F0F00015460FCD0FC40FCD0FC42B68236007F545
:10F100006873A3F567731B6807F56872A2F50E7242
:10F1100003F5847415460FCD0FC40FCD0FC42B68B3
:10F12000236007F56873A3F567731B6807F56872BA
:10F13000A2F5177203F5967415460FCD0FC40FCDC7
:10F140000FC42B68236007F56873A3F567731B680A
:10F1500007F56872A2F5207203F5BA7415460FCD53
:10F160000FC40FCD0FC42B68236007F56873A3F598
:10F1700067731B6807F56872A2F5297203F5CC74F2
:10F1800015460FCD0FC40FCD0FC42B68236007F5B4
:10F190006873A3F567731B6807F56872A2F532728E
:10F1A00003F5017415460FCD0FC40FCD0FC42B68A6
:10F1B000236007F56873A3F567731B6803F5847212
:10F1C00007F56873A3F567731B6803F5A873194601
:10F1D000104601F0AAFA07F56873A3F567731B6878
:10F1E00003F5967207F56873A3F567731B6803F55B
:10F1F000DE731946104601F098FA07F56873A3F517
:10F2000067731B6803F5CC7207F56873A3F5677322
:10F210001B6803F5F0731946104601F086FA07F5EE
:10F220006873A3F567731B6803F19C0407F54F73BC
:10F230000FCB84E80F0007F56873A3F567731B68AD
:10F24000CC3307F55A7207CA83E8070007F56873DD
:10F25000A3F567731B68D83307F5577207CA83E8AD
:10F26000070007F56873A3F567731B6893ED247AAD
:10F2700007F56873A3F567731B68D3ED337A37EE30
:10F28000677A07F56873A3F567731B68D3ED367A61
:10F2900077EE677A07F56873A3F53573C3ED007AE7
:10F2A00007F56873A3F567731B6893ED257A07F577
:10F2B0006873A3F567731B68D3ED347A37EE677A0A
:10F2C00007F56873A3F567731B68D3ED377A77EE9C
:10F2D000677A07F56873A3F53573C3ED017A07F50F
:10F2E0006873A3F567731B6893ED267A07F5687357
:10F2F000A3F567731B68D3ED357A37EE677A07F5A8
:10F300006873A3F567731B68D3ED387A77EE677A75
:10F3100007F56873A3F53573C3ED027A07F1A80307
:10F32000184601F02DF907F18403184601F0FFF8A3
:10F3300007F16003184601F023F907F13C03184672
:10F3400001F0F5F807F56873A3F567731B68D3F848
:10F35000302207F56873A3F559731A6007F56873CF
:10F36000A3F567731B68D3F8302207F56873A3F51C
:10F3700059731A6107F56873A3F567731B68D3F8AF
:10F38000302207F56873A3F559731A6207F18404F4
:10F3900007F1A80207F1CC0107F56873A3F56770C0
:10F3A00007F13C03019307F16003009323460068D3
:10F3B00000F0C1F80346002B01D00423B6E007F1AA
:10F3C000A803184601F0B3F807F16003184601F0EE
:10F3D000AEF80023C7F89C339AE007F56873A3F5ED
:10F3E0006772D7F89C335B014833126813440833C3
:10F3F000C7F8983307F56873A3F567731B689C33E8
:10F4000007F118021146184601F029FFD7F89813A2
:10F4100007F10C0207F11803184601F0C1F9D7F8FB
:10F42000983393ED037A07F56873A3F56573D3ED0D
:10F43000007A77EE677A07F56873A3F53573C3ED45
:10F44000007AD7F8983393ED047A07F56873A3F53B
:10F450006573D3ED017A77EE677A07F56873A3F5E4
:10F460003573C3ED017AD7F8983393ED057A07F534
:10F470006873A3F56573D3ED027A77EE677A07F5C3
:10F480006873A3F53573C3ED027A07F1840207F1BF
:10F490000C031146184601F085FC07F13C031846A1
:10F4A00001F045F8D7F89833DA6907F56873A3F5E2
:10F4B00059731A60D7F89833DA6907F56873A3F5BA
:10F4C00059731A61D7F89833DA6907F56873A3F5A9
:10F4D00059731A6207F1840407F1A80207F1CC01FD
:10F4E00007F56873A3F5677007F13C03019307F113
:10F4F000600300932346006800F01DF80346002BCC
:10F5000001D0042312E0D7F89C330133C7F89C33B1
:10F5100007F56873A3F567731B6893F84C301A46B8
:10F52000D7F89C339342FFF458AF0023184607F5F1
:10F530006877BD46B0BD90B5ADF5197D00AF07F554
:10F540001874A4F51574206007F51870A0F51670EE
:10F55000016007F51871A1F517710A6007F51872B7
:10F56000A2F51872136007F50F7207F51873A3F56B
:10F5700017731146186801F0D8F807F5067207F5F9
:10F580001873A3F518731146186801F0CEF807F543
:10F59000FA731946D7F8700201F0C7F807F5187327
:10F5A000A3F515731B6803F1E40107F1440207F5A5
:10F5B0001873A3F51773186801F05BF907F5187352
:10F5C000A3F515731B6803F5A87107F5E87207F535
:10F5D0001873A3F51873186801F04BF907F5E87272
:10F5E00007F5E87107F14403184600F0E0FF07F55E
:10F5F0001873A3F515731B6803F5DE7307F1440256
:10F600001946D7F8700201F034F907F5E87207F1EE
:10F61000440107F5E873184600F0C9FF07F51873B1
:10F62000A3F515731B6803F5847107F1440207F510
:10F630001873A3F51773186801F01BF907F5187311
:10F64000A3F515731B6803F5BA7107F5D67207F5B4
:10F650001873A3F51873186801F00BF907F5D67243
:10F6600007F5D67107F14403184600F0A0FF07F52F
:10F670001873A3F515731B6803F5F07307F14402C3
:10F680001946D7F8700201F0F4F807F5D67207F1C1
:10F69000440107F5D673184600F089FF07F5187383
:10F6A000A3F515731B6803F5967107F1440207F57E
:10F6B0001873A3F51773186801F0DBF807F51873D2
:10F6C000A3F515731B6803F5CC7107F5C47207F534
:10F6D0001873A3F51873186801F0CBF807F5C47216
:10F6E00007F5C47107F14403184600F060FF07F501
:10F6F0001873A3F515731B6803F5017307F1440232
:10F700001946D7F8700201F0B4F807F5C47207F192
:10F71000440107F5C473184600F049FF07F1F802E9
:10F7200007F50F7107F5E873184601F0A2F807F125
:10F73000440207F5067107F5D673184601F099F8EB
:10F7400007F1F80207F1440107F1F803184600F049
:10F750002EFF07F1440207F5FA7107F5C473184646
:10F7600001F087F807F1F80207F1440107F1F80307
:10F77000184600F01CFF07F1F80207F1F803D7F86C
:10F780007412184600F013FF07F1D40207F1F803D2
:10F790001146184601F041FB0346002B01D004231B
:10F7A00026E207F5B27207F5E8731146184600F035
:10F7B000BCFF07F5A07207F5D6731146184600F096
:10F7C000B4FF07F58E7207F5C4731146184600F0B2
:10F7D000ACFF07F1B00207F1D40107F5B273184688
:10F7E00001F047F807F18C0207F1D40107F5A07387
:10F7F000184601F03EF807F1680207F1D40107F559
:10F800008E73184601F035F807F1380207F51873C2
:10F81000A3F5167307F1B000196800F0C1FF07F1F6
:10F820002C0207F51873A3F5167307F18C001968FD
:10F8300000F0B6FF07F1200207F51873A3F5167361
:10F8400007F16800196800F0ABFF07F51873A3F51E
:10F8500015731B6893ED337A07F51873A3F50A73D4
:10F86000D3ED007A77EE277A07F51873A3F51573B1
:10F870001B68C3ED337A07F51873A3F515731B687E
:10F8800093ED347A07F51873A3F50A73D3ED017A73
:10F8900077EE277A07F51873A3F515731B68C3ED88
:10F8A000347A07F51873A3F515731B6893ED357A51
:10F8B00007F51873A3F50A73D3ED027A77EE277A6A
:10F8C00007F51873A3F515731B68C3ED357A07F5B3
:10F8D0001873A3F515731B6893ED367A07F5187343
:10F8E000A3F51073D3ED007A77EE277A07F5187336
:10F8F000A3F515731B68C3ED367A07F51873A3F5E6
:10F9000015731B6893ED377A07F51873A3F5107319
:10F91000D3ED017A77EE277A07F51873A3F51573FF
:10F920001B68C3ED377A07F51873A3F515731B68C9
:10F9300093ED387A07F51873A3F51073D3ED027AB7
:10F9400077EE277A07F51873A3F515731B68C3EDD7
:10F95000387A07F51873A3F514734FF07E521A60C6
:10F9600007F51873A3F50D73D3ED007ABEEE007A98
:10F9700067EE877A07F51873A3F51473C3ED017A60
:10F9800007F51873A3F50D73D3ED017ABEEE007A77
:10F9900067EE877A07F51873A3F51473C3ED027A3F
:10F9A00007F51873A3F50D73D3ED027ABEEE007A56
:10F9B00067EE877A07F51873A3F51473C3ED037A1E
:10F9C00007F51873A3F515731B6803F19C0107F580
:10F9D0001873A3F515731B6803F19C0207F110035C
:10F9E000184601F0F0FA07F51873A3F515731B68B4
:10F9F0009C33184601F08BFA07F1440207F5E871D1
:10FA000007F1B003184600F034FF07F51873A3F5AB
:10FA100015731B6803F1E40007F51873A3F515735C
:10FA20001B6803F1E40207F14403194600F001FEEC
:10FA300007F1440207F5D67107F1B003184600F04C
:10FA400018FF07F51873A3F515731B6803F5847089
:10FA500007F51873A3F515731B6803F5847207F196
:10FA60004403194600F0E5FD07F1440207F5C471AF
:10FA700007F1B003184600F0FCFE07F51873A3F574
:10FA800015731B6803F5967007F51873A3F51573C6
:10FA90001B6803F5967207F14403194600F0C9FD8F
:10FAA00007F1440207F5D67107F18C03184600F000
:10FAB000E0FE07F51873A3F515731B6803F5BA701C
:10FAC00007F51873A3F515731B6803F5BA7207F1F0
:10FAD0004403194600F0ADFD07F1440207F5C47177
:10FAE00007F18C03184600F0C4FE07F51873A3F560
:10FAF00015731B6803F5CC7007F51873A3F5157320
:10FB00001B6803F5CC7207F14403194600F091FD20
:10FB100007F1440207F5C47107F16803184600F0C5
:10FB2000A8FE07F51873A3F515731B6803F501709C
:10FB300007F51873A3F515731B6803F5017207F138
:10FB40004403194600F075FD07F51873A3F5157306
:10FB50001B6803F5847207F51873A3F515731B680A
:10FB600003F5A8731946104600F0DFFD07F518737A
:10FB7000A3F515731B6803F5967207F51873A3F5C3
:10FB800015731B6803F5DE731946104600F0CDFDB2
:10FB900007F51873A3F515731B6803F5CC7207F509
:10FBA0001873A3F515731B6803F5F0731946104617
:10FBB00000F0BBFD07F51873A3F515731B68E4335C
:10FBC000184601F0A9F807F51873A3F515731B681B
:10FBD00003F5BA73184601F09FF807F51873A3F5FB
:10FBE00015731B6803F50173184601F095F800239F
:10FBF000184607F51977BD4690BD80B5BCB000AF7B
:10FC000078607A6807F1E403503207CA83E8070096
:10FC10007A6807F1C0035C3207CA83E8070007F17E
:10FC2000E403184600F041FC07F1C003184600F059
:10FC30003CFC7B6803F150007B68703307F1D8020D
:10FC4000194600F0D2FB7B6803F15C007B687C33D3
:10FC500007F1B402194600F0C8FB07F1D8031846B3
:10FC600000F023FC07F1B403184600F01EFC07F176
:10FC7000CC0207F1D80107F1E403184600F0B5FB08
:10FC800007F1A80207F1B40107F1C003184600F01C
:10FC9000ACFB07F1CC03184600F007FC07F1A80302
:10FCA000184600F002FCD7F8E430C7F88430D7F8E3
:10FCB000E830C7F89030D7F8EC30C7F89C30D7F868
:10FCC000D830C7F88830D7F8DC30C7F89430D7F888
:10FCD000E030C7F8A030D7F8CC30C7F88C30D7F870
:10FCE000D030C7F89830D7F8D430C7F8A430D7F858
:10FCF000C0303B66D7F8C430FB66D7F8C830BB6766
:10FD0000D7F8B4307B66D7F8B8303B67D7F8BC304B
:10FD1000FB67D7F8A830BB66D7F8AC307B67D7F85D
:10FD2000B030C7F8803007F13C0207F18403114678
:10FD3000184600F0FAFC07F1180207F13C0107F140
:10FD40006003184600F095FD07F1080207F118035B
:10FD50001146184601F011FC7B6803F1BC0207F163
:10FD600008031146184601F07EFB7B68BC33D7EDD3
:10FD7000027A97ED037AD7ED046A97ED056AF0EE03
:10FD8000461AB0EE661AF0EE470AB0EE670A184659
:10FD900001F085F800231846F037BD4680BD00000D
:10FDA00080B52DED028BDEB000AF07F5BC73A3F577
:10FDB000BA73186007F58473184600F0B8FB07F1B2
:10FDC0004803184600F07BFA0023C7F870317CE046
:10FDD00007F5BC73A3F5BA72D7F870315B014833ED
:10FDE0001268134403F1080007F5BC73A3F5BA7257
:10FDF000D7F870315B015033126813440C3307F1AC
:10FE00005402194600F0E0FE07F5BC73A3F5BA737F
:10FE10001A68D7F8703103335B0113440833D3ED0C
:10FE2000007A07F1540207F154031146B0EE670A55
:10FE3000184600F040FC07F5847207F1540107F5FD
:10FE40008473184600F0B3FB07F5BC73A3F5BA72D0
:10FE5000D7F870315B0148331268134403F108008E
:10FE600007F5BC73A3F5BA72D7F870315B01503354
:10FE7000126813440C3307F13C02194600F0B5FA3E
:10FE800007F5BC73A3F5BA731A68D7F8703103335A
:10FE90005B0113440833D3ED007A07F13C0207F10C
:10FEA0003C031146B0EE670A184600F04BFA07F122
:10FEB000480207F13C0107F14803184600F015FA23
:10FEC000D7F870310133C7F8703107F5BC73A3F56B
:10FED000BA731B6893F84C301A46D7F870319342C6
:10FEE000FFF476AF07F58473184600F031FD87ED17
:10FEF0005A0A07F1C00207F584731146184600F04C
:10FF000014FC07F1E40207F1C00107F584731846F9
:10FF100000F04DFB07F1E403184600F031FD87EDDA
:10FF2000590A07F1780207F1E4031146184600F078
:10FF30007BFD07F17803184600F00AFD87ED580AAB
:10FF4000D7ED5A7A27EEA77AD7ED587A77EE677A07
:10FF5000C7ED577AD7ED5A7A27EEA78A07F14802FC
:10FF600007F148031146184600F017FAF0EE407A00
:10FF700078EE277AC7ED567A07F1300207F148018B
:10FF800007F1E403184600F00BFC07F1300207F11B
:10FF900048031146184600F000FAB0EE407AD7ED5B
:10FFA000597A77EE877AC7ED557A07F1240207F17F
:10FFB000300107F1E403184600F0F2FB07F12402D8
:10FFC00007F148031146184600F0E7F987ED540A97
:10FFD00097ED577AD7ED567A77EE277AF1EE677A72
:10FFE000C7ED537AD7ED557AF1EE677AC7ED527ABD
:10FFF00097ED577AD7ED567A27EE277AD7ED556ADF
:020000040801F1
:10000000D7ED5A7A66EEA77A37EE277AD7ED547A8B
:1000100077EE677AC7ED517A4FF07E53C7F87431A7
:100020000023C7F86C3172E0D7ED5D7A67EEA77AEE
:10003000C7ED507A97ED507AD7ED5D7A67EE277A63
:10004000C7ED4F7AD7ED507A67EEA77AC7ED4E7AB3
:1000500097ED537AD7ED507A27EE277AD7ED4E7A7F
:1000600037EE277AD7ED526AD7ED5D7A66EEA77A3A
:1000700077EE277A97ED517A77EE277AC7ED4D7AAA
:10008000D7ED4F7AB1EE007A27EE877AD7ED537A23
:1000900077EEA76AD7ED5D7A66EEA77A77EE277AD4
:1000A00097ED527A77EE277AC7ED4C7AD7ED4D6A05
:1000B00097ED4C7AC6EE877A97ED5D7A77EE677AA0
:1000C000C7ED4B7A97ED4B7AD7ED5D7A77EE677A8D
:1000D000F0EEE77A9FED6D7AF4EEC77AF1EE10FA62
:1000E00004D5D7F82C31C7F8743115E0D7F82C3186
:1000F000C7F87431D7F86C3140F2F312934201D152
:100100000223BBE0D7F86C310133C7F86C31D7F864
:100110006C31B3F5FA7F87DB97ED5D7AD7ED5A7ACC
:1001200037EE277AD7ED397A77EE677AC7ED277AF7
:10013000D7ED3A7AF1EE677AC7ED287AD7ED3B7AB8
:10014000F1EE677AC7ED297AD7ED3C7AF1EE677A5E
:10015000C7ED2A7A97ED5D7AD7ED5A7A37EE277A8E
:10016000D7ED3D7A77EE677AC7ED2B7AD7ED3E7AF9
:10017000F1EE677AC7ED2C7AD7ED3F7AF1EE677A28
:10018000C7ED2D7AD7ED407AF1EE677AC7ED2E7A7A
:1001900097ED5D7AD7ED5A7A37EE277AD7ED417A27
:1001A00077EE677AC7ED2F7A07F1180207F1480159
:1001B00007F19C03184600F076FD0346002B01D0A2
:1001C000FF235BE007F5BC73A3F5B073D3ED007AB2
:1001D00007F5BC73A3F5B07393ED017A07F5BC7313
:1001E000A3F5B073D3ED026A07F10803F0EE661AC7
:1001F000B0EE471AF0EE670AB7EE000A184600F0B4
:100200004EFE07F10803184600F081FE07F5BC73A7
:10021000A3F5BA731B6803F1AC0207F1080311469A
:10022000184601F020F907F5BC73A3F5BA731B68F3
:1002300003F1AC0207F5BC73A3F5B873D3ED007AF4
:1002400007F5BC73A3F5B87393ED017A07F5BC739A
:10025000A3F5B873D3ED026A07F5BC73A3F5B873C1
:1002600093ED036AF0EE461AB0EE661AF0EE470A16
:10027000B0EE670A104600F012FE0023184607F59C
:10028000BC77BD46BDEC028B80BD00BF77CC2B3266
:1002900080B483B000AF786039603B681A687B68CF
:1002A0001A603B685A687B685A603B689A687B684A
:1002B0009A6000BF0C37BD465DF8047B704780B480
:1002C00083B000AF78607B684FF000021A607B68F3
:1002D0004FF000025A607B684FF000029A6000BF46
:1002E0000C37BD465DF8047B704780B485B000AF25
:1002F000F860B9607A60FB6893ED007ABB68D3ED73
:10030000007A77EE277A7B68C3ED007AFB6893ED7D
:10031000017ABB68D3ED017A77EE277A7B68C3ED6B
:10032000017AFB6893ED027ABB68D3ED027A77EE2F
:10033000277A7B68C3ED027A00BF1437BD465DF8AB
:10034000047B704780B485B000AFF86087ED020A87
:100350007960FB6893ED007AD7ED027A67EE277A31
:100360007B68C3ED007AFB6893ED017AD7ED027AE2
:1003700067EE277A7B68C3ED017AFB6893ED027A1A
:10038000D7ED027A67EE277A7B68C3ED027A00BF69
:100390001437BD465DF8047B704780B483B000AF6E
:1003A000786039607B6893ED007A3B68D3ED007A22
:1003B00027EE277A7B68D3ED016A3B68D3ED017A9B
:1003C00066EEA77A37EE277A7B68D3ED026A3B6840
:1003D000D3ED027A66EEA77A77EE277AB0EE670A57
:1003E0000C37BD465DF8047B704780B485B000AF24
:1003F000F860B9607A60FB6893ED017ABB68D3ED71
:10040000027A27EE277AFB68D3ED026ABB68D3ED48
:10041000017A66EEA77A77EE677A7B68C3ED007A99
:10042000FB6893ED027ABB68D3ED007A27EE277A5A
:10043000FB68D3ED006ABB68D3ED027A66EEA77A5B
:1004400077EE677A7B68C3ED017AFB6893ED007AFB
:10045000BB68D3ED017A27EE277AFB68D3ED016AFA
:10046000BB68D3ED007A66EEA77A77EE677A7B6891
:10047000C3ED027A00BF1437BD465DF8047B7047B8
:1004800080B582B000AF786079687868FFF785FF43
:10049000F0EE407AB0EE670A13F010FBF0EE407A0F
:1004A000B0EE670A0837BD4680BD80B584B000AFA6
:1004B00078607868FFF7E4FF87ED030A7B68D3ED87
:1004C000006A97ED037AC6EE877A7B68C3ED007AFF
:1004D0007B68D3ED016A97ED037AC6EE877A7B6875
:1004E000C3ED017A7B68D3ED026A97ED037AC6EE1D
:1004F000877A7B68C3ED027A00BF1037BD4680BDA6
:1005000080B483B000AF786039607B681A683B685C
:100510001A607B685A683B685A607B689A683B68D7
:100520009A6000BF0C37BD465DF8047B704780B40D
:1005300085B000AF78600023FB6017E00023BB604C
:100540000EE07968FA6813465B001344BA681344F6
:100550009B000B444FF000021A60BB680133BB6084
:10056000BB68022BEDDDFB680133FB60FB68022BEF
:10057000E4DD00BF00BF1437BD465DF8047B704763
:1005800080B582B000AF78607868FFF7D0FF7B68F5
:100590004FF07E521A607B684FF07E521A617B6882
:1005A0004FF07E521A6200BF0837BD4680BD80B44E
:1005B00087B000AFF860B9607A6000237B612EE0FD
:1005C00000233B6125E0F9687A6913465B00134418
:1005D0003A6913449B000B4493ED007AB9687A6939
:1005E00013465B0013443A6913449B000B44D3ED5C
:1005F000007A77EE277A79687A6913465B001344AC
:100600003A6913449B000B44C3ED007A3B69013304
:100610003B613B69022BD6DD7B6901337B617B69E2
:10062000022BCDDD00BF00BF1C37BD465DF8047B4B
:10063000704780B487B000AFF860B9607A6000237B
:100640007B612EE000233B6125E0F9687A6913465F
:100650005B0013443A6913449B000B4493ED007A0A
:10066000B9687A6913465B0013443A6913449B00E6
:100670000B44D3ED007A77EE677A79687A6913468E
:100680005B0013443A6913449B000B44C3ED007AAA
:100690003B6901333B613B69022BD6DD7B6901334A
:1006A0007B617B69022BCDDD00BF00BF1C37BD46DF
:1006B0005DF8047B704780B487B000AFF86087EDC9
:1006C000020A796000237B6125E000233B611CE086
:1006D000F9687A6913465B0013443A6913449B0036
:1006E0000B4493ED007AD7ED027A67EE277A7968AA
:1006F0007A6913465B0013443A6913449B000B4428
:10070000C3ED007A3B6901333B613B69022BDFDDBE
:100710007B6901337B617B69022BD6DD00BF00BFA3
:100720001C37BD465DF8047B7047B0B48FB000AF96
:100730007860396000237B6320E000233B6317E08F
:1007400079683A6B13465B0013447A6B13449B0041
:100750000B4419687A6B13465B0013443A6B1344DD
:100760009B0038333B442C3B19603B6B01333B63AC
:100770003B6B022BE4DD7B6B01337B637B6B022BDA
:10078000DBDD3B681D4607F10C040FCC0FC50FCC19
:100790000FC523682B6000BF3C37BD46B0BC704717
:1007A00080B485B000AFF860B9607A60FB6893ED03
:1007B000007ABB68D3ED007A27EE277AFB68D3ED89
:1007C000016ABB68D3ED017A66EEA77A37EE277A25
:1007D000FB68D3ED026ABB68D3ED027A66EEA77AB6
:1007E00077EE277A7B68C3ED007AFB6893ED037A96
:1007F000BB68D3ED007A27EE277AFB68D3ED046A55
:10080000BB68D3ED017A66EEA77A37EE277AFB68EC
:10081000D3ED056ABB68D3ED027A66EEA77A77EE70
:10082000277A7B68C3ED017AFB6893ED067ABB6893
:10083000D3ED007A27EE277AFB68D3ED076ABB6811
:10084000D3ED017A66EEA77A37EE277AFB68D3ED0F
:10085000086ABB68D3ED027A66EEA77A77EE277A4C
:100860007B68C3ED027A00BF1437BD465DF8047B98
:100870007047B0B491B000AFF860B9607A600023FF
:10088000FB6353E00023BB634AE0FA6B13465B0053
:100890001344BA6B13449B0040333B44303B4FF04E
:1008A00000021A6000237B6334E0FA6B13465B009E
:1008B0001344BA6B13449B0040333B44303B93EDED
:1008C000007AF968FA6B13465B0013447A6B1344A1
:1008D0009B000B44D3ED006AB9687A6B13465B004A
:1008E0001344BA6B13449B000B44D3ED007A66EEBD
:1008F000A77A77EE277AFA6B13465B001344BA6B3C
:1009000013449B0040333B44303BC3ED007A7B6B88
:1009100001337B637B6B022BC7DDBB6B0133BB6396
:10092000BB6B022BB1DDFB6B0133FB63FB6B022B5B
:10093000A8DD7B681D4607F110040FCC0FC50FCC56
:100940000FC523682B6000BF4437BD46B0BC70475D
:1009500080B483B000AF78607B6893ED007A7B68E9
:10096000D3ED047A37EE277A7B68D3ED087A77EEF9
:10097000277AB0EE670A0C37BD465DF8047B7047F6
:1009800080B483B000AF78607B6893ED007A7B68B9
:10099000D3ED046A7B68D3ED087A66EEA76A7B68BC
:1009A00093ED056A7B68D3ED077A66EE277A76EEDB
:1009B000E77A27EE277A7B68D3ED016A7B6893EDAF
:1009C000036A7B68D3ED087A26EE276A7B68D3ED4D
:1009D000055A7B68D3ED067A65EEA77A76EE677ADC
:1009E00066EEA77A37EE677A7B68D3ED026A7B689A
:1009F00093ED036A7B68D3ED077A26EE276A7B685E
:100A0000D3ED045A7B68D3ED067A65EEA77A76EECD
:100A1000677A66EEA77A77EE277AB0EE670A0C3728
:100A2000BD465DF8047B704780B483B000AF78604A
:100A300039607B6893ED047A7B68D3ED087A27EE02
:100A4000277A7B68D3ED056A7B68D3ED077A66EE7B
:100A5000A77A77EE677A3B68C3ED007A7B68D3EDBF
:100A6000017AB1EE677A7B68D3ED087A27EE277AB0
:100A70007B68D3ED026A7B68D3ED077A66EEA77ACE
:100A800077EE277A3B68C3ED017A7B6893ED017AB4
:100A90007B68D3ED057A27EE277A7B68D3ED026A6F
:100AA0007B68D3ED047A66EEA77A77EE677A3B68C7
:100AB000C3ED027A7B68D3ED037AB1EE677A7B6887
:100AC000D3ED087A27EE277A7B68D3ED056A7B6839
:100AD000D3ED067A66EEA77A77EE277A3B68C3ED08
:100AE000037A7B6893ED007A7B68D3ED087A27EE72
:100AF000277A7B68D3ED026A7B68D3ED067A66EECF
:100B0000A77A77EE677A3B68C3ED047A7B68D3ED0A
:100B1000007AB1EE677A7B68D3ED057A27EE277A03
:100B20007B68D3ED026A7B68D3ED037A66EEA77A21
:100B300077EE277A3B68C3ED057A7B6893ED037AFD
:100B40007B68D3ED077A27EE277A7B68D3ED046ABA
:100B50007B68D3ED067A66EEA77A77EE677A3B6814
:100B6000C3ED067A7B68D3ED007AB1EE677A7B68D5
:100B7000D3ED077A27EE277A7B68D3ED016A7B688D
:100B8000D3ED067A66EEA77A77EE277A3B68C3ED57
:100B9000077A7B6893ED007A7B68D3ED047A27EEC1
:100BA000277A7B68D3ED016A7B68D3ED037A66EE22
:100BB000A77A77EE677A3B68C3ED087A00BF0C37F7
:100BC000BD465DF8047B704780B485B000AFF86027
:100BD000B9607A60FB6893ED007ABB68D3ED007A68
:100BE00067EE277A7B68C3ED007AFB6893ED007AA5
:100BF000BB68D3ED017A67EE277A7B68C3ED017A93
:100C0000FB6893ED007ABB68D3ED027A67EE277A32
:100C10007B68C3ED027AFB6893ED017ABB68D3ED84
:100C2000007A67EE277A7B68C3ED037AFB6893ED61
:100C3000017ABB68D3ED017A67EE277A7B68C3ED52
:100C4000047AFB6893ED017ABB68D3ED027A67EE14
:100C5000277A7B68C3ED057AFB6893ED027ABB685F
:100C6000D3ED007A67EE277A7B68C3ED067AFB68DE
:100C700093ED027ABB68D3ED017A67EE277A7B6841
:100C8000C3ED077AFB6893ED027ABB68D3ED027A75
:100C900067EE277A7B68C3ED087A00BF1437BD463C
:100CA0005DF8047B704780B592B000AFF860B96022
:100CB0007A60F868FFF764FE87ED110A07F12003F8
:100CC0001946F868FFF7B0FE07F1140207F1200398
:100CD000B9681846FFF764FDD7ED056A97ED117AFC
:100CE000C6EE877A7B68C3ED007AD7ED066A97ED8A
:100CF000117AC6EE877A7B68C3ED017AD7ED076A71
:100D000097ED117AC6EE877A7B68C3ED027A0023ED
:100D100018464837BD4680BD80B487B000AF7860C4
:100D20007B6893ED017A7B68D3ED037A77EE277ABF
:100D3000B6EE007A67EE877AC7ED057A7B6893EDA9
:100D4000027A7B68D3ED067A77EE277AB6EE007AE0
:100D500067EE877AC7ED047A7B6893ED057A7B6846
:100D6000D3ED077A77EE277AB6EE007A67EE877AC8
:100D7000C7ED037A7B687A695A607B687A69DA60C2
:100D80007B683A699A607B683A699A617B68FA681D
:100D90005A617B68FA68DA6100BF1C37BD465DF8AE
:100DA000047B704780B483B000AF786039603B68E3
:100DB0004FF000021A607B68D3ED027AF1EE677A99
:100DC0003B68C3ED017A7B685A683B689A607B6830
:100DD0009A683B68DA603B684FF000021A617B68F2
:100DE000D3ED007AF1EE677A3B68C3ED057A7B6854
:100DF000D3ED017AF1EE677A3B68C3ED067A7B6842
:100E00001A683B68DA613B684FF000021A6200BF63
:100E10000C37BD465DF8047B704780B58EB000AFDF
:100E2000786039607868FFF7ABFD87ED0B0A07F152
:100E3000080319467868FFF7F7FD00237B6326E077
:100E400000233B631DE07A6B13465B0013443A6B4F
:100E500013449B0038333B44303BD3ED006A97ED9D
:100E60000B7AC6EE877A39687A6B13465B001344B7
:100E70003A6B13449B000B44C3ED007A3B6B013388
:100E80003B633B6B022BDEDD7B6B01337B637B6B58
:100E9000022BD5DD002318463837BD4680BD80B40F
:100EA00087B000AF786187ED040AC7ED030A87EDCC
:100EB000021AC7ED011A7B693A691A607B69FA6800
:100EC0005A607B69BA689A607B697A68DA6000BFA9
:100ED0001C37BD465DF8047B704780B483B000AF1B
:100EE00078607B684FF000021A607B684FF0000268
:100EF0005A607B684FF000029A607B684FF00002F6
:100F0000DA6000BF0C37BD465DF8047B704780B5E2
:100F100084B000AF78607B6893ED007A7B68D3ED96
:100F2000007A27EE277A7B68D3ED016A7B68D3EDE0
:100F3000017A66EEA77A37EE277A7B68D3ED026AEC
:100F40007B68D3ED027A66EEA77A37EE277A7B6864
:100F5000D3ED036A7B68D3ED037A66EEA77A77EE6A
:100F6000277AB0EE670A12F0A9FD87ED030A7B68C5
:100F7000D3ED006A97ED037AC6EE877A7B68C3EDFE
:100F8000007A7B68D3ED016A97ED037AC6EE877A23
:100F90007B68C3ED017A7B68D3ED026A97ED037A33
:100FA000C6EE877A7B68C3ED027A7B68D3ED036A6D
:100FB00097ED037AC6EE877A7B68C3ED037A00BFAC
:100FC0001037BD4680BD90B488B000AFF860B960FE
:100FD0007A60FB6893ED007ABB68D3ED007A27EE68
:100FE000277AFB68D3ED016ABB68D3ED017A66EE20
:100FF000A77A37EE677AFB68D3ED026ABB68D3ED58
:10100000027A66EEA77A37EE677AFB68D3ED036A59
:10101000BB68D3ED037A66EEA77A77EE677AC7ED01
:10102000047AFB6893ED007ABB68D3ED017A27EE72
:10103000277AFB68D3ED016ABB68D3ED007A66EED0
:10104000A77A37EE277AFB68D3ED026ABB68D3ED47
:10105000037A66EEA77A37EE277AFB68D3ED036A48
:10106000BB68D3ED027A66EEA77A77EE677AC7EDB2
:10107000057AFB6893ED007ABB68D3ED027A27EE20
:10108000277AFB68D3ED016ABB68D3ED037A66EE7D
:10109000A77A37EE677AFB68D3ED026ABB68D3EDB7
:1010A000007A66EEA77A37EE277AFB68D3ED036AFB
:1010B000BB68D3ED017A66EEA77A77EE277AC7EDA3
:1010C000067AFB6893ED007ABB68D3ED037A27EECE
:1010D000277AFB68D3ED016ABB68D3ED027A66EE2E
:1010E000A77A37EE277AFB68D3ED026ABB68D3EDA7
:1010F000017A66EEA77A37EE677AFB68D3ED036A6A
:10110000BB68D3ED007A66EEA77A77EE277AC7ED53
:10111000077A7B681C4607F110030FCB84E80F00A9
:1011200000BF2037BD4690BC704780B485B000AF8B
:10113000F860B9607A60FB6893ED017ABB68D3ED23
:10114000007A27EE277AFB68D3ED026ABB68D3EDFD
:10115000017A66EEA77A37EE277AFB68D3ED036A49
:10116000BB68D3ED027A66EEA77A77EE277ABEEEF9
:10117000007A67EE877A7B68C3ED007AFB6893EDAF
:10118000007ABB68D3ED007A27EE277AFB68D3EDAF
:10119000036ABB68D3ED017A66EEA77A37EE277A49
:1011A000FB68D3ED026ABB68D3ED027A66EEA77ADC
:1011B00077EE677AB6EE007A67EE877A7B68C3EDE2
:1011C000017AFB68D3ED037AB1EE677ABB68D3EDA1
:1011D000007A27EE277AFB68D3ED006ABB68D3ED6F
:1011E000017A66EEA77A37EE277AFB68D3ED016ABB
:1011F000BB68D3ED027A66EEA77A77EE277AB6EE71
:10120000007A67EE877A7B68C3ED027AFB6893ED1C
:10121000027ABB68D3ED007A27EE277AFB68D3ED1C
:10122000016ABB68D3ED017A66EEA77A37EE677A7A
:10123000FB68D3ED006ABB68D3ED027A66EEA77A4D
:1012400077EE277AB6EE007A67EE877A7B68C3ED91
:10125000037A00BF1437BD465DF8047B704780B544
:1012600088B000AF786039607B6893ED007A7B6866
:10127000D3ED007A27EE277A7B68D3ED016A7B688D
:10128000D3ED017A66EEA77A37EE277A7B68D3ED45
:10129000026A7B68D3ED027A66EEA77A37EE277A88
:1012A0007B68D3ED036A7B68D3ED037A66EEA77A99
:1012B00077EE277AB0EE670A12F000FC87ED070A96
:1012C0007B68D3ED006A97ED077AC6EE877AC7EDA3
:1012D000067A7B68D3ED016A97ED077AC6EE877AC6
:1012E000C7ED057A7B68D3ED026A97ED077AC6EE03
:1012F000877AC7ED047A7B68D3ED036A97ED077AA6
:10130000C6EE877AC7ED037AD7ED047A27EEA77A7F
:10131000D7ED037A67EEA77A77EE277A77EEA77A8A
:10132000B7EE007A77EE677A3B68C3ED007A97ED07
:10133000057AD7ED047A27EE277AD7ED066AD7ED3E
:10134000037A66EEA77A77EE677A77EEA77A3B683C
:10135000C3ED017A97ED057AD7ED037A27EE277A68
:10136000D7ED066AD7ED047A66EEA77A77EE277A8C
:1013700077EEA77A3B68C3ED027A97ED057AD7ED51
:10138000047A27EE277AD7ED066AD7ED037A66EE60
:10139000A77A77EE277A77EEA77A3B68C3ED037AD0
:1013A000D7ED057A27EEA77AD7ED037A67EEA77A0D
:1013B00077EE277A77EEA77AB7EE007A77EE677A3C
:1013C0003B68C3ED047A97ED047AD7ED037A27EEF4
:1013D000277AD7ED066AD7ED057A66EEA77A77EE1B
:1013E000677A77EEA77A3B68C3ED057A97ED057AC1
:1013F000D7ED037A27EE277AD7ED066AD7ED047A80
:1014000066EEA77A77EE677A77EEA77A3B68C3ED48
:10141000067A97ED047AD7ED037A27EE277AD7ED8F
:10142000066AD7ED057A66EEA77A77EE277A77EE29
:10143000A77A3B68C3ED077AD7ED057A27EEA77A3E
:10144000D7ED047A67EEA77A77EE277A77EEA77A58
:10145000B7EE007A77EE677A3B68C3ED087A00BF93
:101460002037BD4680BD80B485B000AF786039605C
:101470007B6893ED007A3B68D3ED007A27EE277AFC
:101480007B68D3ED016A3B68D3ED017A66EEA77AFB
:1014900037EE277A7B68D3ED026A3B68D3ED027A98
:1014A00066EEA77A37EE277A7B68D3ED036A3B684E
:1014B000D3ED037A66EEA77A77EE277AC7ED037A43
:1014C000D7ED037AF5EE407AF1EE10FA29D17B6878
:1014D000D3ED007AF5EEC07AF1EE10FA00D447E0D1
:1014E0007B68D3ED007AF1EE677A7B68C3ED007A12
:1014F0007B68D3ED017AF1EE677A7B68C3ED017A00
:101500007B68D3ED027AF1EE677A7B68C3ED027AED
:101510007B68D3ED037AF1EE677A7B68C3ED037ADB
:1015200026E0D7ED037AF5EEC07AF1EE10FA1FD57A
:101530007B68D3ED007AF1EE677A7B68C3ED007AC1
:101540007B68D3ED017AF1EE677A7B68C3ED017AAF
:101550007B68D3ED027AF1EE677A7B68C3ED027A9D
:101560007B68D3ED037AF1EE677A7B68C3ED037A8B
:101570001437BD465DF8047B704780B590B000AF6E
:10158000786039607B681B68FB627B685B68BB6264
:101590007B689B687B627B68DB683B627B681B695E
:1015A000FB617B685B69BB617B689B697B617B6876
:1015B000DB693B617B681B6AFB60D7ED0B7AB7EE9A
:1015C000007A37EE877AD7ED077A77EE277A97EDAC
:1015D000037A77EE277AC7ED0F7AD7ED0B7AB7EE5D
:1015E000007A37EE877AD7ED077A37EE677AD7ED4C
:1015F000037A77EE677AC7ED0E7AB7EE007AD7ED09
:101600000B7A37EE677AD7ED077A37EE277AD7ED80
:10161000037A77EE677AC7ED0D7AB7EE007AD7EDE9
:101620000B7A37EE677AD7ED077A77EE677A97ED20
:10163000037A77EE277AC7ED0C7AD7ED0F7AF5EEBD
:10164000C07AF1EE10FA02D54FF00003FB63D7ED3C
:101650000E7AF5EEC07AF1EE10FA02D54FF00003E3
:10166000BB63D7ED0D7AF5EEC07AF1EE10FA02D534
:101670004FF000037B63D7ED0C7AF5EEC07AF1EE04
:1016800010FA02D54FF000033B6397ED0F0A12F0FA
:1016900015FAF0EE407AB6EE007A67EE877A3B688C
:1016A000C3ED007A97ED0E0A12F008FAF0EE407AD8
:1016B000B6EE007A67EE877A3B68C3ED017A97ED64
:1016C000047AD7ED067A77EE677AF5EEC07AF1EE16
:1016D00010FA07D53B68D3ED017AF1EE677A3B68E3
:1016E000C3ED017A97ED0D0A12F0E8F9F0EE407AB9
:1016F000B6EE007A67EE877A3B68C3ED027A97ED23
:10170000097AD7ED057A77EE677AF5EEC07AF1EED1
:1017100010FA07D53B68D3ED027AF1EE677A3B68A1
:10172000C3ED027A97ED0C0A12F0C8F9F0EE407A98
:10173000B6EE007A67EE877A3B68C3ED037A97EDE1
:10174000087AD7ED0A7A77EE677AF5EEC07AF1EE8D
:1017500010FA07D53B68D3ED037AF1EE677A3B6860
:10176000C3ED037A3868FFF7D2FB00BF4037BD46B0
:1017700080BD80B483B000AF786039607B681A6840
:101780003B681A607B685A683B685A607B689A6855
:101790003B689A607B68DA683B68DA6000BF0C37A8
:1017A000BD465DF8047B70472DE9B04388B000AFBB
:1017B000F860B9607A603B60BB68022B05DCFB68AF
:1017C000013BFB60BB680C33BB60F868EEF7BAFE08
:1017D0004FF000027C4BEFF749F802460B4643EC12
:1017E000172BB0EE470AF0EE670A12F005FB53EC38
:1017F000102B10461946EFF707FA0346FB61B0EECF
:10180000007AD7ED077A77EE677A17EE900AEEF74F
:10181000ABFE04460D46F869EEF7A6FE4FF0000257
:101820006A4BEFF723F802460B4643EC172BB0EE5A
:10183000470AF0EE670A12F0DFFA53EC102B20464D
:101840002946EEF733FD02460B4610461946EFF7E0
:10185000DBF90346BB61FB6803F593530C33184671
:10186000EEF770FE50A3D3E90023EEF7D5FE024653
:101870000B4643EC172BB0EE470AF0EE670A12F066
:10188000BBFA55EC104BBB6801331846EEF75AFE15
:1018900047A3D3E90023EEF7BFFE02460B4643EC15
:1018A000172BB0EE470AF0EE670A12F0A5FA53ECD8
:1018B000102B20462946EEF7F9FC02460B4614464B
:1018C0001D467868EEF73EFE02460B462046294646
:1018D000EEF7ECFC02460B4614461D46B869EEF7DF
:1018E00043FE02460B4620462946EEF7DFFC024641
:1018F0000B461046194630A3D3E90023EEF7D4FC7B
:1019000002460B4610461946EFF77EF903467B6107
:101910007869EEF729FE04460D463868EEF712FEA8
:1019200080468946B86BEEF70DFE4FF00002284B5B
:10193000EEF79CFF02460B4640464946EEF7B6FCE2
:1019400002460B4690469946F86BEEF7FBFD1CA34A
:10195000D3E90023EEF78AFF02460B46404649468C
:10196000EEF7A4FC02460B46104619464FF0000263
:10197000184BEEF77BFF02460B4620462946EEF752
:1019800095FC02460B4610461946EFF73DF9034613
:101990007B617B6907EE903AB0EE670A2037BD465F
:1019A000BDE8B083AFF300800000000000D47640B3
:1019B00061545227A0993E400000000000D2974099
:1019C000000000000020AC40000059400000104022
:1019D00000004E4000003840B0B52DED028BA4B0A1
:1019E00000AF87ED010A7868EEF7BEFD0FF2944371
:1019F000D3E90023EEF758FC02460B461046194681
:101A00000FF28843D3E90023EEF730FF02460B467E
:101A100010461946EFF7F8F80346C7F88030D7F8B4
:101A20008000EEF7A1FD0FF26C43D3E90023EEF73F
:101A3000F3FD02460B46104619460FF26043D3E908
:101A40000023EEF733FC02460B4643EC172B4FF412
:101A5000B470B0EE470AF0EE670A00F0FFFC53ECFA
:101A6000102B10461946EFF7CFF80346FB67D7F85F
:101A70008000EEF779FD0FF22C43D3E90023EEF757
:101A8000CBFD02460B46104619460FF22043D3E920
:101A90000023EEF70BFC02460B4643EC172B4FF4EA
:101AA000B470B0EE470AF0EE670A00F0D7FC53ECD2
:101AB000102B10461946EFF7A7F80346BB67F86FDF
:101AC000EEF752FD04460D46B86FEEF74DFDDEA36E
:101AD000D3E90023EEF7A0FD02460B461046194657
:101AE0004FF00002E64BEEF7C1FE02460B4643EC18
:101AF000172BB0EE470AF0EE670A11F03DFF51ECEC
:101B0000100BCFA3D3E90023EEF786FD02460B4668
:101B100020462946EEF7CAFB02460B4614461D46F0
:101B2000D7ED1E7A77EEA77A17EE900AEEF71CFD36
:101B3000C5A3D3E90023EEF76FFD02460B4610461E
:101B400019464FF00002CE4BEEF790FE02460B46D0
:101B500043EC172BB0EE470AF0EE670A11F00CFFCA
:101B600051EC100BBAA3D3E90023EEF755FD024662
:101B70000B4620462946EEF799FB02460B4643ECFE
:101B8000172B4FF4B470B0EE470AF0EE670A00F07E
:101B900065FC53EC102B10461946EFF735F8034659
:101BA0007B67D7F88000EEF7DFFCABA3D3E9002317
:101BB000EEF732FD02460B46A9A1D1E90001EEF78E
:101BC00073FB02460B4610461946EFF71DF8034615
:101BD0003B67B86FEEF7C8FC9BA3D3E90023EEF791
:101BE0001BFD02460B46104619464FF00002A44B5F
:101BF000EEF73CFE02460B4643EC172BB0EE470ACD
:101C0000F0EE670A11F064FE51EC100B96A3D3E9D5
:101C10000023EEF701FD02460B4695A1D1E9000134
:101C2000EEF742FB02460B4614461D46D7ED1E7AE0
:101C300077EEA77A17EE900AEEF796FC82A3D3E927
:101C40000023EEF7E9FC02460B46104619464FF01A
:101C500000028B4BEEF70AFE02460B4643EC172BB5
:101C6000B0EE470AF0EE670A11F032FE51EC100BAD
:101C700081A3D3E90023EEF7CFFC02460B462046B2
:101C80002946EEF711FB02460B4610461946EEF7C1
:101C9000BBFF0346FB66F86EEEF766FC04460D4696
:101CA000786FEEF761FC68A3D3E90023EEF7B4FC8C
:101CB00002460B46104619464FF00002704BEEF7F5
:101CC000D5FD02460B4643EC172BB0EE470AF0EE6B
:101CD000670A11F0FDFD53EC102B20462946EEF764
:101CE0009BFC02460B4610461946EEF78DFF034655
:101CF0007B64F86EEEF738FC04460D46386FEEF75D
:101D000033FC51A3D3E90023EEF786FC02460B46D1
:101D1000104619464FF00002594BEEF7A7FD024658
:101D20000B4643EC172BB0EE470AF0EE670A11F0B2
:101D3000CFFD53EC102B20462946EEF76DFC0246F2
:101D40000B4614461D46786FEEF70EFC3EA3D3E912
:101D50000023EEF761FC02460B46104619464FF091
:101D60000002474BEEF782FD02460B4643EC172B71
:101D7000B0EE470AF0EE670A11F0FEFD53EC102BAF
:101D800020462946EEF748FC02460B461046194607
:101D9000EEF73AFF0346BB64F86EEEF7E5FB044648
:101DA0000D46386FEEF7E0FB27A3D3E90023EEF7EB
:101DB00033FC02460B46104619464FF00002304BEA
:101DC000EEF754FD02460B4643EC172BB0EE470AE4
:101DD000F0EE670A11F0D0FD53EC102B2046294697
:101DE000EEF71AFC02460B4614461D46786FEEF7D6
:101DF000BBFB15A3D3E90023EEF70EFC02460B460E
:101E0000104619464FF000021D4BEEF72FFD02461B
:101E10000B4643EC172BB0EE470AF0EE670A11F0C1
:101E2000ABFD53EC102B20462946EEF7F5FB02469E
:101E30000B4610461946EEF7E7FE0346FB643BE00F
:101E40006F153B4F79A2FE3F182D4454FB210940EA
:101E500086EB1EC77979943FB465AF2DF2A18A3F16
:101E6000596DFE5F7570374015394E4E101C913F0D
:101E700014103F719300F03FA5203861D44B223FEE
:101E800000806640000000802CB442410000000049
:101E9000A0D5E140273108AC1894E1408FC2F52865
:101EA0005C877140B6A1629CE193E1403460353BB0
:101EB00077587640EBAA0E4D0023C7F88C3018E017
:101EC000D7F88C309B0090333B444C3BD3ED007AE9
:101ED0001FED087A67EE877AD7F88C309B00903335
:101EE0003B44583BC3ED007AD7F88C300133C7F838
:101EF0008C30D7F88C30022BE2DDD7F88000EEF77B
:101F000033FB0FF20853D3E90023EEF785FB0246BB
:101F10000B4614461D46022097ED200A00F0BAFA3F
:101F200051EC100B0FF2EC43D3E90023EEF774FBF6
:101F300002460B4620462946EEF7B8F902460B4604
:101F400014461D46032097ED200A00F0A3FA51EC39
:101F5000100B0FF2C843D3E90023EEF75DFB0246F6
:101F60000B4620462946EEF7A1F902460B461046DD
:101F70001946EEF749FE0346BB66D7F88000EEF738
:101F8000F3FA0FF2A043D3E90023EEF745FB024634
:101F90000B4614461D46022097ED200A00F07AFAFF
:101FA00051EC100B0FF28443D3E90023EEF734FB1E
:101FB00002460B4620462946EEF776F902460B46C6
:101FC00014461D46032097ED200A00F063FA51ECF9
:101FD000100B0FF26043D3E90023EEF71DFB02461E
:101FE0000B4620462946EEF75FF902460B4610469F
:101FF0001946EEF709FE03467B66D7F88000EEF738
:10200000B3FA0FF20843D3E90023EEF705FB0246CB
:102010000B4614461D46022097ED200A00F03AFABE
:1020200051EC100B0FF21443D3E90023EEF7F4FA4E
:1020300002460B4620462946EEF738F902460B4683
:1020400014461D46032097ED200A00F023FA51ECB8
:10205000100BFCA3D3E90023EEF7DEFA02460B4691
:1020600020462946EEF722F902460B46104619464D
:10207000EEF7CAFD03463B66B86EEEF775FAF3A3BA
:10208000D3E90023EEF7C8FA02460B46104619467C
:10209000F0A3D3E90023EEF7E9FB02460B46104616
:1020A0001946EEF7B1FD0346FB65786EEEF75CFA74
:1020B000E6A3D3E90023EEF7AFFA02460B4610463B
:1020C0001946E4A3D3E90023EEF7D0FB02460B4602
:1020D00010461946EEF798FD0346BB65386EEEF7DD
:1020E00043FADAA3D3E90023EEF796FA02460B4649
:1020F00010461946D7A3D3E90023EEF7B7FB0246F3
:102100000B4610461946EEF77FFD03467B6597EDBB
:10211000160AF8F77DFEB0EE408A97ED150AF8F73B
:1021200077FEF0EE407A28EE278A97ED170AF8F747
:102130006FFEF0EE407A28EE278A97ED150AF8F741
:102140008BFEF0EE408A97ED170AF8F785FEF0EE69
:10215000407A68EEA77A78EE677AC7ED057A97ED50
:10216000150AF8F779FEB0EE408A97ED160AF8F7EF
:102170004FFEF0EE407A28EE278A97ED170AF8F71F
:1021800047FEF0EE407A28EE278A97ED170AF8F717
:1021900063FEF0EE408A97ED150AF8F739FEF0EE8F
:1021A000407A68EEA77A78EE277AC7ED067A97ED3F
:1021B000160AF8F751FEB0EE408A97ED170AF8F7C5
:1021C00027FEF0EE407A68EE277AC7ED077A97EDA2
:1021D000170AF8F741FEF0EE407AB1EE678A97ED04
:1021E000160AF8F715FEF0EE407A28EE278A97EDEA
:1021F000150AF8F70DFEF0EE407A28EE278A97EDE3
:10220000150AF8F729FEF0EE408A97ED170AF8F75D
:10221000FFFDF0EE407A68EEA77A78EE677AC7EDB8
:10222000087A97ED150AF8F717FEF0EE407AB1EE4E
:10223000678A97ED170AF8F70FFEF0EE407A28EE5E
:10224000278A97ED160AF8F7E3FDF0EE407A28EEBC
:10225000278A97ED150AF8F7DBFDF0EE408A97ED37
:10226000170AF8F7D5FDF0EE407A68EEA77A78EE17
:10227000277AC7ED097A97ED160AF8F7EDFDF0EE2B
:10228000407AB1EE678A97ED170AF8F7E5FDF0EEB0
:10229000407A68EE277AC7ED0A7A97ED160AF8F7C2
:1022A000DBFDF0EE407AB1EE678A97ED150AF8F79C
:1022B000AFFDF0EE407A68EE277AC7ED0B7A97ED26
:1022C000160AF8F7C9FDF0EE407AB1EE678A97ED8D
:1022D000150AF8F7C1FDF0EE407A68EE277AC7EDEF
:1022E0000C7A97ED160AF8F793FDF0EE407AC7EDF9
:1022F0000D7A0023C7F8883044E0D7F888309B0077
:1023000090333B44883B4FF000021A600023C7F82B
:1023100084302EE0D7F888309B0090333B44883BD4
:1023200093ED007AD7F8882013465B001344D7F862
:10233000842013449B0090333B447C3BD3ED006AE4
:10234000D7F884309B0090333B44583BD3ED007A60
:1023500066EEA77A77EE277AD7F888309B0090331D
:102360003B44883BC3ED007AD7F884300133C7F88B
:102370008430D7F88430022BCCDDD7F88830013395
:10238000C7F88830D7F88830022BB6DD97ED027A8F
:10239000D7ED027A27EE277AD7ED036AD7ED037AD5
:1023A00066EEA77A37EE277AD7ED046AD7ED047A7E
:1023B00066EEA77A77EE277AB0EE670AF8F75CFD4B
:1023C00087ED140AD7ED026A97ED147AC6EE877A84
:1023D0000D4BC3ED007AD7ED036A97ED147AC6EE84
:1023E000877A094BC3ED017AD7ED046A97ED147A29
:1023F000C6EE877A044BC3ED027A00BF9037BD4624
:10240000BDEC028BB0BD00BF1C2A0020849ECDAA6B
:102410006F04A2403541D47D0052D33F8CD99255F0
:10242000116E923F4ED1915C3E519F4058A835CDE0
:102430003B4EDB3FBF81C98D226BA53F4F5DF92C21
:10244000CF83F13F49A0C1A6CEA3923F182D44549B
:10245000FB2109400000000080C6234180B584B004
:1024600000AF87ED020B78607868EEF76BF80246F4
:102470000B4643EC112B97ED020B11F05FF9B0EE18
:10248000407AF0EE607AB0EE470AF0EE670A103755
:10249000BD4680BDB0B582B000AF87ED010A38609F
:1024A0007868EEF761F804460D463868EEF74AF8AA
:1024B00002460B4643EC112B45EC104B11F06CF926
:1024C000B0EE407AF0EE607AB0EE470AF0EE670ABE
:1024D0000837BD46B0BD000080B584B000AF87EDC1
:1024E000010AD7ED017AF5EEC07AF1EE10FA19DBA8
:1024F000D7ED017A9FED367AF4EEC77AF1EE10FA55
:1025000010D87868EEF730F82FA3D3E90023EEF760
:1025100083F802460B4610461946EEF775FB034654
:10252000FB6049E0D7ED017AF5EEC07AF1EE10FAE2
:1025300020D507E0D7ED017A9FED257A77EE877AEF
:10254000C7ED017AD7ED017AF5EEC07AF1EE10FA17
:10255000F0D47868EEF708F81BA3D3E90023EEF770
:102560005BF802460B4610461946EEF74DFB034654
:10257000FB6021E007E0D7ED017A9FED157A77EE59
:10258000C77AC7ED017AD7ED017A9FED117AF4EEA3
:10259000C77AF1EE10FAEEDC7868EDF7E5FF0AA3F2
:1025A000D3E90023EEF738F802460B4610461946E9
:1025B000EEF72AFB0346FB60FB6807EE903AB0EEAD
:1025C000670A1037BD4680BD399D52A246DF913F54
:1025D0000000B44380B500AF0E4B1B680D4A43F4B6
:1025E000007313600B4B1B680A4A43F4806313604B
:1025F000084B1B68074A43F480731360032000F004
:10260000F0F80F20F0F738FAEFF7B0FD0023184686
:1026100080BD00BF003C024080B400AF064B1B7879
:102620001A46064B1B681344044A136000BFBD469C
:102630005DF8047B704700BFA8020020282A002014
:1026400080B485B000AF78607B6803F00703FB605F
:102650000C4BDB68BB60BA684FF6FF031340BB60EE
:10266000FB681A02BB68134343F0BF6343F40033B3
:10267000BB60044ABB68D36000BF1437BD465DF839
:10268000047B704700ED00E080B400AF044BDB68D2
:102690001B0A03F007031846BD465DF8047B70472C
:1026A00000ED00E080B483B000AF0346FB7197F902
:1026B0000730002B0BDBFB7903F01F02074997F96A
:1026C00007305B09012000FA02F241F8232000BF25
:1026D0000C37BD465DF8047B704700BF00E100E0A9
:1026E00080B483B000AF0346FB7197F90730002B2D
:1026F00012DBFB7903F01F020A4997F907305B09E7
:10270000012000FA02F2203341F82320BFF34F8F5B
:1027100000BFBFF36F8F00BF00BF0C37BD465DF831
:10272000047B704700E100E080B483B000AF034653
:102730003960FB7197F90730002B0ADB3B68DAB28E
:102740000C4997F907301201D2B20B4483F80023E9
:102750000AE03B68DAB20849FB7903F00F03043B57
:102760001201D2B20B441A7600BF0C37BD465DF899
:10277000047B704700E100E000ED00E080B489B028
:1027800000AFF860B9607A60FB6803F00703FB6193
:10279000FB69C3F10703042B28BF0423BB61FB695A
:1027A0000433062B02D9FB69033B00E000237B6165
:1027B0004FF0FF32BB6902FA03F3DA43BB681A40F9
:1027C0007B699A404FF0FF317B6901FA03F3D943EB
:1027D0007B680B40134318462437BD465DF8047BE5
:1027E000704780B582B000AF78607868FFF728FF47
:1027F00000BF0837BD4680BD80B586B000AF034638
:10280000B9607A60FB7300237B61FFF73DFF78615D
:102810007A68B9687869FFF7B1FF024697F90F3017
:1028200011461846FFF780FF00BF1837BD4680BD30
:1028300080B582B000AF0346FB7197F907301846A8
:10284000FFF730FF00BF0837BD4680BD80B582B0BE
:1028500000AF0346FB7197F907301846FFF740FFBA
:1028600000BF0837BD4680BD80B582B000AF78603C
:102870007B68002B01D101230EE07B685B79DBB222
:10288000002B05D17B6800221A717868EFF796FC5F
:102890007B6801225A71002318460837BD4680BD67
:1028A00080B487B000AFF860B9607A6000233B6104
:1028B000FB6802225A71FB681B689A68FB681B68F8
:1028C00042F001029A6000237B610AE07B699B0071
:1028D000BA681A44FB681B6812681A607B69013386
:1028E0007B617A697B689A42F0D3FB681B681B683E
:1028F0003B61FB6801225A713B6918461C37BD4693
:102900005DF8047B7047000080B586B000AF78604A
:1029100000237B61EFF7F2F938617B68002B01D16E
:10292000012399E07B68022283F835207B6800222E
:1029300083F834207B681B681A687B681B6822F068
:1029400001021A600FE0EFF7D9F902463B69D31A8A
:10295000052B08D97B6820225A657B68032283F8FF
:102960003520032378E07B681B681B6803F00103B4
:10297000002BE8D17B681B681B687B617A69384B48
:1029800013407B617B685A687B689B681A437B684D
:10299000DB681A437B681B691A437B685B691A43CF
:1029A0007B689B691A437B68DB691A437B681B6AF7
:1029B00013437A6913437B617B685B6A042B07D1FD
:1029C0007B68DA6A7B681B6B13437A6913437B610C
:1029D0007B681B687A691A607B681B685B697B612E
:1029E0007B6923F007037B617B685B6A7A69134329
:1029F0007B617B685B6A042B17D17B689B6A7A6971
:102A000013437B617B68DB6A002B0ED0786800F093
:102A10005FFB0346002B08D07B6840225A657B6829
:102A2000012283F83520012316E07B681B687A6950
:102A30005A61786800F016FB0346FB607B68DB6D2B
:102A40003F229A40FB689A607B6800225A657B6847
:102A5000012283F83520002318461837BD4680BD73
:102A60003F8010F080B584B000AF78607B68002BA9
:102A700001D1012350E07B6893F83530DBB2022BA3
:102A800001D1022348E07B681B681A687B681B68D9
:102A900022F001021A607B681B6800221A607B68C2
:102AA0001B6800225A607B681B6800229A607B6862
:102AB0001B680022DA607B681B6800221A617B6851
:102AC0001B6821225A61786800F0CCFA0346FB604B
:102AD0007B680022DA637B6800221A647B6800222C
:102AE0005A647B6800229A647B680022DA647B68FF
:102AF00000221A657B68DB6D3F229A40FB689A6072
:102B00007B6800225A657B68002283F835207B6849
:102B1000002283F83420002318461037BD4680BDBC
:102B200080B586B000AFF860B9607A603B60002382
:102B3000FB75FB689B6D3B61FB6893F83430012BA0
:102B400001D1022340E0FB68012283F83420FB68B6
:102B500093F83530DBB2012B2FD1FB68022283F8CA
:102B60003520FB6800225A653B687A68B968F868C6
:102B700000F04AFAFB68DB6D3F229A403B699A609D
:102B8000FB681B681A68FB681B6842F016021A6033
:102B9000FB681B6C002B07D0FB681B681A68FB687E
:102BA0001B6842F008021A60FB681B681A68FB6821
:102BB0001B6842F001021A6005E0FB68002283F8FE
:102BC00034200223FB75FB7D18461837BD4680BDB7
:102BD00080B584B000AF78607B689B6DFB60EFF7D9
:102BE0008DF8B8607B6893F83530DBB2022B08D0E3
:102BF0007B6880225A657B68002283F83420012399
:102C000052E07B681B681A687B681B6822F016021A
:102C10001A607B681B685A697B681B6822F0800217
:102C20005A617B681B6C002B03D17B689B6C002B6B
:102C300007D07B681B681A687B681B6822F0080253
:102C40001A607B681B681A687B681B6822F00102A7
:102C50001A6013E0EFF752F80246BB68D31A052B4F
:102C60000CD97B6820225A657B68032283F83520C3
:102C70007B68002283F83420032315E07B681B68FF
:102C80001B6803F00103002BE4D17B68DB6D3F225E
:102C90009A40FB689A607B68012283F835207B6844
:102CA000002283F83420002318461037BD4680BD2B
:102CB00080B483B000AF78607B6893F83530DBB2C6
:102CC000022B04D07B6880225A6501230CE07B68CC
:102CD000052283F835207B681B681A687B681B68AF
:102CE00022F001021A60002318460C37BD465DF839
:102CF000047B704780B586B000AF78600023BB606E
:102D00008E4B1B688E4AA2FB03239B0A7B617B6868
:102D10009B6D3B613B691B68FB607B68DB6D082238
:102D20009A40FB681340002B1AD07B681B681B6815
:102D300003F00403002B13D07B681B681A687B68C0
:102D40001B6822F004021A607B68DB6D08229A403F
:102D50003B699A607B685B6D43F001027B685A6552
:102D60007B68DB6D01229A40FB681340002B12D078
:102D70007B681B685B6903F08003002B0BD07B68CA
:102D8000DB6D01229A403B699A607B685B6D43F082
:102D900002027B685A657B68DB6D04229A40FB68FF
:102DA0001340002B12D07B681B681B6803F00203E2
:102DB000002B0BD07B68DB6D04229A403B699A6044
:102DC0007B685B6D43F004027B685A657B68DB6D52
:102DD00010229A40FB681340002B43D07B681B688D
:102DE0001B6803F00803002B3CD07B68DB6D1022CE
:102DF0009A403B699A607B681B681B6803F48023D8
:102E0000002B18D07B681B681B6803F40023002B81
:102E100008D17B681B6C002B24D07B681B6C786806
:102E200098471FE07B689B6C002B1BD07B689B6CDA
:102E30007868984716E07B681B681B6803F480730A
:102E4000002B07D17B681B681A687B681B6822F01F
:102E500008021A607B681B6C002B03D07B681B6C1C
:102E6000786898477B68DB6D20229A40FB681340A6
:102E7000002B00F08F807B681B681B6803F0100339
:102E8000002B00F087807B68DB6D20229A403B6935
:102E90009A607B6893F83530DBB2052B36D17B68BE
:102EA0001B681A687B681B6822F016021A607B6830
:102EB0001B685A697B681B6822F080025A617B6834
:102EC0001B6C002B03D17B689B6C002B07D07B68AD
:102ED0001B681A687B681B6822F008021A607B680E
:102EE000DB6D3F229A403B699A607B68012283F840
:102EF00035207B68002283F834207B681B6D002B13
:102F00007ED07B681B6D7868984779E07B681B688A
:102F10001B6803F48023002B1DD07B681B681B6893
:102F200003F40023002B0DD17B685B6C002B31D0A8
:102F30007B685B6C786898472CE000BF3802002003
:102F4000B5814E1B7B68DB6B002B23D07B68DB6B72
:102F5000786898471EE07B681B681B6803F48073E1
:102F6000002B0FD17B681B681A687B681B6822F0F6
:102F700010021A607B68012283F835207B680022EA
:102F800083F834207B68DB6B002B03D07B68DB6B22
:102F9000786898477B685B6D002B32D07B685B6DEF
:102FA00003F00103002B22D07B68052283F8352033
:102FB0007B681B681A687B681B6822F001021A6034
:102FC000BB680133BB607A699A4207D37B681B6890
:102FD0001B6803F00103002BF2D100E000BF7B6807
:102FE000012283F835207B68002283F834207B6837
:102FF000DB6C002B05D07B68DB6C7868984700E0C1
:1030000000BF1837BD4680BD80B485B000AFF86002
:10301000B9607A603B60FB681B681A68FB681B68D4
:1030200022F480221A60FB681B683A685A60FB68C9
:103030009B68402B08D1FB681B687A689A60FB6824
:103040001B68BA68DA6007E0FB681B68BA689A60B8
:10305000FB681B687A68DA6000BF1437BD465DF80C
:10306000047B704780B485B000AF78607B681B68D4
:10307000DBB2103B144AA2FB03231B09FB60134A7B
:10308000FB6813441B781A467B68DA65FB68032BE0
:1030900009D97B681B6823F47F7323F003031A1D8F
:1030A0007B689A6507E07B681B6823F47F7323F0D5
:1030B00003037A6893657B689B6D18461437BD4699
:1030C0005DF8047B704700BFABAAAAAA70BF0208D4
:1030D00080B485B000AF78600023FB737B689B6A87
:1030E000BB607B689B69002B1FD1BB68032B56D844
:1030F00001A252F823F000BF093101081B31010879
:10310000093101089F3101087B68DB6A03F0807395
:10311000002B46D00123FB7343E07B68DB6AB3F1ED
:10312000C07F40D10123FB733DE07B689B69B3F511
:10313000005F21D1BB68032B37D801A252F823F0DE
:103140005131010857310108513101086931010835
:103150000123FB7330E07B68DB6A03F08073002B94
:1031600025D00123FB7322E07B68DB6AB3F1C07FCB
:103170001FD10123FB731CE0BB68022B03D9BB6882
:10318000032B03D018E00123FB7315E07B68DB6A97
:1031900003F08073002B0ED00123FB730BE000BF04
:1031A0000AE000BF08E000BF06E000BF04E000BF87
:1031B00002E000BF00E000BFFB7B18461437BD46AD
:1031C0005DF8047B704700BF80B586B000AFF86043
:1031D000B960C7E900230123FB75234B1B7E012B3C
:1031E00001D102233BE0204B01221A764CF25030F1
:1031F00000F070F80346FB75FB7D002B2BD1FB68BC
:10320000002B05D13B781946B86800F01BF916E091
:10321000FB68012B05D13B881946B86800F0EEF831
:103220000DE0FB68022B05D13B681946B86800F039
:10323000C3F804E0D7E90023B86800F08BF84CF23B
:10324000503000F047F80346FB75084B1B69074AEE
:1032500023F001031361044B00221A76FB7D18460C
:103260001837BD4680BD00BF2C2A0020003C02401C
:1032700080B483B000AF0023FB710B4B1B69002BA4
:103280000BDA094B094A5A60074B094A5A60064B48
:103290001B69002B01DA0123FB71FB7918460C37FF
:1032A000BD465DF8047B7047003C02402301674542
:1032B000AB89EFCD80B400AF054B1B69044A43F0E6
:1032C0000043136100231846BD465DF8047B704738
:1032D000003C024080B584B000AF78600023FB6002
:1032E0001A4B0022DA61EEF709FDF86010E07B6806
:1032F000B3F1FF3F0CD07B68002B07D0EEF7FEFC4C
:103300000246FB68D31A7A689A4201D2032319E075
:103310000F4BDB6803F48033002BE8D10C4BDB68E8
:1033200003F00103002B02D0094B0122DA60084BA5
:10333000DB6803F0F203002B03D000F0A5F80123B3
:1033400000E0002318461037BD4680BD2C2A00201F
:10335000003C024080B485B000AFF860C7E90023AC
:10336000144B1B69134A23F440731361114B1B69FF
:10337000104A43F4407313610E4B1B690D4A43F02E
:1033800001031361FB683A681A60BFF36F8F00BFD7
:10339000D7E900014FF000024FF000030A000023BC
:1033A000F968043113460B6000BF1437BD465DF861
:1033B000047B7047003C024080B483B000AF78606B
:1033C00039600D4B1B690C4A23F4407313610A4B9F
:1033D0001B69094A43F400731361074B1B69064AD2
:1033E00043F0010313617B683A681A6000BF0C3731
:1033F000BD465DF8047B7047003C024080B483B05A
:1034000000AF78600B467B800D4B1B690C4A23F4A0
:10341000407313610A4B1B69094A43F480731361BB
:10342000074B1B69064A43F0010313617B687A88E6
:103430001A8000BF0C37BD465DF8047B704700BFA3
:10344000003C024080B483B000AF78600B46FB7054
:103450000C4B1B690B4A23F440731361094B094A57
:103460001B691361074B1B69064A43F00103136193
:103470007B68FA781A7000BF0C37BD465DF8047B94
:10348000704700BF003C024080B400AF274BDB68B0
:1034900003F01003002B08D0254BDB6943F0100329
:1034A000234AD361214B1022DA60204BDB6803F002
:1034B0002003002B08D01E4BDB6943F008031C4A95
:1034C000D3611A4B2022DA60184BDB6803F040030B
:1034D000002B08D0164BDB6943F00403144AD36178
:1034E000124B4022DA60114BDB6803F08003002BA3
:1034F00008D00F4BDB6943F002030D4AD3610B4B3D
:103500008022DA60094BDB6803F00203002B08D04D
:10351000074BDB6943F02003054AD361034B0222CA
:10352000DA6000BFBD465DF8047B7047003C024096
:103530002C2A002080B584B000AF78603960012368
:10354000FB730023BB60314B1B7E012B01D1022397
:1035500058E02E4B01221A764CF25030FFF7BAFE9B
:103560000346FB73FB7B002B48D13B684FF0FF32D7
:103570001A607B681B68012B15D17B681B69DAB266
:103580007B685B681946104600F044F84CF25030F6
:10359000FFF7A0FE0346FB731D4B1B691C4A23F07B
:1035A0000403136128E07B689B68BB601CE07B68B8
:1035B0001B69DBB21946B86800F050F84CF2503085
:1035C000FFF788FE0346FB73114B1B69104A23F07B
:1035D000FA031361FB7B002B03D03B68BA681A60C7
:1035E0000AE0BB680133BB607B68DA687B689B6874
:1035F0001344BA689A42DAD300F078F8034B0022F9
:103600001A76FB7B18461037BD4680BD2C2A002059
:10361000003C024080B483B000AF03463960FB71C8
:103620000D4B1B690C4A23F4407313610A4B1B6951
:10363000094A43F004031361074B1A69FB791B0223
:103640001343054A43F48033136100BF0C37BD4672
:103650005DF8047B704700BF003C024080B485B039
:1036600000AF78600B46FB700023FB60FB78002BFB
:1036700002D10023FB6010E0FB78012B03D14FF453
:103680008073FB6009E0FB78022B03D14FF40073D9
:10369000FB6002E04FF44073FB60134B1B69124A5E
:1036A00023F440731361104B1A690F49FB681343ED
:1036B0000B610D4B1B690C4A23F0F80313610A4B95
:1036C0001A697B68DB001343074A43F00203136166
:1036D000054B1B69044A43F48033136100BF143760
:1036E000BD465DF8047B7047003C024080B400AFEB
:1036F000204B1B6803F40073002B17D01D4B1B6875
:103700001C4A23F4007313601A4B1B68194A43F4D4
:1037100000631360174B1B68164A23F400631360A1
:10372000144B1B68134A43F400731360114B1B685E
:1037300003F48063002B17D00E4B1B680D4A23F453
:10374000806313600B4B1B680A4A43F48053136079
:10375000084B1B68074A23F480531360054B1B6812
:10376000044A43F48063136000BFBD465DF8047BE8
:10377000704700BF003C024080B489B000AF786061
:10378000396000237B6100233B610023BB61002380
:10379000FB616BE10122FB6902FA03F37B613B6889
:1037A0001B687A6913403B613A697B699A4240F031
:1037B0005A813B685B6803F00303012B05D03B682B
:1037C0005B6803F00303022B30D17B689B68BB610D
:1037D000FB695B00032202FA03F3DB43BA6913407F
:1037E000BB613B68DA68FB695B0002FA03F3BA6904
:1037F0001343BB617B68BA699A607B685B68BB6195
:103800000122FB6902FA03F3DB43BA691340BB618F
:103810003B685B681B0903F00102FB6902FA03F3D2
:10382000BA691343BB617B68BA695A603B685B68DD
:1038300003F00303032B17D07B68DB68BB61FB69D4
:103840005B00032202FA03F3DB43BA691340BB6156
:103850003B689A68FB695B0002FA03F3BA69134399
:10386000BB617B68BA69DA603B685B6803F003039D
:10387000022B23D1FB69DA087B68083253F8223027
:10388000BB61FB6903F007039B000F2202FA03F3FD
:10389000DB43BA691340BB613B681A69FB6903F0FB
:1038A00007039B0002FA03F3BA691343BB61FB6988
:1038B000DA087B680832B96943F822107B681B6814
:1038C000BB61FB695B00032202FA03F3DB43BA69C5
:1038D0001340BB613B685B6803F00302FB695B005C
:1038E00002FA03F3BA691343BB617B68BA691A60D1
:1038F0003B685B6803F44033002B00F0B480002386
:10390000FB60604B5B6C5F4A43F4804353645D4BE8
:103910005B6C03F48043FB60FB685B4AFB699B08BC
:10392000023352F82330BB61FB6903F003039B00B1
:103930000F2202FA03F3DB43BA691340BB617B68D1
:10394000524A93422BD07B68514A934225D07B68E0
:10395000504A93421FD07B684F4A934219D07B68EC
:103960004E4A934213D07B684D4A93420DD07B68F8
:103970004C4A934207D07B684B4A934201D10723BC
:103980000EE008230CE006230AE0052308E00423E8
:1039900006E0032304E0022302E0012300E0002309
:1039A000FA6902F0030292009340BA691343BB61C3
:1039B0003549FB699B080233BA6941F823203B4B28
:1039C0009B68BB613B69DB43BA691340BB613B68E1
:1039D0005B6803F48013002B03D0BA693B6913437F
:1039E000BB61324ABB699360304BDB68BB613B69AA
:1039F000DB43BA691340BB613B685B6803F40013A7
:103A0000002B03D0BA693B691343BB61274ABB69EA
:103A1000D360264B5B68BB613B69DB43BA691340EB
:103A2000BB613B685B6803F40033002B03D0BA69C9
:103A30003B691343BB611D4ABB6953601B4B1B6849
:103A4000BB613B69DB43BA691340BB613B685B68A0
:103A500003F48033002B03D0BA693B691343BB6185
:103A6000124ABB691360FB690133FB61FB690F2BD1
:103A70007FF690AE00BF00BF2437BD465DF8047BE3
:103A8000704700BF0038024000380140000002408B
:103A90000004024000080240000C024000100240F6
:103AA0000014024000180240001C0240003C01408B
:103AB00080B487B000AF7860396000233B61002399
:103AC000FB600023BB6000237B61CDE001227B69AA
:103AD00002FA03F33B613A683B691340FB60FA6802
:103AE0003B699A4240F0BD80654A7B699B0802337E
:103AF00052F82330BB607B6903F003039B000F2265
:103B000002FA03F3BA681340BB607B685D4A9342D4
:103B10002BD07B685C4A934225D07B685B4A9342FA
:103B20001FD07B685A4A934219D07B68594A934206
:103B300013D07B68584A93420DD07B68574A934212
:103B400007D07B68564A934201D107230EE0082331
:103B50000CE006230AE0052308E0042306E0032323
:103B600004E0022302E0012300E000237A6902F06E
:103B7000030292009340BA689A4232D1494B1A68C4
:103B8000FB68DB43474913400B60464B5A68FB68B0
:103B9000DB43444913404B60424BDA68FB68DB432C
:103BA00040491340CB603F4B9A68FB68DB433D497B
:103BB00013408B607B6903F003039B000F2202FA22
:103BC00003F3BB602E4A7B699B08023352F8231033
:103BD000BB68DA432A487B699B080A40023340F8F5
:103BE00023207B681A687B695B00032101FA03F3D9
:103BF000DB431A407B681A607B69DA087B6808320D
:103C000053F822107B6903F007039B000F2202FA8E
:103C100003F3DB437A69D20819407B68083243F822
:103C200022107B68DA687B695B00032101FA03F3E9
:103C3000DB431A407B68DA607B685A6801217B6944
:103C400001FA03F3DB431A407B685A607B689A6889
:103C50007B695B00032101FA03F3DB431A407B68B5
:103C60009A607B6901337B617B690F2B7FF62EAFF6
:103C700000BF00BF1C37BD465DF8047B704700BF26
:103C800000380140000002400004024000080240E9
:103C9000000C0240001002400014024000180240D4
:103CA000001C0240003C014080B485B000AF786049
:103CB0000B467B807B681A697B881340002B02D0FF
:103CC0000123FB7301E00023FB73FB7B18461437D1
:103CD000BD465DF8047B704780B483B000AF786068
:103CE0000B467B8013467B707B78002B03D07A8851
:103CF0007B689A6103E07B881A047B689A6100BF45
:103D00000C37BD465DF8047B7047000080B582B07B
:103D100000AF0346FB80084B5A69FB881340002B19
:103D200006D0054AFB885361FB88184600F006F868
:103D300000BF0837BD4680BD003C014080B483B061
:103D400000AF0346FB8000BF0C37BD465DF8047B27
:103D50007047000080B584B000AF78607B68002BAE
:103D600001D101232BE17B6893F83D30DBB2002BBE
:103D700006D17B68002283F83C207868EEF740FA91
:103D80007B68242283F83D207B681B681A687B6867
:103D90001B6822F001021A607B681B681A687B6846
:103DA0001B6842F400421A607B681B681A687B68D3
:103DB0001B6822F400421A6002F0A0F8F8607B68E9
:103DC0005B68814A934207D8FB68804A934294BF5C
:103DD00001230023DBB206E0FB687D4A934294BFD7
:103DE00001230023DBB2002B01D00123E7E0FB68B5
:103DF000784AA2FB03239B0CBB607B681B685B6853
:103E000023F03F017B681B68BA680A435A607B68ED
:103E10001B681B6A23F03F017B685B686A4A934218
:103E200002D8BB68013309E0BB684FF4967202FB0D
:103E300003F3694AA2FB03239B0901337A681268E2
:103E40000B4313627B681B68DB6923F44F4222F04B
:103E5000FF027B685B685C498B4219D8FB68591E7E
:103E60007B685B685B00B1FBF3F3591C40F6FC73A5
:103E70000B40002B0AD0FB68591E7B685B685B0017
:103E8000B1FBF3F30133C3F30B0351E004234FE021
:103E90007B689B68002B11D1FB68581E7B685968B2
:103EA0000B465B000B44B0FBF3F30133C3F30B038E
:103EB000002B0CBF01230023DBB212E0FB68581E6D
:103EC0007B6859680B469B000B4499000B44B0FB80
:103ED000F3F30133C3F30B03002B0CBF01230023C7
:103EE000DBB2002B01D0012322E07B689B68002B12
:103EF0000ED1FB68581E7B6859680B465B000B446B
:103F0000B0FBF3F30133C3F30B0343F400430FE0BF
:103F1000FB68581E7B6859680B469B000B44990050
:103F20000B44B0FBF3F30133C3F30B0343F44043FF
:103F3000796809681343CB617B681B681B6823F0B1
:103F4000C0017B68DA697B681B6A1A437B681B685F
:103F50000A431A607B681B689B6823F4034323F0C1
:103F6000FF037A6811697A68D26811437A68126827
:103F70000B4393607B681B68DB6823F0FF017B6861
:103F80005A697B689B691A437B681B680A43DA603D
:103F90007B681B681A687B681B6842F001021A6024
:103FA0007B6800221A647B68202283F83D207B68AE
:103FB00000221A637B68002283F83E200023184603
:103FC0001037BD4680BD00BFA08601007F841E0063
:103FD000FF083D0083DE1B43D34D621080B588B0DF
:103FE00002AFF8607A601A460B467B8113463B812C
:103FF000EDF784FE7861FB6893F83D30DBB2202B4F
:1040000040F0E0807B690093192301227049F86831
:1040100001F00EF90346002B01D00223D3E0FB6828
:1040200093F83C30012B01D10223CCE0FB68012244
:1040300083F83C20FB681B681B6803F00103012B1D
:1040400007D0FB681B681A68FB681B6842F0010216
:104050001A60FB681B681A68FB681B6822F4006220
:104060001A60FB68212283F83D20FB68102283F848
:104070003E20FB6800221A64FB687A685A62FB687B
:104080003A895A85FB685B8D9AB2FB681A85FB6892
:10409000504ADA6279897B693A6AF86800F0FAFD79
:1040A0000346002B01D001238DE000233B61FB6818
:1040B0001B685B693B61FB681B689B693B613B69F3
:1040C00066E07A69396AF86801F0CCF90346002B9A
:1040D0000DD0FB681B6C042B07D1FB681B681A68AA
:1040E000FB681B6842F400721A6001236BE0FB68F6
:1040F0005B6A1A78FB681B681A61FB685B6A5A1C6A
:10410000FB685A62FB685B8D9BB2013B9AB2FB680D
:104110005A85FB681B8D013B9AB2FB681A85FB68C8
:104120001B685B6903F00403042B1BD1FB681B8D28
:10413000002B17D0FB685B6A1A78FB681B681A6152
:10414000FB685B6A5A1CFB685A62FB685B8D9BB21A
:10415000013B9AB2FB685A85FB681B8D013B9AB202
:10416000FB681A857A69396AF86801F0C3F9034671
:10417000002B0DD0FB681B6C042B07D1FB681B6860
:104180001A68FB681B6842F400721A6001231AE087
:10419000FB681B8D002B94D1FB681B681A68FB68B9
:1041A0001B6842F400721A60FB68202283F83D20ED
:1041B000FB68002283F83E20FB68002283F83C2045
:1041C000002300E0022318461837BD4680BD00BF1B
:1041D000020010000000FFFF80B58CB002AFF86055
:1041E0007A601A460B467B8113463B81EDF786FDCC
:1041F0007862FB6893F83D30DBB2202B40F01782E9
:104200007B6A0093192301227C49F86801F010F8B9
:104210000346002B01D002230AE2FB6893F83C30EE
:10422000012B01D1022303E2FB68012283F83C2029
:10423000FB681B681B6803F00103012B07D0FB68B8
:104240001B681A68FB681B6842F001021A60FB6871
:104250001B681A68FB681B6822F400621A60FB681E
:10426000222283F83D20FB68102283F83E20FB6861
:1042700000221A64FB687A685A62FB683A895A8598
:10428000FB685B8D9AB2FB681A85FB685C4ADA6250
:1042900079897B6A3A6BF86800F07EFD0346002B53
:1042A00001D00123C4E1FB681B8D002B13D1002337
:1042B0003B62FB681B685B693B62FB681B689B6930
:1042C0003B623B6AFB681B681A68FB681B6842F428
:1042D00000721A6098E1FB681B8D012B1BD1FB68F3
:1042E0001B681A68FB681B6822F480621A6000234E
:1042F000FB61FB681B685B69FB61FB681B689B6972
:10430000FB61FB69FB681B681A68FB681B6842F469
:1043100000721A6078E1FB681B8D022B1BD1FB68D1
:104320001B681A68FB681B6822F480621A60FB68CD
:104330001B681A68FB681B6842F400621A6000235D
:10434000BB61FB681B685B69BB61FB681B689B69A1
:10435000BB61BB6958E1FB681B681A68FB681B6896
:1043600042F480621A6000237B61FB681B685B6912
:104370007B61FB681B689B697B617B6944E1FB682F
:104380001B8D032B00F2F180FB681B8D012B23D1C9
:104390007A6A396BF86801F0F5F80346002B01D012
:1043A000012345E1FB681B681A69FB685B6AD2B2AE
:1043B0001A70FB685B6A5A1CFB685A62FB681B8DAB
:1043C000013B9AB2FB681A85FB685B8D9BB2013B8F
:1043D0009AB2FB685A8517E1FB681B8D022B4ED100
:1043E0007B6A00933B6B00220649F86800F020FFCF
:1043F0000346002B08D001231AE100BF0200100081
:104400000000FFFF04000100FB681B681A68FB68DE
:104410001B6842F400721A60FB681B681A69FB682B
:104420005B6AD2B21A70FB685B6A5A1CFB685A62FC
:10443000FB681B8D013B9AB2FB681A85FB685B8D9C
:104440009BB2013B9AB2FB685A85FB681B681A69EC
:10445000FB685B6AD2B21A70FB685B6A5A1CFB6825
:104460005A62FB681B8D013B9AB2FB681A85FB6898
:104470005B8D9BB2013B9AB2FB685A85C4E07B6AB4
:1044800000933B6B00226C49F86800F0D1FE0346B4
:10449000002B01D00123CBE0FB681B681A68FB6886
:1044A0001B6822F480621A60FB681B681A69FB684B
:1044B0005B6AD2B21A70FB685B6A5A1CFB685A626C
:1044C000FB681B8D013B9AB2FB681A85FB685B8D0C
:1044D0009BB2013B9AB2FB685A857B6A00933B6BA7
:1044E00000225549F86800F0A3FE0346002B01D0D6
:1044F00001239DE0FB681B681A68FB681B6842F497
:1045000000721A60FB681B681A69FB685B6AD2B2AA
:104510001A70FB685B6A5A1CFB685A62FB681B8D49
:10452000013B9AB2FB681A85FB685B8D9BB2013B2D
:104530009AB2FB685A85FB681B681A69FB685B6A5C
:10454000D2B21A70FB685B6A5A1CFB685A62FB683D
:104550001B8D013B9AB2FB681A85FB685B8D9BB291
:10456000013B9AB2FB685A854EE07A6A396BF8686B
:1045700001F008F80346002B01D0012358E0FB6846
:104580001B681A69FB685B6AD2B21A70FB685B6AC7
:104590005A1CFB685A62FB681B8D013B9AB2FB6890
:1045A0001A85FB685B8D9BB2013B9AB2FB685A850A
:1045B000FB681B685B6903F00403042B24D1FB68D0
:1045C0001B8D032B07D1FB681B681A68FB681B68EF
:1045D00022F480621A60FB681B681A69FB685B6AD8
:1045E000D2B21A70FB685B6A5A1CFB685A62FB689D
:1045F0001B8D013B9AB2FB681A85FB685B8D9BB2F1
:10460000013B9AB2FB685A85FB681B8D002B7FF437
:10461000B6AEFB68202283F83D20FB68002283F8B9
:104620003E20FB68002283F83C20002300E00223A8
:1046300018462837BD4680BD0400010080B588B00B
:1046400002AFF860084611461A4603467B810B46C6
:104650003B811346FB80EDF751FB7861FB6893F8D3
:104660003D30DBB2202B40F0D9807B6900931923C9
:1046700001226D49F86800F0DBFD0346002B01D0F4
:104680000223CCE0FB6893F83C30012B01D10223DC
:10469000C5E0FB68012283F83C20FB681B681B68AF
:1046A00003F00103012B07D0FB681B681A68FB6845
:1046B0001B6842F001021A60FB681B681A68FB68FD
:1046C0001B6822F400621A60FB68212283F83D20F7
:1046D000FB68402283F83E20FB6800221A64FB68D6
:1046E0003A6A5A62FB68BA8C5A85FB685B8D9AB24B
:1046F000FB681A85FB684D4ADA62F8883A8979893D
:104700007B690193BB6A00930346F86800F012FCD2
:104710000346002B52D0012381E07A69B96AF86818
:1047200000F0A0FE0346002B0DD0FB681B6C042B91
:1047300007D1FB681B681A68FB681B6842F40072AB
:104740001A6001236BE0FB685B6A1A78FB681B68E0
:104750001A61FB685B6A5A1CFB685A62FB681B8D16
:10476000013B9AB2FB681A85FB685B8D9BB2013BEB
:104770009AB2FB685A85FB681B685B6903F0040307
:10478000042B1BD1FB681B8D002B17D0FB685B6AC9
:104790001A78FB681B681A61FB685B6A5A1CFB6825
:1047A0005A62FB681B8D013B9AB2FB681A85FB6855
:1047B0005B8D9BB2013B9AB2FB685A85FB681B8DEF
:1047C000002BAAD17A69B96AF86800F093FE034613
:1047D000002B0DD0FB681B6C042B07D1FB681B68FA
:1047E0001A68FB681B6842F400721A60012316E025
:1047F000FB681B681A68FB681B6842F400721A6049
:10480000FB68202283F83D20FB68002283F83E20CD
:10481000FB68002283F83C20002300E002231846B6
:104820001837BD4680BD00BF020010000000FFFF2A
:1048300080B58CB002AFF860084611461A460346B0
:104840007B810B463B811346FB80EDF757FA78627C
:10485000FB6893F83D30DBB2202B40F014827B6A7A
:104860000093192301227B49F86800F0E1FC03461C
:10487000002B01D0022307E2FB6893F83C30012BA8
:1048800001D1022300E2FB68012283F83C20FB688F
:104890001B681B6803F00103012B07D0FB681B6832
:1048A0001A68FB681B6842F001021A60FB681B680B
:1048B0001A68FB681B6822F400621A60FB682222F7
:1048C00083F83D20FB68402283F83E20FB680022ED
:1048D0001A64FB683A6B5A62FB68BA8E5A85FB68A9
:1048E0005B8D9AB2FB681A85FB685B4ADA62F888CE
:1048F0003A8979897B6A0193BB6B00930346F86818
:1049000000F0AEFB0346002B01D00123BCE1FB68A5
:104910001B8D002B13D100233B62FB681B685B6976
:104920003B62FB681B689B693B623B6AFB681B68D8
:104930001A68FB681B6842F400721A6090E1FB6819
:104940001B8D012B1BD1FB681B681A68FB681B6859
:1049500022F480621A600023FB61FB681B685B69BC
:10496000FB61FB681B689B69FB61FB69FB681B685B
:104970001A68FB681B6842F400721A6070E1FB68F9
:104980001B8D022B1BD1FB681B681A68FB681B6818
:1049900022F480621A60FB681B681A68FB681B6857
:1049A00042F400621A600023BB61FB681B685B690C
:1049B000BB61FB681B689B69BB61BB6950E100235D
:1049C0007B61FB681B685B697B61FB681B689B699B
:1049D0007B617B6944E1FB681B8D032B00F2F18056
:1049E000FB681B8D012B23D17A6AB96BF86800F044
:1049F000C9FD0346002B01D0012345E1FB681B687C
:104A00001A69FB685B6AD2B21A70FB685B6A5A1C4F
:104A1000FB685A62FB681B8D013B9AB2FB681A85E2
:104A2000FB685B8D9BB2013B9AB2FB685A8517E12C
:104A3000FB681B8D022B4ED17B6A0093BB6B00225F
:104A40000649F86800F0F4FB0346002B08D0012368
:104A50001AE100BF020010000000FFFF0400010087
:104A6000FB681B681A68FB681B6842F400721A60D6
:104A7000FB681B681A69FB685B6AD2B21A70FB6834
:104A80005B6A5A1CFB685A62FB681B8D013B9AB239
:104A9000FB681A85FB685B8D9BB2013B9AB2FB6891
:104AA0005A85FB681B681A69FB685B6AD2B21A7088
:104AB000FB685B6A5A1CFB685A62FB681B8D013BF2
:104AC0009AB2FB681A85FB685B8D9BB2013B9AB278
:104AD000FB685A85C4E07B6A0093BB6B00226C497B
:104AE000F86800F0A5FB0346002B01D00123CBE0C2
:104AF000FB681B681A68FB681B6822F480621A60F6
:104B0000FB681B681A69FB685B6AD2B21A70FB68A3
:104B10005B6A5A1CFB685A62FB681B8D013B9AB2A8
:104B2000FB681A85FB685B8D9BB2013B9AB2FB6800
:104B30005A857B6A0093BB6B00225549F86800F0E8
:104B400077FB0346002B01D001239DE0FB681B6827
:104B50001A68FB681B6842F400721A60FB681B68E5
:104B60001A69FB685B6AD2B21A70FB685B6A5A1CEE
:104B7000FB685A62FB681B8D013B9AB2FB681A8581
:104B8000FB685B8D9BB2013B9AB2FB685A85FB6860
:104B90001B681A69FB685B6AD2B21A70FB685B6AB1
:104BA0005A1CFB685A62FB681B8D013B9AB2FB687A
:104BB0001A85FB685B8D9BB2013B9AB2FB685A85F4
:104BC0004EE07A6AB96BF86800F0DCFC0346002B13
:104BD00001D0012358E0FB681B681A69FB685B6A17
:104BE000D2B21A70FB685B6A5A1CFB685A62FB6897
:104BF0001B8D013B9AB2FB681A85FB685B8D9BB2EB
:104C0000013B9AB2FB685A85FB681B685B6903F03D
:104C10000403042B24D1FB681B8D032B07D1FB68F5
:104C20001B681A68FB681B6822F480621A60FB68C4
:104C30001B681A69FB685B6AD2B21A70FB685B6A10
:104C40005A1CFB685A62FB681B8D013B9AB2FB68D9
:104C50001A85FB685B8D9BB2013B9AB2FB685A8553
:104C6000FB681B8D002B7FF4B6AEFB68202283F817
:104C70003D20FB68002283F83E20FB68002283F879
:104C80003C20002300E0022318462837BD4680BDA3
:104C90000400010080B588B002AFF8607A603B6024
:104CA0000B467B81FB68DB6A7B617B69082B06D046
:104CB0007B69012B03D07B6913F5803F08D1FB682A
:104CC0001B681A68FB681B6842F480721A600BE06C
:104CD000FB681B6B122B07D1FB681B681A68FB680B
:104CE0001B6842F480721A603B6800937B68002264
:104CF0004FF00111F86800F09BFA0346002B0DD02D
:104D0000FB681B681B6803F48073B3F5807F03D1D5
:104D1000FB684FF400721A64032335E0FB681B69DB
:104D2000B3F5804F08D17B89DBB21A46FB681B685C
:104D300002F0FE021A611BE07B89DB11DBB203F09B
:104D40000603DBB263F00F03DAB2FB681B681A617B
:104D50003B687A680E49F86800F0E4FA0346002BD5
:104D600001D0012310E07B89DAB2FB681B681A616D
:104D70003B687A680749F86800F0D4FA0346002BCC
:104D800001D0012300E0002318461837BD4680BD3E
:104D9000080001000200010080B588B002AFF86091
:104DA0007A603B600B467B81FB68DB6A7B61FB685A
:104DB0001B681A68FB681B6842F480621A607B6992
:104DC000082B06D07B69012B03D07B6913F5803F4C
:104DD00008D1FB681B681A68FB681B6842F4807284
:104DE0001A600BE0FB681B6B112B07D1FB681B687B
:104DF0001A68FB681B6842F480721A603B68009373
:104E00007B6800224FF00111F86800F011FA0346A8
:104E1000002B0DD0FB681B681B6803F48073B3F58F
:104E2000807F03D1FB684FF400721A64032379E09A
:104E3000FB681B69B3F5804F08D17B89DBB243F077
:104E40000103DAB2FB681B681A615FE07B89DB1142
:104E5000DBB203F00603DBB263F00F03DAB2FB68E8
:104E60001B681A613B687A683049F86800F05AFAA2
:104E70000346002B01D0012354E07B89DAB2FB68A2
:104E80001B681A613B687A682949F86800F04AFA99
:104E90000346002B01D0012344E000233B61FB6863
:104EA0001B685B693B61FB681B689B693B613B69F5
:104EB000FB681B681A68FB681B6842F480721A6002
:104EC0003B6800937B6800224FF00111F86800F006
:104ED000AFF90346002B0DD0FB681B681B6803F479
:104EE0008073B3F5807F03D1FB684FF400721A64BE
:104EF000032317E07B89DB11DBB203F00603DBB28F
:104F000063F00E03DAB2FB681B681A613B687A68CB
:104F10000749F86800F006FA0346002B01D0012388
:104F200000E0002318461837BD4680BD0800010088
:104F30000200010080B588B002AFF8600846114653
:104F40001A4603467B810B463B811346FB80FB6878
:104F50001B681A68FB681B6842F480721A607B6ADF
:104F600000933B6A00224FF00111F86800F060F9ED
:104F70000346002B0DD0FB681B681B6803F480738D
:104F8000B3F5807F03D1FB684FF400721A640323EA
:104F90005FE07B89DBB21A46FB681B6802F0FE0209
:104FA0001A617B6A3A6A2D49F86800F0BBF903463A
:104FB000002B01D001234CE000237B61FB681B68C0
:104FC0005B697B61FB681B689B697B617B697A6AB3
:104FD000396AF86800F046FA0346002B0DD0FB68EA
:104FE0001B6C042B07D1FB681B681A68FB681B68E5
:104FF00042F400721A6001232BE0FB88012B05D1DB
:105000003B89DAB2FB681B681A6121E03B891B0A05
:105010009BB2DAB2FB681B681A617A6A396AF8686F
:1050200000F020FA0346002B0DD0FB681B6C042B0C
:1050300007D1FB681B681A68FB681B6842F40072A2
:105040001A60012305E03B89DAB2FB681B681A612C
:10505000002318461837BD4680BD00BF020001007E
:1050600080B588B002AFF860084611461A4603467C
:105070007B810B463B811346FB80FB681B681A68EB
:10508000FB681B6842F480621A60FB681B681A6840
:10509000FB681B6842F480721A607B6A00933B6A6B
:1050A00000224FF00111F86800F0C2F80346002B0F
:1050B0000DD0FB681B681B6803F48073B3F5807F19
:1050C00003D1FB684FF400721A640323AAE07B89C2
:1050D000DBB21A46FB681B6802F0FE021A617B6AAB
:1050E0003A6A5249F86800F01DF90346002B01D0D6
:1050F000012397E000237B61FB681B685B697B6190
:10510000FB681B689B697B617B697A6A396AF8680E
:1051100000F0A8F90346002B0DD0FB681B6C042B94
:1051200007D1FB681B681A68FB681B6842F40072B1
:105130001A60012376E0FB88012B05D13B89DAB2A6
:10514000FB681B681A6121E03B891B0A9BB2DAB23B
:10515000FB681B681A617A6A396AF86800F082F99C
:105160000346002B0DD0FB681B6C042B07D1FB689A
:105170001B681A68FB681B6842F400721A600123FE
:1051800050E03B89DAB2FB681B681A617A6A396AB7
:10519000F86800F067F90346002B0DD0FB681B6C24
:1051A000042B07D1FB681B681A68FB681B6842F474
:1051B00000721A60012335E0FB681B681A68FB68FF
:1051C0001B6842F480721A607B6A00933B6A00227B
:1051D0004FF00111F86800F02BF80346002B0DD0BA
:1051E000FB681B681B6803F48073B3F5807F03D1F1
:1051F000FB684FF400721A64032313E07B89DBB26F
:1052000043F00103DAB2FB681B681A617B6A3A6AF1
:105210000649F86800F086F80346002B01D0012308
:1052200000E0002318461837BD4680BD020001008B
:1052300080B584B000AFF860B9603B601346FB7185
:1052400048E03B68B3F1FF3F44D0ECF757FD02461E
:10525000BB69D31A3A689A4202D33B68002B39D112
:10526000BB681B0CDBB2012B0DD1FB681B685B69B3
:10527000DA43BB6813409BB2002B0CBF0123002311
:10528000DBB21A460CE0FB681B689B69DA43BB681B
:1052900013409BB2002B0CBF01230023DBB21A4644
:1052A000FB799A4216D1FB6800221A63FB68202220
:1052B00083F83D20FB68002283F83E20FB681B6CCE
:1052C00043F02002FB681A64FB68002283F83C204C
:1052D000012323E0BB681B0CDBB2012B0DD1FB6863
:1052E0001B685B69DA43BB6813409BB2002B0CBFA1
:1052F00001230023DBB21A460CE0FB681B689B69A4
:10530000DA43BB6813409BB2002B0CBF0123002380
:10531000DBB21A46FB799A4293D000231846103725
:10532000BD4680BD80B584B000AFF860B9607A60DA
:105330003B6071E0FB681B685B6903F48063B3F555
:10534000806F23D1FB681B681A68FB681B6842F4F6
:1053500000721A60FB681B686FF480625A61FB6818
:1053600000221A63FB68202283F83D20FB6800229C
:1053700083F83E20FB681B6C43F00402FB681A6450
:10538000FB68002283F83C20012367E07B68B3F1CF
:10539000FF3F41D0ECF7B2FC02463B68D31A7A6873
:1053A0009A4202D37B68002B36D1BB681B0CDBB260
:1053B000012B0CD1FB681B685B69DA43BB681340A7
:1053C0009BB2002B14BF01230023DBB20BE0FB6870
:1053D0001B689B69DA43BB6813409BB2002B14BF68
:1053E00001230023DBB2002B16D0FB6800221A63D6
:1053F000FB68202283F83D20FB68002283F83E20D2
:10540000FB681B6C43F02002FB681A64FB680022F7
:1054100083F83C20012321E0BB681B0CDBB2012B8D
:105420000CD1FB681B685B69DA43BB6813409BB215
:10543000002B14BF01230023DBB20BE0FB681B68C9
:105440009B69DA43BB6813409BB2002B14BF012356
:105450000023DBB2002B7FF46DAF0023184610371A
:10546000BD4680BD80B584B000AFF860B9607A6099
:1054700034E0F86800F0E3F80346002B01D0012384
:1054800034E0BB68B3F1FF3F28D0ECF737FC0246AD
:105490007B68D31ABA689A4202D3BB68002B1DD12D
:1054A000FB681B685B6903F08003802B16D0FB68E8
:1054B00000221A63FB68202283F83D20FB6800224B
:1054C00083F83E20FB681B6C43F02002FB681A64E3
:1054D000FB68002283F83C20012307E0FB681B687F
:1054E0005B6903F08003802BC3D10023184610377B
:1054F000BD4680BD80B584B000AFF860B9607A6009
:1055000034E0F86800F09BF80346002B01D001233B
:1055100034E0BB68B3F1FF3F28D0ECF7EFFB024665
:105520007B68D31ABA689A4202D3BB68002B1DD19C
:10553000FB681B685B6903F00403042B16D0FB684F
:1055400000221A63FB68202283F83D20FB680022BA
:1055500083F83E20FB681B6C43F02002FB681A6452
:10556000FB68002283F83C20012307E0FB681B68EE
:105570005B6903F00403042BC3D1002318461037E2
:10558000BD4680BD80B584B000AFF860B9607A6078
:1055900049E0FB681B685B6903F01003102B19D10D
:1055A000FB681B686FF010025A61FB6800221A63E7
:1055B000FB68202283F83D20FB68002283F83E2010
:1055C000FB681A6CFB681A64FB68002283F83C20B5
:1055D000012330E0ECF792FB02467B68D31ABA68ED
:1055E0009A4202D3BB68002B1DD1FB681B685B6924
:1055F00003F04003402B16D0FB6800221A63FB68BF
:10560000202283F83D20FB68002283F83E20FB68BF
:105610001B6C43F02002FB681A64FB68002283F8CD
:105620003C20012307E0FB681B685B6903F0400333
:10563000402BAED1002318461037BD4680BD80B444
:1056400083B000AF78607B681B685B6903F480639C
:10565000B3F5806F1BD17B681B686FF480625A6161
:105660007B6800221A637B68202283F83D207B68D8
:10567000002283F83E207B681B6C43F004027B68A9
:105680001A647B68002283F83C20012300E0002399
:1056900018460C37BD465DF8047B704780B586B070
:1056A00000AF78607B68002B01D1012367E27B6843
:1056B0001B6803F00103002B75D0884B9B6803F037
:1056C0000C03042B0CD0854B9B6803F00C03082BB8
:1056D00012D1824B5B6803F48003B3F5800F0BD1CA
:1056E0007E4B1B6803F40033002B5BD07B685B6848
:1056F000002B57D1012342E27B685B68B3F5803F02
:1057000006D1764B1B68754A43F4803313601DE065
:105710007B685B68B3F5A02F0CD1704B1B686F4A98
:1057200043F4802313606D4B1B686C4A43F4803351
:1057300013600BE0694B1B68684A23F480331360E5
:10574000664B1B68654A23F4802313607B685B68A3
:10575000002B13D0ECF7D2FA386108E0ECF7CEFA60
:1057600002463B69D31A642B01D9032307E25B4B42
:105770001B6803F40033002BF0D014E0ECF7BEFA02
:10578000386108E0ECF7BAFA02463B69D31A642B99
:1057900001D90323F3E1514B1B6803F40033002BC1
:1057A000F0D100E000BF7B681B6803F00203002B10
:1057B00063D04A4B9B6803F00C03002B0BD0474B84
:1057C0009B6803F00C03082B1CD1444B5B6803F46B
:1057D0008003002B16D1414B1B6803F00203002B02
:1057E00005D07B68DB68012B01D00123C7E13B4B6F
:1057F0001B6823F0F8027B681B69DB003749134301
:105800000B603AE07B68DB68002B20D0344B012230
:105810001A60ECF773FA386108E0ECF76FFA0246A9
:105820003B69D31A022B01D90323A8E12B4B1B6838
:1058300003F00203002BF0D0284B1B6823F0F80282
:105840007B681B69DB00254913430B6015E0244B83
:1058500000221A60ECF752FA386108E0ECF74EFAD1
:1058600002463B69D31A022B01D9032387E11B4B64
:105870001B6803F00203002BF0D17B681B6803F068
:105880000803002B36D07B685B69002B16D0154BC4
:1058900001221A60ECF732FA386108E0ECF72EFAD0
:1058A00002463B69D31A022B01D9032367E10B4B54
:1058B0005B6F03F00203002BF0D01BE0094B0022CA
:1058C0001A60ECF71BFA38610EE0ECF717FA0246A3
:1058D0003B69D31A022B07D9032350E10038024059
:1058E00000004742800E4742884B5B6F03F0020383
:1058F000002BEAD17B681B6803F00403002B00F047
:1059000097800023FB75814B1B6C03F08053002BA9
:105910000FD10023BB607D4B1B6C7C4A43F080534E
:1059200013647A4B1B6C03F08053BB60BB6801238C
:10593000FB75774B1B6803F48073002B18D1744BF5
:105940001B68734A43F480731360ECF7D7F938612E
:1059500008E0ECF7D3F902463B69D31A022B01D9D0
:1059600003230CE16A4B1B6803F48073002BF0D017
:105970007B689B68012B06D1644B1B6F634A43F025
:10598000010313671CE07B689B68052B0CD15F4B00
:105990001B6F5E4A43F0040313675C4B1B6F5B4A4B
:1059A00043F0010313670BE0584B1B6F574A23F07A
:1059B00001031367554B1B6F544A23F0040313670D
:1059C0007B689B68002B15D0ECF798F938610AE0EA
:1059D000ECF794F902463B69D31A41F288329342BC
:1059E00001D90323CBE0494B1B6F03F00203002BCB
:1059F000EED014E0ECF782F938610AE0ECF77EF9BA
:105A000002463B69D31A41F28832934201D90323FB
:105A1000B5E03E4B1B6F03F00203002BEED1FB7D84
:105A2000012B05D1394B1B6C384A23F0805313648A
:105A30007B689B69002B00F0A180344B9B6803F0CE
:105A40000C03082B5CD07B689B69022B41D1314B46
:105A500000221A60ECF752F9386108E0ECF74EF9D1
:105A600002463B69D31A022B01D9032387E0274B57
:105A70001B6803F00073002BF0D17B68DA697B6848
:105A80001B6A1A437B685B6A9B011A437B689B6AAB
:105A90005B08013B1B041A437B68DB6A1B061B493E
:105AA00013434B601B4B01221A60ECF727F9386156
:105AB00008E0ECF723F902463B69D31A022B01D91F
:105AC00003235CE0114B1B6803F00073002BF0D044
:105AD00054E0104B00221A60ECF710F9386108E02E
:105AE000ECF70CF902463B69D31A022B01D90323C8
:105AF00045E0064B1B6803F00073002BF0D13DE03E
:105B00007B689B69012B07D1012338E000380240F4
:105B100000700040600047421B4B5B68FB607B6885
:105B20009B69012B28D0FB6803F480027B68DB694A
:105B30009A4221D1FB6803F03F027B681B6A9A42BC
:105B40001AD1FA6847F6C07313407A68526A920114
:105B5000934211D1FB6803F440327B689B6A5B0877
:105B6000013B1B049A4207D1FB6803F070627B681B
:105B7000DB6A1B069A4201D0012300E0002318468D
:105B80001837BD4680BD00BF0038024080B584B0E4
:105B900000AF786039607B68002B01D10123CCE035
:105BA000684B1B6803F007033A689A420CD9654BAF
:105BB0003A68D2B21A70634B1B6803F007033A6865
:105BC0009A4201D00123B8E07B681B6803F002030E
:105BD000002B20D07B681B6803F00403002B05D04A
:105BE000594B9B68584A43F4E05393607B681B68A9
:105BF00003F00803002B05D0534B9B68524A43F433
:105C000060439360504B9B6823F0F0027B689B6875
:105C10004D4913438B607B681B6803F00103002B25
:105C200044D07B685B68012B07D1474B1B6803F4AA
:105C30000033002B19D101237FE07B685B68022BC6
:105C400003D07B685B68032B07D13F4B1B6803F0D5
:105C50000073002B09D101236FE03B4B1B6803F05D
:105C60000203002B01D1012367E0374B9B6823F02F
:105C700003027B685B68344913438B60ECF73EF8A2
:105C8000F8600AE0ECF73AF80246FB68D31A41F2F2
:105C90008832934201D903234FE02B4B9B6803F0DA
:105CA0000C027B685B689B009A42EBD1254B1B681A
:105CB00003F007033A689A420CD2224B3A68D2B2F8
:105CC0001A70204B1B6803F007033A689A4201D010
:105CD000012332E07B681B6803F00403002B08D02B
:105CE000194B9B6823F4E0527B68DB681649134329
:105CF0008B607B681B6803F00803002B09D0124BF4
:105D00009B6823F460427B681B69DB000E491343E8
:105D10008B6000F021F802460B4B9B681B0903F0D7
:105D20000F030A49CB5C22FA03F3094A1360094BBB
:105D30001B681846ECF7A0FE002318461037BD4636
:105D400080BD00BF003C024000380240C8B10208DC
:105D500038020020A40200202DE9B04F90B000AF1F
:105D600000237B630023FB6300233B630023BB63AF
:105D7000594B9B6803F00C03082B0DD0082B00F245
:105D8000A180002B02D0042B03D09BE0534BBB63BC
:105D90009BE0534BBB6398E04F4B5B6803F03F03C2
:105DA0007B634D4B5B6803F48003002B28D04A4B88
:105DB0005B689B0900223B627A623B6AC3F308007E
:105DC0000021474B03FB01F2002300FB03F31344C4
:105DD000434AA0FB0212FA620A46BA62FA6A134404
:105DE000FB627B6B0022BB61FA61D7E90623D7E92E
:105DF0000A01EAF7A9FF02460B461346FB6353E08C
:105E0000354B5B689B0900223B617A613B69C3F3B8
:105E1000080A4FF0000B52465B464FF000004FF06F
:105E20000001590141EAD261500102460B46B2EB32
:105E30000A0863EB0B094FF000024FF000034FEA32
:105E4000891343EA98634FEA8812B2EB080463EBC4
:105E500009054FF000024FF00003EB0043EA5473D2
:105E6000E20014461D4614EB0A033B6045EB0B03AE
:105E70007B604FF000024FF00003D7E90045294650
:105E80008B02214643EA915321468A021046194665
:105E90007B6B0022BB60FA60D7E90223EAF754FF6C
:105EA00002460B461346FB630B4B5B681B0C03F06F
:105EB000030301335B003B63FA6B3B6BB2FBF3F311
:105EC000BB6302E0054BBB6300BFBB6B18464037AA
:105ED000BD46BDE8B08F00BF003802400024F4008A
:105EE00040787D0180B400AF034B1B681846BD4667
:105EF0005DF8047B704700BF3802002080B500AF1A
:105F0000FFF7F0FF0246054B9B689B0A03F007036F
:105F10000349CB5C22FA03F3184680BD00380240E7
:105F2000D8B1020880B500AFFFF7DCFF0246054B91
:105F30009B685B0B03F007030349CB5C22FA03F376
:105F4000184680BD00380240D8B1020880B483B042
:105F500000AF786039607B680F221A60124B9B6833
:105F600003F003027B685A600F4B9B6803F0F0025A
:105F70007B689A600C4B9B6803F4E0527B68DA60A4
:105F8000094B9B68DB0803F4E0527B681A61074BFE
:105F90001B6803F007023B681A6000BF0C37BD4660
:105FA0005DF8047B704700BF00380240003C0240AF
:105FB00080B586B000AF786000237B6100233B6131
:105FC0007B681B6803F00103002B05D17B681B680D
:105FD00003F00403002B35D0624B00221A60EBF76C
:105FE0008DFE786108E0EBF789FE02467B69D31AE3
:105FF000022B01D90323B0E05B4B1B6803F0006365
:10600000002BF0D17B685B689A017B689B681B075B
:1060100055491343C1F88430524B01221A60EBF703
:106020006DFE786108E0EBF769FE02467B69D31AE2
:10603000022B01D9032390E04B4B1B6803F0006354
:10604000002BF0D07B681B6803F00203002B00F0EC
:1060500083800023FB60444B1B6C434A43F0805316
:106060001364414B1B6C03F08053FB60FB683F4B98
:106070001B683E4A43F480731360EBF73FFE786180
:1060800008E0EBF73BFE02467B69D31A022B01D9ED
:10609000032362E0354B1B6803F48073002BF0D0C0
:1060A000314B1B6F03F440733B613B69002B2FD0D6
:1060B0007B68DB6803F440733A699A4228D02A4B24
:1060C0001B6F23F440733B61294B01221A60284B5C
:1060D00000221A60244A3B691367234B1B6F03F0AD
:1060E0000103012B14D1EBF709FE78610AE0EBF70D
:1060F00005FE02467B69D31A41F28832934201D9E8
:1061000003232AE0184B1B6F03F00203002BEED091
:106110007B68DB6803F44073B3F5407F0DD1124B0D
:106120009B6823F4F8127B68DB6823F0704323F448
:1061300040730D4913438B6005E00B4B9B680A4A83
:1061400023F4F8139360084B1A6F7B68DB68C3F382
:106150000B03054913430B67002318461837BD4648
:1061600080BD00BF68004742003802400070004018
:10617000400E474280B584B000AF78600123FB73C6
:106180007B68002B01D1012373E07B685B7FDBB26E
:10619000002B05D17B6800221A777868ECF7E2F8CB
:1061A0007B6802225A777B681B68DB6803F0100368
:1061B000102B55D07B681B68CA225A627B681B680B
:1061C00053225A62786800F0D3FB0346FB73FB7BD3
:1061D000002B2CD17B681B689B687A68126823F4BB
:1061E000E00323F0400393607B681B6899687B6839
:1061F0005A687B681B691A437B685B691A437B6832
:106200001B680A439A607B681B687A68D2681A61C7
:106210007B681B6819697B689B681A047B681B682C
:106220000A431A61786800F0DAFB0346FB73FB7BD4
:10623000002B10D17B681B681A6C7B681B6822F4EA
:1062400080221A647B681B68196C7B689A697B687A
:106250001B680A431A647B681B68FF225A6201E0CC
:106260000023FB73FB7B002B02D17B6801225A7752
:10627000FB7B18461037BD4680BD90B587B000AF98
:10628000F860B9607A6000237B61FB681B7F012B9B
:1062900001D1022387E0FB6801221A77FB68022202
:1062A0005A777B68002B26D1FB681B689B6803F03C
:1062B0004003002B02D1BB680022DA70BB681B7858
:1062C000184600F0B1FB03461C04BB685B78184617
:1062D00000F0AAFB03461B021C43BB689B781846D0
:1062E00000F0A2FB034644EA0302BB68DB789B058F
:1062F00013437B6118E0FB681B689B6803F0400355
:10630000002B02D1BB680022DA70BB681B781A042C
:10631000BB685B781B021343BA6892781A43BB6868
:10632000DB789B0513437B61FB681B68CA225A62BA
:10633000FB681B6853225A62F86800F019FB034699
:10634000FB74FB7C002B20D1FB681A687B6903F08F
:106350007F3323F0FE431360FB681B689A68FB6879
:106360001B6822F480229A60FB681B689968BB68EE
:10637000DA68BB681B691A43FB681B680A439A60AA
:10638000F86800F02CFB0346FB74FB7C002B02D169
:10639000FB6801225A77FB681B68FF225A62FB6880
:1063A00000221A77FB7C18461C37BD4690BD80B58D
:1063B00086B000AFF860B9607A6000237B61FB684B
:1063C0001B689A6ABB685A60FB681B681B69C3F349
:1063D0000E02BB689A60FB681B681B6803F07F3382
:1063E00023F0FE437B617B691B0CDBB203F03F03B0
:1063F000DAB2BB681A707B691B0ADBB203F07F0359
:10640000DAB2BB685A707B69DBB203F07F03DAB2A1
:10641000BB689A707B699B0DDBB203F00103DAB2B3
:10642000BB68DA707B68002B1AD1BB681B781846F2
:1064300000F018FB03461A46BB681A70BB685B780D
:10644000184600F00FFB03461A46BB685A70BB683B
:106450009B78184600F006FB03461A46BB689A7004
:10646000002318461837BD4680BD90B587B000AFF1
:10647000F860B9607A6000237B61FB681B7F012BA9
:1064800001D1022371E0FB6801221A77FB68022226
:106490005A777B68002B0ED1BB685B7803F0100342
:1064A000002B08D0BB685B7823F01003DBB20A3303
:1064B000DAB2BB685A707B68002B1CD1BB68DB78F2
:1064C000184600F0B1FA03461C04BB685B78184616
:1064D00000F0AAFA03461B021C43BB689B781846CF
:1064E00000F0A2FA034644EA0302BB681B785B0390
:1064F00013437B610EE0BB68DB781A04BB685B78F2
:106500001B021343BA6892781A43BB681B785B037B
:1065100013437B61FB681B68CA225A62FB681B68D5
:1065200053225A62F86800F023FA0346FB74FB7C9E
:10653000002B0CD1FB681A687B6923F07F4323F0A2
:10654000C0035360F86800F04AFA0346FB74FB7C12
:10655000002B02D1FB6801225A77FB681B68FF22DF
:106560005A62FB6800221A77FB7C18461C37BD462E
:1065700090BD80B586B000AFF860B9607A60002346
:106580007B61FB681B685B6823F07F4323F0C003DB
:106590007B617B691B0CDAB2BB68DA707B691B0A12
:1065A000DBB203F01F03DAB2BB685A707B69DBB25F
:1065B00003F03F03DAB2BB689A707B695B0BDBB216
:1065C00003F00703DAB2BB681A707B68002B1AD19C
:1065D000BB68DB78184600F045FA03461A46BB68EC
:1065E000DA70BB685B78184600F03CFA03461A463E
:1065F000BB685A70BB689B78184600F033FA0346B4
:106600001A46BB689A70002318461837BD4680BDED
:1066100090B589B000AFF860B9607A609B4B1B6899
:106620009B4AA2FB0323DB0A4FF47A7202FB03F3BB
:106630007B610023FB610023BB61FB681B7F012B97
:1066400001D102231EE1FB6801221A77FB680222B6
:106650005A777B68002B37D1FB681B689B6803F077
:106660004003002B02D1BB680022DA70BB681B78A4
:10667000184600F0D9F903461C04BB685B7818463D
:1066800000F0D2F903461B021C43BB689B781846F6
:1066900000F0CAF9034644EA0302BB68DB789B05B5
:1066A00042EA0304BB6893F82030184600F0BCF9B6
:1066B00003461B0644EA0302BB68DB691A43BB6856
:1066C0005B691343FB6123E0FB681B689B6803F075
:1066D0004003002B02D1BB680022DA70BB681B7834
:1066E0001A04BB685B781B021343BA6892781A439A
:1066F000BB68DB789B051A43BB6893F820301B0608
:106700001A43BB68DB691A43BB685B691343FB61CF
:10671000BB685A68BB689B691343BB61FB681B6815
:10672000CA225A62FB681B6853225A62BB685B6AC2
:10673000B3F5807F42D1FB681B689A68FB681B68D1
:1067400022F480729A60FB681B68DB68DAB2FB682F
:106750001B6862F4C072DA607B69013B7B617B6914
:10676000002B0BD1FB681B68FF225A62FB680322D7
:106770005A77FB6800221A77032383E0FB681B68C3
:10678000DB6803F00103002BE6D0FB681B68FA69A5
:10679000DA61FB681B68BA695A64FB681B689A680F
:1067A000FB681B6842F480729A60FB681B689A68F9
:1067B000FB681B6842F480529A604CE0FB681B68DF
:1067C0009A68FB681B6822F400729A60FB681B6879
:1067D000DB68DAB2FB681B6862F42072DA602B4B6C
:1067E0001B682B4AA2FB0323DB0A4FF47A7202FBDD
:1067F00003F37B617B69013B7B617B69002B0BD1E0
:10680000FB681B68FF225A62FB6803225A77FB6809
:1068100000221A77032335E0FB681B68DB6803F06E
:106820000203002BE6D0FB681B68FA691A62FB685A
:106830001B68BA699A64FB681B689A68FB681B68E6
:1068400042F400729A60FB681B689A68FB681B68D8
:1068500042F400529A600F4B1B680E4A43F4003317
:1068600013600C4B9B680B4A43F400339360FB6846
:106870001B68FF225A62FB6801225A77FB680022DC
:106880001A77002318462437BD4690BD38020020F1
:10689000D34D6210003C014080B582B000AF7860FB
:1068A0001F4B4FF400325A617B681B689B6803F4EE
:1068B0008053002B12D07B681B68DB6803F4807365
:1068C000002B0BD07B681B68DB68DAB27B681B6827
:1068D00062F4C072DA607868EBF7CAFB7B681B6809
:1068E0009B6803F40053002B12D07B681B68DB68A5
:1068F00003F40073002B0BD07B681B68DB68DAB2F3
:106900007B681B6862F42072DA60786800F0C8F86F
:106910007B6801225A7700BF0837BD4680BD00BFA3
:10692000003C014080B584B000AF78600023FB607C
:106930007B681B680D4ADA60EBF7E0F9F86009E064
:10694000EBF7DCF90246FB68D31AB3F57A7F01D97D
:10695000032307E07B681B68DB6803F02003002B40
:10696000EED0002318461037BD4680BD5F7F010082
:1069700080B584B000AF78600023BB600023FB7358
:106980007B681B68DB6803F04003002B22D17B6827
:106990001B68DA687B681B6842F08002DA60EBF7FC
:1069A000ADF9B8600CE0EBF7A9F90246BB68D31A61
:1069B000B3F57A7F04D97B6804225A770123FB73ED
:1069C0007B681B68DB6803F04003002B02D1FB7B74
:1069D000012BE8D1FB7B18461037BD4680BD80B542
:1069E00084B000AF78600023FB737B681B68DA68B3
:1069F0007B681B6822F08002DA607B681B689B68FA
:106A000003F02003002B0AD17868FFF78BFF0346C1
:106A1000002B04D07B6804225A770123FB73FB7B95
:106A200018461037BD4680BD80B485B000AF034620
:106A3000FB710023FB6005E0FB680133FB60FB7921
:106A40000A3BFB71FB79092BF6D8FB68DBB21B0113
:106A5000DAB2FB791343DBB218461437BD465DF852
:106A6000047B704780B485B000AF0346FB71002300
:106A7000FB60FB791B09DBB21A4613469B001344EB
:106A80005B00FB60FB68DAB2FB7903F00F03DBB25B
:106A90001344DBB218461437BD465DF8047B7047DB
:106AA00080B483B000AF786000BF0C37BD465DF89E
:106AB000047B704780B582B000AF78607B68002BA4
:106AC00001D1012322E07B6893F83430DBB2002B44
:106AD00005D17B6800221A777868EBF775FC7B6834
:106AE000032283F83420786800F014F80346002B62
:106AF00001D001230AE07B6800229A637B680022B0
:106B00001A637B68012283F8342000231846083773
:106B1000BD4680BDB0B58EB004AF78600023BB60C9
:106B20000023FB6000233B6100237B610023BB61EA
:106B30007623FB617B681D686C4607F1140393E8BC
:106B4000070084E8070007F108030ECB284603F08E
:106B500009FF034687F8273097F82730002B01D02C
:106B600001234FE0294B00221A607B681B681846FE
:106B700003F041FF254B01221A600220EBF7D8F801
:106B8000786801F097F838623B6A002B0BD07B687D
:106B9000012283F834207B689A6B3B6A1A437B6836
:106BA0009A6301232EE0786800F0B6FF38623B6AF2
:106BB000002B0BD07B68012283F834207B689A6B12
:106BC0003B6A1A437B689A6301231BE07B681B685E
:106BD0004FF40071184603F0AEFF38623B6A002B99
:106BE0000FD07B681B680A4A9A637B689A6B3B6A82
:106BF0001A437B689A637B68012283F8342001235F
:106C000000E0002318462837BD46B0BDA0802542CD
:106C1000FF05400080B582B000AF78607B68002B34
:106C200001D1012311E07B68032283F834207868C6
:106C300001F0CEF87868EBF7D3FC7B6800229A630A
:106C40007B68002283F83420002318460837BD46AD
:106C500080BD000080B592B000AFF860B9607A6086
:106C60003B60EBF74BF838637B68BB63BB687B63C7
:106C7000BB68002B07D1FB689B6B43F00062FB688D
:106C80009A630123C5E1FB6893F83430DBB2012B32
:106C900040F0B881FB6800229A63BA6B3B681A44E3
:106CA000FB68DB6D9A4207D9FB689B6B43F000726F
:106CB000FB689A630123ACE1FB68032283F834206C
:106CC000FB681B680022DA62FB685B6C012B02D058
:106CD000BB6B5B02BB634FF0FF337B613B685B02C6
:106CE000BB619023FB6102233B6200237B62012393
:106CF000BB62FB681B6807F114021146184603F0DB
:106D0000EEFE3B68012B0AD9FB6802221A63FB687E
:106D10001B68B96B184603F052FF786409E0FB6802
:106D200001221A63FB681B68B96B184603F025FF44
:106D300078647B6C002B12D0FB681B687E4A9A63D8
:106D4000FB689A6B7B6C1A43FB689A63FB680122B1
:106D500083F83420FB6800221A63012359E1BB69E0
:106D6000FB6361E0FB681B685B6B03F40043002B73
:106D70003CD0FB6B002B39D000233B6433E0FB6835
:106D80001B68184603F019FEF862FB6ADAB27B6BE7
:106D90001A707B6B01337B63FB6B013BFB63FB6A0C
:106DA0001B0ADAB27B6B1A707B6B01337B63FB6B64
:106DB000013BFB63FB6A1B0CDAB27B6B1A707B6BCB
:106DC00001337B63FB6B013BFB63FB6A1B0EDAB297
:106DD0007B6B1A707B6B01337B63FB6B013BFB634B
:106DE0003B6C01333B643B6C072BC8D9EAF786FF49
:106DF00002463B6BD31A3A6D9A4202D93B6D002B87
:106E000012D1FB681B684C4A9A63FB689B6B43F08A
:106E10000042FB689A63FB68012283F83420FB6818
:106E200000221A630323F4E0FB681B685A6B40F2EC
:106E30002A331340002B95D0FB681B685B6B03F46F
:106E40008073002B22D03B68012B1FD9FB685B6C41
:106E5000032B1BD0FB681B68184603F017FF7864F0
:106E60007B6C002B12D0FB681B68334A9A63FB686B
:106E70009A6B7B6C1A43FB689A63FB68012283F868
:106E80003420FB6800221A630123C2E0FB681B6800
:106E90005B6B03F00803002B06D1FB681B685B6B80
:106EA00003F40073002B12D0FB681B68224A9A631C
:106EB000FB689B6B43F00802FB689A63FB68012246
:106EC00083F83420FB6800221A630123A1E0FB68E9
:106ED0001B685B6B03F00203002B12D0FB681B687E
:106EE000154A9A63FB689B6B43F00202FB689A6346
:106EF000FB68012283F83420FB6800221A63012317
:106F000087E0FB681B685B6B03F02003002B64D0F9
:106F1000FB681B68084A9A63FB689B6B43F020027E
:106F2000FB689A63FB68012283F83420FB68002227
:106F30001A6301236DE000BFFF054000FB681B687A
:106F4000184603F03AFDF862FB6ADAB27B6B1A70FE
:106F50007B6B01337B63FB6B013BFB63FB6A1B0AAF
:106F6000DAB27B6B1A707B6B01337B63FB6B013B8B
:106F7000FB63FB6A1B0CDAB27B6B1A707B6B013311
:106F80007B63FB6B013BFB63FB6A1B0EDAB27B6B23
:106F90001A707B6B01337B63FB6B013BFB63EAF78E
:106FA000ADFE02463B6BD31A3A6D9A4202D93B6D55
:106FB000002B12D1FB681B68184A9A63FB689B6B15
:106FC00043F00042FB689A63FB68012283F8342097
:106FD000FB6800221A6301231BE0FB681B685B6BE4
:106FE00003F40013002B02D0FB6B002BA6D1FB682F
:106FF0001B6840F23A529A63FB68012283F83420FE
:10700000002306E0FB689B6B43F00052FB689A6329
:10701000012318464837BD4680BD00BFFF0540002C
:1070200080B592B000AFF860B9607A603B60EAF773
:1070300065FE38637B68BB63BB687B63BB68002B02
:1070400007D1FB689B6B43F00062FB689A630123E6
:107050006DE1FB6893F83430DBB2012B40F06081C6
:10706000FB6800229A63BA6B3B681A44FB68DB6DCD
:107070009A4207D9FB689B6B43F00072FB689A63E6
:10708000012354E1FB68032283F83420FB681B686A
:107090000022DA62FB685B6C012B02D0BB6B5B02E7
:1070A000BB634FF0FF33BB613B685B02FB61902326
:1070B0003B6200237B620023BB620123FB62FB680F
:1070C0001B6807F118021146184603F008FD3B68DB
:1070D000012B0AD9FB6820221A63FB681B68B96B75
:1070E000184603F0B0FD786409E0FB6810221A63CB
:1070F000FB681B68B96B184603F083FD78647B6CF2
:10710000002B12D0FB681B688B4A9A63FB689A6B52
:107110007B6C1A43FB689A63FB68012283F8342076
:10712000FB6800221A63012301E1FB69FB6365E050
:10713000FB681B685B6B03F48043002B40D0FB6B48
:10714000002B3DD000233B6437E07B6B1B787B61D9
:107150007B6B01337B63FB6B013BFB637B6B1B78BE
:107160001A027B6913437B617B6B01337B63FB6B8F
:10717000013BFB637B6B1B781A047B6913437B61C8
:107180007B6B01337B63FB6B013BFB637B6B1B788E
:107190001A067B6913437B617B6B01337B63FB6B5B
:1071A000013BFB63FB681B6807F11402114618469C
:1071B00003F010FC3B6C01333B643B6C072BC4D9E0
:1071C000EAF79CFD02463B6BD31A3A6D9A4202D90C
:1071D0003B6D002B12D1FB681B68574A9A63FB6812
:1071E0009A6B7B6C1A43FB689A63FB68012283F8F5
:1071F0003420FB6800221A63032398E0FB681B68B5
:107200005A6B40F21A331340002B91D0FB681B6875
:107210005B6B03F48073002B22D03B68012B1FD9DA
:10722000FB685B6C032B1BD0FB681B68184603F0E4
:107230002DFD78647B6C002B12D0FB681B683E4AE6
:107240009A63FB689A6B7B6C1A43FB689A63FB68D2
:10725000012283F83420FB6800221A63012366E0D0
:10726000FB681B685B6B03F00803002B06D1FB680F
:107270001B685B6B03F40073002B12D0FB681B6868
:107280002D4A9A63FB689B6B43F00802FB689A6384
:10729000FB68012283F83420FB6800221A63012373
:1072A00045E0FB681B685B6B03F00203002B12D008
:1072B000FB681B68204A9A63FB689B6B43F00202E1
:1072C000FB689A63FB68012283F83420FB68002284
:1072D0001A6301232BE0FB681B685B6B03F0100350
:1072E000002B12D0FB681B68134A9A63FB689B6BE8
:1072F00043F01002FB689A63FB68012283F8342094
:10730000FB6800221A63012311E0FB681B6840F24E
:107310003A529A63FB68012283F83420002306E086
:10732000FB689B6B43F00052FB689A63012318468D
:107330004837BD4680BD00BFFF05400080B584B022
:1073400000AF78607B681B6BFB607B681B685B6BC6
:1073500003F40043002B08D0FB6803F00803002B64
:1073600003D0786800F069FD65E17B681B685B6BA2
:1073700003F48073002B00F08F807B681B684FF450
:1073800080729A637B681B68DB6B7A68126823F4EF
:10739000434323F03A03D3637B681B68DA6A7B6854
:1073A0001B6822F00102DA62FB6803F00803002B7D
:1073B00039D0FB6803F00203002B04D1FB6803F013
:1073C0002003002B11D07B681B68184603F05EFC7D
:1073D000B860BB68002B08D07B689A6BBB681A4307
:1073E0007B689A63786800F02FF97B681B6840F22D
:1073F0003A529A637B68012283F834207B6800222A
:107400001A63FB6803F00103002B04D1FB6803F04F
:107410000203002B03D0786804F084F80BE178684D
:1074200004F076F807E1FB6803F08003002B00F01E
:107430000281FB6803F02003002B11D07B681B68DE
:10744000184603F023FCB860BB68002B08D07B68AB
:107450009A6BBB681A437B689A63786800F0F4F80B
:10746000FB6803F00103002B40F0E580FB6803F0AC
:107470000203002B40F0DF807B681B68DA6A7B68C0
:107480001B6822F00802DA627B68012283F834204C
:10749000786804F03DF8CEE07B681B685B6B03F412
:1074A0008043002B08D0FB6803F00803002B03D0B7
:1074B000786800F013FDBEE07B681B685A6B40F2F1
:1074C0003A231340002B00F0B6807B681B685B6B8F
:1074D00003F00203002B05D07B689B6B43F0020294
:1074E0007B689A637B681B685B6B03F00803002B67
:1074F00005D07B689B6B43F008027B689A637B68CE
:107500001B685B6B03F02003002B05D07B689B6B33
:1075100043F020027B689A637B681B685B6B03F017
:107520001003002B05D07B689B6B43F010027B6837
:107530009A637B681B685B6B03F40073002B05D0B8
:107540007B689B6B43F008027B689A637B681B68CF
:1075500040F23A729A637B681B68DB6B7A68126848
:1075600023F44E7323F00203D3637B681B68184631
:1075700003F08CFB02467B689B6B1A437B689A6323
:10758000FB6803F00803002B0AD07B68012283F814
:1075900034207B6800221A63786800F055F84AE0CE
:1075A000FB6803F08003002B45D0FB6803F0100359
:1075B000002B04D1FB6803F02003002B11D07B6863
:1075C000DB6B1F4A1A657B68DB6B1846FBF770FBA9
:1075D0000346002B2FD07B68DB6B184600F02EFA99
:1075E00029E0FB6803F00103002B04D1FB6803F0E2
:1075F0000203002B11D07B681B6C124A1A657B6852
:107600001B6C1846FBF754FB0346002B13D07B681A
:107610001B6C184600F049FA0DE07B6800229A6363
:107620007B68012283F834207B6800221A63786823
:1076300003F064FFFFE700BF1037BD4680BD00BF09
:107640003D7A0108AB7A010880B483B000AF78605E
:1076500000BF0C37BD465DF8047B704780B483B033
:1076600000AF786039607B685B6E9B0FDAB23B6875
:107670001A707B685B6E9B0EDBB203F00F03DAB20D
:107680003B685A707B685B6E1B0EDBB203F0030332
:10769000DAB23B689A707B685B6E1B0CDAB23B68AF
:1076A000DA707B685B6E1B0ADAB23B681A717B6822
:1076B0005B6EDAB23B685A717B689B6E1B0D9AB2A7
:1076C0003B68DA807B689B6E1B0CDBB203F00F0318
:1076D000DAB23B681A727B689B6EDB0BDBB203F09D
:1076E0000103DAB23B685A727B689B6E9B0BDBB27C
:1076F00003F00103DAB23B689A727B689B6E5B0B06
:10770000DBB203F00103DAB23B68DA727B689B6E8E
:107710001B0BDBB203F00103DAB23B681A733B6860
:1077200000225A737B685B6C002B63D17B689B6E75
:107730009A0040F6FC7313407A68D26E920F1A4397
:107740003B681A617B68DB6EDB0EDBB203F007037C
:10775000DAB23B681A757B68DB6E1B0EDBB203F096
:107760000703DAB23B685A757B68DB6E5B0DDBB2F0
:1077700003F00703DAB23B689A757B68DB6E9B0CFB
:10778000DBB203F00703DAB23B68DA757B68DB6EC5
:10779000DB0BDBB203F00703DAB23B681A763B6817
:1077A0001B695A1C7B685A653B681B7EDBB203F081
:1077B00007030233012202FA03F37A68526D03FBD6
:1077C00002F27B685A653B681B7ADBB203F00F0359
:1077D00001229A407B689A657B685B6D7A68926D3E
:1077E000520A03FB02F27B68DA657B684FF4007291
:1077F0001A6631E07B685B6C012B1DD17B689B6E48
:107800001B0403F47C127B68DB6E1B0C1A433B6881
:107810001A613B681B6901339A027B685A657B6871
:107820005A6D7B68DA657B684FF400729A657B68F5
:107830009A6D7B681A660FE07B681B68584A9A63EA
:107840007B689B6B43F080527B689A637B68012264
:1078500083F8342001239DE07B68DB6E9B0BDBB259
:1078600003F00103DAB23B685A767B68DB6EDB0912
:10787000DBB203F07F03DAB23B689A767B68DB6E9B
:10788000DBB203F07F03DAB23B68DA767B681B6F0A
:10789000DB0FDAB23B681A777B681B6F5B0FDBB2DA
:1078A00003F00303DAB23B685A777B681B6F9B0EC9
:1078B000DBB203F00703DAB23B689A777B681B6F91
:1078C0009B0DDBB203F00F03DAB23B68DA777B681B
:1078D0001B6F5B0DDBB203F00103DAB23B6883F888
:1078E00020203B68002283F821207B681B6F1B0C43
:1078F000DBB203F00103DAB23B6883F822207B6835
:107900001B6FDB0BDBB203F00103DAB23B6883F8D9
:1079100023207B681B6F9B0BDBB203F00103DAB201
:107920003B6883F824207B681B6F5B0BDBB203F0A2
:107930000103DAB23B6883F825207B681B6F1B0BC1
:10794000DBB203F00103DAB23B6883F826207B68E0
:107950001B6F9B0ADBB203F00303DAB23B6883F8C8
:1079600027207B681B6F1B0ADBB203F00303DAB22C
:107970003B6883F828207B681B6F5B08DBB203F051
:107980007F03DAB23B6883F829203B68012283F841
:107990002A20002318460C37BD465DF8047B70474B
:1079A000FF05400080B483B000AF786039607B6829
:1079B0005A6C3B681A607B689A6C3B685A607B68BB
:1079C000DA6C3B689A607B681A6D3B68DA607B68AA
:1079D0005A6D3B681A617B689A6D3B685A617B6897
:1079E000DA6D3B689A617B681A6E3B68DA61002346
:1079F00018460C37BD465DF8047B704780B586B0ED
:107A000000AF78600023FB6007F10C03194678682B
:107A100000F0EBF978617B69002B05D07B689A6BED
:107A20007B691A437B689A63FB685B0A03F00F0368
:107A30003B613B6918461837BD4680BD80B584B0B0
:107A400000AF78607B689B6BFB60FB681B6840F253
:107A50003A529A63F868FFF7D1FFB860FB680122D9
:107A600083F83420FB6800221A63BB68062B02D01F
:107A7000BB68052B0AD1FB681B68184603F006F9A2
:107A80000246FB689B6B1A43FB689A63FB689B6B1F
:107A9000002B03D1F86803F031FD02E0F868FFF72E
:107AA000D3FD00BF1037BD4680BD80B584B000AFA8
:107AB00078607B689B6BFB60FB681B6840F23A5206
:107AC0009A63F868FFF79AFFB860FB68012283F8B1
:107AD0003420FB6800221A63BB68062B02D0BB6807
:107AE000052B0AD1FB681B68184603F0CFF8024645
:107AF000FB689B6B1A43FB689A63FB689B6B002BCC
:107B000003D1F86803F0FAFC02E0F868FFF79CFD87
:107B100000BF1037BD4680BDB0B594B004AF7860EB
:107B20000123FB817B681B68184602F080FF034637
:107B3000002B02D14FF08063B8E07B685B6C032BB5
:107B40002FD07B681B68184603F067F9F863FB6B5E
:107B5000002B01D0FB6BA9E07B681B680021184655
:107B600002F0AAFF02467B685A677B681B68042103
:107B7000184602F0A1FF02467B689A677B681B6883
:107B80000821184602F098FF02467B68DA677B6896
:107B90001B680C21184602F08FFF02467B68C3F871
:107BA00080207B685B6C032B0DD07B681B6807F122
:107BB0000E021146184603F06DF9F863FB6B002BBB
:107BC00001D0FB6B72E07B685B6C032B36D0FB89CA
:107BD0001A467B681A657B681A687B681B6D1B04F4
:107BE0001946104603F037F9F863FB6B002B01D000
:107BF000FB6B5BE07B681B680021184602F05CFFB2
:107C000002467B685A667B681B680421184602F0AE
:107C100053FF02467B689A667B681B6808211846FA
:107C200002F04AFF02467B68DA667B681B680C211B
:107C3000184602F041FF02467B681A677B681B68A2
:107C40000421184602F038FF03461A0D7B68DA64F7
:107C500007F1100319467868FFF700FD0346002B73
:107C600002D04FF0805321E07B6819687B681B6D60
:107C70001B0400221C46154622462B46084603F0EC
:107C800027F8F863FB6B002B01D0FB6B0EE07B68E1
:107C90001D687B686C4603F1100207CA84E8070080
:107CA00004330ECB284602F05DFE00231846403711
:107CB000BD46B0BD80B586B000AF78600023BB6024
:107CC00000237B6100233B617B681B68184603F03F
:107CD00022F8F860FB68002B01D0FB6872E07B683B
:107CE0001B68184603F035F8F860FB68002B0DD0D0
:107CF0007B6800229A647B681B68184603F00BF8C7
:107D0000F860FB68002B04D0FB685BE07B68012215
:107D10009A647B689B6C012B37D17B681B680021C0
:107D2000184603F035F8F860FB68002B2DD04FF0B3
:107D3000805347E07B681B680021184603F028F851
:107D4000F860FB68002B01D0FB683BE07B681B6898
:107D50001E49184603F03EF8F860FB68002B02D07D
:107D60004FF080532EE07B681B680021184602F01C
:107D7000A3FE78617B69DB0F012B01D1012300E0B9
:107D800000233B61BB680133BB60BB684FF6FE72EA
:107D9000934202D83B69002BCCD0BB684FF6FE72F1
:107DA000934202D94FF080730CE07B6903F080436B
:107DB000002B03D07B6801225A6402E07B6800221A
:107DC0005A64002318461837BD4680BD000010C114
:107DD00080B582B000AF78607B681B68184602F0FF
:107DE00018FE00BF0837BD4680BD80B584B000AF27
:107DF000786039603B68002B02D14FF0006318E0D7
:107E00007B681A687B681B6D1B041946104603F0DB
:107E100062F8F860FB68002B01D0FB6809E07B6822
:107E20001B680021184602F047FE02463B681A60B4
:107E3000002318461037BD4680BD80B586B000AF20
:107E400078607B689B6AFB607B68DB6A3B613B69AF
:107E5000002B3FD000237B6133E07B681B68184612
:107E600002F0ABFDB860BB68DAB2FB681A70FB6861
:107E70000133FB603B69013B3B61BB681B0ADAB223
:107E8000FB681A70FB680133FB603B69013B3B6197
:107E9000BB681B0CDAB2FB681A70FB680133FB602D
:107EA0003B69013B3B61BB681B0EDAB2FB681A7091
:107EB000FB680133FB603B69013B3B617B6901333C
:107EC0007B617B69072BC8D97B68FA689A627B68FB
:107ED0003A69DA6200BF1837BD4680BD80B586B00A
:107EE00000AF78607B681B6AFB607B685B6A3B6104
:107EF0003B69002B43D000237B6137E0FB681B7894
:107F0000BB60FB680133FB603B69013B3B61FB6885
:107F10001B781A02BB681343BB60FB680133FB602C
:107F20003B69013B3B61FB681B781A04BB68134348
:107F3000BB60FB680133FB603B69013B3B61FB6855
:107F40001B781A06BB681343BB60FB680133FB60F8
:107F50003B69013B3B617B681B6807F108021146E6
:107F6000184602F037FD7B6901337B617B69072B83
:107F7000C4D97B68FA681A627B683A695A6200BFA2
:107F80001837BD4680BD80B582B000AF78607B6891
:107F9000002B01D101237BE07B685B6A002B08D1B9
:107FA0007B685B68B3F5827F09D07B680022DA6169
:107FB00005E07B6800221A617B6800225A617B68B9
:107FC00000229A627B6893F85130DBB2002B06D115
:107FD0007B68002283F850207868EAF733FB7B68DF
:107FE000022283F851207B681B681A687B681B6833
:107FF00022F040021A607B685B6803F482727B683F
:108000009B6803F404431A437B68DB6803F4006352
:108010001A437B681B6903F002031A437B685B69A0
:1080200003F001031A437B689B6903F400731A434E
:108030007B68DB6903F038031A437B681B6A03F033
:10804000800342EA03017B689B6A03F400527B6869
:108050001B680A431A607B689B691B0C03F00401D0
:108060007B685B6A03F010027B681B680A435A60F6
:108070007B681B68DA697B681B6822F40062DA613E
:108080007B6800225A657B68012283F85120002317
:1080900018460837BD4680BD80B588B000AFF8608F
:1080A000B9603B601346FB80E9F728FEF861FB8866
:1080B0007B83FB6893F85130DBB2012B01D00223A4
:1080C0002AE1BB68002B02D0FB88002B01D10123E1
:1080D00022E1FB6893F85030012B01D102231BE110
:1080E000FB68012283F85020FB68032283F85120AB
:1080F000FB6800225A65FB68BA681A63FB68FA8855
:108100009A86FB68FA88DA86FB6800229A63FB6825
:1081100000229A87FB680022DA87FB6800225A64F3
:10812000FB6800221A64FB689B68B3F5004F0FD10F
:10813000FB681B681A68FB681B6822F040021A6023
:10814000FB681B681A68FB681B6842F480421A606F
:10815000FB681B681B6803F04003402B07D0FB68DB
:108160001B681A68FB681B6842F040021A60FB68D3
:10817000DB68B3F5006F52D1FB685B68002B02D05F
:108180007B8B012B45D1FB681B6B1A88FB681B6836
:10819000DA60FB681B6B9A1CFB681A63FB68DB8E5A
:1081A0009BB2013B9AB2FB68DA8632E0FB681B683F
:1081B0009B6803F00203022B12D1FB681B6B1A8829
:1081C000FB681B68DA60FB681B6B9A1CFB681A6310
:1081D000FB68DB8E9BB2013B9AB2FB68DA8618E043
:1081E000E9F78CFD0246FB69D31A3A689A4203D834
:1081F0003B68B3F1FF3F02D13B68002B09D1FB681C
:10820000012283F85120FB68002283F850200323C9
:1082100082E0FB68DB8E9BB2002BC7D153E0FB688A
:108220005B68002B02D07B8B012B47D1FB681A6B5C
:10823000FB681B680C3312781A70FB681B6B5A1CA6
:10824000FB681A63FB68DB8E9BB2013B9AB2FB684A
:10825000DA8633E0FB681B689B6803F00203022B9D
:1082600013D1FB681A6BFB681B680C3312781A7009
:10827000FB681B6B5A1CFB681A63FB68DB8E9BB2A6
:10828000013B9AB2FB68DA8618E0E9F737FD02464F
:10829000FB69D31A3A689A4203D83B68B3F1FF3FAF
:1082A00002D13B68002B09D1FB68012283F85120E1
:1082B000FB68002283F8502003232DE0FB68DB8E4F
:1082C0009BB2002BC6D1FA693968F86800F0DEFE6F
:1082D0000346002B02D0FB6820225A65FB689B688E
:1082E000002B0AD100237B61FB681B68DB687B6184
:1082F000FB681B689B687B617B69FB68012283F8D4
:108300005120FB68002283F85020FB685B6D002B36
:1083100001D0012300E0002318462037BD4680BD70
:1083200080B588B002AFF860B9603B601346FB804F
:10833000FB6893F85130DBB2012B01D0022304E13A
:10834000FB685B68B3F5827F12D1FB689B68002BEA
:108350000ED1FB68042283F85120FA883B68009311
:108360001346BA68B968F86800F0F3F80346ECE021
:10837000E9F7C4FC7861BB68002B02D0FB88002BB6
:1083800001D10123E1E0FB6893F85030012B01D1CA
:108390000223DAE0FB68012283F85020FB68042204
:1083A00083F85120FB6800225A65FB68BA689A631B
:1083B000FB68FA889A87FB68FA88DA87FB680022EC
:1083C0001A63FB6800229A86FB680022DA86FB6843
:1083D00000221A64FB6800225A64FB689B68B3F5AC
:1083E000004F0FD1FB681B681A68FB681B6822F0FE
:1083F00040021A60FB681B681A68FB681B6822F45D
:1084000080421A60FB681B681B6803F04003402B26
:1084100007D0FB681B681A68FB681B6842F04002C3
:108420001A60FB68DB68002B70D135E0FB681B68C5
:108430009B6803F00103012B15D1FB681B6803F156
:108440000C02FB689B6B1278D2B21A70FB689B6BB4
:108450005A1CFB689A63FB68DB8F9BB2013B9AB2A4
:10846000FB68DA8718E0E9F749FC02467B69D31A12
:108470003A689A4203D83B68B3F1FF3F02D13B68A8
:10848000002B09D1FB68012283F85120FB680022F0
:1084900083F85020032358E0FB68DB8F9BB2002B4E
:1084A000C4D138E0FB681B689B6803F00103012B13
:1084B00013D1FB681B68DA68FB689B6B92B21A8069
:1084C000FB689B6B9A1CFB689A63FB68DB8F9BB213
:1084D000013B9AB2FB68DA8718E0E9F70FFC024625
:1084E0007B69D31A3A689A4203D83B68B3F1FF3FDD
:1084F00002D13B68002B09D1FB68012283F851208F
:10850000FB68002283F8502003231EE0FB68DB8F0A
:108510009BB2002BC6D17A693968F86800F050FD2B
:108520000346002B02D0FB6820225A65FB6801221B
:1085300083F85120FB68002283F85020FB685B6DB4
:10854000002B01D0012300E0002318461837BD4658
:1085500080BD80B58AB000AFF860B9607A607B807A
:1085600001237B62E9F7CAFB3862FB6893F851305C
:10857000FB77FB685B68BB617B88FB82FB7F012B21
:108580000CD0BB69B3F5827F06D1FB689B68002BDA
:1085900002D1FB7F042B01D002237FE1BB68002BBB
:1085A00005D07B68002B02D07B88002B01D10123F2
:1085B00074E1FB6893F85030012B01D102236DE187
:1085C000FB68012283F85020FB6893F85130DBB23E
:1085D000042B03D0FB68052283F85120FB6800229E
:1085E0005A65FB687A689A63FB687A88DA87FB6861
:1085F0007A889A87FB68BA681A63FB687A88DA8691
:10860000FB687A889A86FB6800221A64FB6800225D
:108610005A64FB681B681B6803F04003402B07D0BB
:10862000FB681B681A68FB681B6842F040021A600E
:10863000FB68DB68B3F5006F7ED1FB685B68002BDD
:1086400002D0FB8A012B6CD1FB681B6B1A88FB687C
:108650001B68DA60FB681B6B9A1CFB681A63FB687B
:10866000DB8E9BB2013B9AB2FB68DA8659E0FB686D
:108670001B689B6803F00203022B1BD1FB68DB8E97
:108680009BB2002B16D07B6A012B13D1FB681B6BAE
:108690001A88FB681B68DA60FB681B6B9A1CFB6816
:1086A0001A63FB68DB8E9BB2013B9AB2FB68DA86E9
:1086B00000237B62FB681B689B6803F00103012BAE
:1086C00019D1FB68DB8F9BB2002B14D0FB681B68B1
:1086D000DA68FB689B6B92B21A80FB689B6B9A1CF2
:1086E000FB689A63FB68DB8F9BB2013B9AB2FB6825
:1086F000DA8701237B62E9F701FB02463B6AD31A62
:108700003A6B9A420DD83B6BB3F1FF3F09D0FB683F
:10871000012283F85120FB68002283F850200323B4
:10872000BCE0FB68DB8E9BB2002BA0D1FB68DB8F2B
:108730009BB2002B9BD182E0FB685B68002B02D0D0
:10874000FB8A012B71D1FB681A6BFB681B680C3329
:1087500012781A70FB681B6B5A1CFB681A63FB6863
:10876000DB8E9BB2013B9AB2FB68DA865DE0FB6868
:108770001B689B6803F00203022B1CD1FB68DB8E95
:108780009BB2002B17D07B6A012B14D1FB681A6BAC
:10879000FB681B680C3312781A70FB681B6B5A1C41
:1087A000FB681A63FB68DB8E9BB2013B9AB2FB68E5
:1087B000DA8600237B62FB681B689B6803F0010379
:1087C000012B19D1FB68DB8F9BB2002B14D0FB6807
:1087D0001B68DA68FB689B6BD2B21A70FB689B6BF4
:1087E0005A1CFB689A63FB68DB8F9BB2013B9AB211
:1087F000FB68DA8701237B62E9F780FA02463B6A6D
:10880000D31A3A6B9A4203D83B6BB3F1FF3F02D1C4
:108810003B6B002B09D1FB68012283F85120FB68D8
:10882000002283F85020032338E0FB68DB8E9BB2E4
:10883000002B9CD1FB68DB8F9BB2002B97D13A6A4F
:10884000396BF86800F022FC0346002B08D0FB6867
:1088500020225A65FB68002283F8502001231DE086
:10886000FB689B68002B0AD100233B61FB681B68F7
:10887000DB683B61FB681B689B683B613B69FB688D
:10888000012283F85120FB68002283F85020FB6806
:108890005B6D002B01D0012300E000231846283730
:1088A000BD4680BD80B586B000AFF860B9607A6023
:1088B0007B80FB6893F85130FB75FB685B683B611C
:1088C000FB7D012B0CD03B69B3F5827F06D1FB68A1
:1088D0009B68002B02D1FB7D042B01D00223CFE04B
:1088E000BB68002B05D07B68002B02D07B88002B57
:1088F00001D10123C4E0FB6893F85030012B01D172
:108900000223BDE0FB68012283F85020FB6893F846
:108910005130DBB2042B03D0FB68052283F85120D1
:10892000FB6800225A65FB68BA681A63FB687A889C
:108930009A86FB687A88DA86FB687A689A63FB68AD
:108940007A889A87FB687A88DA87FB6800221A643B
:10895000FB6800225A64FB6893F85130DBB2042BA9
:1089600008D1FB68DB6C484A1A64FB68DB6C474A39
:10897000DA6307E0FB68DB6C454A1A64FB68DB6C72
:10898000444ADA63FB68DB6C434ADA64FB68DB6CFD
:1089900000221A65FB68D86CFB681B680C3319460B
:1089A000FB689B6B1A46FB68DB8F9BB2FAF7B8F843
:1089B0000346002B0BD0FB685B6D43F01002FB6895
:1089C0005A65FB68002283F85020012358E0FB68B9
:1089D0001B685A68FB681B6842F001025A60FB681A
:1089E0009B6C00221A64FB689B6C0022DA63FB68B4
:1089F0009B6C0022DA64FB689B6C00221A65FB68A2
:108A0000986CFB681B6B1946FB681B680C331A4695
:108A1000FB68DB8E9BB2FAF783F80346002B0BD082
:108A2000FB685B6D43F01002FB685A65FB6800222F
:108A300083F85020012323E0FB681B681B6803F0C8
:108A40004003402B07D0FB681B681A68FB681B6853
:108A500042F040021A60FB68002283F85020FB6855
:108A60001B685A68FB681B6842F020025A60FB686A
:108A70001B685A68FB681B6842F002025A600023B8
:108A800018461837BD4680BD118E0108D98C0108E3
:108A90002D8E0108818D0108498E010880B588B0AE
:108AA00000AF78607B681B685B68FB617B681B6854
:108AB0009B68BB61BB699B0903F00103002B0FD1CD
:108AC000BB6903F00103002B0AD0FB699B0903F08B
:108AD0000103002B04D07B681B6C78689847D7E0B3
:108AE000BB695B0803F00103002B0AD0FB69DB09BB
:108AF00003F00103002B04D07B685B6C7868984717
:108B0000C6E0BB695B0903F00103002B0CD1BB6914
:108B10009B0903F00103002B06D1BB691B0A03F07C
:108B20000103002B00F0B480FB695B0903F0010333
:108B3000002B00F0AD80BB699B0903F00103002B03
:108B400023D07B6893F85130DBB2032B11D07B68C4
:108B50005B6D43F004027B685A6500237B617B6890
:108B60001B68DB687B617B681B689B687B617B693A
:108B70000BE000233B617B681B68DB683B617B6823
:108B80001B689B683B613B6982E0BB695B0903F042
:108B90000103002B14D07B685B6D43F001027B68FE
:108BA0005A650023FB607B681B689B68FB607B68E1
:108BB0001B681A687B681B6822F040021A60FB6819
:108BC000BB691B0A03F00103002B0CD07B685B6DB3
:108BD00043F008027B685A650023BB607B681B6812
:108BE0009B68BB60BB687B685B6D002B4FD07B686C
:108BF0001B685A687B681B6822F0E0025A607B6839
:108C0000012283F85120FB6903F00203002B04D1F9
:108C1000FB6903F00103002B34D07B681B685A68A2
:108C20007B681B6822F003025A607B68DB6C002BB8
:108C300011D07B68DB6C184A1A657B68DB6C1846C0
:108C4000FAF736F80346002B05D07B685B6D43F0DE
:108C500040027B685A657B689B6C002B16D07B6852
:108C60009B6C0D4A1A657B689B6C1846FAF720F8D6
:108C70000346002B0AD07B685B6D43F040027B68A3
:108C80005A6503E07868E9F723F800E000BF00BF09
:108C90002037BD4680BD00BF898E010880B483B0F7
:108CA00000AF786000BF0C37BD465DF8047B7047AD
:108CB00080B483B000AF786000BF0C37BD465DF86C
:108CC000047B704780B483B000AF786000BF0C377E
:108CD000BD465DF8047B704780B584B000AF786016
:108CE0007B689B6BFB60E9F709F8B8607B681B68E1
:108CF0001B6803F48073B3F5807F3BD0FB681B686F
:108D00005A68FB681B6822F020025A60FB689B6867
:108D1000002B0DD1FB685B68B3F5827F08D1FB683F
:108D20001B685A68FB681B6822F003025A6007E060
:108D3000FB681B685A68FB681B6822F001025A60D6
:108D4000BA686421F86800F03BF90346002B02D0B2
:108D5000FB6820225A65FB680022DA87FB68012243
:108D600083F85120FB685B6D002B03D0F868E8F7AF
:108D7000AFFF02E0F868FFF791FF1037BD4680BDF6
:108D800080B584B000AF78607B689B6BFB60E8F7D0
:108D9000B5FFB8607B681B681B6803F48073B3F58C
:108DA000807F2FD0FB681B685A68FB681B6822F025
:108DB00020025A60BA686421F86800F067F9034637
:108DC000002B05D0FB685B6D43F02002FB685A6501
:108DD000FB681B685A68FB681B6822F003025A6034
:108DE000FB680022DA86FB680022DA87FB68012232
:108DF00083F85120FB685B6D002B03D0F868E8F71F
:108E000067FF02E0F868E9F741F81037BD4680BD1A
:108E100080B584B000AF78607B689B6BFB60F868BE
:108E2000FFF746FF00BF1037BD4680BD80B584B058
:108E300000AF78607B689B6BFB60F868FFF742FFD0
:108E400000BF1037BD4680BD80B584B000AF7860EC
:108E50007B689B6BFB60FB681B685A68FB681B6840
:108E600022F003025A60FB685B6D43F01002FB685E
:108E70005A65FB68012283F85120F868E8F728FF5B
:108E800000BF1037BD4680BD80B584B000AF7860AC
:108E90007B689B6BFB60FB680022DA87FB68002223
:108EA000DA86F868E8F714FF00BF1037BD4680BDCA
:108EB00080B588B000AFF860B9603B601346FB71C5
:108EC000E8F71CFF0246BB6A9B1A3A681344FB6131
:108ED000E8F714FFB861394B1B685B011B0DFA6999
:108EE00002FB03F37B6154E03B68B3F1FF3F50D0DA
:108EF000E8F704FF0246BB69D31AFA699A4202D91D
:108F0000FB69002B3DD1FB681B685A68FB681B6836
:108F100022F0E0025A60FB685B68B3F5827F11D1F2
:108F2000FB689B68B3F5004F04D0FB689B68B3F502
:108F3000806F07D1FB681B681A68FB681B6822F00A
:108F400040021A60FB689B6AB3F5005F0FD1FB68B3
:108F50001B681A68FB681B6822F400521A60FB68E1
:108F60001B681A68FB681B6842F400521A60FB68B1
:108F7000012283F85120FB68002283F8502003234C
:108F800017E07B69002B01D10023FB617B69013B6A
:108F90007B61FB681B689A68BB681340BA689A4299
:108FA0000CBF01230023DBB21A46FB799A429BD106
:108FB000002318462037BD4680BD00BF3802002080
:108FC00080B586B002AFF860B9607A60FB685B6814
:108FD000B3F5827F11D1FB689B68B3F5004F04D0D5
:108FE000FB689B68B3F5806F07D1FB681B681A6844
:108FF000FB681B6822F040021A60FB685B68B3F5EF
:10900000827F2AD1FB689B68B3F5806F12D07B68A2
:109010000093BB6800228021F868FFF749FF0346F0
:10902000002B2DD0FB685B6D43F02002FB685A6576
:10903000032326E07B680093BB6800220121F868C7
:10904000FFF736FF0346002B1AD0FB685B6D43F039
:109050002002FB685A65032313E07B680093BB681A
:1090600000220121F868FFF723FF0346002B07D0F9
:10907000FB685B6D43F02002FB685A65032300E048
:10908000002318461037BD4680BD000080B588B06B
:1090900002AFF860B9607A607B680093BB68012218
:1090A0000221F868FFF704FF0346002B07D0FB6896
:1090B0005B6D43F02002FB685A65032332E01B4BD3
:1090C0001B681B4AA2FB03235B0D4FF47A7202FB61
:1090D00003F37B61FB685B68B3F5827F12D17B6829
:1090E0000093BB6800228021F868FFF7E1FE034689
:1090F000002B16D0FB685B6D43F02002FB685A65BD
:1091000003230FE07B69002B0AD07B69013B7B6165
:10911000FB681B689B6803F08003802BF2D000E0A3
:1091200000BF002318461837BD4680BD3802002016
:10913000819F5E1680B584B000AFF860B9607A6038
:10914000FB68002B01D1012338E0FB6893F849301C
:10915000DBB2002B06D1FB68002283F84820F868B8
:10916000E9F780FCFB681A68FB680833194610466B
:1091700001F020FBFB681868FB689B681A46B96819
:1091800001F082FBFB685868FB689A68FB681B6B00
:10919000796801F0AFFBFB681B68FA68926853F8C6
:1091A0002210FB681B68FA68926841F0010143F8DD
:1091B0002210FB68012283F849200023184610374B
:1091C000BD4680BD80B582B000AF78607B68002B63
:1091D00001D1012341E07B6893F83D30DBB2002BE5
:1091E00006D17B68002283F83C20786800F039F8CB
:1091F0007B68022283F83D207B681A687B68043311
:109200001946104600F0C0F97B68012283F8462019
:109210007B68012283F83E207B68012283F83F208F
:109220007B68012283F840207B68012283F841207B
:109230007B68012283F842207B68012283F8432067
:109240007B68012283F844207B68012283F8452053
:109250007B68012283F83D20002318460837BD466D
:1092600080BD80B483B000AF786000BF0C37BD46CE
:109270005DF8047B7047000080B485B000AF786073
:109280007B6893F83D30DBB2012B01D001234EE027
:109290007B68022283F83D207B681B68DA687B6864
:1092A0001B6842F00102DA607B681B68234A934224
:1092B00022D07B681B68B3F1804F1DD07B681B6890
:1092C0001F4A934218D07B681B681E4A934213D0F2
:1092D0007B681B681C4A93420ED07B681B681B4A44
:1092E000934209D07B681B68194A934204D07B687B
:1092F0001B68184A934211D17B681B689B6803F076
:109300000703FB60FB68062B10D07B681B681A689C
:109310007B681B6842F001021A6007E07B681B68EB
:109320001A687B681B6842F001021A600023184625
:109330001437BD465DF8047B704700BF0000014054
:109340000004004000080040000C00400004014000
:10935000004001400018004080B584B000AF786044
:109360007B681B68DB68FB607B681B681B69BB60F4
:10937000BB6803F00203002B20D0FB6803F002035C
:10938000002B1BD07B681B686FF002021A617B68A0
:1093900001221A777B681B689B6903F00303002B8B
:1093A00003D0786800F0D2F805E0786800F0C4F8DF
:1093B000786800F0D5F87B6800221A77BB6803F064
:1093C0000403002B20D0FB6803F00403002B1BD008
:1093D0007B681B686FF004021A617B6802221A77AF
:1093E0007B681B689B6903F44073002B03D078688B
:1093F00000F0ACF805E0786800F09EF8786800F0BE
:10940000AFF87B6800221A77BB6803F00803002BD3
:1094100020D0FB6803F00803002B1BD07B681B687F
:109420006FF008021A617B6804221A777B681B6858
:10943000DB6903F00303002B03D0786800F086F8A3
:1094400005E0786800F078F8786800F089F87B68C3
:1094500000221A77BB6803F01003002B20D0FB68B2
:1094600003F01003002B1BD07B681B686FF0100209
:109470001A617B6808221A777B681B68DB6903F432
:109480004073002B03D0786800F060F805E078683E
:1094900000F052F8786800F063F87B6800221A77D1
:1094A000BB6803F00103002B0CD0FB6803F0010341
:1094B000002B07D07B681B686FF001021A61786887
:1094C000E8F73CFEBB6803F08003002B0CD0FB6880
:1094D00003F08003002B07D07B681B686FF08002CD
:1094E0001A61786800F006F9BB6803F04003002BAE
:1094F0000CD0FB6803F04003002B07D07B681B688F
:109500006FF040021A61786800F034F8BB6803F02D
:109510002003002B0CD0FB6803F02003002B07D0A6
:109520007B681B686FF020021A61786800F0D8F839
:1095300000BF1037BD4680BD80B483B000AF7860F7
:1095400000BF0C37BD465DF8047B704780B483B024
:1095500000AF786000BF0C37BD465DF8047B7047F4
:1095600080B483B000AF786000BF0C37BD465DF8B3
:10957000047B704780B483B000AF786000BF0C37C5
:10958000BD465DF8047B704780B485B000AF78605D
:1095900039607B681B68FB607B68464A934213D046
:1095A0007B68B3F1804F0FD07B68434A93420BD066
:1095B0007B68424A934207D07B68414A934203D07A
:1095C0007B68404A934208D1FB6823F07003FB603C
:1095D0003B685B68FA681343FB607B68354A9342DB
:1095E0002BD07B68B3F1804F27D07B68324A9342FF
:1095F00023D07B68314A93421FD07B68304A934224
:109600001BD07B682F4A934217D07B682E4A934227
:1096100013D07B682D4A93420FD07B682C4A93422B
:109620000BD07B682B4A934207D07B682A4A93422F
:1096300003D07B68294A934208D1FB6823F4407326
:10964000FB603B68DB68FA681343FB60FB6823F050
:1096500080023B685B691343FB607B68FA681A60B1
:109660003B689A687B68DA623B681A687B689A6232
:109670007B68104A934203D07B68124A934203D11D
:109680003B681A697B681A637B6801225A617B68B0
:109690001B6903F00103012B05D17B681B6923F0D3
:1096A00001027B681A6100BF1437BD465DF8047B78
:1096B000704700BF00000140000400400008004067
:1096C000000C004000040140004001400044014003
:1096D0000048014000180040001C004000200040ED
:1096E00080B483B000AF786000BF0C37BD465DF832
:1096F000047B704780B483B000AF786000BF0C3744
:10970000BD465DF8047B704780B582B000AF7860DD
:109710007B68002B01D1012342E07B6893F8413044
:10972000DBB2002B06D17B68002283F840207868EA
:10973000E9F75CF87B68242283F841207B681B688A
:10974000DA687B681B6822F40052DA60786800F0FF
:10975000BDFD7B681B681A697B681B6822F4904218
:109760001A617B681B685A697B681B6822F02A02B1
:109770005A617B681B68DA687B681B6842F4005298
:10978000DA607B6800225A647B68202283F84120DB
:109790007B68202283F842207B6800225A630023E2
:1097A00018460837BD4680BD80B58AB002AFF86064
:1097B000B9603B601346FB8000237B61FB6893F834
:1097C0004130DBB2202B75D1BB68002B02D0FB8867
:1097D000002B01D101236EE0FB6800225A64FB6874
:1097E000212283F84120E8F789FA7861FB68FA883A
:1097F0009A84FB68FA88DA84FB689B68B3F5805F1B
:1098000008D1FB681B69002B04D10023FB61BB68F6
:10981000BB6103E0BB68FB610023BB612EE03B68DA
:1098200000937B6900228021F86800F01FFB03464B
:10983000002B05D0FB68202283F8412003233AE067
:10984000FB69002B0BD1BB691B881A46FB681B68A0
:10985000C2F308025A60BB690233BB6107E0FB69CF
:109860001A78FB681B685A60FB690133FB61FB686F
:10987000DB8C9BB2013B9AB2FB68DA84FB68DB8C21
:109880009BB2002BCBD13B6800937B690022402127
:10989000F86800F0EBFA0346002B05D0FB682022A5
:1098A00083F84120032306E0FB68202283F841204F
:1098B000002300E0022318462037BD4680BD80B556
:1098C00084B000AFF860B9601346FB80FB6893F882
:1098D0004230DBB2202B12D1BB68002B02D0FB88B8
:1098E000002B01D101230BE0FB6800221A63FB88E7
:1098F0001A46B968F86800F012FB034600E002233C
:1099000018461037BD4680BD80B5BAB000AF78604C
:109910007B681B681B68C7F8E4307B681B68DB68E2
:10992000C7F8E0307B681B685B69C7F8DC30002350
:10993000C7F8D8300023C7F8D430D7F8E43003F0A4
:109940000F03C7F8D830D7F8D830002B0FD1D7F88D
:10995000E43003F02003002B09D0D7F8E03003F007
:109960002003002B03D0786800F0F2FB5BE2D7F80D
:10997000D830002B00F0DE80D7F8DC3003F0010394
:10998000002B06D1D7F8E03003F49073002B00F0E1
:10999000D180D7F8E43003F00103002B0BD0D7F8C7
:1099A000E03003F48073002B05D07B685B6C43F0E0
:1099B00001027B685A64D7F8E43003F00403002BFB
:1099C0000BD0D7F8DC3003F00103002B05D07B6807
:1099D0005B6C43F002027B685A64D7F8E43003F012
:1099E0000203002B0BD0D7F8DC3003F00103002B6F
:1099F00005D07B685B6C43F004027B685A64D7F83F
:109A0000E43003F00803002B11D0D7F8E03003F066
:109A10002003002B05D1D7F8DC3003F00103002B25
:109A200005D07B685B6C43F008027B685A647B68F6
:109A30005B6C002B00F0F281D7F8E43003F02003D8
:109A4000002B08D0D7F8E03003F02003002B02D021
:109A5000786800F07DFB7B681B685B6903F040035E
:109A6000402B0CBF01230023DBB2C7F8D4307B6846
:109A70005B6C03F00803002B03D1D7F8D430002B24
:109A80004FD0786800F085FA7B681B685B6903F04B
:109A90004003402B41D17B681B681433C7F89C30CE
:109AA000D7F89C3053E8003FC7F89830D7F8983083
:109AB00023F04003C7F8D0307B681B681433D7F815
:109AC000D020C7F8A820C7F8A430D7F8A410D7F83A
:109AD000A82041E80023C7F8A030D7F8A030002B19
:109AE000D9D17B68DB6B002B13D07B68DB6B7E4AA4
:109AF0001A657B68DB6B1846F9F7DAF80346002B2A
:109B000016D07B68DB6B1B6D7A68D26B104698476A
:109B10000EE0786800F094F90AE0786800F090F9B7
:109B200006E0786800F08CF97B6800225A6475E1E1
:109B300000BF73E17B681B6B012B40F04F81D7F8AE
:109B4000E43003F01003002B00F04881D7F8E03038
:109B500003F01003002B00F041810023BB607B6801
:109B60001B681B68BB607B681B685B68BB60BB686D
:109B70007B681B685B6903F04003402B40F0B680B4
:109B80007B68DB6B1B685B68A7F8BE30B7F8BE303C
:109B9000002B00F045817B689B8DB7F8BE209A4270
:109BA00080F03E817B68B7F8BE20DA857B68DB6B8E
:109BB000DB69B3F5807F00F088807B681B680C331D
:109BC000C7F88830D7F8883053E8003FC7F88430AA
:109BD000D7F8843023F48073C7F8B8307B681B68EB
:109BE0000C33D7F8B820C7F89420C7F89030D7F8CE
:109BF0009010D7F8942041E80023C7F88C30D7F8AC
:109C00008C30002BD9D17B681B6814337B677B6F4A
:109C100053E8003F3B673B6F23F00103C7F8B430C4
:109C20007B681B681433D7F8B420C7F88020FB6723
:109C3000F96FD7F8802041E80023BB67BB6F002B8A
:109C4000E1D17B681B6814333B663B6E53E8003FF1
:109C5000FB65FB6D23F04003C7F8B0307B681B68E1
:109C60001433D7F8B020FA66BB66B96EFA6E41E8D5
:109C700000237B667B6E002BE3D17B68202283F878
:109C800042207B6800221A637B681B680C33FB64EC
:109C9000FB6C53E8003FBB64BB6C23F01003C7F8B8
:109CA000AC307B681B680C33D7F8AC20BA657B6599
:109CB000796DBA6D41E800233B653B6D002BE3D124
:109CC0007B68DB6B1846F8F783FF7B6802225A63D8
:109CD0007B689A8D7B68DB8D9BB2D31A9BB2194649
:109CE000786800F0B7F89BE059A001087B689A8D6E
:109CF0007B68DB8D9BB2D31AA7F8CE307B68DB8DF7
:109D00009BB2002B00F08E80B7F8CE30002B00F015
:109D100089807B681B680C33BB63BB6B53E8003FD7
:109D20007B637B6B23F49073C7F8C8307B681B6838
:109D30000C33D7F8C8207A643B64396C7A6C41E8FC
:109D40000023FB63FB6B002BE3D17B681B681433A0
:109D50007B627B6A53E8003F3B623B6A23F001036E
:109D6000C7F8C4307B681B681433D7F8C4203A6343
:109D7000FB62F96A3A6B41E80023BB62BB6A002BC5
:109D8000E3D17B68202283F842207B6800221A639B
:109D90007B681B680C333B613B6953E8003FFB6009
:109DA000FB6823F01003C7F8C0307B681B680C33D6
:109DB000D7F8C020FA61BB61B969FA6941E80023AC
:109DC0007B617B69002BE3D17B6802225A63B7F881
:109DD000CE301946786800F03DF823E0D7F8E4303B
:109DE00003F08003002B09D0D7F8E03003F08003A4
:109DF000002B03D0786800F043F914E0D7F8E43082
:109E000003F04003002B0ED0D7F8E03003F04003FE
:109E1000002B08D0786800F083F904E000BF02E06E
:109E200000BF00E000BFE837BD4680BD80B483B00E
:109E300000AF786000BF0C37BD465DF8047B70470B
:109E400080B483B000AF786000BF0C37BD465DF8CA
:109E5000047B704780B483B000AF78600B467B8092
:109E600000BF0C37BD465DF8047B704780B586B0F7
:109E700000AFF860B9603B601346FB713BE03B6AA2
:109E8000B3F1FF3F37D0E7F739FF02463B68D31AFB
:109E90003A6A9A4202D33B6A002B01D103233AE08B
:109EA000FB681B68DB6803F00403002B23D0BB684E
:109EB000802B20D0BB68402B1DD0FB681B681B6823
:109EC00003F00803082B16D100237B61FB681B6895
:109ED0001B687B61FB681B685B687B617B69F8685A
:109EE00000F057F8FB6808225A64FB68002283F8E8
:109EF000402001230FE0FB681B681A68BB68134011
:109F0000BA689A420CBF01230023DBB21A46FB79E0
:109F10009A42B4D0002318461837BD4680BD80B49D
:109F200085B000AFF860B9601346FB80FB68BA6883
:109F30009A62FB68FA889A85FB68FA88DA85FB687A
:109F400000225A64FB68222283F84220FB681B69C6
:109F5000002B07D0FB681B68DA68FB681B6842F4BB
:109F60008072DA60FB681B685A69FB681B6842F004
:109F700001025A61FB681B68DA68FB681B6842F0E3
:109F80002002DA60002318461437BD465DF8047BD2
:109F9000704780B495B000AF78607B681B680C3365
:109FA0007B637B6B53E8003F3B633B6B23F4907315
:109FB000FB647B681B680C33FA6C3A64FB63F96BD7
:109FC0003A6C41E80023BB63BB6B002BE5D17B6897
:109FD0001B6814333B623B6A53E8003FFB61FB693B
:109FE00023F00103BB647B681B681433BA6CFA620C
:109FF000BB62B96AFA6A41E800237B627B6A002B84
:10A00000E5D17B681B6B012B19D17B681B680C3376
:10A01000FB60FB6853E8003FBB60BB6823F01003A4
:10A020007B647B681B680C337A6CBA617B617969ED
:10A03000BA6941E800233B613B69002BE5D17B68AD
:10A04000202283F842207B6800221A6300BF543725
:10A05000BD465DF8047B704780B584B000AF786082
:10A060007B689B6BFB60FB680022DA85FB68002243
:10A07000DA84F868FFF7E4FE00BF1037BD4680BD04
:10A0800080B485B000AF78607B6893F84130DBB274
:10A09000212B3ED17B689B68B3F5805F14D17B6830
:10A0A0001B69002B10D17B681B6AFB60FB681B8857
:10A0B0001A467B681B68C2F308025A607B681B6AF9
:10A0C0009A1C7B681A6208E07B681B6A591C7A68D4
:10A0D00011621A787B681B685A607B68DB8C9BB2C4
:10A0E000013B9BB27A681946D184002B0FD17B6863
:10A0F0001B68DA687B681B6822F08002DA607B6884
:10A100001B68DA687B681B6842F04002DA60002353
:10A1100000E0022318461437BD465DF8047B704703
:10A1200080B582B000AF78607B681B68DA687B68B6
:10A130001B6822F04002DA607B68202283F841200D
:10A140007868FFF773FE002318460837BD4680BDC8
:10A1500080B58CB000AF78607B6893F84230DBB29A
:10A16000222B40F0AE807B689B68B3F5805F17D1EF
:10A170007B681B69002B13D10023FB627B689B6A01
:10A18000BB627B681B685B689BB2C3F308039AB22F
:10A19000BB6A1A807B689B6A9A1C7B689A6226E07D
:10A1A0007B689B6AFB620023BB627B689B68B3F59C
:10A1B000805F07D07B689B68002B0AD17B681B6996
:10A1C000002B06D17B681B685B68DAB2FB6A1A70E9
:10A1D00008E07B681B685B68DBB203F07F03DAB2E0
:10A1E000FB6A1A707B689B6A5A1C7B689A627B6860
:10A1F000DB8D9BB2013B9BB27A681946D185002B5F
:10A200005DD17B681B68DA687B681B6822F02002DE
:10A21000DA607B681B68DA687B681B6822F48072EE
:10A22000DA607B681B685A697B681B6822F0010250
:10A230005A617B68202283F842207B6800225A639F
:10A240007B681B6B012B35D17B6800221A637B680E
:10A250001B680C337B617B6953E8003F3B613B69C2
:10A2600023F010037B627B681B680C337A6A3A62C6
:10A27000FB61F9693A6A41E80023BB61BB69002BC5
:10A28000E5D17B681B681B6803F01003102B0AD113
:10A290000023FB607B681B681B68FB607B681B6896
:10A2A0005B68FB60FB687B689B8D19467868FFF7ED
:10A2B000D1FD02E07868E7F711FE002302E00023F9
:10A2C00000E0022318463037BD4680BD2DE9B04F6F
:10A2D000C0B000AFC7F8F400D7F8F4301B681B69B2
:10A2E00023F44050D7F8F430D968D7F8F4301A681E
:10A2F00040EA01031361D7F8F4309A68D7F8F430D4
:10A300001B691A43D7F8F4305B691A43D7F8F43065
:10A31000DB691343C7F8F830D7F8F4301B68DB6803
:10A3200023F4164121F00C01D7F8F4301A68D7F85D
:10A33000F8300B43D360D7F8F4301B685B6923F423
:10A340004070D7F8F4309969D7F8F4301A6840EAC9
:10A3500001035361D7F8F4301A688F4B9A4205D045
:10A36000D7F8F4301A688D4B9A4204D1FBF7DAFD26
:10A37000C7F8FC0003E0FBF7C1FDC7F8FC00D7F805
:10A38000F430DB69B3F5004F40F00C81D7F8FC30B6
:10A390000022C7F8E830C7F8EC20D7E93A45224652
:10A3A0002B469118B9655B41FB65D7E91623214619
:10A3B00012EB0108294643EB01094FF000024FF070
:10A3C00000034FEAC90343EA58734FEAC8029046B4
:10A3D0009946234618EB0303C7F8E0302B4649EBB8
:10A3E0000303C7F8E430D7F8F4305B680022C7F8FD
:10A3F000D830C7F8DC20D7E936120B46DB183B65AE
:10A40000134642EB03037B65D7E91423D7E93801F0
:10A41000E6F79AFC02460B46614BA3FB02235B095D
:10A420001C01D7F8FC300022C7F8D030C7F8D42080
:10A43000D7E9348942464B469118B9645B41FB64C5
:10A44000D7E91223414612EB010A494643EB010BBF
:10A450004FF000024FF000034FEACB0343EA5A7378
:10A460004FEACA0292469B4643461AEB0303C7F8DB
:10A47000C8304B464BEB0303C7F8CC30D7F8F43069
:10A480005B680022C7F8C030C7F8C420D7E9301293
:10A490000B46DB183B64134642EB03037B64D7E9AE
:10A4A0001023D7E93201E6F74FFC02460B4611466E
:10A4B0003B4BA3FB01235B09642202FB03F3CB1A92
:10A4C000DB0003F13202364BA3FB02235B095B0086
:10A4D00003F4F8731C44D7F8FC300022C7F8B830F6
:10A4E000C7F8BC20D7E92E8942464B469118B9637C
:10A4F0005B41FB63D7E90E23414651183963494656
:10A500004B417B634FF000024FF00003D7E90CABE7
:10A510005946CB00514643EA51735146CA00104692
:10A520001946034642469B18C7F8B0304B460A46C8
:10A5300042EB0303C7F8B430D7F8F4305B6800226D
:10A54000C7F8A830C7F8AC20D7E92A120B46DB18A9
:10A55000BB62134642EB0303FB62D7E90A23D7E948
:10A560002C01E6F7F1FB02460B460D4BA3FB021351
:10A570005B09642101FB03F3D31ADB003233084A81
:10A58000A2FB03235B0903F00702D7F8F4301B6832
:10A5900022449A6006E100BF00100140001401400F
:10A5A0001F85EB51D7F8FC300022C7F8A030C7F860
:10A5B000A420D7E9288942464B46911839625B416D
:10A5C0007B62D7E9082341465418494643EB01050D
:10A5D0004FF000024FF00003EB0043EA5473E20037
:10A5E00014461D464346E318C7F898304B4645EBE2
:10A5F0000303C7F89C30D7F8F4305B680022C7F833
:10A600009030C7F894204FF000024FF00003D7E9D4
:10A61000244529468B00214643EA917321468A004E
:10A62000D7E92601E6F790FB02460B46604BA3FBF9
:10A6300002235B091C01D7F8FC300022C7F88830E0
:10A64000C7F88C20D7E9228942464B469118B96158
:10A650005B41FB61D7E90623414651183961494600
:10A660004B417B614FF000024FF00003D7E904AB90
:10A670005946CB00514643EA51735146CA00104631
:10A680001946034642469B18C7F880304B460A4697
:10A6900042EB0303C7F88430D7F8F4305B6800223C
:10A6A000BB67FA674FF000024FF00003D7E91E893D
:10A6B00049468B00414643EA917341468A00D7E9F7
:10A6C0002001E6F741FB02460B461146384BA3FB3F
:10A6D00001235B09642202FB03F3CB1A1B01323313
:10A6E000334AA2FB03235B0903F0F0031C44D7F8B1
:10A6F000FC3000223B677A67D7E91C8942464B460B
:10A700009118B9605B41FB60D7E9022341465118BB
:10A71000396049464B417B604FF000024FF0000327
:10A72000D7E900AB5946CB00514643EA5173514635
:10A73000CA0010461946034642469B18BB664B4664
:10A740000A4642EB0303FB66D7F8F4305B6800224D
:10A750003B667A664FF000024FF00003D7E9188994
:10A7600049468B00414643EA917341468A00D7E946
:10A770001A01E6F7E9FA02460B460D4BA3FB02135A
:10A780005B09642101FB03F3D31A1B013233084A2E
:10A79000A2FB03235B0903F00F02D7F8F4301B6818
:10A7A00022449A6000BF07F58077BD46BDE8B08FB0
:10A7B0001F85EB5180B487B000AF786039603B688B
:10A7C0001A687B6853F822303A68126823F0010156
:10A7D0007B6843F822103B689B68082B02D140231A
:10A7E0007B6101E000237B613B685A687B691A4307
:10A7F0003B689B681A433B68DB681A433B681B69EC
:10A800001A433B685B691A433B68DB691A433B6840
:10A810001B6A1A433B685B6A1A433B689B6A1A438C
:10A820003B68DB6A1A433B681B6B13433B613B6825
:10A830009B693A6913433B613B68DB6B3A6913439D
:10A840003B61104BFB60FB6843F48063FB60FB687B
:10A8500043F4E023FB603B681A687B6853F82220CE
:10A86000FB68DB4302EA03013B681A683B69194352
:10A870007B6843F82210002318461C37BD465DF85C
:10A88000047B70477FFB080080B485B000AFF860A0
:10A89000B9607A607B685A1CFB6853F8223003F079
:10A8A0004041BB681A68BB685B681B011A43BB6800
:10A8B0009B681B021A43BB68DB681B041A43BB6816
:10A8C0001B69013B1B051A43BB685B69023B1B0606
:10A8D0001A43BB689B6913437A6801321943FB68CA
:10A8E00043F82210002318461437BD465DF8047B58
:10A8F0007047000080B485B000AFF860B9607A603E
:10A900003B603B68B3F5804F1DD1FB687A6853F814
:10A910002220134B1340BA681168BA6852681201BA
:10A920001143BA68926812021143BA6892691143DE
:10A93000BA68D26812040A4343EA0201FB687A68E3
:10A9400043F8221005E0FB687A686FF0704143F825
:10A950002210002318461437BD465DF8047B70476B
:10A960000000F0CF84B080B485B000AF786007F10C
:10A970001C0080E80E000023FB60FA693B6A1A4362
:10A980007B6A1A43BB6A1A43FB6A1A433B6B134345
:10A99000FA681343FB607B685B6823F4FD4323F094
:10A9A0007F03FA681A437B685A60002318461437FD
:10A9B000BD465DF8047B04B0704780B483B000AF3F
:10A9C00078607B68D3F8803018460C37BD465DF858
:10A9D000047B704780B483B000AF786039603B6817
:10A9E0001A687B68C3F88020002318460C37BD46E0
:10A9F0005DF8047B704780B483B000AF78607B68FB
:10AA000003221A60002318460C37BD465DF8047B0C
:10AA1000704780B483B000AF78607B6800221A6012
:10AA2000002318460C37BD465DF8047B704780B4A0
:10AA300083B000AF78607B681B6803F0030318469F
:10AA40000C37BD465DF8047B704780B485B000AF1D
:10AA5000786039600023FB603B681A687B689A6005
:10AA60003B685A683B689B681A433B68DB681A433B
:10AA70003B681B691343FA681343FB607B68DB6820
:10AA800023F47F6323F00F03FA681A437B68DA60CC
:10AA9000002318461437BD465DF8047B704780B428
:10AAA00083B000AF78607B681B69DBB218460C3757
:10AAB000BD465DF8047B704780B485B000AF786018
:10AAC00039607B6814331A463B681344FB60FB68AB
:10AAD0001B6818461437BD465DF8047B704780B488
:10AAE00085B000AF786039600023FB603B681A686E
:10AAF0007B685A623B685A687B689A623B689A68CE
:10AB00003B68DB681A433B681B691A433B685B6917
:10AB10001343FA681343FB607B68DB6A23F0F70298
:10AB2000FB681A437B68DA62002318461437BD4677
:10AB30005DF8047B704780B588B000AF78603960FD
:10AB40003B68BB601023FB6040233B6100237B61BB
:10AB50004FF48063BB6107F1080319467868FFF77B
:10AB600074FF41F288321021786800F0D7F9F8615B
:10AB7000FB6918462037BD4680BD80B588B000AF60
:10AB8000786039603B68BB601123FB6040233B6108
:10AB900000237B614FF48063BB6107F10803194612
:10ABA0007868FFF752FF41F288321121786800F08F
:10ABB000B5F9F861FB6918462037BD4680BD80B500
:10ABC00088B000AF786039603B68BB601223FB60DF
:10ABD00040233B6100237B614FF48063BB6107F13D
:10ABE000080319467868FFF730FF41F288321221D6
:10ABF000786800F093F9F861FB6918462037BD4684
:10AC000080BD80B588B000AF786039603B68BB60BC
:10AC10001823FB6040233B6100237B614FF480637A
:10AC2000BB6107F1080319467868FFF70EFF41F290
:10AC300088321821786800F071F9F861FB691846CC
:10AC40002037BD4680BD80B588B000AF78603960E0
:10AC50003B68BB601923FB6040233B6100237B61A1
:10AC60004FF48063BB6107F1080319467868FFF76A
:10AC7000ECFE41F288321921786800F04FF9F86152
:10AC8000FB6918462037BD4680BD000080B588B0FE
:10AC900000AF78600023BB600C23FB6040233B6166
:10ACA00000237B614FF48063BB6107F10803194601
:10ACB0007868FFF7CAFE054A0C21786800F02EF983
:10ACC000F861FB6918462037BD4680BD00E1F505F7
:10ACD00080B58AB000AFF860C7E900233B683B61EC
:10ACE00007237B614023BB610023FB614FF480633A
:10ACF0003B6207F110031946F868FFF7A6FE41F220
:10AD000088320721F86800F009F978627B6A1846F2
:10AD10002837BD4680BD80B588B000AF786000237D
:10AD2000BB600023FB6000233B6100237B614FF489
:10AD30008063BB6107F1080319467868FFF785FE59
:10AD4000786800F023FBF861FB6918462037BD46A0
:10AD500080BD80B588B000AF78604FF4D573BB601C
:10AD60000823FB6040233B6100237B614FF4806339
:10AD7000BB6107F1080319467868FFF766FE78683B
:10AD800000F0B6FAF861FB6918462037BD4680BD71
:10AD900080B588B000AF786039603B68BB6037230E
:10ADA000FB6040233B6100237B614FF48063BB6108
:10ADB00007F1080319467868FFF747FE41F2883229
:10ADC0003721786800F0AAF8F861FB691846203747
:10ADD000BD4680BD80B588B000AF786039603B6803
:10ADE00043F0004343F48013BB602923FB604023FE
:10ADF0003B6100237B614FF48063BB6107F1080373
:10AE000019467868FFF721FE786800F0BDF9F8610F
:10AE1000FB6918462037BD4680BD80B588B000AFBD
:10AE200078600023BB600223FB60C0233B610023EA
:10AE30007B614FF48063BB6107F1080319467868B2
:10AE4000FFF703FE786800F057F9F861FB691846D0
:10AE50002037BD4680BD80B588B000AF78603960CE
:10AE60003B68BB600923FB60C0233B6100237B611F
:10AE70004FF48063BB6107F1080319467868FFF758
:10AE8000E4FD786800F038F9F861FB69184620376E
:10AE9000BD4680BD80B588B000AF786039600023C2
:10AEA000BB600323FB6040233B6100237B614FF4C5
:10AEB0008063BB6107F1080319467868FFF7C5FD99
:10AEC0003A680321786800F09DF9F861FB6918463B
:10AED0002037BD4680BD80B588B000AF786039604E
:10AEE0003B68BB600D23FB6040233B6100237B611B
:10AEF0004FF48063BB6107F1080319467868FFF7D8
:10AF0000A4FD41F288320D21786800F007F8F8615D
:10AF1000FB6918462037BD4680BD000080B588B06B
:10AF200000AFF8600B467A60FB72704B1B68704A8A
:10AF3000A2FB03235A0A7B6802FB03F3FB61FB6954
:10AF40005A1EFA61002B02D14FF00043C9E0FB68A2
:10AF50005B6BBB61BB6903F04503002BEFD0BB69A2
:10AF600003F40063002BEAD1FB685B6B03F004037E
:10AF7000002B04D0FB6804229A630423B1E0FB6831
:10AF80005B6B03F00103002B04D0FB6801229A6382
:10AF90000123A6E0FB68C5229A63F868FFF77FFDEE
:10AFA00003461A46FB7A934201D0012399E000211F
:10AFB000F868FFF781FD78617A694E4B1340002BEA
:10AFC00001D100238DE07B69002B02DA4FF0007382
:10AFD00087E07B6903F08043002B01D0402380E0B1
:10AFE0007B6903F00053002B01D0802379E07B695B
:10AFF00003F08053002B02D04FF4807371E07B6923
:10B0000003F00063002B02D04FF4007369E07B690A
:10B0100003F08063002B02D04FF4806361E07B6912
:10B0200003F08073002B02D04FF4006359E07B697A
:10B0300003F40003002B02D04FF4805351E07B69EE
:10B0400003F48003002B02D04FF4005349E07B69E6
:10B0500003F40013002B02D04FF4804341E07B69DE
:10B0600003F48013002B02D04FF4004339E07B69D6
:10B0700003F48023002B02D04FF4003331E07B69CE
:10B0800003F40033002B02D04FF4802329E07B69C6
:10B0900003F48033002B02D04FF4002321E07B69BE
:10B0A00003F40043002B02D04FF4801319E07B69B6
:10B0B00003F48043002B02D04FF4001311E07B69AE
:10B0C00003F40053002B02D04FF4800309E07B69A6
:10B0D00003F00803002B02D04FF4000301E04FF40B
:10B0E000803318462037BD4680BD00BF380200209F
:10B0F000D34D621008E0FFFD80B485B000AF7860EA
:10B100001F4B1B681F4AA2FB03235B0A41F28832D4
:10B1100002FB03F3FB60FB685A1EFA60002B02D1AE
:10B120004FF0004326E07B685B6BBB60BB6803F0BD
:10B130004503002BEFD0BB6803F40063002BEAD17A
:10B140007B685B6B03F00403002B04D07B68042254
:10B150009A6304230EE07B685B6B03F00103002B12
:10B1600004D07B6801229A63012303E07B68C52237
:10B170009A63002318461437BD465DF8047B704778
:10B1800038020020D34D621080B485B000AF7860E3
:10B190001A4B1B681A4AA2FB03235B0A41F288324E
:10B1A00002FB03F3FB60FB685A1EFA60002B02D11E
:10B1B0004FF000431BE07B685B6BBB60BB6803F038
:10B1C0004503002BEFD0BB6803F40063002BEAD1EA
:10B1D0007B685B6B03F00403002B04D07B680422C4
:10B1E0009A63042303E07B68C5229A630023184610
:10B1F0001437BD465DF8047B704700BF380200205D
:10B20000D34D621080B588B000AFF8600B467A600D
:10B21000FB72354B1B68354AA2FB03235B0A41F2E4
:10B22000883202FB03F3FB61FB695A1EFA61002BB3
:10B2300002D14FF0004352E0FB685B6BBB61BB691E
:10B2400003F04503002BEFD0BB6903F40063002B30
:10B25000EAD1FB685B6B03F00403002B04D0FB68AE
:10B2600004229A6304233AE0FB685B6B03F001035A
:10B27000002B04D0FB6801229A6301232FE0F868B9
:10B28000FFF70DFC03461A46FB7A934201D00123D7
:10B2900025E0FB68C5229A630021F868FFF70CFCE3
:10B2A00078617B6903F46043002B06D17B691B0C3A
:10B2B0009AB27B681A80002311E07B6903F4804313
:10B2C000002B02D04FF4005309E07B6903F40043E4
:10B2D000002B02D04FF4805301E04FF48033184626
:10B2E0002037BD4680BD00BF38020020D34D62101C
:10B2F00080B485B000AF7860224B1B68224AA2FB65
:10B3000003235B0A41F2883202FB03F3FB60FB6814
:10B310005A1EFA60002B02D14FF000432CE07B68EC
:10B320005B6BBB60BB6803F04503002BEFD0BB68D1
:10B3300003F40063002BEAD17B685B6B03F004032A
:10B34000002B04D07B6804229A63042314E07B68FA
:10B350005B6B03F00103002B04D07B6801229A632E
:10B36000012309E07B685B6B03F04003002B02D0F4
:10B370007B6840229A63002318461437BD465DF867
:10B38000047B704738020020D34D621080B485B032
:10B3900000AF7860114B1B68114AA2FB03235B0AC4
:10B3A00041F2883202FB03F3FB60FB685A1EFA602D
:10B3B000002B02D14FF0004309E07B685B6B03F088
:10B3C0008003002BF1D07B68C5229A6300231846C6
:10B3D0001437BD465DF8047B704700BF380200207B
:10B3E000D34D621080B500AF0449054808F0D0F88D
:10B3F00003461A46034B1A7000BF80BD502A002036
:10B4000078BF02084C2A002080B400AF0023184601
:10B41000BD465DF8047B704780B582B000AF002365
:10B42000FB7100F090F80346012B01D0012305E0E9
:10B430000448FBF73FFB0346FB71FB7918460837CE
:10B44000BD4680BD1806002080B588B002AFF86008
:10B45000B9607A603B600023FB753B6800937B68B2
:10B46000BA68F9680648FBF7F5FB0346002B01D0E4
:10B470000123FB75FB7D18461837BD4680BD00BF14
:10B480001806002080B588B002AFF860B9607A6015
:10B490003B600023FB753B6800937B68BA68F968E2
:10B4A0000648FBF7BDFD0346002B01D00123FB75C9
:10B4B000FB7D18461837BD4680BD00BF180600202A
:10B4C00080B500AF0548FCF799FA0346042B14BF7A
:10B4D00001230023DBB2184680BD00BF1806002000
:10B4E00080B582B000AF786079680348FCF75AFAFB
:10B4F00000BF0837BD4680BD1806002080B582B069
:10B5000000AF786000F018F800BF0837BD4680BD76
:10B5100080B582B000AF7860E6F778FC00BF0837EE
:10B52000BD4680BD80B582B000AF7860E6F78EFC86
:10B5300000BF0837BD4680BD80B400AF00BFBD4628
:10B540005DF8047B704780B582B000AF0123FB71CA
:10B5500000F00CF80346002B01D10023FB71FB79AE
:10B56000DBB218460837BD4680BD000080B582B00A
:10B5700000AF0123FB714FF480710648F8F794FB8C
:10B580000346002B01D00023FB71FB7918460837D6
:10B59000BD4680BD0018024080B582B000AF0346B2
:10B5A000FB710B4B01221A70FFF78AFF0346002B39
:10B5B00007D1074B1B78DBB223F00103DAB2044B4F
:10B5C0001A70034B1B78DBB218460837BD4680BDA6
:10B5D000A902002080B582B000AF0346FB710B4B7F
:10B5E00001221A70FFF718FF0346002B07D1FB79E1
:10B5F0001846FFF7D1FF03461A46044B1A70034B57
:10B600001B78DBB218460837BD4680BDA902002072
:10B6100080B582B000AF0346FB71FB791846FFF797
:10B62000BBFF034618460837BD4680BD80B586B0CF
:10B6300000AFB9607A603B600346FB730123FB7582
:10B640004FF0FF333A687968B868FFF7FDFE0346AC
:10B65000002B07D100BFFFF733FF0346002BFAD1C1
:10B660000023FB75FB7D18461837BD4680BD80B5AD
:10B6700086B000AFB9607A603B600346FB7301237C
:10B68000FB754FF0FF333A687968B868FFF7FAFE48
:10B690000346002B07D100BFFFF712FF0346002B24
:10B6A000FAD10023FB75FB7D18461837BD4680BDD7
:10B6B00080B58CB000AF03463A60FB710B46BB719E
:10B6C000012387F82F30254B1B78DBB203F00103F1
:10B6D000002B01D003233CE0BB79032B34D801A21B
:10B6E00052F823F0F5B60108FDB6010815B70108B8
:10B6F0002FB70108002387F82F3028E007F10C034B
:10B700001846FFF7EDFE7A6A3B681A60002387F857
:10B710002F301CE007F10C031846FFF7E1FEBB6A6F
:10B720009AB23B681A80002387F82F300FE007F1A8
:10B730000C031846FFF7D4FEBB6A5A0A3B681A602E
:10B74000002387F82F3002E0042387F82F3097F882
:10B750002F3018463037BD4680BD00BFA9020020FB
:10B7600080B582B000AF1C2003F04AFE78607B6891
:10B77000002B0AD07B6800221A607B6804331846CD
:10B7800000F088F97B6800221A767B681846083733
:10B79000BD4680BD80B590B000AFF860B9607A60FA
:10B7A0003B60FB687B630023BB6300233B63FB6858
:10B7B000002B0BD14FF0500383F31188BFF36F8F31
:10B7C000BFF34F8F3B6200BF00BFFDE7BB68B3F123
:10B7D000807F0BD34FF0500383F31188BFF36F8F3B
:10B7E000BFF34F8FFB6100BF00BFFDE7BB68002BBD
:10B7F0000BD14FF0500383F31188BFF36F8FBFF36A
:10B800004F8FBB6100BF00BFFDE702F091FA034616
:10B81000002B02D1BB6C002B01D1012300E00023DF
:10B82000002B0BD14FF0500383F31188BFF36F8FC0
:10B83000BFF34F8F7B6100BF00BFFDE701F066FCE7
:10B840007B6B1B68FB623A68B968F86A00F000F924
:10B85000B862BB6A002B0ED0FB6AFB630023BB649B
:10B860007B68002B28D07B6B1A68BB68DB431A40CF
:10B870007B6B1A6020E0BB6C002B04D1FB6AFB637E
:10B8800001233B6318E07B68002B03D0BB6B43F0C4
:10B890008073BB633B68002B03D0BB6B43F08063BA
:10B8A000BB637B6B181DBA68BB6B1343BA6C19463C
:10B8B00001F002FF0023FB6301F036FC7862BB6CF1
:10B8C000002B31D07B6A002B07D11A4B4FF08052EE
:10B8D0001A60BFF34F8FBFF36F8F02F04BFCF8631A
:10B8E000FB6B03F00073002B1AD103F063FC7B6B3E
:10B8F0001B68FB633A68B968F86B00F0A9F8034667
:10B90000002B09D07B68002B06D07B6B1A68BB68C4
:10B91000DB431A407B6B1A6001233B6303F07CFC22
:10B92000FB6B23F07F43FB63FB6B18464037BD4640
:10B9300080BD00BF04ED00E080B58EB000AF786040
:10B94000396000233B637B68BB620023FB627B683A
:10B95000002B0BD14FF0500383F31188BFF36F8F8F
:10B96000BFF34F8F3B6100BF00BFFDE73B68B3F102
:10B97000807F0BD34FF0500383F31188BFF36F8F99
:10B98000BFF34F8FFB6000BF00BFFDE7BB6A04330E
:10B990007B627B6A08333B6201F0B8FB7B6ADB6841
:10B9A0007B63BB6A1A683B681A43BB6A1A603CE057
:10B9B0007B6B5B68FB617B6B1B68BB610023FB627D
:10B9C000BB6903F07F437B61BB6923F07F43BB61AD
:10B9D0007B6903F08063002B08D1BB6A1A68BB69DE
:10B9E0001340002B0BD00123FB6208E0BB6A1A68EE
:10B9F000BB691340BA699A4201D10123FB62FB6A19
:10BA0000002B10D07B6903F08073002B03D03A6BBE
:10BA1000BB6913433B63BB6A1B6843F00073194661
:10BA2000786B01F0C1FFFB697B637A6B3B6A9A42DA
:10BA3000BED1BB6A1A683B6BDB431A40BB6A1A6013
:10BA400001F072FBBB6A1B6818463837BD4680BDE3
:10BA500080B487B000AFF860B9607A6000237B6182
:10BA60007B68002B07D1FA68BB681340002B0AD013
:10BA700001237B6107E0FA68BB681340BA689A4209
:10BA800001D101237B617B6918461C37BD465DF8F7
:10BA9000047B704780B483B000AF78607B6803F1AB
:10BAA00008027B685A607B684FF0FF329A607B68BF
:10BAB00003F108027B68DA607B6803F108027B68A7
:10BAC0001A617B6800221A6000BF0C37BD465DF822
:10BAD000047B704780B483B000AF78607B6800223D
:10BAE0001A6100BF0C37BD465DF8047B704780B417
:10BAF00085B000AF786039603B681B68BB60BB688D
:10BB0000B3F1FF3F03D17B681B69FB600CE07B68EE
:10BB10000833FB6002E0FB685B68FB60FB685B6806
:10BB20001B68BA689A42F6D2FB685A683B685A604A
:10BB30003B685B683A689A603B68FA689A60FB68A1
:10BB40003A685A603B687A681A617B681B685A1CBD
:10BB50007B681A6000BF1437BD465DF8047B7047F0
:10BB600080B485B000AF78607B681B69FB607B6840
:10BB70005B687A6892689A607B689B687A685268AA
:10BB80005A60FB685B687A689A4203D17B689A685E
:10BB9000FB685A607B6800221A61FB681B685A1EAA
:10BBA000FB681A60FB681B6818461437BD465DF8D1
:10BBB000047B704780B586B000AF786039600123A0
:10BBC0007B617B683B613B69002B0BD14FF05003DD
:10BBD00083F31188BFF36F8FBFF34F8FFB6000BFFC
:10BBE00000BFFDE73B69002B5DD03B69DB6B002BA1
:10BBF00059D03B691A6C3B69DB6B0021A3FB022324
:10BC0000002B00D001210B46002B4CD103F0D2FABF
:10BC10003B691A683B69DB6B3969096C01FB03F30B
:10BC20001A443B699A603B6900229A633B691A682F
:10BC30003B695A603B691A683B69DB6B013B3969B8
:10BC4000096C01FB03F31A443B69DA603B69FF228C
:10BC500083F844203B69FF2283F845203B68002B92
:10BC600014D13B691B69002B1AD03B69103318466D
:10BC700001F0C0FD0346002B12D0164B4FF080524E
:10BC80001A60BFF34F8FBFF36F8F09E03B6910332A
:10BC90001846FFF7FFFE3B6924331846FFF7FAFE0C
:10BCA00003F0BAFA01E000237B617B69002B0BD122
:10BCB0004FF0500383F31188BFF36F8FBFF34F8FA3
:10BCC000BB6000BF00BFFDE77B6918461837BD4663
:10BCD00080BD00BF04ED00E080B58CB002AFF8601D
:10BCE000B9607A603B6000237B623B68002B0BD11C
:10BCF0004FF0500383F31188BFF36F8FBFF34F8F63
:10BD00003B6200BF00BFFDE7FB68002B31D03B6802
:10BD1000002B2ED07B68002B02D0BB68002B28D0D4
:10BD20007B68002B02D1BB68002B22D148237B61AA
:10BD30007B69482B0BD04FF0500383F31188BFF37E
:10BD40006F8FBFF34F8FFB6100BF00BFFDE77B69C3
:10BD50003B687B627B6A012283F8462097F830209B
:10BD60007B6A009313467A68B968F86800F068F84F
:10BD70000EE07B6A002B0BD14FF0500383F3118848
:10BD8000BFF36F8FBFF34F8FBB6100BF00BFFDE7F5
:10BD90007B6A18462837BD4680BD80B58AB002AFA1
:10BDA000F860B9601346FB710023FB61FB68002B50
:10BDB00032D00021BA68FB68A3FB0223002B00D01D
:10BDC00001210B46002B27D1FB68BA6802FB03F365
:10BDD00013F1490F20D8FB68BA6802FB03F3BB617B
:10BDE000BB694833184603F00BFBF861FB69002B75
:10BDF00021D0FB697B617B6948337B61FB69002251
:10BE000083F84620FA79FB69009313467A69B9688A
:10BE1000F86800F015F80EE0FB69002B0BD14FF02D
:10BE2000500383F31188BFF36F8FBFF34F8F3B61D4
:10BE300000BF00BFFDE7FB6918462037BD4680BD47
:10BE400080B584B000AFF860B9607A60FB70BB6801
:10BE5000002B03D1BB69BA691A6002E0BB697A683A
:10BE60001A60BB69FA68DA63BB69BA681A640121AF
:10BE7000B869FFF79FFE00BF1037BD4680BD80B593
:10BE800082B000AF78607B68002B0ED07B68002208
:10BE90009A607B6800221A607B680022DA600023C7
:10BEA00000220021786800F01DF800BF0837BD4669
:10BEB00080BD80B586B000AF0346FB7101237B6176
:10BEC00000233B61FB791A4639697869FFF765FF02
:10BED000F860F868FFF7D3FFFB6818461837BD46CF
:10BEE00080BD000080B58EB000AFF860B9607A60A8
:10BEF0003B6000237B63FB683B633B6B002B0BD1F8
:10BF00004FF0500383F31188BFF36F8FBFF34F8F50
:10BF1000BB6200BF00BFFDE7BB68002B03D13B6BDA
:10BF20001B6C002B01D1012300E00023002B0BD15F
:10BF30004FF0500383F31188BFF36F8FBFF34F8F20
:10BF40007B6200BF00BFFDE73B68022B03D13B6B68
:10BF5000DB6B012B01D1012300E00023002B0BD16F
:10BF60004FF0500383F31188BFF36F8FBFF34F8FF0
:10BF70003B6200BF00BFFDE701F0DAFE0346002B85
:10BF800002D17B68002B01D1012300E00023002BAC
:10BF90000BD14FF0500383F31188BFF36F8FBFF3C2
:10BFA0004F8FFB6100BF00BFFDE703F003F93B6B60
:10BFB0009A6B3B6BDB6B9A4202D33B68022B29D115
:10BFC0003A68B968386B00F006FCF8623B6B5B6A54
:10BFD000002B10D03B6B2433184601F00BFC0346BA
:10BFE000002B13D03F4B4FF080521A60BFF34F8F9E
:10BFF000BFF36F8F0AE0FB6A002B07D0394B4FF07D
:10C0000080521A60BFF34F8FBFF36F8F03F004F9B4
:10C01000012363E07B68002B03D103F0FDF80023CC
:10C020005CE07B6B002B06D107F11403184601F08E
:10C030007FFD01237B6303F0EFF801F067F803F065
:10C04000B9F83B6B93F844305BB2B3F1FF3F03D1D7
:10C050003B6B002283F844203B6B93F845305BB286
:10C06000B3F1FF3F03D13B6B002283F8452003F07F
:10C07000D3F83A1D07F114031146184601F06EFD7E
:10C080000346002B24D1386B00F09DFC0346002BA7
:10C0900018D03B6B10337A681146184601F0E6FA67
:10C0A000386B00F028FC01F03FF80346002B7FF4CA
:10C0B0007CAF0C4B4FF080521A60BFF34F8FBFF331
:10C0C0006F8F72E7386B00F016FC01F02DF86CE70B
:10C0D000386B00F010FC01F027F8002318463837C1
:10C0E000BD4680BD04ED00E080B592B000AFF860C1
:10C0F000B9607A603B60FB683B643B6C002B0BD102
:10C100004FF0500383F31188BFF36F8FBFF34F8F4E
:10C11000FB6200BF00BFFDE7BB68002B03D13B6C97
:10C120001B6C002B01D1012300E00023002B0BD15D
:10C130004FF0500383F31188BFF36F8FBFF34F8F1E
:10C14000BB6200BF00BFFDE73B68022B03D13B6C25
:10C15000DB6B012B01D1012300E00023002B0BD16D
:10C160004FF0500383F31188BFF36F8FBFF34F8FEE
:10C170007B6200BF00BFFDE703F000F9EFF311821F
:10C180004FF0500383F31188BFF36F8FBFF34F8FCE
:10C190003A62FB613B6AFB633B6C9A6B3B6CDB6B0B
:10C1A0009A4202D33B68022B47D13B6C93F845304F
:10C1B00087F83B303B6C9B6B7B633A68B968386CA3
:10C1C00000F009FB97F93B30B3F1FF3F12D13B6C14
:10C1D0005B6A002B2ED03B6C2433184601F00AFB1F
:10C1E0000346002B26D07B68002B23D07B680122DE
:10C1F0001A601FE001F0B0F8386397F93B303A6BF2
:10C200009A4217D997F93B307F2B0BD14FF050034F
:10C2100083F31188BFF36F8FBFF34F8FBB6100BFF4
:10C2200000BFFDE797F83B300133DBB25AB23B6CFD
:10C2300083F8452001237B6401E000237B64FB6BD2
:10C240007B617B6983F3118800BF7B6C184648379C
:10C25000BD4680BD80B590B000AF786039607B6826
:10C26000BB63BB6B002B0BD14FF0500383F31188E2
:10C27000BFF36F8FBFF34F8F7B6200BF00BFFDE73F
:10C28000BB6B1B6C002B0BD04FF0500383F311885A
:10C29000BFF36F8FBFF34F8F3B6200BF00BFFDE75F
:10C2A000BB6B1B68002B03D1BB6B9B68002B01D1C0
:10C2B000012300E00023002B0BD14FF0500383F348
:10C2C0001188BFF36F8FBFF34F8FFB6100BF00BFBB
:10C2D000FDE703F053F8EFF311824FF0500383F3BF
:10C2E0001188BFF36F8FBFF34F8FBA617B61BB695A
:10C2F0007B63BB6B9B6B3B63BB6BDB6B3A6B9A42A9
:10C3000043D2BB6B93F8453087F82F303B6B5A1CF8
:10C31000BB6B9A6397F92F30B3F1FF3F12D1BB6B20
:10C320005B6A002B2ED0BB6B2433184601F062FAF7
:10C330000346002B26D03B68002B23D03B6801220C
:10C340001A601FE001F008F8B86297F92F30BA6A56
:10C350009A4217D997F92F307F2B0BD14FF050030A
:10C3600083F31188BFF36F8FBFF34F8F3B6100BF23
:10C3700000BFFDE797F82F300133DBB25AB2BB6B39
:10C3800083F845200123FB6301E00023FB637B6B03
:10C39000FB60FB6883F3118800BFFB6B18464037D6
:10C3A000BD4680BD80B58CB000AFF860B9607A60E2
:10C3B0000023FB62FB68BB62BB6A002B0BD14FF012
:10C3C000500383F31188BFF36F8FBFF34F8F3B622E
:10C3D00000BF00BFFDE7BB68002B03D1BB6A1B6C2D
:10C3E000002B01D1012300E00023002B0BD14FF0E3
:10C3F000500383F31188BFF36F8FBFF34F8FFB613F
:10C4000000BF00BFFDE701F093FC0346002B02D103
:10C410007B68002B01D1012300E00023002B0BD10E
:10C420004FF0500383F31188BFF36F8FBFF34F8F2B
:10C43000BB6100BF00BFFDE702F0BCFEBB6A9B6BA7
:10C440007B627B6A002B1FD0B968B86A00F02DFAB6
:10C450007B6A5A1EBB6A9A63BB6A1B69002B0FD0AA
:10C46000BB6A1033184601F0C5F90346002B07D00C
:10C470003C4B4FF080521A60BFF34F8FBFF36F8F6A
:10C4800002F0CAFE012369E07B68002B03D102F0B1
:10C49000C3FE002362E0FB6A002B06D107F1100304
:10C4A000184601F045FB0123FB6202F0B5FE00F0E7
:10C4B0002DFE02F07FFEBB6A93F844305BB2B3F10D
:10C4C000FF3F03D1BB6A002283F84420BB6A93F884
:10C4D00045305BB2B3F1FF3F03D1BB6A002283F862
:10C4E000452002F099FE3A1D07F110031146184647
:10C4F00001F034FB0346002B23D1B86A00F04DFA5B
:10C500000346002B17D0BB6A24337A6811461846BD
:10C5100001F0ACF8B86A00F0EEF900F005FE034651
:10C52000002B89D10F4B4FF080521A60BFF34F8F11
:10C53000BFF36F8F80E7B86A00F0DDF900F0F4FD1B
:10C540007AE7B86A00F0D7F900F0EEFDB86A00F0BB
:10C5500024FA0346002B3FF46FAF00231846303710
:10C56000BD4680BD04ED00E080B58CB000AF7860C2
:10C5700039600023FB627B687B620023BB627B6ABD
:10C58000002B0BD14FF0500383F31188BFF36F8F53
:10C59000BFF34F8FBB6100BF00BFFDE77B6A1B6C21
:10C5A000002B0BD04FF0500383F31188BFF36F8F34
:10C5B000BFF34F8F7B6100BF00BFFDE701F0B8FB09
:10C5C0000346002B02D13B68002B01D1012300E080
:10C5D0000023002B0BD14FF0500383F31188BFF3DE
:10C5E0006F8FBFF34F8F3B6100BF00BFFDE702F0CD
:10C5F000E1FD7B6A9B6B3B623B6A002B24D03B6A6C
:10C600005A1E7B6A9A637B6A1B68002B04D101F077
:10C61000C9FD02467B6A9A607B6A1B69002B0FD0BA
:10C620007B6A1033184601F0E5F80346002B07D06B
:10C630004C4B4FF080521A60BFF34F8FBFF36F8F98
:10C6400002F0EAFD012389E03B68002B03D102F0F0
:10C65000E3FD002382E0FB6A002B06D107F108030B
:10C66000184601F065FA0123FB6202F0D5FD00F0E7
:10C670004DFD02F09FFD7B6A93F844305BB2B3F14D
:10C68000FF3F03D17B6A002283F844207B6A93F842
:10C6900045305BB2B3F1FF3F03D17B6A002283F8E0
:10C6A000452002F0B9FD3A4607F108031146184645
:10C6B00001F054FA0346002B32D1786A00F06DF98C
:10C6C0000346002B26D07B6A1B68002B09D102F0A1
:10C6D00071FD7B6A9B68184601F048FBB86202F066
:10C6E0009BFD7B6A24333A681146184600F0BEFF72
:10C6F000786A00F000F900F017FD0346002B7FF484
:10C7000076AF184B4FF080521A60BFF34F8FBFF3D4
:10C710006F8F6CE7786A00F0EEF800F005FD66E7D1
:10C72000786A00F0E8F800F0FFFC786A00F035F96C
:10C730000346002B3FF45BAFBB6A002B0DD002F029
:10C7400039FD786A00F02FF8F8617B6A9B68F96917
:10C75000184601F053FC02F05FFD00231846303705
:10C76000BD4680BD04ED00E080B584B000AF7860C8
:10C770007B68002B0BD14FF0500383F31188BFF37C
:10C780006F8FBFF34F8FBB6000BF00BFFDE702F0AC
:10C7900011FD7B689B6BFB6002F03EFDFB68184659
:10C7A0001037BD4680BD80B485B000AF78607B682F
:10C7B0005B6A002B06D07B681B6B1B68C3F1070309
:10C7C000FB6001E00023FB60FB6818461437BD46A0
:10C7D0005DF8047B704780B586B000AFF860B96043
:10C7E0007A6000237B61FB689B6B3B61FB681B6C81
:10C7F000002B0DD1FB681B68002B4DD1FB689B689B
:10C80000184601F053FB7861FB6800229A6043E010
:10C810007B68002B19D1FB685868FB681B6C1A46B3
:10C82000B9680BF0AAFFFB685A68FB681B6C1A44D6
:10C83000FB685A60FB685A68FB689B689A422BD376
:10C84000FB681A68FB685A6026E0FB68D868FB68DA
:10C850001B6C1A46B9680BF090FFFB68DA68FB683E
:10C860001B6C5B421A44FB68DA60FB68DA68FB68A1
:10C870001B689A4207D2FB689A68FB681B6C5B4294
:10C880001A44FB68DA607B68022B05D13B69002BF8
:10C8900002D03B69013B3B613B695A1CFB689A63D0
:10C8A0007B6918461837BD4680BD80B582B000AFA1
:10C8B000786039607B681B6C002B18D07B68DA6865
:10C8C0007B681B6C1A447B68DA607B68DA687B687B
:10C8D0009B689A4203D37B681A687B68DA607B683E
:10C8E000D9687B681B6C1A4638680BF046FF00BF9E
:10C8F0000837BD4680BD80B584B000AF786002F0D7
:10C9000059FC7B6893F84530FB7311E07B685B6AE8
:10C91000002B12D07B682433184600F06BFF0346CF
:10C92000002B01D001F082F9FB7B013BDBB2FB73F2
:10C9300097F90F30002BE9DC00E000BF7B68FF2295
:10C9400083F8452002F068FC02F034FC7B6893F821
:10C950004430BB7311E07B681B69002B12D07B68ED
:10C960001033184600F046FF0346002B01D001F0BB
:10C970005DF9BB7B013BDBB2BB7397F90E30002B3B
:10C98000E9DC00E000BF7B68FF2283F8442002F06E
:10C9900043FC00BF1037BD4680BD80B584B000AFFA
:10C9A000786002F007FC7B689B6B002B02D10123AF
:10C9B000FB6001E00023FB6002F02EFCFB681846E0
:10C9C0001037BD4680BD80B584B000AF786002F0FE
:10C9D000F1FB7B689A6B7B68DB6B9A4202D1012387
:10C9E000FB6001E00023FB6002F016FCFB681846C8
:10C9F0001037BD4680BD000080B487B000AF7860BE
:10CA0000396000233B617B68002B0BD14FF0500352
:10CA100083F31188BFF36F8FBFF34F8FFB6000BFAD
:10CA200000BFFDE73B68002B24D000237B611EE0A4
:10CA3000184A7B69DB0013445B687A689A4205D127
:10CA40007B69DB00134A13443B6113E03B69002B15
:10CA50000AD1104A7B6952F83330002B04D17B692C
:10CA6000DB000C4A13443B617B6901337B617B69CA
:10CA7000072BDDD93B69002B05D03B693A681A606A
:10CA80003B697A685A6000BF1C37BD465DF8047B7D
:10CA9000704700BF542A002080B586B000AFF86010
:10CAA000B9607A60FB687B6102F084FB7B6993F874
:10CAB00044305BB2B3F1FF3F03D17B69002283F8BE
:10CAC00044207B6993F845305BB2B3F1FF3F03D15B
:10CAD0007B69002283F8452002F09EFB7B699B6BFB
:10CAE000002B06D17B6924337A68B968184600F0B8
:10CAF0003BFE7869FFF7FFFE00BF1837BD4680BDDB
:10CB000080B58EB004AFF860B9607A603B607B6B33
:10CB1000002B0BD14FF0500383F31188BFF36F8FBD
:10CB2000BFF34F8F3B6200BF00BFFDE7BB6B002B25
:10CB30000BD14FF0500383F31188BFF36F8FBFF316
:10CB40004F8FFB6100BF00BFFDE7A0237B617B69C6
:10CB5000A02B0BD04FF0500383F31188BFF36F8FDE
:10CB6000BFF34F8FBB6100BF00BFFDE77B69BB6BAD
:10CB7000002B1FD07B6B002B1CD0BB6B7B62A022D9
:10CB80000021786A0AF017FF7B6A7A6B1A637B6A66
:10CB9000022283F89D20002303937B6A0293FB6BA0
:10CBA00001933B6B00933B687A68B968F86800F0C2
:10CBB0008FF801E000237B627B6A18462837BD4668
:10CBC00080BD80B58AB004AFF860B9607A603B6020
:10CBD00000233B6107F110030393BB6A02937B6A56
:10CBE00001933B6A00933B687A68B968F868FFF77D
:10CBF00087FF78617B69002B02D0786900F006F925
:10CC00003B6918461837BD4680BD80B58AB004AF71
:10CC1000F860B9607A603B607B689B00184602F060
:10CC2000EFFB38613B69002B13D0A02002F0E8FB3A
:10CC300078617B69002B08D0A022002178690AF076
:10CC4000BAFE7B693A691A6305E0386902F010FDA3
:10CC500001E000237B617B69002B11D07B690022FE
:10CC600083F89D20002303937B6902937B6A0193E1
:10CC70003B6A00933B687A68B968F86800F028F866
:10CC80007B6918461837BD4680BD80B588B002AFB5
:10CC9000F860B9607A603B607B6A01933B6A0093FD
:10CCA0003B687A68B968F868FFF7AFFF38613B699D
:10CCB000002B05D0386900F0A9F801237B6102E060
:10CCC0004FF0FF337B617B6918461837BD4680BD46
:10CCD00080B588B000AFF860B9607A603B603B6BAC
:10CCE0001A6B7B6803F18043013B9B001344BB61DB
:10CCF000BB6923F00703BB61BB6903F00703002B8B
:10CD00000BD04FF0500383F31188BFF36F8FBFF345
:10CD10004F8F7B6100BF00BFFDE7BB68002B1ED0BB
:10CD20000023FB6112E0BA68FB69134419783A6B7F
:10CD3000FB69134434330A461A70BA68FB6913441A
:10CD40001B78002B06D0FB690133FB61FB690F2BBD
:10CD5000E9D900E000BF3B6B002283F84320BB6AA7
:10CD6000062B0BD94FF0500383F31188BFF36F8F5D
:10CD7000BFF34F8F3B6100BF00BFFDE7BB6A062BCF
:10CD800001D90623BB623B6BBA6ADA623B6BBA6AB3
:10CD90005A643B6B04331846FEF79CFE3B6B18331A
:10CDA0001846FEF797FE3B6B3A6B1A61BB6AC3F1FC
:10CDB00007023B6B9A613B6B3A6B5A623B6B4C339D
:10CDC0004C22002118460AF0F6FD3B6B0C4A1A650E
:10CDD0003B6B0C4A5A653B6B0B4A9A653A68F9689B
:10CDE000B86902F069F802463B6B1A60FB6A002BD7
:10CDF00002D0FB6A3A6B1A6000BF2037BD4680BD87
:10CE00002065012088650120F065012080B584B08F
:10CE100000AF786002F0CEF93F4B1B6801333E4A09
:10CE200013603E4B1B68002B09D13C4A7B681360A2
:10CE3000394B1B68012B10D100F01CFF0DE0384B63
:10CE40001B68002B09D1354B1B68DA6A7B68DB6AEB
:10CE50009A4202D8314A7B681360324B1B68013317
:10CE6000304A13607B68DB6A01229A402E4B1B68B4
:10CE700013432D4A13607B68DA6A2C4913469B00E2
:10CE800013449B000B4404331B68FB607B68FA6807
:10CE90009A60FB689A687B68DA60FB689B687A68CE
:10CEA00004325A607B681A1DFB689A607B68DA6AF4
:10CEB00013469B0013449B001C4A1A447B685A612A
:10CEC0007B68DA6A194913469B0013449B000B44A4
:10CED0001B687A68D26A591C144813469B00134495
:10CEE0009B000344196002F097F90D4B1B68002B5F
:10CEF0000ED00A4B1B68DA6A7B68DB6A9A4207D25B
:10CF00000B4B4FF080521A60BFF34F8FBFF36F8F00
:10CF100000BF1037BD4680BD7C2B0020942A002026
:10CF2000882B0020982B0020842B0020982A00209A
:10CF300004ED00E080B584B000AF78600023FB60B2
:10CF40007B68002B18D000F0E1F8134B1B68012B15
:10CF50000BD04FF0500383F31188BFF36F8FBFF3F3
:10CF60004F8FBB6000BF00BFFDE70021786801F074
:10CF70006FFC00F0D9F8F860FB68002B07D1074B75
:10CF80004FF080521A60BFF34F8FBFF36F8F00BF17
:10CF90001037BD4680BD00BFA42B002004ED00E08B
:10CFA00080B590B004AF0123FB6200233B620023F5
:10CFB0007B6213E02B4A7B6A1344197807F1100255
:10CFC0007B6A13440A461A7007F110027B6A134405
:10CFD0001B78002B06D07B6A01337B627B6A0F2BA8
:10CFE000E8DD00E000BF0023BB6231E01E4B3B6286
:10CFF0000023FB600023BB603A1D07F1080107F125
:10D000000C031846E5F766F87868BB68FA6807F11C
:10D010001001029201930023009300230246386A14
:10D02000FFF7CFFD02461149BB6A41F823200F4AA2
:10D03000BB6A52F82330002B02D00123FB6201E0CF
:10D040000023FB62FB6A002B06D0BB6A0133BB6284
:10D05000BB6A002BCADD00E000BFFB6A1846303710
:10D06000BD4680BD5CB1020845DC0108A02B002054
:10D0700080B584B000AFFFF793FFF860FB68012B29
:10D0800002D101F067FCF860FB68012B1BD14FF067
:10D09000500383F31188BFF36F8FBFF34F8FBB60D3
:10D0A00000BF144B1B684C33134A1360134B4FF0F3
:10D0B000FF321A60124B01221A60124B00221A60D2
:10D0C00001F088FF0FE0FB68B3F1FF3F0BD14FF099
:10D0D000500383F31188BFF36F8FBFF34F8F7B60D3
:10D0E00000BF00BFFDE7084B1B6800BF1037BD46FF
:10D0F00080BD00BF942A0020300400209C2B00201B
:10D10000882B0020802B00208CBF020880B400AF49
:10D11000044B1B680133034A136000BFBD465DF832
:10D12000047B7047A42B002080B588B000AF00239B
:10D13000FB610023BB6102F03DF800233B61754BAE
:10D140001B68002B0BD14FF0500383F31188BFF302
:10D150006F8FBFF34F8F3B6000BF00BFFDE76D4B8C
:10D160001B68013B6B4A13606A4B1B68002B40F045
:10D17000CA80694B1B68002B00F0C5808EE0674BAE
:10D18000DB68DB68FB61FB699B6AFB60FB69DB6951
:10D19000FA69126A9A60FB691B6AFA69D2695A6075
:10D1A000FB685A68FB6918339A4203D1FB691A6A13
:10D1B000FB685A60FB6900229A62FB681B685A1E72
:10D1C000FB681A60FB695B69BB60FB699B68FA6975
:10D1D000D2689A60FB69DB68FA6992685A60BB683A
:10D1E0005A68FB6904339A4203D1FB69DA68BB6869
:10D1F0005A60FB6900225A61BB681B685A1EBB68F3
:10D200001A60FB69DB6A01229A40454B1B68134395
:10D21000434A1360FB69DA6A424913469B00134490
:10D220009B000B4404331B687B60FB697A689A603F
:10D230007B689A68FB69DA607B689B68FA690432EC
:10D240005A60FB691A1D7B689A60FB69DA6A1346AB
:10D250009B0013449B00334A1A44FB695A61FB69E3
:10D26000DA6A304913469B0013449B000B441B6849
:10D27000FA69D26A591C2B4813469B0013449B0041
:10D2800003441960FB69DA6A274B1B68DB6A9A4220
:10D2900004D9264A3B69012142F823101F4B1B6821
:10D2A000002B7FF46CAFFB69002B01D000F024FD54
:10D2B0001F4B1B687B617B69002B12D000F058F874
:10D2C0000346002B04D0194A3B69012142F8231080
:10D2D0007B69013B7B617B69002BEFD1144B002202
:10D2E0001A60124A3B6952F82330002B0BD00123FD
:10D2F000BB610D4B1B680F4B4FF080521A60BFF3A0
:10D300004F8FBFF36F8F01F087FFBB69184620373F
:10D31000BD4680BDA42B00207C2B0020542B002078
:10D32000842B0020982A0020942A0020902B002093
:10D330008C2B002004ED00E080B483B000AF054BDF
:10D340001B687B607B6818460C37BD465DF8047B24
:10D35000704700BF802B002080B400AF034B1B68D8
:10D360001846BD465DF8047B704700BF7C2B00204B
:10D3700080B58AB000AF00237B627F4B1B68002B17
:10D3800040F0EF807D4B1B6801333B627B4A3B6A78
:10D3900013603B6A002B21D1794B1B681B68002B63
:10D3A0000BD04FF0500383F31188BFF36F8FBFF39F
:10D3B0004F8F7B6000BF00BFFDE7714B1B68FB61B7
:10D3C000704B1B686E4A13606E4AFB6913606E4BAC
:10D3D0001B6801336C4A136000F08EFC6B4B1B68BA
:10D3E0003A6A9A42C0F0A880654B1B681B68002B04
:10D3F00004D1664B4FF0FF321A609DE0604B1B6812
:10D40000DB68DB68BB61BB695B687B613A6A7B692F
:10D410009A4203D25D4A7B6913608DE0BB695B6908
:10D420003B61BB699B68BA69D2689A60BB69DB687B
:10D43000BA6992685A603B695A68BB6904339A4278
:10D4400003D1BB69DA683B695A60BB6900225A6143
:10D450003B691B685A1E3B691A60BB699B6A002BBB
:10D460001ED0BB699B6AFB60BB69DB69BA69126A43
:10D470009A60BB691B6ABA69D2695A60FB685A68CC
:10D48000BB6918339A4203D1BB691A6AFB685A60B8
:10D49000BB6900229A62FB681B685A1EFB681A600F
:10D4A000BB69DB6A01229A40394B1B681343384A37
:10D4B0001360BB69DA6A374913469B0013449B002B
:10D4C0000B4404331B68BB60BB69BA689A60BB68D5
:10D4D0009A68BB69DA60BB689B68BA6904325A60B3
:10D4E000BB691A1DBB689A60BB69DA6A13469B0068
:10D4F00013449B00274A1A44BB695A61BB69DA6A24
:10D50000244913469B0013449B000B441B68BA69D3
:10D51000D26A591C1F4813469B0013449B000344C6
:10D520001960BB69DA6A1C4B1B68DB6A9A427FF69A
:10D530005BAF01237B6257E7174B1B68DA6A15491B
:10D5400013469B0013449B000B441B68012B01D91D
:10D5500001237B62114B1B68002B07D001237B62E8
:10D5600004E00F4B1B6801330D4A13607B6A1846B9
:10D570002837BD4680BD00BFA42B0020802B002093
:10D580004C2B0020502B0020942B00209C2B0020A3
:10D59000842B0020982A0020942A0020902B002021
:10D5A0008C2B002080B487B000AF2A4B1B68002B67
:10D5B00003D0294B01221A6046E0274B00221A6053
:10D5C000264B1B68FB60FB68B3FA83F3FB72FB7AA4
:10D5D000C3F11F037B6122497A6913469B00134400
:10D5E0009B000B441B68002B0BD14FF0500383F3BF
:10D5F0001188BFF36F8FBFF34F8F7B6000BF00BFF9
:10D60000FDE77A6913469B0013449B00144A1344B8
:10D610003B613B695B685A683B695A603B695A6881
:10D620003B6908339A4203D13B69DA683B695A6027
:10D630003B695B68DB680B4A13600A4B1B68094B4C
:10D640001B684C33084A136000BF1C37BD465DF8A9
:10D65000047B7047A42B0020902B0020842B0020FB
:10D66000982A0020942A00203004002080B584B03D
:10D6700000AF786039607B68002B0BD14FF050030E
:10D6800083F31188BFF36F8FBFF34F8FFB6000BF31
:10D6900000BFFDE7074B1B68183319467868FEF793
:10D6A00026FA0121386801F0D3F800BF1037BD46D3
:10D6B00080BD00BF942A002080B588B000AFF8601C
:10D6C000B9607A60FB68002B0BD14FF0500383F3F5
:10D6D0001188BFF36F8FBFF34F8FBB6100BF00BFD7
:10D6E000FDE71F4B1B68002B0BD14FF0500383F35A
:10D6F0001188BFF36F8FBFF34F8F7B6100BF00BFF7
:10D70000FDE7184B1B68BA6842F000429A61FB685B
:10D710005B68FB61134B1B68FA69DA61114B1B688C
:10D72000FA6992681A620F4B1A68FB699B68183293
:10D730005A600C4B1B6803F11802FB699A60094B95
:10D740001B68FA689A62FB681B685A1CFB681A60BF
:10D750000121786801F07CF800BF2037BD4680BD0C
:10D76000A42B0020942A002080B586B000AFF8607A
:10D77000B9607A60FB68002B0BD14FF0500383F344
:10D780001188BFF36F8FBFF34F8F3B6100BF00BFA6
:10D79000FDE7FB685B687B61154B1B687A69DA61A2
:10D7A000134B1B687A6992681A62114B1A687B697D
:10D7B0009B6818325A600E4B1B6803F118027B6994
:10D7C0009A600B4B1B68FA689A62FB681B685A1CCC
:10D7D000FB681A607B68002B02D04FF0FF33BB6000
:10D7E0007968B86801F034F800BF1837BD4680BDCD
:10D7F000942A002080B48BB000AF78607B68DB682F
:10D80000DB683B623B6A002B0BD14FF0500383F384
:10D810001188BFF36F8FBFF34F8FFB6000BF00BF56
:10D82000FDE73B6A9B6AFB613B6ADB693A6A126A05
:10D830009A603B6A1B6A3A6AD2695A60FB695A6805
:10D840003B6A18339A4203D13B6A1A6AFB695A60F1
:10D850003B6A00229A62FB691B685A1EFB691A60C8
:10D860004B4B1B68002B60D13B6A5B697B613B6A59
:10D870009B683A6AD2689A603B6ADB683A6A926847
:10D880005A607B695A683B6A04339A4203D13B6A07
:10D89000DA687B695A603B6A00225A617B691B68BF
:10D8A0005A1E7B691A603B6ADB6A01229A40394B37
:10D8B0001B681343374A13603B6ADA6A36491346DA
:10D8C0009B0013449B000B4404331B683B613B6A81
:10D8D0003A699A603B699A683B6ADA603B699B687F
:10D8E0003A6A04325A603B6A1A1D3B699A603B6A85
:10D8F000DA6A13469B0013449B00274A1A443B6A8A
:10D900005A613B6ADA6A244913469B0013449B0020
:10D910000B441B683A6AD26A591C1F4813469B0085
:10D9200013449B00034419601BE01C4B5B68BB6104
:10D930003B6ABA69DA61BB699A683B6A1A62BB6979
:10D940009B683A6A18325A603B6A03F11802BB6955
:10D950009A603B6A114A9A62104B1B6801330F4A66
:10D9600013603B6ADA6A0E4B1B68DB6A9A4205D980
:10D9700001237B620B4B01221A6001E000237B62D2
:10D980007B6A18462C37BD465DF8047B704700BFA4
:10D99000A42B0020842B0020982A0020542B002048
:10D9A000942A0020902B002080B489B000AF7860CA
:10D9B00039605A4B1B68002B0BD14FF0500383F397
:10D9C0001188BFF36F8FBFF34F8FFB6000BF00BFA5
:10D9D000FDE73B6843F000427B681A607B68DB68C8
:10D9E000FB61FB69002B0BD14FF0500383F31188CF
:10D9F000BFF36F8FBFF34F8FBB6000BF00BFFDE76A
:10DA00007B681B69BB617B685B687A6892689A6017
:10DA10007B689B687A6852685A60BB695B687A6801
:10DA20009A4203D17B689A68BB695A607B6800227E
:10DA30001A61BB691B685A1EBB691A60FB695B6986
:10DA40007B61FB699B68FA69D2689A60FB69DB6855
:10DA5000FA6992685A607B695A68FB6904339A4292
:10DA600003D1FB69DA687B695A60FB6900225A615D
:10DA70007B691B685A1E7B691A60FB69DB6A01229D
:10DA80009A40274B1B681343254A1360FB69DA6AE7
:10DA9000244913469B0013449B000B4404331B682A
:10DAA0003B61FB693A699A603B699A68FB69DA6095
:10DAB0003B699B68FA6904325A60FB691A1D3B692D
:10DAC0009A60FB69DA6A13469B0013449B00154A6F
:10DAD0001A44FB695A61FB69DA6A124913469B00D2
:10DAE00013449B000B441B68FA69D26A591C0D4809
:10DAF00013469B0013449B0003441960FB69DA6AD8
:10DB0000094B1B68DB6A9A4202D9084B01221A6052
:10DB100000BF2437BD465DF8047B7047A42B00206E
:10DB2000842B0020982A0020942A0020902B00208B
:10DB300080B483B000AF7860064B1A687B681A60C7
:10DB4000054B1A687B685A6000BF0C37BD465DF80C
:10DB5000047B7047942B0020802B002080B588B078
:10DB600000AF786039607B68002B0BD14FF0500319
:10DB700083F31188BFF36F8FBFF34F8F3B6100BFFB
:10DB800000BFFDE73B68002B0BD14FF0500383F340
:10DB90001188BFF36F8FBFF34F8FFB6000BF00BFD3
:10DBA000FDE701F007FB1F4B1B68BB617B685B68EF
:10DBB000BA69D31A7B613B681B68B3F1FF3F02D19E
:10DBC0000023FB6126E07B681A68174B1B689A42AA
:10DBD0000AD07B685B68BA699A4205D30123FB616E
:10DBE0003B6800221A6015E03B681B687A699A421C
:10DBF0000BD23B681A687B69D21A3B681A60786856
:10DC0000FFF796FF0023FB6104E03B6800221A60E7
:10DC10000123FB6101F000FBFB6918462037BD467C
:10DC200080BD00BF802B0020942B002080B400AF6B
:10DC3000034B01221A6000BFBD465DF8047B7047AC
:10DC4000902B002080B582B000AF786000F04CF8D7
:10DC5000064B1B68012BF9D9054B4FF080521A6017
:10DC6000BFF34F8FBFF36F8FF0E700BF982A0020FC
:10DC700004ED00E080B582B000AF00237B600CE0D3
:10DC80007A6813469B0013449B00104A13441846BD
:10DC9000FDF700FF7B6801337B607B68062BEFD9C3
:10DCA0000B48FDF7F7FE0B48FDF7F4FE0A48FDF7B9
:10DCB000F1FE0A48FDF7EEFE094B054A1A60094BD2
:10DCC000044A1A6000BF0837BD4680BD982A00206C
:10DCD000242B0020382B0020542B0020682B002000
:10DCE0004C2B0020502B002080B400AF00BFBD465D
:10DCF0005DF8047B7047000080B400AF0A4B1B68DE
:10DD00001B68002B04D1094B4FF0FF321A6005E06D
:10DD1000054B1B68DB681B68044A136000BFBD46E7
:10DD20005DF8047B704700BF4C2B00209C2B00202B
:10DD300080B483B000AF0B4B1B68002B02D10123D2
:10DD40007B6008E0084B1B68002B02D102237B603C
:10DD500001E000237B607B6818460C37BD465DF808
:10DD6000047B7047882B0020A42B002080B586B050
:10DD700000AF78607B683B6100237B617B68002B90
:10DD800000F089803B69DA6A454B1B68DB6A9A427E
:10DD900078D23B699B69002B06DB414B1B68DB6A31
:10DDA000C3F107023B699A613B6959693B69DA6AC9
:10DDB00013469B0013449B003A4A1344994259D19D
:10DDC0003B6904331846FDF7CBFE0346002B0AD10E
:10DDD0003B69DB6A012202FA03F3DA43324B1B6828
:10DDE0001340314A13602E4B1B68DA6A3B69DA62D2
:10DDF0003B69DB6A01229A402B4B1B6813432A4A7A
:10DE000013603B69DA6A274913469B0013449B0061
:10DE10000B4404331B68FB603B69FA689A60FB683B
:10DE20009A683B69DA60FB689B683A6904325A6019
:10DE30003B691A1DFB689A603B69DA6A13469B00CE
:10DE400013449B00174A1A443B695A613B69DA6ADA
:10DE5000144913469B0013449B000B441B683A690A
:10DE6000D26A591C0F4813469B0013449B0003447D
:10DE7000196004E00A4B1B68DA6A3B69DA62012325
:10DE80007B6108E03B695A6C054B1B68DB6A9A4270
:10DE900001D201237B617B6918461837BD4680BDDE
:10DEA000942A0020982A0020842B002080B588B076
:10DEB00000AF78607B68BB610023FB617B68002B4F
:10DEC00000F090804A4B1B68BA699A420BD04FF021
:10DED000500383F31188BFF36F8FBFF34F8F3B6104
:10DEE00000BF00BFFDE7BB699B6C002B0BD14FF05F
:10DEF000500383F31188BFF36F8FBFF34F8FFB6025
:10DF000000BF00BFFDE7BB699B6C5A1EBB699A64EA
:10DF1000BB69DA6ABB695B6C9A4263D0BB699B6C74
:10DF2000002B5FD1BB6904331846FDF719FE034689
:10DF3000002B0AD1BB69DB6A012202FA03F3DA4340
:10DF40002C4B1B6813402B4A1360BB695A6CBB698E
:10DF5000DA62BB69DB6AC3F10702BB699A61BB691C
:10DF6000DB6A01229A40234B1B681343214A13604A
:10DF7000BB69DA6A204913469B0013449B000B449B
:10DF800004331B687B61BB697A699A607B699A6814
:10DF9000BB69DA607B699B68BA6904325A60BB6905
:10DFA0001A1D7B699A60BB69DA6A13469B001344A9
:10DFB0009B00114A1A44BB695A61BB69DA6A0E496F
:10DFC00013469B0013449B000B441B68BA69D26A3A
:10DFD000591C094813469B0013449B0003441960D5
:10DFE0000123FB61FB6918462037BD4680BD00BF99
:10DFF000942A0020842B0020982A002080B58AB023
:10E0000000AF786039607B683B620123FB617B680D
:10E01000002B00F0A5803B6A9B6C002B0BD14FF0CE
:10E02000500383F31188BFF36F8FBFF34F8F3B61B2
:10E0300000BF00BFFDE73B6A5B6C3A689A4202D9B9
:10E040003B687B6202E03B6A5B6C7B623B6ADB6A3B
:10E050007A6A9A4200F084803B6A9B6CFA699A4221
:10E060007ED1414B1B683A6A9A420BD14FF0500364
:10E0700083F31188BFF36F8FBFF34F8FFB6000BF37
:10E0800000BFFDE73B6ADB6ABB613B6A7A6ADA6222
:10E090003B6A9B69002B04DB7B6AC3F107023B6A86
:10E0A0009A613B6A5969BA6913469B0013449B0005
:10E0B0002E4A1344994253D13B6A04331846FDF764
:10E0C0004FFD0346002B0AD13B6ADB6A012202FAAC
:10E0D00003F3DA43264B1B681340254A13603B6A5F
:10E0E000DB6A01229A40224B1B681343204A1360CB
:10E0F0003B6ADA6A1D4913469B0013449B000B449C
:10E1000004331B687B613B6A7A699A607B699A6811
:10E110003B6ADA607B699B683A6A04325A603B6A00
:10E120001A1D7B699A603B6ADA6A13469B001344A6
:10E130009B000E4A1A443B6A5A613B6ADA6A0B49F1
:10E1400013469B0013449B000B441B683A6AD26A37
:10E15000591C064813469B0013449B000344196056
:10E1600000BF2837BD4680BD942A0020982A002091
:10E17000842B002080B483B000AF094B1B689B69DF
:10E180007B60074B1B68DA6A054B1B68C2F107020C
:10E190009A617B6818460C37BD465DF8047B704772
:10E1A000942A002080B483B000AF094B1B687B60C9
:10E1B0007B68002B04D07B689B6C5A1C7B689A643C
:10E1C0007B6818460C37BD465DF8047B704700BF7E
:10E1D000942A002080B588B000AFF860B9607A60FA
:10E1E0000023FB61FB68002B0BD04FF0500383F33F
:10E1F0001188BFF36F8FBFF34F8F3B6100BF00BF2C
:10E20000FDE7FEF783FF00F0D5FF2D4B1B68FA6892
:10E21000263253F82230002B0BD1294B1A68FB68A9
:10E2200013449C3301221A707B68002B01D0012318
:10E23000FB6100F0F1FFFB69012B03D1012178683C
:10E2400000F006FBFEF770FFB861FB69012B0AD1F5
:10E25000BB69002B07D11B4B4FF080521A60BFF3F4
:10E260004F8FBFF36F8F00F0A5FF154B1B68FA6847
:10E27000263253F822307B617B69002B12D0BB68B9
:10E28000002B07D00E4B1B68FA682632002143F89A
:10E29000221007E00A4B1B687A69511EFA68263281
:10E2A00043F82210064B1A68FB6813449C33002283
:10E2B0001A7000F0B1FF7B6918462037BD4680BD5B
:10E2C000942A002004ED00E080B588B000AFF8602B
:10E2D000B9607A603B600023BB61FB68002B0BD008
:10E2E0004FF0500383F31188BFF36F8FBFF34F8F4D
:10E2F0003B6100BF00BFFDE7FEF708FF00F05AFFDB
:10E30000384B1A68FB6813449C331B78DBB2022B32
:10E3100018D0344B1B68FA68263253F82210BA68BA
:10E32000D2431140FA68263243F822102D4B1A6866
:10E33000FB6813449C3301221A70BB6A002B01D086
:10E340000123BB6100F068FFBB69012B03D10121F0
:10E35000B86A00F07DFAFEF7E7FE7861BB69012B31
:10E360000AD17B69002B07D11F4B4FF080521A60F6
:10E37000BFF34F8FBFF36F8F00F01CFF3B68002B84
:10E3800007D0184B1B68FA68263253F822203B68E6
:10E390001A60144B1A68FB6813449C331B78DBB279
:10E3A000022B02D00023FB610EE00E4B1B68FA68C3
:10E3B000263253F822107A68D2431140FA68263286
:10E3C00043F822100123FB61064B1A68FB681344D3
:10E3D0009C3300221A7000F01FFFFB69184620379B
:10E3E000BD4680BD942A002004ED00E080B58EB0CB
:10E3F00000AFF860B9607A60FB7001237B63BB6893
:10E40000002B0BD04FF0500383F31188BFF36F8FB5
:10E41000BFF34F8F3B6200BF00BFFDE7FB68002BDF
:10E420000BD14FF0500383F31188BFF36F8FBFF30D
:10E430004F8FFB6100BF00BFFDE7FB683B6300F04F
:10E44000B9FE3B6C002B06D03B6BBA68263253F802
:10E4500022203B6C1A603A6BBB6813449C331B78D8
:10E4600087F82F303A6BBB6813449C3302221A7032
:10E47000FB78042B3BD801A252F823F00FE50108EA
:10E4800091E40108ADE40108C5E40108D3E4010802
:10E490003B6BBA68263253F822207B6842EA0301BC
:10E4A0003B6BBA68263243F8221033E03B6BBA6804
:10E4B000263253F82230591C3B6BBA68263243F897
:10E4C000221027E03B6BBA682632796843F82210A5
:10E4D00020E097F82F30022B06D03B6BBA6826322B
:10E4E000796843F8221015E000237B6312E04E4B5D
:10E4F0001B68002B0DD04FF0500383F31188BFF33E
:10E500006F8FBFF34F8FBB6100BF00BFFDE700BF40
:10E5100000E000BF97F82F30012B7ED13B6B5B6989
:10E52000BB623B6B9B683A6BD2689A603B6BDB6863
:10E530003A6B92685A60BB6A5A683B6B04339A42E2
:10E5400003D13B6BDA68BB6A5A603B6B00225A61AD
:10E55000BB6A1B685A1EBB6A1A603B6BDB6A0122EE
:10E560009A40324B1B681343304A13603B6BDA6AA4
:10E570002F4913469B0013449B000B4404331B6834
:10E580007B623B6B7A6A9A607B6A9A683B6BDA6063
:10E590007B6A9B683A6B04325A603B6B1A1D7B6A3C
:10E5A0009A603B6BDA6A13469B0013449B00204A37
:10E5B0001A443B6B5A613B6BDA6A1D4913469B0058
:10E5C00013449B000B441B683A6BD26A591C1848D1
:10E5D00013469B0013449B00034419603B6B9B6AEA
:10E5E000002B0BD04FF0500383F31188BFF36F8FD4
:10E5F000BFF34F8F7B6100BF00BFFDE70D4B1B6872
:10E60000DA6A3B6BDB6A9A4207D20B4B4FF08052BF
:10E610001A60BFF34F8FBFF36F8F00F0FDFD7B6B70
:10E6200018463837BD4680BD802B0020842B002043
:10E63000982A0020942A002004ED00E080B590B0D4
:10E6400000AFF860B9607A60FB68002B0BD14FF027
:10E65000500383F31188BFF36F8FBFF34F8F7B623B
:10E6600000BF00BFFDE7BB68002B0BD04FF050038D
:10E6700083F31188BFF36F8FBFF34F8F3B6200BFEF
:10E6800000BFFDE700F07AFEFB68FB63EFF3118249
:10E690004FF0500383F31188BFF36F8FBFF34F8F99
:10E6A000FA61BB61FB69BB63FA6BBB6813449C33C3
:10E6B0001B7887F83730FA6BBB6813449C3302220F
:10E6C0001A70FB6BBA68263253F82230591CFB6B68
:10E6D000BA68263243F8221097F83730012B40F001
:10E6E000A180FB6B9B6A002B0BD04FF0500383F390
:10E6F0001188BFF36F8FBFF34F8F7B6100BF00BFE7
:10E70000FDE74D4B1B68002B60D1FB6B5B69FB6227
:10E71000FB6B9B68FA6BD2689A60FB6BDB68FA6BE9
:10E7200092685A60FB6A5A68FB6B04339A4203D1C1
:10E73000FB6BDA68FB6A5A60FB6B00225A61FB6A6A
:10E740001B685A1EFB6A1A60FB6BDB6A01229A4047
:10E750003A4B1B681343394A1360FB6BDA6A38493A
:10E7600013469B0013449B000B4404331B68BB629D
:10E77000FB6BBA6A9A60BB6A9A68FB6BDA60BB6A29
:10E780009B68FA6B04325A60FB6B1A1DBB6A9A6075
:10E79000FB6BDA6A13469B0013449B00284A1A4419
:10E7A000FB6B5A61FB6BDA6A254913469B001344E5
:10E7B0009B000B441B68FA6BD26A591C2048134615
:10E7C0009B0013449B00034419601BE01D4B5B68D6
:10E7D0003B63FB6B3A6BDA613B6B9A68FB6B1A62CB
:10E7E0003B6B9B68FA6B18325A60FB6B03F11802A3
:10E7F0003B6B9A60FB6B134A9A62124B1B680133A6
:10E80000104A1360FB6BDA6A0F4B1B68DB6A9A4293
:10E8100008D97B68002B02D07B6801221A600B4B61
:10E8200001221A60BB6B3B613B6983F3118800BF17
:10E8300000BF4037BD4680BDA42B0020842B0020A4
:10E84000982A0020542B0020942A0020902B00208E
:10E8500080B588B000AF78603960374B1B68FB61CA
:10E86000364B1B68BB61364B1B687B61354B1B68A5
:10E8700004331846FDF774F90346002B0BD1314BD6
:10E880001B68DB6A012202FA03F3DA432E4B1B6892
:10E8900013402D4A13607B68B3F1FF3F24D13B68DE
:10E8A000002B21D0294B5B683B61264B1B683A69E2
:10E8B0009A60244B1B683A699268DA60214B1A68A7
:10E8C0003B699B6804325A601E4B1B681A1D3B69EA
:10E8D0009A601C4B1B681D4A5A611C4B1B68013314
:10E8E0001A4A136000BF22E0FA697B681344FB6098
:10E8F000144B1B68FA685A60FA68FB699A4207D29F
:10E90000104B1B68043319467869FDF7F0F80EE0E8
:10E910000C4B1B6804331946B869FDF7E8F80C4B3B
:10E920001B68FA689A4202D2094AFB68136000BF6A
:10E930002037BD4680BD00BF802B00204C2B00201F
:10E94000502B0020942A0020842B0020682B0020CC
:10E950009C2B002080B58AB004AF00237B6100F0BF
:10E960006BFA1D4B1B68002B21D00023FB6000239A
:10E97000BB603A1D07F1080107F10C031846E3F7E5
:10E98000C3FB7968BB68FA6802920193062300937F
:10E9900000230A4611491248FEF713F90346114AAB
:10E9A0001360104B1B68002B01D001237B617B6936
:10E9B000002B0BD14FF0500383F31188BFF36F8FFF
:10E9C000BFF34F8F3B6100BF00BFFDE77B69184677
:10E9D0001837BD4680BD00BFD82B002064B10208A7
:10E9E0008DEA0108DC2B002080B584B000AFF86010
:10E9F000B9607A6008E0FB689B69BA681344BB6041
:10EA0000FB681B6AF8689847FB689A69BB68D1186D
:10EA1000BB687A68F86800F0DFF80346002BEAD19B
:10EA200000BF00BF1037BD4680BD000080B584B078
:10EA300000AF78603960144B1B68DB68DB68FB60F3
:10EA4000FB6804331846FDF78BF8FB6893F8243015
:10EA500003F00403002B05D03A687968F868FFF7E3
:10EA6000C3FF08E0FB6893F8243023F00103DAB217
:10EA7000FB6883F82420FB681B6AF868984700BF8E
:10EA80001037BD4680BD00BFD02B002080B584B0BC
:10EA900000AF786007F10803184600F059F8F860F5
:10EAA000BB681946F86800F005F800F0D7F800BF19
:10EAB000F0E7000080B584B000AF78603960FEF701
:10EAC00025FB07F10803184600F066F8F860BB68FC
:10EAD000002B30D13B68002B0AD17A68FB689A4240
:10EAE00006D8FEF721FBF9687868FFF79FFF24E05E
:10EAF0003B68002B08D0134B1B681B68002B01D10F
:10EB0000012300E000233B600F4B18687A68FB6824
:10EB1000D31A3A681946FDF7BFFFFEF705FB034617
:10EB2000002B0AD1094B4FF080521A60BFF34F8F70
:10EB3000BFF36F8F01E0FEF7F7FA00BF1037BD4655
:10EB400080BD00BFD42B0020D82B002004ED00E0B6
:10EB500080B485B000AF78600E4B1B681B68002B3B
:10EB600001D1012200E000227B681A607B681B68EB
:10EB7000002B05D1074B1B68DB681B68FB6001E0BD
:10EB80000023FB60FB6818461437BD465DF8047B24
:10EB9000704700BFD02B002080B584B000AF7860F4
:10EBA000FEF7CAFBF8600B4B1B68FA689A4205D265
:10EBB00000F01CF97B6801221A6002E07B680022E9
:10EBC0001A60044AFB681360FB6818461037BD469C
:10EBD00080BD00BFE02B002080B586B000AFF8609C
:10EBE000B9607A603B6000237B61FB68BA685A6059
:10EBF000FB68FA681A61BA687B689A4212D87A6828
:10EC00003B68D21AFB689B699A4202D301237B615D
:10EC10001BE0104B1A68FB68043319461046FCF7DA
:10EC200066FF12E07A683B689A4206D2BA683B688F
:10EC30009A4202D301237B6107E0074B1A68FB6805
:10EC4000043319461046FCF752FF7B691846183703
:10EC5000BD4680BDD42B0020D02B002080B588B0CD
:10EC600000AF07F1080300221A605A609A60A9E019
:10EC7000BB68002BC0F2A6803B69FB61FB695B6946
:10EC8000002B04D0FB6904331846FCF769FF3B1DD9
:10EC90001846FFF781FFB861BB68013B082B00F203
:10ECA0008E8001A252F823F0CDEC0108CDEC0108D2
:10ECB00035ED010849ED010895ED0108CDEC01089D
:10ECC000CDEC010835ED010849ED0108FB6993F829
:10ECD000243043F00103DAB2FB6983F82420FA6898
:10ECE000FB699B69D118FB68BA69F869FFF774FF83
:10ECF0000346002B65D0FB6993F8243003F004032E
:10ED0000002B09D0FA68FB699B691344BA6919465C
:10ED1000F869FFF769FE08E0FB6993F8243023F0F7
:10ED20000103DAB2FB6983F82420FB691B6AF869E6
:10ED3000984746E0FB6993F8243023F00103DAB2E8
:10ED4000FB6983F824203DE0FB6993F8243043F00D
:10ED50000103DAB2FB6983F82420FA68FB699A613F
:10ED6000FB699B69002B0BD14FF0500383F3118893
:10ED7000BFF36F8FBFF34F8F7B6100BF00BFFDE715
:10ED8000FB699A69BB69D118BB69BA69F869FFF771
:10ED900023FF17E0FB6993F8243003F00203002BF4
:10EDA00003D1F86900F064FC0CE0FB6993F82430AF
:10EDB00023F00103DAB2FB6983F8242002E000BFEC
:10EDC00000E000BF084B1B6807F10801002218464D
:10EDD000FDF7E8FA0346002B7FF44AAF00BF00BFFF
:10EDE0002037BD4680BD00BFD82B002080B582B043
:10EDF00000AF09E00E4B1B68DB681B683B604FF0FF
:10EE0000FF313868FFF712FE094B1B681B68002BA7
:10EE1000F0D1074B1B687B60064B1B68044A1360EC
:10EE2000044A7B68136000BF0837BD4680BD00BF41
:10EE3000D02B0020D42B002080B582B002AF00F090
:10EE4000B9F9154B1B68002B20D11448FCF722FEA2
:10EE50001348FCF71FFE134B104A1A60124B104A5E
:10EE60001A6000230093114B114A0C210520FCF776
:10EE700033FF0346084A1360074B1B68002B05D07D
:10EE8000054B1B680B491846FDF7B6FD00F0C4F9A9
:10EE900000BFBD4680BD00BFD82B0020A82B00209E
:10EEA000BC2B0020D02B0020D42B0020202C0020B5
:10EEB000E42B00206CB1020880B485B000AFF8608C
:10EEC000B9607A60FB68043BFB60FB684FF08072BE
:10EED0001A60FB68043BFB60BB6823F00102FB681F
:10EEE0001A60FB68043BFB600C4AFB681A60FB6815
:10EEF000143BFB607A68FB681A60FB68043BFB60AC
:10EF0000FB686FF002021A60FB68203BFB60FB6845
:10EF100018461437BD465DF8047B704721EF0108A1
:10EF200080B485B000AF00237B60134B1B68B3F146
:10EF3000FF3F0BD04FF0500383F31188BFF36F8F67
:10EF4000BFF34F8FFB6000BF00BFFDE74FF05003E2
:10EF500083F31188BFF36F8FBFF34F8FBB6000BF88
:10EF600000BF7B68002BFCD000BF00BF1437BD463C
:10EF70005DF8047B704700BFAC0200200000000079
:10EF8000074B19680868B0E8F04F80F30988BFF3B1
:10EF90006F8F4FF0000080F311887047AFF300804F
:10EFA000942A002000BF00BF08480068006880F372
:10EFB00008884FF0000080F3148862B661B6BFF392
:10EFC0004F8FBFF36F8F00DF00BF000008ED00E040
:10EFD00000BF00BF80B58CB000AF694B1B68694AA9
:10EFE00093420BD14FF0500383F31188BFF36F8F1F
:10EFF000BFF34F8F3B6200BF00BFFDE7604B1B6854
:10F00000614A93420BD14FF0500383F31188BFF351
:10F010006F8FBFF34F8F7B6200BF00BFFDE75B4B7D
:10F020001B68FB62FB6A2C331B68594A93420BD066
:10F030004FF0500383F31188BFF36F8FBFF34F8FEF
:10F04000FB6100BF00BFFDE7FB6A38331B68514A14
:10F0500093420BD04FF0500383F31188BFF36F8FAF
:10F06000BFF34F8FBB6100BF00BFFDE70023BB6054
:10F07000494BBB62BB6A1B78DBB2FB73BB6AFF22E6
:10F080001A70BB6A1B78DBB2FB71FB79DBB203F051
:10F090005003DAB2414B1A70404B1B78002B0BD156
:10F0A0004FF0500383F31188BFF36F8FBFF34F8F7F
:10F0B0007B6100BF00BFFDE7FB79DBB2DB4303F000
:10F0C0005003002B13D04FF0500383F31188BFF38C
:10F0D0006F8FBFF34F8F3B6100BF00BFFDE7BB6881
:10F0E0000133BB60FB79DBB25B00DBB2FB71FB7908
:10F0F000DBB203F08003802BF1D0BB68082B03D177
:10F10000274B00221A6004E0BB68C3F10703244ABE
:10F110001360234B1B681B02214A1360204B1B68A2
:10F1200003F4E0631E4A1360FB7BDAB2BB6A1A7019
:10F130001C4B1B681B4A43F47F031360194B1B686D
:10F14000184A43F07F431360174B00221A6000F007
:10F15000E5F8164B00221A6000F004F9144B1B6806
:10F16000134A43F040431360FFF71EFFFEF71AFAFD
:10F17000FFF7D6FE002318463037BD4680BD00BFDE
:10F1800000ED00E071C20F4170C20F4108ED00E0D8
:10F1900081EF010871F2010800E400E0682C002012
:10F1A0006C2C002020ED00E01CED00E0AC02002003
:10F1B00034EF00E080B483B000AF4FF0500383F32E
:10F1C0001188BFF36F8FBFF34F8F7B6000BF104B71
:10F1D0001B6801330E4A13600D4B1B68012B10D1C5
:10F1E0000C4B1B68DBB2002B0BD04FF0500383F3AA
:10F1F0001188BFF36F8FBFF34F8F3B6000BF00BF1D
:10F20000FDE700BF0C37BD465DF8047B704700BFCB
:10F21000AC02002004ED00E080B483B000AF124BDC
:10F220001B68002B0BD14FF0500383F31188BFF301
:10F230006F8FBFF34F8F7B6000BF00BFFDE70A4BAE
:10F240001B68013B084A1360074B1B68002B05D164
:10F2500000233B603B6883F3118800BF00BF0C377D
:10F26000BD465DF8047B7047AC0200200000000042
:10F27000EFF30980BFF36F8F154B1A681EF0100F64
:10F2800008BF20ED108A20E9F04F10602DE9090039
:10F290004FF0500080F31188BFF34F8FBFF36F8F93
:10F2A000FEF780F94FF0000080F3118809BC19685F
:10F2B0000868B0E8F04F1EF0100F08BFB0EC108ADD
:10F2C00080F30988BFF36F8F704700BFAFF30080F2
:10F2D000942A002000BF00BF80B582B000AF4FF07D
:10F2E000500383F31188BFF36F8FBFF34F8F7B60A1
:10F2F00000BFFEF73DF80346002B03D0064B4FF04E
:10F3000080521A6000233B603B6883F3118800BF82
:10F3100000BF0837BD4680BD04ED00E080B400AFFB
:10F320000B4B00221A600B4B00221A600A4B1B6821
:10F330000A4AA2FB03239B09094A013B1360044BC1
:10F3400007221A6000BFBD465DF8047B704700BF0E
:10F3500010E000E018E000E038020020D34D621019
:10F3600014E000E0DFF80C00016841F47001016076
:10F370007047000088ED00E000BF00BF80B485B09A
:10F3800000AFEFF30583FB60FB680F2B15D9184A1C
:10F39000FB6813441B78FB72164B1B78FA7A9A426F
:10F3A0000BD24FF0500383F31188BFF36F8FBFF37D
:10F3B0004F8F7B6000BF00BFFDE70F4B1B6803F45E
:10F3C000E0620E4B1B689A420BD94FF0500383F357
:10F3D0001188BFF36F8FBFF34F8F3B6000BF00BF3B
:10F3E000FDE700BF1437BD465DF8047B704700BFE2
:10F3F000F0E300E0682C00200CED00E06C2C002015
:10F4000080B58EB000AF78600023FB620023BB6242
:10F410007B68002B22D00823DB437A689A421BD8F2
:10F4200008227B6813447B607B6803F00703002B92
:10F4300014D07B6803F00703C3F108037B627B6A87
:10F44000DB437A689A4204D87A687B6A13447B600B
:10F4500004E000237B6001E000237B60FDF756FEA3
:10F460007C4B1B68002B01D100F078F97B68002BE6
:10F47000C0F2D7807B68002B00F0D380764B1B68EE
:10F480007A689A4200F2CD80744B3B63734B1B68E1
:10F490007B637B6B724A934205D37B6B714A9342C9
:10F4A00001D8012300E00023002B29D14FF05003A5
:10F4B00083F31188BFF36F8FBFF34F8FFB6100BFE2
:10F4C00000BFFDE77B6B3B637B6B1B687B637B6BE8
:10F4D000634A934205D37B6B624A934201D801236E
:10F4E00000E00023002B0BD14FF0500383F3118871
:10F4F000BFF36F8FBFF34F8FBB6100BF00BFFDE74E
:10F500007B6B5B687A689A4203D97B6B1B68002B24
:10F51000D8D1504B1B687A6B9A4200F082803B6BCB
:10F520001B6808221344FB62FB6A4D4A934205D3D1
:10F53000FB6A4C4A934201D8012300E00023002BD0
:10F540000BD14FF0500383F31188BFF36F8FBFF3DC
:10F550004F8F7B6100BF00BFFDE77B6B1A683B6B81
:10F560001A607B6B5B687A689A420BD94FF0500344
:10F5700083F31188BFF36F8FBFF34F8F3B6100BFE1
:10F5800000BFFDE77B6B5A687B68D21A08235B00DB
:10F590009A4224D97A6B7B6813443B623B6A03F03E
:10F5A0000703002B0BD04FF0500383F31188BFF3F8
:10F5B0006F8FBFF34F8FFB6000BF00BFFDE77B6B1A
:10F5C0005A687B68D21A3B6A5A607B6B7A685A60C9
:10F5D0003B6B1A683B6A1A603B6B3A6A1A601E4BB7
:10F5E0001A687B6B5B68D31A1B4A13601A4B1A6844
:10F5F0001D4B1B689A4203D2174B1B681A4A1360B3
:10F600007B6B5B68BB627B6B5B6843F000427B6B30
:10F610005A607B6B00221A60144B1B680133134A3B
:10F620001360FDF781FDFB6A03F00703002B0BD08D
:10F630004FF0500383F31188BFF36F8FBFF34F8FE9
:10F64000BB6000BF00BFFDE7FB6A18463837BD4608
:10F6500080BD00BFF8640120FC640120F06401203B
:10F66000702C0020EF64012000650120046501205A
:10F6700080B588B000AF78607B68FB617B68002B49
:10F6800060D008235B42FA691344FB61FB69BB61EC
:10F69000BB692E4A934205D3BB692D4A934201D8D8
:10F6A000012300E00023002B0BD14FF0500383F324
:10F6B0001188BFF36F8FBFF34F8F7B6100BF00BF17
:10F6C000FDE7BB695B68002B0BDB4FF0500383F356
:10F6D0001188BFF36F8FBFF34F8F3B6100BF00BF37
:10F6E000FDE7BB691B68002B0BD04FF0500383F381
:10F6F0001188BFF36F8FBFF34F8FFB6000BF00BF58
:10F70000FDE7BB695B68002B1CDABB691B68002B3B
:10F7100018D1BB695B6823F00042BB695A60FDF7F2
:10F72000F5FCBB695A680B4B1B681344094A13600C
:10F73000B86900F06FF8084B1B680133064A136084
:10F74000FDF7F2FC00BF2037BD4680BD702C0020C5
:10F75000EF640120FC6401200865012080B485B0BD
:10F7600000AF264BBB60264BFB60FB6803F0070332
:10F77000002B0CD0FB680733FB60FB6823F007030A
:10F78000FB60BA68FB68D31A1D4A1344BB60FB6870
:10F790001C4A13601B4B00225A60FA68BB68134472
:10F7A0007B6008227B689B1A7B607B6823F00703E1
:10F7B0007B607B68144A1360134B1B6800225A60FD
:10F7C000114B1B6800221A60FB683B603B687A683B
:10F7D000D21A3B685A600C4B1A683B681A603B6847
:10F7E0005B680A4A13603B685B68094A136000BFA4
:10F7F0001437BD465DF8047B704700BF80380100B8
:10F80000702C0020F0640120F864012000650120C4
:10F81000FC64012080B487B000AF7860364B7B6118
:10F8200002E07B691B687B617B691B687A689A428E
:10F83000F7D87B69304A934218D07B692F4A9342AC
:10F8400005D37B692E4A934201D8012300E00023AF
:10F85000002B0BD14FF0500383F31188BFF36F8F50
:10F86000BFF34F8FFB6000BF00BFFDE77B693B61CB
:10F870007B695B683A6913447A689A4208D17B696C
:10F880005A687B685B681A447B695A607B697B6055
:10F890007B683B617B685B683A691A447B691B68DB
:10F8A0009A4218D17B691A68164B1B689A420DD090
:10F8B0007B685A687B691B685B681A447B685A607E
:10F8C0007B691B681A687B681A6008E00D4B1A6830
:10F8D0007B681A6003E07B691A687B681A607A6942
:10F8E0007B689A4202D07B697A681A6000BF1C3735
:10F8F000BD465DF8047B7047F0640120702C002049
:10F90000EF640120F864012080B584B000AF0346A5
:10F91000FB71FB79084A9B0013445B685B68FA79CA
:10F9200005490A44127A104698470346FB73FB7B4D
:10F9300018461037BD4680BD1465012080B584B0DF
:10F9400000AF0346FB710023FB73FB790E4AD35CC7
:10F95000002B14D1FB790C4A9B0013445B681B6895
:10F96000FA7909490A44127A104698470346FB730C
:10F97000FB7B002B03D1FB79034A0121D154FB7B94
:10F9800018461037BD4680BD1465012090B587B07C
:10F9900000AFB9607A603B600346FB73FB7B0A4AA9
:10F9A0009B0013445B689C68FB7B074A1344187AEE
:10F9B0003B687A68B968A0470346FB75FB7D18462B
:10F9C0001C37BD4690BD00BF1465012090B587B0BF
:10F9D00000AFB9607A603B600346FB73FB7B0A4A69
:10F9E0009B0013445B68DC68FB7B074A1344187A6E
:10F9F0003B687A68B968A0470346FB75FB7D1846EB
:10FA00001C37BD4690BD00BF1465012080B584B091
:10FA100000AF03463A60FB710B46BB71FB79094AA4
:10FA20009B0013445B681B69FA7906490A44107A03
:10FA3000B9793A6898470346FB73FB7B1846103741
:10FA4000BD4680BD1465012080B485B000AF7860EC
:10FA50007B6801331B78FB81B7F90E301B021AB2A9
:10FA60007B681B781BB213431BB2FB81FB891846D2
:10FA70001437BD465DF8047B704780B485B000AF95
:10FA800078607B6803331B78FB60FB681B027A6835
:10FA9000023212781343FB60FB681B027A68013262
:10FAA00012781343FB60FB681B027A6812781343D9
:10FAB000FB60FB6818461437BD465DF8047B704751
:10FAC00080B483B000AF78600B467B807B685A1CA3
:10FAD0007A607A88D2B21A707B881B0A7B807B6836
:10FAE0005A1C7A607A88D2B21A7000BF0C37BD46B1
:10FAF0005DF8047B704780B483B000AF78603960F4
:10FB00007B685A1C7A603A68D2B21A703B681B0A4A
:10FB10003B607B685A1C7A603A68D2B21A703B68C4
:10FB20001B0A3B607B685A1C7A603A68D2B21A7032
:10FB30003B681B0A3B607B685A1C7A603A68D2B209
:10FB40001A7000BF0C37BD465DF8047B704780B467
:10FB500087B000AFF860B9607A60FB687B61BB6812
:10FB60003B617B68002B0DD03A69531C3B617B697C
:10FB7000591C796112781A707B68013B7B607B6845
:10FB8000002BF1D100BF1C37BD465DF8047B7047E8
:10FB900080B487B000AFF860B9607A60FB687B61C1
:10FBA0007B695A1C7A61BA68D2B21A707B68013BD1
:10FBB0007B607B68002BF3D100BF00BF1C37BD46C4
:10FBC0005DF8047B704780B489B000AFF860B9601D
:10FBD0007A60FB68FB61BB68BB6100237B61FB69EA
:10FBE0005A1CFA611B781946BB695A1CBA611B780A
:10FBF000CB1A7B617B68013B7B607B68002B02D06A
:10FC00007B69002BEBD07B6918462437BD465DF835
:10FC1000047B704780B483B000AF7860396002E045
:10FC20007B6801337B607B681B78002B05D07B6889
:10FC30001B781A463B689342F2D17B681B781846C2
:10FC40000C37BD465DF8047B704780B586B000AFC9
:10FC500078600023FB737B68DB78002B34D07B68F3
:10FC60001B6B7B617B6858787B6803F1340101234F
:10FC70007A69FFF7ABFE0346002B02D00123FB732A
:10FC800022E07B680022DA707B685B6A7A69D21AAC
:10FC90007B68DB699A4217D27B689B783B6110E0F6
:10FCA0007B68DB697A6913447B617B6858787B6881
:10FCB00003F1340101237A69FFF788FE3B69013BB8
:10FCC0003B613B69012BEBD8FB7B18461837BD46DF
:10FCD00080BD80B584B000AF786039600023FB73CD
:10FCE0007B681B6B3A689A421BD07868FFF7ADFFC0
:10FCF0000346FB73FB7B002B13D17B6858787B6832
:10FD000003F1340101233A68FFF740FE0346002B5C
:10FD100004D04FF0FF333B600123FB737B683A68EC
:10FD20001A63FB7B18461037BD4680BD80B584B092
:10FD300000AF78607868FFF788FF0346FB73FB7BB2
:10FD4000002B58D17B681B78032B48D17B681B792B
:10FD5000012B44D17B6834334FF4007200211846E4
:10FD6000FFF716FF7B68343303F5FF734AF655211E
:10FD70001846FFF7A5FE7B68343321491846FFF784
:10FD8000BAFE7B68343303F5F2731E491846FFF759
:10FD9000B2FE7B68343303F5F4727B685B69194605
:10FDA0001046FFF7A8FE7B68343303F5F6727B68D4
:10FDB0001B6919461046FFF79EFE7B681B6A5A1C9A
:10FDC0007B681A637B6858787B6803F134017B6831
:10FDD0001A6B0123FFF7FAFD7B6800221A717B681A
:10FDE0005B78002200211846FFF710FE0346002B27
:10FDF00001D00123FB73FB7B18461037BD4680BD45
:10FE0000525261417272416180B483B000AF786038
:10FE100039603B68023B3B607B689B69023B3A6808
:10FE20009A4201D3002308E07B685B891A463B684D
:10FE300003FB02F27B68DB6A134418460C37BD46AD
:10FE40005DF8047B704780B586B000AF786039609C
:10FE50007B681B683B613B68012B04D93B699B694C
:10FE60003A689A4202D301237B618EE04FF0FF3360
:10FE70007B613B691B78032B61D0032B7BDC012B5F
:10FE800002D0022B41D076E03B68FB60FB685B0848
:10FE9000FA681344FB603B695A6AFB685B0A1344C7
:10FEA00019463869FFF715FF0346002B66D1FB683A
:10FEB0005A1CFA60C3F308033A69134493F83430C8
:10FEC000BB603B695A6AFB685B0A13441946386990
:10FED000FFF7FFFE0346002B52D1FB68C3F3080374
:10FEE0003A69134493F834301B02BA681343BB6079
:10FEF0003B6803F00103002B02D0BB681B0902E042
:10FF0000BB68C3F30B037B613FE03B695A6A3B6804
:10FF10001B0A134419463869FFF7DBFE0346002B22
:10FF200030D13B6903F134023B685B0003F4FF739B
:10FF300013441846FFF788FD03467B6125E03B69C3
:10FF40005A6A3B68DB09134419463869FFF7C1FE5A
:10FF50000346002B18D13B6903F134023B689B0038
:10FF600003F4FE7313441846FFF787FD034623F09E
:10FF700070437B6109E001237B6106E000BF04E080
:10FF800000BF02E000BF00E000BF7B6918461837E1
:10FF9000BD4680BD90B589B000AFF860B9607A60A9
:10FFA0000223FB77BB68012B40F2D980FB689B6979
:10FFB000BA689A4280F0D380FB681B78032B00F06C
:10FFC0009680032B00F3CB80012B02D0022B6ED046
:10FFD000C5E0BB68BB61BB695B08BA691344BB6120
:10FFE000FB685A6ABB695B0A13441946F868FFF755
:10FFF00070FE0346FB77FB7F002B40F0A980FB6877
:020000040802F0
:1000000003F13402BB69591CB961C3F308031344FB
:100010007B61BB6803F00103002B0DD07B691B786B
:100020005BB203F00F035AB27B685BB21B015BB299
:1000300013435BB2DBB201E07B68DBB27A69137019
:10004000FB680122DA70FB685A6ABB695B0A1344D9
:100050001946F868FFF73DFE0346FB77FB7F002B50
:1000600078D1FB6803F13402BB69C3F3080313447E
:100070007B61BB6803F00103002B03D07B681B0985
:10008000DBB20EE07B691B785BB223F00F035AB240
:100090007B681B0A5BB203F00F035BB213435BB2D6
:1000A000DBB27A691370FB680122DA7057E0FB68F3
:1000B0005A6ABB681B0A13441946F868FFF709FE21
:1000C0000346FB77FB7F002B46D1FB6803F134022C
:1000D000BB685B0003F4FF7313447A6892B2114665
:1000E0001846FFF7EDFCFB680122DA7037E0FB6889
:1000F0005A6ABB68DB0913441946F868FFF7E9FD43
:100100000346FB77FB7F002B28D17B6823F07044EC
:10011000FB6803F13402BB689B0003F4FE731344D5
:100120001846FFF7AAFC034603F0704323437B60A5
:10013000FB6803F13402BB689B0003F4FE731344B5
:1001400079681846FFF7D7FCFB680122DA7006E0F1
:1001500000BF04E000BF02E000BF00E000BFFB7F83
:1001600018462437BD4690BD80B588B000AFF86012
:10017000B9607A600023FB77FB681B68BB61BB68D2
:10018000012B04D9BB699B69BA689A4201D3022347
:100190004BE07B68002B0CD04FF0FF327968B869D8
:1001A000FFF7F8FE0346FB77FB7F002B01D0FB7FB8
:1001B0003BE0B968F868FFF746FE78617B69002B81
:1001C00031D07B69012B01D102232EE07B69B3F191
:1001D000FF3F01D1012328E00022B968B869FFF789
:1001E000D9FE0346FB77FB7F002B01D0FB7F1CE091
:1001F000BB695A69BB699B69023B9A420BD2BB69D6
:100200005B695A1CBB695A61BB691B7943F00103E6
:10021000DAB2BB691A717B69BB60BB699B69BA685A
:100220009A42C6D300E000BF002318462037BD46DF
:1002300080BD80B588B000AF786039607B681B688E
:100240003B613B68002B0DD13B691B69BB61BB69FE
:10025000002B04D03B699B69BA699A421BD30123E6
:10026000BB6118E039687868FFF7EDFDF860FB685E
:10027000012B01D8012370E0FB68B3F1FF3F01D1EE
:10028000FB686AE03B699B69FA689A4201D2FB68A5
:1002900063E03B68BB61BB69FB61FB690133FB61E8
:1002A0003B699B69FA699A4207D30223FB61FA69A9
:1002B000BB699A4201D900234FE0F9697868FFF7DA
:1002C000C2FDF860FB68002B0ED0FB68012B03D049
:1002D000FB68B3F1FF3F01D1FB683EE0FA69BB69FF
:1002E0009A42DAD1002338E000BF4FF0FF32F969BB
:1002F0003869FFF74FFE0346FB75FB7D002B09D1E4
:100300003B68002B06D0FA6939683869FFF742FE6E
:100310000346FB75FB7D002B16D13B69FA691A6118
:100320003B695A693B699B69023B9A4204D83B6925
:100330005B695A1E3B695A613B691B7943F00103B3
:10034000DAB23B691A7107E0FB7D012B02D14FF055
:10035000FF3300E00123FB61FB6918462037BD46EF
:1003600080BD80B487B000AF786039607B681B685F
:10037000FB607B689B6A04333B613B685B0AFA68FD
:100380005289B3FBF2F37B613B691A1D3A611B682A
:10039000BB60BB68002B01D1002310E07A69BB6809
:1003A0009A4207D37A69BB68D31A7B613B690433ED
:1003B0003B61E9E700BF3B691A687B691344184653
:1003C0001C37BD465DF8047B704780B586B000AF32
:1003D000786039607B681B683B613B68B3F5001F40
:1003E00004D23B6803F01F03002B01D0022363E01B
:1003F0007B683A681A617B689B687B617B69002B2C
:1004000006D13B691B78022B02D93B699B6A7B6151
:100410007B69002B0CD13B685B093A6912899342D6
:1004200001D3022348E03B699A6A7B689A6129E01C
:100430003B695B895B02FB6019E07B687969184660
:10044000FFF701FD78617B69B3F1FF3F01D1012323
:1004500032E07B69012B04D93B699B697A699A4236
:1004600001D3022328E03A68FB68D31A3B603A685C
:10047000FB689A42E1D279693869FFF7C5FC024608
:100480007B689A617B687A695A617B689B69002BFB
:1004900001D1022310E07B689A693B685B0A1A4429
:1004A0007B689A613B6903F134023B68C3F308033C
:1004B0001A447B68DA61002318461837BD4680BDB0
:1004C00080B586B000AF786039607B681B68FB60E0
:1004D0007B681B692033BB607B689B69002B03D062
:1004E000BB68B3F5001F01D30423AAE0BB68C3F3C4
:1004F0000803002B40F098807B689B695A1C7B683E
:100500009A617B685B69002B0BD1BB685B09FA6859
:1005100012899342C0F088807B6800229A6104238C
:100520008FE0BB685B0AFA685289013A1340002BDE
:100530007AD17A687B685B6919461046FFF783FCBD
:1005400078617B69012B01D802237AE07B69B3F1E2
:10055000FF3F01D1012374E0FB689B697A699A42ED
:1005600058D33B68002B04D17B6800229A61042396
:1005700067E07A687B685B6919461046FFF759FEA9
:1005800078617B69002B01D107235AE07B69012B3D
:1005900001D1022355E07B69B3F1FF3F01D1012373
:1005A0004FE0F868FFF751FB0346002B01D0012311
:1005B00047E0FB6834334FF4007200211846FFF720
:1005C000E7FA00233B617969F868FFF71DFC0246F2
:1005D000FB681A6312E0FB680122DA70F868FFF723
:1005E00034FB0346002B01D001232AE03B69013391
:1005F0003B61FB681B6B5A1CFB681A63FB685B89D9
:100600001A463B699342E6D3FB681A6B3B69D21AE0
:10061000FB681A637B687A695A617969F868FFF741
:10062000F3FB02467B689A617B68BA681A61FB68D3
:1006300003F13402BB68C3F308031A447B68DA6130
:10064000002318461837BD4680BD80B586B000AF80
:10065000786039607B681B68FB6000217868FFF771
:10066000B4FE0346FB75FB7D002B2BD100233B61C1
:100670007B689B691946F868FFF72BFB0346FB75FF
:10068000FB7D002B1DD17B68DB691B78E52B04D03B
:100690007B68DB691B78002B07D13B6901333B6129
:1006A0003A693B689A4202D10CE000233B61012188
:1006B0007868FFF705FF0346FB75FB7D002BD7D05D
:1006C00000E000BFFB7D042B01D10723FB75FB7D00
:1006D00018461837BD4680BD80B584B000AF78603D
:1006E00039603B681A331846FFF7AEF90346FB60E2
:1006F0007B681B78032B09D13B6814331846FFF73E
:10070000A3F903461B04FA681343FB60FB68184611
:100710001037BD4680BD80B584B000AFF860B960C9
:100720007A60BB681A337A6892B211461846FFF7AE
:10073000C7F9FB681B78032B09D1BB6803F11402CE
:100740007B681B0C9BB219461046FFF7B9F900BF36
:100750001037BD4680BD000090B587B000AF78600F
:1007600039603B681A331846FFF76EF90346002BD1
:1007700001D0002359E03B681B7803F03F035A1E69
:1007800013465B0013449B0013447B610123FB81F0
:1007900000233B6133E0274A3B6913441B781A4628
:1007A0003B6813441846FFF74FF90346BB81FB89AA
:1007B000002B1AD07B69FE2B12D8BB89184602F099
:1007C00033FF03461C467B695A1C7A615B007A68DA
:1007D00013441B88184602F027FF03469C4201D0B1
:1007E000002322E0BB89FB8106E0BB894FF6FF7244
:1007F000934201D0002318E03B6901333B613B6920
:100800000C2BC8D93B681B7803F04003002B0BD09E
:10081000FB89002B08D07B695B007A6813441B8836
:10082000002B01D0002300E0012318461C37BD46F1
:1008300090BD00BF10C0020880B586B000AF7860E0
:1008400039603B681A331846FFF7FEF80346002B61
:1008500001D000234DE03B681B7823F040035A1E73
:1008600013465B0013449B0013447B610123FB810F
:1008700000233B6128E0214A3B6913441B781A4658
:100880003B6813441846FFF7DFF80346BB81FB893A
:10089000002B0FD07B69FE2B01D9002329E0BB89F7
:1008A000FB817B695A1C7A615B007A681344FA8980
:1008B0001A8006E0BB894FF6FF72934201D00023F5
:1008C00017E03B6901333B613B690C2BD3D93B6893
:1008D0001B7803F04003002B0AD07B69FE2B01D963
:1008E000002306E07B695B007A68134400221A80CB
:1008F000012318461837BD4680BD00BF10C002084E
:1009000080B588B000AFF860B96011461A460B4652
:10091000FB711346BB71BB680D33BA791A70BB68A3
:100920000B330F221A70BB680C3300221A70BB689D
:100930001A3300211846FFF7C3F8FB795A1E1346F5
:100940005B0013449B001344FB610023FB820023E4
:10095000BB61FB8A4FF6FF72934207D0FB695A1CBA
:10096000FA615B00FA6813441B88FB82174ABB6973
:1009700013441B781A46BB681344FA8A114618467A
:10098000FFF79EF8FB8A002B02D14FF6FF73FB8224
:10099000BB690133BB61BB690C2BDAD9FB8A4FF60B
:1009A000FF72934206D0FB695B00FA6813441B8810
:1009B000002B03D1FB7943F04003FB71BB68FA794C
:1009C0001A7000BF2037BD4680BD00BF10C00208AE
:1009D00080B58CB000AFF860B9607A603B600B22E4
:1009E000B968F868FFF7B3F83B68052B2BD93B686B
:1009F000FB6122E07B689A1C7A601B887B84002361
:100A0000BB6217E0FB695A007B8C03F001031344BF
:100A1000FB617B8C5B087B84FB6903F48033002BD8
:100A200005D0FB6983F4883383F02103FB61BB6A43
:100A30000133BB62BB6A0F2BE4D97B681B88002B98
:100A4000D8D1FB693B600723BB623B68DBB203F094
:100A50000F03DBB2303387F82F3097F82F30392B64
:100A600004D997F82F30073387F82F30BB6A5A1E06
:100A7000BA6230333B4497F82F2003F81C2C3B68B4
:100A80001B093B603B68002BDFD107F11402BB6AF6
:100A900013447E221A7000237B6202E07B6A0133DA
:100AA0007B627A6ABB6A9A4205D2FA687B6A13440F
:100AB0001B78202BF2D1BB6A072B07D8BB6A5A1CC4
:100AC000BA6230333B4413F81C1C00E020217B6ADF
:100AD0005A1C7A62FA6813440A461A707B6A072B1A
:100AE000E9D900BF00BF3037BD4680BD80B485B0B6
:100AF00000AF78600023FB730B23BB60FB7BDAB293
:100B00005208DB011343DAB27B68591C79601B7809
:100B10001344FB73BB68013BBB60BB68002BEDD18A
:100B2000FB7B18461437BD465DF8047B704780B5E3
:100B300086B000AF786039600423FB757B681B6862
:100B40003B61FF237B75FF233B7581E07B689B69DD
:100B500019463869FFF7BDF80346FB75FB7D002B8E
:100B60007CD17B68DB691B78BB75BB7D002B02D118
:100B70000423FB7577E07B68DB690B331B7803F09C
:100B80003F03FB737B68FA7B9A71BB7DE52B0ED02C
:100B9000BB7D2E2B0BD0FB7B23F02003082B0CBF3F
:100BA00001230023DBB21A463B68934202D0FF23A5
:100BB0007B7544E0FB7B0F2B2FD1BB7D03F0400303
:100BC000002B0DD07B68DB695B7B3B75BB7D23F025
:100BD0004003BB75BB7D7B757B681A697B68DA62F5
:100BE000BA7D7B7D9A4215D17B68DB690D331B781A
:100BF0003A7D9A420ED13B69DA687B68DB69194617
:100C00001046FFF719FE0346002B03D07B7D013B06
:100C1000DBB200E0FF237B7511E07B7D002B09D167
:100C20007B68DB691846FFF761FF03461A463B7D88
:100C3000934215D07B684FF0FF32DA6210E000215A
:100C40007868FFF73DFC0346FB75FB7D002B09D15F
:100C50007B689B69002B7FF479AF04E000BF02E062
:100C600000BF00E000BFFB7D002B02D07B680022AC
:100C70009A61FB7D18461837BD4680BD80B586B0A9
:100C800000AF78607B681B683B6100217868FFF7E4
:100C90009CFB0346FB75FB7D002B01D0FB7DA9E08F
:100CA000FF233B753B7D7B757B684FF0FF32DA623B
:100CB0007B689B6919463869FFF70BF80346FB759B
:100CC000FB7D002B40F090807B68DB691B78BB7557
:100CD000BB7D002B02D10423FB758AE07B68DB69B6
:100CE0000B331B7803F03F03FB737B68FA7B9A712D
:100CF000BB7DE52B07D0FB7B03F00803002B09D05D
:100D0000FB7B0F2B06D0FF237B757B684FF0FF32F8
:100D1000DA625EE0FB7B0F2B36D17B6893F82B30D9
:100D200003F04003002B54D1BB7D03F04003002BA4
:100D30000DD07B68DB695B7B3B75BB7D23F040039B
:100D4000BB75BB7D7B757B681A697B68DA62BA7D8F
:100D50007B7D9A4215D17B68DB690D331B783A7D28
:100D60009A420ED13B69DA687B68DB691946104606
:100D7000FFF7F2FC0346002B03D07B7D013BDBB287
:100D800000E0FF237B7524E07B7D002B09D17B688D
:100D9000DB691846FFF7AAFE03461A463B7D9342DD
:100DA00024D07B6893F82B3003F00103002B0AD189
:100DB0007B68D8697B6820330B221946FEF703FF56
:100DC0000346002B14D0FF237B757B684FF0FF3266
:100DD000DA6200217868FFF773FB0346FB75FB7D41
:100DE000002B3FF465AF04E000BF02E000BF00E06D
:100DF00000BFFB7D18461837BD4680BD80B58CB05E
:100E000000AF78607B681B68FB617B6893F82B30D0
:100E100003F0A003002B01D00623E0E000237B6257
:100E200002E07B6A01337B62FB69DA687B6A5B0004
:100E300013441B88002BF4D17B6803F1200107F1D8
:100E40000C030C221846FEF782FEFB7D03F0010323
:100E5000002B32D07B68402283F82B200123BB6219
:100E600016E07B6803F12000FB69DA6807F10C01EA
:100E7000BB6AFFF7ADFD7868FFF700FF034687F810
:100E80002F3097F82F30002B06D1BB6A0133BB629D
:100E9000BB6A632BE5D900E000BFBB6A642B01D1BC
:100EA00007239CE097F82F30042B02D097F82F30BF
:100EB00095E0FA7D7B6883F82B20FB7D03F002032D
:100EC000002B07D07B6A0C33474AA2FB03239B0805
:100ED000013300E001233B62396A7868FFF7B5FB14
:100EE000034687F82F3097F82F30002B48D13B6A04
:100EF000013B3B623B6A002B42D07B681A693B6A2C
:100F00005B01D31A19467868FFF75FFA034687F842
:100F10002F3097F82F30002B32D17B6820331846C2
:100F2000FFF7E4FD0346FB767B689B691946F86989
:100F3000FEF7CFFE034687F82F3097F82F30002BAF
:100F40001DD1FB69D8687B68D9693B6ADAB2FB7E40
:100F5000FFF7D6FCFB690122DA7000217868FFF701
:100F6000AFFA034687F82F3097F82F30002B07D1C0
:100F70003B6A013B3B623B6A002BD5D100E000BFDE
:100F800097F82F30002B28D17B689B691946F869A8
:100F9000FEF79FFE034687F82F3097F82F30002B7F
:100FA0001BD17B68DB69202200211846FEF7F0FD8B
:100FB0007B68D8697B6820330B221946FEF7C7FD92
:100FC0007B6893F82B207B68DB690C3302F01802F6
:100FD000D2B21A70FB690122DA7097F82F301846E6
:100FE0003037BD4680BD00BF4FECC44E80B586B0E3
:100FF00000AF78607B681B683B617B681B69FB60A6
:101000007B68DB6AB3F1FF3F07D07B68DB6A194678
:101010007868FFF7DAF9034600E00023FB75FB7DF3
:10102000002B28D17B689B6919463869FEF751FE71
:101030000346FB75FB7D002B15D17B68DB69E52240
:101040001A703B690122DA707B681B69FA689A4260
:101050000BD900217868FFF733FA0346FB75FB7D57
:10106000002BDFD002E000BF00E000BFFB7D042BBF
:1010700001D10223FB75FB7D18461837BD4680BDA4
:1010800080B58AB000AF786039603B681B683B610F
:101090007B681B68DB68FB6000237B617B69BB614D
:1010A000BB695A1CBA613A6913441B78BB84BB8C78
:1010B0001F2B40D9BB8C2F2B06D0BB8C5C2B10D1A7
:1010C00002E0BB690133BB613A69BB6913441B7819
:1010D0002F2BF6D03A69BB6913441B785C2BF0D0F8
:1010E0002AE07B69FE2B01D906237DE1BB8CDBB2B4
:1010F000BB84BB8C0121184602F05AFA0346BB841C
:10110000BB8C002B01D106236EE1BB8C7F2B09D851
:10111000BB8C19468D48FEF77DFD0346002B01D0A0
:10112000062361E17B695A1C7A615B00FA6813440B
:10113000BA8C1A80B4E700BF3A69BB691A443B68AD
:101140001A60BB8C1F2B01D8042300E0002387F812
:10115000273011E07B6903F10043013B5B00FA6833
:1011600013441B88BB84BB8C202B02D0BB8C2E2B42
:1011700006D17B69013B7B617B69002BEAD100E0F2
:1011800000BF7B695B00FA68134400221A807B6908
:10119000002B01D1062327E17B6820330B2220217D
:1011A0001846FEF7F5FC0023BB6102E0BB69013382
:1011B000BB61BB695B00FA6813441B88202BF5D028
:1011C000BB695B00FA6813441B882E2BEED0BB6909
:1011D000002B09D097F8273043F0030387F8273016
:1011E00002E07B69013B7B617B69002B09D07B6955
:1011F00003F10043013B5B00FA6813441B882E2B6C
:10120000EFD1002387F8263000233B620823FB61DF
:10121000BB695A1CBA615B00FA6813441B88BB8423
:10122000BB8C002B00F09080BB8C202B06D0BB8C9D
:101230002E2B0AD1BA697B699A4206D097F82730DB
:1012400043F0030387F827307DE03A6AFB699A424E
:1012500003D2BA697B699A4223D1FB690B2B06D171
:1012600097F8273043F0030387F8273075E0BA6911
:101270007B699A4205D097F8273043F0030387F83B
:101280002730BA697B699A4266D87B69BB610823BB
:101290003B620B23FB6197F826309B0087F82630D2
:1012A00051E0BB8C7F2B14D9BB8C0021184602F077
:1012B0007FF90346BB84BB8C002B04D0BB8C803BE6
:1012C000234AD35CBB8497F8273043F0020387F8A6
:1012D0002730BB8C002B07D0BB8C19461D48FEF76E
:1012E00099FC0346002B08D05F23BB8497F8273076
:1012F00043F0030387F827301BE0BB8C402B09D950
:10130000BB8C5A2B06D897F8263043F0020387F897
:1013100026300EE0BB8C602B0BD9BB8C7A2B08D807
:1013200097F8263043F0010387F82630BB8C203B2A
:10133000BB843B6A5A1C3A62BA8CD1B27A681344B5
:101340000A4683F8202063E700BF06E074B1020874
:1013500090BF020880B1020800BF7B6893F820307C
:10136000E52B03D17B68052283F82020FB69082B3D
:1013700004D197F826309B0087F8263097F826305E
:1013800003F00C030C2B05D097F8263003F0030371
:10139000032B05D197F8273043F0020387F8273055
:1013A00097F8273003F00203002B17D197F8263067
:1013B00003F00303012B05D197F8273043F0100306
:1013C00087F8273097F8263003F00C03042B05D15B
:1013D00097F8273043F0080387F827307B6897F8A1
:1013E000272083F82B20002318462837BD4680BDD0
:1013F00080B586B000AF786039607B683B613B693F
:101400001B68FB6002E03B6801333B603B681B7874
:101410002F2BF8D03B681B785C2BF4D03B69002263
:101420009A603B681B781F2B0AD87B68802283F860
:101430002B2000217868FEF7C8FF0346FB7543E0C8
:101440003B4619467868FFF71BFE0346FB75FB7D9C
:10145000002B34D17868FFF711FC0346FB757B68DD
:1014600093F82B30FB72FB7D002B0AD0FB7D042B05
:1014700027D1FB7A03F00403002B22D10523FB754F
:101480001FE0FB7A03F00403002B1CD13B699B791E
:1014900003F01003002B02D10523FB7514E0FB6859
:1014A00003F134027B681B69C3F308031344194634
:1014B000F868FFF711F902463B699A60C0E700BF80
:1014C00002E000BF00E000BFFB7D18461837BD46B4
:1014D00080BD80B487B000AF78604FF0FF333B61D0
:1014E0007B681B68002B31D07B681B687B6102E046
:1014F0007B6901337B617B691B781F2B03D97B6977
:101500001B783A2BF4D17B691B783A2B1CD17B6872
:101510001B68FB60FB685A1CFA601B78303BBB60A1
:10152000BB68092B0ED8FA687B699A420AD1BB685E
:10153000002B07D1BB683B617B6901337B617B6812
:101540007A691A603B6902E000233B613B691846F7
:101550001C37BD465DF8047B7047000080B582B043
:1015600000AF786039607B680022DA707B684FF0EA
:10157000FF321A6339687868FEF7ABFB0346002B2D
:1015800001D0042338E07B68343303F5FF73184639
:10159000FEF75AFA03461A464AF655239A4201D0F4
:1015A000032329E07B6893F83430E92B09D07B686A
:1015B00093F83430EB2B1ED17B6893F83630902BA8
:1015C00019D17B68343336331846FEF756FA034692
:1015D00023F07F430A4A934201D100230CE07B6849
:1015E000343352331846FEF748FA0346054A93420D
:1015F00001D1002300E0022318460837BD4680BD14
:10160000464154004641543380B596B000AFF8606F
:10161000B9601346FB71BB6800221A60F868FFF7D7
:1016200058FFF863FB6B002B01DA0B232AE2A14A77
:10163000FB6B52F82330BB63BB6B002B01D10C2337
:1016400020E2BB68BA6B1A60FB7923F00103FB71DF
:10165000BB6B1B78002B1AD0BB6B5B781846FEF770
:1016600053F9034687F8373097F8373003F0010312
:10167000002B0CD1FB79002B07D097F8373003F003
:101680000403002B01D00A23FCE10023FAE1BB6B29
:1016900000221A70FB6BDAB2BB6B5A70BB6B5B78C3
:1016A0001846FEF74BF9034687F8373097F837307E
:1016B00003F00103002B01D00323E3E1FB79002BAE
:1016C00007D097F8373003F00403002B01D00A232A
:1016D000D8E100233B65396DB86BFFF73FFF034648
:1016E00087F8573097F85730022B49D100233B64D5
:1016F0001EE0BB6B03F134023B6C1B0103F5DF738F
:1017000013443B633B6B04331B78002B06D03B6BCD
:1017100008331846FEF7B1F9024600E000223B6CA0
:101720009B0058333B4443F8442C3B6C01333B64EF
:101730003B6C032BDDD900233B643B6C002B02D0B8
:101740003B6C013B3B643B6C9B0058333B4453F880
:10175000443C3B653B6D002B05D0396DB86BFFF702
:10176000FDFE034600E0032387F8573097F8573013
:10177000012B05D93B6C01333B643B6C032BE2D955
:1017800097F85730042B01D101237BE197F85730AC
:10179000012B01D90D2375E1BB6B34330B33184694
:1017A000FEF752F90346B3F5007F01D00D2369E13E
:1017B000BB6B343316331846FEF746F90346FB6419
:1017C000FB6C002B06D1BB6B343324331846FEF779
:1017D00054F9F864BB6BFA6CDA61BB6B93F8442084
:1017E000BB6B9A70BB6B9B78012B05D0BB6B9B7856
:1017F000022B01D00D2345E1BB6B9B781A46FB6C95
:1018000002FB03F3FB64BB6B93F841301A46BB6BDE
:101810005A81BB6B5B89002B08D0BB6B5B891A4676
:10182000BB6B5B89013B1340002B01D00D2329E1E9
:10183000BB6B343311331846FEF706F903461A46DC
:10184000BB6B1A81BB6B1B8903F00F039BB2002B90
:1018500001D00D2316E1BB6B343313331846FEF76A
:10186000F3F80346BB64BB6C002B06D1BB6B34336F
:1018700020331846FEF701F9B864BB6B34330E33DE
:101880001846FEF7E1F80346FB85FB8D002B01D1DE
:101890000D23F7E0FA8DFB6C1344BA6B1289120921
:1018A00092B21344BB62BA6CBB6A9A4204D20D2353
:1018B000E8E000BF0C650120BA6CBB6AD31ABA6BB2
:1018C0005289B3FBF2F37B627B6A002B01D10D23BB
:1018D000D8E0032387F857307B6A4FF6F5729342BE
:1018E00002D8022387F857307B6A40F6F57293429C
:1018F00002D8012387F857307B6A9A1CBB6B9A6128
:10190000BB6B3A6D1A62FA8D3B6D1A44BB6B5A621F
:101910003A6DBB6A1A44BB6BDA6297F85730032BF7
:101920001ED1BB6B34332A331846FEF78DF80346BD
:10193000002B01D00D23A5E0BB6B1B89002B01D030
:101940000D239FE0BB6B34332C331846FEF795F81C
:101950000246BB6B9A62BB6B9B699B007B641FE07A
:10196000BB6B1B89002B01D10D238BE0BB6B5A6A2B
:10197000FB6C1A44BB6B9A6297F85730022B03D169
:10198000BB6B9B695B000AE0BB6B9A6913465B000B
:1019900013445A08BB6B9B6903F0010313447B6437
:1019A000BB6BDA697B6C03F2FF135B0A9A4201D2CC
:1019B0000D2367E0BB6B4FF0FF325A61BB6B5A6976
:1019C000BB6B1A61BB6B80221A7197F85730032BDF
:1019D00049D1BB6B343330331846FEF735F8034634
:1019E000012B40D13B6D01331946B86BFEF771F9FD
:1019F0000346002B37D1BB6B00221A71BB6B34330B
:101A000003F5FF731846FEF71FF803461A464AF619
:101A100055239A4227D1BB6B34331846FEF72DF875
:101A200003461A4A93421ED1BB6B343303F5F2735B
:101A30001846FEF722F80346154A934213D1BB6BB2
:101A4000343303F5F4731846FEF717F80246BB6B00
:101A50005A61BB6B343303F5F6731846FEF70DF885
:101A60000246BB6B1A61BB6B97F857201A70094B83
:101A70001B8801339AB2074B1A80064B1A88BB6B3E
:101A8000DA80002318465837BD4680BD5252614166
:101A9000727241611065012080B584B000AF78603A
:101AA00039600923FB737B68002B1CD07B681B68A3
:101AB000002B18D07B681B681B78002B13D07B6829
:101AC0009A887B681B68DB889A420CD17B681B680C
:101AD0005B781846FDF718FF034603F00103002B5F
:101AE00001D10023FB73FB7B002B02D17B681B68B9
:101AF00000E000233A681360FB7B18461037BD46B0
:101B000080BD000080B588B000AFF860B9601346B2
:101B1000FB71BB683B6107F110031846FFF7D9FC66
:101B2000F861FB69002B01DA0B2328E0164AFB69F8
:101B300052F82330BB61BB69002B02D0BB69002285
:101B40001A70FB68002B02D0FB6800221A70FA683A
:101B50000D49FB6941F82320FB68002B02D0FB797B
:101B6000012B01D000230AE007F10C0107F1080363
:101B700000221846FFF748FD0346FB75FB7D18461B
:101B80002037BD4680BD00BF0C65012080B5ADF596
:101B9000187D00AF07F51873A3F51573186007F5E6
:101BA0001873A3F51673196007F51873A3F2592378
:101BB0001A7007F51873A3F515731B68002B01D174
:101BC000092352E207F51873A3F2592307F5187297
:101BD000A2F25922127802F03F021A7007F5187328
:101BE000A3F259231A7807F5047107F10803184680
:101BF000FFF70AFD034687F85F3297F85F32002B44
:101C000040F02682D7F81032C7F81432D7F81032D5
:101C100007F11002DA6007F51873A3F516731A6856
:101C200007F5057311461846FFF7E2FB034687F8F0
:101C30005F3297F85F32002B07D197F83F325BB2E3
:101C4000002B02DA062387F85F3207F51873A3F238
:101C500059231B7803F01C03002B00F0A08097F899
:101C60005F32002B18D097F85F32042B07D107F5AD
:101C700005731846FFF7C2F8034687F85F3207F589
:101C80001873A3F2592307F51872A2F25922127899
:101C900042F008021A7015E097F81A3203F01103A7
:101CA000002B03D0072387F85F320BE007F518738A
:101CB000A3F259231B7803F00403002B02D008235E
:101CC00087F85F3297F85F32002B40F0888007F585
:101CD0001873A3F259231B7803F00803002B7ED05E
:101CE000F9F792FBC7F85002D7F830320E33D7F825
:101CF00050121846FDF7FFFED7F830321633D7F8EA
:101D000050121846FDF7F7FED7F830320B33202279
:101D10001A70D7F81032D7F8302211461846FEF75D
:101D2000DBFCC7F84C02D7F81032D7F8301200228B
:101D30001846FEF7F0FCD7F830321C330021184665
:101D4000FDF7D9FED7F810320122DA70D7F84C32FD
:101D5000002B44D0D7F810321B6BC7F8503207F570
:101D600005730022D7F84C121846FEF7FDF903461A
:101D700087F85F3297F85F32002B30D1D7F81032F6
:101D8000D7F850121846FDF7A4FF034687F85F32D4
:101D9000D7F81032D7F84C22013A1A611FE097F8B1
:101DA0005F32002B1BD197F81A3203F01003002B7F
:101DB00003D0042387F85F3211E007F51873A3F20C
:101DC00059231B7803F00203002B08D097F81A322E
:101DD00003F00103002B02D0072387F85F3297F846
:101DE0005F32002B25D107F51873A3F259231B7816
:101DF00003F00803002B0BD007F51873A3F2592347
:101E000007F51872A2F25922127842F040021A70B5
:101E1000D7F810321A6B07F51873A3F515731B6802
:101E20001A62D7F8302207F51873A3F515731B68EB
:101E30005A6297F85F32002B40F00A81D7F81032CF
:101E4000D7F8302211461846FEF746FC024607F541
:101E50001873A3F515731B689A60D7F830321C33DA
:101E60001846FDF70AFE024607F51873A3F5157329
:101E70001B68DA6007F51873A3F515731B68002259
:101E80009A62D7F8102207F51873A3F515731B682B
:101E90001A60D7F81032DA8807F51873A3F51573AE
:101EA0001B689A8007F51873A3F515731B6807F56F
:101EB0001872A2F2592212781A7407F51873A3F552
:101EC00015731B6800225A7407F51873A3F5157370
:101ED0001B680022DA6107F51873A3F515731B68F8
:101EE00000225A6107F51873A3F515731B682C338C
:101EF0004FF4007200211846FDF74AFE07F51873EB
:101F0000A3F259231B7803F02003002B00F0A080DC
:101F100007F51873A3F515731B68DB68002B00F039
:101F2000978007F51873A3F515731B68DA6807F532
:101F30001873A3F515731B685A61D7F810325B89C3
:101F40005B02C7F8483207F51873A3F515731B68D1
:101F50009B68C7F8583207F51873A3F515731B680B
:101F6000DB68C7F8543221E007F51873A3F5157341
:101F70001B68D7F858121846FDF765FFC7F85802D6
:101F8000D7F85832012B02D8022387F85F32D7F8EE
:101F90005832B3F1FF3F02D1012387F85F32D7F8FF
:101FA0005422D7F84832D31AC7F8543297F85F3220
:101FB000002B05D1D7F85422D7F848329A42D3D80B
:101FC00007F51873A3F515731B68D7F858229A61A3
:101FD00097F85F32002B3BD1D7F85432C3F3080394
:101FE000002B35D0D7F81032D7F858121846FDF725
:101FF0000BFFC7F84402D7F84432002B03D1022369
:1020000087F85F3224E0D7F854325A0AD7F84432BE
:102010001A4407F51873A3F515731B68DA61D7F82E
:102020001032587807F51873A3F515731B6803F180
:102030002C0107F51873A3F515731B68DA690123E2
:10204000FDF7A4FC0346002B02D0012387F85F3282
:1020500097F85F32002B06D007F51873A3F51573B8
:102060001B6800221A6097F85F32184607F5187748
:10207000BD4680BD80B58EB000AFF860B9607A60B3
:102080003B60BB687B623B6800221A60FB6807F11B
:10209000140211461846FFF7FFFC034687F8373055
:1020A00097F83730002B07D1FB685B7C87F8373017
:1020B00097F83730002B02D097F8373015E1FB68DE
:1020C0001B7C03F00103002B01D107230DE1FB680A
:1020D000DA68FB685B69D31A3B627A683B6A9A42AA
:1020E00040F2FE803B6A7B60FAE0FB685B69C3F309
:1020F0000803002B40F0C680FB685B695B0A7A69C5
:102100005289013A1340FB61FB69002B2FD1FB6818
:102110005B69002B03D1FB689B683B6313E0FB68A2
:102120009B6A002B07D0FB685B691946F868FEF7CD
:1021300018F9386307E0FA68FB689B69194610468E
:10214000FDF781FE38633B6B012B04D8FB6802224C
:102150005A740223C9E03B6BB3F1FF3F04D1FB6823
:1021600001225A740123C0E0FB683A6B9A617A69D4
:10217000FB689B6919461046FDF746FEB861BB69CE
:10218000002B04D1FB6802225A740223ADE0BA6925
:10219000FB691344BB617B685B0ABB62BB6A002BB3
:1021A00039D0FA69BB6A13447A695289934205D9D6
:1021B0007B695B891A46FB69D31ABB627B695878D5
:1021C000BB6ABA69796AFDF7E1FB0346002B04D0CC
:1021D000FB6801225A74012387E0FB681B7C5BB219
:1021E000002B14DAFB68DA69BB69D31ABA6A9A421F
:1021F0000DD9FB68DA69BB69D31A5B027A6AD01819
:10220000FB682C334FF400721946FDF7A0FCBB6A43
:102210005B02FB6250E0FB68DB69BA699A422ED030
:10222000FB681B7C5BB2002B18DA7B695878FB6873
:1022300003F12C01FB68DA690123FDF7C7FB0346B4
:10224000002B04D0FB6801225A7401234DE0FB6887
:102250001B7C03F07F03DAB2FB681A747B69587841
:10226000FB6803F12C010123BA69FDF78FFB0346DC
:10227000002B04D0FB6801225A74012335E0FB686F
:10228000BA69DA61FB685B69C3F30803C3F50073DD
:10229000FB62FA6A7B689A4201D97B68FB62FB6841
:1022A00003F12C02FB685B69C3F308031344FA6A69
:1022B0001946786AFDF74BFC7A6AFB6A13447B6225
:1022C000FB685A69FB6A1A44FB685A613B681A68E2
:1022D000FB6A1A443B681A607A68FB6AD31A7B600F
:1022E0007B68002B7FF401AF002318463837BD46CA
:1022F00080BD80B58CB000AFF860B9607A603B609B
:10230000BB68FB613B6800221A60FB6807F11002A2
:1023100011461846FFF7C0FB034687F82F3097F8A1
:102320002F30002B07D1FB685B7C87F82F3097F8A4
:102330002F30002B02D097F82F304BE1FB681B7C2D
:1023400003F00203002B01D1072343E1FB685A6924
:102350007B681A44FB685B699A4280F02D81FB68B8
:102360005B69DB437B6027E1FB685B69C3F30803C0
:10237000002B40F0E380FB685B695B0A3A69528995
:10238000013A1340BB61BB69002B43D1FB685B6919
:10239000002B0CD1FB689B68BB62BB6A002B1AD177
:1023A000FB6800211846FDF744FFB86213E0FB68A4
:1023B0009B6A002B07D0FB685B691946F868FDF73C
:1023C000D0FFB86207E0FA68FB689B6919461046BF
:1023D000FDF72FFFB862BB6A002B00F0F280BB6AEA
:1023E000012B04D1FB6802225A740223F2E0BB6A7B
:1023F000B3F1FF3F04D1FB6801225A740123E9E0E5
:10240000FB68BA6A9A61FB689B68002B02D1FB6883
:10241000BA6A9A60FB681B7C5BB2002B18DA3B69D6
:102420005878FB6803F12C01FB68DA690123FDF79A
:10243000CDFA0346002B04D0FB6801225A74012315
:10244000C8E0FB681B7C03F07F03DAB2FB681A74F8
:102450003A69FB689B6919461046FDF7D5FC78611F
:102460007B69002B04D1FB6802225A740223B1E07D
:102470007A69BB6913447B617B685B0A3B623B6A98
:10248000002B3CD0BA693B6A13443A6952899342A3
:1024900005D93B695B891A46BB69D31A3B623B6924
:1024A00058783B6A7A69F969FDF790FA0346002B80
:1024B00004D0FB6801225A7401238BE0FB68DA69BF
:1024C0007B69D31A3A6A9A4215D9FB6803F12C004A
:1024D000FB68DA697B69D31A5B02FA6913444FF42B
:1024E00000721946FDF733FBFB681B7C03F07F038A
:1024F000DAB2FB681A743B6A5B027B623FE0FB68FE
:10250000DB697A699A4216D0FB685A69FB68DB6816
:102510009A4210D23B695878FB6803F12C010123E1
:102520007A69FDF733FA0346002B04D0FB680122D9
:102530005A7401234EE0FB687A69DA61FB685B69D3
:10254000C3F30803C3F500737B627A6A7B689A421F
:1025500001D97B687B62FB6803F12C02FB685B6935
:10256000C3F3080313447A6AF9691846FDF7EFFAD2
:10257000FB681B7C63F07F03DAB2FB681A74FA69AC
:102580007B6A1344FB61FB685A697B6A1A44FB68E7
:102590005A61FB68DA68FB685B699A4238BF1A4681
:1025A000FB68DA603B681A687B6A1A443B681A6009
:1025B0007A687B6AD31A7B607B68002B7FF4D4AE89
:1025C00000E000BFFB681B7C43F04003DAB2FB680D
:1025D0001A74002318463037BD4680BD80B586B0DA
:1025E00000AF78607B6807F1080211461846FFF7D4
:1025F00053FA0346FB75FB7D002B68D17B681B7C7F
:1026000003F04003002B62D07B681B7C5BB2002B85
:1026100015DABB6858787B6803F12C017B68DA69AE
:102620000123FDF7D3F90346002B01D001234FE02E
:102630007B681B7C03F07F03DAB27B681A74F8F7BF
:10264000E3FE3861BA687B681B6A19461046FDF7DD
:1026500040FB0346FB75FB7D002B38D17B685B6A32
:10266000FB60FB680B331A78FB680B3342F02002E7
:10267000D2B21A707B6818687B689B681A46F96842
:10268000FEF749F8FB6803F11C027B68DB6819461A
:102690001046FDF730FAFB68163339691846FDF726
:1026A0002AFAFB68123300211846FDF709FABB68C5
:1026B0000122DA70BB681846FDF738FB0346FB754C
:1026C0007B681B7C23F04003DAB27B681A74FB7DC5
:1026D00018461837BD4680BD80B584B000AF78601D
:1026E0007868FFF77BFF0346FB73FB7B002B0ED163
:1026F0007B6807F1080211461846FFF7CDF903463B
:10270000FB73FB7B002B02D17B6800221A60FB7BF2
:1027100018461037BD4680BD80B590B000AF7860D8
:1027200039607B6807F1080211461846FFF7B4F9D3
:10273000034687F83F3097F83F30002B03D17B6882
:102740005B7C87F83F3097F83F30002B02D097F83A
:102750003F30E6E17B689B6A002B00F0D1803B684C
:10276000B3F1FF3F5AD17B689B6A7B627B6A1A1D7B
:102770007A621B687B610223BB627B689B683B6358
:102780003B6B002B3AD03B6B3B610023FB62BB6A87
:102790000233BB623B6BFB60FB6A0133FB627B680D
:1027A000396B1846FDF74FFB38633B6B012B04D8A0
:1027B0007B6802225A740223B3E13B6BB3F1FF3F03
:1027C00004D17B6801225A740123AAE1FB6801331A
:1027D0003A6B9A42DED0BA6A7B699A4209D87B6A20
:1027E0001A1D7A62FA6A1A607B6A1A1D7A623A695D
:1027F0001A60BB689B693A6B9A42C4D37B689B6A38
:10280000BA6A1A60BA6A7B699A4203D87B6A002264
:102810001A6084E1112387F83F3080E17B68DB6830
:102820003A689A4202D97B68DB683B607B683A6809
:102830005A613B68002B00F072813B68013B1946EE
:102840007868FDF78EFD02467B689A61BA687B68FE
:102850009B6919461046FDF7D7FAB861BB69002B92
:1028600004D17B6802225A7402235AE13B68013B7F
:102870005B0ABA685289013A1340BA691344BB61D2
:102880007B685B69C3F30803002B00F048817B6819
:10289000DB69BA699A4200F042817B681B7C5BB2BB
:1028A000002B18DABB6858787B6803F12C017B6831
:1028B000DA690123FDF78AF80346002B04D07B6810
:1028C00001225A7401232CE17B681B7C03F07F03F7
:1028D000DAB27B681A74BB6858787B6803F12C0104
:1028E0000123BA69FDF752F80346002B04D07B6838
:1028F00001225A74012314E17B68BA69DA610EE19E
:102900007B68DB683A689A4208D97B681B7C03F0D5
:102910000203002B02D17B68DB683B607B685B694C
:102920003B6200237B637B687A6B5A613B68002BB8
:1029300000F0A780BB685B895B02FB613B6A002BF0
:102940001BD03B685A1EFB69B2FBF3F23B6A591E6F
:10295000FB69B1FBF3F39A420FD33B6A5A1EFB6942
:102960005B421A407B685A617B685B693A68D31A9C
:102970003B607B689B69BB6322E07B689B68BB63B1
:10298000BB6B002B19D17B6800211846FDF751FC69
:10299000B863BB6B012B04D17B6802225A740223FB
:1029A000BFE0BB6BB3F1FF3F04D17B6801225A74D7
:1029B0000123B6E07B68BA6B9A607B68BA6B9A6158
:1029C000BB6B002B5DD03AE03A68FB69D31A3B60E1
:1029D0007B685A69FB691A447B685A617B681B7C77
:1029E00003F00203002B0BD07B68B96B1846FDF790
:1029F00020FCB863BB6B002B08D100233B6022E0B6
:102A00007B68B96B1846FDF71EFAB863BB6BB3F170
:102A1000FF3F04D17B6801225A74012381E0BB6B24
:102A2000012B04D9BB689B69BA6B9A4204D37B68BB
:102A300002225A74022374E07B68BA6B9A613A6886
:102A4000FB699A42C0D87B685A693B681A447B6824
:102A50005A613B68C3F30803002B12D0BB68B96B03
:102A60001846FDF7D1F978637B6B002B04D17B68A6
:102A700002225A74022354E03B685B0A7A6B1344C7
:102A80007B637B685A697B68DB689A420AD97B68FA
:102A90005A697B68DA607B681B7C43F04003DAB2DA
:102AA0007B681A747B685B69C3F30803002B36D01C
:102AB0007B68DB697A6B9A4231D07B681B7C5BB2A6
:102AC000002B18DABB6858787B6803F12C017B680F
:102AD000DA690123FCF77AFF0346002B04D07B68F8
:102AE00001225A7401231CE07B681B7C03F07F03E6
:102AF000DAB27B681A74BB6858787B6803F12C01E2
:102B000001237A6BFCF742FF0346002B04D07B685D
:102B100001225A74012304E07B687A6BDA6197F82A
:102B20003F3018464037BD4680BD80B5ADF51E7DAF
:102B300000AF07F51E73A3F51D7318600023C7F8D7
:102B4000703207F503713B1D02221846FEF75CFD4B
:102B5000034687F87732D7F80C32C7F8403297F837
:102B60007732002B40F09480D7F80C3207F10C023A
:102B7000DA6007F51E73A3F51D731A6807F5107365
:102B800011461846FEF734FC034687F8773297F86B
:102B90007732002B7CD197F86B325BB2002B03DAD3
:102BA000062387F8773208E097F8463203F00103EE
:102BB000002B02D0072387F8773297F87732002B63
:102BC0003BD1D7F80C32D7F85C2211461846FDF7F6
:102BD00083FDC7F8700297F8463203F01003002B0C
:102BE0002BD0D7F80C32C7F81032D7F87032C7F8AC
:102BF000183207F5047300211846FDF7E6FB03467B
:102C000087F8773297F87732002B16D107F50473DF
:102C100000211846FDF78BFF034687F8773297F8B7
:102C20007732002B02D1072387F8773297F8773273
:102C3000042B02D1002387F8773297F87732002BE4
:102C400026D107F510731846FEF7D0F9034687F82A
:102C5000773297F87732002B0ED1D7F87032002BED
:102C60000AD007F510730022D7F870121846FDF746
:102C70007BFA034687F8773297F87732002B07D133
:102C8000D7F80C321846FDF751F8034687F877322B
:102C900097F87732184607F51E77BD4680BD0000CD
:102CA00090B59DB000AFF8607A603B600B46FB7258
:102CB00001237B644FF400733B6407F10C03184657
:102CC000FEF707FCF863FB6B002B02DA0B2300F026
:102CD0000DBC944AFB6B52F82330002B05D0914A6F
:102CE000FB6B52F8233000221A70FB6B87F83B30E5
:102CF000002387F83A3097F83B301846FCF71EFE61
:102D0000034687F8393097F8393003F00103002B78
:102D100001D00323EAE397F8393003F00403002BD2
:102D200001D00A23E2E307F1140297F83B300321B4
:102D30001846FCF76BFE0346002B0CD17B69002B79
:102D400009D07B69B3F5004F05D87B695A1E7B69B2
:102D50001340002B01D001237B614FF40073FB86ED
:102D60007B68002B03D0FB8E7A689A4209D37B687C
:102D7000B3F1807F05D87B685A1E7B681340002B17
:102D800001D01323B2E3FB8E7A68B2FBF3F37B60CE
:102D90003B683B63FB8ED7F88020B2FBF3F3FB620A
:102DA000FA8EFB6A02FB03F3BB62BB6A002B01D104
:102DB0000E239BE307F1100297F83B3001211846E0
:102DC000FCF724FE0346002B01D001238EE3FB7A9F
:102DD00003F00803002B01D0002300E03F237B62B7
:102DE0003B697A6A9A4201D90E237FE33A697B6A8A
:102DF000D31A3B613B697F2B01D80E2376E37B68B6
:102E0000802B01D9132371E3FB7A03F00203002B1B
:102E10000DD0FB7A03F00703022B04D0FB7A03F0FA
:102E20000103002B03D1032387F84F3009E0FB7A1D
:102E300003F00103002B01D1132357E3022387F88A
:102E40004F307B683B6597F84F30032B3CD13B6D8F
:102E5000002B1BD13B695B0CFB650023BB6401238A
:102E60003B6505E0BB6C0133BB643B6D5B003B65C0
:102E70002D4ABB6C32F81330002B07D02A4ABB6CAA
:102E800032F813301A46FB6D9342EBD23A693B6D30
:102E9000B2FBF3F33B623B6A02339A00FB8E1344AE
:102EA0005A1EFB8EB2FBF3F3BB6620237B65002327
:102EB000FB663B6A4FF6F572934203D93B6A1B4AA5
:102EC000934252D90E2311E33B6D002B1BD13B697A
:102ED0001B0BFB650023BB6401233B6505E0BB6C5A
:102EE0000133BB643B6D5B003B65114ABB6C32F840
:102EF0001330002B07D00E4ABB6C32F813301A4641
:102F0000FB6D9342EBD23A693B6DB2FBF3F33B624C
:102F10003B6A40F6F57293420CD93B6A02335B0080
:102F2000FB6512E00C65012020C00208F5FFFF0FD1
:102F300030C00208012387F84F303A6A13465B001D
:102F4000134401335B080333FB65FA8EFB6D1344B6
:102F50005A1EFB8EB2FBF3F3BB6601237B653B6C11
:102F60005A01FB8EB2FBF3F3FB667A6A7B6D134466
:102F7000BB65BB6E7A6C03FB02F2BB6D1344FA6E49
:102F80001344FB617A69FB6913445A1E7B695B42F7
:102F90001A40FB69D31AFB6597F84F30032B08D111
:102FA0007A6DFB6D13447B65BA6DFB6D1344BB6595
:102FB00006E0FA6D7B6CB2FBF3F3BA6E1344BB66AA
:102FC0003B6D1A01FB691A447B6AD21A3B699A422B
:102FD00001D90E238AE23A697B6DD21ABB6E796CF5
:102FE00001FB03F3D21AFB6ED21A3B6DB2FBF3F373
:102FF0003B6297F84F30032B0FD13B6A4FF6F572C7
:1030000093420AD87B68002B05D13B6D5B087B603F
:103010007B68002B44D10E2368E297F84F30022BD7
:1030200033D13B6A4FF6F57293421ED97B68002B71
:1030300007D13B6D5B00402B03D83B6D5B007B6091
:1030400033E0FB7A03F00203002B03D0032387F85D
:103050004F302AE07B68002B05D13B6D5B007B6025
:103060007B68802B1ED90E2340E23B6A40F6F57246
:1030700093420AD87B68002B05D13B6D5B007B60D7
:103080007B68802B10D90E2330E297F84F30012B4C
:103090000CD13B6A40F6F572934207D90E2325E224
:1030A00000BFCEE600BFCCE600BFCAE600BFFB8E85
:1030B0001A460021386BFCF76BFD0B22B249386BC6
:1030C000FCF745FD3B6B0B33FA8E11461846FCF7B7
:1030D000F7FC3B6B0D333A6DD2B21A703B6B0E337B
:1030E0007A6D92B211461846FCF7EAFC3B6B10333E
:1030F0007A6CD2B21A703B6B03F1110297F84F3021
:10310000032B02D03B6C9BB200E000231946104613
:10311000FCF7D6FC3B69B3F5803F08D23B6B133319
:103120003A6992B211461846FCF7CAFC06E03B6BBE
:1031300020333A6911461846FCF7DDFC3B6B15332A
:10314000F8221A703B6B18333F211846FCF7B8FC85
:103150003B6B1A33FF211846FCF7B2FC3B6B1C3368
:10316000796A1846FCF7C7FC97F84F30032B31D12A
:103170003B6B03F14304F8F747F903461946204631
:10318000FCF7B9FC3B6B2433B96E1846FCF7B3FC73
:103190003B6B2C3302211846FCF7ADFC3B6B303304
:1031A00001211846FCF78CFC3B6B32330621184694
:1031B000FCF786FC3B6B403380221A703B6B42333A
:1031C00029221A703B6B4733132270491846FCF7CB
:1031D000BEFC20E03B6B03F12704F8F715F903462A
:1031E00019462046FCF787FC3B6B1633BA6E92B249
:1031F00011461846FCF764FC3B6B243380221A709E
:103200003B6B263329221A703B6B2B331322604908
:103210001846FCF79CFC3B6B03F5FF734AF65521FF
:103220001846FCF74DFC97F83B0001237A6A396B8E
:10323000FCF7CCFB0346002B01D0012356E197F8A5
:103240004F30032B40D17B6A9A1D97F83B00012336
:10325000396BFCF7BBFBFB8E1A460021386BFCF781
:1032600097FC4C49386BFCF746FC3B6B03F5F2735B
:1032700049491846FCF73FFC3B6B03F5F4723B6A87
:10328000013B19461046FCF736FC3B6B03F5F67321
:1032900002211846FCF72FFC3B6B03F5FF734AF63F
:1032A00055211846FCF70CFC7B6ADA1D97F83B00A9
:1032B0000123396BFCF78AFB7B6A5A1C97F83B00A9
:1032C0000123396BFCF782FBBA6A0021386BFCF7EB
:1032D0005FFCBB6D7B660023BB644BE097F84F300F
:1032E000032B13D16FF00701386BFCF704FC3B6B29
:1032F00004334FF0FF311846FCF7FDFB3B6B0833FE
:103300006FF070411846FCF7F6FB0BE097F84F3072
:10331000012B01D1214B01E06FF007031946386BF7
:10332000FCF7E9FBBB6E3B663A6EFB6A934228BF33
:103330001346FB6597F83B00FB6D7A6E396BFCF723
:1033400045FB0346002B01D00123CFE0FB8E1A463C
:103350000021386BFCF71CFC7A6EFB6D13447B6616
:103360003A6EFB6DD31A3B663B6E002BDCD1BB6C17
:103370000133BB64BA6C7B6C9A42AFD397F84F3081
:10338000032B0DD13B6D0CE088B1020894B102080B
:10339000A8B102085252614172724161F8FFFF0008
:1033A000FB6E3B663A6EFB6A934228BF1346FB6591
:1033B00097F83B00FB6D7A6E396BFCF707FB034611
:1033C000002B01D0012391E07A6EFB6D13447B66E4
:1033D0003A6EFB6DD31A3B663B6E002BE2D197F839
:1033E0004F30032B03D10C2387F84E3010E03B699C
:1033F000B3F5803F03D3062387F84E3008E097F8F3
:103400004F30022B01D1042300E0012387F84E3016
:10341000FB7A03F00803002B5BD1FB8E1A460021D8
:10342000386BFCF7B5FB3B6B03F5FF734AF6552190
:103430001846FCF745FB3B6B03F5DF73BB61BB69CB
:1034400000221A70BB69013301221A70BB69023372
:1034500001221A70BB69033300221A70BB6904335E
:1034600097F84E201A703A697B6A1A44214BA3FBE5
:103470000213D21A520813445B0BFB65BB69053378
:10348000FE221A70FB6D9B08DAB2BB69063342F06C
:103490003F02D2B21A70BB690733FA6DD2B21A700A
:1034A000BB690833796A1846FCF725FBBB690C3306
:1034B0003A6911461846FCF71EFB97F83B000123BA
:1034C0000022396BFCF782FA0346002B01D001235E
:1034D0000CE097F83B30002200211846FCF796FAE2
:1034E0000346002B01D0012300E000231846743767
:1034F000BD4690BD5B56150580B487B000AFF8603F
:10350000B9601346FB710123FB750023BB751F4B8C
:103510005B7ADBB2002B31D11C4B5B7ADBB21A46F3
:103520001A4B00219954194B5B7ADBB2174A9B0066
:103530001344FA685A60154B5B7ADBB21A46134B98
:103540001344FA791A72114B5B7ADBB25A1CD1B26E
:103550000E4A5172BB75BB7D3033DAB2BB681A704C
:10356000BB6801333A221A70BB6802332F221A70EB
:10357000BB68033300221A700023FB75FB7D1846DD
:103580001C37BD465DF8047B704700BF1465012001
:1035900080B582B000AF7860396000223968786801
:1035A000FFF7AAFF034618460837BD4680BD000056
:1035B00080B485B000AF03463960FB80FB887F2B69
:1035C00002D8FB88FB8125E03B68002B0BD0FB88F1
:1035D000FF2B05D8FB88803B124A32F8133000E0FD
:1035E0000023FB8116E00023FB8109E0FB890D4AE3
:1035F00032F81330FA889A4206D0FB890133FB81F6
:10360000FB897F2BF2D900E000BFFB8980339BB29E
:10361000DBB2FB81FB8918461437BD465DF8047B9D
:10362000704700BF40C0020880B487B000AF0346B7
:10363000FB80FB88B3F5805F01D23E4B00E03E4B40
:103640007B617B699A1C7A611B887B827B8A002B59
:1036500068D0FA887B8A9A4264D37B699A1C7A6123
:103660001B883B823B8A1B0AFB813B8ADBB23B8285
:10367000FA88798A3B8A0B449A4249DAFB89082BFB
:103680004FD801A252F823F0AD360208BF36020827
:10369000D5360208DD360208E5360208ED360208A6
:1036A000F5360208FD36020805370208FA887B8ADB
:1036B000D31A5B007A6913441B88FB8027E0FA88E1
:1036C0007B8AD31A9BB203F001039BB2FA88D31A08
:1036D000FB801CE0FB88103BFB8018E0FB88203B54
:1036E000FB8014E0FB88303BFB8010E0FB881A3B3A
:1036F000FB800CE0FB880833FB8008E0FB88503B34
:10370000FB8004E0FB88A3F5E353FB8000BF08E0E7
:10371000FB89002B95D13B8A5B007A6913447B615E
:103720008FE700BFFB8818461C37BD465DF8047B59
:10373000704700BF40C1020834C30208F8B52DED40
:10374000028B57EC106B55EC114B00F053FD2246E9
:103750002B4630463946B0EE408AF0EE608ADDF7FF
:10376000F5F990B90022002320462946DDF7BCF97F
:1037700058B104F0CBFF2123036000220023104640
:103780001946DDF773F841EC180BB0EE480AF0EE7D
:10379000680ABDEC028BF8BDF8B52DED028BB0EEDA
:1037A000408AF0EE608A55EC114B00F02DFE224667
:1037B0002B462046294657EC106BDDF7C7F9002849
:1037C0003BD151EC180B00220023DDF78DF9B8B185
:1037D0000022002320462946DDF786F9002846D13D
:1037E00045EC104B00F01AFA38B3002200232046B3
:1037F0002946DDF783F900B304F088FF22231BE09C
:1038000047EC106B00F00AFAE0B9B0EE480AF0EEAF
:10381000680A00F003FAA8B145EC104B00F0FEF97D
:1038200080B132463B4630463946DDF78FF90028F5
:10383000E2D004F06BFF21230360BDEC028B47EC68
:10384000106BF8BD0022002330463946DDF74CF9F5
:103850000028F2D0B0EE480AF0EE680A00F0DEF977
:103860000028EAD045EC104B00F0D8F9C3E7014F2F
:103870000026E2E70000F03F38B52DED028B55EC55
:10388000104B00F0DDF922462B4620462946B0EECB
:10389000408AF0EE608ADDF759F990B900220023E2
:1038A00020462946DDF72AF958B104F02FFF2123DD
:1038B00003600022002310461946DCF7D7FF41ECD5
:1038C000180BB0EE480AF0EE680ABDEC028B38BD6A
:1038D0001FB553EC102B264823F00041814206D837
:1038E0009FED211B05B05DF804EB00F001BB214802
:1038F000814208D910461946DCF7D6FC41EC100B82
:1039000005B05DF804FB684601F0CAFA00F0030058
:1039100001280BD0022815D0D8B99DED021B9DEDD2
:10392000000B00F0E5FA51EC100BE7E79DED021BF0
:103930009DED000B00F0A4FB53EC102B104603F19F
:103940000041DBE79DED021B9DED000B00F0D0FA7E
:10395000F2E79DED021B9DED000B012000F090FBB6
:10396000E1E700BFAFF300800000000000000000AE
:10397000FB21E93FFFFFEF7F1FB553EC102B2648DB
:1039800023F00041814207D89FED211B002005B0A4
:103990005DF804EB00F074BB2048814208D9104662
:1039A0001946DCF781FC41EC100B05B05DF804FB17
:1039B000684601F075FA00F0030001280CD00228D7
:1039C00011D0E8B99DED021B9DED000B012000F028
:1039D00057FB51EC100BE6E79DED021B9DED000B34
:1039E00000F086FAF5E79DED021B9DED000B01202E
:1039F00000F046FB53EC102B104603F10041D2E7D8
:103A00009DED021B9DED000B00F072FAF2E700BF86
:103A10000000000000000000FB21E93FFFFFEF7FF6
:103A200008B52DED028BB0EE408A01F0DDFCB4EE5E
:103A3000488AF1EE10FAF0EE408A15D6B0EE480A48
:103A400000F09EF8F7EE007AB4EEE70AF1EE10FA15
:103A50000ADD04F05BFEBDEC028B21230360BDE8B0
:103A60000840044800F0E6B8B0EE680ABDEC028BEE
:103A700008BD00BF8FC4020801F09ABD08B52DED46
:103A8000028BF0EE408AB0EE608A01F031FEF4EE77
:103A9000488AF1EE10FA0CD6DFED078AB4EE688A98
:103AA000F1EE10FA05D104F031FE88EEA80A2123C8
:103AB0000360BDEC028B08BD0000000008B52DEDD1
:103AC000028BB0EE408A00F091F9B4EE488AF1EE34
:103AD00010FA0CD6DFED078AB4EEE88AF1EE10FAA0
:103AE00005D504F013FE88EEA80A21230360BDEC7F
:103AF000028B08BD0000000010EE103A07B51E4A08
:103B000023F00043934206D8DFED1C0A03B05DF8B2
:103B100004EB01F0C9BBB3F1FF4F04D330EE400A10
:103B200003B05DF804FB684601F064FE00F003009A
:103B3000012809D0022810D0B0B9DDED010A9DEDB1
:103B4000000A01F0B1FBEBE7DDED010A9DED000A93
:103B500001F002FCB1EE400AE2E7DDED010A9DED65
:103B6000000A01F0A1FBF5E7DDED010A9DED000A79
:103B7000012001F0F1FBD3E7D80F493F000000001E
:103B800010EE103A23F0004300EE103A70470000A8
:103B900010EE103A07B51F4A23F00043934207D8AE
:103BA000DFED1D0A002003B05DF804EB01F0D4BB8B
:103BB000B3F1FF4F04D330EE400A03B05DF804FBCD
:103BC000684601F017FE00F0030001280AD0022821
:103BD0000FD0C0B9DDED010A9DED000A012001F012
:103BE000BBFBEAE7DDED010A9DED000A01F05CFB9D
:103BF000E3E7DDED010A9DED000A012001F0ACFBD9
:103C0000B1EE400AD9E7DDED010A9DED000A01F0B1
:103C10004BFBF5E7D80F493F0000000082B08DED67
:103C2000000B019840F0004000F58010C00F02B07A
:103C3000704700009FED010A704700BF0000C07F81
:103C40002DE9F84F664A55EC104BAA432B46214606
:103C500010D1224620462946DCF7DEFC02460B4600
:103C600020462946DCF722FB04460D4645EC104B66
:103C7000BDE8F88F002D0EDC25F000422243F5D080
:103C80009DB1224620462946DCF70EFB02460B4634
:103C9000DCF7ECFDE8E72A1515D1002009E0CB0A96
:103CA000153A4905002BFAD0F7E72A46FAE75B00F8
:103CB0000130DC02FBD5441E121BC0F1200421FAA6
:103CC00004F423438140C3F31303A2F2FF3743F408
:103CD0008013D2075CBF5B0003EBD1734FEA430351
:103CE00058BF4900002603EBD1737F10490016200E
:103CF00032464FF4001415199D42DEBF2A195B1B92
:103D00003619CD0F013805EB43034FEA41014FEA65
:103D10005404F0D1054620244FF0004C93420CEBA4
:103D2000000E02DC13D18E4511D8BEF1000F0EEB50
:103D30000C003FDA00283DDB02F101089B1A8E459A
:103D400088BF03F1FF33A1EB0E01654442464FEA01
:103D5000D17E013C0EEB43034FEA41014FEA5C0C7C
:103D6000DCD119431BD0DFF87CA0DFF87CB0DAE9A6
:103D70000001DBE90023DCF797FADAE90089024663
:103D80000B4640464946DCF7C3FE40B1B5F1FF3F64
:103D9000DAE90001DBE900230ED101362546731074
:103DA00003F17F5303F5001303EB07516B0843EA5C
:103DB000C67059E79046C1E7DCF778FADAE900897E
:103DC00002460B4640464946DCF798FE20B1AB1C44
:103DD00008BF01360235E2E76B1C23F00105DEE780
:103DE0000000F07FC8C50208C0C50208B1EEC00AD5
:103DF000704700000000000051EC100BC1F30A53A3
:103E00002DE9F041A3F2FF36132E0C4605468046FD
:103E100034DC002E17DA32A3D3E90023DCF746FAAC
:103E200000220023DCF788FE50B1002C55DA24F084
:103E300000442C430025AC422B4C08BF4FF00044FB
:103E40002146284623E0294F374101EA070303436F
:103E50001DD023A3D3E90023DCF728FA0022002396
:103E6000DCF76AFE0028EBD0002CBEBF4FF48013B5
:103E70003341E41824EA07040025E1E7332E0ADD84
:103E8000B6F5806F03D102460B46DCF70FFA41EC22
:103E9000100BBDE8F081A3F213434FF0FF37DF4072
:103EA0000742F4D00EA3D3E90023DCF7FFF9002288
:103EB0000023DCF741FE0028C2D0002C0ADA142EC1
:103EC00001D1013406E0C6F134060123B3401D449C
:103ED0004545F6D325EA0705B2E700252C46AFE7AE
:103EE0009C7500883CE4377E0000F0BFFFFF0F00A8
:103EF0002DE9F74F57EC106B27F00048B8F1795FC8
:103F00008DED001B06D230463946DCF735FE002821
:103F100000F0888032463B4630463946DCF77CFB71
:103F2000514B002204460D46DCF776FB40A3D3E953
:103F3000002382468B4620462946DCF76DFB3EA3D4
:103F4000D3E90023DCF7B2F922462B46DCF764FB09
:103F50003BA3D3E90023DCF7A7F922462B46DCF785
:103F60005BFB39A3D3E90023DCF7A0F922462B46FB
:103F7000DCF752FB36A3D3E90023DCF795F92246A0
:103F80002B46DCF749FB34A3D3E90023DCF78EF999
:103F900022462B46DCF740FB22462B46DCF73CFB57
:103FA000DDE9002304460D4630463946DCF734FB94
:103FB0000B46024629462046DCF776F92B4B9845FE
:103FC00006460F4610D802460B4650465946DCF7C7
:103FD0006BF90B46264902460020DCF765F941ECF7
:103FE000100B03B0BDE8F08F224B214998458CBFE0
:103FF000214DA8F50015002422462B460020DCF7B1
:1040000053F92246804689462B4650465946DCF7EE
:104010004BF932463B46DCF747F902460B46404631
:104020004946DAE79FED0E0BDBE700BFAFF30080F8
:10403000D43888BEE9FAA8BDC4B1B4BD9EEE213E15
:10404000AD529C804F7E923E9015CB19A001FA3E56
:104050007751C1166CC1563F4C5555555555A53F26
:10406000000000000000F03F0000E03F3233D33F8B
:104070000000F03F0000E93F0000D23F00000000D8
:104080002DE9F04F55EC104B25F0004385B0B3F10E
:10409000795F8DED021B804605D220462946DCF76C
:1040A0006BFD002852D022462B4620462946DCF7DD
:1040B000B3FA82468B4602460B4620462946DCF779
:1040C000ABFA42A3D3E90023CDE90001504659469B
:1040D000DCF7A2FA3FA3D3E90023DCF7E5F8524668
:1040E0005B46DCF799FA3DA3D3E90023DCF7DEF861
:1040F00052465B46DCF790FA3AA3D3E90023DCF79B
:10410000D3F852465B46DCF787FA38A3D3E900239D
:10411000DCF7CCF806460F46B8F1000F1BD102467B
:104120000B4650465946DCF777FA25A3D3E900231E
:10413000DCF7BAF8DDE90023DCF76EFA02460B463D
:1041400020462946DCF7B2F804460D4645EC104BF4
:1041500005B0BDE8F08FDDE902011B4B0022DCF762
:104160005BFA3246804689463B46DDE90001DCF7D2
:1041700053FA02460B4640464946DCF795F852464C
:104180005B46DCF749FADDE90223DCF78DF80CA386
:10419000D3E9002306460F46DDE90001DCF73CFACF
:1041A00002460B4630463946DCF780F802460B469D
:1041B00020462946DCF778F8C6E700BFAFF3008059
:1041C000495555555555C53F0000E03F7CD5CF5A60
:1041D0003AD9E53DEB9C2B8AE6E55A3E7DFEB15788
:1041E000E31DC73ED561C119A0012A3FA6F81011F1
:1041F0001111813F53EC112B2DE9F04723F00048BA
:1042000052EA080451EC100B1E46964694460CD018
:10421000764D21F00049A9450C4606D85542744F09
:10422000154348EAD575BD4209D9DCF7F5F90246D0
:104230000B46DCF71BFB41EC100BBDE8F087C145DA
:104240008246074601F0004509DCF4DB8242F2D8E1
:1042500005D1684B03EB1573D3E90001EBE7644923
:104260000C4248D1B9F1000F3DD1634A5346002BAF
:1042700036DC0E424FD1B8F1000F44D15E4B71468F
:1042800000293DDC5D4882424ADBC4F3130141F45E
:1042900080115A48834257DBC6F3130646F4801652
:1042A000D01A8A1BA7EB0C04002862D1674538BFDF
:1042B00002F1FF32002ABCBF3C460A4652EA040122
:1042C000C7D0B2F5801F69DB4C498B426CDBA2F58D
:1042D00080122A4303F2FF3342EA03512046AAE741
:1042E000013A5B00C3E7454A4FEAC923002BC0DD12
:1042F000013A5B00FAE74FEA2952A2F2FF32B8E72F
:10430000013B4900BCE73D4B4FEAC8210029B9DD1C
:10431000013B4900FAE74FEA2853A3F2FF33B1E724
:10432000801A1F280ADC02F21E4109FA00F92AFA53
:1043300001F141EA09010AFA00F7AAE73049891AAE
:104340000AFA01F10027A4E7C01A1F280ADC03F2C9
:104350001E4608FA00F82EFA06F646EA08060EFA95
:1043600000FC9DE7264EF61A0EFA06F64FF0000CFA
:1043700096E7674538BF02F1FF32002A05DAFA0FE7
:1043800002EB41017F0001388BE752EA04013FF460
:1043900060AFE10F01EB42016700F4E7E10F01EBD1
:1043A00042026400013B8CE7C91A14290ADC03F2BB
:1043B0001E4302FA03F3CC4023430A4142EA0501BB
:1043C000184638E71F2907DC03F21E43CC4002FAE7
:1043D00003F323432A46F1E7C3F17F4303F57F0349
:1043E00003F57B43E23342FA03F3F3E7FFFFEF7F8A
:1043F0000000F07FD0C50208EDFBFFFF02FCFFFFCD
:10440000E2FBFFFF000000002DE9F04F91B08DEDC1
:10441000001BDDE9001929F0004A5AEA010057ECB7
:10442000106B13D1B31987F40022524198429A4B72
:10443000934180F0EE84DDE9002330463946DBF716
:1044400035FF41EC100B11B0BDE8F08F934A27F017
:1044500000459542B84633460AD804D1002EEAD129
:10446000AA45E8D801E0924502D892450FD171B132
:1044700008F1404808F5801858EA0308DBD1DDE967
:104480000032DB1882F4002252419845CFE7B8F1A0
:10449000000FAB4643DA824A924556D8A2F15472D5
:1044A000924540F2C5844FEA2A52A2F2FF32142A02
:1044B00018DDC2F1340221FA02F404FA02F28A424F
:1044C00040F0B68404F00104C4F10204002959D17B
:1044D000B9F1804F48D132463B4630463946DCF789
:1044E0009BF8AEE700294CD1C2F114024AFA02F45B
:1044F00004FA02F2524540F0988404F00104C4F139
:104500000204684A9245E3D1B9F1000F80F2898430
:10451000644932463B460020DCF7A8F991E70024C5
:1045200081BB5E4A9245ECD105F1404202F5801212
:104530001A4300F06E845C4B9D4208D9B9F1000F1C
:1045400080F26B84002000217BE70224E8E7B9F1C8
:10455000000F4FF000004FF00001BFF672AFDDE931
:10456000000303F100416CE7504A91450AD1B8F1CC
:10457000000F07DB47EC106B11B0BDE8F04FFFF701
:104580005FBB002447EC106B029300F085FE029B9A
:1045900051EC100B43BB434B28F040429A4200D0F1
:1045A00015BBB9F1000F05DA02460B4600203D4964
:1045B000DCF75CF9B8F1000FBFF643AF05F14045F9
:1045C00005F58015254308D102460B4610461946CD
:1045D000DBF76AFE02460B469EE7012C7FF431AF03
:1045E00001F1004319462CE74FEAD873013B53EA27
:1045F000040202D132463B46E8E7013C1C4316D098
:104600009FED217BBAF1844F8DED027B40F210814A
:10461000274B9A45244B16D99D420BD8B9F1000F70
:104620000BDA002011B0BDE8F04F01F099BB9FED0F
:10463000187BE7E7B9F1000FF3DC002011B0BDE80B
:10464000F04F01F085BB9D420CD2DDE90201002252
:104650000023DCF753FA003818BF0120B9F1000F2E
:10466000ECDADFE70F4B9D424FF0000222D9DDE983
:1046700002010023DCF742FA003818BF0120B9F12B
:10468000000FCFDCDAE700BF000000000000F03FC1
:10469000000000000000F0BF0000F0FF0000F07F0D
:1046A000FFFF3F430000F03FFFFFEF3F0000E03F10
:1046B0000000F0435A4BDBF7F7FD51A3D3E9002389
:1046C00004460D46DBF7A8FF4FA3D3E900230646B7
:1046D0000F4620462946DBF79FFF524B82468B460A
:1046E000002220462946DBF797FF02460B4648A1E9
:1046F000D1E90001DBF7D8FD22462B46DBF78CFF22
:1047000002460B4600204849DBF7CEFD2246804694
:1047100089462B4620462946DBF77EFF02460B469C
:1047200040464946DBF778FF3BA3D3E90023DBF79C
:1047300073FF02460B4650465946DBF7B5FD02466D
:104740000B468046894630463946DBF7AFFD0024EC
:1047500032463B4620460D46DBF7A6FD02460B4699
:1047600040464946DBF7A0FDDDE90023CDE90423FF
:1047700000230493DDE904AB06460F465B46524630
:10478000DDE90001DBF790FD22462B46DBF744FF15
:10479000DDE900238046894630463946DBF73CFF99
:1047A00002460B4640464946DBF780FD5B4606461F
:1047B0000F46524620462946DBF72EFF0B4602469F
:1047C0008046894630463946DBF770FD174B9942E3
:1047D00004460D468B4640F30B8201F13F4303F53F
:1047E000E003034300F0EA81DDE902010022002337
:1047F000DCF784F9003818BF012013E7AFF300801D
:10480000000000604715F73F44DF5DF80BAE543EF3
:10481000555555555555D53FFE822B654715F73FE4
:104820000000F03F0000D03F0000E03FFFFF8F405E
:10483000D54B08EA030300222BB9D44BDBF7ECFE7F
:104840006FF034028B464FEA2B53A3F2FF3313442D
:104850000A93CF4BCBF3130B4BF07F559B4545F49D
:10486000401508DDCB4B9B4540F3A5810A9B0133E6
:104870000A93A5F580154FF0000A4FEACA030B937F
:10488000C54B03EBCA0393ED007B294653EC172B72
:104890008DED067BCDE90801DBF706FDDDE9082398
:1048A00006460F46DDE90601DBF700FD02460B4632
:1048B0000020BA49DBF7DAFFCDE90C0102460B46CE
:1048C00030463946DBF7A8FECDE90401DDE904BC3A
:1048D0006D1045F000554FF0000B05F500256146C1
:1048E000002205EB8A435846E146CDE90EBC14464A
:1048F0001D46DBF791FE02460B4630463946DBF794
:10490000D3FCDDE9062306460F4620462946DBF7A1
:10491000CBFC02460B46DDE90801DBF7C5FC5A4635
:104920004B46DBF779FE02460B4630463946DBF74D
:10493000BBFCDDE90C23DBF76FFEDDE90423CDE9E9
:10494000060110461946DBF767FE7DA3D3E9002375
:1049500004460D46DBF760FE7BA3D3E90023DBF7BB
:10496000A5FC22462B46DBF757FE79A3D3E90023AB
:10497000DBF79CFC22462B46DBF74EFE76A3D3E901
:104980000023DBF793FC22462B46DBF745FE74A39E
:10499000D3E90023DBF78AFC22462B46DBF73CFEFB
:1049A00071A3D3E90023DBF781FC224606460F46BC
:1049B0002B4620462946DBF72FFE02460B463046A3
:1049C0003946DBF729FE5A4604460D464B46DDE9DB
:1049D0000401DBF76BFCDDE90623DBF71DFE224655
:1049E0002B46DBF763FC5A46CDE908014B46584697
:1049F0004946DBF711FE6A4B002206460F46DBF7FD
:104A000055FCDDE90823DBF751FCD846DDE90EBC97
:104A10000D465A460B4640464946CDE90CBCDBF7ED
:104A2000FBFD5C46804689465D4B002220462946B8
:104A3000DBF73AFC32463B46DBF736FC02460B46D8
:104A4000DDE90801DBF730FCDDE90423DBF7E4FDF9
:104A5000224606460F462B46DDE90601DBF7DCFD64
:104A600002460B4630463946DBF720FC06460F4629
:104A700002460B4640464946DBF718FCDDE90CBC14
:104A80003BA3D3E900235846CDE908BC0D46DBF72C
:104A9000C3FD5C46CDE9040142464B46204629460B
:104AA000DBF702FC02460B4630463946DBF7FCFBDF
:104AB00031A3D3E90023DBF7AFFD31A3D3E9002312
:104AC00006460F4620462946DBF7A6FD02460B4662
:104AD00030463946DBF7EAFB0B9A324B1344D3E9F5
:104AE0000023DBF7E3FBCDE906010A98DBF72AFD9B
:104AF0000B9A2D4B1344D3E900890646DDE90623C2
:104B00000F46DDE90401DBF7D1FB42464B46DBF7FC
:104B1000CDFB32463B46DBF7C9FBDDE908BC32463C
:104B20003B4658460D46DBF7BFFB42464B46DBF79C
:104B3000BBFBDDE90423DBF7B7FB5C4636E000BFD7
:104B4000EF4E454A287ECA3F65DBC9934A86CD3F72
:104B500001411DA96074D13F4D268F515555D53F58
:104B6000FFAB6FDBB66DDB3F033333333333E33FF0
:104B7000000000E009C7EE3FFD033ADC09C7EE3F45
:104B8000F5015B14E02F3EBE0000F07F00004043C3
:104B90008E98030079B60B0000C602080000F03FB3
:104BA00000000840E0C50208F0C5020802460B46B6
:104BB000DDE90601D6E54FF0010A5EE6B5A3D3E9CB
:104BC000002330463946DBF771FB4246CDE9000150
:104BD0004B4620462946DBF767FB02460B46DDE9DC
:104BE0000001DBF7A9FF00287FF4FEADA24B22E015
:104BF000A24C21F00043A34219D9A14B0B4403431B
:104C000009D0DDE9020100220023DBF777FF00383D
:104C100018BF012012E542464B46DBF745FB324602
:104C20003B46DBF77FFF0028EBD1964B03E0964A2B
:104C3000934240F2E7801B15A3F2FE334FF4801A33
:104C40004AFA03FADA44CAF30A519048A1F2FF3152
:104C5000084100EA0A03CAF3130AC1F114014AF435
:104C6000801A4AFA01FABBF1000F404649464FF05C
:104C70000002B8BFCAF1000ADBF716FB804689467E
:104C800032463B4640464946DBF710FB00246AA308
:104C9000D3E9002320460D46DBF7BEFC4246CDE9B2
:104CA00000014B4620462946DBF7FEFA02460B463A
:104CB00030463946DBF7F8FA61A3D3E90023DBF786
:104CC000ABFC61A3D3E900238046894620462946F0
:104CD000DBF7A2FC02460B4640464946DBF7E6FA04
:104CE00004460D4602460B46DDE90001DBF7DEFA1D
:104CF000DDE9002380468946DBF7D6FA02460B46FB
:104D000020462946DBF7D0FA424606460F464B4678
:104D100040464946DBF780FC4DA3D3E90023044617
:104D20000D46DBF779FC4CA3D3E90023DBF7BCFA93
:104D300022462B46DBF770FC49A3D3E90023DBF7BF
:104D4000B5FA22462B46DBF767FC47A3D3E90023DD
:104D5000DBF7AAFA22462B46DBF75EFC44A3D3E935
:104D60000023DBF7A3FA22462B46DBF755FC02466D
:104D70000B4640464946DBF797FA04460D46024685
:104D80000B4640464946DBF747FC0022CDE90001CF
:104D90004FF0804320462946DBF786FA02460B4651
:104DA000DDE90001DBF762FD324604460D463B4675
:104DB00040464946DBF730FC32463B46DBF776FAA5
:104DC00002460B4620462946DBF76EFA42464B4622
:104DD000DBF76AFA0B4602462D490020DBF764FA3E
:104DE00041EC100B10EE903A03EB0A53B3F5801F21
:104DF0000BDA504600F004FF51EC100BDDE9022302
:104E0000FFF76DBBDDF810A03AE751EC100B194627
:104E1000F4E71F490020FFF714BBDDE90001FFF7AD
:104E200010BB30463946FFF70CBB0C46FFF769BB99
:104E30000024FFF74BBB00BF00000000432EE63FFD
:104E4000EF39FAFE422EE63F396CA80C615C20BEB9
:104E5000D0A4BE726937663EF16BD2C541BDBB3E80
:104E60002CDE25AF6A56113F93BDBE166CC1663F5E
:104E70003E5555555555C53F00009040FFCB9040DD
:104E800000346F3F00CC90400000E03F0000F0FF96
:104E90000000F03FFE822B654715973C00000000A4
:104EA0002DE9F04F57EC106BC54B8DB027F0004843
:104EB00098450446049707D80022002380ED000B94
:104EC000C0E90223002528E0BE4B984578D8049B12
:104ED000BD4D002B3046ACA3D3E90023394638DD65
:104EE000DBF7E2F9A84506460F461AD0A8A3D3E996
:104EF0000023DBF7D9F902460B4680468946304647
:104F00003946DBF7D1F9A2A3D3E90023DBF7CCF9CB
:104F1000C4E90089C4E90201012528460DB0BDE8B5
:104F2000F08F9DA3D3E90023DBF7BEF99CA3D3E95F
:104F3000002306460F46DBF7B7F902460B468046CC
:104F4000894630463946DBF7AFF995A3D3E900230C
:104F5000DCE7DBF7ABF9A84506460F4618D08CA373
:104F6000D3E90023DBF7A2F902460B4680468946C7
:104F700030463946DBF798F985A3D3E90023DBF700
:104F800095F94FF0FF35C4E90089C4E90201C4E78F
:104F900081A3D3E90023DBF789F981A3D3E90023B7
:104FA00006460F46DBF782F902460B4680468946E5
:104FB00030463946DBF778F979A3D3E90023DEE7F9
:104FC000824B984500F2D18000F066F957EC106BE7
:104FD00075A3D3E9002330463946DBF71DFB7C4B34
:104FE0000022DBF763F9DBF7C7FD0546DBF7AAFA1A
:104FF00002460B46CDE9022363A3D3E90023DBF786
:105000000BFB02460B4630463946DBF74DF960A3F1
:10501000D3E9002382468B46DDE90201DBF7FCFA87
:105020001F2D06460F460CDC6A4B6A1E53F82230D1
:10503000434506D032463B4650465946DBF734F9E5
:105040000EE03B46324650465946DBF72DF94FEA13
:1050500028530593C1F30A53C3EB1853102B02DCFA
:10506000C4E9000139E04CA3D3E90023DDE90201E2
:10507000DBF7D2FA06460F4602460B465046594623
:10508000DBF712F902460B468046894650465946E0
:10509000DBF70AF932463B46DBF706F940A3D3E9D2
:1050A000002306460F46DDE90201DBF7B5FA32467A
:1050B0003B46DBF7F9F802460B4606460F464046EC
:1050C0004946DBF7F1F8059AC1F30A53D31A312B9D
:1050D00020DCC4E90001C246CB46D4E90089504631
:1050E00042464B465946DBF7DFF83B463246DBF794
:1050F000DBF8049B002BC4E90201BFF60EAF09F1F7
:105100000043636001F10043C4F80080A060E360E5
:105110006D4202E726A3D3E90023DDE90201DBF7B4
:105120007BFA06460F4602460B4640464946DBF7E9
:10513000BBF802460B4682468B4640464946DBF7A3
:10514000B3F832463B46DBF7AFF81BA3D3E90023A5
:1051500006460F46DDE90201DBF75EFA32463B46C2
:10516000DBF7A2F806460F4664E71B4B984535D996
:1051700032463B4630463946DBF796F8C4E9020131
:10518000C4E900019EE600BF00004054FB21F93F46
:105190003163621A61B4D03D0000601A61B4D03D41
:1051A0007370032E8A19A33B83C8C96D305FE43F37
:1051B0000000002E8A19A33BC14920259A837B3920
:1051C000FB21E93F7BD90240FB21F93FFB2139411B
:1051D0000000E03F10C60208FFFFEF7F4FEA2855AE
:1051E000A5F21645A8EB055130460F46DBF7C4FC87
:1051F000DBF7A8F902460B4630463946CDE90623CF
:10520000DBF752F8224B0022DBF706FA0F46064680
:10521000DBF7B2FCDBF796F902460B46304639461F
:10522000CDE90823DBF740F8194B0022DBF7F4F94E
:10523000CDE90A010DF130094FF0030800260027DF
:1052400079E9020132463B46C24608F1FF38DBF7F6
:105250004BFC0028F4D10F4B0193022300932A4604
:105260005346214606A800F083FD049B002B05460B
:10527000BFF653AED4E9002101F10043C4E9002395
:10528000D4E9022101F10043C4E9022340E700BF51
:105290000000704190C6020851EC100B024621F04C
:1052A000004343EC102B704710EE103A23F00043FC
:1052B000B3F1485FF0EE406AB7EE000A04D2FDEEAB
:1052C000E67A17EE902A42B326EEA67ADFED1A7A36
:1052D0009FED1A6A1A4AA7EE276A9342DFED197A00
:1052E000E6EE077A9FED186AA7EE876ADFED177A78
:1052F000E6EE077A9FED166AA7EE876A60EEE60A89
:1053000026EE076AF6EE007AE7EE060A67EE277ADF
:1053100004D877EEE07A30EE670A70470D4A934280
:105320009ABF03F17F4307EE103AB5EE027A30EEF2
:10533000470A77EEC77AECE74ED747ADF6740F31E0
:105340009999993E7CF293B4010DD037610BB6BAAE
:10535000ABAA2A3D0000483F10EE103A23F000436C
:10536000B3F1485F04D2FDEEC07A17EE903A5BB31A
:1053700020EE007ADFED157A9FED156AA7EE276A19
:10538000DFED147AE6EE077A9FED136AA7EE876ADF
:10539000DFED127A60EE076AE6EE077A30B99FED2C
:1053A000106AA7EE276AA6EE260A704767EEE67A2D
:1053B000B6EE006AE0EE867AD7EE870ADFED097A6C
:1053C000E6EEA70A30EE600A704700BFD3C92E2F61
:1053D000342FD7B21BEF3836010D50B98988083CFD
:1053E000ABAA2ABEABAA2A3E38B510EE105A25F059
:1053F0000044B4F17E5F2DED048B0CD1DFED5C7ABF
:105400009FED5C7A60EE277AE0EE077AB0EE670AED
:10541000BDEC048B38BD04D970EE407A87EEA70A44
:10542000F6E7B4F17C5FF7EE008A0BD2B4F1485F87
:1054300052D2DFED517A70EE277AF4EEE87AF1EE8F
:1054400010FAE5DCFEF79CFB38EEC08AF6EE007A37
:1054500028EE278A9FED497ADFED497A9FED499A38
:10546000A8EE277ADFED487AE7EE087A9FED477AD3
:10547000A7EE887ADFED467AE7EE087A9FED457A67
:10548000A7EE889ADFED447AE8EE077A9FED437A3B
:10549000A7EE887ADFED427AE7EE087AB0EE480AA6
:1054A000E7EE888AFEF7A2FC3E4B29EE089A9C4262
:1054B00089EE286AF0EE006A3DD9A0EE060ADFED1B
:1054C0003A7AE0EE267A9FED2B0A30EE670A002D3D
:1054D000D8BFB1EE400A9BE760EE007ADFED286AA4
:1054E0009FED267A9FED2B6AA7EEA67ADFED266A5E
:1054F000E7EE276A9FED257AA6EEA77ADFED246A0C
:10550000E7EE276A9FED1F7AA6EEA77ADFED226A03
:10551000E7EE866A9FED216AA6EEA76ADFED206AB4
:10552000E6EE276A27EE277AE6EEA78AC7EE287A04
:10553000A0EE270A6CE710EE103A6FF30B0307EEAC
:10554000103AA7EE478A70EE005A30EE070ADFEDF8
:10555000087A88EE005A9FED150AE5EE667AD5EED8
:10556000867AB0EE406AA7EE666A77EEC67AACE756
:105570002EBD3BB3DB0FC93FCAF24971047F4F3ADE
:1055800008EF1138ABAA2A3E461124BDA80A4E3EA8
:1055900090B0A6BE2EC69D3D613330BF2D57014051
:1055A00039D119C09999793F2EBD3B33DB0F493F63
:1055B00010EE902A22F00041B1F1FF4F10B5F0EE4D
:1055C000407A06D810EE100A20F00043B3F1FF4FE6
:1055D00004D977EEA07AB0EE670A10BDB2F17E5F13
:1055E00003D1BDE8104000F035BA941704F002046E
:1055F00044EAD07443B9022C5ED09FED347A032C78
:1056000008BFF0EE477AE6E741B9DFED317A9FED6A
:10561000317A0028A8BFF0EE477ADCE7B1F1FF4FFE
:1056200010D1B3F1FF4F04F1FF3407D1022C46D85B
:10563000294B03EB8403D3ED007ACCE7022C41D84D
:10564000264BF6E7B3F1FF4FDFD05B1AB3F1F45FFF
:105650004FEAE3511ADA002A01DA3C3119DB87EE0E
:10566000A00AFEF78DFA00F0F5F9F0EE407A012C71
:1056700012D0022C17D0002CADD09FED197A77EE06
:10568000877A9FED187A77EEC77AA4E7DFED117A73
:10569000EDE7DFED157AEAE717EE903A03F1004304
:1056A00007EE903A97E79FED0E7A77EE877A9FEDB7
:1056B0000D7A77EE677A8EE7DFED0A7A8BE7DFED1A
:1056C0000B7A88E7DFED087A85E700BFDB0F49C07A
:1056D000DB0FC9BFDB0FC93FA4C7020898C7020888
:1056E0002EBDBB33DB0F494000000000DB0F493FFC
:1056F00070B510EE906A26F000435A1EB2F1FF4FCB
:1057000006D210EE104A24F00041B1F1FF4F04D34D
:1057100060EE200A80EEA00A70BD9942FCDB04F026
:10572000004505D1324B03EB557393ED000AF3E7C7
:1057300014F0FF4F46D10A026FF07D00002A3EDCD4
:1057400016F0FF4F01BF1A02B2FA82F2C2F1FF2235
:1057500002F57F0216BFDA1582327F3A10F17E0F12
:10576000BBBF6FF07D04241AC4F31604A140A8BF88
:1057700044F4000112F17E0FB5BF6FF07D04C6F353
:105780001606A41A46F40004B8BF03FA04F4801AFB
:105790000B1BD0B933EA230328BF0B46002BC1D023
:1057A000B3F5000F19DB12F17E0F19DBA3F500032F
:1057B0007F322B4343EAC25300EE103AACE7013884
:1057C0005200BBE7C8157F38BAE7002B02DA490060
:1057D0000138DDE7A6D05900FAE75B00013ADFE7C0
:1057E000C2F1FF2202F57F02823213412B43E3E72D
:1057F000B0C70208F0B510EE106A884B26F00045DD
:105800009D4287B0044605D8002380ED000A43601E
:10581000002022E0824B9D423AD826F00043002E21
:105820009FED807A804A23F00F0318DD934270EEDB
:10583000477A09BF9FED7D7ADFED7D6ADFED7D6AF6
:1058400077EEC77A37EEE67A77EEC77A80ED007AA0
:1058500077EEE67AC0ED017A012007B0F0BD934201
:1058600070EE077A09BF9FED717ADFED716ADFEDA7
:10587000716A77EE877A37EEA67A77EEC77A80ED8F
:10588000007A77EEA67AC0ED017A4FF0FF30E4E7B8
:10589000694B9D4273D8FEF773F99FED687AF6EE77
:1058A000007AE0EE077AFDEEE77AB8EEE77A17EED7
:1058B000900ADFED5C7AA7EE670A1F28DFED5C7ABD
:1058C00067EE277AB1EE476A70EE676A16EE901AB5
:1058D00009DC5B4A471E26F0004352F8272023F0DC
:1058E000FF03934207D1C1F3C752C2EBD552082A36
:1058F0004FEAE55314DC216094ED007A30EE470A5C
:10590000002E30EE670A84ED010AA6DAB1EE477A7E
:10591000B1EE400A84ED007A84ED010A40429CE732
:10592000DFED425AF0EE406AE6EE256A70EE667AE6
:10593000E6EE257ADFED3F5AD7EE257A76EEE75A86
:1059400015EE902AC2F3C7515B1A192B04DCC4ED83
:10595000005AB0EE660ACFE7DFED3A5AB0EE660ABB
:10596000A6EE250A76EEC07ADFED376AE6EE257AF6
:10597000D7EE267A30EE677A84ED007ABCE7B5F18F
:10598000FF4F06D370EE407AC0ED017AC0ED007A89
:105990003EE7EA15863AA5EBC25307EE903ABDEE14
:1059A000E77ADFED2A6AB8EEC77A77EEC77A8DED2F
:1059B000037A67EEA67ABDEEE77AB8EEC77A77EE9D
:1059C000C77A8DED047A67EEA67AF5EE407AF1EEAD
:1059D00010FACDED057A1ED1B5EE407AF1EE10FA4F
:1059E0000CBF012302231A4901910221009103A84F
:1059F000214600F00DFD002EBFF62FAFD4ED007A4A
:105A0000F1EE677AC4ED007AD4ED017AF1EE677AAF
:105A1000C4ED017A82E70323E5E700BFD80F493FD1
:105A2000E3CB1640800FC93FD00FC93F0044353744
:105A30004344353708A3852E800F494384F9223F1C
:105A4000B8C7020800A3852E32318D2400008043A0
:105A500038C8020838B510EE105A25F00044B4F1E9
:105A6000A14FF0EE407A10D3B4F1FF4F04D970EE9D
:105A7000007AB0EE670A38BDDFED4D7A9FED4D7AC2
:105A8000002DC8BFF0EE477AF3E74B4B9C4210D88D
:105A9000B4F1445F0AD29FED497A30EE077AF7EE0F
:105AA000006AB4EEE67AF1EE10FAE2DC4FF0FF3372
:105AB00013E0FEF765F8424B9C424FD8A3F5D003A4
:105AC0009C4241D8F0EE007ABFEE007AA0EE277A31
:105AD000002330EE270AC7EE007A5A1C27EEA76A89
:105AE0009FED387ADFED385A9FED385A66EE066A38
:105AF000E6EE875A9FED367AA5EEA67ADFED355AA7
:105B0000E7EE265A9FED347AA5EEA67ADFED335AFA
:105B1000E7EE265A9FED327AA6EE875A9FED317A4C
:105B2000A5EE267A9FED305AA7EE265A9FED2F7AE2
:105B3000A5EE267A27EE267AA5EE867A27EE877AD4
:105B400021D177EEC77A94E7F7EE007A30EE677AE4
:105B500030EE270A0123C7EE007ABEE7244B9C42B1
:105B60000BD8F7EE087AB7EE007AA0EE277A022378
:105B700070EE676AC6EE877AAFE7BFEE007AC7EECF
:105B8000007A0323A9E71B4A1B4902EB830201EBBE
:105B90008303D3ED006A37EE667A002D37EE677A1D
:105BA000D2ED007A77EEC77AB8BFF1EE677A60E798
:105BB000DB0FC9BFDB0FC93FFFFFDF3ECAF24971F0
:105BC000FFFF973FD769853C59DA4B3D6BF16EBDBE
:105BD000356B883D6E2EBA3D2549123EABAAAA3ED2
:105BE00021A215BD95879DBD388EE3BDCDCC4CBEA1
:105BF000FFFF1B4060CB020850CB020800000000F2
:105C000070B555EC104BC5F30A5106462B4691B9B9
:105C100025F0004323433BD0334B20462946002246
:105C2000DAF7FAFC314B9E4204460D460FDA26A302
:105C3000D3E900231EE040F2FF7291420BD12246CD
:105C400020462946DAF732FB04460D4620E00B4693
:105C5000C1F30A5136394CF2503296420DDD002D17
:105C60001BA1D1E9000102DA1BA1D1E9000118A3AF
:105C7000D3E90023DAF7D0FCE6E7721840F2FE71B0
:105C80008A42ECDC002A06DD6FF31E5343EA02551C
:105C900045EC104B70BD12F1350F08DA002D0AA14A
:105CA000D1E90001C3DA0EA1D1E90001BFE7363224
:105CB0006FF31E5343EA025520460D4B294600223E
:105CC000D8E700BFAFF3008059F3F8C21F6EA501FB
:105CD0009C7500883CE4377E9C7500883CE437FE68
:105CE00059F3F8C21F6EA58100005043B03CFFFF7E
:105CF0000000903C10B52DED028BB0EE408AF0EE26
:105D0000608A044602F002FDB0EE480AF0EE680A2E
:105D1000BDEC028B046010BD034607B551EC100BBF
:105D200083B1024601F10043CDE90023DDE9002300
:105D3000DAF772FC41EC100B222003B05DF804EBA3
:105D4000FFF7D8BF02460B46EEE700000000000058
:105D50009FED010BFFF7E0BF000000000000001006
:105D60009FED010BFFF7D8BF00000000000000709E
:105D70002DE9F04F2DED028BADF5197D12F1140FC9
:105D800006930491C24BA499089053F821300093D4
:105D9000069B03F1FF33A8BFD41E0593B2BF0024B6
:105DA000182394FBF3F46FF0170304FB033303EBA6
:105DB000020B009B059A9FEDB28B03EB0208A59B9B
:105DC000A71A20AE03EB87090025454512DD069B87
:105DD00020AA02EBC3050DF5E07A0027009B9F4245
:105DE0002EDC9FEDA77BDDF820908DED027BA84691
:105DF00000261BE0EF4207D459F82500DAF7A2FB92
:105E0000E6E802010135E0E751EC180BF8E778E924
:105E10000223F9E80201DAF7FFFB02460B46DDE94F
:105E20000201DAF743FACDE902010136059B9E42F1
:105E3000EDDD9DED027B0137AAEC027B0835CDE755
:105E4000009BDDF800800CAA02EB83030A93A59B5C
:105E500003EB840309934FEAC8030B9398AB03EB5E
:105E6000C80313ED287B8DED027B0CAC70AB03EB0C
:105E7000C805A146C246BAF1000F77DC58469DED31
:105E8000020BFFF7BDFE57EC106B00224FF07F5363
:105E900030463946DAF7C0FB41EC100BFDF7ACFF9A
:105EA0007C4B51EC100B0022DAF7B6FB02460B4696
:105EB00030463946DAF7F8F90F460646DAF75CFE5F
:105EC0000290DAF73FFB02460B4630463946DAF7D6
:105ED000EBF9BBF1000F06460F466CDD08F1FF3110
:105EE0000CAB029D53F82130CBF1180043FA00F2BD
:105EF000154482409B1A0CAA029542F82130CBF13E
:105F0000170243FA02F9B9F1000F64DD029B002287
:105F10000133029315466FF07F41904500F3A18055
:105F2000BBF1000F07DDBBF1010F00F0C180BBF139
:105F3000020F00F0C880B9F1020F4CD132463B4647
:105F400055490020DAF7B0F906460F46002D42D039
:105F500058469FED4D0BFFF753FE3046394653EC44
:105F6000102BDAF7A1F906460F4634E04B4B00221E
:105F7000DDE90201DAF750FBDAF7FEFDDAF7E2FAC3
:105F8000474B002206460F46DAF746FB02460B4611
:105F9000DDE90201DAF788F9DAF7EEFD75E90223A7
:105FA00049F8040B39463046DAF780F90AF1FF3A2E
:105FB000CDE902015FE707D108F1FF330CAA52F8DF
:105FC00023304FEAE3599EE7364B0022DAF7AAFD69
:105FD000002843D181460022002330463946DAF7B3
:105FE00083FD002800F0C18008F1FF3300220099F2
:105FF0008B4270DA002A00F08B8008F1FF380CAB7E
:10600000ABF1180B53F82830002BF6D058469FED13
:106010001E0BFFF7F5FD08F10103DA00059255ECC0
:10602000104B70AADFF874B002EBC30746464FF07E
:10603000000A002E80F2D1804446002CC0F2FF807E
:10604000194B1F4670AB03EBC40306934FF0000AD5
:106050004FF0000B0026A8EB0405E4E04FF0020926
:1060600054E754F8043B0DBB23B1C3F1807344F8EB
:10607000043C012301321D464FE700BFAFF300800F
:106080000000000000000000000000000000F03FE1
:10609000B0CB0208000020400000F03F0000703E3E
:1060A000000070410000E03F70CB0208CB1ADEE731
:1060B00008F1FF320CAB53F82230C3F316030CA9DE
:1060C00041F8223037E708F1FF320CAB53F82230A9
:1060D000C3F31503F3E70CA951F82310013B0A435E
:1060E00085E7013453F8042D002AFAD00B9B03F501
:1060F00018730DEB0305069B20AA434408F1010722
:10610000983D02EBC3064444BC4204DAA046A2E632
:106110000A9B0124E6E7099B53F82700DAF712FAF5
:106120009FEDAF7BE6E802018DED027BDDF820906C
:10613000B2464FF00008059B984505DD9DED027BBA
:106140000137A5EC027BDFE77AE90223F9E80201D7
:10615000DAF762FA02460B46DDE90201DAF7A6F841
:1061600008F10108CDE90201E5E7CBF1000047ECB9
:10617000106BFFF745FD55EC104B9B4B0022204662
:106180002946DAF7CFFC00B3984B00222046294677
:10619000DAF742FADAF7F0FC0646DAF7D3F9924B6F
:1061A0000022DAF739FA0B46024629462046DAF78A
:1061B0007BF8DAF7E1FC0CAB0BF1180B43F8280085
:1061C00008F1010843F8286020E720462946DAF75D
:1061D000D3FC0CAB43F8280018E70CAB53F82600AF
:1061E000DAF7B0F922462B46DAF716FA524667E993
:1061F00002015B4620462946DAF70EFA013E0446C4
:106200000D4616E70699F1E802230691F7E8020128
:10621000DAF702FA02460B4650465946DAF746F8D4
:10622000013682468B46009B9E4201DCAE42E9DD90
:1062300048AB03EBC505C5E900AB013CFDE6A49BFB
:10624000022B0BDC002B35DC59D0029B03F007003E
:106250000DF5197DBDEC028BBDE8F08FA49B032BDF
:10626000F3D1059B03F518730DEB0304A4F5A47497
:106270002546C246BAF1000F69DC4546012D00F300
:106280008780059C48AB1C4400200021B8F1010F19
:1062900000F39C80DDE94856DDE94A78B9F1000F4A
:1062A00040F0A680049BC3E90056C3E90278C3E925
:1062B0000401CAE7059D48AB1D4444460020002167
:1062C000002C35DAB9F1000F38D0024601F1004355
:1062D000049CC4E9002302460B46DDE94801D9F7D6
:1062E000E3FF4AAD0124A0452BDAB9F1000F02D03B
:1062F00001F100431946049BC3E90201A5E7059C8F
:1063000048AB1C4400200021B8F1000F09DAB9F1B4
:10631000000F02D001F100431946049BC3E90001BC
:1063200093E774E90223D9F7C1FF08F1FF38EBE7DF
:1063300075E90223D9F7BAFF013CC1E702460B46D3
:10634000C6E7F5E80223D9F7B1FF0134CBE735ED15
:10635000027B8DED007B95ED027BDDE9000153ECC6
:10636000172B8DED067BD9F7A1FF02460B4606469B
:106370000F46DDE90001D9F797FFDDE90623D9F7DC
:1063800095FF0AF1FF3AC5E90201C5E9006771E727
:1063900034ED027BD4E902AB51EC170B52465B465D
:1063A0008DED007BD9F782FF02460B4606460F466D
:1063B000DDE90001D9F778FF52465B46D9F776FF51
:1063C000013DC4E90201C4E9006757E774E902230B
:1063D000D9F76CFF08F1FF3858E700BFAFF3008032
:1063E0000000000000000000000070410000703E4E
:1063F000049B049A1D6006F100445C609F6008F1F4
:106400000043D36001F10043106153611DE700BFF9
:106410002DE9F04F2DED048BD9B090460190B64A8E
:10642000669818F1040F52F820A00F4603F1FF3BC5
:1064300026DBB8F1030248BF08F10402D210551C54
:1064400067999FEDB17AE800A2EB0B060290A8EBEA
:10645000C5050AEB0B0C1CAC01EB860E0020604559
:1064600010DD1CA901EB83000DF588790026564547
:1064700024DCDDF804E0DFEDA47A8446002416E095
:106480000022DCE7C6425DBF5EF8201007EE901ADE
:10649000F8EEE77AF0EE477AE4EC017A0130DEE7D5
:1064A000FEEC016A3CED017AE6EE877A01345C4548
:1064B000F6DDE9EC017A01360430D8E708A901EBF2
:1064C0008A0104916799DFED8F8A9FED8D9A01EB28
:1064D000820203925446A200059258AA02EB84025B
:1064E00012ED140A44A908AA01EB8400944626463A
:1064F000002E4CDC2846CDE9062300F0F1F9B0EE81
:10650000408AB4EE000A28EE000A00F04FFAF2EEDC
:10651000007AA0EE678A002DDDE90623FDEEC87A39
:1065200017EE909AF8EEE77A38EE678A41DD04F1CB
:10653000FF3C08A9C5F1080E51F82C6046FA0EF090
:10654000814400FA0EF0361AC5F1070041F82C60BC
:106550000641002E3CDD4FF0000E09F101097046A6
:10656000744568DC002D03DD012D74D0022D7DD033
:10657000022E2DD1B7EE000A30EE488A40B32846ED
:10658000069300F0ADF9069B38EE408A20E060EEFD
:10659000287A013EFDEEE77AF8EEE77AA7EEC90A1F
:1065A000BDEEC00AACEC010A30ED010A37EE800AFC
:1065B0009EE705D1601E08A951F82060F611C8E7D2
:1065C000F6EE007AB4EEE78AF1EE10FA31DA002640
:1065D000B5EE408AF1EE10FA40F09880601E00227D
:1065E00050454BDA002A65D0013C08AB083D53F812
:1065F0002430002BF8D02846B7EE000A00F070F9DE
:10660000631C44AA9FED3F7A990002EB8302234664
:10661000002B80F2A9802346002BC0F2C78044AA39
:1066200002EB8305DFF8D4C0DFED377A0020E21AF1
:10663000B1E002268FE752F8041B48B921B1C1F539
:10664000807142F8041C01210EF1010E084687E713
:10665000C1F1FF01F5E704F1FF3C08AA52F82C2034
:1066600002F07F0208A941F82C2081E704F1FF3CE9
:1066700008AA52F82C2002F03F02F3E708A951F8CB
:10668000201001380A43ABE7013250F8046D002EA8
:10669000FAD0059901F5B0710DEB0100E6181CA9BF
:1066A00004F1010C4C3801EB86062244624504DA01
:1066B000144610E704980122E7E70399DDF804E0A7
:1066C00051F82C10059107EE901AF8EEE77A0024A5
:1066D000E6EC017ADFED0C7AB1465C4504DDE0ECD6
:1066E000017A0CF1010CE1E7FEEC016A39ED017A67
:1066F0000134E6EE877AF0E7ECCB0208C0CB020863
:10670000000080430000803B00000000029BB0EED0
:10671000480AA3EB080000F0E3F81FED077AB4EE97
:10672000C70AF1EE10FA19DB5FED0A7A60EE277AFC
:1067300008AAFDEEE77A0835F8EEE77AA7EEC70A71
:10674000FDEEE77ABDEEC00A10EE103A42F82430B2
:1067500017EE903A013442F824304CE7BDEEC00AFF
:1067600008AA10EE103AF6E708A850F823000190A6
:1067700007EE900AF8EEE77A013B67EE807A20EEAA
:10678000070A62ED017A43E7FCEC016AB5EC017A95
:10679000E6EE877A0130504501DC9042F4DD58A8DE
:1067A00000EB820242ED287A013B35E7669B022B23
:1067B00009DC002B27DC40D009F0070059B0BDEC04
:1067C000048BBDE8F08F669B032BF5D130AA0B1F1D
:1067D00013441A462046002850DC2246012A5DDC7C
:1067E00030AB5FED377A0B44012C67DCDDED306AAE
:1067F0009DED317A002E67D1C7ED006A87ED017AF1
:10680000C7ED027AD8E730AB1FED417A0B44224640
:10681000002A24DA4EB3F1EE477AC7ED007ADDEDB7
:10682000307A77EEC77A31AA01239C4220DA0EB182
:10683000F1EE677AC7ED017ABEE730AB5FED4E7AD5
:106840000B44002C05DA0EB1F1EE677AC7ED007A41
:10685000B2E733ED017A013C77EE877AF1E773ED29
:10686000017A013A37EE277AD2E7F0EE477AD4E799
:10687000B2EC017A013377EE877AD6E772ED017ACE
:10688000D2ED016A37EEA67A013877EEC77A82ED4B
:10689000007A77EEA67AC2ED017A9CE773ED017A71
:1068A000D3ED016A37EEA67A013A77EEC77A83ED27
:1068B000007A77EEA67AC3ED017A8FE733ED017A9D
:1068C000013C77EE877A8FE7F1EE666AB1EE477AA0
:1068D000C7ED006A87ED017AF1EE677A90E700BFB5
:1068E00010EE103A33F000422BD0B2F1FF4F02D33A
:1068F00030EE000A704713F0FF4F23D1244BDFED39
:10690000257A984220EE270A17DB10EE103AC3F3DF
:10691000C752193A4CF25031884215DDDFED1E7A2C
:10692000DFED1E6A10EE103AB0EE677A002BB8BFAA
:10693000F0EE667A27EE870A7047DFED197A27EEC8
:10694000800A7047D20DE5E71044FE28E6DC0028F7
:1069500006DD23F0FF4343EAC05300EE103A7047D0
:1069600010F1160F09DADFED0E7ADFED0E6A10EE88
:10697000103AB0EE677A002BD9E7193023F0FF43C5
:1069800043EAC0539FED080A07EE903AD7E700BFED
:10699000B03CFFFF0000004CCAF24971CAF249F155
:1069A0006042A20D6042A28D0000003310EE103A4A
:1069B000C3F3C7527F3A162A23F000412BDC002A8A
:1069C00012DADFED197A30EE270AB5EEC00AF1EEE1
:1069D00010FA06DD002B24DA0029144B08BF4FF013
:1069E000004300EE103A7047114911410B42FAD0B2
:1069F000DFED0D7A30EE270AB5EEC00AF1EE10FA9F
:106A0000EFDD002BBEBF4FF4000040FA02F29B18EE
:106A100023EA0103E5E7B1F1FF4FE4D330EE000ACA
:106A200070470023DDE700BFCAF24971000080BF54
:106A3000FFFF7F00002100F003BE70B504460D4645
:106A400045EC104B164602F0D9FE51EC100B7EB10E
:106A5000C5F30A53C3F16B03002B09DD1B0503F1DA
:106A60007F55002405F5401522462B46D9F7D4FD65
:106A700041EC100B70BD00002DE9F04F9FB00C46AB
:106A8000179200221A9205904FF0000A4FF0000B67
:106A90000A46199211782B294AD038D80D2932D8B4
:106AA000082932D800293BD000220E92199D2A785D
:106AB000302A40F0B2806A7802F0DF02582A6ED1A4
:106AC00002930E9B01931AAB00938F4A05981BAB60
:106AD00019A901F041FF10F00F06044605D0062E5B
:106AE00028D10135002319950E93179B002B40F0F8
:106AF0008E850E9BCBB152460BF1004343EC102B1D
:106B00001FB0BDE8F08F2029CED10132C1E72D2979
:106B1000CAD101210E91511C19915278002AC5D178
:106B2000179B1994002B40F0708552465B46E5E7B1
:106B30000021EFE71A9A3AB135211CA802F058FF5C
:106B40001A99059802F02EFB013E1B9A042E06D8D6
:106B5000DFE806F014031D201400DDE91CABE1059D
:106B600048BF4BF0004B2BF000431B0D1B05002BC7
:106B7000BBD101F0CBFD22230360B6E7DDE91CA306
:106B800002F2334223F4801343EA025BE7E7DFF8C3
:106B900080B1E4E76FF0004B4FF0FF3ADFE7199B5D
:106BA0005A1C19925B78302BF9D0002B9DD0012311
:106BB00000270893199B0C930B97B9460A22199842
:106BC0000578A5F13003D9B2092928D94F49012206
:106BD00000F017FF002832D000202A460A904D46C8
:106BE0000346652A01D0452A14D11DB9089A0243EB
:106BF00096D00025199C621C199262782B2A7AD0B3
:106C00002D2A7ED04FF0000CA2F13001092940F26C
:106C1000858019944FF00008A5E00023C8E7B9F17A
:106C2000080FD8BF0B9900F10100DABF02FB013356
:106C30000B9302FB073709F101091990BFE7199B74
:106C40005A1C19925A78B9F1000F3BD00A904D4660
:106C5000A2F13003092B12D90123C2E7199B5A1C58
:106C600019925A780130302AF8D0A2F13103082B5A
:106C700000F2D284199B0A9000200C930546303A0A
:106C800000F1010318D00A9919440A912E464FF0D9
:106C90000A0E711CA1EB050C634515DC20EAE070BF
:106CA0002B18082B05F1010505441ADC0B990A2362
:106CB00003FB01230B930023199A511C199152785D
:106CC0001846C5E74846CEE7082E05DC0B9E0EFBAE
:106CD00006F60B960E46DCE71029D8BF0EFB07F729
:106CE000F8E70F2BDCBF0A2303FB0727E3E70023AA
:106CF0000A9301237AE74FF0000CA21C1992A278A4
:106D000082E74FF0010CF8E70CCC0208F0C3020850
:106D10000000F07F199A511C19915278302AF9D04D
:106D2000A2F1310108293FF675AF303A0992199A5C
:106D30000F924FF00A08199A561C19965278A2F130
:106D4000300EBEF1090F39D90F99761A082E44F684
:106D50001F6803DC09998845A8BF8846BCF1000F6D
:106D600001D0C8F10008002D4ED1089908437FF4E6
:106D7000BCAE002B7FF4D4AE692A28D025DC492A8A
:106D800025D04E2A7FF4CCAE9A4919A802F006F815
:106D900000283FF4C5AE199B1B78282B2ED19649AD
:106DA0001CAA19A802F00EF8052827D11D9BDDF8B2
:106DB00070A043F0FF4B4BF4E00B96E6099908FBFB
:106DC0000121A1F130020992B5E76E2ADAE78B4979
:106DD00019A801F0E3FF00283FF4A2AE199B8849EF
:106DE000013B19A8199301F0D9FF10B9199B013380
:106DF0001993DFF81CB24FF0000A76E6814801F0E3
:106E0000CBFC5BEC10AB70E60A9B0B98A8EB030382
:106E1000B9F1000F08BFA946102D09932C46A8BF51
:106E20001024D9F77FFB092D82468B4613DC099B82
:106E3000002B3FF45AAE099B78DD162B5FDC7249BC
:106E400001EBC301D1E9000152465B46D9F7E4FBEF
:106E500082468B4649E66C4B03EBC40353E912238D
:106E6000D9F7DAFB824638468B46D9F75BFB0246F8
:106E70000B4650465946D9F719FA0F2D82468B46D4
:106E8000D5DD099B2C1B1C44002C40F3938014F08F
:106E90000F030AD05C4901EBC30152465B46D1E9BE
:106EA0000001D9F7B9FB82468B4634F00F0473D04A
:106EB000B4F59A7F49DD0024A0460B94A146059ABB
:106EC000DFF84CB1222313604FF0000A0B9B002B1C
:106ED0003FF40BAE1A99059802F064F905984946FB
:106EE00002F060F90598414602F05CF90B990598AB
:106EF00002F058F90598214602F054F9F5E5099A8F
:106F0000C5F125039342BCDB3F4CC5F10F0504EBF3
:106F1000C50152465B46D1E90001D9F77DFB099BCB
:106F20005D1B04EBC504D4E900238FE71633A8DB0F
:106F30000A9BA3EB0808344B03EBC808D8E90023ED
:106F400050465946D9F792FC82E700232F4F24116F
:106F5000504659461E46012C21DC0BB182468B4619
:106F60002A49ABF1547B01EBC60152465B46D1E99D
:106F70000001D9F751FB264B0A460B4025498B42AD
:106F8000824698D8A1F580118B4286BFDFF888B081
:106F90004FF0FF3A02F1547B0023089376E0E207BA
:106FA00004D5D7E90023D9F737FB01230136641054
:106FB0000837D0E7F0D0644214F00F020AD0124B29
:106FC00003EBC20350465946D3E90023D9F74EFCE0
:106FD00082468B462411DFD01F2C1FDD0024A046E3
:106FE0000B94A146059A22234FF0000A4FF0000BA4
:106FF00013606BE7FBC30208F8CB0208F2C3020878
:10700000F5C302088FC40208E0CD0208B8CD02081B
:107010000000F07F0000A07CFFFFEF7F14F0100362
:1070200018BF6A23A94E0893504659460023E70724
:1070300004D5D6E90023D9F7EFFA0123641006F14D
:107040000806F4D10BB182468B46089BB3B1CBF353
:107050000A52C2F16B03002B59460FDD1F2B56DD80
:10706000342BDEBF4FF0FF33C2F14B0293404FF0A1
:10707000000ACCBF4FF05C7B03EA010B0022002327
:1070800050465946D9F730FD0028A7D10B9B0093F5
:107090000C9905982B464A4602F0ECF80B90002814
:1070A0003FF409AF099A0A9B002AA3EB0803A8BF83
:1070B00000231293002422EAE2731693A0460B9B4E
:1070C0000598596802F02EF8814600283FF4F7AE83
:1070D0000B9B1A69023203F10C0192000C3001F093
:1070E0004CFB4BEC10AB05981CAA1BA9CDE90CABD3
:1070F00002F0F4FB1A9000283FF4E1AE059801215C
:1071000002F04EF9804648B94FF00008D7E64FF03C
:10711000FF3202FA03F303EA0A0AAFE71B9D1C9A47
:10712000002DABBF129B169B169E129FACBFEF1893
:107130005E1B089BED1A1544654B013D9D42C2F153
:10714000360250DA5B1B1F2BA2EB03024FF001014A
:107150003DDC01FA03F3139300231093BD18089B41
:10716000AF4216441E443B46A8BF2B46B342A8BFBD
:107170003346002BC2BFED1AF61AFF1A129B002BE2
:1071800016DD414605981A4602F0C2F980460028ED
:10719000BAD001461A9A059802F018F90A90002808
:1071A0003FF48DAE1A99059801F0FCFF0A9B1A93E3
:1071B000002D1DDC099B002B23DD4946169A0598FE
:1071C00002F0A6F98146E0B94FF0000977E6C5F173
:1071D0007F4505F57F0505F57B45E23501FA05F3A9
:1071E00010931391BAE70023109301231393B5E78B
:1071F0001A9905982A4602F0E5F91A900028D9D183
:107200005DE6002E07DD49460598324602F0DAF9C0
:1072100081460028D8D0002F08DD414605983A461F
:1072200002F0D0F9804600283FF449AE1A9905983B
:107230004A4602F04FFA044600283FF440AEC368C5
:107240000F930023C360414602F028FA002845DA74
:107250000F9B53EA0A036BD1CBF31303002B67D1C7
:107260002BF000431B0D1B05B3F1D66F60D963698A
:1072700013B92369012B5BDD21460122059802F039
:10728000A1F94146044602F009FA002850DD2BF02E
:107290000043089A1B0D1B05002A6AD0B3F1D66F74
:1072A00067D8B3F15C7F7FF69DAE0A4B50465946D6
:1072B0000022D9F7B1F9084B0B4082468B46002BD0
:1072C0007FF408AE059A2223136003E620CC02085F
:1072D00002FCFFFF000050390000F07FCDF828B01D
:1072E00065D10F9ACBF313035AB39F4A93422BD124
:1072F000089B514603B39D4B5A461340B3F1D46FDC
:107300004FF0FF321BD81B0DC3F16B0302FA03F3DE
:10731000994219D1964B0A9A9A4202D101313FF40F
:10732000CEAD924B0A9A1A4002F5801B4FF0000A2C
:10733000089B002BB9D1CDE54FF0FF33E8E71346AA
:10734000E6E753EA0A03A2D0109BDBB10A9A134284
:10735000EED00F9B089A50465946BBB1FFF76DFB24
:10736000DDE90C0153EC102BD8F7A0FF82468B46C9
:10737000DEE7A3F580136FEA135B6FEA0B5B4FF058
:10738000FF3AD5E7139B13EA0A0FE1E7FFF755FB36
:10739000DDE90C0153EC102BD8F786FF0022002307
:1073A00082468B46D9F7A0FB0028C1D01AE6414699
:1073B000204602F0EBFA57EC106B00224FF08043AE
:1073C00030463946D9F7A4FB00286FD00F9B002B1D
:1073D0007AD1BAF1000F58D10A9BC3F31303002BE3
:1073E0005AD1644B002230463946D9F787FB002832
:1073F00059D130463946604B0022D9F70DF906467F
:107400000F4607F1004306960793DDE90623574D23
:10741000CDE910230A9B1D40584B9D4240F0B2809D
:107420000A9BA3F1547B4BEC10AB02F0E7F9DDE9CA
:10743000062351EC100BD9F7EFF852465B46D8F70C
:1074400035FF0B4649494E4A19409142824642D97E
:107450000D9A474B9A4203D10C9B01333FF42FAD59
:10746000DFF80CB14FF0FF3A1A99059801F09AFE37
:107470000598494601F096FE0598414601F092FEB6
:107480000598214601F08EFE19E6BAF1010F03D1ED
:107490000A9B002B3FF4A6AD9FED2B7B354F8DED66
:1074A000067B0026B1E7344F0026AAE7324B304670
:1074B00039460022D9F7B0F80F9B06460F46002B3D
:1074C0009FD0CDE90667A0E79FED217B8DED067B80
:1074D00057EC176B99E703F1547B089BCDF828B064
:1074E000002BC1D12BF000431B0D1B059D42BBD1CE
:1074F00030463946D9F740FCD9F760F802460B46CA
:1075000030463946D8F7D0FE0B460246CDE90C236B
:10751000CBF313060F9B46EA0A061E436FD00EA359
:10752000D3E90023D9F7EAFA00287FF4D3AC0CA3FF
:10753000D3E90023DDE90C01D9F7FEFA002893D046
:10754000C8E400BFAFF30080000000000000F0BFFF
:10755000000000000000F03F9535A094FFFFDF3FE2
:1075600035E5AF350000E03FFFFF0F000000F07F82
:10757000FFFFEF7F0000F03F0000E03F0000E07FF2
:10758000FFFF9F7C089B23B3B5F1D46F21D828A3BC
:10759000D3E9002330463946D9F7BAFAA0B13946C3
:1075A0003046D9F711FB012838BF0120D8F7BAFFC0
:1075B0000F9B06460F46FBB901F10043149015934B
:1075C000DDE91423CDE91023119B03F1D6635B1B86
:1075D00011939DED0C0BDDE910AB02F00FF9504655
:1075E00053EC102B5946D9F717F8DDE90C23D8F7DF
:1075F0005DFE82468B4670E7CDE91467E0E70EA397
:10760000D3E90023D9F77AFA98E700230E93179A63
:10761000199B1360FFF76DBA652A3FF468AB452AE2
:107620003FF465AB0123FFF7A0BB00BFAFF30080C1
:107630000000C0FFFFFFDF419535A094FFFFCF3F63
:107640000A4601460248034B0068FFF715BA00BF1F
:1076500030040020C4020020242B2DE9F047864688
:10766000904601D8012B06D101F050F81623036093
:107670000020BDE8F08734480D462A4615F8014B36
:10768000065D16F00806F8D12D2C10D12C780126B5
:10769000951C33F0100215D1302C0DD12A7802F050
:1076A000DF02582A08D16C78023510230AE02B2C0F
:1076B00004BF2C78951CECE7002BF6D1302C14BFBE
:1076C0000A23082306F1004C0CF1FF3C0022BCFB0E
:1076D000F3F9104603FB19CAA4F13007092F0FD89C
:1076E0003C46A3421BDD571C07D0814514D301D172
:1076F000A24511DB00FB0340012215F8014BEBE72B
:10770000A4F14107192F01D8373CEAE7A4F161073A
:10771000192F04D8573CE4E74FF0FF32EDE7531C34
:1077200008D12223CEF800306046B8F1000FA0D077
:10773000691E06E006B14042B8F1000F99D0002A58
:10774000F6D1C8F8001094E749CC0208FFF784BFCF
:1077500013460A46014602480068FFF77DBF00BF96
:1077600030040020002310B50446C0E90033C0E90E
:107770000433836081814366C28183611946082294
:107780005C3000F018F90D4B63620D4BA3620D4B9A
:10779000E3620D4B23630D4B24629C4206D003F140
:1077A0006802944202D0D0339C4205D104F15800C3
:1077B000BDE8104000F0D4BF10BD00BF2D79020815
:1077C000537902088B790208AF79020820650120FD
:1077D000024A0349034800F069B800BFB002002024
:1077E00055A202083404002041680C4B994210B5A0
:1077F000044601D002F02EFDA168094B994202D047
:10780000204602F027FDE168064B994204D020464D
:10781000BDE8104002F01EBD10BD00BF2065012074
:1078200088650120F065012010B50B4B0B4C0C4A0C
:107830001A60204600220421FFF794FF04F168003B
:1078400001220921FFF78EFF04F1D0000222BDE8DA
:1078500010401221FFF786BF5866012020650120E5
:10786000D1770208014800F07DBF00BF8766012084
:10787000014800F079BF00BF8766012010B50446BB
:10788000FFF7F0FF236A1BB1BDE81040FFF7F0BF20
:10789000044B2362044B1B68002BF5D1FFF7C4FF98
:1078A000F2E700BFE9770208586601202DE9F843A6
:1078B0000746884614460026D4E90195B9F1010926
:1078C00005D52468002CF7D13046BDE8F883AB8994
:1078D000012B07D9B5F90E30013303D029463846BC
:1078E000C04706436835E9E70EB410B59DB01FAB3D
:1078F000029006906FF000410A48079104910A49EE
:1079000053F8042B0591002402A9006801931B94ED
:1079100002F094F9029B1C701DB0BDE8104003B04A
:10792000704700BF300400200802FFFF10B50C466E
:10793000B1F90E1000F0C6FE0028ABBF636DA3893D
:107940001B1823F48053ACBF6365A38110BD0020D6
:1079500070472DE9F0411F468B89DB0505460C4633
:10796000164605D5B1F90E100223002200F098FE4C
:10797000A389B4F90E1023F48053A38132463B4609
:107980002846BDE8F04100F0AFBE10B50C46B1F995
:107990000E1000F085FE431CA38915BF606523F41B
:1079A000805343F48053A38118BFA38110BDB1F964
:1079B0000E1000F065BE02440346934200D17047AA
:1079C00003F8011BF9E7C9B20346184613F8012B67
:1079D00012B18A42F9D17047002918BF00207047C0
:1079E00070B503461E4613F8014B44B14A1E01E030
:1079F000A54204D012F8015F002DF9D1F2E7301A48
:107A000070BD10B56AB10139841810F8012B11F856
:107A1000013F9A4203D1A04201D0002AF5D1D01AE9
:107A200010BD1046FCE710B50139034632B111F81C
:107A3000014F03F8014B013A002CF7D11A44002101
:107A4000934200D110BD03F8011BF9E72DE9F04185
:107A50004D4A0C460023D0E90001D9F725F9002A48
:107A6000BCBF02F5A83202F5C0724FF4616100F5A7
:107A70002F20B2FBF1F301FB13224FF03C01ACBF0E
:107A800000F66C2000F66B20A360B2FBF1F301FB63
:107A9000132263602260C31C072293FBF2F2C2EB45
:107AA000C2029B1A394955D50733A361A0F50E339D
:107AB000A3F52C7393FBF1F1354B03FB010048F662
:107AC000AC63B0FBF3F3034440F2B45CB0FBFCF2F4
:107AD0009B1A40F26D172F4AB0FBF2F264269B1AF4
:107AE000B3FBF7F2B3FBFCF3B2FBF6F5EB1A03447E
:107AF00007FB1233992003EB8307023703F1010ED2
:107B0000B7FBF0FC00FB0CF002304FF00508B0FBB7
:107B1000F8F0AEEB000040F2F95E77458CBF6FF0F5
:107B20000907022767444FF4C87C0CFB0121012F91
:107B300098BF0131B3F5997F12D3A3F59973E3612F
:107B4000A1F26C710023E060C4E904712362204655
:107B5000BDE8F0810028A361A8DB90FBF1F1ABE761
:107B600012F0030F02D106FB15255DB94FF4C8755D
:107B7000B2FBF5F605FB1622B2FA82F252093B334C
:107B80001344DCE70122FAE780510100B13A020018
:107B90004FC5FDFFB03A0200F7B501683B29044626
:107BA00011D93C22684600F01DFE019A63680099D5
:107BB000002A0B446360BBBF3C3203F1FF332260F9
:107BC0002260B8BF636061683B2911D93C226846D6
:107BD00000F008FE019AA3680099002A0B44A360F4
:107BE000BBBF3C3203F1FF3362606260B8BFA36089
:107BF000A168172911D91822684600F0F3FD019AEF
:107C0000E3680099002A0B44E360BBBF183203F11C
:107C1000FF33A260A260B8BFE36021690B2911D9CC
:107C20000C22684600F0DEFD019A63690099002A83
:107C30000B446361BBBF0C3203F1FF33226122614D
:107C4000B8BF636163699A071CD1642193FBF1F2A9
:107C500001FB1232C2B903F26C734FF4C87293FB8A
:107C6000F2F102FB1133002B0CBF1D231C23E26831
:107C7000002A0BDC314D0B206421E668002E30DD3C
:107C800003B0F0BD1C23F2E71D23F0E72B4DD4E930
:107C90000312012A14BF55F8220018468142EFDD75
:107CA0000132091A0C2AE1602261F0D163690021D6
:107CB0005A1C2161910762613CD1642192FBF1F071
:107CC00001FB1022002A37D103F26D734FF4C87202
:107CD00093FBF2F102FB1133002B0CBF1D231C237D
:107CE000D5E72269013A2261013216D163695A1E31
:107CF0009707C4E9040219D192FBF1F701FB17229F
:107D0000B2B903F26B734FF4C87293FBF2F702FB44
:107D10001733002B0CBF1D231C232269012A14BF1B
:107D200055F822201A463244E260A6E71C23F4E705
:107D30001D23F2E71C23AAE71D23A8E77CCD020838
:107D40002DE9F04F85B0074602F004FB8146384626
:107D5000FFF722FFD7E900433C2202FB0344BB6844
:107D60007D694FF4616202FB0344D7E90363C34AB0
:107D700052F82320013E012B164411DDA9070FD133
:107D8000642295FBF2F302FB135343B905F26C73C3
:107D90004FF4C87293FBF2F102FB113303B90136C1
:107DA00005F51C53103344F620629342FE6100F245
:107DB0007081462D40F3B680462340F26D1C64214D
:107DC0004FF4C8709A0740F0A78093FBF1F201FBD3
:107DD0001232002A40F0A38003F26C7292FBF0FE94
:107DE00000FB1E22002A0CBF4FF4B772624601331B
:107DF0009D421644E6D1A24B4FEAE478C6FB034805
:107E000000F00AFA00F014FA9E4B1B68002B00F0F9
:107E10004781D7F820A078695346012BA8BF0123DA
:107E20000193D9F8043000F26C70834240F0BD80B9
:107E3000D9E90821D9F85000D9F84CC0131A039396
:107E4000D9F848300293029AD9F8283061EBE07BE8
:107E5000B2EB030E6CEBE371744578EB010280F238
:107E6000C780D9F80020002A00F0D080039A9442FD
:107E700078EB0B02C0F21181744578EB0101B4BFBD
:107E80004FF0010B4FF0000BBAF1000FC0F29480DD
:107E9000019A82EA0B0ABAF1010F40F08D80BBF122
:107EA000000F00F0C2801B1A3A681A441C193A608D
:107EB0003846FA68019248EBE378FFF76DFEFB68FD
:107EC000019A9B1A78D0012B00F3B180B3F1FF3FE8
:107ED000A8BF9A46FB691AEB0303564440F1B080F1
:107EE0006B1E990740F0A680642293FBF2F102FB1F
:107EF0001133002B40F0A1804FF4C87305F26B756D
:107F000095FBF3F203FB1255002D40F26D1318BFE1
:107F10004FF4B673FB614FE040F26D1267E74FF428
:107F2000B77264E73FF467AF452340F26D1C6421EC
:107F30004FF4C87012E062BB93FBF1F201FB123206
:107F400052BB03F26C7292FBF0FE00FB1E22002A71
:107F50000CBF4FF4B7726246B61A013B9D4203F064
:107F60000302E8DBDAB9642295FBF2F302FB135358
:107F7000C3B905F26C734FF4C87293FBF2F102FBC4
:107F80001133002B40F26D1308BF4FF4B773F61A8C
:107F900031E740F26D12DFE74FF4B772DCE740F2F1
:107FA0006D13F4E74FF4B773F1E700F081F80028A0
:107FB0007FF43EAFDDF804B0BBF1010F72D1D9F808
:107FC00050301C1948EBE3784FF0010B00F02AF910
:107FD0000436072396FBF3F3C3EBC303F61A56D418
:107FE000C7F820B0BE612046414605B0BDE8F08F1D
:107FF000029A121A02924FEAE0726CEB020C029A99
:10800000944278EB0C0CBFF62CAFD3E7039A944262
:1080100078EB0B02FFF630AFBAF1000FCFDB4FF079
:10802000010B35E74FF0000B32E7C31A3CE74FF086
:10803000FF3A4FE74FF4B6736CE740F26D1369E710
:10804000AA0717D1642195FBF1F201FB1252DAB9AC
:108050004FF4C87205F26C7595FBF2F102FB1155F5
:10806000002D40F26D1208BF4FF4B7729342A8BFC3
:108070009B1A4FE740F26D12F8E700BF4CCD0208A3
:10808000805101007C6601204FF4B772EEE707369D
:10809000A6E74FF0FF34A046A5E7BAF1000FC1DA1A
:1080A0004FF0000BD9F828301C1948EBE3788DE726
:1080B0002DE9F843044602F04DF940F2B1739C42B9
:1080C00040F3A3806FF4F6616518A4F2B27340F236
:1080D0006D12AD1002FB03556FF4C8666FF06302BA
:1080E000A4F26D7393FBF2F31D44A319484E446050
:1080F0004FF4C8720146B3FBF2F300F150071D4480
:108100000B7AD1F814C04A2B38D1A20705EB0C0327
:1081100006D14FF0640E94FBFEF20EFB124232B910
:108120004FF4C87E94FBFEF20EFB12421ABBBCF168
:108130003B0FD4BF4FF0000C4FF0010C6344013BE8
:108140008A694FEAE27CC3FB062C8B6AD2184CEB9F
:10815000E373C1E9082328318F42D1D1D0E9084324
:10816000D0E912128C429341B4BF01230023036073
:108170000120BDE8F8834FF0000CDFE7442B02D16B
:1081800005EB0C03DCE7A30705D1642294FBF2F3B3
:1081900002FB134393BB4FF4C87294FBF2F302FB50
:1081A0001343B3FA83F35B09DFF868E0D1F80C906E
:1081B0005B4203F030032A464FF00008734408F195
:1081C0000108C14553F828E01ADC02F1040807232E
:1081D00098FBF3F3C3EBC303A8EB0303BCEB030C63
:1081E0000B6903F1FF3348BF0CF1070CC3EBC3036A
:1081F0009C44F44506DA02EB0C03A1E70123D3E724
:108200007244DCE7ACF1070CF3E70020B1E700BFF4
:1082100080510100A4CE0208014800F0A2BA00BFBC
:1082200084660120014800F09EBA00BF84660120E8
:10823000014B186800F002B8300400202DE9F04F1F
:108240008DB0074602F086F8BC49BD4D044638465D
:1082500000F090FE064610BBBA4BBB4A1860BB4B01
:10826000A0621860BA4B2065C3E900224A210022AF
:108270000023C4E90300C4E90500C4E90D00C4E912
:108280000F00C4E90823C4E912232868217284F886
:10829000301000F07FFE2E600DB0BDE8F08F296831
:1082A000002940F08E80286800F074FE3046D7F731
:1082B00099FF411C384600F097FE2860002840F0E6
:1082C0008680A24ADFF88882DFF878A20023136054
:1082D000A04ACAF8003000200021C8E90022C4E901
:1082E0000333C4E90533C4E90801C4E90D33C4E923
:1082F0000F33C4E912014A222272A36284F83020AB
:10830000236533783A2B08BF013633783C2B62D192
:10831000751C914A91490AAB284601F0D5FF002807
:10832000BADD0A9BDA1E072AB6D8EB5C3E2BB3D126
:1083300002360A9BF518F35C2D2B5AD101354FF00C
:10834000FF390023ADF81E30ADF8203008AF0AAB7E
:10835000CDE9013703930DF11E03009380490AAB69
:1083600007AA284601F0B0FF002895DDBDF81E30B1
:10837000BDF820603C2202FB0366BDF81C304FF4C0
:10838000616202FB03660A9B09FB06F605EB030923
:10839000EB5C3C2B40F0EE8009F10105714A6F491E
:1083A0000AAB284601F090FF002828DC99F801303C
:1083B0003E2B24D1684BA662C8E90033CAF800609E
:1083C0006AE7D7F705FF00287FF46DAF64E7314611
:1083D00000F0CBF975E7604A63490AAB304601F01B
:1083E00073FF00287FF758AF0A9B033B072BA0D9E8
:1083F00052E72B2B08BF01354FF00109A1E70A9B7B
:10840000DA1E072A3FF648AFEB5C3E2B7FF444AF01
:1084100009F102090A9B09EB030519F803302D2B1A
:1084200040F0B78001354FF0FF390023ADF81C3024
:10843000ADF81E30ADF820300A930AABCDE90273D7
:1084400001930DF11E03009345490AAB07AA284684
:1084500001F03AFF002800F3A280A6F561630493BF
:108460000A9B27461D444FF0000B2B782C2B08BF8E
:10847000013595F80090B9F14D0F40F0A3800AAB9B
:108480000DF12602CDE9013209AA00923749039382
:108490000DF12202284601F017FF03287FF4FCAEFD
:1084A000BDF822104B1E0B2B3FF6F6AEBDF8242074
:1084B000531E042B3FF6F0AEBDF82630062B3FF6D8
:1084C000EBAEC7E9031287F808907B610A9B05EBC6
:1084D000030900254FF00203ADF81C30ADF81E5023
:1084E000ADF820500A9599F800302F2B40F0968077
:1084F0000AAB08AACDE901320DF11E0200921C4917
:10850000039307AA484601F0DFFEA84200F38680E5
:108510004A2100220023C4E90355C4E90555C4E9F2
:108520000823C4E90D55C4E90F55C4E9122321728B
:10853000A56284F830102565AEE600BFFEC30208D0
:108540005C6601207866012001C402087C66012077
:10855000BC0200208FC402086C66012005C402081A
:108560003AC402086066012018C4020826C4020842
:1085700039C402083E4A3F490AAB484601F0A4FE0E
:1085800000287FF717AF0A9B033B072B7FF642AF0C
:1085900082E62B2B08BF01354FF0010945E7BDF8F6
:1085A0001E20BDF820303C2101FB0233BDF81C2009
:1085B0004FF4616101FB023309FB03F34FE74FF016
:1085C000010B52E7B9F14A0F06BF01354B46442370
:1085D0000A220BA92846059301F0BEFADDF82C907B
:1085E000059BADF82600A94514D14D23BBF1000F22
:1085F00007D1237203210223C4E90313C4F814B082
:1086000067E784F830300B220123C4E90D230023EF
:10861000E3635EE780B23B7278615AE7BDF81E20E3
:10862000BDF820303C2101FB0233BDF81C204FF483
:10863000616101FB0233BB610A9D28374D44BBF1E8
:10864000000FBCD0049B23650B4BC8F8003060685A
:10865000074BA662C8F80430FFF72AFDA26A236D13
:10866000CAF800209B1A054A18BF0123136013E6BD
:108670006066012018C402086C6601207C66012037
:1086800038B5064D0023044608462B60DAF75CFB3C
:10869000431C02D12B6803B1236038BD80660120E2
:1086A00038B5074D04460846114600222A601A468E
:1086B000DAF771FB431C02D12B6803B1236038BD8C
:1086C0008066012038B5074D044608461146002251
:1086D0002A601A46DAF7FFFA431C02D12B6803B16D
:1086E000236038BD8066012038B5074D0446084632
:1086F000114600222A601A46DAF70AFB431C02D10F
:108700002B6803B1236038BD80660120014B1868D7
:10871000704700BF3004002070B50D4D0D4C641B38
:10872000A4100026A64209D10B4D0C4C02F0B4FC5B
:10873000641BA4100026A64205D170BD55F8043B69
:1087400098470136EEE755F8043B98470136F2E7C3
:1087500010CF020810CF020810CF020814CF020871
:1087600070477047704770477047034611F8012BF8
:1087700003F8012B002AF9D170470A44914200F115
:10878000FF3300D1704710B511F8014B03F8014FCA
:108790009142F9D110BD00009FED010B704700BF61
:1087A000000000000000F87F1FB514461A46094B70
:1087B0001B680546D8684CB1074B0091CDE90134E0
:1087C00006492B4601F06EFD01F0D8FD044B1C4616
:1087D000F3E700BF3004002054C4020861C402085B
:1087E0008FC4020810B591FBF2F402FB141104606F
:1087F000416010BD38B50546002941D051F8043C10
:108800000C1F002BB8BFE41800F080FC1D4A136851
:1088100033B9636014602846BDE8384000F07CBC82
:10882000A34208D9206821188B4201BF19685B68F0
:1088300009182160EDE71A465B680BB1A342FAD92B
:1088400011685018A0420BD120680144501883428F
:108850001160E0D118685B68536008441060DAE783
:1088600002D90C232B60D6E7206821188B4204BF65
:1088700019685B68636004BF091821605460CAE727
:1088800038BD00BF8C6601200369B3EB611F2DE981
:10889000F0434FEA611200F1140445DD11F01F01AD
:1088A00004EB830604EB82050CD100F11007294686
:1088B000B14234D39B1A9B00EA1E964238BF002374
:1088C000234415E054F82270C1F12008CF4005F18F
:1088D000040EA1467645F44615D89A1A9200043A39
:1088E0000135AE4238BF0022A318A75007B10433A8
:1088F0001A1BA3424FEAA20208BF0023026108BF6D
:108900004361BDE8F083DCF800C00CFA08FC4CEAD7
:10891000070749F8047B5EF8047BCF40DAE751F89B
:1089200004CB47F804CFC3E72346E1E7A0F13003C7
:10893000092B02D82038C0B27047A0F16103052B83
:1089400001D84738F7E7A0F14103052B01D82738B4
:10895000F1E70020704700002DE9F04F85B08A460E
:1089600002930B68019090469C1CA14614F8010BE1
:108970003028FAD0A9EB0303A3F1020BFFF7D6FFCF
:108980000546002868D1A04901224846FFF739F87A
:108990000746002867D199F801002646FFF7C6FF71
:1089A000002862D0234618783028994603F1010345
:1089B000F9D0FFF7BBFFB0FA80F56D094FF0010B5E
:1089C0004A46164601323078FFF7B0FF0028F8D14A
:1089D0008D4901223046FFF714F800283FD144B9F1
:1089E000741C2246164601323078FFF79FFF00289C
:1089F000F8D1A41BA700337803F0DF03502B3ED13E
:108A000073782B2B33D02D2B34D0711C0024087895
:108A1000FFF78CFF431EDBB2182B30D8A0F11002F9
:108A200011F8010FFFF782FF00F1FF3C5FFA8CFCA9
:108A3000BCF1180F4FF00A031ED904B1524217447B
:108A4000CAF80010EDB1BBF1000F0CBF06250025E0
:108A5000284605B0BDE8F08F00252C46B0E7002C75
:108A6000C7D12746C7E74E462F460125C3E7002456
:108A7000B11CCCE70124FBE703FB0200CEE7314643
:108A8000DEE7A6EB0903013B2946072B0ADC019828
:108A900000F048FB044640B95C4B0246E4215C48C8
:108AA000FFF782FE01315B10EFE700F1140A0023AB
:108AB00055469B46B14537D345F804BBA5EB0A059F
:108AC000AD102561584600F01FFC6D01D8F800601C
:108AD0002D1AB54254DDAD1B2946204600F0ABFFF0
:108AE000814678B16B1E591103F01F025AF821100C
:108AF0004FF0010909FA02F20A4203D04B4536DC75
:108B00004FF0020929462046FFF7BEFE2F44D8F851
:108B10000830BB4242DA0198214600F043FB0E9A2E
:108B200000231360A32593E716F8012D2E2A12D0F7
:108B3000202B04D145F804BB4FF0000B5B46307886
:108B40000393FFF7F3FE039B00F00F0098404BEAFE
:108B5000000B0433AEE7B145EAD82B490393012259
:108B60003046FEF74EFF039B0028E1D1A2E7A91E85
:108B7000204600F060FF0028C2D04FF00309C1E793
:108B800009DA751B214601982A4600F01BFD7F1B60
:108B9000044600F1140A4FF00009B8E7D8F8045071
:108BA000BD426FDDED1BAE4234DCD8F80C30022B39
:108BB00022D0032B24D0012B15D1AE4213D1012E8C
:108BC0000BD1029AD8F80430136001232361CAF84C
:108BD00000300E9B62251C603AE7711E204600F0B3
:108BE0002AFF0028EDD10198214600F0DBFA0E9A09
:108BF0000023136050252BE70F9B002BF3D1E0E7F8
:108C00000F9B002BDDD1EEE7F0C3020890C40208F1
:108C1000A1C402086F1EB9F1000F30D127B1394647
:108C2000204600F008FF81467A1101235AF82220DD
:108C300007F01F07BB4013422946204618BF49F0E2
:108C40000209FFF721FED8F80470761B0225B9F15E
:108C5000000F47D0D8F80C30022B15D0032B17D0BB
:108C6000012B09D119F0020F06D0DAF8003049EAD9
:108C7000030919F0010F0ED145F0100532E04FF055
:108C80000109D1E70125E2E70F9BC3F101030F932F
:108C90000F9B002BF0D0D4F810B004F114034FEA6E
:108CA0008B0A03EB8B014FF0000C184653F8042B92
:108CB000B2F1FF3F1BD001320260022D04F1140318
:108CC0003CD1D8F80020013AB24209D171110122F9
:108CD00053F8213006F01F0602FA06F61E423AD17A
:108CE00045F020050E9B1C60029B1F60B0E6994278
:108CF00043F804CCD9D8A3689B4517DB6168019879
:108D0000013100F00FFA814618B91A4B024684214E
:108D1000C5E62269023204F10C0192000C30FFF723
:108D20002CFD2146019800F03DFA4C4623695A1C5F
:108D300004EB8303226101225A61BEE722695A458E
:108D40000BDD01212046FFF79FFDD8F808300137E1
:108D5000BB42FFF6E0AE0125C2E716F01F06FAD0CF
:108D60005344C6F1200653F8040C00F0CDFAB0428B
:108D7000E7DBF0E790C40208C2F10802920070B588
:108D8000C2F120064368046803FA06F52C43D34079
:108D9000046040F8043F8842F4D370BD30B50368E6
:108DA000013311F8014B14B90360012030BD13F8F1
:108DB000012BA2F14105192D98BF2032A242F0D01B
:108DC0000020F3E72DE9F04F0B6801685E1102EB1C
:108DD000860613F01F0387B018BF04360025371F1F
:108DE00082469046019346F8045CB9463C4602959B
:108DF000AB464A784B1C039342B31046059104924C
:108E0000FFF794FD002851D1049A0599202A18D81B
:108E1000029B9B4513DD4C4506D2072D04DC2A46F8
:108E200049462046FFF7A8FF444552D90023A4F144
:108E3000040944F8043CCDF808B04C461D4603999B
:108E4000D7E7292A57D10231CAF80010BBF1000F29
:108E500051D04C4506D2072D04DC2A46494620460F
:108E6000FFF78AFF444536D9A8F10402234653F898
:108E7000041B42F8041F9F42F9D23B1B23F003035B
:108E800004330134033EB44288BF04234344002228
:108E900043F8042B9F42FBD23B681BB9474528D1BE
:108EA00001233B60052007B0BDE8F08F0135082D98
:108EB0000BF1010B06DD4445C1D9002344F8043C05
:108EC0000125043C226800F00F0040EA02102060F7
:108ED000B5E70825B3E7019B002BDDD0C3F12003E4
:108EE0004FF0FF32DA4056F8043C134046F8043C99
:108EF000D2E7043FD0E70420D5E700002DE9F84F82
:108F0000DFF86CA006468946174601F053FADAF8F6
:108F1000004034B14B46984613F8012B3AB13D2A34
:108F2000F9D1304601F04CFA0020BDE8F88FA8EBEB
:108F30000908A34654F8040B0028F2D042464946DB
:108F4000FEF75FFD0028F4D154F8043C03EB08055C
:108F500013F808303D2BECD1DAF80030ABEB03030B
:108F60009B1030463B6001F02BFA681CDDE700BF28
:108F70003402002007B501AAFFF7C0FF03B05DF877
:108F800004FB0000024B0146186800F02DB800BF3A
:108F900030040020024B01461868FFF72BBC00BFCD
:108FA0003004002070B50F4E0C463168054611B9EB
:108FB00001F0D4F930602146284601F0CFF9431C76
:108FC00003D14FF0FF34204670BDC41C24F00304CD
:108FD000A042F8D0211A284601F0C0F90130F2D1A0
:108FE000EFE700BF886601202DE9F843CD1C25F08E
:108FF000030508350C2D38BF0C25002D064601DB76
:10900000A94204D90C2333600020BDE8F883DFF8BF
:10901000D48000F07BF8D8F800301C4644BB2946C9
:109020003046FFF7BFFF431C044658D1D8F8004034
:109030002746002F43D1002C4BD0236839463046B9
:1090400004EB030901F08AF9814542D121686D1AC8
:1090500029463046FFF7A6FF01303AD023682B445B
:109060002360D8F800305A6862BBC8F800700FE07F
:109070002268521B20D40B2A17D96119A3422560FC
:1090800018BF5960636808BFC8F8001062514B6090
:10909000304600F041F804F10B00231D20F00700DA
:1090A000C21A1CBF1B1AA350AFE76268A3420CBFD1
:1090B000C8F800205A60EBE723466468AEE73C46F8
:1090C0007F68B6E71A465B68A342FBD10023536072
:1090D000DEE70C233360304600F01EF894E70560AD
:1090E000D6E700BF8C66012082B001B901A942B168
:1090F0004BB113780B601278101E18BF012002B01C
:1091000070471046FBE76FF00100F8E70148FFF7F2
:1091100029BB00BF866601200148FFF725BB00BFC1
:109120008666012070B5C66904460D4676B91020E2
:10913000FFF728FF0246E06120B9184B18486B2161
:10914000FFF732FBC0E901660660C660E669F368B6
:1091500083B1E369DB6853F82500B8B9012101FA4E
:1091600005F6721D9200204601F00FF960B1C0E9CA
:1091700001560EE021220421204601F006F9E369A0
:10918000F060DB68002BE4D1002070BD026843F87A
:1091900025200023C0E90333F7E700BF01C502081B
:1091A00018C5020870B5C66905460C4676B9102088
:1091B000FFF7E8FE0246E86120B9094B09488F2114
:1091C000FFF7F2FAC0E901660660C6603CB1EB69E0
:1091D0006268DB6853F82210216043F8224070BDBA
:1091E00001C5020818C502082DE9F0410D690746BE
:1091F0000C461E4601F1140C0020DCF8003099B238
:1092000002FB01611E0C0B0C02FB063389B201301C
:1092100001EB034185424CF8041B4FEA1346ECDC9A
:109220000EB3A368AB4219DC616838460131FFF721
:1092300079FF804628B902460C4B0D48BA21FFF74A
:10924000B3FA2269023204F10C0192000C30FFF7EC
:1092500094FA21463846FFF7A5FF444604EB850300
:1092600001355E6125612046BDE8F08190C40208A9
:1092700018C502082DE9F8430C4615461F46092279
:109280000833064693FBF2F3002101229A4209DBE0
:109290003046FFF747FF40B90246194B1948D32122
:1092A000FFF782FA52000131F0E7089B4361092D74
:1092B0004FF00103036116DD04F10909C8462C448F
:1092C00018F8013B0146303B0A223046FFF78CFF7D
:1092D000A045F5D1A5F108044C442D1B6319BB42F0
:1092E00004DBBDE8F8830A340925F6E714F8013BEE
:1092F0000146303B0A223046FFF776FFEEE700BF1B
:1093000090C4020818C50208B0F5803F034636BF76
:10931000030400201020B3F1807F3CBF1B02083003
:10932000B3F1805F3CBF1B010430B3F1804F3CBF01
:109330009B000230002B05DB13F0804F00F1010091
:1093400008BF202070470368024613F007000BD0C7
:10935000D90721D4980749BF5B089B0801201360F7
:109360005CBF13600220704799B209B91B0C102032
:10937000D9B209B908301B0A190704BF1B09043008
:10938000990704BF9B080230D90703D45B0800F19A
:10939000010003D013607047002070472020704701
:1093A00010B50C460121FFF7BDFE024628B9054B5A
:1093B000054840F24511FFF7F7F9012344610361C5
:1093C00010BD00BF90C4020818C502082DE9F04F77
:1093D00017460A693B699A42A8BF3B468946A4BF23
:1093E0000F4699463D69D9F810A0BB68796805EB2E
:1093F0000A06B34285B0B8BF0131FFF793FE30B91A
:109400000246414B41484FF4B171FFF7CDF900F1ED
:10941000140404EB860E23460022734520D307F183
:10942000140809F1140108EB850501EB8A03029386
:10943000EB1B153B23F0030304331537BD4238BF44
:1094400004230193029B03918B420CD8002E03DD71
:109450005EF8043D002B55D0066105B0BDE8F08FE5
:1094600043F8042BD9E7B1F800A0BAF1000F1FD0E0
:10947000C446A14600275CF8042BD9F800301FFA37
:1094800082FB9BB20AFB0B333B44D9F80070120CF1
:109490003F0C0AFB027202EB13429BB243EA024307
:1094A000654549F8043B4FEA1247E4D8019BE75071
:1094B000039BB3F802900431B9F1000F20D0236868
:1094C0004746A4464FF0000AB7F800B0BCF80220A7
:1094D00009FB0B2252449BB243EA02434CF8043B83
:1094E00057F8043B4FEA134ABCF8003009FB0A3333
:1094F00003EB1243BD424FEA134AE5D8019AA35049
:1095000004349FE7013EA1E790C4020818C5020891
:109510002DE9F843154612F0030207460E4607D020
:10952000254C013A002354F82220FFF75DFE064641
:10953000AD103DD0FC697CB91020FFF723FD024639
:10954000F86128B91D4B1E4840F2B311FFF72CF902
:10955000C0E901440460C460D7F81C80D8F8084012
:109560004CB940F271213846FFF71AFF0023C8F8C2
:109570000800044603604FF00009EB070AD53146A6
:1095800022463846FFF722FF314680463846FFF72D
:1095900009FE46466D100BD0206838B92246214698
:1095A0003846FFF713FF2060C0F800900446E4E758
:1095B0003046BDE8F88300BFACCD020801C5020803
:1095C00018C502082DE9F0470C464968236903EBEA
:1095D0006218A368074691464FEA621A08F101062D
:1095E000B3420BDB3846FFF79DFD054648B90246FE
:1095F000284B29484FF4EF71FFF7D6F801315B0093
:10960000EEE7002300F1140100F110021846534563
:1096100033DB20692AEAEA7A04F1140319F01F09FE
:1096200001EB8A0103EB800C2BD0C9F1200E8A4696
:109630000022186800FA09F010434AF8040B53F8A6
:10964000042B9C4522FA0EF2F3D8ACEB0403153B35
:1096500023F00303043304F11500604588BF04239D
:10966000CA500AB108F10206013E38462E61214671
:10967000FFF798FD2846BDE8F08742F8040F013354
:10968000C5E7043953F8042B41F8042F9C45F9D859
:10969000EAE700BF90C4020818C502080A69034639
:1096A0000069801A30B50ED11433143103EB8204F3
:1096B00001EB820154F8045D51F8042D954203D06A
:1096C00005D24FF0FF3030BDA342F3D3FBE70120BA
:1096D000F9E700002DE9F74F89460646114648464E
:1096E0001446FFF7DBFF051E12D129463046FFF76F
:1096F00019FD024628B93F4B40F237213E48FFF79B
:1097000053F80123C0E90435104603B0BDE8F08FDB
:10971000BCBF4B46A1463046D9F80410BABF1C4620
:1097200001250025FFF7FEFC024618B9314B40F237
:109730004521E3E7D9F810702669C56009F11003E7
:1097400009F1140504F1140E00F1140B05EB870860
:109750000EEB86060193D9464FF0000C019B5EF894
:10976000040B53F804AF01931FFA8AF3194683B22E
:10977000CB1A000C6344C0EB1A4000EB23409BB2B1
:1097800043EA0043764549F8043B4FEA204CE5D8CC
:10979000331B153B23F0030315340433A64238BFB3
:1097A00004231D445B441E462C4644450ED308F159
:1097B0000301491B21F00301033DA84538BF0021E7
:1097C0000B4453F8041D91B117619DE754F8041B35
:1097D000E646080C1CFA81FC714400EB2C4089B26F
:1097E00041EA004146F8041B4FEA204CDDE7013F07
:1097F000E7E700BF90C4020818C5020882B08DEDEB
:10980000000B019A0F4B1340A3F15073002B08DC9F
:109810005B42B3F1A07F4FEA235204DA4FF40023F6
:109820001341002208E0A2F114031E2BDABF4FF00F
:109830000042DA40012200231946104641EC100B89
:1098400002B070470000F07F2DE9F041066900F199
:10985000140808EB8606371F56F8042C1046FFF74D
:1098600053FDC0F120030A280B601B4915DCC0F131
:109870000B0C22FA0CF3B84543EA010534BF56F845
:10988000083C0023153002FA00F023FA0CF30343DE
:109890001C4645EC104BBDE8F081B8453ABF56F880
:1098A000083CA6F1080700230B3812D0C0F12001B4
:1098B00023FA01F482402243474542F07F558CBF92
:1098C00057F8042C00228340CA4045F44015134346
:1098D000DEE742EA0105DBE70000F03F2DE9F74350
:1098E0000F46012159EC108B1646FFF71BFC04466E
:1098F00030B90246234B244840F20F31FEF754FFA3
:10990000C9F30A55C9F313030DB143F4801301934E
:10991000B8F1000323D068460093FFF714FDDDE99A
:109920000012D0B1C0F1200302FA03F30B43C2408E
:1099300063610192019BA361002B0CBF01220222F3
:109940002261A5B1A5F2334505443D60C0F1350063
:109950003060204603B0BDE8F0836161EAE701A80A
:10996000FFF7F1FC019B636120300122E8E704EB83
:109970008203A0F2324038601869FFF7C5FCC0EBE3
:109980004210E5E790C4020818C502082DE9F04F1F
:1099900085B0CDE9001002A9FFF756FF009803A992
:1099A00055EC104BFFF750FF019B1969009B1B6999
:1099B000C91ADDE902329B1A5BEC10AB03EB4113D1
:1099C000002BCEBF2A46C3EB03335A462F46D94657
:1099D000CCBF02EB035702EB03594B4652462046DD
:1099E0003946D6F743FF41EC100B05B0BDE8F08FC8
:1099F000013970B549111469013102F1140300EB0A
:109A0000810103EB8404051FA3420CD3A31A113B6D
:109A100023F003031132A24288BF0023184400231D
:109A2000884205D370BD53F8046B45F8046FEBE72B
:109A300040F8043BF4E700F1140200694B1198422E
:109A400010B511DB0ADD11F01F0107D052F82340D9
:109A500024FA01F000FA01F18C420BD102EB8303EE
:109A6000934203D8002010BD0346F7E753F8041DC6
:109A70000029F5D00120F6E72DE9F043344E864663
:109A80000D46284615F8014B375D17F00807F8D149
:109A90002D2C10D12C780127851C33F0100015D106
:109AA000302C0DD1287800F0DF00582808D16C78D0
:109AB000023510230AE02B2C04BF2C78851CECE720
:109AC000002BF6D1302C14BF0A2308234FF0FF38A7
:109AD0000026B8FBF3F803FB08F96FEA09093046E2
:109AE000A4F1300CBCF1090F10D86446A3421EDD6E
:109AF000B6F1FF3F07D0804516D301D1A14513DB56
:109B000000FB0340012615F8014BE9E7A4F1410CE5
:109B1000BCF1190F01D8373CE8E7A4F1610CBCF1A6
:109B2000190F04D8573CE1E74FF0FF36EBE7731C01
:109B300006D12223CEF80030304632B9BDE8F0839A
:109B400007B14042002AF9D006B1691E1160F5E75D
:109B500049CC0208FFF790BF13460A460146024867
:109B60000068FFF789BF00BF3004002003460846A5
:109B700041B1FF2A04D98A221A604FF0FF307047A2
:109B80000A70012070472DE9F0478E681F46BE42DB
:109B90000B6882460C4690462DD8B1F90C2012F481
:109BA000906F26D06569096905EB4505A3EB0109AE
:109BB00005EBD5757B1C4B446D109D4238BF1D468F
:109BC000530527D52946FFF70FFA064660B32169EA
:109BD0004A46FEF7D2FDA38923F4906343F0800345
:109BE000A381266165614E44A5EB09052660A56049
:109BF0003E46BE4200D93E4620683246414600F00D
:109C00008FFBA3689B1BA360236833442360002061
:109C1000BDE8F0872A4600F0D9FB06460028E0D1CF
:109C200021695046FEF7E6FD0C23CAF80030A389EF
:109C300043F04003A3814FF0FF30E9E72DE9F04FF7
:109C400098468B891B069DB007460D46144610D5D5
:109C50000B6973B94021FFF7C7F92860286130B953
:109C60000C233B604FF0FF301DB0BDE8F08F402368
:109C70006B610023099320238DF82930CDF80C80E7
:109C80003023DFF89C818DF82A304FF001092346FC
:109C90009A4613F8012B0AB1252AF9D1BAEB040B25
:109CA0000BD05B46224629463846FFF76CFF013051
:109CB00000F0A780099A5A4409929AF80030002BC4
:109CC00000F09F8000234FF0FF32CDE905230AF119
:109CD000010A049307938DF853301A9354460522D2
:109CE00014F8011B4E48D6F78BFA049AD8B9D0065F
:109CF00044BF20238DF85330110744BF2B238DF828
:109D000053309AF800302A2B15D0079A5446002079
:109D10004FF00A0C214611F8013B303B092B4BD97F
:109D2000B0B1079214E0A0EB080309FA03F3134360
:109D30000493A246D2E7039B191D1B680391002BD5
:109D4000BBBF5B4242F0020207930793B8BF049285
:109D500023782E2B0AD163782A2B32D1039B1A1D2C
:109D60001B68039243EAE37302340593DFF8C0A053
:109D7000217803225046D6F743FA38B1049BA0EB72
:109D80000A004022824013430134049314F8011B5B
:109D900024488DF828100622D6F732FA002836D04B
:109DA000214B1BBB039B073323F0070308330393AB
:109DB000099B334409936AE70CFB02320C460120ED
:109DC000A8E700230134059319464FF00A0C2046FA
:109DD00010F8012B303A092A03D9002BC6D005917F
:109DE000C4E70CFB012104460123F0E703AB009319
:109DF0002A460E4B04A93846AFF30080421C0646A3
:109E0000D6D1AB895B063FF52DAF09982CE703ABA4
:109E100000932A46054B04A9384600F079F8EDE78F
:109E200071C502087BC5020800000000879B02087C
:109E300077C502082DE9F047164698468A680B69EF
:109E4000DDF820909342B8BF1346336091F8432069
:109E500007460C460AB1013333602368990642BFB6
:109E6000336802333360256815F0060506D104F126
:109E7000190AE36832689B1AAB4226DC94F8433037
:109E80002268003B18BF012392062BD404F1430241
:109E900041463846C84701301ED02368226903F086
:109EA0000603042B02BFE5683368ED1AA3680CBFF4
:109EB00025EAE57500259342C4BF9B1AED180026DC
:109EC0001A34B5421AD1002008E001235246414617
:109ED0003846C847013003D14FF0FF30BDE8F08766
:109EE0000135C6E7E1185A1C302081F843002244AE
:109EF00094F8451082F843100233C7E70123224645
:109F000041463846C8470130E6D00136D9E700005F
:109F10002DE9FF470F7E0C9E782F914680460C4618
:109F20009A4601F1430207D8622F0AD8002F00F0A9
:109F3000D180582F00F0B88004F1420684F84270B6
:109F40003AE0A7F16303152BF6D801A151F823F0ED
:109F5000A99F0208BD9F0208399F0208399F020885
:109F6000399F0208399F0208BD9F0208399F0208E5
:109F7000399F0208399F0208399F0208BBA00208D6
:109F8000E79F020875A00208399F0208399F02085E
:109F9000DDA00208399F0208E79F0208399F0208E6
:109FA000399F02087DA0020833681A1D1B683260C1
:109FB00004F1420684F8423001239CE033682068B3
:109FC000191D3160060601D51D6803E04506FBD565
:109FD000B3F90050002D03DA2D236D4284F843308D
:109FE00058480A2311E021683368080653F8045BD7
:109FF00002D4490648BFADB26F2F5248336014BF38
:10A000000A230823002184F843106668A660002E06
:10A0100005DB21682E4321F0040121604BD0164658
:10A02000B5FBF3F103FB1157C75D06F8017D2F4621
:10A03000BB420D46F4D9082B0BD12368DF0708D5A6
:10A04000236961689942DEBF302306F8013C06F1BE
:10A05000FF36921B2261CDF800A04B4603AA214691
:10A060004046FFF7E7FE01304AD14FF0FF3004B021
:10A07000BDE8F087236843F0200323603248782747
:10A0800084F84570236831681F0651F8045B02D4D8
:10A090005F0648BFADB23160D90744BF43F020032B
:10A0A00023601DB11023ADE72648E9E7236823F0BC
:10A0B00020032360F6E71646BDE73368256861692B
:10A0C000181D30602E061B6801D5196002E0680675
:10A0D000FBD51980002323611646BCE733681A1D9F
:10A0E00032601E68626800213046D6F789F808B1F0
:10A0F000801B606063682361002384F84330AAE713
:10A100002369324649464046D0470130ADD02368E6
:10A110009B0713D4E068039B9842B8BF1846A6E794
:10A120000123324649464046D04701309DD0013593
:10A13000E36803995B1AAB42F2DCEBE7002504F11C
:10A140001906F5E782C5020893C50208B1F90C208B
:10A150002DE9F041160705460C4654D44B68002BF8
:10A1600002DC0B6C002B48DDE66A002E45D0002394
:10A1700012F480522F68216A2B6030D0626DA3895F
:10A18000590705D56368D21A636B0BB1236CD21AD9
:10A190000023E66A216A2846B047431CA38906D1FA
:10A1A00029681D292BD82A4ACA40D60727D500225C
:10A1B0006260D9042269226004D5421C01D12B6857
:10A1C00003B96065616B2F60B9B104F14403994232
:10A1D00002D02846FEF70EFB002363630DE0012347
:10A1E0002846B0470246501CC9D12B68002BC6D068
:10A1F0001D2B01D0162B1ED12F60002022E043F032
:10A2000040031BB21BE00F69002FF6D093070E68C6
:10A2100008BF4B690F6018BF0023A6EB07088B60CF
:10A22000B8F1000FE9DD216AA66A43463A4628469E
:10A23000B047002808DCB4F90C3043F04003A38198
:10A240004FF0FF30BDE8F0810744A8EB0008E7E7D6
:10A250000100402038B50B6905460C4613B90025AE
:10A26000284638BD18B1036A0BB9FDF707FBB4F9EE
:10A270000C30002BF3D0626ED00704D4990502D4C1
:10A28000A06DFEF76FFA28462146FFF75FFF636E69
:10A29000DA070546E4D4A3899B05E1D4A06DFEF757
:10A2A00063FADDE70EB403B5014603AB054853F886
:10A2B000042B0068019300F0B1FA02B05DF804EBE2
:10A2C00003B07047300400200EB470B59DB021ACCF
:10A2D00000254FF4017254F8046BADF814201B955F
:10A2E00002900690D5F77EFF0B4B039007900B482A
:10A2F0000B934FF6FF73ADF816303246234602A992
:10A3000000680F951495019400F0E8F81DB0BDE8C1
:10A31000704003B0704700BF4F790208300400203E
:10A32000884210B501EB020402D98442234607D8C3
:10A33000431EA14208D011F8012B03F8012FF8E7C2
:10A34000024401468A4200D110BD13F8014D02F8C3
:10A35000014DF7E7004870478004002038B5064DEE
:10A360000023044608462B60D8F722FD431C02D187
:10A370002B6803B1236038BD8066012008B5062034
:10A3800000F0E2FD0120D8F79BFC70B5A1FB025460
:10A3900034B92946FEF728FE064628B9304670BD76
:10A3A0000C2202600026F9E72A462146FDF703FB4E
:10A3B000F4E700000148FEF7D5B900BF856601202B
:10A3C0000148FEF7D1B900BF856601202DE9F041B3
:10A3D000074614460D4621B9BDE8F0411146FEF787
:10A3E00003BE2AB9FEF706FA25462846BDE8F081E5
:10A3F00000F0C6FD8442064602D8B4EB500FF4D8F4
:10A4000021463846FEF7F0FD804608B94546ECE7A0
:10A41000B4422246294628BF3246FEF7AEF9294605
:10A420003846FEF7E7F9F1E738B54B1C144603D17F
:10A430004FF0FF35284638BD938923F020039381E0
:10A44000636B5268CDB28BB1A36B934208DD236876
:10A450005A1E226003F8015C636801336360E9E718
:10A46000214600F07AFC0028F1D0E1E72169236859
:10A4700051B1994208D213F8011CA94204D1013B01
:10A48000013223606260D5E7C4E90F3204F144036E
:10A4900063630323A363234603F8465F236001231A
:10A4A000DCE710B50C46496B69B104F144039942ED
:10A4B00001D0FEF79FF9236C63600020606313B145
:10A4C000E36B236010BD2369236000236360A389CD
:10A4D00043F02003A3814FF0FF30F3E72DE9F04F65
:10A4E0000C46ADF5237D0021CDE94411A649A0918C
:10A4F0000DF10408A549A64FCDF818810646A19193
:10A50000009392F80090B9F1000F00F0588117F80D
:10A51000093013F0080302F1010519D06368002B1C
:10A520000FDD23681A78BA5C120701D42A46E8E7DF
:10A53000459A0132459262680133013A62602360B4
:10A54000ECE7A19B2146304698470028E9D0EDE78B
:10A55000B9F1250F40F085804193439353782A2B1E
:10A5600002BF1023951C41930A22AA461AF8011B28
:10A57000A1F13003092B1ED9DFF818B20322584687
:10A58000D5F73EFE38B1419AA0EB0B000123834082
:10A5900013434193554615F8013B782B06D8572BAA
:10A5A00010D8252B5DD057D8002B75D003234793A7
:10A5B0000A23429388E0439B02FB03113039439105
:10A5C0005546D2E7A3F15802202AEFD801A151F84D
:10A5D00022F000BFA7A60208ADA50208ADA502089B
:10A5E00001A70208ADA50208ADA50208ADA50208A5
:10A5F000ADA50208ADA50208ADA50208ADA50208EB
:10A6000017A70208FDA602085FA602085FA60208B7
:10A610005FA60208ADA50208B9A60208ADA502080A
:10A62000ADA50208ADA50208ADA5020827A702083E
:10A63000C1A602089FA60208ADA50208ADA50208A2
:10A6400023A70208ADA50208FDA60208ADA50208D1
:10A65000ADA50208A7A60208453B022BA6D80523F4
:10A6600031E06368002B0DDD23681A784A4540F01D
:10A67000A680013362682360459B013A0133626022
:10A68000459353E7A19B2146304698470028EBD0DD
:10A690004498002840F08B804FF0FF308BE0419AC7
:10A6A00042F020024192419A42F4007241921022FB
:10A6B0006E2B429202D905E000234293032302E06D
:10A6C00008234293042347936368002B39DD419BA1
:10A6D000590604D423681A78BA5C120738D4479B09
:10A6E000022B47DC6B46224641A9304600F0AEF90A
:10A6F000012864D002287FF419AFC9E70A22D7E7FE
:10A700002946404600F0F0FA419B43F04003419354
:10A7100005460123D7E7419B43F0400341930023C3
:10A72000D1E70223CFE74198C3063FF5FFAE009B78
:10A73000459A191D00911B68C0074CBF1A801A600A
:10A74000F4E6A19B2146304698470028BFD09FE7FA
:10A75000459A013245926268013A002A626002DD40
:10A7600001332360B6E7A19B214630469847002875
:10A77000B0D08DE7042B0FDC6B46224641A9304652
:10A7800000F0BEF9B4E700BF29A40208A3A40208A0
:10A7900049CC020877C502080A4B002B3FF4C6AE2D
:10A7A0006B46224641A93046AFF30080A0E7A3895B
:10A7B0005B063FF571AF0DF5237DBDE8F08F449842
:10A7C000F9E700BF000000009368013B002B10B4C4
:10A7D000936008DA9469A34201DB0A2903D15DF88A
:10A7E000044B00F0F4BA1368581C10601970084646
:10A7F0005DF8044B7047F8B506460F461446D51869
:10A80000AC4201D1002007E014F8011B3A46304663
:10A81000FFF7DAFF431CF3D1F8BD00002DE9F04F3C
:10A820000D469DB014469846064618B1036A0BB90A
:10A83000FDF724F86B6ED90705D4AB899A0502D4CD
:10A84000A86DFDF78FFFAB891B0701D52B699BB95D
:10A850002946304600F0FAFA70B16B6EDC0704D579
:10A860004FF0FF301DB0BDE8F08FAB899805F7D4ED
:10A87000A86DFDF779FFF3E70023099320238DF8F6
:10A880002930CDF80C803023DFF8AC818DF82A30E8
:10A890004FF0010923469A4613F8012B0AB1252AE5
:10A8A000F9D1BAEB040B0BD05B4622462946304661
:10A8B000FFF7A1FF013000F0A780099A5A440992DE
:10A8C0009AF80030002B00F09F8000234FF0FF32F9
:10A8D000CDE905230AF1010A049307938DF853305B
:10A8E0001A935446052214F8011B5348D5F788FCE7
:10A8F000049AD8B9D10644BF20238DF853301307EA
:10A9000044BF2B238DF853309AF800302A2B15D0F2
:10A91000079A544600204FF00A0C214611F8013BDB
:10A92000303B092B4BD9B0B1079214E0A0EB0803E0
:10A9300009FA03F313430493A246D2E7039B191DBC
:10A940001B680391002BBBBF5B4242F002020793DE
:10A950000793B8BF049223782E2B0AD163782A2B51
:10A9600032D1039B1A1D1B68039243EAE37302343E
:10A970000593DFF8D4A0217803225046D5F740FC98
:10A9800038B1049BA0EB0A004022824013430134FB
:10A99000049314F8011B29488DF828100622D5F7D6
:10A9A0002FFC00283FD0264B1BBB039B073323F013
:10A9B000070308330393099B3B4409936AE70CFBA5
:10A9C00002320C460120A8E7002301340593194602
:10A9D0004FF00A0C204610F8012B303A092A03D90F
:10A9E000002BC6D00591C4E70CFB012104460123CE
:10A9F000F0E703AB00932A46124B04A93046AFF3AD
:10AA000000800746781CD6D16B6ED90705D4AB8978
:10AA10009A0502D4A86DFDF7A7FEAB895B063FF54A
:10AA20001FAF09981EE703AB00932A46054B04A904
:10AA30003046FFF76DFAE4E771C502087BC50208EE
:10AA400000000000F7A7020877C502082DE9F843C7
:10AA500015468A6880460C4632B98A69002A14BFB6
:10AA60004FF0FF3201228A602268DFF89090D10611
:10AA70005FBF1A68111D196016680027A06988B1A8
:10AA8000012807D12B681A7863699B5C53B9002FA2
:10AA900031D022E0022820D12B681B7819F803302E
:10AAA0001B071AD42368DA065EBF2B681B7806F8EA
:10AAB000013B2A686B6801322A60A268013B013AB7
:10AAC0006B600137A26042B1002BD7DCD4F8803133
:10AAD0002946404698470028D0D0236813F0100339
:10AAE00005D1E2680132E260A26902B133702369E4
:10AAF0003B4423610020BDE8F88300BF49CC020835
:10AB00002DE9F04F9846744B0C468246164693E862
:10AB1000070087B003AB83E80700704BA169704A58
:10AB2000032908BF1A46A36801925A1EB2F5AE7FE8
:10AB300088BF6FF4AE75274682BF03EB050940F26C
:10AB40005D13A36057F81C3B43F4506398BF4FF06C
:10AB5000000923603D464FF0000B316803AB0978D4
:10AB600053F82B000222D5F74BFB28B3BBF1010FA2
:10AB700059D162682AB92268082142F400726160E2
:10AB80002260226822F4A0622260A268511EA160A5
:10AB900092B13268511C3160127805F8012B72684D
:10ABA000013A002A726007DCD4F880213146504611
:10ABB0009047002840F085800BF1010BBBF1030F9B
:10ABC000CBD163680BB90A23636063684549606948
:10ABD000C91A00F089F84FF0000BA3682268002B17
:10ABE0003DD03168606991F800C010F80C00002871
:10ABF00035D0BCF1300F24D1100522D50BF1010B5B
:10AC0000B9F1000F03D0013309F1FF39A360736874
:10AC1000013B002B73601BDD336801333360A36895
:10AC2000013BA360D9E7BBF1020FAED1226802F469
:10AC3000C061B1F5007FC4D11021616042F480721F
:10AC4000A2E722F4106222600B7805F8013BDEE7F0
:10AC5000D4F880313146504698470028DFD0236829
:10AC6000D9050DD5BD4209D915F8011CD4F87C31A0
:10AC700032465046984705F1FF394D46BD4228D02F
:10AC8000226812F0100213D12A706368019E3946BF
:10AC90005046B047D8F8003021681A1DC8F8002087
:10ACA00011F0200F1B680FD01860E3680133E360D8
:10ACB0002369ED1B5D442B442361002007B0BDE8F0
:10ACC000F08F4FF0000BCAE7CA074CBF188018601E
:10ACD000EBE70120F2E700BFBCB102084D770208A4
:10ACE000559B0208B4C5020870B50B7804465E2B6C
:10ACF0000BBF4B784A1C8A1C002108BF0121013878
:10AD000004F1FF0500F8011FA842FBD10BB9501E4A
:10AD100070BD81F00101E1541046024612F8015B5A
:10AD20002D2D05D05D2D16D0002DF1D02B46F2E74C
:10AD300046785D2EFAD0B342F8DC02301A46013272
:10AD40009642A154FBDCF21A013A5D1CB342A8BF43
:10AD50000022AB18E1E71046DAE72DE9F0410C4696
:10AD6000496B04F1440399421DD14FF48061FEF711
:10AD70003BF918B94FF0FF30BDE8F0814FF4806324
:10AD8000A36394F84630606380F8FF3394F845304D
:10AD900080F8FE3394F8443080F8FD3300F2FD3043
:10ADA00020600020E8E7A66B77003A46FFF70EFB2D
:10ADB00005460028DED000EB060801463246404634
:10ADC000FDF7DBFCC4E90D57C4F80080E9E7F8B5EE
:10ADD0000E461446054618B1036A0BB9FCF74EFD42
:10ADE000A369A360A3891A0701D5236943B9214642
:10ADF000284600F02BF818B14FF0FF373846F8BD61
:10AE000023682269981A6369F6B28342374605DCE3
:10AE100021462846FFF71EFA0028EDD1A368013B22
:10AE2000A36023685A1C22601E706269431C9A4208
:10AE300004D0A389DB07E1D50A2EDFD121462846BD
:10AE4000FFF708FA0028D9D0D6E7000038B5294B1B
:10AE5000054618680C4618B1036A0BB9FCF70EFDDD
:10AE6000B4F90C30190722D4DA0607D409222A6073
:10AE700043F04003A3814FF0FF3033E0580712D571
:10AE8000616B41B104F14403994202D02846FDF7B9
:10AE9000B1FC00236363A38923F02403A38100236F
:10AEA000636023692360A38943F00803A3812369B6
:10AEB0004BB9A38903F42073B3F5007F03D0214677
:10AEC000284600F08BF8B4F90C3013F001020AD0D8
:10AED0000022A26062695242A261226942B913F063
:10AEE0008000C5D138BD990758BF6269A260F4E7F8
:10AEF0000020F7E7300400201F2938B505460C462E
:10AF000004D9162303604FF0FF3038BDC26B12B175
:10AF100052F821304BB9284600F030F8224601465D
:10AF20002846BDE8384000F017B8012B0AD0591C5C
:10AF300003D1162303600120E7E7002142F8241023
:10AF4000204698470020E0E7024B01461868FFF7CB
:10AF5000D3BF00BF3004002038B5074D002304469E
:10AF6000084611462B60D7F79BFE431C02D12B6885
:10AF700003B1236038BD00BF80660120D7F788BECB
:10AF800051F8043C181F002BBCBF0B58C018704769
:10AF900070B50C46B1F90E10002996B015461E4644
:10AFA0000DDAA38913F0800F4FF0000114BF402386
:10AFB0004FF48063002031602B6016B070BD6A468C
:10AFC00000F048F80028ECDB019901F47041A1F58C
:10AFD0000053594259414FF48063EBE78B89F7B531
:10AFE0009D0706460C4607D504F1470323602361FD
:10AFF0000123636103B0F0BD01AB6A46FFF7C8FFF0
:10B00000009F054639463046FDF7EEFF48B9B4F9D2
:10B010000C309A05EED423F0030343F00203A3811E
:10B02000E2E7A389206043F08003A381019BC4E988
:10B0300004075BB1B4F90E10304600F01DF828B1DA
:10B04000A38923F0030343F00103A381A3891D43D4
:10B05000A581CFE738B5074D0023044608461146C1
:10B060002B60D7F77DFE431C02D12B6803B1236010
:10B0700038BD00BF8066012038B5064D0023044668
:10B0800008462B60D7F77CFE431C02D12B6803B126
:10B09000236038BD80660120F8B500BFF8BC08BC4D
:10B0A0009E467047F8B500BFF8BC08BC9E46704786
:10B0B00054524941440000004B616C6D616E517502
:10B0C00065737400446961676E6F73697300000093
:10B0D000556E5061636B0000436F6E74726F6C004D
:10B0E0004D61737465725478000000004D656D6F9A
:10B0F00072790000536176654D656D0053656E642D
:10B100004D656D0053756E004750530041444353E5
:10B1100000000000446961676E6F7369735F4D657D
:10B120006D6F72790000000024474E524D430000BD
:10B13000244750524D43000024474E4747410000EA
:10B140002447504747410000000000002E00000047
:10B15000252E2A7325642E62696E000049444C45F1
:10B1600000000000546D722053766300546D7251DC
:10B1700000000000222A3A3C3E3F7C7F0000000095
:10B180002B2C3B3D5B5D0000EBFE904D53444F5339
:10B19000352E30004E4F204E414D45202020204678
:10B1A00041543332202020004E4F204E414D452047
:10B1B000202020464154202020202000B6C502082F
:10B1C000B9C50208BCC5020800000000000000006C
:10B1D000010203040607080900000000010203043D
:10B1E00000002110422063308440A550C660E77003
:10B1F000088129914AA16BB18CC1ADD1CEE1EFF1AB
:10B200003112100273325222B5529442F772D66252
:10B21000399318837BB35AA3BDD39CC3FFF3DEE3FA
:10B220006224433420040114E664C774A4448554A2
:10B230006AA54BB528850995EEE5CFF5ACC58DD54A
:10B240005336722611163006D776F6669556B446F2
:10B250005BB77AA719973887DFF7FEE79DD7BCC79A
:10B26000C448E5588668A778400861180228233842
:10B27000CCC9EDD98EE9AFF9488969990AA92BB9EA
:10B28000F55AD44AB77A966A711A500A333A122A92
:10B29000FDDBDCCBBFFB9EEB799B588B3BBB1AAB3A
:10B2A000A66C877CE44CC55C222C033C600C411CE2
:10B2B000AEED8FFDECCDCDDD2AAD0BBD688D499D8A
:10B2C000977EB66ED55EF44E133E322E511E700E32
:10B2D0009FFFBEEFDDDFFCCF1BBF3AAF599F788FDA
:10B2E0008891A981CAB1EBA10CD12DC14EF16FE1BA
:10B2F0008010A100C230E3200450254046706760F2
:10B30000B9839893FBA3DAB33DC31CD37FE35EF309
:10B31000B1029012F322D232354214527762567241
:10B32000EAB5CBA5A89589856EF54FE52CD50DC559
:10B33000E234C324A0148104667447642454054491
:10B34000DBA7FAB79987B8975FE77EF71DC73CD7A9
:10B35000D326F2369106B0165766767615463456E1
:10B360004CD96DC90EF92FE9C899E9898AB9ABA9F9
:10B370004458654806782768C018E1088238A32831
:10B380007DCB5CDB3FEB1EFBF98BD89BBBAB9ABB49
:10B39000754A545A376A167AF10AD01AB32A923A81
:10B3A0002EFD0FED6CDD4DCDAABD8BADE89DC98D99
:10B3B000267C076C645C454CA23C832CE01CC10CD1
:10B3C0001FEF3EFF5DCF7CDF9BAFBABFD98FF89FE9
:10B3D000176E367E554E745E932EB23ED10EF01E21
:10B3E0000020FD44000000009A4FE5C69AC91FC521
:10B3F0000020AA4400C05F44333369C3CDCC8042EF
:10B4000000009F429A99B941333393406666A6BFC4
:10B410009A993940000000C09A59B0C430FAD44417
:10B42000105E75C4F8D27C43C87FBE42BFC15E4186
:10B430007CD368C16666E63F2BD5943FFCEB5CBFCE
:10B440008B113DBE2483B9BC530EEE43EA922043D8
:10B450002DDA84409A261241B4CF294039BE67BE06
:10B46000CB7CB2BEE644433DD1102A3B4819DDBC3B
:10B470005863333B2A41BF414D30B3C081D4B0BF84
:10B480009B532ABF20D95C3E6DB2A03BD1CEB5B94B
:10B490005CC3263BF645173B015A6A3AAD87AE3D81
:10B4A00000AFAABEDDE22FBD62EF0D3CC917E1BBC4
:10B4B0001AA900BAD4C306B9E3F25CB80141A9B82D
:10B4C000D2367E3C91935A3B8B8D6F39207B423A2A
:10B4D000FF28A1B95F5F08B708B25EB5105A5636AB
:10B4E000368680BB909750B90515D5385DF3F33695
:10B4F00086F6B6B5024D04B58FC49834CFA28E3807
:10B500006949AEB7E4587C36B3EA933424C114B227
:10B5100008C6BE327E639534251F2FB5DA3CC13292
:10B5200045B23B32AE30F4AF12D074B471153CB2B8
:10B53000A43AB0B08A2555AFB1FE72B193082EAED1
:10B540006EE451AD2B2DF12EB22749AD5FE0B0ABCB
:10B5500000000000000000000000000000000000EB
:10B5600000000000000000000000000000000000DB
:10B5700000000000000000000000000000000000CB
:10B5800000000000330B8E45EA25E2C4D6DAB8C1CC
:10B59000BE33B042418E3B41987C80C015DC13C164
:10B5A0007777973F169B6CC05CD3E33E00000000AA
:10B5B0008DBA16BE924C6BC3F849F54161AF1FC1FD
:10B5C00020EA2B414664143FA39BBDBED08280BEBF
:10B5D0000C86463E00000000BE3C003D3C49D13B8D
:10B5E00086B0E7C1F9238740BFAF9CBF4CAE8F3E0A
:10B5F000255A6EBB41FEE43C36C86B3CA21D483B5D
:10B60000F64517BA014B433A224D29C057BECE3DED
:10B61000F39480BD2A35523C323C49BBF9D429BA57
:10B620004690323A984C93370146B6B80751A13D3F
:10B63000F0E51F3BE74431BAFE25123A4BE3FFB871
:10B64000124501B9452F8B3600000080C5EE993BAD
:10B650002ED7EBB9EF199F3686F6B6373EA22235C4
:10B66000024D84B48FC49834F7D238B79AC8D7B68D
:10B6700050D88CB461154FB5B521DFB36D9E98B12C
:10B6800073D6A1353CD380331FF9CBB3C10991B236
:10B69000AE30743100C73D3442C77A313A887FB149
:10B6A0008A25552E3DBF0DB2A6C9C3AFC52E83AEA8
:10B6B0003059D5AE5193772BFE24CA2A00000000E2
:10B6C000000040419A9939C16666A6BFCDCCCCBF77
:10B6D0009A99193FCDCC4CBE00000080CDCCCCBD9A
:10B6E00000000080CDCCCC3D000000000000000038
:10B6F00033331B41652440C06A79DBBF544A42BFE3
:10B70000B413B93E9CC3B2BD73D09ABC8988083DBE
:10B71000FE3C74BC0000000000000080000000003F
:10B720003ACD13C03B84533D2EF9E4BE0000000027
:10B73000C262FE3C588A28BB000000007E49D03A15
:10B74000D110AA3A0000000000000080307B52BFF8
:10B75000C676E43D85D3C33BE51EE23B255AEE3A6F
:10B760006DB2A03A1C5B083A176905390000000069
:10B77000000000807EEF49BDBF3DA93BEBB377BA27
:10B7800085F865B811C604B83B0777B8000000809B
:10B790000000000000000080FF262F3AE9D38C381B
:10B7A000595099B8E3F25C37000000005F5F88B63B
:10B7B00008B25EB500000080BDEB7338E08970B759
:10B7C0007FD4B5355DF37335000000000000000044
:10B7D000BFB04B33C29280360000008015CB3BB324
:10B7E00026C79DB2000000800000008037CA843365
:10B7F0003CD3003250C42BB1A68188B000000000B9
:10B800003DEAF2B000000080B6FB0CAF0000000083
:10B81000000000809308AEAD6EE4D1AC916A94ACA8
:10B8200000000080FE244AAA000000000000000082
:10B830000000000000000000000000000000000008
:10B8400000000000000000000000000000000000F8
:10B850000000000000000000000000000000ACC17B
:10B86000B3E17FC1EC05D13F7719B2BEA53204BE6A
:10B87000B512863DAC38E83D898808BDBF2D37BD7F
:10B88000000000000000008000000080CE8C5FC03F
:10B890002DA31EBD13779C3ECCD9DB3DE51E62BDBA
:10B8A000EEAC523C4530233C1F379C3B00000080EF
:10B8B000D2808D3A000000006E465DBE048D023DD0
:10B8C000048D823B43BF16BB84AE3EBBBD8E80BAA7
:10B8D0001C5B08BA176985B900000080013C9CB860
:10B8E0009FDCFDBCFDC6823BEBB3773A0000000055
:10B8F00011C604393B077738BA9F5737984C13372E
:10B900000150D0360DE2B83A904C24396FA4BFB83C
:10B91000BE1FB8B72E789D367FD4B5B50000008025
:10B9200000000080BDEB7338686734375F5F88B60E
:10B930003EA2A2B43EA2223400000080000000809B
:10B94000C29280B5532FC73415CBBBB300000000A3
:10B9500024C114320000008037CA84333CD3003342
:10B9600050C42BB100000080000000003DEAF2301E
:10B9700002EA5E300000000000000080000000804D
:10B980000000000000000080000000000000000037
:10B99000FE244AAA46696C65412E62696E00000069
:10B9A00000000046696C65422E62696E000000006E
:10B9B000000046696C65432E62696E00000000005D
:10B9C0000046696C65442E62696E0000000000004C
:10B9D00046696C65452E62696E00000000000046F5
:10B9E000696C65462E62696E0000000000004669C1
:10B9F0006C65472E62696E00000000000046696CAD
:10BA000065482E62696E00000000000046696C65A2
:10BA1000492E62696E00000000000046696C654AAC
:10BA20002E62696E00000000000046696C654B2EB6
:10BA300062696E00000000000046696C654C2E6271
:10BA4000696E00000000000046696C654D2E626959
:10BA50006E00000000000046696C654E2E62696E43
:10BA600000000000000046696C654F2E62696E00A0
:10BA7000000000000046696C65502E62696E00008F
:10BA80000000000046696C65512E62696E0000007E
:10BA900000000046696C65522E62696E000000006D
:10BAA000000046696C65532E62696E00000000005C
:10BAB0000046696C65542E62696E0000000000004B
:10BAC00046696C65552E62696E00000000000046F4
:10BAD000696C65562E62696E0000000000004669C0
:10BAE0006C65572E62696E00000000000046696CAC
:10BAF00065582E62696E00000000000046696C65A2
:10BB0000592E62696E00000000000046696C655A9B
:10BB10002E62696E00000000000046696C654141BC
:10BB20002E62696E000000000046696C6541422E7D
:10BB300062696E000000000046696C6541432E6238
:10BB4000696E000000000046696C6541442E626920
:10BB50006E000000000046696C6541452E62696E0A
:10BB6000000000000046696C6541462E62696E0067
:10BB70000000000046696C6541472E62696E000056
:10BB800000000046696C6541482E62696E00000045
:10BB9000000046696C6541492E62696E0000000034
:10BBA0000046696C65414A2E62696E000000000023
:10BBB00046696C65414B2E62696E000000000046CC
:10BBC000696C65414C2E62696E0000000000466998
:10BBD0006C65414D2E62696E000000000046696C84
:10BBE00065414E2E62696E000000000046696C657A
:10BBF000414F2E62696E000000000046696C65418D
:10BC0000502E62696E000000000046696C6541516B
:10BC10002E62696E000000000046696C6541522E7C
:10BC200062696E000000000046696C6541532E6237
:10BC3000696E000000000046696C6541542E62691F
:10BC40006E000000000046696C6541552E62696E09
:10BC5000000000000046696C6541562E62696E0066
:10BC60000000000046696C6541572E62696E000055
:10BC700000000046696C6541582E62696E00000044
:10BC8000000046696C6541592E62696E0000000033
:10BC90000046696C65415A2E62696E000000000022
:10BCA00046696C6542412E62696E000000000046E4
:10BCB000696C6542422E62696E00000000004669B0
:10BCC0006C6542432E62696E000000000046696C9C
:10BCD0006542442E62696E000000000046696C6592
:10BCE00042452E62696E000000000046696C6542A4
:10BCF000462E62696E000000000046696C6542478E
:10BD00002E62696E000000000046696C6542482E94
:10BD100062696E000000000046696C6542492E624F
:10BD2000696E000000000046696C65424A2E626937
:10BD30006E000000000046696C65424B2E62696E21
:10BD4000000000000046696C65424C2E62696E007E
:10BD50000000000046696C65424D2E62696E00006D
:10BD600000000046696C65424E2E62696E0000005C
:10BD7000000046696C65424F2E62696E000000004B
:10BD80000046696C6542502E62696E00000000003A
:10BD900046696C6542512E62696E000000000046E3
:10BDA000696C6542522E62696E00000000004669AF
:10BDB0006C6542532E62696E000000000046696C9B
:10BDC0006542542E62696E000000000046696C6591
:10BDD00042552E62696E000000000046696C6542A3
:10BDE000562E62696E000000000046696C6542577D
:10BDF0002E62696E000000000046696C6542582E94
:10BE000062696E000000000046696C6542592E624E
:10BE1000696E000000000046696C65425A2E626936
:10BE20006E000000000046696C6543412E62696E39
:10BE3000000000000046696C6543422E62696E0096
:10BE40000000000046696C6543432E62696E000085
:10BE500000000046696C6543442E62696E00000074
:10BE6000000046696C6543452E62696E0000000063
:10BE70000046696C6543462E62696E000000000052
:10BE800046696C6543472E62696E000000000046FB
:10BE9000696C6543482E62696E00000000004669C7
:10BEA0006C6543492E62696E000000000046696CB3
:10BEB00065434A2E62696E000000000046696C65A9
:10BEC000434B2E62696E000000000046696C6543BA
:10BED0004C2E62696E000000000046696C65434D9F
:10BEE0002E62696E000000000046696C65434E2EAC
:10BEF00062696E000000000046696C65434F2E6267
:10BF0000696E000000000046696C6543502E62694E
:10BF10006E000000000046696C6543512E62696E38
:10BF2000000000000046696C6543522E62696E0095
:10BF30000000000046696C6543532E62696E000084
:10BF400000000046696C6543542E62696E00000073
:10BF5000000046696C6543552E62696E0000000062
:10BF60000046696C6543562E62696E000000000051
:10BF70000006101600061016D5B5010811B6010806
:10BF80002DB601086FB60108B1B601080600000021
:10BF90004355454141414143454545494949414151
:10BFA0004592924F4F4F5555594F554F9C4F9E9F1D
:10BFB00041494F55A5A5A6A7A8A9AAABACADAEAF60
:10BFC000B0B1B2B3B4414141B8B9BABBBCBDBEBF58
:10BFD000C0C1C2C3C4C54141C8C9CACBCCCDCECFF4
:10BFE000D1D145454549494949D9DADBDCDD49DF4D
:10BFF0004FE14F4F4F4FE6E8E85555555959EEEF91
:10C00000F0F1F2F3F4F5F6F7F8F9FAFBFCFDFEFFB8
:10C0100001030507090E10121416181C1E0000005B
:10C0200001000200040008001000200000000000D1
:10C0300001000400100040000001000200000000A8
:10C04000C700FC00E900E200E400E000E500E700D2
:10C05000EA00EB00E800EF00EE00EC00C400C500D1
:10C06000C900E600C600F400F600F200FB00F9008B
:10C07000FF00D600DC00F800A300D800D700920132
:10C08000E100ED00F300FA00F100D100AA00BA00CF
:10C09000BF00AE00AC00BD00BC00A100AB00BB0007
:10C0A00091259225932502252425C100C200C000B8
:10C0B000A9006325512557255D25A200A50010255F
:10C0C000142534252C251C2500253C25E300C30020
:10C0D0005A25542569256625602550256C25A40020
:10C0E000F000D000CA00CB00C8003101CD00CE0066
:10C0F000CF0018250C2588258425A600CC00802596
:10C10000D300DF00D400D200F500D500B500FE005A
:10C11000DE00DA00DB00D900FD00DD00AF00B40076
:10C12000AD00B1001720BE00B600A700F700B800B0
:10C13000B000A800B700B900B300B200A025A0006D
:10C1400061001A03E0001703F8000703FF00010075
:10C1500078010001300132010601390110014A0164
:10C160002E017901060180014D0043028101820107
:10C1700082018401840186018701870189018A0186
:10C180008B018B018D018E018F0190019101910135
:10C1900093019401F60196019701980198013D02DF
:10C1A0009B019C019D0120029F01A001A001A20111
:10C1B000A201A401A401A601A701A701A901AA0146
:10C1C000AB01AC01AC01AE01AF01AF01B101B201F5
:10C1D000B301B301B501B501B701B801B801BA01A6
:10C1E000BB01BC01BC01BE01F701C001C101C2011C
:10C1F000C301C401C501C401C701C801C701CA0107
:10C20000CB01CA01CD011001DD0101008E01DE016B
:10C210001201F3010300F101F401F401F801280116
:10C22000220212013A020900652C3B023B023D0248
:10C23000662C3F0240024102410246020A015302BB
:10C24000400081018601550289018A0158028F014F
:10C250005A0290015C025D025E025F02930161027C
:10C260006202940164026502660267029701960108
:10C270006A02622C6C026D026E029C0170027102F5
:10C280009D01730274029F0176027702780279029F
:10C290007A027B027C02642C7E027F02A60181026C
:10C2A0008202A9018402850286028702AE0144024D
:10C2B000B101B20145028D028E028F0290029102FD
:10C2C000B7017B030300FD03FE03FF03AC0304007F
:10C2D0008603880389038A03B1031103C2030200A2
:10C2E000A303A303C4030803CC0303008C038E033E
:10C2F0008F03D8031801F2030A00F903F303F403D0
:10C30000F503F603F703F703F903FA03FA0330041E
:10C31000200350041007600422018A043601C1047E
:10C320000E01CF040100C004D004440161052604BD
:10C33000000000007D1D0100632C001E9601A01E60
:10C340005A01001F0806101F0606201F0806301F8E
:10C350000806401F0606511F0700591F521F5B1F8A
:10C36000541F5D1F561F5F1F601F0806701F0E00C1
:10C37000BA1FBB1FC81FC91FCA1FCB1FDA1FDB1F75
:10C38000F81FF91FEA1FEB1FFA1FFB1F801F08068B
:10C39000901F0806A01F0806B01F0400B81FB91F91
:10C3A000B21FBC1FCC1F0100C31FD01F0206E01F1D
:10C3B0000206E51F0100EC1FF21F0100FC1F4E21C9
:10C3C0000100322170211002842101008321D02438
:10C3D0001A05302C2F04602C0201672C0601752CE5
:10C3E0000201802C6401002D260841FF1A03000081
:10C3F0002E006E6600696E69747900616E00545A91
:10C4000000474D54002531315B2D2B302D39412D06
:10C410005A612D7A5D256E002531315B412D5A61BF
:10C420002D7A5D256E004D256875256E2E25687563
:10C43000256E2E256875256E002F256875256E3AA8
:10C44000256875256E3A256875256E004300504FA6
:10C45000534958002C2066756E6374696F6E3A20DC
:10C4600000617373657274696F6E202225732220D8
:10C470006661696C65643A2066696C652022257383
:10C48000222C206C696E65202564257325730A00B3
:10C4900042616C6C6F63207375636365656465648A
:10C4A000002F6275696C642F676E752D746F6F6CE9
:10C4B000732D666F722D73746D33325F31332E338B
:10C4C0002E72656C312E32303234303932362D31A5
:10C4D0003731352F7372632F6E65776C69622F6EFB
:10C4E00065776C69622F6C6962632F7374646C6921
:10C4F000622F6764746F612D6765746865782E6359
:10C50000005245454E54206D616C6C6F632073750D
:10C5100063636565646564002F6275696C642F6789
:10C520006E752D746F6F6C732D666F722D73746DD5
:10C5300033325F31332E332E72656C312E3230320E
:10C5400034303932362D313731352F7372632F6ED7
:10C5500065776C69622F6E65776C69622F6C6962B2
:10C56000632F7374646C69622F6D707265632E63E0
:10C5700000232D302B2000686C4C00656667454613
:10C58000470030313233343536373839414243444D
:10C5900045460030313233343536373839616263DD
:10C5A00064656600412D46612D663839303132337D
:10C5B000343536375D002B2D0030300078580000C0
:10C5C00059F3F8C21F6EA501000000000000F03F03
:10C5D00000000000000000000000000000000080DB
:10C5E000000000000000000006D0CF43EBFD4C3EF1
:10C5F00000000000000000000000004003B8E23F1F
:10C60000000000000000F03F000000000000F83FC4
:10C61000FB21F93FFB2109407CD91240FB21194045
:10C620007A6A1F407CD92240BBFD2540FB2129406E
:10C630003A462C407A6A2F405C4731407CD93240E0
:10C640009C6B3440BBFD3540DB8F3740FB213940CC
:10C650001BB43A403A463C405AD83D407A6A3F4083
:10C660004C7E40405C4741406C1042407CD9424087
:10C670008CA243409C6B4440AC344540BBFD4540DC
:10C68000CBC64640DB8F4740EB584840FB21494032
:10C6900083F9A200444E6E00FC291500D1572700F3
:10C6A000DD34F50062DBC0003C9995004190430009
:10C6B0006351FE00BBDEAB00B761C5003A6E2400DB
:10C6C000D24D42004906E00009EA2E001C92D1003A
:10C6D000EB1DFE0029B11C00E83EA700F5358200E5
:10C6E00044BB2E009CE98400B4267000417E5F00AC
:10C6F000D6913900538339009CF439008B5F840054
:10C7000028F9BD00F81F3B00DEFF97000F980500D9
:10C71000112FEF000A5A8B006D1F6D00CF7E36007F
:10C7200009CB2700464FB7009E663F002DEA5F0009
:10C73000BA277500E5EBC7003D7BF100F73907002C
:10C7400092528A00FB6BEA001FB15F00085D8D000A
:10C75000300356007BFC4600F0AB6B0020BCCF00E2
:10C7600036F49A00E3A91D005E619100081BE60003
:10C7700085996500A0145F008D40680080D8FF0097
:10C7800027734D0006063100CA561500C9A873006C
:10C790007BE260006B8CC00000000080DB0F494032
:10C7A000DB0F49C0DB0F49BFE4CB1640E4CB16C01A
:10C7B0000000000000000080000FC93F000F49404A
:10C7C00000CB9640000FC9400053FB4000CB164100
:10C7D00000ED2F41000F49410031624100537B4180
:10C7E000003A8A4100CB9641005CA34100EDAF4185
:10C7F000007EBC41000FC94100A0D5410031E2419B
:10C8000000C2EE410053FB4100F20342003A0A42EB
:10C810000083104200CB164200141D42005C2342EC
:10C8200000A5294200ED2F4200363642007E3C42F0
:10C8300000C74242000F4942A2000000F900000078
:10C84000830000006E0000004E0000004400000065
:10C850001500000029000000FC0000002700000077
:10C8600057000000D1000000F50000003400000077
:10C87000DD000000C0000000DB00000062000000DE
:10C8800095000000990000003C00000043000000FB
:10C890009000000041000000FE0000005100000078
:10C8A00063000000AB000000DE000000BB000000E1
:10C8B000C500000061000000B70000002400000077
:10C8C0006E0000003A000000420000004D00000031
:10C8D000D2000000E0000000060000004900000057
:10C8E0002E000000EA00000009000000D100000056
:10C8F000920000001C000000FE0000001D0000006F
:10C90000EB0000001C000000B10000002900000046
:10C91000A70000003E000000E800000082000000C8
:10C9200035000000F50000002E000000BB000000F4
:10C930004400000084000000E90000009C000000AA
:10C940007000000026000000B40000005F0000003E
:10C950007E0000004100000039000000910000004E
:10C96000D6000000390000008300000053000000E2
:10C9700039000000F40000009C000000840000006A
:10C980005F0000008B000000BD000000F900000007
:10C99000280000003B0000001F000000F80000001D
:10C9A00097000000FF000000DE000000050000000E
:10C9B000980000000F000000EF0000002F000000B2
:10C9C000110000008B0000005A0000000A00000067
:10C9D0006D0000001F0000006D0000003600000028
:10C9E0007E000000CF00000027000000CB00000008
:10C9F00009000000B70000004F00000046000000E2
:10CA00003F000000660000009E0000005F00000084
:10CA1000EA0000002D000000750000002700000063
:10CA2000BA000000C7000000EB000000E5000000B5
:10CA3000F10000007B0000003D0000000700000046
:10CA400039000000F70000008A00000052000000DA
:10CA500092000000EA0000006B000000FB000000F4
:10CA60005F000000B10000001F0000008D0000000A
:10CA70005D000000080000005600000003000000F8
:10CA80003000000046000000FC0000007B000000B9
:10CA90006B000000AB000000F0000000CF000000C1
:10CAA000BC000000200000009A000000F40000001C
:10CAB000360000001D000000A9000000E300000097
:10CAC00091000000610000005E000000E600000030
:10CAD0001B00000008000000650000009900000035
:10CAE000850000005F00000014000000A0000000AE
:10CAF00068000000400000008D000000FF00000002
:10CB0000D8000000800000004D000000730000000D
:10CB100027000000310000000600000006000000B1
:10CB20001500000056000000CA000000730000005D
:10CB3000A8000000C900000060000000E200000042
:10CB40007B000000C00000008C0000006B000000B3
:10CB50006937AC3168212233B40F14336821A23312
:10CB60003863ED3EDA0F493F5E987B3FDA0FC93FED
:10CB700000000040FB21F93F000000002D44743EFE
:10CB8000000000809846F83C0000006051CC783BE3
:10CB900000000080831BF0390000004020257A3817
:10CBA000000000802282E336000000001DF369359A
:10CBB0000200000003000000040000000600000066
:10CBC0000000C93F0000F0390000DA370000A2334E
:10CBD0000000842E0000502B0000C2270000D0224D
:10CBE0000000C41F0000C61B000044170400000022
:10CBF000070000000900000034000000CEFBFFFF2A
:10CC0000CB03000001000000000000003500000020
:10CC1000CEFBFFFFCB03000001000000000000007E
:10CC2000BC89D897B2D29C3C33A7A8D523F6493902
:10CC30003DA7F444FD0FA5329D978CCF08BA5B2524
:10CC4000436FAC642806681100202020202020209B
:10CC500020202828282828202020202020202020AC
:10CC600020202020202020202088101010101010BC
:10CC70001010101010101010100404040404040408
:10CC800004040410101010101010414141414141A2
:10CC90000101010101010101010101010101010184
:10CCA0000101010110101010101042424242424294
:10CCB0000202020202020202020202020202020254
:10CCC00002020202101010102000000000000000FC
:10CCD0000000000000000000000000000000000054
:10CCE0000000000000000000000000000000000044
:10CCF0000000000000000000000000000000000034
:10CD00000000000000000000000000000000000023
:10CD10000000000000000000000000000000000013
:10CD20000000000000000000000000000000000003
:10CD300000000000000000000000000000000000F3
:10CD400000000000000000000000000000000000E3
:10CD50001F0000003B0000005A00000078000000A7
:10CD600097000000B5000000D4000000F3000000B0
:10CD700011010000300100004E0100001F00000002
:10CD80001C0000001F0000001E0000001F0000002B
:10CD90001E0000001F0000001F0000001E00000019
:10CDA0001F0000001E0000001F0000000500000022
:10CDB000190000007D0000000080E03779C3414386
:10CDC000176E05B5B5B89346F5F93FE9034F384DF1
:10CDD000321D30F94877825A3CBF737FDD4F15759D
:10CDE000000000000000F03F0000000000002440B0
:10CDF00000000000000059400000000000408F408B
:10CE0000000000000088C34000000000006AF840F5
:10CE10000000000080842E4100000000D012634119
:10CE20000000000084D797410000000065CDCD418F
:10CE3000000000205FA00242000000E87648374270
:10CE4000000000A2941A6D42000040E59C30A2420E
:10CE50000000901EC4BCD64200003426F56B0C4383
:10CE60000080E03779C3414300A0D885573476432A
:10CE700000C84E676DC1AB43003D9160E458E1438B
:10CE8000408CB5781DAF154450EFE2D6E41A4B4400
:10CE900092D54D06CFF08044F64AE1C7022DB54445
:10CEA000B49DD9794378EA441F0000001C000000BB
:10CEB0001F0000001E0000001F0000001E000000F8
:10CEC0001F0000001F0000001E0000001F000000E7
:10CED0001E0000001F0000001F0000001D000000D9
:10CEE0001F0000001E0000001F0000001E000000C8
:10CEF0001F0000001F0000001E0000001F000000B7
:08CF00001E0000001F000000EC
:08CF0800C832FD7F01000000AA
:04CF1000B50100085F
:04CF1400910100087F
:10CF18000000000000000000000000000000000009
:10CF280000000000000000000000000000000000F9
:10CF380000000000000000000000000000000000E9
:10CF480000000000000000000000000000000000D9
:10CF580000000000000000000000000000000000C9
:10CF680000000000000000000000000000000000B9
:10CF780000000000000000000000000000000000A9
:10CF88000000000000000000000000000000000099
:10CF98000000000000000000000000000000000089
:10CFA8000000000000000000000000000000000079
:10CFB8000000000000000000000000000000000069
:10CFC8000000000000000000000000000000000059
:10CFD8000000000000000000000000000000000049
:10CFE8000000000000000000000000000000000039
:10CFF8000000000000000000000000000000000029
:10D008000000000000000000000000000000000018
:10D018000000000000000000000000000000000008
:10D0280000000000000000000000000000000000F8
:10D0380000000000000000000000000000000000E8
:10D0480000000000000000000000000000000000D8
:10D0580000000000000000000000000000000000C8
:10D0680000000000000000000000000000000000B8
:10D0780000000000000000000000000000000000A8
:10D088000000000000000000000000000000000098
:10D098000000000000000000000000000000000088
:10D0A8000000000000000000000000000000000078
:10D0B8000000000000000000000000000000000068
:10D0C8000000000000000000000000000000000058
:10D0D8000000000000000000000000000000000048
:10D0E8000000000000000000000000000000000038
:10D0F8000000000000000000000000000000000028
:10D108000000000000000000000000000000000017
:10D118000000000000000000000000000000000007
:10D1280000000000000000000000000000000000F7
:10D1380000000000000000000000000000000000E7
:10D1480000000000781500200024F4000000000012
:10D1580000000000000000000000803F0000803F49
:10D168000000803F000000000000000000000000F8
:10D1780080150020010000004EB03A6C8E81459564
:10D18800C5E26EE40101050101010101010101008F
:10D198000010000005000000050055010100E8032B
:10D1A800201C0000000000002D000000000000000E
:10D1B80098F98E3C1000000001010000AAAAAAAA52
:10D1C80000000000030000002065012001C40208DF
:10D1D80001C4020843000000000000000000000035
:10D1E8000000000000000000000000000000000037
:10D1F80000000000430000000000000000000000E4
:10D208000000000000000000000000000000000016
:10D2180000000000430000000000000000000000C3
:10D2280000000000000000000000000000000000F6
:10D2380000000000430000000000000000000000A3
:10D2480000000000000000000000000000000000D6
:10D258000000000043000000000000000000000083
:10D2680000000000000000000000000000000000B6
:10D278000000000043000000000000000000000063
:10D288000000000000000000000000000000000096
:10D298000000000043000000000000000000000043
:10D2A8000000000000000000000000000000000076
:10D2B800000000006D9B0208E990020800000000D1
:10D2C80048CC0208F0C302088FC402088FC40208C1
:10D2D8008FC402088FC402088FC402088FC40208D2
:10D2E8008FC402088FC402088FC40208FFFFFFFF23
:10D2F800FFFFFFFFFFFFFFFFFFFF0000010041539B
:10D308004349490000000000000000000000000040
:10D318000000000000000000000000000000415371
:10D328004349490000000000000000000000000020
:10D3380000000000000000000000000000000000E5
:10D3480034040020000000002065012088650120C9
:10D35800F06501200000000000000000000000004F
:10D3680000000000000000000000000000000000B5
:10D3780000000000000000000000000000000000A5
:10D388000000000000000000000000000000000095
:10D3980001000000000000004A000000000000003A
:10D3A8000000000000000000000000000000000075
:10D3B8000000000000000000000000000000000065
:10D3C8004A0000000000000000000000000000000B
:10D3D8000000000000000000000000000000000045
:08D3E80000000000000000003D
:10D3F000000000000000000000000000000000002D
:10D40000000000000000000000000000000000001C
:10D41000000000000000000000000000000000000C
:10D4200000000000000000000000000000000000FC
:10D4300000000000000000000000000000000000EC
:10D4400000000000000000000000000000000000DC
:10D4500000000000000000000000000000000000CC
:10D4600000000000000000000000000000000000BC
:10D4700000000000000000000000000000000000AC
:10D48000000000000000000000000000000000009C
:10D49000000000000000000000000000000000008C
:10D4A000000000000000000000000000000000007C
:10D4B000000000000000000000000000000000006C
:10D4C000000000000000000000000000000000005C
:10D4D000000000000000000000000000000000004C
:10D4E000000000000000000000000000000000003C
:10D4F000000000000000000000000000000000002C
:10D50000000000000000000000000000000000001B
:10D51000000000000000000000000000000000000B
:10D5200000000000000000000000000000000000FB
:10D5300000000000000000000000000000000000EB
:10D5400000000000000000000000000000000000DB
:10D5500000000000000000000000000000000000CB
:10D5600000000000000000000000000000000000BB
:10D5700000000000000000000000000000000000AB
:10D58000000000000000000000000000000000009B
:10D59000000000000000000000000000000000008B
:10D5A000000000000000000000000000000000007B
:10D5B000000000000000000000000000000000006B
:10D5C000000000000000000000000000000000005B
:10D5D000000000000000000000000000000000004B
:10D5E000000000000000000000000000000000003B
:10D5F000000000000000000000000000000000002B
:10D60000000000000000000000000000000000001A
:10D61000000000000000000000000000000000000A
:10D6200000000000000000000000000000000000FA
:10D6300000000000000000000000000000000000EA
:10D6400000000000000000000000000000000000DA
:10D6500000000000000000000000000000000000CA
:10D6600000000000000000000000000000000000BA
:10D6700000000000000000000000000000000000AA
:10D68000000000000000000000000000000000009A
:10D69000000000000000000000000000000000008A
:10D6A000000000000000000000000000000000007A
:10D6B000000000000000000000000000000000006A
:10D6C000000000000000000000000000000000005A
:10D6D000000000000000000000000000000000004A
:10D6E000000000000000000000000000000000003A
:10D6F000000000000000000000000000000000002A
:10D700000000000000000000000000000000000019
:10D710000000000000000000000000000000000009
:10D7200000000000000000000000000000000000F9
:10D7300000000000000000000000000000000000E9
:10D7400000000000000000000000000000000000D9
:10D7500000000000000000000000000000000000C9
:10D7600000000000000000000000000000000000B9
:10D7700000000000000000000000000000000000A9
:10D780000000000000000000000000000000000099
:10D790000000000000000000000000000000000089
:10D7A0000000000000000000000000000000000079
:10D7B0000000000000000000000000000000000069
:10D7C0000000000000000000000000000000000059
:10D7D0000000000000000000000000000000000049
:10D7E0000000000000000000000000000000000039
:10D7F0000000000000000000000000000000000029
:10D800000000000000000000000000000000000018
:10D810000000000000000000000000000000000008
:10D8200000000000000000000000000000000000F8
:10D8300000000000000000000000000000000000E8
:10D8400000000000000000000000000000000000D8
:10D8500000000000000000000000000000000000C8
:10D8600000000000000000000000000000000000B8
:10D8700000000000000000000000000000000000A8
:10D880000000000000000000000000000000000098
:10D890000000000000000000000000000000000088
:10D8A0000000000000000000000000000000000078
:10D8B0000000000000000000000000000000000068
:10D8C0000000000000000000000000000000000058
:10D8D0000000000000000000000000000000000048
:10D8E0000000000000000000000000000000000038
:10D8F0000000000000000000000000000000000028
:10D900000000000000000000000000000000000017
:10D910000000000000000000000000000000000007
:10D9200000000000000000000000000000000000F7
:10D9300000000000000000000000000000000000E7
:10D9400000000000000000000000000000000000D7
:10D9500000000000000000000000000000000000C7
:10D9600000000000000000000000000000000000B7
:10D9700000000000000000000000000000000000A7
:10D980000000000000000000000000000000000097
:10D990000000000000000000000000000000000087
:10D9A0000000000000000000000000000000000077
:10D9B0000000000000000000000000000000000067
:10D9C0000000000000000000000000000000000057
:10D9D0000000000000000000000000000000000047
:10D9E0000000000000000000000000000000000037
:10D9F0000000000000000000000000000000000027
:10DA00000000000000000000000000000000000016
:10DA10000000000000000000000000000000000006
:10DA200000000000000000000000000000000000F6
:10DA300000000000000000000000000000000000E6
:10DA400000000000000000000000000000000000D6
:10DA500000000000000000000000000000000000C6
:10DA600000000000000000000000000000000000B6
:10DA700000000000000000000000000000000000A6
:10DA80000000000000000000000000000000000096
:10DA90000000000000000000000000000000000086
:10DAA0000000000000000000000000000000000076
:10DAB0000000000000000000000000000000000066
:10DAC0000000000000000000000000000000000056
:10DAD0000000000000000000000000000000000046
:10DAE0000000000000000000000000000000000036
:10DAF0000000000000000000000000000000000026
:10DB00000000000000000000000000000000000015
:10DB10000000000000000000000000000000000005
:10DB200000000000000000000000000000000000F5
:10DB300000000000000000000000000000000000E5
:10DB400000000000000000000000000000000000D5
:10DB500000000000000000000000000000000000C5
:10DB600000000000000000000000000000000000B5
:10DB700000000000000000000000000000000000A5
:10DB80000000000000000000000000000000000095
:10DB90000000000000000000000000000000000085
:10DBA0000000000000000000000000000000000075
:10DBB0000000000000000000000000000000000065
:10DBC0000000000000000000000000000000000055
:10DBD0000000000000000000000000000000000045
:10DBE0000000000000000000000000000000000035
:10DBF0000000000000000000000000000000000025
:10DC00000000000000000000000000000000000014
:10DC10000000000000000000000000000000000004
:10DC200000000000000000000000000000000000F4
:10DC300000000000000000000000000000000000E4
:10DC400000000000000000000000000000000000D4
:10DC500000000000000000000000000000000000C4
:10DC600000000000000000000000000000000000B4
:10DC700000000000000000000000000000000000A4
:10DC80000000000000000000000000000000000094
:10DC90000000000000000000000000000000000084
:10DCA0000000000000000000000000000000000074
:10DCB0000000000000000000000000000000000064
:10DCC0000000000000000000000000000000000054
:10DCD0000000000000000000000000000000000044
:10DCE0000000000000000000000000000000000034
:10DCF0000000000000000000000000000000000024
:10DD00000000000000000000000000000000000013
:10DD10000000000000000000000000000000000003
:10DD200000000000000000000000000000000000F3
:10DD300000000000000000000000000000000000E3
:10DD400000000000000000000000000000000000D3
:10DD500000000000000000000000000000000000C3
:10DD600000000000000000000000000000000000B3
:10DD700000000000000000000000000000000000A3
:10DD80000000000000000000000000000000000093
:10DD90000000000000000000000000000000000083
:10DDA0000000000000000000000000000000000073
:10DDB0000000000000000000000000000000000063
:10DDC0000000000000000000000000000000000053
:10DDD0000000000000000000000000000000000043
:10DDE0000000000000000000000000000000000033
:10DDF0000000000000000000000000000000000023
:10DE00000000000000000000000000000000000012
:10DE10000000000000000000000000000000000002
:10DE200000000000000000000000000000000000F2
:10DE300000000000000000000000000000000000E2
:10DE400000000000000000000000000000000000D2
:10DE500000000000000000000000000000000000C2
:10DE600000000000000000000000000000000000B2
:10DE700000000000000000000000000000000000A2
:10DE80000000000000000000000000000000000092
:10DE90000000000000000000000000000000000082
:10DEA0000000000000000000000000000000000072
:10DEB0000000000000000000000000000000000062
:10DEC0000000000000000000000000000000000052
:10DED0000000000000000000000000000000000042
:10DEE0000000000000000000000000000000000032
:10DEF0000000000000000000000000000000000022
:10DF00000000000000000000000000000000000011
:10DF10000000000000000000000000000000000001
:10DF200000000000000000000000000000000000F1
:10DF300000000000000000000000000000000000E1
:10DF400000000000000000000000000000000000D1
:10DF500000000000000000000000000000000000C1
:10DF600000000000000000000000000000000000B1
:10DF700000000000000000000000000000000000A1
:10DF80000000000000000000000000000000000091
:10DF90000000000000000000000000000000000081
:10DFA0000000000000000000000000000000000071
:10DFB0000000000000000000000000000000000061
:10DFC0000000000000000000000000000000000051
:10DFD0000000000000000000000000000000000041
:10DFE0000000000000000000000000000000000031
:10DFF0000000000000000000000000000000000021
:10E000000000000000000000000000000000000010
:10E010000000000000000000000000000000000000
:10E0200000000000000000000000000000000000F0
:10E0300000000000000000000000000000000000E0
:10E0400000000000000000000000000000000000D0
:10E0500000000000000000000000000000000000C0
:10E0600000000000000000000000000000000000B0
:10E0700000000000000000000000000000000000A0
:10E080000000000000000000000000000000000090
:10E090000000000000000000000000000000000080
:10E0A0000000000000000000000000000000000070
:10E0B0000000000000000000000000000000000060
:10E0C0000000000000000000000000000000000050
:10E0D0000000000000000000000000000000000040
:10E0E0000000000000000000000000000000000030
:10E0F0000000000000000000000000000000000020
:10E10000000000000000000000000000000000000F
:10E1100000000000000000000000000000000000FF
:10E1200000000000000000000000000000000000EF
:10E1300000000000000000000000000000000000DF
:10E1400000000000000000000000000000000000CF
:10E1500000000000000000000000000000000000BF
:10E1600000000000000000000000000000000000AF
:10E17000000000000000000000000000000000009F
:10E18000000000000000000000000000000000008F
:10E19000000000000000000000000000000000007F
:10E1A000000000000000000000000000000000006F
:10E1B000000000000000000000000000000000005F
:10E1C000000000000000000000000000000000004F
:10E1D000000000000000000000000000000000003F
:10E1E000000000000000000000000000000000002F
:10E1F000000000000000000000000000000000001F
:10E20000000000000000000000000000000000000E
:10E2100000000000000000000000000000000000FE
:10E2200000000000000000000000000000000000EE
:10E2300000000000000000000000000000000000DE
:10E2400000000000000000000000000000000000CE
:10E2500000000000000000000000000000000000BE
:10E2600000000000000000000000000000000000AE
:10E27000000000000000000000000000000000009E
:10E28000000000000000000000000000000000008E
:10E29000000000000000000000000000000000007E
:10E2A000000000000000000000000000000000006E
:10E2B000000000000000000000000000000000005E
:10E2C000000000000000000000000000000000004E
:10E2D000000000000000000000000000000000003E
:10E2E000000000000000000000000000000000002E
:10E2F000000000000000000000000000000000001E
:10E30000000000000000000000000000000000000D
:10E3100000000000000000000000000000000000FD
:10E3200000000000000000000000000000000000ED
:10E3300000000000000000000000000000000000DD
:10E3400000000000000000000000000000000000CD
:10E3500000000000000000000000000000000000BD
:10E3600000000000000000000000000000000000AD
:10E37000000000000000000000000000000000009D
:10E38000000000000000000000000000000000008D
:10E39000000000000000000000000000000000007D
:10E3A000000000000000000000000000000000006D
:10E3B000000000000000000000000000000000005D
:10E3C000000000000000000000000000000000004D
:10E3D000000000000000000000000000000000003D
:10E3E000000000000000000000000000000000002D
:10E3F000000000000000000000000000000000001D
:10E40000000000000000000000000000000000000C
:10E4100000000000000000000000000000000000FC
:10E4200000000000000000000000000000000000EC
:10E4300000000000000000000000000000000000DC
:10E4400000000000000000000000000000000000CC
:10E4500000000000000000000000000000000000BC
:10E4600000000000000000000000000000000000AC
:10E47000000000000000000000000000000000009C
:10E48000000000000000000000000000000000008C
:10E49000000000000000000000000000000000007C
:10E4A000000000000000000000000000000000006C
:10E4B000000000000000000000000000000000005C
:10E4C000000000000000000000000000000000004C
:10E4D000000000000000000000000000000000003C
:10E4E000000000000000000000000000000000002C
:10E4F000000000000000000000000000000000001C
:10E50000000000000000000000000000000000000B
:10E5100000000000000000000000000000000000FB
:10E5200000000000000000000000000000000000EB
:10E5300000000000000000000000000000000000DB
:10E5400000000000000000000000000000000000CB
:10E5500000000000000000000000000000000000BB
:10E5600000000000000000000000000000000000AB
:10E57000000000000000000000000000000000009B
:10E58000000000000000000000000000000000008B
:10E59000000000000000000000000000000000007B
:10E5A000000000000000000000000000000000006B
:10E5B000000000000000000000000000000000005B
:10E5C000000000000000000000000000000000004B
:10E5D000000000000000000000000000000000003B
:10E5E000000000000000000000000000000000002B
:10E5F000000000000000000000000000000000001B
:10E60000000000000000000000000000000000000A
:10E6100000000000000000000000000000000000FA
:10E6200000000000000000000000000000000000EA
:10E6300000000000000000000000000000000000DA
:10E6400000000000000000000000000000000000CA
:10E6500000000000000000000000000000000000BA
:10E6600000000000000000000000000000000000AA
:10E67000000000000000000000000000000000009A
:10E68000000000000000000000000000000000008A
:10E69000000000000000000000000000000000007A
:10E6A000000000000000000000000000000000006A
:10E6B000000000000000000000000000000000005A
:10E6C000000000000000000000000000000000004A
:10E6D000000000000000000000000000000000003A
:10E6E000000000000000000000000000000000002A
:10E6F000000000000000000000000000000000001A
:10E700000000000000000000000000000000000009
:10E7100000000000000000000000000000000000F9
:10E7200000000000000000000000000000000000E9
:10E7300000000000000000000000000000000000D9
:10E7400000000000000000000000000000000000C9
:10E7500000000000000000000000000000000000B9
:10E7600000000000000000000000000000000000A9
:10E770000000000000000000000000000000000099
:10E780000000000000000000000000000000000089
:10E790000000000000000000000000000000000079
:10E7A0000000000000000000000000000000000069
:10E7B0000000000000000000000000000000000059
:10E7C0000000000000000000000000000000000049
:10E7D0000000000000000000000000000000000039
:10E7E0000000000000000000000000000000000029
:10E7F0000000000000000000000000000000000019
:10E800000000000000000000000000000000000008
:10E8100000000000000000000000000000000000F8
:10E8200000000000000000000000000000000000E8
:10E8300000000000000000000000000000000000D8
:10E8400000000000000000000000000000000000C8
:10E8500000000000000000000000000000000000B8
:10E8600000000000000000000000000000000000A8
:10E870000000000000000000000000000000000098
:10E880000000000000000000000000000000000088
:10E890000000000000000000000000000000000078
:10E8A0000000000000000000000000000000000068
:10E8B0000000000000000000000000000000000058
:10E8C0000000000000000000000000000000000048
:10E8D0000000000000000000000000000000000038
:10E8E0000000000000000000000000000000000028
:10E8F0000000000000000000000000000000000018
:10E900000000000000000000000000000000000007
:10E9100000000000000000000000000000000000F7
:10E9200000000000000000000000000000000000E7
:10E9300000000000000000000000000000000000D7
:10E9400000000000000000000000000000000000C7
:10E9500000000000000000000000000000000000B7
:10E9600000000000000000000000000000000000A7
:10E970000000000000000000000000000000000097
:10E980000000000000000000000000000000000087
:10E990000000000000000000000000000000000077
:10E9A0000000000000000000000000000000000067
:10E9B0000000000000000000000000000000000057
:10E9C0000000000000000000000000000000000047
:10E9D0000000000000000000000000000000000037
:10E9E0000000000000000000000000000000000027
:10E9F0000000000000000000000000000000000017
:10EA00000000000000000000000000000000000006
:10EA100000000000000000000000000000000000F6
:10EA200000000000000000000000000000000000E6
:10EA300000000000000000000000000000000000D6
:10EA400000000000000000000000000000000000C6
:10EA500000000000000000000000000000000000B6
:10EA600000000000000000000000000000000000A6
:10EA70000000000000000000000000000000000096
:10EA80000000000000000000000000000000000086
:10EA90000000000000000000000000000000000076
:10EAA0000000000000000000000000000000000066
:10EAB0000000000000000000000000000000000056
:10EAC0000000000000000000000000000000000046
:10EAD0000000000000000000000000000000000036
:10EAE0000000000000000000000000000000000026
:10EAF0000000000000000000000000000000000016
:10EB00000000000000000000000000000000000005
:10EB100000000000000000000000000000000000F5
:10EB200000000000000000000000000000000000E5
:10EB300000000000000000000000000000000000D5
:10EB400000000000000000000000000000000000C5
:10EB500000000000000000000000000000000000B5
:10EB600000000000000000000000000000000000A5
:10EB70000000000000000000000000000000000095
:10EB80000000000000000000000000000000000085
:10EB90000000000000000000000000000000000075
:10EBA0000000000000000000000000000000000065
:10EBB0000000000000000000000000000000000055
:10EBC0000000000000000000000000000000000045
:10EBD0000000000000000000000000000000000035
:10EBE0000000000000000000000000000000000025
:10EBF0000000000000000000000000000000000015
:10EC00000000000000000000000000000000000004
:10EC100000000000000000000000000000000000F4
:10EC200000000000000000000000000000000000E4
:10EC300000000000000000000000000000000000D4
:10EC400000000000000000000000000000000000C4
:10EC500000000000000000000000000000000000B4
:10EC600000000000000000000000000000000000A4
:10EC70000000000000000000000000000000000094
:10EC80000000000000000000000000000000000084
:10EC90000000000000000000000000000000000074
:10ECA0000000000000000000000000000000000064
:10ECB0000000000000000000000000000000000054
:10ECC0000000000000000000000000000000000044
:10ECD0000000000000000000000000000000000034
:10ECE0000000000000000000000000000000000024
:10ECF0000000000000000000000000000000000014
:10ED00000000000000000000000000000000000003
:10ED100000000000000000000000000000000000F3
:10ED200000000000000000000000000000000000E3
:10ED300000000000000000000000000000000000D3
:10ED400000000000000000000000000000000000C3
:10ED500000000000000000000000000000000000B3
:10ED600000000000000000000000000000000000A3
:10ED70000000000000000000000000000000000093
:10ED80000000000000000000000000000000000083
:10ED90000000000000000000000000000000000073
:10EDA0000000000000000000000000000000000063
:10EDB0000000000000000000000000000000000053
:10EDC0000000000000000000000000000000000043
:10EDD0000000000000000000000000000000000033
:10EDE0000000000000000000000000000000000023
:10EDF0000000000000000000000000000000000013
:10EE00000000000000000000000000000000000002
:10EE100000000000000000000000000000000000F2
:10EE200000000000000000000000000000000000E2
:10EE300000000000000000000000000000000000D2
:10EE400000000000000000000000000000000000C2
:10EE500000000000000000000000000000000000B2
:10EE600000000000000000000000000000000000A2
:10EE70000000000000000000000000000000000092
:10EE80000000000000000000000000000000000082
:10EE90000000000000000000000000000000000072
:10EEA0000000000000000000000000000000000062
:10EEB0000000000000000000000000000000000052
:10EEC0000000000000000000000000000000000042
:10EED0000000000000000000000000000000000032
:10EEE0000000000000000000000000000000000022
:10EEF0000000000000000000000000000000000012
:10EF00000000000000000000000000000000000001
:10EF100000000000000000000000000000000000F1
:10EF200000000000000000000000000000000000E1
:10EF300000000000000000000000000000000000D1
:10EF400000000000000000000000000000000000C1
:10EF500000000000000000000000000000000000B1
:10EF600000000000000000000000000000000000A1
:10EF70000000000000000000000000000000000091
:10EF80000000000000000000000000000000000081
:10EF90000000000000000000000000000000000071
:10EFA0000000000000000000000000000000000061
:10EFB0000000000000000000000000000000000051
:10EFC0000000000000000000000000000000000041
:10EFD0000000000000000000000000000000000031
:10EFE0000000000000000000000000000000000021
:10EFF0000000000000000000000000000000000011
:10F000000000000000000000000000000000000000
:10F0100000000000000000000000000000000000F0
:10F0200000000000000000000000000000000000E0
:10F0300000000000000000000000000000000000D0
:10F0400000000000000000000000000000000000C0
:10F0500000000000000000000000000000000000B0
:10F0600000000000000000000000000000000000A0
:10F070000000000000000000000000000000000090
:10F080000000000000000000000000000000000080
:10F090000000000000000000000000000000000070
:10F0A0000000000000000000000000000000000060
:10F0B0000000000000000000000000000000000050
:10F0C0000000000000000000000000000000000040
:10F0D0000000000000000000000000000000000030
:10F0E0000000000000000000000000000000000020
:10F0F0000000000000000000000000000000000010
:10F1000000000000000000000000000000000000FF
:10F1100000000000000000000000000000000000EF
:10F1200000000000000000000000000000000000DF
:10F1300000000000000000000000000000000000CF
:10F1400000000000000000000000000000000000BF
:10F1500000000000000000000000000000000000AF
:10F16000000000000000000000000000000000009F
:10F17000000000000000000000000000000000008F
:10F18000000000000000000000000000000000007F
:10F19000000000000000000000000000000000006F
:10F1A000000000000000000000000000000000005F
:10F1B000000000000000000000000000000000004F
:10F1C000000000000000000000000000000000003F
:10F1D000000000000000000000000000000000002F
:10F1E000000000000000000000000000000000001F
:10F1F000000000000000000000000000000000000F
:10F2000000000000000000000000000000000000FE
:10F2100000000000000000000000000000000000EE
:10F2200000000000000000000000000000000000DE
:10F2300000000000000000000000000000000000CE
:10F2400000000000000000000000000000000000BE
:10F2500000000000000000000000000000000000AE
:10F26000000000000000000000000000000000009E
:10F27000000000000000000000000000000000008E
:10F28000000000000000000000000000000000007E
:10F29000000000000000000000000000000000006E
:10F2A000000000000000000000000000000000005E
:10F2B000000000000000000000000000000000004E
:10F2C000000000000000000000000000000000003E
:10F2D000000000000000000000000000000000002E
:10F2E000000000000000000000000000000000001E
:10F2F000000000000000000000000000000000000E
:10F3000000000000000000000000000000000000FD
:10F3100000000000000000000000000000000000ED
:10F3200000000000000000000000000000000000DD
:10F3300000000000000000000000000000000000CD
:10F3400000000000000000000000000000000000BD
:10F3500000000000000000000000000000000000AD
:10F36000000000000000000000000000000000009D
:10F37000000000000000000000000000000000008D
:10F38000000000000000000000000000000000007D
:10F39000000000000000000000000000000000006D
:10F3A000000000000000000000000000000000005D
:10F3B000000000000000000000000000000000004D
:10F3C000000000000000000000000000000000003D
:10F3D000000000000000000000000000000000002D
:10F3E000000000000000000000000000000000001D
:10F3F000000000000000000000000000000000000D
:10F4000000000000000000000000000000000000FC
:10F4100000000000000000000000000000000000EC
:10F4200000000000000000000000000000000000DC
:10F4300000000000000000000000000000000000CC
:10F4400000000000000000000000000000000000BC
:10F4500000000000000000000000000000000000AC
:10F46000000000000000000000000000000000009C
:10F47000000000000000000000000000000000008C
:10F48000000000000000000000000000000000007C
:10F49000000000000000000000000000000000006C
:10F4A000000000000000000000000000000000005C
:10F4B000000000000000000000000000000000004C
:10F4C000000000000000000000000000000000003C
:10F4D000000000000000000000000000000000002C
:10F4E000000000000000000000000000000000001C
:10F4F000000000000000000000000000000000000C
:10F5000000000000000000000000000000000000FB
:10F5100000000000000000000000000000000000EB
:10F5200000000000000000000000000000000000DB
:10F5300000000000000000000000000000000000CB
:10F5400000000000000000000000000000000000BB
:10F5500000000000000000000000000000000000AB
:10F56000000000000000000000000000000000009B
:10F57000000000000000000000000000000000008B
:10F58000000000000000000000000000000000007B
:10F59000000000000000000000000000000000006B
:10F5A000000000000000000000000000000000005B
:10F5B000000000000000000000000000000000004B
:10F5C000000000000000000000000000000000003B
:10F5D000000000000000000000000000000000002B
:10F5E000000000000000000000000000000000001B
:10F5F000000000000000000000000000000000000B
:10F6000000000000000000000000000000000000FA
:10F6100000000000000000000000000000000000EA
:10F6200000000000000000000000000000000000DA
:10F6300000000000000000000000000000000000CA
:10F6400000000000000000000000000000000000BA
:10F6500000000000000000000000000000000000AA
:10F66000000000000000000000000000000000009A
:10F67000000000000000000000000000000000008A
:10F68000000000000000000000000000000000007A
:10F69000000000000000000000000000000000006A
:10F6A000000000000000000000000000000000005A
:10F6B000000000000000000000000000000000004A
:10F6C000000000000000000000000000000000003A
:10F6D000000000000000000000000000000000002A
:10F6E000000000000000000000000000000000001A
:10F6F000000000000000000000000000000000000A
:10F7000000000000000000000000000000000000F9
:10F7100000000000000000000000000000000000E9
:10F7200000000000000000000000000000000000D9
:10F7300000000000000000000000000000000000C9
:10F7400000000000000000000000000000000000B9
:10F7500000000000000000000000000000000000A9
:10F760000000000000000000000000000000000099
:10F770000000000000000000000000000000000089
:10F780000000000000000000000000000000000079
:10F790000000000000000000000000000000000069
:10F7A0000000000000000000000000000000000059
:10F7B0000000000000000000000000000000000049
:10F7C0000000000000000000000000000000000039
:10F7D0000000000000000000000000000000000029
:10F7E0000000000000000000000000000000000019
:10F7F0000000000000000000000000000000000009
:10F8000000000000000000000000000000000000F8
:10F8100000000000000000000000000000000000E8
:10F8200000000000000000000000000000000000D8
:10F8300000000000000000000000000000000000C8
:10F8400000000000000000000000000000000000B8
:10F8500000000000000000000000000000000000A8
:10F860000000000000000000000000000000000098
:10F870000000000000000000000000000000000088
:10F880000000000000000000000000000000000078
:10F890000000000000000000000000000000000068
:10F8A0000000000000000000000000000000000058
:10F8B0000000000000000000000000000000000048
:10F8C0000000000000000000000000000000000038
:10F8D0000000000000000000000000000000000028
:10F8E0000000000000000000000000000000000018
:10F8F0000000000000000000000000000000000008
:10F9000000000000000000000000000000000000F7
:10F9100000000000000000000000000000000000E7
:10F9200000000000000000000000000000000000D7
:10F9300000000000000000000000000000000000C7
:10F9400000000000000000000000000000000000B7
:10F9500000000000000000000000000000000000A7
:10F960000000000000000000000000000000000097
:10F970000000000000000000000000000000000087
:10F980000000000000000000000000000000000077
:10F990000000000000000000000000000000000067
:10F9A0000000000000000000000000000000000057
:10F9B0000000000000000000000000000000000047
:10F9C0000000000000000000000000000000000037
:10F9D0000000000000000000000000000000000027
:10F9E0000000000000000000000000000000000017
:10F9F0000000000000000000000000000000000007
:10FA000000000000000000000000000000000000F6
:10FA100000000000000000000000000000000000E6
:10FA200000000000000000000000000000000000D6
:10FA300000000000000000000000000000000000C6
:10FA400000000000000000000000000000000000B6
:10FA500000000000000000000000000000000000A6
:10FA60000000000000000000000000000000000096
:10FA70000000000000000000000000000000000086
:10FA80000000000000000000000000000000000076
:10FA90000000000000000000000000000000000066
:10FAA0000000000000000000000000000000000056
:10FAB0000000000000000000000000000000000046
:10FAC0000000000000000000000000000000000036
:10FAD0000000000000000000000000000000000026
:10FAE0000000000000000000000000000000000016
:10FAF0000000000000000000000000000000000006
:10FB000000000000000000000000000000000000F5
:10FB100000000000000000000000000000000000E5
:10FB200000000000000000000000000000000000D5
:10FB300000000000000000000000000000000000C5
:10FB400000000000000000000000000000000000B5
:10FB500000000000000000000000000000000000A5
:10FB60000000000000000000000000000000000095
:10FB70000000000000000000000000000000000085
:10FB80000000000000000000000000000000000075
:10FB90000000000000000000000000000000000065
:10FBA0000000000000000000000000000000000055
:10FBB0000000000000000000000000000000000045
:10FBC0000000000000000000000000000000000035
:10FBD0000000000000000000000000000000000025
:10FBE0000000000000000000000000000000000015
:10FBF0000000000000000000000000000000000005
:10FC000000000000000000000000000000000000F4
:10FC100000000000000000000000000000000000E4
:10FC200000000000000000000000000000000000D4
:10FC300000000000000000000000000000000000C4
:10FC400000000000000000000000000000000000B4
:10FC500000000000000000000000000000000000A4
:10FC60000000000000000000000000000000000094
:10FC70000000000000000000000000000000000084
:10FC80000000000000000000000000000000000074
:10FC90000000000000000000000000000000000064
:10FCA0000000000000000000000000000000000054
:10FCB0000000000000000000000000000000000044
:10FCC0000000000000000000000000000000000034
:10FCD0000000000000000000000000000000000024
:10FCE0000000000000000000000000000000000014
:10FCF0000000000000000000000000000000000004
:10FD000000000000000000000000000000000000F3
:10FD100000000000000000000000000000000000E3
:10FD200000000000000000000000000000000000D3
:10FD300000000000000000000000000000000000C3
:10FD400000000000000000000000000000000000B3
:10FD500000000000000000000000000000000000A3
:10FD60000000000000000000000000000000000093
:10FD70000000000000000000000000000000000083
:10FD80000000000000000000000000000000000073
:10FD90000000000000000000000000000000000063
:10FDA0000000000000000000000000000000000053
:10FDB0000000000000000000000000000000000043
:10FDC0000000000000000000000000000000000033
:10FDD0000000000000000000000000000000000023
:10FDE0000000000000000000000000000000000013
:10FDF0000000000000000000000000000000000003
:10FE000000000000000000000000000000000000F2
:10FE100000000000000000000000000000000000E2
:10FE200000000000000000000000000000000000D2
:10FE300000000000000000000000000000000000C2
:10FE400000000000000000000000000000000000B2
:10FE500000000000000000000000000000000000A2
:10FE60000000000000000000000000000000000092
:10FE70000000000000000000000000000000000082
:10FE80000000000000000000000000000000000072
:10FE90000000000000000000000000000000000062
:10FEA0000000000000000000000000000000000052
:10FEB0000000000000000000000000000000000042
:10FEC0000000000000000000000000000000000032
:10FED0000000000000000000000000000000000022
:10FEE0000000000000000000000000000000000012
:10FEF0000000000000000000000000000000000002
:10FF000000000000000000000000000000000000F1
:10FF100000000000000000000000000000000000E1
:10FF200000000000000000000000000000000000D1
:10FF300000000000000000000000000000000000C1
:10FF400000000000000000000000000000000000B1
:10FF500000000000000000000000000000000000A1
:10FF60000000000000000000000000000000000091
:10FF70000000000000000000000000000000000081
:10FF80000000000000000000000000000000000071
:10FF90000000000000000000000000000000000061
:10FFA0000000000000000000000000000000000051
:10FFB0000000000000000000000000000000000041
:10FFC0000000000000000000000000000000000031
:10FFD0000000000000000000000000000000000021
:10FFE0000000000000000000000000000000000011
:10FFF0000000000000000000000000000000000001
:020000040803EF
:1000000000000000000000000000000000000000F0
:1000100000000000000000000000000000000000E0
:1000200000000000000000000000000000000000D0
:1000300000000000000000000000000000000000C0
:1000400000000000000000000000000000000000B0
:1000500000000000000000000000000000000000A0
:100060000000000000000000000000000000000090
:100070000000000000000000000000000000000080
:100080000000000000000000000000000000000070
:100090000000000000000000000000000000000060
:1000A0000000000000000000000000000000000050
:1000B0000000000000000000000000000000000040
:1000C0000000000000000000000000000000000030
:1000D0000000000000000000000000000000000020
:1000E0000000000000000000000000000000000010
:1000F0000000000000000000000000000000000000
:1001000000000000000000000000000000000000EF
:1001100000000000000000000000000000000000DF
:1001200000000000000000000000000000000000CF
:1001300000000000000000000000000000000000BF
:1001400000000000000000000000000000000000AF
:10015000000000000000000000000000000000009F
:10016000000000000000000000000000000000008F
:10017000000000000000000000000000000000007F
:10018000000000000000000000000000000000006F
:10019000000000000000000000000000000000005F
:1001A000000000000000000000000000000000004F
:1001B000000000000000000000000000000000003F
:1001C000000000000000000000000000000000002F
:1001D000000000000000000000000000000000001F
:1001E000000000000000000000000000000000000F
:1001F00000000000000000000000000000000000FF
:1002000000000000000000000000000000000000EE
:1002100000000000000000000000000000000000DE
:1002200000000000000000000000000000000000CE
:1002300000000000000000000000000000000000BE
:1002400000000000000000000000000000000000AE
:10025000000000000000000000000000000000009E
:10026000000000000000000000000000000000008E
:10027000000000000000000000000000000000007E
:10028000000000000000000000000000000000006E
:10029000000000000000000000000000000000005E
:1002A000000000000000000000000000000000004E
:1002B000000000000000000000000000000000003E
:1002C000000000000000000000000000000000002E
:1002D000000000000000000000000000000000001E
:1002E000000000000000000000000000000000000E
:1002F00000000000000000000000000000000000FE
:1003000000000000000000000000000000000000ED
:1003100000000000000000000000000000000000DD
:1003200000000000000000000000000000000000CD
:1003300000000000000000000000000000000000BD
:1003400000000000000000000000000000000000AD
:10035000000000000000000000000000000000009D
:10036000000000000000000000000000000000008D
:10037000000000000000000000000000000000007D
:10038000000000000000000000000000000000006D
:10039000000000000000000000000000000000005D
:1003A000000000000000000000000000000000004D
:1003B000000000000000000000000000000000003D
:1003C000000000000000000000000000000000002D
:1003D000000000000000000000000000000000001D
:1003E000000000000000000000000000000000000D
:1003F00000000000000000000000000000000000FD
:1004000000000000000000000000000000000000EC
:1004100000000000000000000000000000000000DC
:1004200000000000000000000000000000000000CC
:1004300000000000000000000000000000000000BC
:1004400000000000000000000000000000000000AC
:10045000000000000000000000000000000000009C
:10046000000000000000000000000000000000008C
:10047000000000000000000000000000000000007C
:10048000000000000000000000000000000000006C
:10049000000000000000000000000000000000005C
:1004A000000000000000000000000000000000004C
:1004B000000000000000000000000000000000003C
:1004C000000000000000000000000000000000002C
:1004D000000000000000000000000000000000001C
:1004E000000000000000000000000000000000000C
:1004F00000000000000000000000000000000000FC
:1005000000000000000000000000000000000000EB
:1005100000000000000000000000000000000000DB
:1005200000000000000000000000000000000000CB
:1005300000000000000000000000000000000000BB
:1005400000000000000000000000000000000000AB
:10055000000000000000000000000000000000009B
:10056000000000000000000000000000000000008B
:10057000000000000000000000000000000000007B
:10058000000000000000000000000000000000006B
:10059000000000000000000000000000000000005B
:1005A000000000000000000000000000000000004B
:1005B000000000000000000000000000000000003B
:1005C000000000000000000000000000000000002B
:1005D000000000000000000000000000000000001B
:1005E000000000000000000000000000000000000B
:1005F00000000000000000000000000000000000FB
:1006000000000000000000000000000000000000EA
:1006100000000000000000000000000000000000DA
:1006200000000000000000000000000000000000CA
:1006300000000000000000000000000000000000BA
:1006400000000000000000000000000000000000AA
:10065000000000000000000000000000000000009A
:10066000000000000000000000000000000000008A
:10067000000000000000000000000000000000007A
:10068000000000000000000000000000000000006A
:10069000000000000000000000000000000000005A
:1006A000000000000000000000000000000000004A
:1006B000000000000000000000000000000000003A
:1006C000000000000000000000000000000000002A
:1006D000000000000000000000000000000000001A
:1006E000000000000000000000000000000000000A
:1006F00000000000000000000000000000000000FA
:1007000000000000000000000000000000000000E9
:1007100000000000000000000000000000000000D9
:1007200000000000000000000000000000000000C9
:1007300000000000000000000000000000000000B9
:1007400000000000000000000000000000000000A9
:100750000000000000000000000000000000000099
:100760000000000000000000000000000000000089
:100770000000000000000000000000000000000079
:100780000000000000000000000000000000000069
:100790000000000000000000000000000000000059
:1007A0000000000000000000000000000000000049
:1007B0000000000000000000000000000000000039
:1007C0000000000000000000000000000000000029
:1007D0000000000000000000000000000000000019
:1007E0000000000000000000000000000000000009
:1007F00000000000000000000000000000000000F9
:1008000000000000000000000000000000000000E8
:1008100000000000000000000000000000000000D8
:1008200000000000000000000000000000000000C8
:1008300000000000000000000000000000000000B8
:1008400000000000000000000000000000000000A8
:100850000000000000000000000000000000000098
:100860000000000000000000000000000000000088
:100870000000000000000000000000000000000078
:100880000000000000000000000000000000000068
:100890000000000000000000000000000000000058
:1008A0000000000000000000000000000000000048
:1008B0000000000000000000000000000000000038
:1008C0000000000000000000000000000000000028
:1008D0000000000000000000000000000000000018
:1008E0000000000000000000000000000000000008
:1008F00000000000000000000000000000000000F8
:1009000000000000000000000000000000000000E7
:1009100000000000000000000000000000000000D7
:1009200000000000000000000000000000000000C7
:1009300000000000000000000000000000000000B7
:1009400000000000000000000000000000000000A7
:100950000000000000000000000000000000000097
:100960000000000000000000000000000000000087
:100970000000000000000000000000000000000077
:100980000000000000000000000000000000000067
:100990000000000000000000000000000000000057
:1009A0000000000000000000000000000000000047
:1009B0000000000000000000000000000000000037
:1009C0000000000000000000000000000000000027
:1009D0000000000000000000000000000000000017
:1009E0000000000000000000000000000000000007
:1009F00000000000000000000000000000000000F7
:100A000000000000000000000000000000000000E6
:100A100000000000000000000000000000000000D6
:100A200000000000000000000000000000000000C6
:100A300000000000000000000000000000000000B6
:100A400000000000000000000000000000000000A6
:100A50000000000000000000000000000000000096
:100A60000000000000000000000000000000000086
:100A70000000000000000000000000000000000076
:100A80000000000000000000000000000000000066
:100A90000000000000000000000000000000000056
:100AA0000000000000000000000000000000000046
:100AB0000000000000000000000000000000000036
:100AC0000000000000000000000000000000000026
:100AD0000000000000000000000000000000000016
:100AE0000000000000000000000000000000000006
:100AF00000000000000000000000000000000000F6
:100B000000000000000000000000000000000000E5
:100B100000000000000000000000000000000000D5
:100B200000000000000000000000000000000000C5
:100B300000000000000000000000000000000000B5
:100B400000000000000000000000000000000000A5
:100B50000000000000000000000000000000000095
:100B60000000000000000000000000000000000085
:100B70000000000000000000000000000000000075
:100B80000000000000000000000000000000000065
:100B90000000000000000000000000000000000055
:100BA0000000000000000000000000000000000045
:100BB0000000000000000000000000000000000035
:100BC0000000000000000000000000000000000025
:100BD0000000000000000000000000000000000015
:100BE0000000000000000000000000000000000005
:100BF00000000000000000000000000000000000F5
:100C000000000000000000000000000000000000E4
:100C100000000000000000000000000000000000D4
:100C200000000000000000000000000000000000C4
:100C300000000000000000000000000000000000B4
:100C400000000000000000000000000000000000A4
:100C50000000000000000000000000000000000094
:100C60000000000000000000000000000000000084
:100C70000000000000000000000000000000000074
:100C80000000000000000000000000000000000064
:100C90000000000000000000000000000000000054
:100CA0000000000000000000000000000000000044
:100CB0000000000000000000000000000000000034
:100CC0000000000000000000000000000000000024
:100CD0000000000000000000000000000000000014
:100CE0000000000000000000000000000000000004
:100CF00000000000000000000000000000000000F4
:100D000000000000000000000000000000000000E3
:100D100000000000000000000000000000000000D3
:100D200000000000000000000000000000000000C3
:100D300000000000000000000000000000000000B3
:100D400000000000000000000000000000000000A3
:100D50000000000000000000000000000000000093
:100D60000000000000000000000000000000000083
:100D70000000000000000000000000000000000073
:100D80000000000000000000000000000000000063
:100D90000000000000000000000000000000000053
:100DA0000000000000000000000000000000000043
:100DB0000000000000000000000000000000000033
:100DC0000000000000000000000000000000000023
:100DD0000000000000000000000000000000000013
:100DE0000000000000000000000000000000000003
:100DF00000000000000000000000000000000000F3
:100E000000000000000000000000000000000000E2
:100E100000000000000000000000000000000000D2
:100E200000000000000000000000000000000000C2
:100E300000000000000000000000000000000000B2
:100E400000000000000000000000000000000000A2
:100E50000000000000000000000000000000000092
:100E60000000000000000000000000000000000082
:100E70000000000000000000000000000000000072
:100E80000000000000000000000000000000000062
:100E90000000000000000000000000000000000052
:100EA0000000000000000000000000000000000042
:100EB0000000000000000000000000000000000032
:100EC0000000000000000000000000000000000022
:100ED0000000000000000000000000000000000012
:100EE0000000000000000000000000000000000002
:100EF00000000000000000000000000000000000F2
:100F000000000000000000000000000000000000E1
:100F100000000000000000000000000000000000D1
:100F200000000000000000000000000000000000C1
:100F300000000000000000000000000000000000B1
:100F400000000000000000000000000000000000A1
:100F50000000000000000000000000000000000091
:100F60000000000000000000000000000000000081
:100F70000000000000000000000000000000000071
:100F80000000000000000000000000000000000061
:100F90000000000000000000000000000000000051
:100FA0000000000000000000000000000000000041
:100FB0000000000000000000000000000000000031
:100FC0000000000000000000000000000000000021
:100FD0000000000000000000000000000000000011
:100FE0000000000000000000000000000000000001
:100FF00000000000000000000000000000000000F1
:1010000000000000000000000000000000000000E0
:1010100000000000000000000000000000000000D0
:1010200000000000000000000000000000000000C0
:1010300000000000000000000000000000000000B0
:1010400000000000000000000000000000000000A0
:101050000000000000000000000000000000000090
:101060000000000000000000000000000000000080
:101070000000000000000000000000000000000070
:101080000000000000000000000000000000000060
:101090000000000000000000000000000000000050
:1010A0000000000000000000000000000000000040
:1010B0000000000000000000000000000000000030
:1010C0000000000000000000000000000000000020
:1010D0000000000000000000000000000000000010
:1010E0000000000000000000000000000000000000
:1010F00000000000000000000000000000000000F0
:1011000000000000000000000000000000000000DF
:1011100000000000000000000000000000000000CF
:1011200000000000000000000000000000000000BF
:1011300000000000000000000000000000000000AF
:10114000000000000000000000000000000000009F
:10115000000000000000000000000000000000008F
:10116000000000000000000000000000000000007F
:10117000000000000000000000000000000000006F
:10118000000000000000000000000000000000005F
:10119000000000000000000000000000000000004F
:1011A000000000000000000000000000000000003F
:1011B000000000000000000000000000000000002F
:1011C000000000000000000000000000000000001F
:1011D000000000000000000000000000000000000F
:1011E00000000000000000000000000000000000FF
:1011F00000000000000000000000000000000000EF
:1012000000000000000000000000000000000000DE
:1012100000000000000000000000000000000000CE
:1012200000000000000000000000000000000000BE
:1012300000000000000000000000000000000000AE
:10124000000000000000000000000000000000009E
:10125000000000000000000000000000000000008E
:10126000000000000000000000000000000000007E
:10127000000000000000000000000000000000006E
:10128000000000000000000000000000000000005E
:10129000000000000000000000000000000000004E
:1012A000000000000000000000000000000000003E
:1012B000000000000000000000000000000000002E
:1012C000000000000000000000000000000000001E
:1012D000000000000000000000000000000000000E
:1012E00000000000000000000000000000000000FE
:1012F00000000000000000000000000000000000EE
:1013000000000000000000000000000000000000DD
:1013100000000000000000000000000000000000CD
:1013200000000000000000000000000000000000BD
:1013300000000000000000000000000000000000AD
:10134000000000000000000000000000000000009D
:10135000000000000000000000000000000000008D
:10136000000000000000000000000000000000007D
:10137000000000000000000000000000000000006D
:10138000000000000000000000000000000000005D
:10139000000000000000000000000000000000004D
:1013A000000000000000000000000000000000003D
:1013B000000000000000000000000000000000002D
:1013C000000000000000000000000000000000001D
:1013D000000000000000000000000000000000000D
:1013E00000000000000000000000000000000000FD
:1013F00000000000000000000000000000000000ED
:1014000000000000000000000000000000000000DC
:1014100000000000000000000000000000000000CC
:1014200000000000000000000000000000000000BC
:1014300000000000000000000000000000000000AC
:10144000000000000000000000000000000000009C
:10145000000000000000000000000000000000008C
:10146000000000000000000000000000000000007C
:10147000000000000000000000000000000000006C
:10148000000000000000000000000000000000005C
:10149000000000000000000000000000000000004C
:1014A000000000000000000000000000000000003C
:1014B000000000000000000000000000000000002C
:1014C000000000000000000000000000000000001C
:1014D000000000000000000000000000000000000C
:1014E00000000000000000000000000000000000FC
:1014F00000000000000000000000000000000000EC
:1015000000000000000000000000000000000000DB
:1015100000000000000000000000000000000000CB
:1015200000000000000000000000000000000000BB
:1015300000000000000000000000000000000000AB
:10154000000000000000000000000000000000009B
:10155000000000000000000000000000000000008B
:10156000000000000000000000000000000000007B
:10157000000000000000000000000000000000006B
:10158000000000000000000000000000000000005B
:10159000000000000000000000000000000000004B
:1015A000000000000000000000000000000000003B
:1015B000000000000000000000000000000000002B
:1015C000000000000000000000000000000000001B
:1015D000000000000000000000000000000000000B
:1015E00000000000000000000000000000000000FB
:1015F00000000000000000000000000000000000EB
:1016000000000000000000000000000000000000DA
:1016100000000000000000000000000000000000CA
:1016200000000000000000000000000000000000BA
:1016300000000000000000000000000000000000AA
:10164000000000000000000000000000000000009A
:10165000000000000000000000000000000000008A
:10166000000000000000000000000000000000007A
:10167000000000000000000000000000000000006A
:10168000000000000000000000000000000000005A
:10169000000000000000000000000000000000004A
:1016A000000000000000000000000000000000003A
:1016B000000000000000000000000000000000002A
:1016C000000000000000000000000000000000001A
:1016D000000000000000000000000000000000000A
:1016E00000000000000000000000000000000000FA
:1016F00000000000000000000000000000000000EA
:1017000000000000000000000000000000000000D9
:1017100000000000000000000000000000000000C9
:1017200000000000000000000000000000000000B9
:1017300000000000000000000000000000000000A9
:101740000000000000000000000000000000000099
:101750000000000000000000000000000000000089
:101760000000000000000000000000000000000079
:101770000000000000000000000000000000000069
:101780000000000000000000000000000000000059
:101790000000000000000000000000000000000049
:1017A0000000000000000000000000000000000039
:1017B0000000000000000000000000000000000029
:1017C0000000000000000000000000000000000019
:1017D0000000000000000000000000000000000009
:1017E00000000000000000000000000000000000F9
:1017F00000000000000000000000000000000000E9
:1018000000000000000000000000000000000000D8
:1018100000000000000000000000000000000000C8
:1018200000000000000000000000000000000000B8
:1018300000000000000000000000000000000000A8
:101840000000000000000000000000000000000098
:101850000000000000000000000000000000000088
:101860000000000000000000000000000000000078
:101870000000000000000000000000000000000068
:101880000000000000000000000000000000000058
:101890000000000000000000000000000000000048
:1018A0000000000000000000000000000000000038
:1018B0000000000000000000000000000000000028
:1018C0000000000000000000000000000000000018
:1018D0000000000000000000000000000000000008
:1018E00000000000000000000000000000000000F8
:1018F00000000000000000000000000000000000E8
:1019000000000000000000000000000000000000D7
:1019100000000000000000000000000000000000C7
:1019200000000000000000000000000000000000B7
:1019300000000000000000000000000000000000A7
:101940000000000000000000000000000000000097
:101950000000000000000000000000000000000087
:101960000000000000000000000000000000000077
:101970000000000000000000000000000000000067
:101980000000000000000000000000000000000057
:101990000000000000000000000000000000000047
:1019A0000000000000000000000000000000000037
:1019B0000000000000000000000000000000000027
:1019C0000000000000000000000000000000000017
:1019D0000000000000000000000000000000000007
:1019E00000000000000000000000000000000000F7
:1019F00000000000000000000000000000000000E7
:101A000000000000000000000000000000000000D6
:101A100000000000000000000000000000000000C6
:101A200000000000000000000000000000000000B6
:101A300000000000000000000000000000000000A6
:101A40000000000000000000000000000000000096
:101A50000000000000000000000000000000000086
:101A60000000000000000000000000000000000076
:101A70000000000000000000000000000000000066
:101A80000000000000000000000000000000000056
:101A90000000000000000000000000000000000046
:101AA0000000000000000000000000000000000036
:101AB0000000000000000000000000000000000026
:101AC0000000000000000000000000000000000016
:101AD0000000000000000000000000000000000006
:101AE00000000000000000000000000000000000F6
:101AF00000000000000000000000000000000000E6
:101B000000000000000000000000000000000000D5
:101B100000000000000000000000000000000000C5
:101B200000000000000000000000000000000000B5
:101B300000000000000000000000000000000000A5
:101B40000000000000000000000000000000000095
:101B50000000000000000000000000000000000085
:101B60000000000000000000000000000000000075
:101B70000000000000000000000000000000000065
:101B80000000000000000000000000000000000055
:101B90000000000000000000000000000000000045
:101BA0000000000000000000000000000000000035
:101BB0000000000000000000000000000000000025
:101BC0000000000000000000000000000000000015
:101BD0000000000000000000000000000000000005
:101BE00000000000000000000000000000000000F5
:101BF00000000000000000000000000000000000E5
:101C000000000000000000000000000000000000D4
:101C100000000000000000000000000000000000C4
:101C200000000000000000000000000000000000B4
:101C300000000000000000000000000000000000A4
:101C40000000000000000000000000000000000094
:101C50000000000000000000000000000000000084
:101C60000000000000000000000000000000000074
:101C70000000000000000000000000000000000064
:101C80000000000000000000000000000000000054
:101C90000000000000000000000000000000000044
:101CA0000000000000000000000000000000000034
:101CB0000000000000000000000000000000000024
:101CC0000000000000000000000000000000000014
:101CD0000000000000000000000000000000000004
:101CE00000000000000000000000000000000000F4
:101CF00000000000000000000000000000000000E4
:101D000000000000000000000000000000000000D3
:101D100000000000000000000000000000000000C3
:101D200000000000000000000000000000000000B3
:101D300000000000000000000000000000000000A3
:101D40000000000000000000000000000000000093
:101D50000000000000000000000000000000000083
:101D60000000000000000000000000000000000073
:101D70000000000000000000000000000000000063
:101D80000000000000000000000000000000000053
:101D90000000000000000000000000000000000043
:101DA0000000000000000000000000000000000033
:101DB0000000000000000000000000000000000023
:101DC0000000000000000000000000000000000013
:101DD0000000000000000000000000000000000003
:101DE00000000000000000000000000000000000F3
:101DF00000000000000000000000000000000000E3
:101E000000000000000000000000000000000000D2
:101E100000000000000000000000000000000000C2
:101E200000000000000000000000000000000000B2
:101E300000000000000000000000000000000000A2
:101E40000000000000000000000000000000000092
:101E50000000000000000000000000000000000082
:101E60000000000000000000000000000000000072
:101E70000000000000000000000000000000000062
:101E80000000000000000000000000000000000052
:101E90000000000000000000000000000000000042
:101EA0000000000000000000000000000000000032
:101EB0000000000000000000000000000000000022
:101EC0000000000000000000000000000000000012
:101ED0000000000000000000000000000000000002
:101EE00000000000000000000000000000000000F2
:101EF00000000000000000000000000000000000E2
:101F000000000000000000000000000000000000D1
:101F100000000000000000000000000000000000C1
:101F200000000000000000000000000000000000B1
:101F300000000000000000000000000000000000A1
:101F40000000000000000000000000000000000091
:101F50000000000000000000000000000000000081
:101F60000000000000000000000000000000000071
:101F70000000000000000000000000000000000061
:101F80000000000000000000000000000000000051
:101F90000000000000000000000000000000000041
:101FA0000000000000000000000000000000000031
:101FB0000000000000000000000000000000000021
:101FC0000000000000000000000000000000000011
:101FD0000000000000000000000000000000000001
:101FE00000000000000000000000000000000000F1
:101FF00000000000000000000000000000000000E1
:1020000000000000000000000000000000000000D0
:1020100000000000000000000000000000000000C0
:1020200000000000000000000000000000000000B0
:1020300000000000000000000000000000000000A0
:102040000000000000000000000000000000000090
:102050000000000000000000000000000000000080
:102060000000000000000000000000000000000070
:102070000000000000000000000000000000000060
:102080000000000000000000000000000000000050
:102090000000000000000000000000000000000040
:1020A0000000000000000000000000000000000030
:1020B0000000000000000000000000000000000020
:1020C0000000000000000000000000000000000010
:1020D0000000000000000000000000000000000000
:1020E00000000000000000000000000000000000F0
:1020F00000000000000000000000000000000000E0
:1021000000000000000000000000000000000000CF
:1021100000000000000000000000000000000000BF
:1021200000000000000000000000000000000000AF
:10213000000000000000000000000000000000009F
:10214000000000000000000000000000000000008F
:10215000000000000000000000000000000000007F
:10216000000000000000000000000000000000006F
:10217000000000000000000000000000000000005F
:10218000000000000000000000000000000000004F
:10219000000000000000000000000000000000003F
:1021A000000000000000000000000000000000002F
:1021B000000000000000000000000000000000001F
:1021C000000000000000000000000000000000000F
:1021D00000000000000000000000000000000000FF
:1021E00000000000000000000000000000000000EF
:1021F00000000000000000000000000000000000DF
:1022000000000000000000000000000000000000CE
:1022100000000000000000000000000000000000BE
:1022200000000000000000000000000000000000AE
:10223000000000000000000000000000000000009E
:10224000000000000000000000000000000000008E
:10225000000000000000000000000000000000007E
:10226000000000000000000000000000000000006E
:10227000000000000000000000000000000000005E
:10228000000000000000000000000000000000004E
:10229000000000000000000000000000000000003E
:1022A000000000000000000000000000000000002E
:1022B000000000000000000000000000000000001E
:1022C000000000000000000000000000000000000E
:1022D00000000000000000000000000000000000FE
:1022E00000000000000000000000000000000000EE
:1022F00000000000000000000000000000000000DE
:1023000000000000000000000000000000000000CD
:1023100000000000000000000000000000000000BD
:1023200000000000000000000000000000000000AD
:10233000000000000000000000000000000000009D
:10234000000000000000000000000000000000008D
:10235000000000000000000000000000000000007D
:10236000000000000000000000000000000000006D
:10237000000000000000000000000000000000005D
:10238000000000000000000000000000000000004D
:10239000000000000000000000000000000000003D
:1023A000000000000000000000000000000000002D
:1023B000000000000000000000000000000000001D
:1023C000000000000000000000000000000000000D
:1023D00000000000000000000000000000000000FD
:1023E00000000000000000000000000000000000ED
:1023F00000000000000000000000000000000000DD
:1024000000000000000000000000000000000000CC
:1024100000000000000000000000000000000000BC
:1024200000000000000000000000000000000000AC
:10243000000000000000000000000000000000009C
:10244000000000000000000000000000000000008C
:10245000000000000000000000000000000000007C
:10246000000000000000000000000000000000006C
:10247000000000000000000000000000000000005C
:10248000000000000000000000000000000000004C
:10249000000000000000000000000000000000003C
:1024A000000000000000000000000000000000002C
:1024B000000000000000000000000000000000001C
:1024C000000000000000000000000000000000000C
:1024D00000000000000000000000000000000000FC
:1024E00000000000000000000000000000000000EC
:1024F00000000000000000000000000000000000DC
:1025000000000000000000000000000000000000CB
:1025100000000000000000000000000000000000BB
:1025200000000000000000000000000000000000AB
:10253000000000000000000000000000000000009B
:10254000000000000000000000000000000000008B
:10255000000000000000000000000000000000007B
:10256000000000000000000000000000000000006B
:10257000000000000000000000000000000000005B
:10258000000000000000000000000000000000004B
:10259000000000000000000000000000000000003B
:1025A000000000000000000000000000000000002B
:1025B000000000000000000000000000000000001B
:1025C000000000000000000000000000000000000B
:1025D00000000000000000000000000000000000FB
:1025E00000000000000000000000000000000000EB
:1025F00000000000000000000000000000000000DB
:1026000000000000000000000000000000000000CA
:1026100000000000000000000000000000000000BA
:1026200000000000000000000000000000000000AA
:10263000000000000000000000000000000000009A
:10264000000000000000000000000000000000008A
:10265000000000000000000000000000000000007A
:10266000000000000000000000000000000000006A
:10267000000000000000000000000000000000005A
:10268000000000000000000000000000000000004A
:10269000000000000000000000000000000000003A
:1026A000000000000000000000000000000000002A
:1026B000000000000000000000000000000000001A
:1026C000000000000000000000000000000000000A
:1026D00000000000000000000000000000000000FA
:1026E00000000000000000000000000000000000EA
:1026F00000000000000000000000000000000000DA
:1027000000000000000000000000000000000000C9
:1027100000000000000000000000000000000000B9
:1027200000000000000000000000000000000000A9
:102730000000000000000000000000000000000099
:102740000000000000000000000000000000000089
:102750000000000000000000000000000000000079
:102760000000000000000000000000000000000069
:102770000000000000000000000000000000000059
:102780000000000000000000000000000000000049
:102790000000000000000000000000000000000039
:1027A0000000000000000000000000000000000029
:1027B0000000000000000000000000000000000019
:1027C0000000000000000000000000000000000009
:1027D00000000000000000000000000000000000F9
:1027E00000000000000000000000000000000000E9
:1027F00000000000000000000000000000000000D9
:1028000000000000000000000000000000000000C8
:1028100000000000000000000000000000000000B8
:1028200000000000000000000000000000000000A8
:102830000000000000000000000000000000000098
:102840000000000000000000000000000000000088
:102850000000000000000000000000000000000078
:102860000000000000000000000000000000000068
:102870000000000000000000000000000000000058
:102880000000000000000000000000000000000048
:102890000000000000000000000000000000000038
:1028A0000000000000000000000000000000000028
:1028B0000000000000000000000000000000000018
:1028C0000000000000000000000000000000000008
:1028D00000000000000000000000000000000000F8
:1028E00000000000000000000000000000000000E8
:1028F00000000000000000000000000000000000D8
:1029000000000000000000000000000000000000C7
:1029100000000000000000000000000000000000B7
:1029200000000000000000000000000000000000A7
:102930000000000000000000000000000000000097
:102940000000000000000000000000000000000087
:102950000000000000000000000000000000000077
:102960000000000000000000000000000000000067
:102970000000000000000000000000000000000057
:102980000000000000000000000000000000000047
:102990000000000000000000000000000000000037
:1029A0000000000000000000000000000000000027
:1029B0000000000000000000000000000000000017
:1029C0000000000000000000000000000000000007
:1029D00000000000000000000000000000000000F7
:1029E00000000000000000000000000000000000E7
:1029F00000000000000000000000000000000000D7
:102A000000000000000000000000000000000000C6
:102A100000000000000000000000000000000000B6
:102A200000000000000000000000000000000000A6
:102A30000000000000000000000000000000000096
:102A40000000000000000000000000000000000086
:102A50000000000000000000000000000000000076
:102A60000000000000000000000000000000000066
:102A70000000000000000000000000000000000056
:102A80000000000000000000000000000000000046
:102A90000000000000000000000000000000000036
:102AA0000000000000000000000000000000000026
:102AB0000000000000000000000000000000000016
:102AC0000000000000000000000000000000000006
:102AD00000000000000000000000000000000000F6
:102AE00000000000000000000000000000000000E6
:102AF00000000000000000000000000000000000D6
:102B000000000000000000000000000000000000C5
:102B100000000000000000000000000000000000B5
:102B200000000000000000000000000000000000A5
:102B30000000000000000000000000000000000095
:102B40000000000000000000000000000000000085
:102B50000000000000000000000000000000000075
:102B60000000000000000000000000000000000065
:102B70000000000000000000000000000000000055
:102B80000000000000000000000000000000000045
:102B90000000000000000000000000000000000035
:102BA0000000000000000000000000000000000025
:102BB0000000000000000000000000000000000015
:102BC0000000000000000000000000000000000005
:102BD00000000000000000000000000000000000F5
:102BE00000000000000000000000000000000000E5
:102BF00000000000000000000000000000000000D5
:102C000000000000000000000000000000000000C4
:102C100000000000000000000000000000000000B4
:102C200000000000000000000000000000000000A4
:102C30000000000000000000000000000000000094
:102C40000000000000000000000000000000000084
:0400000508002E4180
:00000001FF
